pair_id,status,analysis_mode,regions_emitted,regions_at_min_size,fp_reference_range,fp_strict_product,claims_syntactic_type,types,largest_region_lines,left_problem,right_problem,left_program,right_program,shared_tokens
N00000,ok,SOURCE_PLUS_WALA_SMT,0,0,False,False,False,,0,p02881,p02880,s002616741.java,s920097579.java,21
N00001,ok,SOURCE_PLUS_WALA_SMT,0,0,False,False,False,,0,p02945,p02922,s666307822.java,s191444616.java,17
N00002,ok,SOURCE_PLUS_WALA_SMT,0,0,False,False,False,,0,p02622,p02640,s656156927.java,s861579039.java,27
N00003,ok,SOURCE_PLUS_WALA_SMT,1,0,False,False,False,,4,p03035,p03043,s637974557.java,s427612013.java,6
N00004,ok,SOURCE_PLUS_WALA_SMT,0,0,False,False,False,,0,p00007,p02256,s999033436.java,s223630015.java,23
N00005,ok,SOURCE_PLUS_WALA_SMT,0,0,False,False,False,,0,p02959,p02947,s699373457.java,s060415760.java,13
N00006,ok,SOURCE_PLUS_WALA_SMT,0,0,False,False,False,,0,p02934,p02922,s189953178.java,s688703663.java,17
N00007,ok,SOURCE_PLUS_WALA_SMT,0,0,False,False,False,,0,p02729,p02724,s505904879.java,s524393840.java,12
N00008,ok,SOURCE_PLUS_WALA_SMT,1,1,False,True,False,POSSIBLE_T4_CANDIDATE,7,p02981,p03292,s291061282.java,s161100510.java,23
N00009,ok,SOURCE_PLUS_WALA_SMT,0,0,False,False,False,,0,p02405,p02403,s259630613.java,s533386453.java,15
N00010,ok,SOURCE_PLUS_WALA_SMT,0,0,False,False,False,,0,p02552,p02612,s548650069.java,s185240656.java,10
N00011,ok,SOURCE_PLUS_WALA_SMT,0,0,False,False,False,,0,p02784,p02767,s769748703.java,s546522139.java,19
N00012,ok,SOURCE_PLUS_WALA_SMT,1,1,False,True,True,T3,71,p03293,p03075,s751275780.java,s367853044.java,21
N00013,ok,SOURCE_PLUS_WALA_SMT,0,0,False,False,False,,0,p02414,p02413,s506083283.java,s855029158.java,17
N00014,ok,SOURCE_PLUS_WALA_SMT,0,0,False,False,False,,0,p03072,p03060,s207787812.java,s520967386.java,23
N00015,ok,SOURCE_PLUS_WALA_SMT,0,0,False,False,False,,0,p02404,p02401,s031541162.java,s541001717.java,14
N00016,ok,SOURCE_PLUS_WALA_SMT,0,0,False,False,False,,0,p02264,p02258,s468184338.java,s036842534.java,17
N00017,ok,SOURCE_PLUS_WALA_SMT,0,0,False,False,False,,0,p02409,p02410,s919637992.java,s660367858.java,17
N00018,ok,SOURCE_PLUS_WALA_SMT,0,0,False,False,False,,0,p02785,p02784,s074263399.java,s432846237.java,15
N00019,ok,SOURCE_PLUS_WALA_SMT,7,2,False,True,False,POSSIBLE_T4_CANDIDATE,47,p03695,p02576,s448428678.java,s958976979.java,16
N00020,ok,SOURCE_PLUS_WALA_SMT,0,0,False,False,False,,0,p03087,p03102,s622188083.java,s615875156.java,26
N00021,ok,SOURCE_PLUS_WALA_SMT,0,0,False,False,False,,0,p02994,p02993,s373269724.java,s957366725.java,13
N00022,ok,SOURCE_PLUS_WALA_SMT,0,0,False,False,False,,0,p03000,p03001,s395894171.java,s760810734.java,24
N00023,ok,SOURCE_PLUS_WALA_SMT,0,0,False,False,False,,0,p03037,p02830,s173017135.java,s873859946.java,22
N00024,ok,SOURCE_PLUS_WALA_SMT,3,1,False,True,False,POSSIBLE_T4_CANDIDATE,8,p02639,p02784,s083658139.java,s094814465.java,17
N00025,ok,SOURCE_PLUS_WALA_SMT,0,0,False,False,False,,0,p02848,p02916,s086406558.java,s359276375.java,11
N00026,ok,SOURCE_PLUS_WALA_SMT,1,1,False,True,False,POSSIBLE_T4_CANDIDATE,11,p02401,p02393,s732078405.java,s575926620.java,17
N00027,ok,SOURCE_PLUS_WALA_SMT,0,0,False,False,False,,0,p02897,p02917,s206443375.java,s569496500.java,13
N00028,ok,SOURCE_PLUS_WALA_SMT,0,0,False,False,False,,0,p02957,p02946,s011192828.java,s809964406.java,15
N00029,ok,SOURCE_PLUS_WALA_SMT,0,0,False,False,False,,0,p02552,p02612,s856740186.java,s602703976.java,17
N00030,ok,SOURCE_PLUS_WALA_SMT,1,1,False,True,False,POSSIBLE_T4_CANDIDATE,17,p03478,p03644,s546348625.java,s735721720.java,23
N00031,ok,SOURCE_PLUS_WALA_SMT,0,0,False,False,False,,0,p02416,p02417,s984339552.java,s407125089.java,16
N00032,ok,SOURCE_PLUS_WALA_SMT,0,0,False,False,False,,0,p03316,p03325,s871286498.java,s284671872.java,14
N00033,ok,SOURCE_PLUS_WALA_SMT,0,0,False,False,False,,0,p03316,p03315,s144792408.java,s417915886.java,22
N00034,ok,SOURCE_PLUS_WALA_SMT,0,0,False,False,False,,0,p03220,p03239,s715444483.java,s540227412.java,27
N00035,ok,SOURCE_PLUS_WALA_SMT,0,0,False,False,False,,0,p03632,p03470,s550079661.java,s875092546.java,17
N00036,ok,SOURCE_PLUS_WALA_SMT,0,0,False,False,False,,0,p02718,p02713,s197373485.java,s678441621.java,12
N00037,ok,SOURCE_PLUS_WALA_SMT,1,0,False,False,False,,5,p02730,p02771,s467135734.java,s332343959.java,29
N00038,ok,SOURCE_PLUS_WALA_SMT,1,0,False,False,False,,3,p03469,p03493,s551819658.java,s351265607.java,15
N00039,ok,SOURCE_PLUS_WALA_SMT,0,0,False,False,False,,0,p02403,p02406,s369298416.java,s280740963.java,14
N00040,ok,SOURCE_PLUS_WALA_SMT,1,1,False,True,False,POSSIBLE_T4_CANDIDATE,17,p02791,p02786,s289535939.java,s752913882.java,17
N00041,ok,SOURCE_PLUS_WALA_SMT,0,0,False,False,False,,0,p02989,p02988,s441239551.java,s982437625.java,24
N00042,ok,SOURCE_PLUS_WALA_SMT,1,1,True,True,False,POSSIBLE_T4_CANDIDATE,19,p03161,p03160,s124067484.java,s465279637.java,23
N00043,ok,SOURCE_PLUS_WALA_SMT,0,0,False,False,False,,0,p03456,p03493,s274671393.java,s077260821.java,28
N00044,ok,SOURCE_PLUS_WALA_SMT,0,0,False,False,False,,0,p02414,p02409,s543370572.java,s092188465.java,15
N00045,ok,SOURCE_PLUS_WALA_SMT,1,0,False,False,False,,2,p02391,p02268,s338651129.java,s037507773.java,22
N00046,ok,SOURCE_PLUS_WALA_SMT,2,0,False,False,False,,2,p02413,p03695,s079627335.java,s847178289.java,18
N00047,ok,SOURCE_PLUS_WALA_SMT,0,0,False,False,False,,0,p02731,p02729,s513579505.java,s930546627.java,11
N00048,ok,SOURCE_PLUS_WALA_SMT,0,0,False,False,False,,0,p02622,p02595,s277574064.java,s329957176.java,27
N00049,ok,SOURCE_PLUS_WALA_SMT,1,1,False,True,False,POSSIBLE_T4_CANDIDATE,21,p03680,p03478,s240260913.java,s488295844.java,9
N00050,ok,SOURCE_PLUS_WALA_SMT,0,0,False,False,False,,0,p02416,p02419,s399098223.java,s307918897.java,11
N00051,ok,SOURCE_PLUS_WALA_SMT,0,0,False,False,False,,0,p03493,p03632,s791726518.java,s439184144.java,27
N00052,ok,SOURCE_PLUS_WALA_SMT,0,0,False,False,False,,0,p02388,p00007,s735003059.java,s891392154.java,15
N00053,ok,SOURCE_PLUS_WALA_SMT,0,0,False,False,False,,0,p02923,p02922,s865696452.java,s807659560.java,23
N00054,ok,SOURCE_PLUS_WALA_SMT,3,1,False,True,False,POSSIBLE_T4_CANDIDATE,39,p02719,p02622,s573993837.java,s952727666.java,20
N00055,ok,SOURCE_PLUS_WALA_SMT,1,1,False,True,False,POSSIBLE_T4_CANDIDATE,45,p02659,p03545,s762747894.java,s904803212.java,11
N00056,ok,SOURCE_PLUS_WALA_SMT,0,0,False,False,False,,0,p03680,p03644,s380444442.java,s287479902.java,15
N00057,ok,SOURCE_PLUS_WALA_SMT,0,0,False,False,False,,0,p03012,p03043,s060170052.java,s107759001.java,15
N00058,ok,SOURCE_PLUS_WALA_SMT,0,0,False,False,False,,0,p03087,p03086,s204312137.java,s384186510.java,27
N00059,ok,SOURCE_PLUS_WALA_SMT,0,0,False,False,False,,0,p04030,p02257,s073623655.java,s408107974.java,17
N00060,ok,SOURCE_PLUS_WALA_SMT,0,0,False,False,False,,0,p03854,p03814,s404827656.java,s045860146.java,28
N00061,ok,SOURCE_PLUS_WALA_SMT,0,0,False,False,False,,0,p03126,p03146,s318378891.java,s377840044.java,16
N00062,ok,SOURCE_PLUS_WALA_SMT,0,0,False,False,False,,0,p02388,p02612,s776468250.java,s109623496.java,17
N00063,ok,SOURCE_PLUS_WALA_SMT,4,3,False,True,True,POSSIBLE_T4_CANDIDATE|T3,11,p02688,p02699,s352632620.java,s063894826.java,17
N00064,ok,SOURCE_PLUS_WALA_SMT,0,0,False,False,False,,0,p04030,p03998,s446594206.java,s595811266.java,23
N00065,ok,SOURCE_PLUS_WALA_SMT,0,0,False,False,False,,0,p02639,p02612,s679013210.java,s381263472.java,23
N00066,ok,SOURCE_PLUS_WALA_SMT,1,0,False,False,False,,5,p02570,p02571,s380885512.java,s706290736.java,27
N00067,ok,SOURCE_PLUS_WALA_SMT,0,0,False,False,False,,0,p02957,p02958,s119113404.java,s038288579.java,17
N00068,ok,SOURCE_PLUS_WALA_SMT,0,0,False,False,False,,0,p03324,p03308,s496865820.java,s714593858.java,26
N00069,ok,SOURCE_PLUS_WALA_SMT,1,1,False,True,False,POSSIBLE_T4_CANDIDATE,22,p02414,p02264,s454364056.java,s626685723.java,13
N00070,ok,SOURCE_PLUS_WALA_SMT,0,0,False,False,False,,0,p02408,p02409,s325266231.java,s135217213.java,16
N00071,ok,SOURCE_PLUS_WALA_SMT,1,0,False,False,False,,3,p03001,p03011,s035089225.java,s561767846.java,15
N00072,ok,SOURCE_PLUS_WALA_SMT,0,0,False,False,False,,0,p02836,p02835,s049294756.java,s557514877.java,16
N00073,ok,SOURCE_PLUS_WALA_SMT,1,1,False,True,False,POSSIBLE_T4_CANDIDATE,47,p02725,p02547,s741328709.java,s476598313.java,18
N00074,ok,SOURCE_PLUS_WALA_SMT,1,1,False,True,True,T3,7,p02711,p02699,s932917657.java,s704602491.java,15
N00075,ok,SOURCE_PLUS_WALA_SMT,0,0,False,False,False,,0,p02392,p02393,s773128282.java,s304508706.java,13
N00076,ok,SOURCE_PLUS_WALA_SMT,0,0,False,False,False,,0,p03072,p03073,s056923702.java,s598802047.java,15
N00077,ok,SOURCE_PLUS_WALA_SMT,0,0,False,False,False,,0,p02753,p02723,s850842437.java,s743080156.java,13
N00078,ok,SOURCE_PLUS_WALA_SMT,0,0,False,False,False,,0,p02415,p02417,s782277292.java,s482023144.java,14
N00079,ok,SOURCE_PLUS_WALA_SMT,0,0,False,False,False,,0,p03075,p03001,s211331951.java,s273792075.java,27
N00080,ok,SOURCE_PLUS_WALA_SMT,0,0,False,False,False,,0,p03371,p03324,s031175728.java,s859118548.java,11
N00081,ok,SOURCE_PLUS_WALA_SMT,0,0,False,False,False,,0,p02785,p02779,s970040686.java,s948250480.java,21
N00082,ok,SOURCE_PLUS_WALA_SMT,1,0,False,False,False,,1,p02812,p02818,s802633995.java,s314534671.java,9
N00083,ok,SOURCE_PLUS_WALA_SMT,0,0,False,False,False,,0,p02993,p02994,s400644463.java,s122109140.java,13
N00084,ok,SOURCE_PLUS_WALA_SMT,0,0,False,False,False,,0,p03106,p03102,s109420265.java,s451067287.java,15
N00085,ok,SOURCE_PLUS_WALA_SMT,0,0,False,False,False,,0,p02812,p02818,s824474736.java,s045327153.java,10
N00086,ok,SOURCE_PLUS_WALA_SMT,1,0,False,False,False,,3,p02613,p02571,s455839495.java,s461391278.java,17
N00087,ok,SOURCE_PLUS_WALA_SMT,1,0,False,False,False,,5,p03126,p03102,s562327845.java,s095348744.java,26
N00088,ok,SOURCE_PLUS_WALA_SMT,0,0,False,False,False,,0,p02259,p02258,s401044612.java,s066337774.java,13
N00089,ok,SOURCE_PLUS_WALA_SMT,0,0,False,False,False,,0,p02390,p00006,s271421024.java,s780843034.java,15
N00090,ok,SOURCE_PLUS_WALA_SMT,0,0,False,False,False,,0,p02772,p02790,s855931155.java,s594047045.java,17
N00091,ok,SOURCE_PLUS_WALA_SMT,2,2,False,True,False,POSSIBLE_T4_CANDIDATE,14,p02403,p02268,s233014542.java,s360475762.java,10
N00092,ok,SOURCE_PLUS_WALA_SMT,0,0,False,False,False,,0,p03072,p03075,s466685748.java,s536529807.java,28
N00093,ok,SOURCE_PLUS_WALA_SMT,0,0,False,False,False,,0,p02411,p02410,s160386131.java,s935637673.java,13
N00094,ok,SOURCE_PLUS_WALA_SMT,2,2,False,True,False,POSSIBLE_T4_CANDIDATE,12,p03160,p00005,s287393973.java,s122663111.java,10
N00095,ok,SOURCE_PLUS_WALA_SMT,0,0,False,False,False,,0,p03041,p03042,s218211838.java,s251920392.java,28
N00096,ok,SOURCE_PLUS_WALA_SMT,0,0,False,False,False,,0,p02389,p00007,s026967785.java,s744403082.java,16
N00097,ok,SOURCE_PLUS_WALA_SMT,0,0,False,False,False,,0,p03469,p02922,s254960540.java,s024167360.java,11
N00098,ok,SOURCE_PLUS_WALA_SMT,2,0,False,False,False,,5,p03281,p03289,s620854251.java,s973326695.java,10
N00099,ok,SOURCE_PLUS_WALA_SMT,0,0,False,False,False,,0,p02688,p02693,s563257729.java,s134342953.java,21
N00100,ok,SOURCE_PLUS_WALA_SMT,0,0,False,False,False,,0,p00003,p00006,s682030516.java,s872899451.java,17
N00101,ok,SOURCE_PLUS_WALA_SMT,0,0,False,False,False,,0,p02791,p02812,s868038098.java,s480064880.java,17
N00102,ok,SOURCE_PLUS_WALA_SMT,0,0,False,False,False,,0,p00011,p00003,s138514331.java,s766970181.java,12
N00103,ok,SOURCE_PLUS_WALA_SMT,1,1,False,True,False,POSSIBLE_T4_CANDIDATE,16,p02719,p02706,s652554409.java,s282743123.java,16
N00104,ok,SOURCE_PLUS_WALA_SMT,0,0,False,False,False,,0,p03289,p03261,s554130232.java,s566354875.java,27
N00105,ok,SOURCE_PLUS_WALA_SMT,0,0,False,False,False,,0,p03261,p03220,s043135116.java,s362533809.java,28
N00106,ok,SOURCE_PLUS_WALA_SMT,0,0,False,False,False,,0,p02659,p02657,s751126015.java,s949735422.java,17
N00107,ok,SOURCE_PLUS_WALA_SMT,5,2,False,True,True,POSSIBLE_T4_CANDIDATE|T3,12,p02553,p04030,s431429342.java,s919950923.java,22
N00108,ok,SOURCE_PLUS_WALA_SMT,0,0,False,False,False,,0,p02790,p02783,s986553642.java,s776989162.java,27
N00109,ok,SOURCE_PLUS_WALA_SMT,0,0,False,False,False,,0,p02981,p02987,s869382501.java,s670427634.java,23
N00110,ok,SOURCE_PLUS_WALA_SMT,0,0,False,False,False,,0,p02405,p02406,s943052417.java,s491933789.java,12
N00111,ok,SOURCE_PLUS_WALA_SMT,1,1,False,True,True,T3,9,p02391,p02392,s868786358.java,s805408265.java,13
N00112,ok,SOURCE_PLUS_WALA_SMT,0,0,False,False,False,,0,p02831,p02832,s961665341.java,s100626730.java,16
N00113,ok,SOURCE_PLUS_WALA_SMT,0,0,False,False,False,,0,p02409,p02394,s336166208.java,s802690802.java,15
N00114,ok,SOURCE_PLUS_WALA_SMT,0,0,False,False,False,,0,p03775,p03720,s934325755.java,s135976440.java,13
N00115,ok,SOURCE_PLUS_WALA_SMT,0,0,False,False,False,,0,p03037,p03043,s467924215.java,s604597230.java,27
N00116,ok,SOURCE_PLUS_WALA_SMT,0,0,False,False,False,,0,p03041,p03059,s880714714.java,s505726009.java,27
N00117,ok,SOURCE_PLUS_WALA_SMT,0,0,False,False,False,,0,p02419,p02418,s045858858.java,s725472980.java,10
N00118,ok,SOURCE_PLUS_WALA_SMT,1,1,False,True,False,POSSIBLE_T4_CANDIDATE,69,p02879,p02777,s767139097.java,s556399651.java,17
N00119,ok,SOURCE_PLUS_WALA_SMT,0,0,False,False,False,,0,p03455,p03493,s927495995.java,s522491756.java,9
N00120,ok,SOURCE_PLUS_WALA_SMT,2,1,False,True,True,T3,62,p03239,p03220,s623235619.java,s030769932.java,23
N00121,ok,SOURCE_PLUS_WALA_SMT,2,2,False,True,False,POSSIBLE_T4_CANDIDATE,9,p02860,p02909,s782707293.java,s909319780.java,11
N00122,ok,SOURCE_PLUS_WALA_SMT,0,0,False,False,False,,0,p03076,p03013,s477412986.java,s677609278.java,15
N00123,ok,SOURCE_PLUS_WALA_SMT,1,1,False,True,False,POSSIBLE_T4_CANDIDATE,7,p03457,p03456,s193852129.java,s127709151.java,22
N00124,ok,SOURCE_PLUS_WALA_SMT,0,0,False,False,False,,0,p02953,p02947,s155890801.java,s988436669.java,20
N00125,ok,SOURCE_PLUS_WALA_SMT,0,0,False,False,False,,0,p02957,p02970,s305078727.java,s155370168.java,28
N00126,ok,SOURCE_PLUS_WALA_SMT,0,0,False,False,False,,0,p03072,p03071,s045738684.java,s329602988.java,16
N00127,ok,SOURCE_PLUS_WALA_SMT,3,1,False,True,True,T3,6,p02819,p03285,s665861096.java,s364817103.java,11
N00128,ok,SOURCE_PLUS_WALA_SMT,0,0,False,False,False,,0,p02754,p02759,s724847095.java,s383538163.java,11
N00129,ok,SOURCE_PLUS_WALA_SMT,0,0,False,False,False,,0,p00002,p04043,s539210905.java,s693970929.java,21
N00130,ok,SOURCE_PLUS_WALA_SMT,0,0,False,False,False,,0,p03281,p03242,s112338708.java,s979607222.java,25
N00131,ok,SOURCE_PLUS_WALA_SMT,0,0,False,False,False,,0,p03106,p03087,s895963155.java,s958768613.java,11
N00132,ok,SOURCE_PLUS_WALA_SMT,0,0,False,False,False,,0,p03360,p03289,s077327263.java,s620240299.java,11
N00133,ok,SOURCE_PLUS_WALA_SMT,0,0,False,False,False,,0,p02778,p02766,s644191185.java,s965619699.java,21
N00134,ok,SOURCE_PLUS_WALA_SMT,0,0,False,False,False,,0,p02922,p02970,s572247036.java,s620223421.java,11
N00135,ok,SOURCE_PLUS_WALA_SMT,0,0,False,False,False,,0,p03000,p03035,s273956480.java,s189198697.java,10
N00136,ok,SOURCE_PLUS_WALA_SMT,2,1,False,True,False,POSSIBLE_T4_CANDIDATE,33,p02706,p02712,s676754636.java,s687686447.java,22
N00137,ok,SOURCE_PLUS_WALA_SMT,1,0,False,False,False,,3,p02971,p02983,s869062866.java,s135532585.java,15
N00138,ok,SOURCE_PLUS_WALA_SMT,0,0,False,False,False,,0,p02899,p02898,s505020239.java,s686830835.java,23
N00139,ok,SOURCE_PLUS_WALA_SMT,0,0,False,False,False,,0,p02778,p02766,s027986769.java,s944079586.java,17
N00140,ok,SOURCE_PLUS_WALA_SMT,0,0,False,False,False,,0,p02699,p02701,s222438237.java,s382727440.java,16
N00141,ok,SOURCE_PLUS_WALA_SMT,0,0,False,False,False,,0,p02994,p03000,s730677619.java,s458587815.java,22
N00142,ok,SOURCE_PLUS_WALA_SMT,0,0,False,False,False,,0,p02400,p02399,s879338430.java,s295379351.java,11
N00143,ok,SOURCE_PLUS_WALA_SMT,1,0,False,False,False,,5,p02414,p02268,s065962788.java,s972241357.java,22
N00144,ok,SOURCE_PLUS_WALA_SMT,3,2,False,True,True,POSSIBLE_T4_CANDIDATE|T3,10,p02831,p02772,s955024782.java,s461400119.java,16
N00145,ok,SOURCE_PLUS_WALA_SMT,0,0,False,False,False,,0,p02773,p02802,s258468992.java,s190815691.java,28
N00146,ok,SOURCE_PLUS_WALA_SMT,0,0,False,False,False,,0,p02921,p02922,s994442366.java,s841050631.java,14
N00147,ok,SOURCE_PLUS_WALA_SMT,0,0,False,False,False,,0,p02412,p02411,s913952588.java,s670333393.java,9
N00148,ok,SOURCE_PLUS_WALA_SMT,0,0,False,False,False,,0,p02687,p02681,s391221156.java,s461085787.java,22
N00149,ok,SOURCE_PLUS_WALA_SMT,0,0,False,False,False,,0,p02898,p02897,s472953206.java,s956262190.java,27
N00150,ok,SOURCE_PLUS_WALA_SMT,0,0,False,False,False,,0,p03043,p03042,s386638378.java,s598108357.java,10
N00151,ok,SOURCE_PLUS_WALA_SMT,1,1,False,True,False,POSSIBLE_T4_CANDIDATE,31,p02916,p02935,s853947828.java,s623542029.java,19
N00152,ok,SOURCE_PLUS_WALA_SMT,1,1,False,True,False,POSSIBLE_T4_CANDIDATE,14,p03494,p03478,s419509903.java,s971774773.java,14
N00153,ok,SOURCE_PLUS_WALA_SMT,1,0,False,False,False,,2,p02818,p02819,s749149160.java,s085907336.java,9
N00154,ok,SOURCE_PLUS_WALA_SMT,4,1,False,True,False,POSSIBLE_T4_CANDIDATE,13,p02582,p04012,s332402790.java,s428153761.java,11
N00155,ok,SOURCE_PLUS_WALA_SMT,1,1,False,True,False,POSSIBLE_T4_CANDIDATE,25,p03086,p03060,s149418092.java,s438812287.java,28
N00156,ok,SOURCE_PLUS_WALA_SMT,2,0,False,False,False,,1,p03106,p03087,s844641987.java,s494647487.java,20
N00157,ok,SOURCE_PLUS_WALA_SMT,0,0,False,False,False,,0,p03455,p03324,s009205987.java,s409990323.java,17
N00158,ok,SOURCE_PLUS_WALA_SMT,1,1,False,True,False,POSSIBLE_T4_CANDIDATE,28,p02971,p03102,s635300736.java,s891362393.java,19
N00159,ok,SOURCE_PLUS_WALA_SMT,0,0,False,False,False,,0,p03107,p03136,s281143461.java,s524006302.java,29
N00160,ok,SOURCE_PLUS_WALA_SMT,0,0,False,False,False,,0,p03043,p03042,s684214871.java,s619442064.java,21
N00161,ok,SOURCE_PLUS_WALA_SMT,0,0,False,False,False,,0,p02613,p02582,s008418854.java,s877968384.java,10
N00162,ok,SOURCE_PLUS_WALA_SMT,0,0,False,False,False,,0,p03011,p03012,s455168616.java,s051056635.java,26
N00163,ok,SOURCE_PLUS_WALA_SMT,0,0,False,False,False,,0,p02767,p02718,s318589220.java,s268982380.java,17
N00164,ok,SOURCE_PLUS_WALA_SMT,0,0,False,False,False,,0,p02639,p02627,s769438864.java,s928512198.java,9
N00165,ok,SOURCE_PLUS_WALA_SMT,0,0,False,False,False,,0,p02401,p02393,s060995341.java,s807729014.java,15
N00166,ok,SOURCE_PLUS_WALA_SMT,0,0,False,False,False,,0,p02887,p02897,s270622973.java,s035477851.java,27
N00167,ok,SOURCE_PLUS_WALA_SMT,0,0,False,False,False,,0,p03281,p03282,s344326435.java,s361348485.java,16
N00168,ok,SOURCE_PLUS_WALA_SMT,0,0,False,False,False,,0,p02256,p02390,s386565059.java,s831656337.java,11
N00169,ok,SOURCE_PLUS_WALA_SMT,2,2,False,True,True,POSSIBLE_T4_CANDIDATE|T3,12,p02713,p02687,s475851659.java,s793675754.java,16
N00170,ok,SOURCE_PLUS_WALA_SMT,1,1,False,True,False,POSSIBLE_T4_CANDIDATE,9,p02982,p03013,s113746520.java,s696716469.java,22
N00171,ok,SOURCE_PLUS_WALA_SMT,1,1,False,True,False,POSSIBLE_T4_CANDIDATE,31,p02995,p03632,s608985517.java,s848967251.java,16
N00172,ok,SOURCE_PLUS_WALA_SMT,0,0,False,False,False,,0,p02848,p02847,s644639492.java,s507221409.java,15
N00173,ok,SOURCE_PLUS_WALA_SMT,0,0,False,False,False,,0,p03316,p03324,s390331237.java,s940758873.java,13
N00174,ok,SOURCE_PLUS_WALA_SMT,0,0,False,False,False,,0,p02983,p02971,s116541269.java,s775166655.java,13
N00175,ok,SOURCE_PLUS_WALA_SMT,1,1,False,True,False,POSSIBLE_T4_CANDIDATE,8,p00003,p02705,s167676087.java,s019005998.java,11
N00176,ok,SOURCE_PLUS_WALA_SMT,0,0,False,False,False,,0,p02945,p02909,s132050837.java,s848518370.java,16
N00177,ok,SOURCE_PLUS_WALA_SMT,0,0,False,False,False,,0,p02898,p02899,s861414269.java,s238445041.java,15
N00178,ok,SOURCE_PLUS_WALA_SMT,0,0,False,False,False,,0,p02705,p02724,s985823752.java,s780219637.java,14
N00179,ok,SOURCE_PLUS_WALA_SMT,0,0,False,False,False,,0,p03239,p03147,s315973001.java,s105383015.java,28
N00180,ok,SOURCE_PLUS_WALA_SMT,2,1,False,True,False,POSSIBLE_T4_CANDIDATE,21,p02260,p02259,s524741959.java,s336324870.java,15
N00181,ok,SOURCE_PLUS_WALA_SMT,1,1,False,True,False,POSSIBLE_T4_CANDIDATE,11,p03720,p04044,s877243493.java,s021216891.java,14
N00182,ok,SOURCE_PLUS_WALA_SMT,0,0,False,False,False,,0,p03073,p03072,s870581815.java,s923293794.java,27
N00183,ok,SOURCE_PLUS_WALA_SMT,0,0,False,False,False,,0,p03814,p03493,s075866057.java,s748602177.java,13
N00184,ok,SOURCE_PLUS_WALA_SMT,0,0,False,False,False,,0,p02994,p02993,s760529505.java,s928048993.java,15
N00185,ok,SOURCE_PLUS_WALA_SMT,0,0,False,False,False,,0,p02408,p02413,s710531644.java,s431027389.java,12
N00186,ok,SOURCE_PLUS_WALA_SMT,0,0,False,False,False,,0,p02399,p02677,s229937159.java,s521762276.java,15
N00187,ok,SOURCE_PLUS_WALA_SMT,1,0,False,False,False,,5,p02981,p03041,s646205292.java,s319198441.java,13
N00188,ok,SOURCE_PLUS_WALA_SMT,0,0,False,False,False,,0,p02951,p02946,s837203323.java,s845095496.java,17
N00189,ok,SOURCE_PLUS_WALA_SMT,2,0,False,False,False,,3,p02778,p02753,s983461399.java,s583642739.java,16
N00190,ok,SOURCE_PLUS_WALA_SMT,1,0,False,False,False,,5,p03308,p03075,s000761991.java,s313168316.java,15
N00191,ok,SOURCE_PLUS_WALA_SMT,1,1,False,True,False,POSSIBLE_T4_CANDIDATE,7,p02881,p02947,s139655796.java,s751707968.java,17
N00192,ok,SOURCE_PLUS_WALA_SMT,0,0,False,False,False,,0,p03416,p03470,s760650863.java,s243885267.java,11
N00193,ok,SOURCE_PLUS_WALA_SMT,0,0,False,False,False,,0,p03545,p03435,s793302255.java,s695867084.java,15
N00194,ok,SOURCE_PLUS_WALA_SMT,0,0,False,False,False,,0,p02411,p02408,s918298540.java,s494187533.java,27
N00195,ok,SOURCE_PLUS_WALA_SMT,0,0,False,False,False,,0,p02390,p02389,s089939739.java,s969279327.java,16
N00196,ok,SOURCE_PLUS_WALA_SMT,0,0,False,False,False,,0,p03075,p03073,s247107666.java,s939113433.java,10
N00197,ok,SOURCE_PLUS_WALA_SMT,0,0,False,False,False,,0,p02658,p02640,s625320832.java,s655331419.java,17
N00198,ok,SOURCE_PLUS_WALA_SMT,0,0,False,False,False,,0,p03680,p03545,s390582055.java,s334908837.java,11
N00199,ok,SOURCE_PLUS_WALA_SMT,0,0,False,False,False,,0,p02754,p02717,s280394208.java,s262077542.java,27
N00200,ok,SOURCE_PLUS_WALA_SMT,0,0,False,False,False,,0,p02381,p02391,s952540632.java,s593559352.java,14
N00201,ok,SOURCE_PLUS_WALA_SMT,0,0,False,False,False,,0,p02393,p02390,s877574722.java,s663573065.java,16
N00202,ok,SOURCE_PLUS_WALA_SMT,0,0,False,False,False,,0,p02819,p02835,s109230557.java,s319931032.java,13
N00203,ok,SOURCE_PLUS_WALA_SMT,0,0,False,False,False,,0,p02410,p02409,s499844318.java,s386724908.java,15
N00204,ok,SOURCE_PLUS_WALA_SMT,0,0,False,False,False,,0,p02417,p02416,s335376110.java,s940109470.java,21
N00205,ok,SOURCE_PLUS_WALA_SMT,0,0,False,False,False,,0,p03059,p03071,s879284400.java,s140261158.java,16
N00206,ok,SOURCE_PLUS_WALA_SMT,0,0,False,False,False,,0,p02766,p02759,s073397202.java,s469940122.java,23
N00207,ok,SOURCE_PLUS_WALA_SMT,0,0,False,False,False,,0,p02399,p02390,s492435536.java,s374899013.java,11
N00208,ok,SOURCE_PLUS_WALA_SMT,0,0,False,False,False,,0,p03261,p03239,s081604778.java,s913708529.java,15
N00209,ok,SOURCE_PLUS_WALA_SMT,0,0,False,False,False,,0,p03060,p03042,s099392055.java,s806550904.java,27
N00210,ok,SOURCE_PLUS_WALA_SMT,0,0,False,False,False,,0,p03042,p03013,s014293380.java,s264943406.java,11
N00211,ok,SOURCE_PLUS_WALA_SMT,2,0,False,False,False,,2,p02779,p02576,s406483097.java,s661617920.java,12
N00212,ok,SOURCE_PLUS_WALA_SMT,0,0,False,False,False,,0,p02829,p02675,s269943567.java,s514214142.java,16
N00213,ok,SOURCE_PLUS_WALA_SMT,0,0,False,False,False,,0,p02389,p02390,s676292063.java,s762401534.java,21
N00214,ok,SOURCE_PLUS_WALA_SMT,0,0,False,False,False,,0,p03478,p03474,s370377072.java,s166807180.java,16
N00215,ok,SOURCE_PLUS_WALA_SMT,3,1,False,True,False,POSSIBLE_T4_CANDIDATE,6,p03239,p03071,s274511415.java,s702645565.java,18
N00216,ok,SOURCE_PLUS_WALA_SMT,0,0,False,False,False,,0,p03360,p03160,s310248315.java,s908757329.java,22
N00217,ok,SOURCE_PLUS_WALA_SMT,2,1,False,True,False,POSSIBLE_T4_CANDIDATE,31,p02570,p02552,s694674279.java,s713145813.java,22
N00218,ok,SOURCE_PLUS_WALA_SMT,0,0,False,False,False,,0,p02951,p02957,s966260288.java,s046026265.java,23
N00219,ok,SOURCE_PLUS_WALA_SMT,1,0,False,False,False,,1,p02848,p02831,s505752256.java,s364584123.java,13
N00220,ok,SOURCE_PLUS_WALA_SMT,0,0,False,False,False,,0,p04044,p00001,s432230849.java,s321299626.java,13
N00221,ok,SOURCE_PLUS_WALA_SMT,0,0,False,False,False,,0,p03416,p03378,s831359494.java,s650996007.java,16
N00222,ok,SOURCE_PLUS_WALA_SMT,1,1,False,True,False,POSSIBLE_T4_CANDIDATE,17,p02629,p02264,s846202102.java,s951834758.java,14
N00223,ok,SOURCE_PLUS_WALA_SMT,0,0,False,False,False,,0,p04030,p04012,s447831727.java,s438509780.java,21
N00224,ok,SOURCE_PLUS_WALA_SMT,0,0,False,False,False,,0,p02718,p02723,s616192161.java,s982794829.java,11
N00225,ok,SOURCE_PLUS_WALA_SMT,0,0,False,False,False,,0,p03456,p03455,s123876044.java,s663818107.java,15
N00226,ok,SOURCE_PLUS_WALA_SMT,0,0,False,False,False,,0,p03835,p03998,s988626060.java,s148817547.java,16
N00227,ok,SOURCE_PLUS_WALA_SMT,2,0,False,False,False,,3,p02946,p02755,s623139494.java,s655051758.java,11
N00228,ok,SOURCE_PLUS_WALA_SMT,0,0,False,False,False,,0,p02263,p02260,s901845159.java,s238061166.java,10
N00229,ok,SOURCE_PLUS_WALA_SMT,0,0,False,False,False,,0,p04043,p04044,s840435329.java,s212497107.java,17
N00230,ok,SOURCE_PLUS_WALA_SMT,0,0,False,False,False,,0,p03632,p03680,s730060673.java,s376325765.java,14
N00231,ok,SOURCE_PLUS_WALA_SMT,0,0,False,False,False,,0,p02595,p02582,s256797159.java,s894730684.java,25
N00232,ok,SOURCE_PLUS_WALA_SMT,0,0,False,False,False,,0,p02418,p02416,s873289590.java,s243158832.java,10
N00233,ok,SOURCE_PLUS_WALA_SMT,0,0,False,False,False,,0,p02700,p02693,s744854463.java,s917756614.java,22
N00234,ok,SOURCE_PLUS_WALA_SMT,0,0,False,False,False,,0,p02832,p02831,s750900891.java,s973895985.java,23
N00235,ok,SOURCE_PLUS_WALA_SMT,0,0,False,False,False,,0,p02946,p02989,s233356348.java,s829701780.java,12
N00236,ok,SOURCE_PLUS_WALA_SMT,0,0,False,False,False,,0,p02421,p02547,s619053627.java,s287491179.java,12
N00237,ok,SOURCE_PLUS_WALA_SMT,0,0,False,False,False,,0,p02909,p02899,s718330349.java,s445298429.java,27
N00238,ok,SOURCE_PLUS_WALA_SMT,0,0,False,False,False,,0,p02389,p02388,s009739754.java,s881186084.java,10
N00239,ok,SOURCE_PLUS_WALA_SMT,0,0,False,False,False,,0,p02705,p02731,s883057208.java,s009070929.java,17
N00240,ok,SOURCE_PLUS_WALA_SMT,0,0,False,False,False,,0,p02403,p02404,s461546335.java,s273219076.java,15
N00241,ok,SOURCE_PLUS_WALA_SMT,0,0,False,False,False,,0,p04012,p04030,s924722788.java,s261945942.java,14
N00242,ok,SOURCE_PLUS_WALA_SMT,1,0,False,False,False,,4,p03469,p03493,s854303322.java,s420796151.java,21
N00243,ok,SOURCE_PLUS_WALA_SMT,2,1,False,True,False,POSSIBLE_T4_CANDIDATE,10,p02848,p02832,s295779389.java,s051840343.java,11
N00244,ok,SOURCE_PLUS_WALA_SMT,0,0,False,False,False,,0,p03469,p03243,s084365114.java,s264974375.java,15
N00245,ok,SOURCE_PLUS_WALA_SMT,0,0,False,False,False,,0,p02916,p02935,s814856186.java,s701146647.java,23
N00246,ok,SOURCE_PLUS_WALA_SMT,0,0,False,False,False,,0,p03316,p03324,s018732079.java,s268697520.java,14
N00247,ok,SOURCE_PLUS_WALA_SMT,1,0,False,False,False,,3,p02731,p02759,s802596501.java,s002584418.java,23
N00248,ok,SOURCE_PLUS_WALA_SMT,2,1,False,True,False,POSSIBLE_T4_CANDIDATE,15,p03107,p03109,s833933473.java,s677999276.java,22
N00249,ok,SOURCE_PLUS_WALA_SMT,0,0,False,False,False,,0,p03455,p03324,s703002102.java,s331529400.java,23
N00250,ok,SOURCE_PLUS_WALA_SMT,3,2,False,True,False,POSSIBLE_T4_CANDIDATE,13,p03042,p02658,s606945580.java,s966333405.java,13
N00251,ok,SOURCE_PLUS_WALA_SMT,1,1,False,True,True,T3,8,p02687,p02681,s493894925.java,s941243651.java,17
N00252,ok,SOURCE_PLUS_WALA_SMT,0,0,False,False,False,,0,p03644,p03854,s552171354.java,s258781758.java,27
N00253,ok,SOURCE_PLUS_WALA_SMT,0,0,False,False,False,,0,p02414,p02413,s426515184.java,s151124864.java,16
N00254,ok,SOURCE_PLUS_WALA_SMT,0,0,False,False,False,,0,p03493,p00002,s869893156.java,s543222570.java,16
N00255,ok,SOURCE_PLUS_WALA_SMT,1,0,False,False,False,,4,p02705,p02657,s238655747.java,s951745653.java,15
N00256,ok,SOURCE_PLUS_WALA_SMT,0,0,False,False,False,,0,p03001,p02989,s391603397.java,s637792956.java,25
N00257,ok,SOURCE_PLUS_WALA_SMT,2,2,False,True,False,POSSIBLE_T4_CANDIDATE,13,p02959,p02957,s190352404.java,s148094615.java,16
N00258,ok,SOURCE_PLUS_WALA_SMT,0,0,False,False,False,,0,p02676,p02681,s683392071.java,s299397682.java,17
N00259,ok,SOURCE_PLUS_WALA_SMT,0,0,False,False,False,,0,p03059,p03071,s591576238.java,s467783117.java,23
N00260,ok,SOURCE_PLUS_WALA_SMT,0,0,False,False,False,,0,p03041,p03292,s252237284.java,s403935541.java,27
N00261,ok,SOURCE_PLUS_WALA_SMT,0,0,False,False,False,,0,p02717,p02731,s269322487.java,s747209820.java,11
N00262,ok,SOURCE_PLUS_WALA_SMT,1,1,False,True,False,POSSIBLE_T4_CANDIDATE,21,p03456,p03680,s485662454.java,s101702615.java,11
N00263,ok,SOURCE_PLUS_WALA_SMT,0,0,False,False,False,,0,p03086,p03106,s677576568.java,s173801692.java,27
N00264,ok,SOURCE_PLUS_WALA_SMT,1,0,False,False,False,,2,p02982,p02898,s787255943.java,s805081726.java,19
N00265,ok,SOURCE_PLUS_WALA_SMT,0,0,False,False,False,,0,p02264,p02381,s638914163.java,s125907973.java,18
N00266,ok,SOURCE_PLUS_WALA_SMT,0,0,False,False,False,,0,p00001,p04043,s021679252.java,s627106227.java,15
N00267,ok,SOURCE_PLUS_WALA_SMT,1,1,False,True,False,POSSIBLE_T4_CANDIDATE,6,p02802,p02835,s770170179.java,s782634949.java,12
N00268,ok,SOURCE_PLUS_WALA_SMT,1,1,False,True,False,POSSIBLE_T4_CANDIDATE,6,p02835,p02831,s368282765.java,s903143322.java,10
N00269,ok,SOURCE_PLUS_WALA_SMT,1,0,False,False,False,,4,p02759,p02724,s816444263.java,s866961115.java,11
N00270,ok,SOURCE_PLUS_WALA_SMT,0,0,False,False,False,,0,p02922,p02959,s786937571.java,s324086082.java,15
N00271,ok,SOURCE_PLUS_WALA_SMT,0,0,False,False,False,,0,p02417,p02418,s904226486.java,s212161351.java,15
N00272,ok,SOURCE_PLUS_WALA_SMT,0,0,False,False,False,,0,p03835,p03814,s869846601.java,s818671714.java,13
N00273,ok,SOURCE_PLUS_WALA_SMT,1,1,False,True,False,POSSIBLE_T4_CANDIDATE,17,p03146,p03076,s134551911.java,s175399547.java,11
N00274,ok,SOURCE_PLUS_WALA_SMT,0,0,False,False,False,,0,p02578,p02571,s250721580.java,s998149750.java,17
N00275,ok,SOURCE_PLUS_WALA_SMT,0,0,False,False,False,,0,p02759,p02731,s017369444.java,s918603927.java,16
N00276,ok,SOURCE_PLUS_WALA_SMT,0,0,False,False,False,,0,p03308,p03292,s298629116.java,s821310495.java,12
N00277,ok,SOURCE_PLUS_WALA_SMT,1,1,False,True,False,POSSIBLE_T4_CANDIDATE,17,p03012,p03013,s542750645.java,s488457812.java,26
N00278,ok,SOURCE_PLUS_WALA_SMT,0,0,False,False,False,,0,p03076,p03073,s945958545.java,s886234963.java,15
N00279,ok,SOURCE_PLUS_WALA_SMT,0,0,False,False,False,,0,p03285,p03281,s480654395.java,s876631167.java,22
N00280,ok,SOURCE_PLUS_WALA_SMT,0,0,False,False,False,,0,p02381,p02258,s332919765.java,s589043019.java,23
N00281,ok,SOURCE_PLUS_WALA_SMT,0,0,False,False,False,,0,p02699,p02700,s477872038.java,s133900272.java,15
N00282,ok,SOURCE_PLUS_WALA_SMT,0,0,False,False,False,,0,p02897,p02898,s889710649.java,s074226272.java,15
N00283,ok,SOURCE_PLUS_WALA_SMT,0,0,False,False,False,,0,p03378,p03325,s233577511.java,s441677360.java,22
N00284,ok,SOURCE_PLUS_WALA_SMT,0,0,False,False,False,,0,p02724,p02723,s415873580.java,s643299268.java,9
N00285,ok,SOURCE_PLUS_WALA_SMT,1,1,False,True,False,POSSIBLE_T4_CANDIDATE,18,p03146,p03136,s980989047.java,s729183322.java,16
N00286,ok,SOURCE_PLUS_WALA_SMT,0,0,False,False,False,,0,p02989,p03109,s183504039.java,s759247351.java,10
N00287,ok,SOURCE_PLUS_WALA_SMT,0,0,False,False,False,,0,p03087,p03086,s792125069.java,s952416762.java,16
N00288,ok,SOURCE_PLUS_WALA_SMT,0,0,False,False,False,,0,p03416,p03370,s322811580.java,s360397175.java,27
N00289,ok,SOURCE_PLUS_WALA_SMT,0,0,False,False,False,,0,p02812,p02818,s114674167.java,s075314693.java,16
N00290,ok,SOURCE_PLUS_WALA_SMT,1,1,False,True,False,POSSIBLE_T4_CANDIDATE,8,p03448,p03378,s477758013.java,s330004766.java,22
N00291,ok,SOURCE_PLUS_WALA_SMT,0,0,False,False,False,,0,p02829,p02847,s023974100.java,s479477553.java,15
N00292,ok,SOURCE_PLUS_WALA_SMT,0,0,False,False,False,,0,p02547,p02420,s030497010.java,s416091256.java,13
N00293,ok,SOURCE_PLUS_WALA_SMT,0,0,False,False,False,,0,p02411,p02412,s663243533.java,s304387027.java,15
N00294,ok,SOURCE_PLUS_WALA_SMT,0,0,False,False,False,,0,p03680,p03775,s661460980.java,s056172002.java,27
N00295,ok,SOURCE_PLUS_WALA_SMT,0,0,False,False,False,,0,p02887,p02886,s846998328.java,s552388895.java,17
N00296,ok,SOURCE_PLUS_WALA_SMT,0,0,False,False,False,,0,p02835,p02831,s807833649.java,s630137635.java,27
N00297,ok,SOURCE_PLUS_WALA_SMT,0,0,False,False,False,,0,p03075,p03107,s647758200.java,s777057413.java,27
N00298,ok,SOURCE_PLUS_WALA_SMT,0,0,False,False,False,,0,p02612,p02552,s058637963.java,s298836668.java,23
N00299,ok,SOURCE_PLUS_WALA_SMT,0,0,False,False,False,,0,p03371,p03360,s449569127.java,s268353742.java,12
N00300,ok,SOURCE_PLUS_WALA_SMT,2,1,False,True,False,POSSIBLE_T4_CANDIDATE,22,p03281,p03073,s304965969.java,s877200919.java,14
N00301,ok,SOURCE_PLUS_WALA_SMT,0,0,False,False,False,,0,p03261,p03242,s139801596.java,s419800729.java,23
N00302,ok,SOURCE_PLUS_WALA_SMT,0,0,False,False,False,,0,p02263,p02259,s149624196.java,s265234544.java,13
N00303,ok,SOURCE_PLUS_WALA_SMT,0,0,False,False,False,,0,p03494,p03680,s978512490.java,s606465211.java,28
N00304,ok,SOURCE_PLUS_WALA_SMT,0,0,False,False,False,,0,p02818,p02791,s145862167.java,s782661255.java,17
N00305,ok,SOURCE_PLUS_WALA_SMT,1,1,False,True,True,T3,6,p02627,p02640,s376845291.java,s701820845.java,12
N00306,ok,SOURCE_PLUS_WALA_SMT,0,0,False,False,False,,0,p00006,p03493,s563850635.java,s579104274.java,15
N00307,ok,SOURCE_PLUS_WALA_SMT,0,0,False,False,False,,0,p02860,p02848,s328679431.java,s802187488.java,23
N00308,ok,SOURCE_PLUS_WALA_SMT,0,0,False,False,False,,0,p03071,p03136,s856275743.java,s536906654.java,15
N00309,ok,SOURCE_PLUS_WALA_SMT,0,0,False,False,False,,0,p02258,p00005,s277145261.java,s004070500.java,11
N00310,ok,SOURCE_PLUS_WALA_SMT,0,0,False,False,False,,0,p02582,p02576,s700415964.java,s582107194.java,11
N00311,ok,SOURCE_PLUS_WALA_SMT,0,0,False,False,False,,0,p03352,p03325,s846904581.java,s966157636.java,17
N00312,ok,SOURCE_PLUS_WALA_SMT,0,0,False,False,False,,0,p02389,p02399,s017881228.java,s174669046.java,17
N00313,ok,SOURCE_PLUS_WALA_SMT,0,0,False,False,False,,0,p02258,p02391,s085149420.java,s883526396.java,15
N00314,ok,SOURCE_PLUS_WALA_SMT,0,0,False,False,False,,0,p02711,p02712,s441392980.java,s314368020.java,23
N00315,ok,SOURCE_PLUS_WALA_SMT,0,0,False,False,False,,0,p04030,p03435,s924301124.java,s532124674.java,11
N00316,ok,SOURCE_PLUS_WALA_SMT,0,0,False,False,False,,0,p02411,p02410,s554037547.java,s406503611.java,21
N00317,ok,SOURCE_PLUS_WALA_SMT,5,1,False,True,False,POSSIBLE_T4_CANDIDATE,14,p02898,p03012,s681280287.java,s797175334.java,17
N00318,ok,SOURCE_PLUS_WALA_SMT,0,0,False,False,False,,0,p02404,p02403,s522479950.java,s701581292.java,22
N00319,ok,SOURCE_PLUS_WALA_SMT,0,0,False,False,False,,0,p03289,p03281,s829257825.java,s495060117.java,9
N00320,ok,SOURCE_PLUS_WALA_SMT,0,0,False,False,False,,0,p02754,p02771,s771406508.java,s356529760.java,23
N00321,ok,SOURCE_PLUS_WALA_SMT,0,0,False,False,False,,0,p02711,p02701,s143855354.java,s799795787.java,16
N00322,ok,SOURCE_PLUS_WALA_SMT,0,0,False,False,False,,0,p03371,p03370,s249644319.java,s686805640.java,15
N00323,ok,SOURCE_PLUS_WALA_SMT,0,0,False,False,False,,0,p02958,p02983,s490300210.java,s302144759.java,13
N00324,ok,SOURCE_PLUS_WALA_SMT,0,0,False,False,False,,0,p00002,p04030,s158102056.java,s243730355.java,11
N00325,ok,SOURCE_PLUS_WALA_SMT,0,0,False,False,False,,0,p02706,p02707,s463845052.java,s252184374.java,16
N00326,ok,SOURCE_PLUS_WALA_SMT,0,0,False,False,False,,0,p02393,p02381,s370550209.java,s320300711.java,16
N00327,ok,SOURCE_PLUS_WALA_SMT,0,0,False,False,False,,0,p02381,p02401,s193794151.java,s871867109.java,17
N00328,ok,SOURCE_PLUS_WALA_SMT,1,1,False,True,False,POSSIBLE_T4_CANDIDATE,27,p03835,p03457,s862509023.java,s165099581.java,17
N00329,ok,SOURCE_PLUS_WALA_SMT,0,0,False,False,False,,0,p03448,p03471,s836107074.java,s470478046.java,10
N00330,ok,SOURCE_PLUS_WALA_SMT,0,0,False,False,False,,0,p03308,p03316,s961330066.java,s111528209.java,13
N00331,ok,SOURCE_PLUS_WALA_SMT,0,0,False,False,False,,0,p03695,p03854,s966206087.java,s574472751.java,22
N00332,ok,SOURCE_PLUS_WALA_SMT,1,1,False,True,True,T3,7,p02952,p02970,s100917824.java,s127348555.java,28
N00333,ok,SOURCE_PLUS_WALA_SMT,0,0,False,False,False,,0,p02719,p02723,s657316560.java,s235818237.java,23
N00334,ok,SOURCE_PLUS_WALA_SMT,0,0,False,False,False,,0,p00007,p00006,s539056563.java,s716803558.java,11
N00335,ok,SOURCE_PLUS_WALA_SMT,2,1,False,True,False,POSSIBLE_T4_CANDIDATE,26,p02657,p02612,s501249201.java,s487655791.java,23
N00336,ok,SOURCE_PLUS_WALA_SMT,0,0,False,False,False,,0,p03814,p03775,s304150940.java,s998083192.java,25
N00337,ok,SOURCE_PLUS_WALA_SMT,0,0,False,False,False,,0,p02694,p02699,s437470307.java,s245081908.java,11
N00338,ok,SOURCE_PLUS_WALA_SMT,0,0,False,False,False,,0,p02712,p02711,s024647933.java,s954317985.java,12
N00339,ok,SOURCE_PLUS_WALA_SMT,0,0,False,False,False,,0,p02909,p02922,s505745905.java,s037809441.java,23
N00340,ok,SOURCE_PLUS_WALA_SMT,0,0,False,False,False,,0,p02953,p02982,s871288758.java,s562507324.java,17
N00341,ok,SOURCE_PLUS_WALA_SMT,0,0,False,False,False,,0,p03324,p03455,s686027786.java,s363548588.java,23
N00342,ok,SOURCE_PLUS_WALA_SMT,1,0,False,False,False,,2,p02713,p02718,s363095410.java,s632215041.java,21
N00343,ok,SOURCE_PLUS_WALA_SMT,0,0,False,False,False,,0,p02412,p02411,s056187349.java,s948589089.java,14
N00344,ok,SOURCE_PLUS_WALA_SMT,0,0,False,False,False,,0,p02552,p02657,s899808862.java,s204983100.java,23
N00345,ok,SOURCE_PLUS_WALA_SMT,0,0,False,False,False,,0,p02959,p02982,s711094073.java,s636627818.java,14
N00346,ok,SOURCE_PLUS_WALA_SMT,1,0,False,False,False,,2,p02783,p02801,s127602191.java,s694008050.java,16
N00347,ok,SOURCE_PLUS_WALA_SMT,0,0,False,False,False,,0,p02407,p02406,s968996275.java,s628445510.java,10
N00348,ok,SOURCE_PLUS_WALA_SMT,0,0,False,False,False,,0,p02719,p02717,s152764776.java,s251797589.java,11
N00349,ok,SOURCE_PLUS_WALA_SMT,0,0,False,False,False,,0,p03146,p03239,s959934597.java,s069246599.java,9
N00350,ok,SOURCE_PLUS_WALA_SMT,0,0,False,False,False,,0,p02953,p02952,s513873979.java,s497364966.java,15
N00351,ok,SOURCE_PLUS_WALA_SMT,0,0,False,False,False,,0,p03087,p03102,s938163736.java,s318734412.java,15
N00352,ok,SOURCE_PLUS_WALA_SMT,0,0,False,False,False,,0,p02547,p02421,s431734052.java,s977587085.java,14
N00353,ok,SOURCE_PLUS_WALA_SMT,0,0,False,False,False,,0,p02578,p02582,s125763145.java,s006107594.java,27
N00354,ok,SOURCE_PLUS_WALA_SMT,0,0,False,False,False,,0,p00011,p00005,s207884015.java,s455532260.java,11
N00355,ok,SOURCE_PLUS_WALA_SMT,0,0,False,False,False,,0,p02628,p02677,s134882094.java,s427743766.java,15
N00356,ok,SOURCE_PLUS_WALA_SMT,1,1,False,True,False,POSSIBLE_T4_CANDIDATE,32,p02260,p02268,s032107815.java,s825973220.java,14
N00357,ok,SOURCE_PLUS_WALA_SMT,0,0,False,False,False,,0,p02687,p02676,s282862816.java,s304179867.java,27
N00358,ok,SOURCE_PLUS_WALA_SMT,0,0,False,False,False,,0,p02778,p02783,s795209177.java,s008073439.java,21
N00359,ok,SOURCE_PLUS_WALA_SMT,0,0,False,False,False,,0,p02577,p02578,s793631616.java,s444633568.java,15
N00360,ok,SOURCE_PLUS_WALA_SMT,0,0,False,False,False,,0,p02681,p02676,s826614247.java,s896822659.java,17
N00361,ok,SOURCE_PLUS_WALA_SMT,1,1,False,True,False,POSSIBLE_T4_CANDIDATE,21,p02699,p02766,s596396737.java,s224396192.java,15
N00362,ok,SOURCE_PLUS_WALA_SMT,0,0,False,False,False,,0,p02659,p02621,s802427881.java,s716787428.java,13
N00363,ok,SOURCE_PLUS_WALA_SMT,1,1,False,True,False,POSSIBLE_T4_CANDIDATE,8,p02405,p02259,s488059312.java,s320266744.java,21
N00364,ok,SOURCE_PLUS_WALA_SMT,1,1,False,True,True,T3,6,p02970,p02981,s660415365.java,s548854178.java,14
N00365,ok,SOURCE_PLUS_WALA_SMT,0,0,False,False,False,,0,p03086,p03076,s083815106.java,s654620927.java,27
N00366,ok,SOURCE_PLUS_WALA_SMT,0,0,False,False,False,,0,p03434,p03448,s958085178.java,s101662455.java,28
N00367,ok,SOURCE_PLUS_WALA_SMT,0,0,False,False,False,,0,p03109,p03282,s330566009.java,s555442716.java,11
N00368,ok,SOURCE_PLUS_WALA_SMT,0,0,False,False,False,,0,p03352,p03360,s891676050.java,s289837198.java,12
N00369,ok,SOURCE_PLUS_WALA_SMT,0,0,False,False,False,,0,p02773,p02755,s531433786.java,s436082943.java,17
N00370,ok,SOURCE_PLUS_WALA_SMT,0,0,False,False,False,,0,p03720,p03680,s801034896.java,s945784706.java,27
N00371,ok,SOURCE_PLUS_WALA_SMT,0,0,False,False,False,,0,p03478,p03632,s108056881.java,s168589788.java,15
N00372,ok,SOURCE_PLUS_WALA_SMT,3,3,False,True,False,POSSIBLE_T4_CANDIDATE,30,p02947,p02700,s789496276.java,s115056171.java,19
N00373,ok,SOURCE_PLUS_WALA_SMT,0,0,False,False,False,,0,p02407,p02415,s617775677.java,s270447358.java,18
N00374,ok,SOURCE_PLUS_WALA_SMT,1,1,False,True,False,POSSIBLE_T4_CANDIDATE,8,p03378,p03160,s560830287.java,s384029681.java,11
N00375,ok,SOURCE_PLUS_WALA_SMT,0,0,False,False,False,,0,p03073,p03060,s623357548.java,s831294401.java,17
N00376,ok,SOURCE_PLUS_WALA_SMT,1,1,False,True,True,T3,7,p02946,p02952,s924859729.java,s177392679.java,21
N00377,ok,SOURCE_PLUS_WALA_SMT,0,0,False,False,False,,0,p02627,p02629,s123771937.java,s683777733.java,10
N00378,ok,SOURCE_PLUS_WALA_SMT,0,0,False,False,False,,0,p02622,p02639,s912301621.java,s682781376.java,16
N00379,ok,SOURCE_PLUS_WALA_SMT,0,0,False,False,False,,0,p02971,p02958,s481181936.java,s595928889.java,25
N00380,ok,SOURCE_PLUS_WALA_SMT,3,1,False,True,True,T3,53,p03289,p03261,s029903838.java,s405819765.java,21
N00381,ok,SOURCE_PLUS_WALA_SMT,0,0,False,False,False,,0,p03012,p03037,s908431536.java,s097146113.java,15
N00382,ok,SOURCE_PLUS_WALA_SMT,0,0,False,False,False,,0,p02570,p02552,s315272991.java,s294378309.java,17
N00383,ok,SOURCE_PLUS_WALA_SMT,0,0,False,False,False,,0,p02881,p02880,s467613227.java,s175320138.java,23
N00384,ok,SOURCE_PLUS_WALA_SMT,0,0,False,False,False,,0,p02410,p02409,s046728757.java,s899688287.java,20
N00385,ok,SOURCE_PLUS_WALA_SMT,0,0,False,False,False,,0,p02259,p02256,s425043432.java,s020777353.java,12
N00386,ok,SOURCE_PLUS_WALA_SMT,0,0,False,False,False,,0,p02403,p02401,s175128934.java,s485125882.java,13
N00387,ok,SOURCE_PLUS_WALA_SMT,0,0,False,False,False,,0,p02879,p02860,s398312487.java,s998882614.java,15
N00388,ok,SOURCE_PLUS_WALA_SMT,0,0,False,False,False,,0,p03043,p03060,s041227789.java,s953183719.java,15
N00389,ok,SOURCE_PLUS_WALA_SMT,0,0,False,False,False,,0,p02411,p02410,s163556911.java,s847512882.java,13
N00390,ok,SOURCE_PLUS_WALA_SMT,0,0,False,False,False,,0,p03160,p03161,s878276140.java,s540965795.java,22
N00391,ok,SOURCE_PLUS_WALA_SMT,0,0,False,False,False,,0,p04044,p04012,s244858270.java,s924919926.java,15
N00392,ok,SOURCE_PLUS_WALA_SMT,0,0,False,False,False,,0,p02783,p02786,s100893364.java,s615306322.java,9
N00393,ok,SOURCE_PLUS_WALA_SMT,0,0,False,False,False,,0,p02622,p02718,s166309309.java,s816610046.java,22
N00394,ok,SOURCE_PLUS_WALA_SMT,0,0,False,False,False,,0,p04044,p00002,s060514896.java,s003798551.java,8
N00395,ok,SOURCE_PLUS_WALA_SMT,1,1,False,True,False,POSSIBLE_T4_CANDIDATE,13,p02779,p02773,s507610326.java,s947402730.java,14
N00396,ok,SOURCE_PLUS_WALA_SMT,0,0,False,False,False,,0,p02701,p02705,s305873255.java,s320977466.java,13
N00397,ok,SOURCE_PLUS_WALA_SMT,0,0,False,False,False,,0,p02268,p02381,s791310628.java,s404797017.java,13
N00398,ok,SOURCE_PLUS_WALA_SMT,0,0,False,False,False,,0,p02595,p02628,s123341618.java,s236443162.java,17
N00399,ok,SOURCE_PLUS_WALA_SMT,0,0,False,False,False,,0,p03239,p03261,s275842331.java,s089603128.java,28
N00400,ok,SOURCE_PLUS_WALA_SMT,0,0,False,False,False,,0,p02731,p02724,s187481550.java,s929177453.java,11
N00401,ok,SOURCE_PLUS_WALA_SMT,0,0,False,False,False,,0,p03325,p03316,s037669367.java,s120686713.java,14
N00402,ok,SOURCE_PLUS_WALA_SMT,0,0,False,False,False,,0,p02412,p02406,s147474774.java,s452363222.java,25
N00403,ok,SOURCE_PLUS_WALA_SMT,0,0,False,False,False,,0,p03147,p03106,s295673584.java,s981691917.java,17
N00404,ok,SOURCE_PLUS_WALA_SMT,0,0,False,False,False,,0,p02952,p02935,s453406340.java,s899635472.java,21
N00405,ok,SOURCE_PLUS_WALA_SMT,2,1,False,True,False,POSSIBLE_T4_CANDIDATE,7,p02945,p02730,s708683349.java,s851240950.java,7
N00406,ok,SOURCE_PLUS_WALA_SMT,1,1,False,True,False,POSSIBLE_T4_CANDIDATE,44,p02829,p02778,s449024502.java,s611529512.java,24
N00407,ok,SOURCE_PLUS_WALA_SMT,0,0,False,False,False,,0,p03370,p03470,s667692927.java,s546723972.java,17
N00408,ok,SOURCE_PLUS_WALA_SMT,0,0,False,False,False,,0,p03035,p03072,s800670523.java,s244074101.java,15
N00409,ok,SOURCE_PLUS_WALA_SMT,0,0,False,False,False,,0,p02255,p00006,s572264652.java,s571276401.java,18
N00410,ok,SOURCE_PLUS_WALA_SMT,0,0,False,False,False,,0,p02413,p02411,s080770201.java,s131446558.java,15
N00411,ok,SOURCE_PLUS_WALA_SMT,0,0,False,False,False,,0,p02880,p02881,s825605382.java,s436503285.java,22
N00412,ok,SOURCE_PLUS_WALA_SMT,1,1,False,True,False,POSSIBLE_T4_CANDIDATE,28,p02259,p02260,s579408959.java,s213758784.java,13
N00413,ok,SOURCE_PLUS_WALA_SMT,0,0,False,False,False,,0,p02657,p02659,s211481834.java,s247861623.java,20
N00414,ok,SOURCE_PLUS_WALA_SMT,0,0,False,False,False,,0,p02707,p02713,s632020165.java,s468236597.java,12
N00415,ok,SOURCE_PLUS_WALA_SMT,1,1,False,True,False,POSSIBLE_T4_CANDIDATE,13,p03161,p03160,s075749200.java,s474537525.java,26
N00416,ok,SOURCE_PLUS_WALA_SMT,1,1,False,True,False,POSSIBLE_T4_CANDIDATE,24,p03147,p03146,s171891442.java,s948553887.java,15
N00417,ok,SOURCE_PLUS_WALA_SMT,1,0,False,False,False,,2,p02772,p02771,s225214911.java,s253766923.java,22
N00418,ok,SOURCE_PLUS_WALA_SMT,0,0,False,False,False,,0,p02701,p02700,s990085201.java,s667802504.java,20
N00419,ok,SOURCE_PLUS_WALA_SMT,0,0,False,False,False,,0,p02694,p02693,s073900814.java,s760813104.java,21
N00420,ok,SOURCE_PLUS_WALA_SMT,3,1,False,True,False,POSSIBLE_T4_CANDIDATE,6,p03720,p02723,s055233134.java,s707188907.java,16
N00421,ok,SOURCE_PLUS_WALA_SMT,0,0,False,False,False,,0,p03493,p03469,s583787079.java,s140240310.java,11
N00422,ok,SOURCE_PLUS_WALA_SMT,0,0,False,False,False,,0,p02987,p02982,s350455371.java,s693605010.java,13
N00423,ok,SOURCE_PLUS_WALA_SMT,0,0,False,False,False,,0,p03043,p03037,s106836917.java,s629539902.java,21
N00424,ok,SOURCE_PLUS_WALA_SMT,0,0,False,False,False,,0,p02396,p02388,s925494833.java,s770047255.java,14
N00425,ok,SOURCE_PLUS_WALA_SMT,0,0,False,False,False,,0,p02595,p02622,s737176006.java,s230844575.java,12
N00426,ok,SOURCE_PLUS_WALA_SMT,0,0,False,False,False,,0,p03352,p03324,s117841049.java,s793661806.java,21
N00427,ok,SOURCE_PLUS_WALA_SMT,0,0,False,False,False,,0,p03161,p03261,s786098828.java,s017672033.java,15
N00428,ok,SOURCE_PLUS_WALA_SMT,0,0,False,False,False,,0,p02612,p02621,s310737385.java,s061362875.java,23
N00429,ok,SOURCE_PLUS_WALA_SMT,1,0,False,False,False,,1,p03043,p03060,s726853294.java,s129673719.java,16
N00430,ok,SOURCE_PLUS_WALA_SMT,1,0,False,False,False,,2,p03775,p03814,s225653295.java,s414758767.java,11
N00431,ok,SOURCE_PLUS_WALA_SMT,1,1,False,True,False,POSSIBLE_T4_CANDIDATE,17,p02916,p02911,s345935054.java,s202924101.java,13
N00432,ok,SOURCE_PLUS_WALA_SMT,0,0,False,False,False,,0,p02399,p02400,s161188984.java,s847936260.java,28
N00433,ok,SOURCE_PLUS_WALA_SMT,2,1,False,True,False,POSSIBLE_T4_CANDIDATE,17,p02255,p02257,s536296978.java,s823019368.java,11
N00434,ok,SOURCE_PLUS_WALA_SMT,0,0,False,False,False,,0,p00011,p02255,s414148352.java,s173769564.java,17
N00435,ok,SOURCE_PLUS_WALA_SMT,0,0,False,False,False,,0,p03435,p03434,s978256934.java,s837516747.java,12
N00436,ok,SOURCE_PLUS_WALA_SMT,0,0,False,False,False,,0,p02934,p02951,s803758028.java,s293157008.java,11
N00437,ok,SOURCE_PLUS_WALA_SMT,0,0,False,False,False,,0,p02982,p02959,s044008973.java,s776232015.java,16
N00438,ok,SOURCE_PLUS_WALA_SMT,0,0,False,False,False,,0,p02712,p02419,s124252904.java,s837726325.java,23
N00439,ok,SOURCE_PLUS_WALA_SMT,0,0,False,False,False,,0,p03854,p00001,s417074546.java,s067653218.java,11
N00440,ok,SOURCE_PLUS_WALA_SMT,3,3,False,True,False,POSSIBLE_T4_CANDIDATE,9,p02676,p03315,s192944732.java,s172075694.java,11
N00441,ok,SOURCE_PLUS_WALA_SMT,0,0,False,False,False,,0,p02406,p02405,s129624707.java,s595116322.java,13
N00442,ok,SOURCE_PLUS_WALA_SMT,0,0,False,False,False,,0,p02785,p02791,s188166652.java,s807052295.java,24
N00443,ok,SOURCE_PLUS_WALA_SMT,1,1,False,True,False,POSSIBLE_T4_CANDIDATE,59,p02791,p02830,s097229140.java,s937285427.java,28
N00444,ok,SOURCE_PLUS_WALA_SMT,0,0,False,False,False,,0,p02259,p02258,s113994242.java,s702648376.java,12
N00445,ok,SOURCE_PLUS_WALA_SMT,0,0,False,False,False,,0,p02613,p02641,s695503009.java,s666662308.java,15
N00446,ok,SOURCE_PLUS_WALA_SMT,1,1,False,True,True,T3,14,p02887,p02897,s984596022.java,s530756847.java,17
N00447,ok,SOURCE_PLUS_WALA_SMT,0,0,False,False,False,,0,p02391,p02390,s645967071.java,s491804838.java,14
N00448,ok,SOURCE_PLUS_WALA_SMT,0,0,False,False,False,,0,p03474,p03471,s978932342.java,s980502596.java,10
N00449,ok,SOURCE_PLUS_WALA_SMT,0,0,False,False,False,,0,p03012,p03000,s120536522.java,s899128647.java,17
N00450,ok,SOURCE_PLUS_WALA_SMT,0,0,False,False,False,,0,p03720,p03695,s110450030.java,s227533090.java,22
N00451,ok,SOURCE_PLUS_WALA_SMT,0,0,False,False,False,,0,p03126,p03107,s438197309.java,s714303950.java,16
N00452,ok,SOURCE_PLUS_WALA_SMT,1,1,False,True,False,POSSIBLE_T4_CANDIDATE,50,p03087,p03060,s598585705.java,s223374270.java,26
N00453,ok,SOURCE_PLUS_WALA_SMT,0,0,False,False,False,,0,p02694,p02693,s211925048.java,s878426596.java,17
N00454,ok,SOURCE_PLUS_WALA_SMT,0,0,False,False,False,,0,p02700,p02693,s312484724.java,s512168593.java,17
N00455,ok,SOURCE_PLUS_WALA_SMT,0,0,False,False,False,,0,p02909,p02881,s459075360.java,s451645702.java,27
N00456,ok,SOURCE_PLUS_WALA_SMT,0,0,False,False,False,,0,p03370,p03352,s074145259.java,s224910995.java,13
N00457,ok,SOURCE_PLUS_WALA_SMT,0,0,False,False,False,,0,p04043,p00006,s398340909.java,s369052749.java,13
N00458,ok,SOURCE_PLUS_WALA_SMT,1,0,False,False,False,,1,p02767,p02677,s753884508.java,s990040559.java,13
N00459,ok,SOURCE_PLUS_WALA_SMT,0,0,False,False,False,,0,p02802,p02790,s429391959.java,s928199435.java,10
N00460,ok,SOURCE_PLUS_WALA_SMT,0,0,False,False,False,,0,p02783,p02786,s370731501.java,s613215577.java,27
N00461,ok,SOURCE_PLUS_WALA_SMT,0,0,False,False,False,,0,p03086,p03076,s434669455.java,s088164665.java,27
N00462,ok,SOURCE_PLUS_WALA_SMT,0,0,False,False,False,,0,p03352,p03315,s404124859.java,s998320371.java,17
N00463,ok,SOURCE_PLUS_WALA_SMT,1,0,False,False,False,,5,p02971,p03126,s603388624.java,s910494713.java,19
N00464,ok,SOURCE_PLUS_WALA_SMT,0,0,False,False,False,,0,p02881,p02880,s566521756.java,s841775772.java,17
N00465,ok,SOURCE_PLUS_WALA_SMT,6,3,False,True,False,POSSIBLE_T4_CANDIDATE,9,p02578,p02552,s161478240.java,s475635567.java,13
N00466,ok,SOURCE_PLUS_WALA_SMT,1,1,False,True,True,T3,17,p02700,p02693,s664101860.java,s859471756.java,17
N00467,ok,SOURCE_PLUS_WALA_SMT,0,0,False,False,False,,0,p02724,p02731,s699557645.java,s071134213.java,27
N00468,ok,SOURCE_PLUS_WALA_SMT,1,1,False,True,False,POSSIBLE_T4_CANDIDATE,23,p02773,p02730,s074754492.java,s531394259.java,22
N00469,ok,SOURCE_PLUS_WALA_SMT,0,0,False,False,False,,0,p02818,p02812,s218260951.java,s789478960.java,17
N00470,ok,SOURCE_PLUS_WALA_SMT,1,1,False,True,False,POSSIBLE_T4_CANDIDATE,21,p03102,p03160,s444841669.java,s040870876.java,13
N00471,ok,SOURCE_PLUS_WALA_SMT,0,0,False,False,False,,0,p03072,p03035,s385293340.java,s513798703.java,15
N00472,ok,SOURCE_PLUS_WALA_SMT,0,0,False,False,False,,0,p02676,p02681,s034089186.java,s145768224.java,23
N00473,ok,SOURCE_PLUS_WALA_SMT,2,0,False,False,False,,1,p02417,p02419,s781257579.java,s661979578.java,15
N00474,ok,SOURCE_PLUS_WALA_SMT,2,1,False,True,False,POSSIBLE_T4_CANDIDATE,9,p02725,p02719,s058222879.java,s763589502.java,13
N00475,ok,SOURCE_PLUS_WALA_SMT,0,0,False,False,False,,0,p02577,p02582,s404165833.java,s045478876.java,15
N00476,ok,SOURCE_PLUS_WALA_SMT,0,0,False,False,False,,0,p02819,p02880,s974854531.java,s490374493.java,15
N00477,ok,SOURCE_PLUS_WALA_SMT,0,0,False,False,False,,0,p02641,p02613,s532278304.java,s722864659.java,28
N00478,ok,SOURCE_PLUS_WALA_SMT,0,0,False,False,False,,0,p02958,p02953,s283500448.java,s988097584.java,17
N00479,ok,SOURCE_PLUS_WALA_SMT,0,0,False,False,False,,0,p00007,p02256,s447794172.java,s188089302.java,12
N00480,ok,SOURCE_PLUS_WALA_SMT,1,1,False,True,True,T3,13,p02779,p03001,s880751987.java,s032320593.java,19
N00481,ok,SOURCE_PLUS_WALA_SMT,0,0,False,False,False,,0,p02994,p02993,s496678216.java,s673398546.java,23
N00482,ok,SOURCE_PLUS_WALA_SMT,0,0,False,False,False,,0,p03456,p03455,s205297909.java,s957782620.java,15
N00483,ok,SOURCE_PLUS_WALA_SMT,0,0,False,False,False,,0,p02403,p02406,s393383099.java,s408104061.java,21
N00484,ok,SOURCE_PLUS_WALA_SMT,0,0,False,False,False,,0,p02981,p02971,s823522568.java,s007743256.java,11
N00485,ok,SOURCE_PLUS_WALA_SMT,0,0,False,False,False,,0,p00001,p00003,s838794729.java,s811831983.java,11
N00486,ok,SOURCE_PLUS_WALA_SMT,0,0,False,False,False,,0,p02406,p02407,s267178061.java,s109769029.java,25
N00487,ok,SOURCE_PLUS_WALA_SMT,0,0,False,False,False,,0,p02390,p02389,s074614146.java,s448239371.java,15
N00488,ok,SOURCE_PLUS_WALA_SMT,1,0,False,False,False,,3,p03434,p03282,s947954268.java,s670769604.java,11
N00489,ok,SOURCE_PLUS_WALA_SMT,1,1,False,True,False,POSSIBLE_T4_CANDIDATE,20,p03041,p03011,s317589170.java,s103095823.java,11
N00490,ok,SOURCE_PLUS_WALA_SMT,0,0,False,False,False,,0,p03107,p03011,s787224819.java,s946571443.java,15
N00491,ok,SOURCE_PLUS_WALA_SMT,3,1,False,True,True,T3,9,p02578,p02576,s746147316.java,s901903910.java,18
N00492,ok,SOURCE_PLUS_WALA_SMT,0,0,False,False,False,,0,p03042,p03011,s165525051.java,s805039533.java,17
N00493,ok,SOURCE_PLUS_WALA_SMT,0,0,False,False,False,,0,p03494,p03632,s851981984.java,s314200078.java,26
N00494,ok,SOURCE_PLUS_WALA_SMT,2,1,False,True,False,POSSIBLE_T4_CANDIDATE,35,p02959,p02773,s230757054.java,s096779347.java,17
N00495,ok,SOURCE_PLUS_WALA_SMT,0,0,False,False,False,,0,p00001,p03775,s021426571.java,s677205950.java,13
N00496,ok,SOURCE_PLUS_WALA_SMT,0,0,False,False,False,,0,p02911,p02910,s145145553.java,s936924592.java,15
N00497,ok,SOURCE_PLUS_WALA_SMT,1,0,False,False,False,,2,p02755,p02766,s676919505.java,s072952797.java,22
N00498,ok,SOURCE_PLUS_WALA_SMT,0,0,False,False,False,,0,p02415,p02416,s778505480.java,s581145603.java,13
N00499,ok,SOURCE_PLUS_WALA_SMT,0,0,False,False,False,,0,p02418,p02417,s062629692.java,s903881151.java,15
N00500,ok,SOURCE_PLUS_WALA_SMT,1,1,False,True,False,POSSIBLE_T4_CANDIDATE,17,p02405,p02403,s643231295.java,s776349753.java,18
N00501,ok,SOURCE_PLUS_WALA_SMT,0,0,False,False,False,,0,p02994,p02993,s221504890.java,s981689878.java,13
N00502,ok,SOURCE_PLUS_WALA_SMT,1,1,False,True,False,POSSIBLE_T4_CANDIDATE,6,p02730,p02729,s841045307.java,s641679912.java,22
N00503,ok,SOURCE_PLUS_WALA_SMT,0,0,False,False,False,,0,p02981,p02970,s073236637.java,s452059944.java,13
N00504,ok,SOURCE_PLUS_WALA_SMT,0,0,False,False,False,,0,p02970,p02987,s273803173.java,s781714072.java,12
N00505,ok,SOURCE_PLUS_WALA_SMT,0,0,False,False,False,,0,p04044,p00001,s613160234.java,s507035370.java,15
N00506,ok,SOURCE_PLUS_WALA_SMT,3,1,False,True,False,POSSIBLE_T4_CANDIDATE,11,p03161,p03289,s361483824.java,s347362145.java,23
N00507,ok,SOURCE_PLUS_WALA_SMT,0,0,False,False,False,,0,p03220,p03292,s097268688.java,s089551303.java,26
N00508,ok,SOURCE_PLUS_WALA_SMT,0,0,False,False,False,,0,p03695,p02414,s973404493.java,s748439726.java,11
N00509,ok,SOURCE_PLUS_WALA_SMT,0,0,False,False,False,,0,p03494,p03474,s047892720.java,s480704322.java,11
N00510,ok,SOURCE_PLUS_WALA_SMT,0,0,False,False,False,,0,p02390,p02389,s988425160.java,s865361174.java,11
N00511,ok,SOURCE_PLUS_WALA_SMT,2,0,False,False,False,,1,p02995,p02731,s738959673.java,s020556940.java,11
N00512,ok,SOURCE_PLUS_WALA_SMT,0,0,False,False,False,,0,p02957,p02952,s666785670.java,s442247600.java,17
N00513,ok,SOURCE_PLUS_WALA_SMT,0,0,False,False,False,,0,p03378,p03434,s972586919.java,s059254793.java,28
N00514,ok,SOURCE_PLUS_WALA_SMT,1,1,False,True,False,POSSIBLE_T4_CANDIDATE,61,p02553,p03281,s439301051.java,s349565109.java,25
N00515,ok,SOURCE_PLUS_WALA_SMT,0,0,False,False,False,,0,p03106,p03107,s674818450.java,s759486635.java,11
N00516,ok,SOURCE_PLUS_WALA_SMT,0,0,False,False,False,,0,p02897,p02898,s160720479.java,s075031204.java,14
N00517,ok,SOURCE_PLUS_WALA_SMT,0,0,False,False,False,,0,p03478,p03474,s374558062.java,s697557747.java,26
N00518,ok,SOURCE_PLUS_WALA_SMT,1,0,False,False,False,,5,p02951,p02945,s580786736.java,s954937641.java,28
N00519,ok,SOURCE_PLUS_WALA_SMT,0,0,False,False,False,,0,p03416,p03456,s508867331.java,s496679851.java,28
N00520,ok,SOURCE_PLUS_WALA_SMT,0,0,False,False,False,,0,p03136,p03146,s245275235.java,s776420336.java,9
N00521,ok,SOURCE_PLUS_WALA_SMT,0,0,False,False,False,,0,p03239,p03242,s084277532.java,s377590616.java,27
N00522,ok,SOURCE_PLUS_WALA_SMT,0,0,False,False,False,,0,p03455,p03632,s365890022.java,s362686124.java,9
N00523,ok,SOURCE_PLUS_WALA_SMT,0,0,False,False,False,,0,p02677,p02682,s678255572.java,s093678970.java,17
N00524,ok,SOURCE_PLUS_WALA_SMT,1,1,False,True,False,POSSIBLE_T4_CANDIDATE,20,p03720,p03494,s861495759.java,s234113938.java,14
N00525,ok,SOURCE_PLUS_WALA_SMT,0,0,False,False,False,,0,p02576,p02612,s668102516.java,s035854041.java,17
N00526,ok,SOURCE_PLUS_WALA_SMT,0,0,False,False,False,,0,p02909,p02832,s379242978.java,s465113530.java,22
N00527,ok,SOURCE_PLUS_WALA_SMT,1,1,False,True,False,POSSIBLE_T4_CANDIDATE,9,p02725,p02682,s019374292.java,s790363462.java,22
N00528,ok,SOURCE_PLUS_WALA_SMT,0,0,False,False,False,,0,p02641,p02658,s609958125.java,s775600336.java,17
N00529,ok,SOURCE_PLUS_WALA_SMT,0,0,False,False,False,,0,p03075,p03071,s229221540.java,s246361099.java,28
N00530,ok,SOURCE_PLUS_WALA_SMT,0,0,False,False,False,,0,p04043,p03854,s916998160.java,s763772409.java,15
N00531,ok,SOURCE_PLUS_WALA_SMT,0,0,False,False,False,,0,p02414,p02409,s610958358.java,s237411722.java,17
N00532,ok,SOURCE_PLUS_WALA_SMT,0,0,False,False,False,,0,p03695,p03680,s065756917.java,s897295260.java,28
N00533,ok,SOURCE_PLUS_WALA_SMT,0,0,False,False,False,,0,p00006,p02388,s755148709.java,s473034952.java,9
N00534,ok,SOURCE_PLUS_WALA_SMT,0,0,False,False,False,,0,p02582,p02578,s553636184.java,s980849965.java,17
N00535,ok,SOURCE_PLUS_WALA_SMT,1,1,False,True,False,POSSIBLE_T4_CANDIDATE,13,p03160,p03161,s375377362.java,s592453934.java,17
N00536,ok,SOURCE_PLUS_WALA_SMT,2,1,False,True,False,POSSIBLE_T4_CANDIDATE,18,p02881,p02723,s327517064.java,s290465302.java,23
N00537,ok,SOURCE_PLUS_WALA_SMT,0,0,False,False,False,,0,p02399,p02400,s530317121.java,s029448273.java,13
N00538,ok,SOURCE_PLUS_WALA_SMT,0,0,False,False,False,,0,p02729,p02753,s408101822.java,s193488011.java,13
N00539,ok,SOURCE_PLUS_WALA_SMT,0,0,False,False,False,,0,p02785,p02784,s757619871.java,s768564455.java,27
N00540,ok,SOURCE_PLUS_WALA_SMT,0,0,False,False,False,,0,p03835,p04012,s963669477.java,s005472024.java,25
N00541,ok,SOURCE_PLUS_WALA_SMT,0,0,False,False,False,,0,p02676,p02681,s735298249.java,s885298660.java,15
N00542,ok,SOURCE_PLUS_WALA_SMT,0,0,False,False,False,,0,p02717,p02725,s395320188.java,s431033677.java,28
N00543,ok,SOURCE_PLUS_WALA_SMT,0,0,False,False,False,,0,p02819,p02818,s726635201.java,s895304547.java,15
N00544,ok,SOURCE_PLUS_WALA_SMT,0,0,False,False,False,,0,p02829,p02832,s833770060.java,s452689826.java,13
N00545,ok,SOURCE_PLUS_WALA_SMT,0,0,False,False,False,,0,p00001,p04044,s007595410.java,s781543471.java,11
N00546,ok,SOURCE_PLUS_WALA_SMT,0,0,False,False,False,,0,p02391,p02396,s800376408.java,s016574856.java,9
N00547,ok,SOURCE_PLUS_WALA_SMT,0,0,False,False,False,,0,p03474,p03471,s158714928.java,s630230485.java,13
N00548,ok,SOURCE_PLUS_WALA_SMT,0,0,False,False,False,,0,p02711,p02639,s938565109.java,s696399651.java,23
N00549,ok,SOURCE_PLUS_WALA_SMT,0,0,False,False,False,,0,p03814,p03775,s625464070.java,s418474268.java,24
N00550,ok,SOURCE_PLUS_WALA_SMT,3,3,False,True,False,POSSIBLE_T4_CANDIDATE,56,p03035,p02947,s960632334.java,s039021223.java,16
N00551,ok,SOURCE_PLUS_WALA_SMT,0,0,False,False,False,,0,p02405,p02404,s070983021.java,s854362121.java,29
N00552,ok,SOURCE_PLUS_WALA_SMT,1,1,False,True,False,POSSIBLE_T4_CANDIDATE,17,p03107,p03106,s131916696.java,s973809075.java,22
N00553,ok,SOURCE_PLUS_WALA_SMT,0,0,False,False,False,,0,p02777,p02771,s754409335.java,s574988370.java,15
N00554,ok,SOURCE_PLUS_WALA_SMT,0,0,False,False,False,,0,p02921,p02923,s897243176.java,s896069719.java,21
N00555,ok,SOURCE_PLUS_WALA_SMT,0,0,False,False,False,,0,p02916,p02785,s265401395.java,s996834024.java,11
N00556,ok,SOURCE_PLUS_WALA_SMT,1,0,False,False,False,,3,p02783,p02786,s715393188.java,s006156197.java,16
N00557,ok,SOURCE_PLUS_WALA_SMT,0,0,False,False,False,,0,p02398,p02397,s799802091.java,s605376261.java,12
N00558,ok,SOURCE_PLUS_WALA_SMT,0,0,False,False,False,,0,p04030,p04012,s331161110.java,s832685056.java,17
N00559,ok,SOURCE_PLUS_WALA_SMT,0,0,False,False,False,,0,p02641,p02640,s232177763.java,s894078340.java,23
N00560,ok,SOURCE_PLUS_WALA_SMT,0,0,False,False,False,,0,p00006,p00007,s591640882.java,s212279704.java,21
N00561,ok,SOURCE_PLUS_WALA_SMT,0,0,False,False,False,,0,p02388,p02258,s040541970.java,s834319374.java,14
N00562,ok,SOURCE_PLUS_WALA_SMT,0,0,False,False,False,,0,p02835,p02831,s578418855.java,s913835822.java,9
N00563,ok,SOURCE_PLUS_WALA_SMT,0,0,False,False,False,,0,p03470,p03469,s210512471.java,s838641755.java,17
N00564,ok,SOURCE_PLUS_WALA_SMT,0,0,False,False,False,,0,p03220,p03146,s850594397.java,s614350500.java,23
N00565,ok,SOURCE_PLUS_WALA_SMT,0,0,False,False,False,,0,p03071,p03043,s932014098.java,s809455435.java,17
N00566,ok,SOURCE_PLUS_WALA_SMT,0,0,False,False,False,,0,p02415,p02407,s517665637.java,s853040812.java,10
N00567,ok,SOURCE_PLUS_WALA_SMT,0,0,False,False,False,,0,p04012,p04043,s961528829.java,s581459072.java,28
N00568,ok,SOURCE_PLUS_WALA_SMT,0,0,False,False,False,,0,p02983,p02971,s690966846.java,s046112039.java,22
N00569,ok,SOURCE_PLUS_WALA_SMT,0,0,False,False,False,,0,p03242,p03107,s011465305.java,s626680827.java,27
N00570,ok,SOURCE_PLUS_WALA_SMT,1,1,False,True,True,T3,10,p02832,p02860,s174326939.java,s179774822.java,23
N00571,ok,SOURCE_PLUS_WALA_SMT,0,0,False,False,False,,0,p03146,p03147,s870159452.java,s930545989.java,13
N00572,ok,SOURCE_PLUS_WALA_SMT,0,0,False,False,False,,0,p03289,p03998,s202718552.java,s697825546.java,15
N00573,ok,SOURCE_PLUS_WALA_SMT,0,0,False,False,False,,0,p02407,p02415,s877780967.java,s350902575.java,23
N00574,ok,SOURCE_PLUS_WALA_SMT,2,1,False,True,False,POSSIBLE_T4_CANDIDATE,19,p03315,p03243,s029797923.java,s316808743.java,15
N00575,ok,SOURCE_PLUS_WALA_SMT,0,0,False,False,False,,0,p02392,p02389,s813635960.java,s501239989.java,28
N00576,ok,SOURCE_PLUS_WALA_SMT,1,1,False,True,False,POSSIBLE_T4_CANDIDATE,25,p02836,p02899,s826460242.java,s337650642.java,13
N00577,ok,SOURCE_PLUS_WALA_SMT,0,0,False,False,False,,0,p04043,p03854,s253457592.java,s925771867.java,16
N00578,ok,SOURCE_PLUS_WALA_SMT,0,0,False,False,False,,0,p02388,p00006,s557681366.java,s974765622.java,11
N00579,ok,SOURCE_PLUS_WALA_SMT,1,1,False,True,False,POSSIBLE_T4_CANDIDATE,8,p02659,p02677,s454589809.java,s354266576.java,22
N00580,ok,SOURCE_PLUS_WALA_SMT,0,0,False,False,False,,0,p03011,p03001,s210479182.java,s862491122.java,27
N00581,ok,SOURCE_PLUS_WALA_SMT,0,0,False,False,False,,0,p02421,p02553,s791678854.java,s706711661.java,25
N00582,ok,SOURCE_PLUS_WALA_SMT,0,0,False,False,False,,0,p03086,p03106,s478516253.java,s313693199.java,27
N00583,ok,SOURCE_PLUS_WALA_SMT,0,0,False,False,False,,0,p03285,p03281,s342194569.java,s774305092.java,15
N00584,ok,SOURCE_PLUS_WALA_SMT,0,0,False,False,False,,0,p03456,p03455,s056546297.java,s733107793.java,22
N00585,ok,SOURCE_PLUS_WALA_SMT,0,0,False,False,False,,0,p03075,p03071,s861874618.java,s043250529.java,17
N00586,ok,SOURCE_PLUS_WALA_SMT,0,0,False,False,False,,0,p03042,p03073,s836933559.java,s655642771.java,26
N00587,ok,SOURCE_PLUS_WALA_SMT,0,0,False,False,False,,0,p03293,p03315,s983811204.java,s437138280.java,25
N00588,ok,SOURCE_PLUS_WALA_SMT,0,0,False,False,False,,0,p03632,p03470,s052343637.java,s910263097.java,16
N00589,ok,SOURCE_PLUS_WALA_SMT,1,1,False,True,False,POSSIBLE_T4_CANDIDATE,20,p02773,p02700,s847998648.java,s133252340.java,18
N00590,ok,SOURCE_PLUS_WALA_SMT,0,0,False,False,False,,0,p02982,p03013,s926785493.java,s893331321.java,28
N00591,ok,SOURCE_PLUS_WALA_SMT,0,0,False,False,False,,0,p02719,p02713,s981963759.java,s450889402.java,13
N00592,ok,SOURCE_PLUS_WALA_SMT,0,0,False,False,False,,0,p02922,p02934,s888433796.java,s533556517.java,15
N00593,ok,SOURCE_PLUS_WALA_SMT,4,4,False,True,False,POSSIBLE_T4_CANDIDATE|T4_CONFIRMED,18,p02801,p02553,s942445009.java,s755304959.java,15
N00594,ok,SOURCE_PLUS_WALA_SMT,4,1,False,True,False,POSSIBLE_T4_CANDIDATE,18,p02771,p02729,s458607881.java,s536147621.java,12
N00595,ok,SOURCE_PLUS_WALA_SMT,0,0,False,False,False,,0,p02830,p02831,s696037098.java,s356526719.java,23
N00596,ok,SOURCE_PLUS_WALA_SMT,3,2,False,True,False,POSSIBLE_T4_CANDIDATE,18,p04044,p02717,s860951078.java,s846824840.java,11
N00597,ok,SOURCE_PLUS_WALA_SMT,0,0,False,False,False,,0,p02391,p02390,s414677421.java,s261976071.java,12
N00598,ok,SOURCE_PLUS_WALA_SMT,1,1,False,True,False,POSSIBLE_T4_CANDIDATE,30,p04030,p03449,s642283651.java,s268371922.java,22
N00599,ok,SOURCE_PLUS_WALA_SMT,0,0,False,False,False,,0,p02772,p02767,s306178390.java,s846303442.java,17
N00600,ok,SOURCE_PLUS_WALA_SMT,0,0,False,False,False,,0,p03456,p03470,s981075189.java,s583539059.java,16
N00601,ok,SOURCE_PLUS_WALA_SMT,0,0,False,False,False,,0,p02400,p02399,s102470912.java,s960658397.java,15
N00602,ok,SOURCE_PLUS_WALA_SMT,0,0,False,False,False,,0,p02898,p02909,s459803863.java,s014136622.java,11
N00603,ok,SOURCE_PLUS_WALA_SMT,2,1,False,True,True,T3,9,p02658,p02640,s274123786.java,s374767445.java,16
N00604,ok,SOURCE_PLUS_WALA_SMT,1,1,False,True,False,POSSIBLE_T4_CANDIDATE,9,p03239,p03261,s956442175.java,s350241116.java,17
N00605,ok,SOURCE_PLUS_WALA_SMT,0,0,False,False,False,,0,p03043,p03041,s966227592.java,s947224444.java,21
N00606,ok,SOURCE_PLUS_WALA_SMT,1,0,False,False,False,,1,p02404,p02405,s995974296.java,s499272647.java,13
N00607,ok,SOURCE_PLUS_WALA_SMT,0,0,False,False,False,,0,p02725,p02729,s624756172.java,s274401867.java,13
N00608,ok,SOURCE_PLUS_WALA_SMT,0,0,False,False,False,,0,p02687,p02681,s324771053.java,s981231743.java,13
N00609,ok,SOURCE_PLUS_WALA_SMT,0,0,False,False,False,,0,p02640,p02629,s679848589.java,s390900820.java,23
N00610,ok,SOURCE_PLUS_WALA_SMT,0,0,False,False,False,,0,p03434,p03471,s797234825.java,s294667096.java,23
N00611,ok,SOURCE_PLUS_WALA_SMT,0,0,False,False,False,,0,p03289,p03293,s746414205.java,s407777617.java,22
N00612,ok,SOURCE_PLUS_WALA_SMT,0,0,False,False,False,,0,p03455,p03324,s473864301.java,s191847619.java,14
N00613,ok,SOURCE_PLUS_WALA_SMT,0,0,False,False,False,,0,p02577,p02578,s272667532.java,s868771458.java,22
N00614,ok,SOURCE_PLUS_WALA_SMT,0,0,False,False,False,,0,p02812,p02791,s302864279.java,s261317325.java,12
N00615,ok,SOURCE_PLUS_WALA_SMT,0,0,False,False,False,,0,p03371,p03434,s744475832.java,s911599323.java,23
N00616,ok,SOURCE_PLUS_WALA_SMT,3,2,False,True,False,POSSIBLE_T4_CANDIDATE,11,p02706,p02577,s341836219.java,s140073708.java,12
N00617,ok,SOURCE_PLUS_WALA_SMT,0,0,False,False,False,,0,p02403,p02401,s777084918.java,s700430191.java,15
N00618,ok,SOURCE_PLUS_WALA_SMT,0,0,False,False,False,,0,p03072,p03071,s091000410.java,s995336245.java,10
N00619,ok,SOURCE_PLUS_WALA_SMT,0,0,False,False,False,,0,p00003,p00001,s197650726.java,s806523112.java,11
N00620,ok,SOURCE_PLUS_WALA_SMT,0,0,False,False,False,,0,p02831,p02836,s276288057.java,s627073512.java,13
N00621,ok,SOURCE_PLUS_WALA_SMT,1,0,False,False,False,,2,p02947,p02958,s011365927.java,s018813402.java,22
N00622,ok,SOURCE_PLUS_WALA_SMT,0,0,False,False,False,,0,p03071,p03060,s064173145.java,s585610017.java,14
N00623,ok,SOURCE_PLUS_WALA_SMT,0,0,False,False,False,,0,p00006,p00002,s304250318.java,s765877829.java,22
N00624,ok,SOURCE_PLUS_WALA_SMT,0,0,False,False,False,,0,p02917,p02921,s200928127.java,s401580049.java,15
N00625,ok,SOURCE_PLUS_WALA_SMT,0,0,False,False,False,,0,p03043,p03042,s764059341.java,s338242868.java,29
N00626,ok,SOURCE_PLUS_WALA_SMT,0,0,False,False,False,,0,p02947,p02916,s380487025.java,s944676040.java,14
N00627,ok,SOURCE_PLUS_WALA_SMT,0,0,False,False,False,,0,p02953,p02957,s973919331.java,s935837318.java,16
N00628,ok,SOURCE_PLUS_WALA_SMT,0,0,False,False,False,,0,p02771,p02767,s462582526.java,s804375762.java,23
N00629,ok,SOURCE_PLUS_WALA_SMT,0,0,False,False,False,,0,p03136,p03126,s367507347.java,s660953036.java,22
N00630,ok,SOURCE_PLUS_WALA_SMT,0,0,False,False,False,,0,p03695,p03037,s689692355.java,s281950385.java,23
N00631,ok,SOURCE_PLUS_WALA_SMT,0,0,False,False,False,,0,p02995,p02786,s133118084.java,s780490971.java,11
N00632,ok,SOURCE_PLUS_WALA_SMT,1,1,False,True,False,POSSIBLE_T4_CANDIDATE,25,p02706,p03001,s676344720.java,s269137895.java,18
N00633,ok,SOURCE_PLUS_WALA_SMT,0,0,False,False,False,,0,p02420,p02419,s433969361.java,s394000842.java,19
N00634,ok,SOURCE_PLUS_WALA_SMT,1,0,False,False,False,,3,p02388,p02389,s833494946.java,s313101221.java,11
N00635,ok,SOURCE_PLUS_WALA_SMT,1,1,False,True,True,T3,7,p02693,p02723,s703961736.java,s249501775.java,18
N00636,ok,SOURCE_PLUS_WALA_SMT,0,0,False,False,False,,0,p02407,p02415,s038431342.java,s454284856.java,22
N00637,ok,SOURCE_PLUS_WALA_SMT,0,0,False,False,False,,0,p03469,p03493,s030320446.java,s146057713.java,14
N00638,ok,SOURCE_PLUS_WALA_SMT,0,0,False,False,False,,0,p03469,p03493,s177503724.java,s008240073.java,17
N00639,ok,SOURCE_PLUS_WALA_SMT,0,0,False,False,False,,0,p02719,p02723,s762365246.java,s152569262.java,17
N00640,ok,SOURCE_PLUS_WALA_SMT,1,1,False,True,True,T3,6,p03126,p03102,s311963049.java,s947766140.java,23
N00641,ok,SOURCE_PLUS_WALA_SMT,3,1,False,True,True,T3,8,p02993,p02989,s353397777.java,s507152597.java,15
N00642,ok,SOURCE_PLUS_WALA_SMT,0,0,False,False,False,,0,p02786,p02783,s226368657.java,s873336630.java,17
N00643,ok,SOURCE_PLUS_WALA_SMT,0,0,False,False,False,,0,p03076,p03073,s470389823.java,s942155545.java,17
N00644,ok,SOURCE_PLUS_WALA_SMT,0,0,False,False,False,,0,p03775,p03720,s091429278.java,s908335352.java,15
N00645,ok,SOURCE_PLUS_WALA_SMT,0,0,False,False,False,,0,p04030,p04043,s590354859.java,s748555679.java,27
N00646,ok,SOURCE_PLUS_WALA_SMT,0,0,False,False,False,,0,p02682,p02676,s808677167.java,s591951907.java,11
N00647,ok,SOURCE_PLUS_WALA_SMT,0,0,False,False,False,,0,p03545,p03161,s125335328.java,s764639476.java,10
N00648,ok,SOURCE_PLUS_WALA_SMT,1,1,False,True,False,POSSIBLE_T4_CANDIDATE,20,p02831,p02612,s496003464.java,s020356936.java,13
N00649,ok,SOURCE_PLUS_WALA_SMT,1,1,False,True,False,POSSIBLE_T4_CANDIDATE,27,p02771,p02773,s816882133.java,s047367530.java,17
N00650,ok,SOURCE_PLUS_WALA_SMT,0,0,False,False,False,,0,p03545,p03371,s265001457.java,s631023645.java,11
N00651,ok,SOURCE_PLUS_WALA_SMT,0,0,False,False,False,,0,p03378,p03360,s167911786.java,s852215125.java,17
N00652,ok,SOURCE_PLUS_WALA_SMT,0,0,False,False,False,,0,p02848,p02879,s215993438.java,s149394144.java,14
N00653,ok,SOURCE_PLUS_WALA_SMT,0,0,False,False,False,,0,p02406,p02405,s890040085.java,s362339220.java,22
N00654,ok,SOURCE_PLUS_WALA_SMT,1,0,False,False,False,,1,p03370,p03324,s044038961.java,s963378946.java,13
N00655,ok,SOURCE_PLUS_WALA_SMT,0,0,False,False,False,,0,p03102,p03435,s623275407.java,s405693391.java,11
N00656,ok,SOURCE_PLUS_WALA_SMT,1,1,False,True,True,T3,18,p03161,p03160,s220004284.java,s795788745.java,23
N00657,ok,SOURCE_PLUS_WALA_SMT,0,0,False,False,False,,0,p02681,p02676,s242357088.java,s077477450.java,16
N00658,ok,SOURCE_PLUS_WALA_SMT,1,1,False,True,False,POSSIBLE_T4_CANDIDATE,74,p03060,p03106,s750260229.java,s488110891.java,16
N00659,ok,SOURCE_PLUS_WALA_SMT,0,0,False,False,False,,0,p03478,p03471,s462028459.java,s996795502.java,10
N00660,ok,SOURCE_PLUS_WALA_SMT,0,0,False,False,False,,0,p02700,p02701,s848368374.java,s457236928.java,28
N00661,ok,SOURCE_PLUS_WALA_SMT,0,0,False,False,False,,0,p03478,p03494,s952688552.java,s374892869.java,16
N00662,ok,SOURCE_PLUS_WALA_SMT,0,0,False,False,False,,0,p02783,p02778,s313188471.java,s966162701.java,23
N00663,ok,SOURCE_PLUS_WALA_SMT,0,0,False,False,False,,0,p03109,p03289,s885465083.java,s220687018.java,15
N00664,ok,SOURCE_PLUS_WALA_SMT,0,0,False,False,False,,0,p02578,p02582,s521618628.java,s821730773.java,15
N00665,ok,SOURCE_PLUS_WALA_SMT,0,0,False,False,False,,0,p02987,p02957,s253829605.java,s945161999.java,15
N00666,ok,SOURCE_PLUS_WALA_SMT,0,0,False,False,False,,0,p03289,p03281,s654623273.java,s930919647.java,15
N00667,ok,SOURCE_PLUS_WALA_SMT,0,0,False,False,False,,0,p03775,p03814,s529144839.java,s861789582.java,14
N00668,ok,SOURCE_PLUS_WALA_SMT,0,0,False,False,False,,0,p04044,p04043,s874247347.java,s299155357.java,15
N00669,ok,SOURCE_PLUS_WALA_SMT,0,0,False,False,False,,0,p02403,p02402,s246120784.java,s627438747.java,13
N00670,ok,SOURCE_PLUS_WALA_SMT,1,1,False,True,False,POSSIBLE_T4_CANDIDATE,7,p02700,p02706,s009932434.java,s568090036.java,12
N00671,ok,SOURCE_PLUS_WALA_SMT,0,0,False,False,False,,0,p02413,p02415,s924733534.java,s057658728.java,15
N00672,ok,SOURCE_PLUS_WALA_SMT,1,0,False,False,False,,1,p02256,p02257,s808925161.java,s050647557.java,9
N00673,ok,SOURCE_PLUS_WALA_SMT,0,0,False,False,False,,0,p02412,p02406,s112818376.java,s873367961.java,16
N00674,ok,SOURCE_PLUS_WALA_SMT,1,0,False,False,False,,1,p02553,p02571,s798926196.java,s358921757.java,14
N00675,ok,SOURCE_PLUS_WALA_SMT,2,2,False,True,False,POSSIBLE_T4_CANDIDATE,9,p03161,p03285,s275007950.java,s450048084.java,19
N00676,ok,SOURCE_PLUS_WALA_SMT,0,0,False,False,False,,0,p03434,p03448,s788064147.java,s106450057.java,17
N00677,ok,SOURCE_PLUS_WALA_SMT,0,0,False,False,False,,0,p03308,p03370,s604701237.java,s817889394.java,28
N00678,ok,SOURCE_PLUS_WALA_SMT,0,0,False,False,False,,0,p03494,p03644,s254208764.java,s592857206.java,17
N00679,ok,SOURCE_PLUS_WALA_SMT,0,0,False,False,False,,0,p03470,p03456,s973765474.java,s545596117.java,13
N00680,ok,SOURCE_PLUS_WALA_SMT,0,0,False,False,False,,0,p02766,p02778,s593889604.java,s145236459.java,23
N00681,ok,SOURCE_PLUS_WALA_SMT,0,0,False,False,False,,0,p02415,p02406,s644517092.java,s706478872.java,15
N00682,ok,SOURCE_PLUS_WALA_SMT,0,0,False,False,False,,0,p02701,p02759,s284745900.java,s197698288.java,12
N00683,ok,SOURCE_PLUS_WALA_SMT,0,0,False,False,False,,0,p02712,p02707,s487047409.java,s833174540.java,17
N00684,ok,SOURCE_PLUS_WALA_SMT,0,0,False,False,False,,0,p03449,p03457,s541423731.java,s272626752.java,28
N00685,ok,SOURCE_PLUS_WALA_SMT,2,0,False,False,False,,3,p04012,p03545,s808559069.java,s673252774.java,12
N00686,ok,SOURCE_PLUS_WALA_SMT,0,0,False,False,False,,0,p03073,p03072,s951141579.java,s528522372.java,12
N00687,ok,SOURCE_PLUS_WALA_SMT,1,1,False,True,False,POSSIBLE_T4_CANDIDATE,6,p02612,p02701,s028207495.java,s542293170.java,11
N00688,ok,SOURCE_PLUS_WALA_SMT,0,0,False,False,False,,0,p02410,p02404,s259698615.java,s677165745.java,13
N00689,ok,SOURCE_PLUS_WALA_SMT,0,0,False,False,False,,0,p02676,p02681,s454059032.java,s103646912.java,17
N00690,ok,SOURCE_PLUS_WALA_SMT,0,0,False,False,False,,0,p03281,p03282,s334387612.java,s130524440.java,15
N00691,ok,SOURCE_PLUS_WALA_SMT,0,0,False,False,False,,0,p02801,p02783,s041373980.java,s811236803.java,9
N00692,ok,SOURCE_PLUS_WALA_SMT,0,0,False,False,False,,0,p02784,p02783,s153662325.java,s910771338.java,23
N00693,ok,SOURCE_PLUS_WALA_SMT,1,1,False,True,False,POSSIBLE_T4_CANDIDATE,84,p02831,p03013,s627837336.java,s951107030.java,26
N00694,ok,SOURCE_PLUS_WALA_SMT,2,1,False,True,False,POSSIBLE_T4_CANDIDATE,6,p02947,p03695,s088363628.java,s697528471.java,13
N00695,ok,SOURCE_PLUS_WALA_SMT,2,1,False,True,False,POSSIBLE_T4_CANDIDATE,6,p03146,p03001,s240376385.java,s746640763.java,11
N00696,ok,SOURCE_PLUS_WALA_SMT,0,0,False,False,False,,0,p03086,p03076,s374472370.java,s889963539.java,27
N00697,ok,SOURCE_PLUS_WALA_SMT,0,0,False,False,False,,0,p02802,p02818,s561930383.java,s170412147.java,11
N00698,ok,SOURCE_PLUS_WALA_SMT,1,1,False,True,False,POSSIBLE_T4_CANDIDATE,17,p02947,p02935,s396171231.java,s927898749.java,13
N00699,ok,SOURCE_PLUS_WALA_SMT,1,0,False,False,False,,5,p02766,p02755,s579259826.java,s509127167.java,10
N00700,ok,SOURCE_PLUS_WALA_SMT,1,1,False,True,False,POSSIBLE_T4_CANDIDATE,25,p02259,p02260,s953953493.java,s208894142.java,12
N00701,ok,SOURCE_PLUS_WALA_SMT,0,0,False,False,False,,0,p02396,p02402,s173761020.java,s176686140.java,23
N00702,ok,SOURCE_PLUS_WALA_SMT,0,0,False,False,False,,0,p03220,p03239,s630631639.java,s938898595.java,12
N00703,ok,SOURCE_PLUS_WALA_SMT,0,0,False,False,False,,0,p00003,p00001,s918835910.java,s377243139.java,13
N00704,ok,SOURCE_PLUS_WALA_SMT,6,2,False,True,False,POSSIBLE_T4_CANDIDATE,26,p02622,p03161,s770006311.java,s774209924.java,11
N00705,ok,SOURCE_PLUS_WALA_SMT,0,0,False,False,False,,0,p02257,p04043,s398729166.java,s259535116.java,12
N00706,ok,SOURCE_PLUS_WALA_SMT,0,0,False,False,False,,0,p03775,p03814,s250880726.java,s492916772.java,13
N00707,ok,SOURCE_PLUS_WALA_SMT,0,0,False,False,False,,0,p02259,p02260,s644878447.java,s668822204.java,23
N00708,ok,SOURCE_PLUS_WALA_SMT,0,0,False,False,False,,0,p02628,p02622,s463045428.java,s896182793.java,25
N00709,ok,SOURCE_PLUS_WALA_SMT,0,0,False,False,False,,0,p02911,p02783,s681897269.java,s998237907.java,13
N00710,ok,SOURCE_PLUS_WALA_SMT,0,0,False,False,False,,0,p03000,p02993,s214635658.java,s627920026.java,25
N00711,ok,SOURCE_PLUS_WALA_SMT,0,0,False,False,False,,0,p03494,p03478,s880822865.java,s846462756.java,26
N00712,ok,SOURCE_PLUS_WALA_SMT,2,0,False,False,False,,5,p02578,p02571,s663826745.java,s360376412.java,23
N00713,ok,SOURCE_PLUS_WALA_SMT,0,0,False,False,False,,0,p02419,p02416,s616047324.java,s450106981.java,15
N00714,ok,SOURCE_PLUS_WALA_SMT,0,0,False,False,False,,0,p02393,p02399,s450182903.java,s603382411.java,11
N00715,ok,SOURCE_PLUS_WALA_SMT,1,1,False,True,False,POSSIBLE_T4_CANDIDATE,25,p03087,p03435,s009910243.java,s015730415.java,13
N00716,ok,SOURCE_PLUS_WALA_SMT,0,0,False,False,False,,0,p02707,p02706,s926906693.java,s580381837.java,13
N00717,ok,SOURCE_PLUS_WALA_SMT,0,0,False,False,False,,0,p03370,p03360,s316896188.java,s195837244.java,14
N00718,ok,SOURCE_PLUS_WALA_SMT,0,0,False,False,False,,0,p02717,p02724,s465974503.java,s154030141.java,22
N00719,ok,SOURCE_PLUS_WALA_SMT,1,0,False,False,False,,2,p03059,p03071,s215689799.java,s040776206.java,13
N00720,ok,SOURCE_PLUS_WALA_SMT,1,0,False,False,False,,1,p03075,p03073,s097828297.java,s419512829.java,14
N00721,ok,SOURCE_PLUS_WALA_SMT,4,1,False,True,False,POSSIBLE_T4_CANDIDATE,6,p02659,p03378,s740040423.java,s000775781.java,14
N00722,ok,SOURCE_PLUS_WALA_SMT,0,0,False,False,False,,0,p02951,p02981,s863221984.java,s295359940.java,23
N00723,ok,SOURCE_PLUS_WALA_SMT,0,0,False,False,False,,0,p02830,p02848,s957463072.java,s430647837.java,17
N00724,ok,SOURCE_PLUS_WALA_SMT,0,0,False,False,False,,0,p00005,p00002,s421964155.java,s035966220.java,20
N00725,ok,SOURCE_PLUS_WALA_SMT,0,0,False,False,False,,0,p02418,p02570,s256754439.java,s119903356.java,9
N00726,ok,SOURCE_PLUS_WALA_SMT,0,0,False,False,False,,0,p02830,p02829,s501461252.java,s357281772.java,10
N00727,ok,SOURCE_PLUS_WALA_SMT,0,0,False,False,False,,0,p02397,p02396,s304490044.java,s229990531.java,13
N00728,ok,SOURCE_PLUS_WALA_SMT,1,1,False,True,False,POSSIBLE_T4_CANDIDATE,13,p02987,p02971,s067786476.java,s602569133.java,17
N00729,ok,SOURCE_PLUS_WALA_SMT,0,0,False,False,False,,0,p03416,p03434,s788253294.java,s012358469.java,26
N00730,ok,SOURCE_PLUS_WALA_SMT,0,0,False,False,False,,0,p02784,p02779,s152350358.java,s892241127.java,9
N00731,ok,SOURCE_PLUS_WALA_SMT,1,1,False,True,True,T3,6,p02829,p02897,s868844103.java,s391480589.java,14
N00732,ok,SOURCE_PLUS_WALA_SMT,0,0,False,False,False,,0,p02786,p02801,s885750053.java,s112655706.java,25
N00733,ok,SOURCE_PLUS_WALA_SMT,0,0,False,False,False,,0,p02982,p02916,s635657007.java,s855561833.java,14
N00734,ok,SOURCE_PLUS_WALA_SMT,2,1,False,True,False,POSSIBLE_T4_CANDIDATE,16,p02576,p02777,s194488309.java,s274673315.java,15
N00735,ok,SOURCE_PLUS_WALA_SMT,0,0,False,False,False,,0,p03220,p03147,s761522707.java,s930318964.java,18
N00736,ok,SOURCE_PLUS_WALA_SMT,0,0,False,False,False,,0,p02420,p02419,s501513286.java,s200889021.java,16
N00737,ok,SOURCE_PLUS_WALA_SMT,0,0,False,False,False,,0,p03324,p03455,s218957862.java,s014468262.java,23
N00738,ok,SOURCE_PLUS_WALA_SMT,4,0,False,False,False,,5,p04044,p02759,s319414787.java,s111700726.java,11
N00739,ok,SOURCE_PLUS_WALA_SMT,0,0,False,False,False,,0,p03998,p03435,s543087575.java,s203136775.java,9
N00740,ok,SOURCE_PLUS_WALA_SMT,0,0,False,False,False,,0,p02687,p02694,s673422042.java,s133336224.java,22
N00741,ok,SOURCE_PLUS_WALA_SMT,1,1,False,True,False,POSSIBLE_T4_CANDIDATE,84,p02773,p02688,s064656376.java,s707899448.java,14
N00742,ok,SOURCE_PLUS_WALA_SMT,1,1,False,True,False,POSSIBLE_T4_CANDIDATE,16,p02578,p02657,s625023624.java,s470545111.java,16
N00743,ok,SOURCE_PLUS_WALA_SMT,1,1,False,True,True,T3,13,p02405,p02404,s182351905.java,s459205327.java,21
N00744,ok,SOURCE_PLUS_WALA_SMT,0,0,False,False,False,,0,p00002,p00005,s690960070.java,s135814724.java,12
N00745,ok,SOURCE_PLUS_WALA_SMT,0,0,False,False,False,,0,p02622,p02595,s565075941.java,s597791548.java,10
N00746,ok,SOURCE_PLUS_WALA_SMT,0,0,False,False,False,,0,p02640,p02639,s135447238.java,s769561988.java,23
N00747,ok,SOURCE_PLUS_WALA_SMT,1,1,False,True,False,POSSIBLE_T4_CANDIDATE,8,p00002,p03316,s680724016.java,s166066534.java,10
N00748,ok,SOURCE_PLUS_WALA_SMT,0,0,False,False,False,,0,p03456,p03455,s344084493.java,s942814261.java,17
N00749,ok,SOURCE_PLUS_WALA_SMT,3,2,False,True,False,POSSIBLE_T4_CANDIDATE,27,p03360,p02830,s073369909.java,s867966771.java,15
N00750,ok,SOURCE_PLUS_WALA_SMT,0,0,False,False,False,,0,p02701,p02694,s246938110.java,s191740910.java,15
N00751,ok,SOURCE_PLUS_WALA_SMT,1,1,False,True,False,POSSIBLE_T4_CANDIDATE,28,p02887,p02729,s295965233.java,s719798581.java,25
N00752,ok,SOURCE_PLUS_WALA_SMT,0,0,False,False,False,,0,p03720,p03680,s705955110.java,s703696430.java,28
N00753,ok,SOURCE_PLUS_WALA_SMT,0,0,False,False,False,,0,p02388,p02389,s686851035.java,s078876132.java,13
N00754,ok,SOURCE_PLUS_WALA_SMT,0,0,False,False,False,,0,p02268,p02263,s112777433.java,s712619753.java,15
N00755,ok,SOURCE_PLUS_WALA_SMT,0,0,False,False,False,,0,p02819,p02773,s508824926.java,s556441709.java,8
N00756,ok,SOURCE_PLUS_WALA_SMT,0,0,False,False,False,,0,p02421,p02420,s039389358.java,s486003024.java,17
N00757,ok,SOURCE_PLUS_WALA_SMT,0,0,False,False,False,,0,p03632,p03644,s272290439.java,s690037449.java,26
N00758,ok,SOURCE_PLUS_WALA_SMT,2,0,False,False,False,,3,p02772,p02771,s340019774.java,s142732167.java,17
N00759,ok,SOURCE_PLUS_WALA_SMT,0,0,False,False,False,,0,p02898,p02897,s650890867.java,s914696060.java,11
N00760,ok,SOURCE_PLUS_WALA_SMT,0,0,False,False,False,,0,p03370,p03371,s962057726.java,s058907753.java,14
N00761,ok,SOURCE_PLUS_WALA_SMT,0,0,False,False,False,,0,p02407,p02408,s844062860.java,s284155128.java,11
N00762,ok,SOURCE_PLUS_WALA_SMT,1,0,False,False,False,,1,p02723,p02718,s778059109.java,s633485247.java,15
N00763,ok,SOURCE_PLUS_WALA_SMT,0,0,False,False,False,,0,p04044,p00001,s511926085.java,s550222968.java,12
N00764,ok,SOURCE_PLUS_WALA_SMT,2,1,False,True,False,POSSIBLE_T4_CANDIDATE,26,p03293,p03434,s811284302.java,s677519150.java,19
N00765,ok,SOURCE_PLUS_WALA_SMT,0,0,False,False,False,,0,p02404,p02402,s185847277.java,s219601224.java,16
N00766,ok,SOURCE_PLUS_WALA_SMT,0,0,False,False,False,,0,p02612,p02621,s496616768.java,s457442366.java,26
N00767,ok,SOURCE_PLUS_WALA_SMT,0,0,False,False,False,,0,p03136,p03109,s225593540.java,s413439070.java,15
N00768,ok,SOURCE_PLUS_WALA_SMT,0,0,False,False,False,,0,p03315,p03316,s452272558.java,s674713875.java,26
N00769,ok,SOURCE_PLUS_WALA_SMT,0,0,False,False,False,,0,p02639,p02612,s815159568.java,s445715731.java,16
N00770,ok,SOURCE_PLUS_WALA_SMT,0,0,False,False,False,,0,p02417,p02415,s071904991.java,s907395682.java,14
N00771,ok,SOURCE_PLUS_WALA_SMT,1,1,False,True,False,POSSIBLE_T4_CANDIDATE,69,p03695,p02629,s154645388.java,s334034944.java,10
N00772,ok,SOURCE_PLUS_WALA_SMT,1,0,False,False,False,,5,p03455,p03456,s819173853.java,s028309580.java,23
N00773,ok,SOURCE_PLUS_WALA_SMT,2,0,False,False,False,,4,p03289,p03261,s504104187.java,s542070548.java,17
N00774,ok,SOURCE_PLUS_WALA_SMT,0,0,False,False,False,,0,p00007,p00005,s931344802.java,s343320477.java,8
N00775,ok,SOURCE_PLUS_WALA_SMT,0,0,False,False,False,,0,p02417,p02419,s306380231.java,s394068324.java,28
N00776,ok,SOURCE_PLUS_WALA_SMT,1,0,False,False,False,,2,p04044,p00001,s514124022.java,s696445822.java,9
N00777,ok,SOURCE_PLUS_WALA_SMT,0,0,False,False,False,,0,p02547,p02420,s167621388.java,s833558090.java,27
N00778,ok,SOURCE_PLUS_WALA_SMT,0,0,False,False,False,,0,p03720,p03775,s774446713.java,s159174947.java,15
N00779,ok,SOURCE_PLUS_WALA_SMT,0,0,False,False,False,,0,p02621,p02612,s511033469.java,s086501213.java,11
N00780,ok,SOURCE_PLUS_WALA_SMT,1,1,False,True,False,POSSIBLE_T4_CANDIDATE,7,p02934,p02946,s940710425.java,s604363484.java,11
N00781,ok,SOURCE_PLUS_WALA_SMT,0,0,False,False,False,,0,p02396,p02397,s860977069.java,s044210806.java,17
N00782,ok,SOURCE_PLUS_WALA_SMT,2,1,False,True,False,POSSIBLE_T4_CANDIDATE,11,p02829,p02640,s389750950.java,s738428850.java,22
N00783,ok,SOURCE_PLUS_WALA_SMT,0,0,False,False,False,,0,p03000,p03012,s514003252.java,s334230871.java,14
N00784,ok,SOURCE_PLUS_WALA_SMT,0,0,False,False,False,,0,p02258,p02264,s490793689.java,s933165215.java,10
N00785,ok,SOURCE_PLUS_WALA_SMT,0,0,False,False,False,,0,p02777,p02779,s418052921.java,s237625948.java,17
N00786,ok,SOURCE_PLUS_WALA_SMT,1,1,False,True,False,POSSIBLE_T4_CANDIDATE,8,p02777,p02778,s691019675.java,s102230587.java,15
N00787,ok,SOURCE_PLUS_WALA_SMT,0,0,False,False,False,,0,p02408,p02411,s900606042.java,s502591899.java,15
N00788,ok,SOURCE_PLUS_WALA_SMT,0,0,False,False,False,,0,p02934,p02922,s521353361.java,s647597379.java,27
N00789,ok,SOURCE_PLUS_WALA_SMT,0,0,False,False,False,,0,p02784,p02783,s726064775.java,s436105252.java,17
N00790,ok,SOURCE_PLUS_WALA_SMT,1,1,False,True,False,POSSIBLE_T4_CANDIDATE,7,p02724,p02923,s217968437.java,s121761540.java,11
N00791,ok,SOURCE_PLUS_WALA_SMT,0,0,False,False,False,,0,p02394,p02392,s348906191.java,s323626866.java,13
N00792,ok,SOURCE_PLUS_WALA_SMT,1,0,False,False,False,,5,p02831,p02836,s932294774.java,s087064143.java,14
N00793,ok,SOURCE_PLUS_WALA_SMT,0,0,False,False,False,,0,p02880,p02881,s450576002.java,s157762380.java,15
N00794,ok,SOURCE_PLUS_WALA_SMT,0,0,False,False,False,,0,p03136,p03146,s466651599.java,s053297530.java,26
N00795,ok,SOURCE_PLUS_WALA_SMT,1,0,False,False,False,,5,p02396,p03545,s358079641.java,s256016363.java,10
N00796,ok,SOURCE_PLUS_WALA_SMT,0,0,False,False,False,,0,p02773,p02802,s582914057.java,s752646914.java,28
N00797,ok,SOURCE_PLUS_WALA_SMT,1,1,False,True,False,POSSIBLE_T4_CANDIDATE,22,p02983,p02989,s792965166.java,s934078626.java,15
N00798,ok,SOURCE_PLUS_WALA_SMT,0,0,False,False,False,,0,p02415,p02412,s282449153.java,s877556804.java,9
N00799,ok,SOURCE_PLUS_WALA_SMT,1,1,False,True,False,POSSIBLE_T4_CANDIDATE,26,p02268,p02260,s683069309.java,s514340740.java,12
N00800,ok,SOURCE_PLUS_WALA_SMT,0,0,False,False,False,,0,p02777,p02778,s694971185.java,s343802268.java,22
N00801,ok,SOURCE_PLUS_WALA_SMT,0,0,False,False,False,,0,p00001,p00003,s956379923.java,s311283486.java,17
N00802,ok,SOURCE_PLUS_WALA_SMT,0,0,False,False,False,,0,p02403,p02401,s100153322.java,s897118577.java,12
N00803,ok,SOURCE_PLUS_WALA_SMT,0,0,False,False,False,,0,p02946,p02952,s468329484.java,s092615819.java,23
N00804,ok,SOURCE_PLUS_WALA_SMT,0,0,False,False,False,,0,p02819,p02829,s524233993.java,s012276421.java,28
N00805,ok,SOURCE_PLUS_WALA_SMT,0,0,False,False,False,,0,p00007,p00006,s173789476.java,s752067251.java,17
N00806,ok,SOURCE_PLUS_WALA_SMT,0,0,False,False,False,,0,p02909,p02880,s896920738.java,s740569426.java,13
N00807,ok,SOURCE_PLUS_WALA_SMT,2,2,False,True,False,POSSIBLE_T4_CANDIDATE,71,p03107,p02730,s787135240.java,s610681407.java,9
N00808,ok,SOURCE_PLUS_WALA_SMT,0,0,False,False,False,,0,p02754,p02730,s699621290.java,s351065992.java,23
N00809,ok,SOURCE_PLUS_WALA_SMT,0,0,False,False,False,,0,p02640,p02677,s907695703.java,s049797295.java,14
N00810,ok,SOURCE_PLUS_WALA_SMT,0,0,False,False,False,,0,p03998,p00003,s455633263.java,s330489063.java,9
N00811,ok,SOURCE_PLUS_WALA_SMT,0,0,False,False,False,,0,p02693,p02682,s223725448.java,s716727352.java,28
N00812,ok,SOURCE_PLUS_WALA_SMT,0,0,False,False,False,,0,p02958,p02957,s647564222.java,s435063343.java,15
N00813,ok,SOURCE_PLUS_WALA_SMT,0,0,False,False,False,,0,p03073,p03076,s093905429.java,s284122658.java,12
N00814,ok,SOURCE_PLUS_WALA_SMT,0,0,False,False,False,,0,p02899,p02909,s727918489.java,s423580111.java,25
N00815,ok,SOURCE_PLUS_WALA_SMT,0,0,False,False,False,,0,p02953,p02982,s855300737.java,s760988009.java,17
N00816,ok,SOURCE_PLUS_WALA_SMT,0,0,False,False,False,,0,p02717,p02719,s869646152.java,s084514221.java,17
N00817,ok,SOURCE_PLUS_WALA_SMT,0,0,False,False,False,,0,p03371,p03352,s616391046.java,s950468287.java,17
N00818,ok,SOURCE_PLUS_WALA_SMT,3,2,False,True,False,POSSIBLE_T4_CANDIDATE,16,p02790,p02771,s159977506.java,s068086894.java,16
N00819,ok,SOURCE_PLUS_WALA_SMT,3,3,False,True,False,POSSIBLE_T4_CANDIDATE,10,p03448,p03370,s231530024.java,s505865395.java,16
N00820,ok,SOURCE_PLUS_WALA_SMT,0,0,False,False,False,,0,p02396,p02398,s743192362.java,s308399435.java,15
N00821,ok,SOURCE_PLUS_WALA_SMT,1,1,False,True,True,T3,11,p02784,p02779,s285647997.java,s484227026.java,27
N00822,ok,SOURCE_PLUS_WALA_SMT,1,1,False,True,False,POSSIBLE_T4_CANDIDATE,25,p02753,p02713,s489088713.java,s088230717.java,20
N00823,ok,SOURCE_PLUS_WALA_SMT,0,0,False,False,False,,0,p02981,p02957,s828646960.java,s379801775.java,11
N00824,ok,SOURCE_PLUS_WALA_SMT,0,0,False,False,False,,0,p02766,p02778,s853908235.java,s209903329.java,17
N00825,ok,SOURCE_PLUS_WALA_SMT,1,0,False,False,False,,2,p03059,p03041,s923630459.java,s760859717.java,22
N00826,ok,SOURCE_PLUS_WALA_SMT,2,1,False,True,False,POSSIBLE_T4_CANDIDATE,59,p03775,p02705,s402149367.java,s191415575.java,18
N00827,ok,SOURCE_PLUS_WALA_SMT,0,0,False,False,False,,0,p02687,p02552,s758468317.java,s880574605.java,11
N00828,ok,SOURCE_PLUS_WALA_SMT,2,1,False,True,False,POSSIBLE_T4_CANDIDATE,11,p03545,p03494,s742054083.java,s569844547.java,11
N00829,ok,SOURCE_PLUS_WALA_SMT,0,0,False,False,False,,0,p02694,p02699,s897432504.java,s541935644.java,17
N00830,ok,SOURCE_PLUS_WALA_SMT,0,0,False,False,False,,0,p02880,p02819,s563063847.java,s986077327.java,15
N00831,ok,SOURCE_PLUS_WALA_SMT,1,0,False,False,False,,2,p02403,p02402,s004256290.java,s459828680.java,11
N00832,ok,SOURCE_PLUS_WALA_SMT,0,0,False,False,False,,0,p03448,p03435,s668885021.java,s057813075.java,23
N00833,ok,SOURCE_PLUS_WALA_SMT,0,0,False,False,False,,0,p03378,p03289,s080078833.java,s951602530.java,27
N00834,ok,SOURCE_PLUS_WALA_SMT,0,0,False,False,False,,0,p02675,p02677,s554799092.java,s416551143.java,13
N00835,ok,SOURCE_PLUS_WALA_SMT,0,0,False,False,False,,0,p02952,p02951,s384073597.java,s503006860.java,17
N00836,ok,SOURCE_PLUS_WALA_SMT,0,0,False,False,False,,0,p03285,p03282,s288550035.java,s819704542.java,21
N00837,ok,SOURCE_PLUS_WALA_SMT,0,0,False,False,False,,0,p02402,p02406,s270894598.java,s188645398.java,26
N00838,ok,SOURCE_PLUS_WALA_SMT,0,0,False,False,False,,0,p03076,p03075,s789136871.java,s623524055.java,17
N00839,ok,SOURCE_PLUS_WALA_SMT,0,0,False,False,False,,0,p03720,p03680,s612639043.java,s273674650.java,26
N00840,ok,SOURCE_PLUS_WALA_SMT,0,0,False,False,False,,0,p03835,p04030,s741856256.java,s090027324.java,27
N00841,ok,SOURCE_PLUS_WALA_SMT,0,0,False,False,False,,0,p02399,p02394,s702680164.java,s217812515.java,14
N00842,ok,SOURCE_PLUS_WALA_SMT,0,0,False,False,False,,0,p02987,p02989,s118593247.java,s296744876.java,13
N00843,ok,SOURCE_PLUS_WALA_SMT,0,0,False,False,False,,0,p03285,p03281,s511847298.java,s859114257.java,22
N00844,ok,SOURCE_PLUS_WALA_SMT,0,0,False,False,False,,0,p02953,p02971,s450731921.java,s858429167.java,17
N00845,ok,SOURCE_PLUS_WALA_SMT,0,0,False,False,False,,0,p03109,p03107,s137111356.java,s682778819.java,17
N00846,ok,SOURCE_PLUS_WALA_SMT,0,0,False,False,False,,0,p03035,p03013,s000895179.java,s216343481.java,20
N00847,ok,SOURCE_PLUS_WALA_SMT,0,0,False,False,False,,0,p02390,p02392,s591130426.java,s270816874.java,11
N00848,ok,SOURCE_PLUS_WALA_SMT,2,1,False,True,False,POSSIBLE_T4_CANDIDATE,10,p03239,p03242,s999696224.java,s076451271.java,22
N00849,ok,SOURCE_PLUS_WALA_SMT,0,0,False,False,False,,0,p02988,p02994,s581977609.java,s102026673.java,28
N00850,ok,SOURCE_PLUS_WALA_SMT,0,0,False,False,False,,0,p02897,p02879,s343817823.java,s984398059.java,15
N00851,ok,SOURCE_PLUS_WALA_SMT,1,0,False,False,False,,5,p02880,p02772,s114283456.java,s307014296.java,17
N00852,ok,SOURCE_PLUS_WALA_SMT,0,0,False,False,False,,0,p00003,p00002,s479076368.java,s217401894.java,14
N00853,ok,SOURCE_PLUS_WALA_SMT,0,0,False,False,False,,0,p02830,p02831,s101587093.java,s969954988.java,13
N00854,ok,SOURCE_PLUS_WALA_SMT,0,0,False,False,False,,0,p02700,p02706,s472668325.java,s043760579.java,23
N00855,ok,SOURCE_PLUS_WALA_SMT,0,0,False,False,False,,0,p03102,p03086,s195569259.java,s136631079.java,27
N00856,ok,SOURCE_PLUS_WALA_SMT,1,0,False,False,False,,2,p02778,p02771,s241849769.java,s901528502.java,16
N00857,ok,SOURCE_PLUS_WALA_SMT,0,0,False,False,False,,0,p00001,p04030,s008485993.java,s579884698.java,11
N00858,ok,SOURCE_PLUS_WALA_SMT,0,0,False,False,False,,0,p02922,p02613,s791535546.java,s041854280.java,10
N00859,ok,SOURCE_PLUS_WALA_SMT,0,0,False,False,False,,0,p02389,p03632,s884355355.java,s077471738.java,23
N00860,ok,SOURCE_PLUS_WALA_SMT,0,0,False,False,False,,0,p03041,p03043,s876850766.java,s307236024.java,28
N00861,ok,SOURCE_PLUS_WALA_SMT,0,0,False,False,False,,0,p02392,p00007,s425344114.java,s579088750.java,10
N00862,ok,SOURCE_PLUS_WALA_SMT,1,0,False,False,False,,2,p03695,p03371,s247577650.java,s076446820.java,24
N00863,ok,SOURCE_PLUS_WALA_SMT,0,0,False,False,False,,0,p02899,p02910,s890454428.java,s678860824.java,16
N00864,ok,SOURCE_PLUS_WALA_SMT,0,0,False,False,False,,0,p02987,p02959,s023575375.java,s490279697.java,11
N00865,ok,SOURCE_PLUS_WALA_SMT,0,0,False,False,False,,0,p02983,p02971,s827480661.java,s524762820.java,19
N00866,ok,SOURCE_PLUS_WALA_SMT,0,0,False,False,False,,0,p02723,p02719,s928790568.java,s528299544.java,17
N00867,ok,SOURCE_PLUS_WALA_SMT,0,0,False,False,False,,0,p02767,p02755,s140738140.java,s267189669.java,17
N00868,ok,SOURCE_PLUS_WALA_SMT,6,4,False,True,False,POSSIBLE_T4_CANDIDATE,39,p03494,p02621,s000070940.java,s577365744.java,16
N00869,ok,SOURCE_PLUS_WALA_SMT,1,1,False,True,False,POSSIBLE_T4_CANDIDATE,26,p03371,p02627,s734531567.java,s077359931.java,11
N00870,ok,SOURCE_PLUS_WALA_SMT,0,0,False,False,False,,0,p02887,p02886,s137088233.java,s300528491.java,28
N00871,ok,SOURCE_PLUS_WALA_SMT,0,0,False,False,False,,0,p02700,p02694,s082263815.java,s736712174.java,15
N00872,ok,SOURCE_PLUS_WALA_SMT,1,0,False,False,False,,4,p02819,p02802,s924880001.java,s280802229.java,11
N00873,ok,SOURCE_PLUS_WALA_SMT,0,0,False,False,False,,0,p03695,p02263,s958044045.java,s361229144.java,15
N00874,ok,SOURCE_PLUS_WALA_SMT,0,0,False,False,False,,0,p02831,p02836,s454206666.java,s016399829.java,25
N00875,ok,SOURCE_PLUS_WALA_SMT,1,1,False,True,False,POSSIBLE_T4_CANDIDATE,23,p03087,p03102,s539248275.java,s908624647.java,13
N00876,ok,SOURCE_PLUS_WALA_SMT,1,0,False,False,False,,1,p03011,p03035,s649512818.java,s906691976.java,11
N00877,ok,SOURCE_PLUS_WALA_SMT,0,0,False,False,False,,0,p02791,p02773,s933903001.java,s463074175.java,19
N00878,ok,SOURCE_PLUS_WALA_SMT,0,0,False,False,False,,0,p02410,p02409,s117636503.java,s111913763.java,15
N00879,ok,SOURCE_PLUS_WALA_SMT,0,0,False,False,False,,0,p02705,p02701,s013509363.java,s541753124.java,14
N00880,ok,SOURCE_PLUS_WALA_SMT,0,0,False,False,False,,0,p03001,p03011,s680681153.java,s972582503.java,12
N00881,ok,SOURCE_PLUS_WALA_SMT,0,0,False,False,False,,0,p02393,p02381,s446364007.java,s842462584.java,9
N00882,ok,SOURCE_PLUS_WALA_SMT,0,0,False,False,False,,0,p02571,p02578,s869382741.java,s296331431.java,27
N00883,ok,SOURCE_PLUS_WALA_SMT,0,0,False,False,False,,0,p02785,p02767,s396530549.java,s745454344.java,26
N00884,ok,SOURCE_PLUS_WALA_SMT,0,0,False,False,False,,0,p02256,p02391,s953515738.java,s406350306.java,23
N00885,ok,SOURCE_PLUS_WALA_SMT,0,0,False,False,False,,0,p02847,p02848,s834186378.java,s541772670.java,13
N00886,ok,SOURCE_PLUS_WALA_SMT,0,0,False,False,False,,0,p02946,p02922,s767628138.java,s537539614.java,17
N00887,ok,SOURCE_PLUS_WALA_SMT,3,0,False,False,False,,5,p02982,p02989,s623245408.java,s096395712.java,16
N00888,ok,SOURCE_PLUS_WALA_SMT,1,0,False,False,False,,4,p02576,p02621,s705716011.java,s521061547.java,16
N00889,ok,SOURCE_PLUS_WALA_SMT,0,0,False,False,False,,0,p02658,p02641,s618974799.java,s909652185.java,27
N00890,ok,SOURCE_PLUS_WALA_SMT,0,0,False,False,False,,0,p03308,p03371,s768830011.java,s222481019.java,9
N00891,ok,SOURCE_PLUS_WALA_SMT,0,0,False,False,False,,0,p03434,p03448,s973293709.java,s078259643.java,28
N00892,ok,SOURCE_PLUS_WALA_SMT,1,1,False,True,False,POSSIBLE_T4_CANDIDATE,10,p02818,p02785,s863700179.java,s289314906.java,16
N00893,ok,SOURCE_PLUS_WALA_SMT,0,0,False,False,False,,0,p02766,p02778,s729382010.java,s074249778.java,13
N00894,ok,SOURCE_PLUS_WALA_SMT,1,1,False,True,False,POSSIBLE_T4_CANDIDATE,24,p03434,p03292,s389402522.java,s153853289.java,16
N00895,ok,SOURCE_PLUS_WALA_SMT,1,1,False,True,False,POSSIBLE_T4_CANDIDATE,15,p02917,p02911,s062400497.java,s834718926.java,14
N00896,ok,SOURCE_PLUS_WALA_SMT,0,0,False,False,False,,0,p02676,p02681,s956265198.java,s721245910.java,27
N00897,ok,SOURCE_PLUS_WALA_SMT,0,0,False,False,False,,0,p02391,p02392,s697933407.java,s844178091.java,10
N00898,ok,SOURCE_PLUS_WALA_SMT,0,0,False,False,False,,0,p03493,p03352,s778029528.java,s663744180.java,23
N00899,ok,SOURCE_PLUS_WALA_SMT,0,0,False,False,False,,0,p03106,p03107,s963906378.java,s403140629.java,17
N00900,ok,SOURCE_PLUS_WALA_SMT,0,0,False,False,False,,0,p02627,p02621,s032683359.java,s836326174.java,13
N00901,ok,SOURCE_PLUS_WALA_SMT,0,0,False,False,False,,0,p02419,p02416,s107970927.java,s942931178.java,17
N00902,ok,SOURCE_PLUS_WALA_SMT,0,0,False,False,False,,0,p03106,p03076,s359783495.java,s948660895.java,15
N00903,ok,SOURCE_PLUS_WALA_SMT,0,0,False,False,False,,0,p03161,p02982,s433416209.java,s422789452.java,17
N00904,ok,SOURCE_PLUS_WALA_SMT,3,2,False,True,False,POSSIBLE_T4_CANDIDATE,18,p03060,p02694,s711125510.java,s039383991.java,12
N00905,ok,SOURCE_PLUS_WALA_SMT,0,0,False,False,False,,0,p02406,p02407,s840428787.java,s389588209.java,13
N00906,ok,SOURCE_PLUS_WALA_SMT,1,0,False,False,False,,3,p02413,p02404,s044324238.java,s592696399.java,9
N00907,ok,SOURCE_PLUS_WALA_SMT,0,0,False,False,False,,0,p03416,p03455,s640660450.java,s019128736.java,27
N00908,ok,SOURCE_PLUS_WALA_SMT,0,0,False,False,False,,0,p02622,p02595,s443161582.java,s981111031.java,28
N00909,ok,SOURCE_PLUS_WALA_SMT,0,0,False,False,False,,0,p02258,p02257,s797108315.java,s797633455.java,20
N00910,ok,SOURCE_PLUS_WALA_SMT,0,0,False,False,False,,0,p03013,p02958,s204770196.java,s370395826.java,17
N00911,ok,SOURCE_PLUS_WALA_SMT,0,0,False,False,False,,0,p04043,p04044,s528542055.java,s089390451.java,17
N00912,ok,SOURCE_PLUS_WALA_SMT,1,1,False,True,False,POSSIBLE_T4_CANDIDATE,18,p03308,p03012,s503488262.java,s403175750.java,23
N00913,ok,SOURCE_PLUS_WALA_SMT,3,3,False,True,True,POSSIBLE_T4_CANDIDATE|T2|T3,52,p02881,p02819,s751169795.java,s098057265.java,21
N00914,ok,SOURCE_PLUS_WALA_SMT,0,0,False,False,False,,0,p03370,p03371,s423732175.java,s586309218.java,17
N00915,ok,SOURCE_PLUS_WALA_SMT,0,0,False,False,False,,0,p02688,p02693,s232694603.java,s540747164.java,21
N00916,ok,SOURCE_PLUS_WALA_SMT,0,0,False,False,False,,0,p02419,p02420,s828863369.java,s123764614.java,13
N00917,ok,SOURCE_PLUS_WALA_SMT,0,0,False,False,False,,0,p02398,p02396,s582020147.java,s970578418.java,13
N00918,ok,SOURCE_PLUS_WALA_SMT,0,0,False,False,False,,0,p03478,p03474,s475670705.java,s979744826.java,20
N00919,ok,SOURCE_PLUS_WALA_SMT,0,0,False,False,False,,0,p02399,p02400,s356450597.java,s047345453.java,14
N00920,ok,SOURCE_PLUS_WALA_SMT,0,0,False,False,False,,0,p02712,p02711,s901484350.java,s154283475.java,22
N00921,ok,SOURCE_PLUS_WALA_SMT,0,0,False,False,False,,0,p02880,p02881,s978359843.java,s537642730.java,23
N00922,ok,SOURCE_PLUS_WALA_SMT,0,0,False,False,False,,0,p02724,p02719,s209439934.java,s915794753.java,17
N00923,ok,SOURCE_PLUS_WALA_SMT,1,0,False,False,False,,3,p02829,p02759,s340429776.java,s971580881.java,17
N00924,ok,SOURCE_PLUS_WALA_SMT,0,0,False,False,False,,0,p02258,p02256,s723059564.java,s490525039.java,21
N00925,ok,SOURCE_PLUS_WALA_SMT,0,0,False,False,False,,0,p02917,p02934,s329587401.java,s793082194.java,9
N00926,ok,SOURCE_PLUS_WALA_SMT,1,0,False,False,False,,4,p02922,p02945,s567760385.java,s364100204.java,10
N00927,ok,SOURCE_PLUS_WALA_SMT,0,0,False,False,False,,0,p02681,p02409,s465347375.java,s642458725.java,16
N00928,ok,SOURCE_PLUS_WALA_SMT,0,0,False,False,False,,0,p02981,p02970,s191254689.java,s952354393.java,22
N00929,ok,SOURCE_PLUS_WALA_SMT,0,0,False,False,False,,0,p03285,p03261,s209785261.java,s569926010.java,28
N00930,ok,SOURCE_PLUS_WALA_SMT,0,0,False,False,False,,0,p02595,p02659,s242659751.java,s789758307.java,16
N00931,ok,SOURCE_PLUS_WALA_SMT,0,0,False,False,False,,0,p02911,p02880,s111884429.java,s851664176.java,11
N00932,ok,SOURCE_PLUS_WALA_SMT,0,0,False,False,False,,0,p03075,p03042,s212212943.java,s631142970.java,17
N00933,ok,SOURCE_PLUS_WALA_SMT,0,0,False,False,False,,0,p02394,p02402,s880287378.java,s555657408.java,11
N00934,ok,SOURCE_PLUS_WALA_SMT,0,0,False,False,False,,0,p02911,p02910,s528215901.java,s974315364.java,15
N00935,ok,SOURCE_PLUS_WALA_SMT,0,0,False,False,False,,0,p03448,p03456,s413287461.java,s390127056.java,17
N00936,ok,SOURCE_PLUS_WALA_SMT,0,0,False,False,False,,0,p02831,p02836,s873235148.java,s131377318.java,21
N00937,ok,SOURCE_PLUS_WALA_SMT,0,0,False,False,False,,0,p03281,p03308,s751030279.java,s402666788.java,17
N00938,ok,SOURCE_PLUS_WALA_SMT,0,0,False,False,False,,0,p02410,p02411,s964619538.java,s469406081.java,17
N00939,ok,SOURCE_PLUS_WALA_SMT,0,0,False,False,False,,0,p02922,p02970,s728871753.java,s376733507.java,9
N00940,ok,SOURCE_PLUS_WALA_SMT,0,0,False,False,False,,0,p03998,p02255,s833628973.java,s335665482.java,15
N00941,ok,SOURCE_PLUS_WALA_SMT,0,0,False,False,False,,0,p02701,p02700,s683712662.java,s777540189.java,15
N00942,ok,SOURCE_PLUS_WALA_SMT,0,0,False,False,False,,0,p03242,p03243,s045012385.java,s866107101.java,12
N00943,ok,SOURCE_PLUS_WALA_SMT,0,0,False,False,False,,0,p02577,p02595,s885827013.java,s333360954.java,23
N00944,ok,SOURCE_PLUS_WALA_SMT,0,0,False,False,False,,0,p02899,p02898,s538999065.java,s094092498.java,17
N00945,ok,SOURCE_PLUS_WALA_SMT,0,0,False,False,False,,0,p02922,p02911,s834813688.java,s017580896.java,25
N00946,ok,SOURCE_PLUS_WALA_SMT,0,0,False,False,False,,0,p02392,p02393,s605932708.java,s598866595.java,23
N00947,ok,SOURCE_PLUS_WALA_SMT,0,0,False,False,False,,0,p02910,p02909,s026701997.java,s396934210.java,7
N00948,ok,SOURCE_PLUS_WALA_SMT,1,1,False,True,False,POSSIBLE_T4_CANDIDATE,12,p02753,p02777,s657992679.java,s746085559.java,15
N00949,ok,SOURCE_PLUS_WALA_SMT,0,0,False,False,False,,0,p03059,p03071,s884768671.java,s074872642.java,23
N00950,ok,SOURCE_PLUS_WALA_SMT,1,0,False,False,False,,4,p02399,p02389,s276272454.java,s990185313.java,15
N00951,ok,SOURCE_PLUS_WALA_SMT,0,0,False,False,False,,0,p02576,p02570,s465859022.java,s414696863.java,9
N00952,ok,SOURCE_PLUS_WALA_SMT,9,3,False,True,False,POSSIBLE_T4_CANDIDATE,9,p02982,p03998,s065660153.java,s395279439.java,14
N00953,ok,SOURCE_PLUS_WALA_SMT,4,2,False,True,False,POSSIBLE_T4_CANDIDATE,13,p02886,p02802,s839505542.java,s992715793.java,16
N00954,ok,SOURCE_PLUS_WALA_SMT,2,1,False,True,False,POSSIBLE_T4_CANDIDATE,27,p02879,p02723,s689871551.java,s447189702.java,13
N00955,ok,SOURCE_PLUS_WALA_SMT,0,0,False,False,False,,0,p02916,p02812,s632073363.java,s489901502.java,11
N00956,ok,SOURCE_PLUS_WALA_SMT,0,0,False,False,False,,0,p02887,p02886,s833979584.java,s424334849.java,15
N00957,ok,SOURCE_PLUS_WALA_SMT,0,0,False,False,False,,0,p02577,p02578,s822753142.java,s619350943.java,17
N00958,ok,SOURCE_PLUS_WALA_SMT,0,0,False,False,False,,0,p03435,p02995,s583092431.java,s842237243.java,22
N00959,ok,SOURCE_PLUS_WALA_SMT,0,0,False,False,False,,0,p03109,p03106,s265557193.java,s848031554.java,23
N00960,ok,SOURCE_PLUS_WALA_SMT,1,0,False,False,False,,5,p02753,p02723,s264253922.java,s982483725.java,26
N00961,ok,SOURCE_PLUS_WALA_SMT,1,1,False,True,False,POSSIBLE_T4_CANDIDATE,18,p03324,p03325,s617179727.java,s571191011.java,13
N00962,ok,SOURCE_PLUS_WALA_SMT,0,0,False,False,False,,0,p03449,p03457,s974833237.java,s018362544.java,15
N00963,ok,SOURCE_PLUS_WALA_SMT,0,0,False,False,False,,0,p03072,p03073,s142705466.java,s302567227.java,23
N00964,ok,SOURCE_PLUS_WALA_SMT,1,1,False,True,False,POSSIBLE_T4_CANDIDATE,26,p02627,p02688,s813164584.java,s988918416.java,17
N00965,ok,SOURCE_PLUS_WALA_SMT,1,1,False,True,False,POSSIBLE_T4_CANDIDATE,67,p02922,p03075,s625193083.java,s314371979.java,10
N00966,ok,SOURCE_PLUS_WALA_SMT,0,0,False,False,False,,0,p02707,p02706,s947332237.java,s972904824.java,22
N00967,ok,SOURCE_PLUS_WALA_SMT,0,0,False,False,False,,0,p03493,p03835,s605904202.java,s011970491.java,23
N00968,ok,SOURCE_PLUS_WALA_SMT,0,0,False,False,False,,0,p02766,p02777,s695923249.java,s352806798.java,13
N00969,ok,SOURCE_PLUS_WALA_SMT,0,0,False,False,False,,0,p03086,p03075,s030472738.java,s601325799.java,23
N00970,ok,SOURCE_PLUS_WALA_SMT,0,0,False,False,False,,0,p03041,p03035,s044537975.java,s914721653.java,22
N00971,ok,SOURCE_PLUS_WALA_SMT,1,1,False,True,False,POSSIBLE_T4_CANDIDATE,45,p03087,p03308,s964538310.java,s007321375.java,19
N00972,ok,SOURCE_PLUS_WALA_SMT,0,0,False,False,False,,0,p02989,p02993,s632842045.java,s594657828.java,12
N00973,ok,SOURCE_PLUS_WALA_SMT,3,2,False,True,False,POSSIBLE_T4_CANDIDATE,17,p02848,p03059,s162623886.java,s490650432.java,17
N00974,ok,SOURCE_PLUS_WALA_SMT,0,0,False,False,False,,0,p02405,p02404,s596012165.java,s678829654.java,23
N00975,ok,SOURCE_PLUS_WALA_SMT,0,0,False,False,False,,0,p02257,p02258,s498199220.java,s165024883.java,20
N00976,ok,SOURCE_PLUS_WALA_SMT,0,0,False,False,False,,0,p02724,p02723,s539177457.java,s570193962.java,17
N00977,ok,SOURCE_PLUS_WALA_SMT,0,0,False,False,False,,0,p00002,p00001,s208762466.java,s738494275.java,21
N00978,ok,SOURCE_PLUS_WALA_SMT,3,1,False,True,False,POSSIBLE_T4_CANDIDATE,14,p02268,p03835,s856984644.java,s738088226.java,22
N00979,ok,SOURCE_PLUS_WALA_SMT,0,0,False,False,False,,0,p02407,p02415,s805425463.java,s010094818.java,10
N00980,ok,SOURCE_PLUS_WALA_SMT,0,0,False,False,False,,0,p02419,p02552,s263902320.java,s590344506.java,25
N00981,ok,SOURCE_PLUS_WALA_SMT,1,1,False,True,False,POSSIBLE_T4_CANDIDATE,10,p03160,p03161,s986187957.java,s672151781.java,10
N00982,ok,SOURCE_PLUS_WALA_SMT,0,0,False,False,False,,0,p02268,p02258,s953025296.java,s696323944.java,16
N00983,ok,SOURCE_PLUS_WALA_SMT,0,0,False,False,False,,0,p02687,p02694,s936148644.java,s341380127.java,14
N00984,ok,SOURCE_PLUS_WALA_SMT,0,0,False,False,False,,0,p02400,p02399,s704757709.java,s822499616.java,21
N00985,ok,SOURCE_PLUS_WALA_SMT,0,0,False,False,False,,0,p02416,p02419,s428262201.java,s229501424.java,11
N00986,ok,SOURCE_PLUS_WALA_SMT,0,0,False,False,False,,0,p02400,p02389,s032359056.java,s784316109.java,16
N00987,ok,SOURCE_PLUS_WALA_SMT,0,0,False,False,False,,0,p03457,p00002,s723465967.java,s958220535.java,13
N00988,ok,SOURCE_PLUS_WALA_SMT,1,1,False,True,False,POSSIBLE_T4_CANDIDATE,12,p03308,p00003,s042563737.java,s030125328.java,14
N00989,ok,SOURCE_PLUS_WALA_SMT,1,1,True,True,False,POSSIBLE_T4_CANDIDATE,21,p02773,p02767,s698897601.java,s371209653.java,11
N00990,ok,SOURCE_PLUS_WALA_SMT,0,0,False,False,False,,0,p03775,p03695,s111496002.java,s736533639.java,27
N00991,ok,SOURCE_PLUS_WALA_SMT,0,0,False,False,False,,0,p02717,p02705,s121986084.java,s943230059.java,17
N00992,ok,SOURCE_PLUS_WALA_SMT,0,0,False,False,False,,0,p02393,p03545,s231850175.java,s134057490.java,17
N00993,ok,SOURCE_PLUS_WALA_SMT,1,1,False,True,True,T3,10,p02946,p02951,s453604408.java,s067012110.java,21
N00994,ok,SOURCE_PLUS_WALA_SMT,0,0,False,False,False,,0,p02392,p02381,s770830666.java,s261594886.java,11
N00995,ok,SOURCE_PLUS_WALA_SMT,0,0,False,False,False,,0,p02391,p02393,s704306754.java,s445191828.java,14
N00996,ok,SOURCE_PLUS_WALA_SMT,0,0,False,False,False,,0,p03470,p03435,s394265946.java,s870784752.java,11
N00997,ok,SOURCE_PLUS_WALA_SMT,2,2,False,True,False,POSSIBLE_T4_CANDIDATE,22,p03041,p03243,s055212124.java,s493189083.java,17
N00998,ok,SOURCE_PLUS_WALA_SMT,0,0,False,False,False,,0,p02957,p02970,s217852279.java,s097628804.java,15
N00999,ok,SOURCE_PLUS_WALA_SMT,0,0,False,False,False,,0,p02397,p02400,s930107966.java,s094237092.java,9
