pair_id,left_path,right_path,left_problem,right_problem,left_program,right_program,left_tokens,right_tokens,left_complexity,right_complexity,shared_tokens
N00000,/Users/liuziqi/Documents/西大Graduate/Project_base/Code/Meng_ProjectBased_DetectCodeSimilar/code-sim/results/formal-v1/negatives/pairs/N00000/left/Main.java,/Users/liuziqi/Documents/西大Graduate/Project_base/Code/Meng_ProjectBased_DetectCodeSimilar/code-sim/results/formal-v1/negatives/pairs/N00000/right/Main.java,p02881,p02880,s002616741.java,s920097579.java,126,126,3,4,21
N00001,/Users/liuziqi/Documents/西大Graduate/Project_base/Code/Meng_ProjectBased_DetectCodeSimilar/code-sim/results/formal-v1/negatives/pairs/N00001/left/Main.java,/Users/liuziqi/Documents/西大Graduate/Project_base/Code/Meng_ProjectBased_DetectCodeSimilar/code-sim/results/formal-v1/negatives/pairs/N00001/right/Main.java,p02945,p02922,s666307822.java,s191444616.java,97,97,2,2,17
N00002,/Users/liuziqi/Documents/西大Graduate/Project_base/Code/Meng_ProjectBased_DetectCodeSimilar/code-sim/results/formal-v1/negatives/pairs/N00002/left/Main.java,/Users/liuziqi/Documents/西大Graduate/Project_base/Code/Meng_ProjectBased_DetectCodeSimilar/code-sim/results/formal-v1/negatives/pairs/N00002/right/Main.java,p02622,p02640,s656156927.java,s861579039.java,115,115,2,2,27
N00003,/Users/liuziqi/Documents/西大Graduate/Project_base/Code/Meng_ProjectBased_DetectCodeSimilar/code-sim/results/formal-v1/negatives/pairs/N00003/left/Main.java,/Users/liuziqi/Documents/西大Graduate/Project_base/Code/Meng_ProjectBased_DetectCodeSimilar/code-sim/results/formal-v1/negatives/pairs/N00003/right/Main.java,p03035,p03043,s637974557.java,s427612013.java,229,229,2,2,6
N00004,/Users/liuziqi/Documents/西大Graduate/Project_base/Code/Meng_ProjectBased_DetectCodeSimilar/code-sim/results/formal-v1/negatives/pairs/N00004/left/Main.java,/Users/liuziqi/Documents/西大Graduate/Project_base/Code/Meng_ProjectBased_DetectCodeSimilar/code-sim/results/formal-v1/negatives/pairs/N00004/right/Main.java,p00007,p02256,s999033436.java,s223630015.java,111,111,2,2,23
N00005,/Users/liuziqi/Documents/西大Graduate/Project_base/Code/Meng_ProjectBased_DetectCodeSimilar/code-sim/results/formal-v1/negatives/pairs/N00005/left/Main.java,/Users/liuziqi/Documents/西大Graduate/Project_base/Code/Meng_ProjectBased_DetectCodeSimilar/code-sim/results/formal-v1/negatives/pairs/N00005/right/Main.java,p02959,p02947,s699373457.java,s060415760.java,281,281,4,4,13
N00006,/Users/liuziqi/Documents/西大Graduate/Project_base/Code/Meng_ProjectBased_DetectCodeSimilar/code-sim/results/formal-v1/negatives/pairs/N00006/left/Main.java,/Users/liuziqi/Documents/西大Graduate/Project_base/Code/Meng_ProjectBased_DetectCodeSimilar/code-sim/results/formal-v1/negatives/pairs/N00006/right/Main.java,p02934,p02922,s189953178.java,s688703663.java,119,119,1,1,17
N00007,/Users/liuziqi/Documents/西大Graduate/Project_base/Code/Meng_ProjectBased_DetectCodeSimilar/code-sim/results/formal-v1/negatives/pairs/N00007/left/Main.java,/Users/liuziqi/Documents/西大Graduate/Project_base/Code/Meng_ProjectBased_DetectCodeSimilar/code-sim/results/formal-v1/negatives/pairs/N00007/right/Main.java,p02729,p02724,s505904879.java,s524393840.java,106,106,0,0,12
N00008,/Users/liuziqi/Documents/西大Graduate/Project_base/Code/Meng_ProjectBased_DetectCodeSimilar/code-sim/results/formal-v1/negatives/pairs/N00008/left/Main.java,/Users/liuziqi/Documents/西大Graduate/Project_base/Code/Meng_ProjectBased_DetectCodeSimilar/code-sim/results/formal-v1/negatives/pairs/N00008/right/Main.java,p02981,p03292,s291061282.java,s161100510.java,172,172,0,0,23
N00009,/Users/liuziqi/Documents/西大Graduate/Project_base/Code/Meng_ProjectBased_DetectCodeSimilar/code-sim/results/formal-v1/negatives/pairs/N00009/left/Main.java,/Users/liuziqi/Documents/西大Graduate/Project_base/Code/Meng_ProjectBased_DetectCodeSimilar/code-sim/results/formal-v1/negatives/pairs/N00009/right/Main.java,p02405,p02403,s259630613.java,s533386453.java,212,212,4,4,15
N00010,/Users/liuziqi/Documents/西大Graduate/Project_base/Code/Meng_ProjectBased_DetectCodeSimilar/code-sim/results/formal-v1/negatives/pairs/N00010/left/Main.java,/Users/liuziqi/Documents/西大Graduate/Project_base/Code/Meng_ProjectBased_DetectCodeSimilar/code-sim/results/formal-v1/negatives/pairs/N00010/right/Main.java,p02552,p02612,s548650069.java,s185240656.java,73,73,1,1,10
N00011,/Users/liuziqi/Documents/西大Graduate/Project_base/Code/Meng_ProjectBased_DetectCodeSimilar/code-sim/results/formal-v1/negatives/pairs/N00011/left/Main.java,/Users/liuziqi/Documents/西大Graduate/Project_base/Code/Meng_ProjectBased_DetectCodeSimilar/code-sim/results/formal-v1/negatives/pairs/N00011/right/Main.java,p02784,p02767,s769748703.java,s546522139.java,258,258,2,2,19
N00012,/Users/liuziqi/Documents/西大Graduate/Project_base/Code/Meng_ProjectBased_DetectCodeSimilar/code-sim/results/formal-v1/negatives/pairs/N00012/left/Main.java,/Users/liuziqi/Documents/西大Graduate/Project_base/Code/Meng_ProjectBased_DetectCodeSimilar/code-sim/results/formal-v1/negatives/pairs/N00012/right/Main.java,p03293,p03075,s751275780.java,s367853044.java,717,717,19,21,21
N00013,/Users/liuziqi/Documents/西大Graduate/Project_base/Code/Meng_ProjectBased_DetectCodeSimilar/code-sim/results/formal-v1/negatives/pairs/N00013/left/Main.java,/Users/liuziqi/Documents/西大Graduate/Project_base/Code/Meng_ProjectBased_DetectCodeSimilar/code-sim/results/formal-v1/negatives/pairs/N00013/right/Main.java,p02414,p02413,s506083283.java,s855029158.java,309,309,8,9,17
N00014,/Users/liuziqi/Documents/西大Graduate/Project_base/Code/Meng_ProjectBased_DetectCodeSimilar/code-sim/results/formal-v1/negatives/pairs/N00014/left/Main.java,/Users/liuziqi/Documents/西大Graduate/Project_base/Code/Meng_ProjectBased_DetectCodeSimilar/code-sim/results/formal-v1/negatives/pairs/N00014/right/Main.java,p03072,p03060,s207787812.java,s520967386.java,162,162,4,4,23
N00015,/Users/liuziqi/Documents/西大Graduate/Project_base/Code/Meng_ProjectBased_DetectCodeSimilar/code-sim/results/formal-v1/negatives/pairs/N00015/left/Main.java,/Users/liuziqi/Documents/西大Graduate/Project_base/Code/Meng_ProjectBased_DetectCodeSimilar/code-sim/results/formal-v1/negatives/pairs/N00015/right/Main.java,p02404,p02401,s031541162.java,s541001717.java,193,193,6,7,14
N00016,/Users/liuziqi/Documents/西大Graduate/Project_base/Code/Meng_ProjectBased_DetectCodeSimilar/code-sim/results/formal-v1/negatives/pairs/N00016/left/Main.java,/Users/liuziqi/Documents/西大Graduate/Project_base/Code/Meng_ProjectBased_DetectCodeSimilar/code-sim/results/formal-v1/negatives/pairs/N00016/right/Main.java,p02264,p02258,s468184338.java,s036842534.java,221,221,3,3,17
N00017,/Users/liuziqi/Documents/西大Graduate/Project_base/Code/Meng_ProjectBased_DetectCodeSimilar/code-sim/results/formal-v1/negatives/pairs/N00017/left/Main.java,/Users/liuziqi/Documents/西大Graduate/Project_base/Code/Meng_ProjectBased_DetectCodeSimilar/code-sim/results/formal-v1/negatives/pairs/N00017/right/Main.java,p02409,p02410,s919637992.java,s660367858.java,326,326,8,6,17
N00018,/Users/liuziqi/Documents/西大Graduate/Project_base/Code/Meng_ProjectBased_DetectCodeSimilar/code-sim/results/formal-v1/negatives/pairs/N00018/left/Main.java,/Users/liuziqi/Documents/西大Graduate/Project_base/Code/Meng_ProjectBased_DetectCodeSimilar/code-sim/results/formal-v1/negatives/pairs/N00018/right/Main.java,p02785,p02784,s074263399.java,s432846237.java,170,170,2,2,15
N00019,/Users/liuziqi/Documents/西大Graduate/Project_base/Code/Meng_ProjectBased_DetectCodeSimilar/code-sim/results/formal-v1/negatives/pairs/N00019/left/Main.java,/Users/liuziqi/Documents/西大Graduate/Project_base/Code/Meng_ProjectBased_DetectCodeSimilar/code-sim/results/formal-v1/negatives/pairs/N00019/right/Main.java,p03695,p02576,s448428678.java,s958976979.java,1237,1239,27,30,16
N00020,/Users/liuziqi/Documents/西大Graduate/Project_base/Code/Meng_ProjectBased_DetectCodeSimilar/code-sim/results/formal-v1/negatives/pairs/N00020/left/Main.java,/Users/liuziqi/Documents/西大Graduate/Project_base/Code/Meng_ProjectBased_DetectCodeSimilar/code-sim/results/formal-v1/negatives/pairs/N00020/right/Main.java,p03087,p03102,s622188083.java,s615875156.java,251,251,5,6,26
N00021,/Users/liuziqi/Documents/西大Graduate/Project_base/Code/Meng_ProjectBased_DetectCodeSimilar/code-sim/results/formal-v1/negatives/pairs/N00021/left/Main.java,/Users/liuziqi/Documents/西大Graduate/Project_base/Code/Meng_ProjectBased_DetectCodeSimilar/code-sim/results/formal-v1/negatives/pairs/N00021/right/Main.java,p02994,p02993,s373269724.java,s957366725.java,134,134,3,3,13
N00022,/Users/liuziqi/Documents/西大Graduate/Project_base/Code/Meng_ProjectBased_DetectCodeSimilar/code-sim/results/formal-v1/negatives/pairs/N00022/left/Main.java,/Users/liuziqi/Documents/西大Graduate/Project_base/Code/Meng_ProjectBased_DetectCodeSimilar/code-sim/results/formal-v1/negatives/pairs/N00022/right/Main.java,p03000,p03001,s395894171.java,s760810734.java,222,222,4,3,24
N00023,/Users/liuziqi/Documents/西大Graduate/Project_base/Code/Meng_ProjectBased_DetectCodeSimilar/code-sim/results/formal-v1/negatives/pairs/N00023/left/Main.java,/Users/liuziqi/Documents/西大Graduate/Project_base/Code/Meng_ProjectBased_DetectCodeSimilar/code-sim/results/formal-v1/negatives/pairs/N00023/right/Main.java,p03037,p02830,s173017135.java,s873859946.java,180,180,1,1,22
N00024,/Users/liuziqi/Documents/西大Graduate/Project_base/Code/Meng_ProjectBased_DetectCodeSimilar/code-sim/results/formal-v1/negatives/pairs/N00024/left/Main.java,/Users/liuziqi/Documents/西大Graduate/Project_base/Code/Meng_ProjectBased_DetectCodeSimilar/code-sim/results/formal-v1/negatives/pairs/N00024/right/Main.java,p02639,p02784,s083658139.java,s094814465.java,566,566,8,9,17
N00025,/Users/liuziqi/Documents/西大Graduate/Project_base/Code/Meng_ProjectBased_DetectCodeSimilar/code-sim/results/formal-v1/negatives/pairs/N00025/left/Main.java,/Users/liuziqi/Documents/西大Graduate/Project_base/Code/Meng_ProjectBased_DetectCodeSimilar/code-sim/results/formal-v1/negatives/pairs/N00025/right/Main.java,p02848,p02916,s086406558.java,s359276375.java,289,289,5,6,11
N00026,/Users/liuziqi/Documents/西大Graduate/Project_base/Code/Meng_ProjectBased_DetectCodeSimilar/code-sim/results/formal-v1/negatives/pairs/N00026/left/Main.java,/Users/liuziqi/Documents/西大Graduate/Project_base/Code/Meng_ProjectBased_DetectCodeSimilar/code-sim/results/formal-v1/negatives/pairs/N00026/right/Main.java,p02401,p02393,s732078405.java,s575926620.java,285,285,10,8,17
N00027,/Users/liuziqi/Documents/西大Graduate/Project_base/Code/Meng_ProjectBased_DetectCodeSimilar/code-sim/results/formal-v1/negatives/pairs/N00027/left/Main.java,/Users/liuziqi/Documents/西大Graduate/Project_base/Code/Meng_ProjectBased_DetectCodeSimilar/code-sim/results/formal-v1/negatives/pairs/N00027/right/Main.java,p02897,p02917,s206443375.java,s569496500.java,171,171,2,2,13
N00028,/Users/liuziqi/Documents/西大Graduate/Project_base/Code/Meng_ProjectBased_DetectCodeSimilar/code-sim/results/formal-v1/negatives/pairs/N00028/left/Main.java,/Users/liuziqi/Documents/西大Graduate/Project_base/Code/Meng_ProjectBased_DetectCodeSimilar/code-sim/results/formal-v1/negatives/pairs/N00028/right/Main.java,p02957,p02946,s011192828.java,s809964406.java,128,128,1,1,15
N00029,/Users/liuziqi/Documents/西大Graduate/Project_base/Code/Meng_ProjectBased_DetectCodeSimilar/code-sim/results/formal-v1/negatives/pairs/N00029/left/Main.java,/Users/liuziqi/Documents/西大Graduate/Project_base/Code/Meng_ProjectBased_DetectCodeSimilar/code-sim/results/formal-v1/negatives/pairs/N00029/right/Main.java,p02552,p02612,s856740186.java,s602703976.java,71,71,1,1,17
N00030,/Users/liuziqi/Documents/西大Graduate/Project_base/Code/Meng_ProjectBased_DetectCodeSimilar/code-sim/results/formal-v1/negatives/pairs/N00030/left/Main.java,/Users/liuziqi/Documents/西大Graduate/Project_base/Code/Meng_ProjectBased_DetectCodeSimilar/code-sim/results/formal-v1/negatives/pairs/N00030/right/Main.java,p03478,p03644,s546348625.java,s735721720.java,167,167,3,4,23
N00031,/Users/liuziqi/Documents/西大Graduate/Project_base/Code/Meng_ProjectBased_DetectCodeSimilar/code-sim/results/formal-v1/negatives/pairs/N00031/left/Main.java,/Users/liuziqi/Documents/西大Graduate/Project_base/Code/Meng_ProjectBased_DetectCodeSimilar/code-sim/results/formal-v1/negatives/pairs/N00031/right/Main.java,p02416,p02417,s984339552.java,s407125089.java,228,228,6,5,16
N00032,/Users/liuziqi/Documents/西大Graduate/Project_base/Code/Meng_ProjectBased_DetectCodeSimilar/code-sim/results/formal-v1/negatives/pairs/N00032/left/Main.java,/Users/liuziqi/Documents/西大Graduate/Project_base/Code/Meng_ProjectBased_DetectCodeSimilar/code-sim/results/formal-v1/negatives/pairs/N00032/right/Main.java,p03316,p03325,s871286498.java,s284671872.java,126,126,2,2,14
N00033,/Users/liuziqi/Documents/西大Graduate/Project_base/Code/Meng_ProjectBased_DetectCodeSimilar/code-sim/results/formal-v1/negatives/pairs/N00033/left/Main.java,/Users/liuziqi/Documents/西大Graduate/Project_base/Code/Meng_ProjectBased_DetectCodeSimilar/code-sim/results/formal-v1/negatives/pairs/N00033/right/Main.java,p03316,p03315,s144792408.java,s417915886.java,124,124,2,2,22
N00034,/Users/liuziqi/Documents/西大Graduate/Project_base/Code/Meng_ProjectBased_DetectCodeSimilar/code-sim/results/formal-v1/negatives/pairs/N00034/left/Main.java,/Users/liuziqi/Documents/西大Graduate/Project_base/Code/Meng_ProjectBased_DetectCodeSimilar/code-sim/results/formal-v1/negatives/pairs/N00034/right/Main.java,p03220,p03239,s715444483.java,s540227412.java,190,190,3,3,27
N00035,/Users/liuziqi/Documents/西大Graduate/Project_base/Code/Meng_ProjectBased_DetectCodeSimilar/code-sim/results/formal-v1/negatives/pairs/N00035/left/Main.java,/Users/liuziqi/Documents/西大Graduate/Project_base/Code/Meng_ProjectBased_DetectCodeSimilar/code-sim/results/formal-v1/negatives/pairs/N00035/right/Main.java,p03632,p03470,s550079661.java,s875092546.java,140,140,1,1,17
N00036,/Users/liuziqi/Documents/西大Graduate/Project_base/Code/Meng_ProjectBased_DetectCodeSimilar/code-sim/results/formal-v1/negatives/pairs/N00036/left/Main.java,/Users/liuziqi/Documents/西大Graduate/Project_base/Code/Meng_ProjectBased_DetectCodeSimilar/code-sim/results/formal-v1/negatives/pairs/N00036/right/Main.java,p02718,p02713,s197373485.java,s678441621.java,203,203,5,5,12
N00037,/Users/liuziqi/Documents/西大Graduate/Project_base/Code/Meng_ProjectBased_DetectCodeSimilar/code-sim/results/formal-v1/negatives/pairs/N00037/left/Main.java,/Users/liuziqi/Documents/西大Graduate/Project_base/Code/Meng_ProjectBased_DetectCodeSimilar/code-sim/results/formal-v1/negatives/pairs/N00037/right/Main.java,p02730,p02771,s467135734.java,s332343959.java,159,159,1,1,29
N00038,/Users/liuziqi/Documents/西大Graduate/Project_base/Code/Meng_ProjectBased_DetectCodeSimilar/code-sim/results/formal-v1/negatives/pairs/N00038/left/Main.java,/Users/liuziqi/Documents/西大Graduate/Project_base/Code/Meng_ProjectBased_DetectCodeSimilar/code-sim/results/formal-v1/negatives/pairs/N00038/right/Main.java,p03469,p03493,s551819658.java,s351265607.java,69,69,0,0,15
N00039,/Users/liuziqi/Documents/西大Graduate/Project_base/Code/Meng_ProjectBased_DetectCodeSimilar/code-sim/results/formal-v1/negatives/pairs/N00039/left/Main.java,/Users/liuziqi/Documents/西大Graduate/Project_base/Code/Meng_ProjectBased_DetectCodeSimilar/code-sim/results/formal-v1/negatives/pairs/N00039/right/Main.java,p02403,p02406,s369298416.java,s280740963.java,154,154,4,4,14
N00040,/Users/liuziqi/Documents/西大Graduate/Project_base/Code/Meng_ProjectBased_DetectCodeSimilar/code-sim/results/formal-v1/negatives/pairs/N00040/left/Main.java,/Users/liuziqi/Documents/西大Graduate/Project_base/Code/Meng_ProjectBased_DetectCodeSimilar/code-sim/results/formal-v1/negatives/pairs/N00040/right/Main.java,p02791,p02786,s289535939.java,s752913882.java,147,147,3,4,17
N00041,/Users/liuziqi/Documents/西大Graduate/Project_base/Code/Meng_ProjectBased_DetectCodeSimilar/code-sim/results/formal-v1/negatives/pairs/N00041/left/Main.java,/Users/liuziqi/Documents/西大Graduate/Project_base/Code/Meng_ProjectBased_DetectCodeSimilar/code-sim/results/formal-v1/negatives/pairs/N00041/right/Main.java,p02989,p02988,s441239551.java,s982437625.java,209,209,4,3,24
N00042,/Users/liuziqi/Documents/西大Graduate/Project_base/Code/Meng_ProjectBased_DetectCodeSimilar/code-sim/results/formal-v1/negatives/pairs/N00042/left/Main.java,/Users/liuziqi/Documents/西大Graduate/Project_base/Code/Meng_ProjectBased_DetectCodeSimilar/code-sim/results/formal-v1/negatives/pairs/N00042/right/Main.java,p03161,p03160,s124067484.java,s465279637.java,244,244,4,4,23
N00043,/Users/liuziqi/Documents/西大Graduate/Project_base/Code/Meng_ProjectBased_DetectCodeSimilar/code-sim/results/formal-v1/negatives/pairs/N00043/left/Main.java,/Users/liuziqi/Documents/西大Graduate/Project_base/Code/Meng_ProjectBased_DetectCodeSimilar/code-sim/results/formal-v1/negatives/pairs/N00043/right/Main.java,p03456,p03493,s274671393.java,s077260821.java,114,114,2,2,28
N00044,/Users/liuziqi/Documents/西大Graduate/Project_base/Code/Meng_ProjectBased_DetectCodeSimilar/code-sim/results/formal-v1/negatives/pairs/N00044/left/Main.java,/Users/liuziqi/Documents/西大Graduate/Project_base/Code/Meng_ProjectBased_DetectCodeSimilar/code-sim/results/formal-v1/negatives/pairs/N00044/right/Main.java,p02414,p02409,s543370572.java,s092188465.java,414,414,8,8,15
N00045,/Users/liuziqi/Documents/西大Graduate/Project_base/Code/Meng_ProjectBased_DetectCodeSimilar/code-sim/results/formal-v1/negatives/pairs/N00045/left/Main.java,/Users/liuziqi/Documents/西大Graduate/Project_base/Code/Meng_ProjectBased_DetectCodeSimilar/code-sim/results/formal-v1/negatives/pairs/N00045/right/Main.java,p02391,p02268,s338651129.java,s037507773.java,138,138,2,2,22
N00046,/Users/liuziqi/Documents/西大Graduate/Project_base/Code/Meng_ProjectBased_DetectCodeSimilar/code-sim/results/formal-v1/negatives/pairs/N00046/left/Main.java,/Users/liuziqi/Documents/西大Graduate/Project_base/Code/Meng_ProjectBased_DetectCodeSimilar/code-sim/results/formal-v1/negatives/pairs/N00046/right/Main.java,p02413,p03695,s079627335.java,s847178289.java,538,537,14,10,18
N00047,/Users/liuziqi/Documents/西大Graduate/Project_base/Code/Meng_ProjectBased_DetectCodeSimilar/code-sim/results/formal-v1/negatives/pairs/N00047/left/Main.java,/Users/liuziqi/Documents/西大Graduate/Project_base/Code/Meng_ProjectBased_DetectCodeSimilar/code-sim/results/formal-v1/negatives/pairs/N00047/right/Main.java,p02731,p02729,s513579505.java,s930546627.java,81,81,0,0,11
N00048,/Users/liuziqi/Documents/西大Graduate/Project_base/Code/Meng_ProjectBased_DetectCodeSimilar/code-sim/results/formal-v1/negatives/pairs/N00048/left/Main.java,/Users/liuziqi/Documents/西大Graduate/Project_base/Code/Meng_ProjectBased_DetectCodeSimilar/code-sim/results/formal-v1/negatives/pairs/N00048/right/Main.java,p02622,p02595,s277574064.java,s329957176.java,135,135,2,2,27
N00049,/Users/liuziqi/Documents/西大Graduate/Project_base/Code/Meng_ProjectBased_DetectCodeSimilar/code-sim/results/formal-v1/negatives/pairs/N00049/left/Main.java,/Users/liuziqi/Documents/西大Graduate/Project_base/Code/Meng_ProjectBased_DetectCodeSimilar/code-sim/results/formal-v1/negatives/pairs/N00049/right/Main.java,p03680,p03478,s240260913.java,s488295844.java,200,200,4,3,9
N00050,/Users/liuziqi/Documents/西大Graduate/Project_base/Code/Meng_ProjectBased_DetectCodeSimilar/code-sim/results/formal-v1/negatives/pairs/N00050/left/Main.java,/Users/liuziqi/Documents/西大Graduate/Project_base/Code/Meng_ProjectBased_DetectCodeSimilar/code-sim/results/formal-v1/negatives/pairs/N00050/right/Main.java,p02416,p02419,s399098223.java,s307918897.java,122,122,3,3,11
N00051,/Users/liuziqi/Documents/西大Graduate/Project_base/Code/Meng_ProjectBased_DetectCodeSimilar/code-sim/results/formal-v1/negatives/pairs/N00051/left/Main.java,/Users/liuziqi/Documents/西大Graduate/Project_base/Code/Meng_ProjectBased_DetectCodeSimilar/code-sim/results/formal-v1/negatives/pairs/N00051/right/Main.java,p03493,p03632,s791726518.java,s439184144.java,135,135,2,2,27
N00052,/Users/liuziqi/Documents/西大Graduate/Project_base/Code/Meng_ProjectBased_DetectCodeSimilar/code-sim/results/formal-v1/negatives/pairs/N00052/left/Main.java,/Users/liuziqi/Documents/西大Graduate/Project_base/Code/Meng_ProjectBased_DetectCodeSimilar/code-sim/results/formal-v1/negatives/pairs/N00052/right/Main.java,p02388,p00007,s735003059.java,s891392154.java,116,116,2,2,15
N00053,/Users/liuziqi/Documents/西大Graduate/Project_base/Code/Meng_ProjectBased_DetectCodeSimilar/code-sim/results/formal-v1/negatives/pairs/N00053/left/Main.java,/Users/liuziqi/Documents/西大Graduate/Project_base/Code/Meng_ProjectBased_DetectCodeSimilar/code-sim/results/formal-v1/negatives/pairs/N00053/right/Main.java,p02923,p02922,s865696452.java,s807659560.java,149,149,3,3,23
N00054,/Users/liuziqi/Documents/西大Graduate/Project_base/Code/Meng_ProjectBased_DetectCodeSimilar/code-sim/results/formal-v1/negatives/pairs/N00054/left/Main.java,/Users/liuziqi/Documents/西大Graduate/Project_base/Code/Meng_ProjectBased_DetectCodeSimilar/code-sim/results/formal-v1/negatives/pairs/N00054/right/Main.java,p02719,p02622,s573993837.java,s952727666.java,1119,1119,25,21,20
N00055,/Users/liuziqi/Documents/西大Graduate/Project_base/Code/Meng_ProjectBased_DetectCodeSimilar/code-sim/results/formal-v1/negatives/pairs/N00055/left/Main.java,/Users/liuziqi/Documents/西大Graduate/Project_base/Code/Meng_ProjectBased_DetectCodeSimilar/code-sim/results/formal-v1/negatives/pairs/N00055/right/Main.java,p02659,p03545,s762747894.java,s904803212.java,814,813,17,17,11
N00056,/Users/liuziqi/Documents/西大Graduate/Project_base/Code/Meng_ProjectBased_DetectCodeSimilar/code-sim/results/formal-v1/negatives/pairs/N00056/left/Main.java,/Users/liuziqi/Documents/西大Graduate/Project_base/Code/Meng_ProjectBased_DetectCodeSimilar/code-sim/results/formal-v1/negatives/pairs/N00056/right/Main.java,p03680,p03644,s380444442.java,s287479902.java,193,193,4,5,15
N00057,/Users/liuziqi/Documents/西大Graduate/Project_base/Code/Meng_ProjectBased_DetectCodeSimilar/code-sim/results/formal-v1/negatives/pairs/N00057/left/Main.java,/Users/liuziqi/Documents/西大Graduate/Project_base/Code/Meng_ProjectBased_DetectCodeSimilar/code-sim/results/formal-v1/negatives/pairs/N00057/right/Main.java,p03012,p03043,s060170052.java,s107759001.java,182,182,2,2,15
N00058,/Users/liuziqi/Documents/西大Graduate/Project_base/Code/Meng_ProjectBased_DetectCodeSimilar/code-sim/results/formal-v1/negatives/pairs/N00058/left/Main.java,/Users/liuziqi/Documents/西大Graduate/Project_base/Code/Meng_ProjectBased_DetectCodeSimilar/code-sim/results/formal-v1/negatives/pairs/N00058/right/Main.java,p03087,p03086,s204312137.java,s384186510.java,209,209,3,4,27
N00059,/Users/liuziqi/Documents/西大Graduate/Project_base/Code/Meng_ProjectBased_DetectCodeSimilar/code-sim/results/formal-v1/negatives/pairs/N00059/left/Main.java,/Users/liuziqi/Documents/西大Graduate/Project_base/Code/Meng_ProjectBased_DetectCodeSimilar/code-sim/results/formal-v1/negatives/pairs/N00059/right/Main.java,p04030,p02257,s073623655.java,s408107974.java,163,164,7,5,17
N00060,/Users/liuziqi/Documents/西大Graduate/Project_base/Code/Meng_ProjectBased_DetectCodeSimilar/code-sim/results/formal-v1/negatives/pairs/N00060/left/Main.java,/Users/liuziqi/Documents/西大Graduate/Project_base/Code/Meng_ProjectBased_DetectCodeSimilar/code-sim/results/formal-v1/negatives/pairs/N00060/right/Main.java,p03854,p03814,s404827656.java,s045860146.java,213,213,5,5,28
N00061,/Users/liuziqi/Documents/西大Graduate/Project_base/Code/Meng_ProjectBased_DetectCodeSimilar/code-sim/results/formal-v1/negatives/pairs/N00061/left/Main.java,/Users/liuziqi/Documents/西大Graduate/Project_base/Code/Meng_ProjectBased_DetectCodeSimilar/code-sim/results/formal-v1/negatives/pairs/N00061/right/Main.java,p03126,p03146,s318378891.java,s377840044.java,222,222,5,5,16
N00062,/Users/liuziqi/Documents/西大Graduate/Project_base/Code/Meng_ProjectBased_DetectCodeSimilar/code-sim/results/formal-v1/negatives/pairs/N00062/left/Main.java,/Users/liuziqi/Documents/西大Graduate/Project_base/Code/Meng_ProjectBased_DetectCodeSimilar/code-sim/results/formal-v1/negatives/pairs/N00062/right/Main.java,p02388,p02612,s776468250.java,s109623496.java,67,67,0,0,17
N00063,/Users/liuziqi/Documents/西大Graduate/Project_base/Code/Meng_ProjectBased_DetectCodeSimilar/code-sim/results/formal-v1/negatives/pairs/N00063/left/Main.java,/Users/liuziqi/Documents/西大Graduate/Project_base/Code/Meng_ProjectBased_DetectCodeSimilar/code-sim/results/formal-v1/negatives/pairs/N00063/right/Main.java,p02688,p02699,s352632620.java,s063894826.java,399,399,8,6,17
N00064,/Users/liuziqi/Documents/西大Graduate/Project_base/Code/Meng_ProjectBased_DetectCodeSimilar/code-sim/results/formal-v1/negatives/pairs/N00064/left/Main.java,/Users/liuziqi/Documents/西大Graduate/Project_base/Code/Meng_ProjectBased_DetectCodeSimilar/code-sim/results/formal-v1/negatives/pairs/N00064/right/Main.java,p04030,p03998,s446594206.java,s595811266.java,181,181,5,4,23
N00065,/Users/liuziqi/Documents/西大Graduate/Project_base/Code/Meng_ProjectBased_DetectCodeSimilar/code-sim/results/formal-v1/negatives/pairs/N00065/left/Main.java,/Users/liuziqi/Documents/西大Graduate/Project_base/Code/Meng_ProjectBased_DetectCodeSimilar/code-sim/results/formal-v1/negatives/pairs/N00065/right/Main.java,p02639,p02612,s679013210.java,s381263472.java,82,82,2,2,23
N00066,/Users/liuziqi/Documents/西大Graduate/Project_base/Code/Meng_ProjectBased_DetectCodeSimilar/code-sim/results/formal-v1/negatives/pairs/N00066/left/Main.java,/Users/liuziqi/Documents/西大Graduate/Project_base/Code/Meng_ProjectBased_DetectCodeSimilar/code-sim/results/formal-v1/negatives/pairs/N00066/right/Main.java,p02570,p02571,s380885512.java,s706290736.java,165,165,3,3,27
N00067,/Users/liuziqi/Documents/西大Graduate/Project_base/Code/Meng_ProjectBased_DetectCodeSimilar/code-sim/results/formal-v1/negatives/pairs/N00067/left/Main.java,/Users/liuziqi/Documents/西大Graduate/Project_base/Code/Meng_ProjectBased_DetectCodeSimilar/code-sim/results/formal-v1/negatives/pairs/N00067/right/Main.java,p02957,p02958,s119113404.java,s038288579.java,188,188,3,4,17
N00068,/Users/liuziqi/Documents/西大Graduate/Project_base/Code/Meng_ProjectBased_DetectCodeSimilar/code-sim/results/formal-v1/negatives/pairs/N00068/left/Main.java,/Users/liuziqi/Documents/西大Graduate/Project_base/Code/Meng_ProjectBased_DetectCodeSimilar/code-sim/results/formal-v1/negatives/pairs/N00068/right/Main.java,p03324,p03308,s496865820.java,s714593858.java,117,117,1,1,26
N00069,/Users/liuziqi/Documents/西大Graduate/Project_base/Code/Meng_ProjectBased_DetectCodeSimilar/code-sim/results/formal-v1/negatives/pairs/N00069/left/Main.java,/Users/liuziqi/Documents/西大Graduate/Project_base/Code/Meng_ProjectBased_DetectCodeSimilar/code-sim/results/formal-v1/negatives/pairs/N00069/right/Main.java,p02414,p02264,s454364056.java,s626685723.java,447,447,8,7,13
N00070,/Users/liuziqi/Documents/西大Graduate/Project_base/Code/Meng_ProjectBased_DetectCodeSimilar/code-sim/results/formal-v1/negatives/pairs/N00070/left/Main.java,/Users/liuziqi/Documents/西大Graduate/Project_base/Code/Meng_ProjectBased_DetectCodeSimilar/code-sim/results/formal-v1/negatives/pairs/N00070/right/Main.java,p02408,p02409,s325266231.java,s135217213.java,280,280,7,6,16
N00071,/Users/liuziqi/Documents/西大Graduate/Project_base/Code/Meng_ProjectBased_DetectCodeSimilar/code-sim/results/formal-v1/negatives/pairs/N00071/left/Main.java,/Users/liuziqi/Documents/西大Graduate/Project_base/Code/Meng_ProjectBased_DetectCodeSimilar/code-sim/results/formal-v1/negatives/pairs/N00071/right/Main.java,p03001,p03011,s035089225.java,s561767846.java,161,161,1,1,15
N00072,/Users/liuziqi/Documents/西大Graduate/Project_base/Code/Meng_ProjectBased_DetectCodeSimilar/code-sim/results/formal-v1/negatives/pairs/N00072/left/Main.java,/Users/liuziqi/Documents/西大Graduate/Project_base/Code/Meng_ProjectBased_DetectCodeSimilar/code-sim/results/formal-v1/negatives/pairs/N00072/right/Main.java,p02836,p02835,s049294756.java,s557514877.java,118,118,2,2,16
N00073,/Users/liuziqi/Documents/西大Graduate/Project_base/Code/Meng_ProjectBased_DetectCodeSimilar/code-sim/results/formal-v1/negatives/pairs/N00073/left/Main.java,/Users/liuziqi/Documents/西大Graduate/Project_base/Code/Meng_ProjectBased_DetectCodeSimilar/code-sim/results/formal-v1/negatives/pairs/N00073/right/Main.java,p02725,p02547,s741328709.java,s476598313.java,1016,1016,23,26,18
N00074,/Users/liuziqi/Documents/西大Graduate/Project_base/Code/Meng_ProjectBased_DetectCodeSimilar/code-sim/results/formal-v1/negatives/pairs/N00074/left/Main.java,/Users/liuziqi/Documents/西大Graduate/Project_base/Code/Meng_ProjectBased_DetectCodeSimilar/code-sim/results/formal-v1/negatives/pairs/N00074/right/Main.java,p02711,p02699,s932917657.java,s704602491.java,84,84,1,1,15
N00075,/Users/liuziqi/Documents/西大Graduate/Project_base/Code/Meng_ProjectBased_DetectCodeSimilar/code-sim/results/formal-v1/negatives/pairs/N00075/left/Main.java,/Users/liuziqi/Documents/西大Graduate/Project_base/Code/Meng_ProjectBased_DetectCodeSimilar/code-sim/results/formal-v1/negatives/pairs/N00075/right/Main.java,p02392,p02393,s773128282.java,s304508706.java,112,112,1,1,13
N00076,/Users/liuziqi/Documents/西大Graduate/Project_base/Code/Meng_ProjectBased_DetectCodeSimilar/code-sim/results/formal-v1/negatives/pairs/N00076/left/Main.java,/Users/liuziqi/Documents/西大Graduate/Project_base/Code/Meng_ProjectBased_DetectCodeSimilar/code-sim/results/formal-v1/negatives/pairs/N00076/right/Main.java,p03072,p03073,s056923702.java,s598802047.java,116,116,2,2,15
N00077,/Users/liuziqi/Documents/西大Graduate/Project_base/Code/Meng_ProjectBased_DetectCodeSimilar/code-sim/results/formal-v1/negatives/pairs/N00077/left/Main.java,/Users/liuziqi/Documents/西大Graduate/Project_base/Code/Meng_ProjectBased_DetectCodeSimilar/code-sim/results/formal-v1/negatives/pairs/N00077/right/Main.java,p02753,p02723,s850842437.java,s743080156.java,120,120,1,1,13
N00078,/Users/liuziqi/Documents/西大Graduate/Project_base/Code/Meng_ProjectBased_DetectCodeSimilar/code-sim/results/formal-v1/negatives/pairs/N00078/left/Main.java,/Users/liuziqi/Documents/西大Graduate/Project_base/Code/Meng_ProjectBased_DetectCodeSimilar/code-sim/results/formal-v1/negatives/pairs/N00078/right/Main.java,p02415,p02417,s782277292.java,s482023144.java,238,238,4,5,14
N00079,/Users/liuziqi/Documents/西大Graduate/Project_base/Code/Meng_ProjectBased_DetectCodeSimilar/code-sim/results/formal-v1/negatives/pairs/N00079/left/Main.java,/Users/liuziqi/Documents/西大Graduate/Project_base/Code/Meng_ProjectBased_DetectCodeSimilar/code-sim/results/formal-v1/negatives/pairs/N00079/right/Main.java,p03075,p03001,s211331951.java,s273792075.java,236,236,1,1,27
N00080,/Users/liuziqi/Documents/西大Graduate/Project_base/Code/Meng_ProjectBased_DetectCodeSimilar/code-sim/results/formal-v1/negatives/pairs/N00080/left/Main.java,/Users/liuziqi/Documents/西大Graduate/Project_base/Code/Meng_ProjectBased_DetectCodeSimilar/code-sim/results/formal-v1/negatives/pairs/N00080/right/Main.java,p03371,p03324,s031175728.java,s859118548.java,195,195,3,3,11
N00081,/Users/liuziqi/Documents/西大Graduate/Project_base/Code/Meng_ProjectBased_DetectCodeSimilar/code-sim/results/formal-v1/negatives/pairs/N00081/left/Main.java,/Users/liuziqi/Documents/西大Graduate/Project_base/Code/Meng_ProjectBased_DetectCodeSimilar/code-sim/results/formal-v1/negatives/pairs/N00081/right/Main.java,p02785,p02779,s970040686.java,s948250480.java,168,168,2,2,21
N00082,/Users/liuziqi/Documents/西大Graduate/Project_base/Code/Meng_ProjectBased_DetectCodeSimilar/code-sim/results/formal-v1/negatives/pairs/N00082/left/Main.java,/Users/liuziqi/Documents/西大Graduate/Project_base/Code/Meng_ProjectBased_DetectCodeSimilar/code-sim/results/formal-v1/negatives/pairs/N00082/right/Main.java,p02812,p02818,s802633995.java,s314534671.java,149,149,2,2,9
N00083,/Users/liuziqi/Documents/西大Graduate/Project_base/Code/Meng_ProjectBased_DetectCodeSimilar/code-sim/results/formal-v1/negatives/pairs/N00083/left/Main.java,/Users/liuziqi/Documents/西大Graduate/Project_base/Code/Meng_ProjectBased_DetectCodeSimilar/code-sim/results/formal-v1/negatives/pairs/N00083/right/Main.java,p02993,p02994,s400644463.java,s122109140.java,131,131,2,2,13
N00084,/Users/liuziqi/Documents/西大Graduate/Project_base/Code/Meng_ProjectBased_DetectCodeSimilar/code-sim/results/formal-v1/negatives/pairs/N00084/left/Main.java,/Users/liuziqi/Documents/西大Graduate/Project_base/Code/Meng_ProjectBased_DetectCodeSimilar/code-sim/results/formal-v1/negatives/pairs/N00084/right/Main.java,p03106,p03102,s109420265.java,s451067287.java,189,189,3,4,15
N00085,/Users/liuziqi/Documents/西大Graduate/Project_base/Code/Meng_ProjectBased_DetectCodeSimilar/code-sim/results/formal-v1/negatives/pairs/N00085/left/Main.java,/Users/liuziqi/Documents/西大Graduate/Project_base/Code/Meng_ProjectBased_DetectCodeSimilar/code-sim/results/formal-v1/negatives/pairs/N00085/right/Main.java,p02812,p02818,s824474736.java,s045327153.java,153,153,2,2,10
N00086,/Users/liuziqi/Documents/西大Graduate/Project_base/Code/Meng_ProjectBased_DetectCodeSimilar/code-sim/results/formal-v1/negatives/pairs/N00086/left/Main.java,/Users/liuziqi/Documents/西大Graduate/Project_base/Code/Meng_ProjectBased_DetectCodeSimilar/code-sim/results/formal-v1/negatives/pairs/N00086/right/Main.java,p02613,p02571,s455839495.java,s461391278.java,211,211,5,4,17
N00087,/Users/liuziqi/Documents/西大Graduate/Project_base/Code/Meng_ProjectBased_DetectCodeSimilar/code-sim/results/formal-v1/negatives/pairs/N00087/left/Main.java,/Users/liuziqi/Documents/西大Graduate/Project_base/Code/Meng_ProjectBased_DetectCodeSimilar/code-sim/results/formal-v1/negatives/pairs/N00087/right/Main.java,p03126,p03102,s562327845.java,s095348744.java,274,274,7,6,26
N00088,/Users/liuziqi/Documents/西大Graduate/Project_base/Code/Meng_ProjectBased_DetectCodeSimilar/code-sim/results/formal-v1/negatives/pairs/N00088/left/Main.java,/Users/liuziqi/Documents/西大Graduate/Project_base/Code/Meng_ProjectBased_DetectCodeSimilar/code-sim/results/formal-v1/negatives/pairs/N00088/right/Main.java,p02259,p02258,s401044612.java,s066337774.java,265,265,7,8,13
N00089,/Users/liuziqi/Documents/西大Graduate/Project_base/Code/Meng_ProjectBased_DetectCodeSimilar/code-sim/results/formal-v1/negatives/pairs/N00089/left/Main.java,/Users/liuziqi/Documents/西大Graduate/Project_base/Code/Meng_ProjectBased_DetectCodeSimilar/code-sim/results/formal-v1/negatives/pairs/N00089/right/Main.java,p02390,p00006,s271421024.java,s780843034.java,102,102,1,1,15
N00090,/Users/liuziqi/Documents/西大Graduate/Project_base/Code/Meng_ProjectBased_DetectCodeSimilar/code-sim/results/formal-v1/negatives/pairs/N00090/left/Main.java,/Users/liuziqi/Documents/西大Graduate/Project_base/Code/Meng_ProjectBased_DetectCodeSimilar/code-sim/results/formal-v1/negatives/pairs/N00090/right/Main.java,p02772,p02790,s855931155.java,s594047045.java,132,132,4,3,17
N00091,/Users/liuziqi/Documents/西大Graduate/Project_base/Code/Meng_ProjectBased_DetectCodeSimilar/code-sim/results/formal-v1/negatives/pairs/N00091/left/Main.java,/Users/liuziqi/Documents/西大Graduate/Project_base/Code/Meng_ProjectBased_DetectCodeSimilar/code-sim/results/formal-v1/negatives/pairs/N00091/right/Main.java,p02403,p02268,s233014542.java,s360475762.java,325,325,6,7,10
N00092,/Users/liuziqi/Documents/西大Graduate/Project_base/Code/Meng_ProjectBased_DetectCodeSimilar/code-sim/results/formal-v1/negatives/pairs/N00092/left/Main.java,/Users/liuziqi/Documents/西大Graduate/Project_base/Code/Meng_ProjectBased_DetectCodeSimilar/code-sim/results/formal-v1/negatives/pairs/N00092/right/Main.java,p03072,p03075,s466685748.java,s536529807.java,147,147,2,2,28
N00093,/Users/liuziqi/Documents/西大Graduate/Project_base/Code/Meng_ProjectBased_DetectCodeSimilar/code-sim/results/formal-v1/negatives/pairs/N00093/left/Main.java,/Users/liuziqi/Documents/西大Graduate/Project_base/Code/Meng_ProjectBased_DetectCodeSimilar/code-sim/results/formal-v1/negatives/pairs/N00093/right/Main.java,p02411,p02410,s160386131.java,s935637673.java,253,253,6,5,13
N00094,/Users/liuziqi/Documents/西大Graduate/Project_base/Code/Meng_ProjectBased_DetectCodeSimilar/code-sim/results/formal-v1/negatives/pairs/N00094/left/Main.java,/Users/liuziqi/Documents/西大Graduate/Project_base/Code/Meng_ProjectBased_DetectCodeSimilar/code-sim/results/formal-v1/negatives/pairs/N00094/right/Main.java,p03160,p00005,s287393973.java,s122663111.java,558,559,6,5,10
N00095,/Users/liuziqi/Documents/西大Graduate/Project_base/Code/Meng_ProjectBased_DetectCodeSimilar/code-sim/results/formal-v1/negatives/pairs/N00095/left/Main.java,/Users/liuziqi/Documents/西大Graduate/Project_base/Code/Meng_ProjectBased_DetectCodeSimilar/code-sim/results/formal-v1/negatives/pairs/N00095/right/Main.java,p03041,p03042,s218211838.java,s251920392.java,236,236,4,5,28
N00096,/Users/liuziqi/Documents/西大Graduate/Project_base/Code/Meng_ProjectBased_DetectCodeSimilar/code-sim/results/formal-v1/negatives/pairs/N00096/left/Main.java,/Users/liuziqi/Documents/西大Graduate/Project_base/Code/Meng_ProjectBased_DetectCodeSimilar/code-sim/results/formal-v1/negatives/pairs/N00096/right/Main.java,p02389,p00007,s026967785.java,s744403082.java,158,158,1,1,16
N00097,/Users/liuziqi/Documents/西大Graduate/Project_base/Code/Meng_ProjectBased_DetectCodeSimilar/code-sim/results/formal-v1/negatives/pairs/N00097/left/Main.java,/Users/liuziqi/Documents/西大Graduate/Project_base/Code/Meng_ProjectBased_DetectCodeSimilar/code-sim/results/formal-v1/negatives/pairs/N00097/right/Main.java,p03469,p02922,s254960540.java,s024167360.java,72,72,0,0,11
N00098,/Users/liuziqi/Documents/西大Graduate/Project_base/Code/Meng_ProjectBased_DetectCodeSimilar/code-sim/results/formal-v1/negatives/pairs/N00098/left/Main.java,/Users/liuziqi/Documents/西大Graduate/Project_base/Code/Meng_ProjectBased_DetectCodeSimilar/code-sim/results/formal-v1/negatives/pairs/N00098/right/Main.java,p03281,p03289,s620854251.java,s973326695.java,293,293,6,8,10
N00099,/Users/liuziqi/Documents/西大Graduate/Project_base/Code/Meng_ProjectBased_DetectCodeSimilar/code-sim/results/formal-v1/negatives/pairs/N00099/left/Main.java,/Users/liuziqi/Documents/西大Graduate/Project_base/Code/Meng_ProjectBased_DetectCodeSimilar/code-sim/results/formal-v1/negatives/pairs/N00099/right/Main.java,p02688,p02693,s563257729.java,s134342953.java,179,179,4,4,21
N00100,/Users/liuziqi/Documents/西大Graduate/Project_base/Code/Meng_ProjectBased_DetectCodeSimilar/code-sim/results/formal-v1/negatives/pairs/N00100/left/Main.java,/Users/liuziqi/Documents/西大Graduate/Project_base/Code/Meng_ProjectBased_DetectCodeSimilar/code-sim/results/formal-v1/negatives/pairs/N00100/right/Main.java,p00003,p00006,s682030516.java,s872899451.java,182,182,3,3,17
N00101,/Users/liuziqi/Documents/西大Graduate/Project_base/Code/Meng_ProjectBased_DetectCodeSimilar/code-sim/results/formal-v1/negatives/pairs/N00101/left/Main.java,/Users/liuziqi/Documents/西大Graduate/Project_base/Code/Meng_ProjectBased_DetectCodeSimilar/code-sim/results/formal-v1/negatives/pairs/N00101/right/Main.java,p02791,p02812,s868038098.java,s480064880.java,117,117,2,2,17
N00102,/Users/liuziqi/Documents/西大Graduate/Project_base/Code/Meng_ProjectBased_DetectCodeSimilar/code-sim/results/formal-v1/negatives/pairs/N00102/left/Main.java,/Users/liuziqi/Documents/西大Graduate/Project_base/Code/Meng_ProjectBased_DetectCodeSimilar/code-sim/results/formal-v1/negatives/pairs/N00102/right/Main.java,p00011,p00003,s138514331.java,s766970181.java,261,261,5,4,12
N00103,/Users/liuziqi/Documents/西大Graduate/Project_base/Code/Meng_ProjectBased_DetectCodeSimilar/code-sim/results/formal-v1/negatives/pairs/N00103/left/Main.java,/Users/liuziqi/Documents/西大Graduate/Project_base/Code/Meng_ProjectBased_DetectCodeSimilar/code-sim/results/formal-v1/negatives/pairs/N00103/right/Main.java,p02719,p02706,s652554409.java,s282743123.java,482,482,9,7,16
N00104,/Users/liuziqi/Documents/西大Graduate/Project_base/Code/Meng_ProjectBased_DetectCodeSimilar/code-sim/results/formal-v1/negatives/pairs/N00104/left/Main.java,/Users/liuziqi/Documents/西大Graduate/Project_base/Code/Meng_ProjectBased_DetectCodeSimilar/code-sim/results/formal-v1/negatives/pairs/N00104/right/Main.java,p03289,p03261,s554130232.java,s566354875.java,226,226,6,6,27
N00105,/Users/liuziqi/Documents/西大Graduate/Project_base/Code/Meng_ProjectBased_DetectCodeSimilar/code-sim/results/formal-v1/negatives/pairs/N00105/left/Main.java,/Users/liuziqi/Documents/西大Graduate/Project_base/Code/Meng_ProjectBased_DetectCodeSimilar/code-sim/results/formal-v1/negatives/pairs/N00105/right/Main.java,p03261,p03220,s043135116.java,s362533809.java,251,251,5,4,28
N00106,/Users/liuziqi/Documents/西大Graduate/Project_base/Code/Meng_ProjectBased_DetectCodeSimilar/code-sim/results/formal-v1/negatives/pairs/N00106/left/Main.java,/Users/liuziqi/Documents/西大Graduate/Project_base/Code/Meng_ProjectBased_DetectCodeSimilar/code-sim/results/formal-v1/negatives/pairs/N00106/right/Main.java,p02659,p02657,s751126015.java,s949735422.java,108,108,0,0,17
N00107,/Users/liuziqi/Documents/西大Graduate/Project_base/Code/Meng_ProjectBased_DetectCodeSimilar/code-sim/results/formal-v1/negatives/pairs/N00107/left/Main.java,/Users/liuziqi/Documents/西大Graduate/Project_base/Code/Meng_ProjectBased_DetectCodeSimilar/code-sim/results/formal-v1/negatives/pairs/N00107/right/Main.java,p02553,p04030,s431429342.java,s919950923.java,853,852,13,18,22
N00108,/Users/liuziqi/Documents/西大Graduate/Project_base/Code/Meng_ProjectBased_DetectCodeSimilar/code-sim/results/formal-v1/negatives/pairs/N00108/left/Main.java,/Users/liuziqi/Documents/西大Graduate/Project_base/Code/Meng_ProjectBased_DetectCodeSimilar/code-sim/results/formal-v1/negatives/pairs/N00108/right/Main.java,p02790,p02783,s986553642.java,s776989162.java,114,114,1,1,27
N00109,/Users/liuziqi/Documents/西大Graduate/Project_base/Code/Meng_ProjectBased_DetectCodeSimilar/code-sim/results/formal-v1/negatives/pairs/N00109/left/Main.java,/Users/liuziqi/Documents/西大Graduate/Project_base/Code/Meng_ProjectBased_DetectCodeSimilar/code-sim/results/formal-v1/negatives/pairs/N00109/right/Main.java,p02981,p02987,s869382501.java,s670427634.java,116,116,1,1,23
N00110,/Users/liuziqi/Documents/西大Graduate/Project_base/Code/Meng_ProjectBased_DetectCodeSimilar/code-sim/results/formal-v1/negatives/pairs/N00110/left/Main.java,/Users/liuziqi/Documents/西大Graduate/Project_base/Code/Meng_ProjectBased_DetectCodeSimilar/code-sim/results/formal-v1/negatives/pairs/N00110/right/Main.java,p02405,p02406,s943052417.java,s491933789.java,214,214,5,6,12
N00111,/Users/liuziqi/Documents/西大Graduate/Project_base/Code/Meng_ProjectBased_DetectCodeSimilar/code-sim/results/formal-v1/negatives/pairs/N00111/left/Main.java,/Users/liuziqi/Documents/西大Graduate/Project_base/Code/Meng_ProjectBased_DetectCodeSimilar/code-sim/results/formal-v1/negatives/pairs/N00111/right/Main.java,p02391,p02392,s868786358.java,s805408265.java,113,113,2,2,13
N00112,/Users/liuziqi/Documents/西大Graduate/Project_base/Code/Meng_ProjectBased_DetectCodeSimilar/code-sim/results/formal-v1/negatives/pairs/N00112/left/Main.java,/Users/liuziqi/Documents/西大Graduate/Project_base/Code/Meng_ProjectBased_DetectCodeSimilar/code-sim/results/formal-v1/negatives/pairs/N00112/right/Main.java,p02831,p02832,s961665341.java,s100626730.java,137,137,3,3,16
N00113,/Users/liuziqi/Documents/西大Graduate/Project_base/Code/Meng_ProjectBased_DetectCodeSimilar/code-sim/results/formal-v1/negatives/pairs/N00113/left/Main.java,/Users/liuziqi/Documents/西大Graduate/Project_base/Code/Meng_ProjectBased_DetectCodeSimilar/code-sim/results/formal-v1/negatives/pairs/N00113/right/Main.java,p02409,p02394,s336166208.java,s802690802.java,330,330,8,7,15
N00114,/Users/liuziqi/Documents/西大Graduate/Project_base/Code/Meng_ProjectBased_DetectCodeSimilar/code-sim/results/formal-v1/negatives/pairs/N00114/left/Main.java,/Users/liuziqi/Documents/西大Graduate/Project_base/Code/Meng_ProjectBased_DetectCodeSimilar/code-sim/results/formal-v1/negatives/pairs/N00114/right/Main.java,p03775,p03720,s934325755.java,s135976440.java,130,130,2,2,13
N00115,/Users/liuziqi/Documents/西大Graduate/Project_base/Code/Meng_ProjectBased_DetectCodeSimilar/code-sim/results/formal-v1/negatives/pairs/N00115/left/Main.java,/Users/liuziqi/Documents/西大Graduate/Project_base/Code/Meng_ProjectBased_DetectCodeSimilar/code-sim/results/formal-v1/negatives/pairs/N00115/right/Main.java,p03037,p03043,s467924215.java,s604597230.java,186,186,2,2,27
N00116,/Users/liuziqi/Documents/西大Graduate/Project_base/Code/Meng_ProjectBased_DetectCodeSimilar/code-sim/results/formal-v1/negatives/pairs/N00116/left/Main.java,/Users/liuziqi/Documents/西大Graduate/Project_base/Code/Meng_ProjectBased_DetectCodeSimilar/code-sim/results/formal-v1/negatives/pairs/N00116/right/Main.java,p03041,p03059,s880714714.java,s505726009.java,123,123,1,1,27
N00117,/Users/liuziqi/Documents/西大Graduate/Project_base/Code/Meng_ProjectBased_DetectCodeSimilar/code-sim/results/formal-v1/negatives/pairs/N00117/left/Main.java,/Users/liuziqi/Documents/西大Graduate/Project_base/Code/Meng_ProjectBased_DetectCodeSimilar/code-sim/results/formal-v1/negatives/pairs/N00117/right/Main.java,p02419,p02418,s045858858.java,s725472980.java,147,147,4,3,10
N00118,/Users/liuziqi/Documents/西大Graduate/Project_base/Code/Meng_ProjectBased_DetectCodeSimilar/code-sim/results/formal-v1/negatives/pairs/N00118/left/Main.java,/Users/liuziqi/Documents/西大Graduate/Project_base/Code/Meng_ProjectBased_DetectCodeSimilar/code-sim/results/formal-v1/negatives/pairs/N00118/right/Main.java,p02879,p02777,s767139097.java,s556399651.java,640,640,16,16,17
N00119,/Users/liuziqi/Documents/西大Graduate/Project_base/Code/Meng_ProjectBased_DetectCodeSimilar/code-sim/results/formal-v1/negatives/pairs/N00119/left/Main.java,/Users/liuziqi/Documents/西大Graduate/Project_base/Code/Meng_ProjectBased_DetectCodeSimilar/code-sim/results/formal-v1/negatives/pairs/N00119/right/Main.java,p03455,p03493,s927495995.java,s522491756.java,122,122,3,3,9
N00120,/Users/liuziqi/Documents/西大Graduate/Project_base/Code/Meng_ProjectBased_DetectCodeSimilar/code-sim/results/formal-v1/negatives/pairs/N00120/left/Main.java,/Users/liuziqi/Documents/西大Graduate/Project_base/Code/Meng_ProjectBased_DetectCodeSimilar/code-sim/results/formal-v1/negatives/pairs/N00120/right/Main.java,p03239,p03220,s623235619.java,s030769932.java,683,683,17,18,23
N00121,/Users/liuziqi/Documents/西大Graduate/Project_base/Code/Meng_ProjectBased_DetectCodeSimilar/code-sim/results/formal-v1/negatives/pairs/N00121/left/Main.java,/Users/liuziqi/Documents/西大Graduate/Project_base/Code/Meng_ProjectBased_DetectCodeSimilar/code-sim/results/formal-v1/negatives/pairs/N00121/right/Main.java,p02860,p02909,s782707293.java,s909319780.java,231,231,5,4,11
N00122,/Users/liuziqi/Documents/西大Graduate/Project_base/Code/Meng_ProjectBased_DetectCodeSimilar/code-sim/results/formal-v1/negatives/pairs/N00122/left/Main.java,/Users/liuziqi/Documents/西大Graduate/Project_base/Code/Meng_ProjectBased_DetectCodeSimilar/code-sim/results/formal-v1/negatives/pairs/N00122/right/Main.java,p03076,p03013,s477412986.java,s677609278.java,353,353,9,12,15
N00123,/Users/liuziqi/Documents/西大Graduate/Project_base/Code/Meng_ProjectBased_DetectCodeSimilar/code-sim/results/formal-v1/negatives/pairs/N00123/left/Main.java,/Users/liuziqi/Documents/西大Graduate/Project_base/Code/Meng_ProjectBased_DetectCodeSimilar/code-sim/results/formal-v1/negatives/pairs/N00123/right/Main.java,p03457,p03456,s193852129.java,s127709151.java,197,197,2,2,22
N00124,/Users/liuziqi/Documents/西大Graduate/Project_base/Code/Meng_ProjectBased_DetectCodeSimilar/code-sim/results/formal-v1/negatives/pairs/N00124/left/Main.java,/Users/liuziqi/Documents/西大Graduate/Project_base/Code/Meng_ProjectBased_DetectCodeSimilar/code-sim/results/formal-v1/negatives/pairs/N00124/right/Main.java,p02953,p02947,s155890801.java,s988436669.java,232,232,4,4,20
N00125,/Users/liuziqi/Documents/西大Graduate/Project_base/Code/Meng_ProjectBased_DetectCodeSimilar/code-sim/results/formal-v1/negatives/pairs/N00125/left/Main.java,/Users/liuziqi/Documents/西大Graduate/Project_base/Code/Meng_ProjectBased_DetectCodeSimilar/code-sim/results/formal-v1/negatives/pairs/N00125/right/Main.java,p02957,p02970,s305078727.java,s155370168.java,107,107,1,1,28
N00126,/Users/liuziqi/Documents/西大Graduate/Project_base/Code/Meng_ProjectBased_DetectCodeSimilar/code-sim/results/formal-v1/negatives/pairs/N00126/left/Main.java,/Users/liuziqi/Documents/西大Graduate/Project_base/Code/Meng_ProjectBased_DetectCodeSimilar/code-sim/results/formal-v1/negatives/pairs/N00126/right/Main.java,p03072,p03071,s045738684.java,s329602988.java,155,155,3,3,16
N00127,/Users/liuziqi/Documents/西大Graduate/Project_base/Code/Meng_ProjectBased_DetectCodeSimilar/code-sim/results/formal-v1/negatives/pairs/N00127/left/Main.java,/Users/liuziqi/Documents/西大Graduate/Project_base/Code/Meng_ProjectBased_DetectCodeSimilar/code-sim/results/formal-v1/negatives/pairs/N00127/right/Main.java,p02819,p03285,s665861096.java,s364817103.java,381,381,4,3,11
N00128,/Users/liuziqi/Documents/西大Graduate/Project_base/Code/Meng_ProjectBased_DetectCodeSimilar/code-sim/results/formal-v1/negatives/pairs/N00128/left/Main.java,/Users/liuziqi/Documents/西大Graduate/Project_base/Code/Meng_ProjectBased_DetectCodeSimilar/code-sim/results/formal-v1/negatives/pairs/N00128/right/Main.java,p02754,p02759,s724847095.java,s383538163.java,136,136,1,1,11
N00129,/Users/liuziqi/Documents/西大Graduate/Project_base/Code/Meng_ProjectBased_DetectCodeSimilar/code-sim/results/formal-v1/negatives/pairs/N00129/left/Main.java,/Users/liuziqi/Documents/西大Graduate/Project_base/Code/Meng_ProjectBased_DetectCodeSimilar/code-sim/results/formal-v1/negatives/pairs/N00129/right/Main.java,p00002,p04043,s539210905.java,s693970929.java,140,139,1,1,21
N00130,/Users/liuziqi/Documents/西大Graduate/Project_base/Code/Meng_ProjectBased_DetectCodeSimilar/code-sim/results/formal-v1/negatives/pairs/N00130/left/Main.java,/Users/liuziqi/Documents/西大Graduate/Project_base/Code/Meng_ProjectBased_DetectCodeSimilar/code-sim/results/formal-v1/negatives/pairs/N00130/right/Main.java,p03281,p03242,s112338708.java,s979607222.java,128,128,4,4,25
N00131,/Users/liuziqi/Documents/西大Graduate/Project_base/Code/Meng_ProjectBased_DetectCodeSimilar/code-sim/results/formal-v1/negatives/pairs/N00131/left/Main.java,/Users/liuziqi/Documents/西大Graduate/Project_base/Code/Meng_ProjectBased_DetectCodeSimilar/code-sim/results/formal-v1/negatives/pairs/N00131/right/Main.java,p03106,p03087,s895963155.java,s958768613.java,288,288,5,5,11
N00132,/Users/liuziqi/Documents/西大Graduate/Project_base/Code/Meng_ProjectBased_DetectCodeSimilar/code-sim/results/formal-v1/negatives/pairs/N00132/left/Main.java,/Users/liuziqi/Documents/西大Graduate/Project_base/Code/Meng_ProjectBased_DetectCodeSimilar/code-sim/results/formal-v1/negatives/pairs/N00132/right/Main.java,p03360,p03289,s077327263.java,s620240299.java,305,305,7,7,11
N00133,/Users/liuziqi/Documents/西大Graduate/Project_base/Code/Meng_ProjectBased_DetectCodeSimilar/code-sim/results/formal-v1/negatives/pairs/N00133/left/Main.java,/Users/liuziqi/Documents/西大Graduate/Project_base/Code/Meng_ProjectBased_DetectCodeSimilar/code-sim/results/formal-v1/negatives/pairs/N00133/right/Main.java,p02778,p02766,s644191185.java,s965619699.java,94,94,1,1,21
N00134,/Users/liuziqi/Documents/西大Graduate/Project_base/Code/Meng_ProjectBased_DetectCodeSimilar/code-sim/results/formal-v1/negatives/pairs/N00134/left/Main.java,/Users/liuziqi/Documents/西大Graduate/Project_base/Code/Meng_ProjectBased_DetectCodeSimilar/code-sim/results/formal-v1/negatives/pairs/N00134/right/Main.java,p02922,p02970,s572247036.java,s620223421.java,149,149,1,1,11
N00135,/Users/liuziqi/Documents/西大Graduate/Project_base/Code/Meng_ProjectBased_DetectCodeSimilar/code-sim/results/formal-v1/negatives/pairs/N00135/left/Main.java,/Users/liuziqi/Documents/西大Graduate/Project_base/Code/Meng_ProjectBased_DetectCodeSimilar/code-sim/results/formal-v1/negatives/pairs/N00135/right/Main.java,p03000,p03035,s273956480.java,s189198697.java,108,108,2,2,10
N00136,/Users/liuziqi/Documents/西大Graduate/Project_base/Code/Meng_ProjectBased_DetectCodeSimilar/code-sim/results/formal-v1/negatives/pairs/N00136/left/Main.java,/Users/liuziqi/Documents/西大Graduate/Project_base/Code/Meng_ProjectBased_DetectCodeSimilar/code-sim/results/formal-v1/negatives/pairs/N00136/right/Main.java,p02706,p02712,s676754636.java,s687686447.java,1122,1121,20,15,22
N00137,/Users/liuziqi/Documents/西大Graduate/Project_base/Code/Meng_ProjectBased_DetectCodeSimilar/code-sim/results/formal-v1/negatives/pairs/N00137/left/Main.java,/Users/liuziqi/Documents/西大Graduate/Project_base/Code/Meng_ProjectBased_DetectCodeSimilar/code-sim/results/formal-v1/negatives/pairs/N00137/right/Main.java,p02971,p02983,s869062866.java,s135532585.java,196,196,3,3,15
N00138,/Users/liuziqi/Documents/西大Graduate/Project_base/Code/Meng_ProjectBased_DetectCodeSimilar/code-sim/results/formal-v1/negatives/pairs/N00138/left/Main.java,/Users/liuziqi/Documents/西大Graduate/Project_base/Code/Meng_ProjectBased_DetectCodeSimilar/code-sim/results/formal-v1/negatives/pairs/N00138/right/Main.java,p02899,p02898,s505020239.java,s686830835.java,139,139,2,2,23
N00139,/Users/liuziqi/Documents/西大Graduate/Project_base/Code/Meng_ProjectBased_DetectCodeSimilar/code-sim/results/formal-v1/negatives/pairs/N00139/left/Main.java,/Users/liuziqi/Documents/西大Graduate/Project_base/Code/Meng_ProjectBased_DetectCodeSimilar/code-sim/results/formal-v1/negatives/pairs/N00139/right/Main.java,p02778,p02766,s027986769.java,s944079586.java,92,92,1,1,17
N00140,/Users/liuziqi/Documents/西大Graduate/Project_base/Code/Meng_ProjectBased_DetectCodeSimilar/code-sim/results/formal-v1/negatives/pairs/N00140/left/Main.java,/Users/liuziqi/Documents/西大Graduate/Project_base/Code/Meng_ProjectBased_DetectCodeSimilar/code-sim/results/formal-v1/negatives/pairs/N00140/right/Main.java,p02699,p02701,s222438237.java,s382727440.java,101,101,1,1,16
N00141,/Users/liuziqi/Documents/西大Graduate/Project_base/Code/Meng_ProjectBased_DetectCodeSimilar/code-sim/results/formal-v1/negatives/pairs/N00141/left/Main.java,/Users/liuziqi/Documents/西大Graduate/Project_base/Code/Meng_ProjectBased_DetectCodeSimilar/code-sim/results/formal-v1/negatives/pairs/N00141/right/Main.java,p02994,p03000,s730677619.java,s458587815.java,182,182,3,4,22
N00142,/Users/liuziqi/Documents/西大Graduate/Project_base/Code/Meng_ProjectBased_DetectCodeSimilar/code-sim/results/formal-v1/negatives/pairs/N00142/left/Main.java,/Users/liuziqi/Documents/西大Graduate/Project_base/Code/Meng_ProjectBased_DetectCodeSimilar/code-sim/results/formal-v1/negatives/pairs/N00142/right/Main.java,p02400,p02399,s879338430.java,s295379351.java,116,116,0,0,11
N00143,/Users/liuziqi/Documents/西大Graduate/Project_base/Code/Meng_ProjectBased_DetectCodeSimilar/code-sim/results/formal-v1/negatives/pairs/N00143/left/Main.java,/Users/liuziqi/Documents/西大Graduate/Project_base/Code/Meng_ProjectBased_DetectCodeSimilar/code-sim/results/formal-v1/negatives/pairs/N00143/right/Main.java,p02414,p02268,s065962788.java,s972241357.java,370,370,8,8,22
N00144,/Users/liuziqi/Documents/西大Graduate/Project_base/Code/Meng_ProjectBased_DetectCodeSimilar/code-sim/results/formal-v1/negatives/pairs/N00144/left/Main.java,/Users/liuziqi/Documents/西大Graduate/Project_base/Code/Meng_ProjectBased_DetectCodeSimilar/code-sim/results/formal-v1/negatives/pairs/N00144/right/Main.java,p02831,p02772,s955024782.java,s461400119.java,400,400,4,5,16
N00145,/Users/liuziqi/Documents/西大Graduate/Project_base/Code/Meng_ProjectBased_DetectCodeSimilar/code-sim/results/formal-v1/negatives/pairs/N00145/left/Main.java,/Users/liuziqi/Documents/西大Graduate/Project_base/Code/Meng_ProjectBased_DetectCodeSimilar/code-sim/results/formal-v1/negatives/pairs/N00145/right/Main.java,p02773,p02802,s258468992.java,s190815691.java,229,229,6,6,28
N00146,/Users/liuziqi/Documents/西大Graduate/Project_base/Code/Meng_ProjectBased_DetectCodeSimilar/code-sim/results/formal-v1/negatives/pairs/N00146/left/Main.java,/Users/liuziqi/Documents/西大Graduate/Project_base/Code/Meng_ProjectBased_DetectCodeSimilar/code-sim/results/formal-v1/negatives/pairs/N00146/right/Main.java,p02921,p02922,s994442366.java,s841050631.java,117,117,2,2,14
N00147,/Users/liuziqi/Documents/西大Graduate/Project_base/Code/Meng_ProjectBased_DetectCodeSimilar/code-sim/results/formal-v1/negatives/pairs/N00147/left/Main.java,/Users/liuziqi/Documents/西大Graduate/Project_base/Code/Meng_ProjectBased_DetectCodeSimilar/code-sim/results/formal-v1/negatives/pairs/N00147/right/Main.java,p02412,p02411,s913952588.java,s670333393.java,232,232,8,7,9
N00148,/Users/liuziqi/Documents/西大Graduate/Project_base/Code/Meng_ProjectBased_DetectCodeSimilar/code-sim/results/formal-v1/negatives/pairs/N00148/left/Main.java,/Users/liuziqi/Documents/西大Graduate/Project_base/Code/Meng_ProjectBased_DetectCodeSimilar/code-sim/results/formal-v1/negatives/pairs/N00148/right/Main.java,p02687,p02681,s391221156.java,s461085787.java,95,95,1,1,22
N00149,/Users/liuziqi/Documents/西大Graduate/Project_base/Code/Meng_ProjectBased_DetectCodeSimilar/code-sim/results/formal-v1/negatives/pairs/N00149/left/Main.java,/Users/liuziqi/Documents/西大Graduate/Project_base/Code/Meng_ProjectBased_DetectCodeSimilar/code-sim/results/formal-v1/negatives/pairs/N00149/right/Main.java,p02898,p02897,s472953206.java,s956262190.java,121,121,2,2,27
N00150,/Users/liuziqi/Documents/西大Graduate/Project_base/Code/Meng_ProjectBased_DetectCodeSimilar/code-sim/results/formal-v1/negatives/pairs/N00150/left/Main.java,/Users/liuziqi/Documents/西大Graduate/Project_base/Code/Meng_ProjectBased_DetectCodeSimilar/code-sim/results/formal-v1/negatives/pairs/N00150/right/Main.java,p03043,p03042,s386638378.java,s598108357.java,188,188,3,3,10
N00151,/Users/liuziqi/Documents/西大Graduate/Project_base/Code/Meng_ProjectBased_DetectCodeSimilar/code-sim/results/formal-v1/negatives/pairs/N00151/left/Main.java,/Users/liuziqi/Documents/西大Graduate/Project_base/Code/Meng_ProjectBased_DetectCodeSimilar/code-sim/results/formal-v1/negatives/pairs/N00151/right/Main.java,p02916,p02935,s853947828.java,s623542029.java,520,520,10,11,19
N00152,/Users/liuziqi/Documents/西大Graduate/Project_base/Code/Meng_ProjectBased_DetectCodeSimilar/code-sim/results/formal-v1/negatives/pairs/N00152/left/Main.java,/Users/liuziqi/Documents/西大Graduate/Project_base/Code/Meng_ProjectBased_DetectCodeSimilar/code-sim/results/formal-v1/negatives/pairs/N00152/right/Main.java,p03494,p03478,s419509903.java,s971774773.java,164,164,3,3,14
N00153,/Users/liuziqi/Documents/西大Graduate/Project_base/Code/Meng_ProjectBased_DetectCodeSimilar/code-sim/results/formal-v1/negatives/pairs/N00153/left/Main.java,/Users/liuziqi/Documents/西大Graduate/Project_base/Code/Meng_ProjectBased_DetectCodeSimilar/code-sim/results/formal-v1/negatives/pairs/N00153/right/Main.java,p02818,p02819,s749149160.java,s085907336.java,144,144,4,4,9
N00154,/Users/liuziqi/Documents/西大Graduate/Project_base/Code/Meng_ProjectBased_DetectCodeSimilar/code-sim/results/formal-v1/negatives/pairs/N00154/left/Main.java,/Users/liuziqi/Documents/西大Graduate/Project_base/Code/Meng_ProjectBased_DetectCodeSimilar/code-sim/results/formal-v1/negatives/pairs/N00154/right/Main.java,p02582,p04012,s332402790.java,s428153761.java,890,889,12,11,11
N00155,/Users/liuziqi/Documents/西大Graduate/Project_base/Code/Meng_ProjectBased_DetectCodeSimilar/code-sim/results/formal-v1/negatives/pairs/N00155/left/Main.java,/Users/liuziqi/Documents/西大Graduate/Project_base/Code/Meng_ProjectBased_DetectCodeSimilar/code-sim/results/formal-v1/negatives/pairs/N00155/right/Main.java,p03086,p03060,s149418092.java,s438812287.java,462,462,8,7,28
N00156,/Users/liuziqi/Documents/西大Graduate/Project_base/Code/Meng_ProjectBased_DetectCodeSimilar/code-sim/results/formal-v1/negatives/pairs/N00156/left/Main.java,/Users/liuziqi/Documents/西大Graduate/Project_base/Code/Meng_ProjectBased_DetectCodeSimilar/code-sim/results/formal-v1/negatives/pairs/N00156/right/Main.java,p03106,p03087,s844641987.java,s494647487.java,267,267,3,3,20
N00157,/Users/liuziqi/Documents/西大Graduate/Project_base/Code/Meng_ProjectBased_DetectCodeSimilar/code-sim/results/formal-v1/negatives/pairs/N00157/left/Main.java,/Users/liuziqi/Documents/西大Graduate/Project_base/Code/Meng_ProjectBased_DetectCodeSimilar/code-sim/results/formal-v1/negatives/pairs/N00157/right/Main.java,p03455,p03324,s009205987.java,s409990323.java,95,95,1,1,17
N00158,/Users/liuziqi/Documents/西大Graduate/Project_base/Code/Meng_ProjectBased_DetectCodeSimilar/code-sim/results/formal-v1/negatives/pairs/N00158/left/Main.java,/Users/liuziqi/Documents/西大Graduate/Project_base/Code/Meng_ProjectBased_DetectCodeSimilar/code-sim/results/formal-v1/negatives/pairs/N00158/right/Main.java,p02971,p03102,s635300736.java,s891362393.java,712,711,22,16,19
N00159,/Users/liuziqi/Documents/西大Graduate/Project_base/Code/Meng_ProjectBased_DetectCodeSimilar/code-sim/results/formal-v1/negatives/pairs/N00159/left/Main.java,/Users/liuziqi/Documents/西大Graduate/Project_base/Code/Meng_ProjectBased_DetectCodeSimilar/code-sim/results/formal-v1/negatives/pairs/N00159/right/Main.java,p03107,p03136,s281143461.java,s524006302.java,145,145,2,2,29
N00160,/Users/liuziqi/Documents/西大Graduate/Project_base/Code/Meng_ProjectBased_DetectCodeSimilar/code-sim/results/formal-v1/negatives/pairs/N00160/left/Main.java,/Users/liuziqi/Documents/西大Graduate/Project_base/Code/Meng_ProjectBased_DetectCodeSimilar/code-sim/results/formal-v1/negatives/pairs/N00160/right/Main.java,p03043,p03042,s684214871.java,s619442064.java,163,163,3,3,21
N00161,/Users/liuziqi/Documents/西大Graduate/Project_base/Code/Meng_ProjectBased_DetectCodeSimilar/code-sim/results/formal-v1/negatives/pairs/N00161/left/Main.java,/Users/liuziqi/Documents/西大Graduate/Project_base/Code/Meng_ProjectBased_DetectCodeSimilar/code-sim/results/formal-v1/negatives/pairs/N00161/right/Main.java,p02613,p02582,s008418854.java,s877968384.java,205,205,6,6,10
N00162,/Users/liuziqi/Documents/西大Graduate/Project_base/Code/Meng_ProjectBased_DetectCodeSimilar/code-sim/results/formal-v1/negatives/pairs/N00162/left/Main.java,/Users/liuziqi/Documents/西大Graduate/Project_base/Code/Meng_ProjectBased_DetectCodeSimilar/code-sim/results/formal-v1/negatives/pairs/N00162/right/Main.java,p03011,p03012,s455168616.java,s051056635.java,168,168,2,2,26
N00163,/Users/liuziqi/Documents/西大Graduate/Project_base/Code/Meng_ProjectBased_DetectCodeSimilar/code-sim/results/formal-v1/negatives/pairs/N00163/left/Main.java,/Users/liuziqi/Documents/西大Graduate/Project_base/Code/Meng_ProjectBased_DetectCodeSimilar/code-sim/results/formal-v1/negatives/pairs/N00163/right/Main.java,p02767,p02718,s318589220.java,s268982380.java,237,237,6,5,17
N00164,/Users/liuziqi/Documents/西大Graduate/Project_base/Code/Meng_ProjectBased_DetectCodeSimilar/code-sim/results/formal-v1/negatives/pairs/N00164/left/Main.java,/Users/liuziqi/Documents/西大Graduate/Project_base/Code/Meng_ProjectBased_DetectCodeSimilar/code-sim/results/formal-v1/negatives/pairs/N00164/right/Main.java,p02639,p02627,s769438864.java,s928512198.java,98,98,1,1,9
N00165,/Users/liuziqi/Documents/西大Graduate/Project_base/Code/Meng_ProjectBased_DetectCodeSimilar/code-sim/results/formal-v1/negatives/pairs/N00165/left/Main.java,/Users/liuziqi/Documents/西大Graduate/Project_base/Code/Meng_ProjectBased_DetectCodeSimilar/code-sim/results/formal-v1/negatives/pairs/N00165/right/Main.java,p02401,p02393,s060995341.java,s807729014.java,227,227,6,5,15
N00166,/Users/liuziqi/Documents/西大Graduate/Project_base/Code/Meng_ProjectBased_DetectCodeSimilar/code-sim/results/formal-v1/negatives/pairs/N00166/left/Main.java,/Users/liuziqi/Documents/西大Graduate/Project_base/Code/Meng_ProjectBased_DetectCodeSimilar/code-sim/results/formal-v1/negatives/pairs/N00166/right/Main.java,p02887,p02897,s270622973.java,s035477851.java,135,135,2,2,27
N00167,/Users/liuziqi/Documents/西大Graduate/Project_base/Code/Meng_ProjectBased_DetectCodeSimilar/code-sim/results/formal-v1/negatives/pairs/N00167/left/Main.java,/Users/liuziqi/Documents/西大Graduate/Project_base/Code/Meng_ProjectBased_DetectCodeSimilar/code-sim/results/formal-v1/negatives/pairs/N00167/right/Main.java,p03281,p03282,s344326435.java,s361348485.java,202,202,5,6,16
N00168,/Users/liuziqi/Documents/西大Graduate/Project_base/Code/Meng_ProjectBased_DetectCodeSimilar/code-sim/results/formal-v1/negatives/pairs/N00168/left/Main.java,/Users/liuziqi/Documents/西大Graduate/Project_base/Code/Meng_ProjectBased_DetectCodeSimilar/code-sim/results/formal-v1/negatives/pairs/N00168/right/Main.java,p02256,p02390,s386565059.java,s831656337.java,154,154,1,1,11
N00169,/Users/liuziqi/Documents/西大Graduate/Project_base/Code/Meng_ProjectBased_DetectCodeSimilar/code-sim/results/formal-v1/negatives/pairs/N00169/left/Main.java,/Users/liuziqi/Documents/西大Graduate/Project_base/Code/Meng_ProjectBased_DetectCodeSimilar/code-sim/results/formal-v1/negatives/pairs/N00169/right/Main.java,p02713,p02687,s475851659.java,s793675754.java,310,310,6,5,16
N00170,/Users/liuziqi/Documents/西大Graduate/Project_base/Code/Meng_ProjectBased_DetectCodeSimilar/code-sim/results/formal-v1/negatives/pairs/N00170/left/Main.java,/Users/liuziqi/Documents/西大Graduate/Project_base/Code/Meng_ProjectBased_DetectCodeSimilar/code-sim/results/formal-v1/negatives/pairs/N00170/right/Main.java,p02982,p03013,s113746520.java,s696716469.java,352,352,6,6,22
N00171,/Users/liuziqi/Documents/西大Graduate/Project_base/Code/Meng_ProjectBased_DetectCodeSimilar/code-sim/results/formal-v1/negatives/pairs/N00171/left/Main.java,/Users/liuziqi/Documents/西大Graduate/Project_base/Code/Meng_ProjectBased_DetectCodeSimilar/code-sim/results/formal-v1/negatives/pairs/N00171/right/Main.java,p02995,p03632,s608985517.java,s848967251.java,772,772,10,13,16
N00172,/Users/liuziqi/Documents/西大Graduate/Project_base/Code/Meng_ProjectBased_DetectCodeSimilar/code-sim/results/formal-v1/negatives/pairs/N00172/left/Main.java,/Users/liuziqi/Documents/西大Graduate/Project_base/Code/Meng_ProjectBased_DetectCodeSimilar/code-sim/results/formal-v1/negatives/pairs/N00172/right/Main.java,p02848,p02847,s644639492.java,s507221409.java,146,146,3,3,15
N00173,/Users/liuziqi/Documents/西大Graduate/Project_base/Code/Meng_ProjectBased_DetectCodeSimilar/code-sim/results/formal-v1/negatives/pairs/N00173/left/Main.java,/Users/liuziqi/Documents/西大Graduate/Project_base/Code/Meng_ProjectBased_DetectCodeSimilar/code-sim/results/formal-v1/negatives/pairs/N00173/right/Main.java,p03316,p03324,s390331237.java,s940758873.java,131,131,2,2,13
N00174,/Users/liuziqi/Documents/西大Graduate/Project_base/Code/Meng_ProjectBased_DetectCodeSimilar/code-sim/results/formal-v1/negatives/pairs/N00174/left/Main.java,/Users/liuziqi/Documents/西大Graduate/Project_base/Code/Meng_ProjectBased_DetectCodeSimilar/code-sim/results/formal-v1/negatives/pairs/N00174/right/Main.java,p02983,p02971,s116541269.java,s775166655.java,170,170,3,3,13
N00175,/Users/liuziqi/Documents/西大Graduate/Project_base/Code/Meng_ProjectBased_DetectCodeSimilar/code-sim/results/formal-v1/negatives/pairs/N00175/left/Main.java,/Users/liuziqi/Documents/西大Graduate/Project_base/Code/Meng_ProjectBased_DetectCodeSimilar/code-sim/results/formal-v1/negatives/pairs/N00175/right/Main.java,p00003,p02705,s167676087.java,s019005998.java,425,425,4,5,11
N00176,/Users/liuziqi/Documents/西大Graduate/Project_base/Code/Meng_ProjectBased_DetectCodeSimilar/code-sim/results/formal-v1/negatives/pairs/N00176/left/Main.java,/Users/liuziqi/Documents/西大Graduate/Project_base/Code/Meng_ProjectBased_DetectCodeSimilar/code-sim/results/formal-v1/negatives/pairs/N00176/right/Main.java,p02945,p02909,s132050837.java,s848518370.java,111,111,0,0,16
N00177,/Users/liuziqi/Documents/西大Graduate/Project_base/Code/Meng_ProjectBased_DetectCodeSimilar/code-sim/results/formal-v1/negatives/pairs/N00177/left/Main.java,/Users/liuziqi/Documents/西大Graduate/Project_base/Code/Meng_ProjectBased_DetectCodeSimilar/code-sim/results/formal-v1/negatives/pairs/N00177/right/Main.java,p02898,p02899,s861414269.java,s238445041.java,103,103,2,2,15
N00178,/Users/liuziqi/Documents/西大Graduate/Project_base/Code/Meng_ProjectBased_DetectCodeSimilar/code-sim/results/formal-v1/negatives/pairs/N00178/left/Main.java,/Users/liuziqi/Documents/西大Graduate/Project_base/Code/Meng_ProjectBased_DetectCodeSimilar/code-sim/results/formal-v1/negatives/pairs/N00178/right/Main.java,p02705,p02724,s985823752.java,s780219637.java,68,68,0,0,14
N00179,/Users/liuziqi/Documents/西大Graduate/Project_base/Code/Meng_ProjectBased_DetectCodeSimilar/code-sim/results/formal-v1/negatives/pairs/N00179/left/Main.java,/Users/liuziqi/Documents/西大Graduate/Project_base/Code/Meng_ProjectBased_DetectCodeSimilar/code-sim/results/formal-v1/negatives/pairs/N00179/right/Main.java,p03239,p03147,s315973001.java,s105383015.java,207,207,5,7,28
N00180,/Users/liuziqi/Documents/西大Graduate/Project_base/Code/Meng_ProjectBased_DetectCodeSimilar/code-sim/results/formal-v1/negatives/pairs/N00180/left/Main.java,/Users/liuziqi/Documents/西大Graduate/Project_base/Code/Meng_ProjectBased_DetectCodeSimilar/code-sim/results/formal-v1/negatives/pairs/N00180/right/Main.java,p02260,p02259,s524741959.java,s336324870.java,331,331,7,5,15
N00181,/Users/liuziqi/Documents/西大Graduate/Project_base/Code/Meng_ProjectBased_DetectCodeSimilar/code-sim/results/formal-v1/negatives/pairs/N00181/left/Main.java,/Users/liuziqi/Documents/西大Graduate/Project_base/Code/Meng_ProjectBased_DetectCodeSimilar/code-sim/results/formal-v1/negatives/pairs/N00181/right/Main.java,p03720,p04044,s877243493.java,s021216891.java,467,467,5,5,14
N00182,/Users/liuziqi/Documents/西大Graduate/Project_base/Code/Meng_ProjectBased_DetectCodeSimilar/code-sim/results/formal-v1/negatives/pairs/N00182/left/Main.java,/Users/liuziqi/Documents/西大Graduate/Project_base/Code/Meng_ProjectBased_DetectCodeSimilar/code-sim/results/formal-v1/negatives/pairs/N00182/right/Main.java,p03073,p03072,s870581815.java,s923293794.java,154,154,4,4,27
N00183,/Users/liuziqi/Documents/西大Graduate/Project_base/Code/Meng_ProjectBased_DetectCodeSimilar/code-sim/results/formal-v1/negatives/pairs/N00183/left/Main.java,/Users/liuziqi/Documents/西大Graduate/Project_base/Code/Meng_ProjectBased_DetectCodeSimilar/code-sim/results/formal-v1/negatives/pairs/N00183/right/Main.java,p03814,p03493,s075866057.java,s748602177.java,101,101,0,0,13
N00184,/Users/liuziqi/Documents/西大Graduate/Project_base/Code/Meng_ProjectBased_DetectCodeSimilar/code-sim/results/formal-v1/negatives/pairs/N00184/left/Main.java,/Users/liuziqi/Documents/西大Graduate/Project_base/Code/Meng_ProjectBased_DetectCodeSimilar/code-sim/results/formal-v1/negatives/pairs/N00184/right/Main.java,p02994,p02993,s760529505.java,s928048993.java,139,139,2,2,15
N00185,/Users/liuziqi/Documents/西大Graduate/Project_base/Code/Meng_ProjectBased_DetectCodeSimilar/code-sim/results/formal-v1/negatives/pairs/N00185/left/Main.java,/Users/liuziqi/Documents/西大Graduate/Project_base/Code/Meng_ProjectBased_DetectCodeSimilar/code-sim/results/formal-v1/negatives/pairs/N00185/right/Main.java,p02408,p02413,s710531644.java,s431027389.java,450,450,14,13,12
N00186,/Users/liuziqi/Documents/西大Graduate/Project_base/Code/Meng_ProjectBased_DetectCodeSimilar/code-sim/results/formal-v1/negatives/pairs/N00186/left/Main.java,/Users/liuziqi/Documents/西大Graduate/Project_base/Code/Meng_ProjectBased_DetectCodeSimilar/code-sim/results/formal-v1/negatives/pairs/N00186/right/Main.java,p02399,p02677,s229937159.java,s521762276.java,208,208,0,0,15
N00187,/Users/liuziqi/Documents/西大Graduate/Project_base/Code/Meng_ProjectBased_DetectCodeSimilar/code-sim/results/formal-v1/negatives/pairs/N00187/left/Main.java,/Users/liuziqi/Documents/西大Graduate/Project_base/Code/Meng_ProjectBased_DetectCodeSimilar/code-sim/results/formal-v1/negatives/pairs/N00187/right/Main.java,p02981,p03041,s646205292.java,s319198441.java,87,87,0,0,13
N00188,/Users/liuziqi/Documents/西大Graduate/Project_base/Code/Meng_ProjectBased_DetectCodeSimilar/code-sim/results/formal-v1/negatives/pairs/N00188/left/Main.java,/Users/liuziqi/Documents/西大Graduate/Project_base/Code/Meng_ProjectBased_DetectCodeSimilar/code-sim/results/formal-v1/negatives/pairs/N00188/right/Main.java,p02951,p02946,s837203323.java,s845095496.java,103,103,1,1,17
N00189,/Users/liuziqi/Documents/西大Graduate/Project_base/Code/Meng_ProjectBased_DetectCodeSimilar/code-sim/results/formal-v1/negatives/pairs/N00189/left/Main.java,/Users/liuziqi/Documents/西大Graduate/Project_base/Code/Meng_ProjectBased_DetectCodeSimilar/code-sim/results/formal-v1/negatives/pairs/N00189/right/Main.java,p02778,p02753,s983461399.java,s583642739.java,298,298,4,5,16
N00190,/Users/liuziqi/Documents/西大Graduate/Project_base/Code/Meng_ProjectBased_DetectCodeSimilar/code-sim/results/formal-v1/negatives/pairs/N00190/left/Main.java,/Users/liuziqi/Documents/西大Graduate/Project_base/Code/Meng_ProjectBased_DetectCodeSimilar/code-sim/results/formal-v1/negatives/pairs/N00190/right/Main.java,p03308,p03075,s000761991.java,s313168316.java,699,699,19,15,15
N00191,/Users/liuziqi/Documents/西大Graduate/Project_base/Code/Meng_ProjectBased_DetectCodeSimilar/code-sim/results/formal-v1/negatives/pairs/N00191/left/Main.java,/Users/liuziqi/Documents/西大Graduate/Project_base/Code/Meng_ProjectBased_DetectCodeSimilar/code-sim/results/formal-v1/negatives/pairs/N00191/right/Main.java,p02881,p02947,s139655796.java,s751707968.java,227,227,2,2,17
N00192,/Users/liuziqi/Documents/西大Graduate/Project_base/Code/Meng_ProjectBased_DetectCodeSimilar/code-sim/results/formal-v1/negatives/pairs/N00192/left/Main.java,/Users/liuziqi/Documents/西大Graduate/Project_base/Code/Meng_ProjectBased_DetectCodeSimilar/code-sim/results/formal-v1/negatives/pairs/N00192/right/Main.java,p03416,p03470,s760650863.java,s243885267.java,148,148,2,2,11
N00193,/Users/liuziqi/Documents/西大Graduate/Project_base/Code/Meng_ProjectBased_DetectCodeSimilar/code-sim/results/formal-v1/negatives/pairs/N00193/left/Main.java,/Users/liuziqi/Documents/西大Graduate/Project_base/Code/Meng_ProjectBased_DetectCodeSimilar/code-sim/results/formal-v1/negatives/pairs/N00193/right/Main.java,p03545,p03435,s793302255.java,s695867084.java,312,312,8,10,15
N00194,/Users/liuziqi/Documents/西大Graduate/Project_base/Code/Meng_ProjectBased_DetectCodeSimilar/code-sim/results/formal-v1/negatives/pairs/N00194/left/Main.java,/Users/liuziqi/Documents/西大Graduate/Project_base/Code/Meng_ProjectBased_DetectCodeSimilar/code-sim/results/formal-v1/negatives/pairs/N00194/right/Main.java,p02411,p02408,s918298540.java,s494187533.java,397,397,14,12,27
N00195,/Users/liuziqi/Documents/西大Graduate/Project_base/Code/Meng_ProjectBased_DetectCodeSimilar/code-sim/results/formal-v1/negatives/pairs/N00195/left/Main.java,/Users/liuziqi/Documents/西大Graduate/Project_base/Code/Meng_ProjectBased_DetectCodeSimilar/code-sim/results/formal-v1/negatives/pairs/N00195/right/Main.java,p02390,p02389,s089939739.java,s969279327.java,114,114,0,0,16
N00196,/Users/liuziqi/Documents/西大Graduate/Project_base/Code/Meng_ProjectBased_DetectCodeSimilar/code-sim/results/formal-v1/negatives/pairs/N00196/left/Main.java,/Users/liuziqi/Documents/西大Graduate/Project_base/Code/Meng_ProjectBased_DetectCodeSimilar/code-sim/results/formal-v1/negatives/pairs/N00196/right/Main.java,p03075,p03073,s247107666.java,s939113433.java,165,165,4,4,10
N00197,/Users/liuziqi/Documents/西大Graduate/Project_base/Code/Meng_ProjectBased_DetectCodeSimilar/code-sim/results/formal-v1/negatives/pairs/N00197/left/Main.java,/Users/liuziqi/Documents/西大Graduate/Project_base/Code/Meng_ProjectBased_DetectCodeSimilar/code-sim/results/formal-v1/negatives/pairs/N00197/right/Main.java,p02658,p02640,s625320832.java,s655331419.java,131,131,3,3,17
N00198,/Users/liuziqi/Documents/西大Graduate/Project_base/Code/Meng_ProjectBased_DetectCodeSimilar/code-sim/results/formal-v1/negatives/pairs/N00198/left/Main.java,/Users/liuziqi/Documents/西大Graduate/Project_base/Code/Meng_ProjectBased_DetectCodeSimilar/code-sim/results/formal-v1/negatives/pairs/N00198/right/Main.java,p03680,p03545,s390582055.java,s334908837.java,252,252,3,4,11
N00199,/Users/liuziqi/Documents/西大Graduate/Project_base/Code/Meng_ProjectBased_DetectCodeSimilar/code-sim/results/formal-v1/negatives/pairs/N00199/left/Main.java,/Users/liuziqi/Documents/西大Graduate/Project_base/Code/Meng_ProjectBased_DetectCodeSimilar/code-sim/results/formal-v1/negatives/pairs/N00199/right/Main.java,p02754,p02717,s280394208.java,s262077542.java,132,132,0,0,27
N00200,/Users/liuziqi/Documents/西大Graduate/Project_base/Code/Meng_ProjectBased_DetectCodeSimilar/code-sim/results/formal-v1/negatives/pairs/N00200/left/Main.java,/Users/liuziqi/Documents/西大Graduate/Project_base/Code/Meng_ProjectBased_DetectCodeSimilar/code-sim/results/formal-v1/negatives/pairs/N00200/right/Main.java,p02381,p02391,s952540632.java,s593559352.java,182,182,4,5,14
N00201,/Users/liuziqi/Documents/西大Graduate/Project_base/Code/Meng_ProjectBased_DetectCodeSimilar/code-sim/results/formal-v1/negatives/pairs/N00201/left/Main.java,/Users/liuziqi/Documents/西大Graduate/Project_base/Code/Meng_ProjectBased_DetectCodeSimilar/code-sim/results/formal-v1/negatives/pairs/N00201/right/Main.java,p02393,p02390,s877574722.java,s663573065.java,126,126,0,0,16
N00202,/Users/liuziqi/Documents/西大Graduate/Project_base/Code/Meng_ProjectBased_DetectCodeSimilar/code-sim/results/formal-v1/negatives/pairs/N00202/left/Main.java,/Users/liuziqi/Documents/西大Graduate/Project_base/Code/Meng_ProjectBased_DetectCodeSimilar/code-sim/results/formal-v1/negatives/pairs/N00202/right/Main.java,p02819,p02835,s109230557.java,s319931032.java,145,145,5,4,13
N00203,/Users/liuziqi/Documents/西大Graduate/Project_base/Code/Meng_ProjectBased_DetectCodeSimilar/code-sim/results/formal-v1/negatives/pairs/N00203/left/Main.java,/Users/liuziqi/Documents/西大Graduate/Project_base/Code/Meng_ProjectBased_DetectCodeSimilar/code-sim/results/formal-v1/negatives/pairs/N00203/right/Main.java,p02410,p02409,s499844318.java,s386724908.java,255,255,6,5,15
N00204,/Users/liuziqi/Documents/西大Graduate/Project_base/Code/Meng_ProjectBased_DetectCodeSimilar/code-sim/results/formal-v1/negatives/pairs/N00204/left/Main.java,/Users/liuziqi/Documents/西大Graduate/Project_base/Code/Meng_ProjectBased_DetectCodeSimilar/code-sim/results/formal-v1/negatives/pairs/N00204/right/Main.java,p02417,p02416,s335376110.java,s940109470.java,220,220,6,5,21
N00205,/Users/liuziqi/Documents/西大Graduate/Project_base/Code/Meng_ProjectBased_DetectCodeSimilar/code-sim/results/formal-v1/negatives/pairs/N00205/left/Main.java,/Users/liuziqi/Documents/西大Graduate/Project_base/Code/Meng_ProjectBased_DetectCodeSimilar/code-sim/results/formal-v1/negatives/pairs/N00205/right/Main.java,p03059,p03071,s879284400.java,s140261158.java,121,121,2,2,16
N00206,/Users/liuziqi/Documents/西大Graduate/Project_base/Code/Meng_ProjectBased_DetectCodeSimilar/code-sim/results/formal-v1/negatives/pairs/N00206/left/Main.java,/Users/liuziqi/Documents/西大Graduate/Project_base/Code/Meng_ProjectBased_DetectCodeSimilar/code-sim/results/formal-v1/negatives/pairs/N00206/right/Main.java,p02766,p02759,s073397202.java,s469940122.java,90,90,1,1,23
N00207,/Users/liuziqi/Documents/西大Graduate/Project_base/Code/Meng_ProjectBased_DetectCodeSimilar/code-sim/results/formal-v1/negatives/pairs/N00207/left/Main.java,/Users/liuziqi/Documents/西大Graduate/Project_base/Code/Meng_ProjectBased_DetectCodeSimilar/code-sim/results/formal-v1/negatives/pairs/N00207/right/Main.java,p02399,p02390,s492435536.java,s374899013.java,128,128,0,0,11
N00208,/Users/liuziqi/Documents/西大Graduate/Project_base/Code/Meng_ProjectBased_DetectCodeSimilar/code-sim/results/formal-v1/negatives/pairs/N00208/left/Main.java,/Users/liuziqi/Documents/西大Graduate/Project_base/Code/Meng_ProjectBased_DetectCodeSimilar/code-sim/results/formal-v1/negatives/pairs/N00208/right/Main.java,p03261,p03239,s081604778.java,s913708529.java,197,197,5,4,15
N00209,/Users/liuziqi/Documents/西大Graduate/Project_base/Code/Meng_ProjectBased_DetectCodeSimilar/code-sim/results/formal-v1/negatives/pairs/N00209/left/Main.java,/Users/liuziqi/Documents/西大Graduate/Project_base/Code/Meng_ProjectBased_DetectCodeSimilar/code-sim/results/formal-v1/negatives/pairs/N00209/right/Main.java,p03060,p03042,s099392055.java,s806550904.java,198,198,4,3,27
N00210,/Users/liuziqi/Documents/西大Graduate/Project_base/Code/Meng_ProjectBased_DetectCodeSimilar/code-sim/results/formal-v1/negatives/pairs/N00210/left/Main.java,/Users/liuziqi/Documents/西大Graduate/Project_base/Code/Meng_ProjectBased_DetectCodeSimilar/code-sim/results/formal-v1/negatives/pairs/N00210/right/Main.java,p03042,p03013,s014293380.java,s264943406.java,245,245,3,4,11
N00211,/Users/liuziqi/Documents/西大Graduate/Project_base/Code/Meng_ProjectBased_DetectCodeSimilar/code-sim/results/formal-v1/negatives/pairs/N00211/left/Main.java,/Users/liuziqi/Documents/西大Graduate/Project_base/Code/Meng_ProjectBased_DetectCodeSimilar/code-sim/results/formal-v1/negatives/pairs/N00211/right/Main.java,p02779,p02576,s406483097.java,s661617920.java,791,791,18,21,12
N00212,/Users/liuziqi/Documents/西大Graduate/Project_base/Code/Meng_ProjectBased_DetectCodeSimilar/code-sim/results/formal-v1/negatives/pairs/N00212/left/Main.java,/Users/liuziqi/Documents/西大Graduate/Project_base/Code/Meng_ProjectBased_DetectCodeSimilar/code-sim/results/formal-v1/negatives/pairs/N00212/right/Main.java,p02829,p02675,s269943567.java,s514214142.java,237,237,8,11,16
N00213,/Users/liuziqi/Documents/西大Graduate/Project_base/Code/Meng_ProjectBased_DetectCodeSimilar/code-sim/results/formal-v1/negatives/pairs/N00213/left/Main.java,/Users/liuziqi/Documents/西大Graduate/Project_base/Code/Meng_ProjectBased_DetectCodeSimilar/code-sim/results/formal-v1/negatives/pairs/N00213/right/Main.java,p02389,p02390,s676292063.java,s762401534.java,130,130,0,0,21
N00214,/Users/liuziqi/Documents/西大Graduate/Project_base/Code/Meng_ProjectBased_DetectCodeSimilar/code-sim/results/formal-v1/negatives/pairs/N00214/left/Main.java,/Users/liuziqi/Documents/西大Graduate/Project_base/Code/Meng_ProjectBased_DetectCodeSimilar/code-sim/results/formal-v1/negatives/pairs/N00214/right/Main.java,p03478,p03474,s370377072.java,s166807180.java,183,183,3,4,16
N00215,/Users/liuziqi/Documents/西大Graduate/Project_base/Code/Meng_ProjectBased_DetectCodeSimilar/code-sim/results/formal-v1/negatives/pairs/N00215/left/Main.java,/Users/liuziqi/Documents/西大Graduate/Project_base/Code/Meng_ProjectBased_DetectCodeSimilar/code-sim/results/formal-v1/negatives/pairs/N00215/right/Main.java,p03239,p03071,s274511415.java,s702645565.java,760,760,14,20,18
N00216,/Users/liuziqi/Documents/西大Graduate/Project_base/Code/Meng_ProjectBased_DetectCodeSimilar/code-sim/results/formal-v1/negatives/pairs/N00216/left/Main.java,/Users/liuziqi/Documents/西大Graduate/Project_base/Code/Meng_ProjectBased_DetectCodeSimilar/code-sim/results/formal-v1/negatives/pairs/N00216/right/Main.java,p03360,p03160,s310248315.java,s908757329.java,222,222,2,2,22
N00217,/Users/liuziqi/Documents/西大Graduate/Project_base/Code/Meng_ProjectBased_DetectCodeSimilar/code-sim/results/formal-v1/negatives/pairs/N00217/left/Main.java,/Users/liuziqi/Documents/西大Graduate/Project_base/Code/Meng_ProjectBased_DetectCodeSimilar/code-sim/results/formal-v1/negatives/pairs/N00217/right/Main.java,p02570,p02552,s694674279.java,s713145813.java,1403,1401,29,34,22
N00218,/Users/liuziqi/Documents/西大Graduate/Project_base/Code/Meng_ProjectBased_DetectCodeSimilar/code-sim/results/formal-v1/negatives/pairs/N00218/left/Main.java,/Users/liuziqi/Documents/西大Graduate/Project_base/Code/Meng_ProjectBased_DetectCodeSimilar/code-sim/results/formal-v1/negatives/pairs/N00218/right/Main.java,p02951,p02957,s966260288.java,s046026265.java,112,112,1,1,23
N00219,/Users/liuziqi/Documents/西大Graduate/Project_base/Code/Meng_ProjectBased_DetectCodeSimilar/code-sim/results/formal-v1/negatives/pairs/N00219/left/Main.java,/Users/liuziqi/Documents/西大Graduate/Project_base/Code/Meng_ProjectBased_DetectCodeSimilar/code-sim/results/formal-v1/negatives/pairs/N00219/right/Main.java,p02848,p02831,s505752256.java,s364584123.java,176,176,1,1,13
N00220,/Users/liuziqi/Documents/西大Graduate/Project_base/Code/Meng_ProjectBased_DetectCodeSimilar/code-sim/results/formal-v1/negatives/pairs/N00220/left/Main.java,/Users/liuziqi/Documents/西大Graduate/Project_base/Code/Meng_ProjectBased_DetectCodeSimilar/code-sim/results/formal-v1/negatives/pairs/N00220/right/Main.java,p04044,p00001,s432230849.java,s321299626.java,146,147,2,2,13
N00221,/Users/liuziqi/Documents/西大Graduate/Project_base/Code/Meng_ProjectBased_DetectCodeSimilar/code-sim/results/formal-v1/negatives/pairs/N00221/left/Main.java,/Users/liuziqi/Documents/西大Graduate/Project_base/Code/Meng_ProjectBased_DetectCodeSimilar/code-sim/results/formal-v1/negatives/pairs/N00221/right/Main.java,p03416,p03378,s831359494.java,s650996007.java,159,159,2,2,16
N00222,/Users/liuziqi/Documents/西大Graduate/Project_base/Code/Meng_ProjectBased_DetectCodeSimilar/code-sim/results/formal-v1/negatives/pairs/N00222/left/Main.java,/Users/liuziqi/Documents/西大Graduate/Project_base/Code/Meng_ProjectBased_DetectCodeSimilar/code-sim/results/formal-v1/negatives/pairs/N00222/right/Main.java,p02629,p02264,s846202102.java,s951834758.java,734,734,11,8,14
N00223,/Users/liuziqi/Documents/西大Graduate/Project_base/Code/Meng_ProjectBased_DetectCodeSimilar/code-sim/results/formal-v1/negatives/pairs/N00223/left/Main.java,/Users/liuziqi/Documents/西大Graduate/Project_base/Code/Meng_ProjectBased_DetectCodeSimilar/code-sim/results/formal-v1/negatives/pairs/N00223/right/Main.java,p04030,p04012,s447831727.java,s438509780.java,225,225,4,5,21
N00224,/Users/liuziqi/Documents/西大Graduate/Project_base/Code/Meng_ProjectBased_DetectCodeSimilar/code-sim/results/formal-v1/negatives/pairs/N00224/left/Main.java,/Users/liuziqi/Documents/西大Graduate/Project_base/Code/Meng_ProjectBased_DetectCodeSimilar/code-sim/results/formal-v1/negatives/pairs/N00224/right/Main.java,p02718,p02723,s616192161.java,s982794829.java,168,168,4,4,11
N00225,/Users/liuziqi/Documents/西大Graduate/Project_base/Code/Meng_ProjectBased_DetectCodeSimilar/code-sim/results/formal-v1/negatives/pairs/N00225/left/Main.java,/Users/liuziqi/Documents/西大Graduate/Project_base/Code/Meng_ProjectBased_DetectCodeSimilar/code-sim/results/formal-v1/negatives/pairs/N00225/right/Main.java,p03456,p03455,s123876044.java,s663818107.java,125,125,2,2,15
N00226,/Users/liuziqi/Documents/西大Graduate/Project_base/Code/Meng_ProjectBased_DetectCodeSimilar/code-sim/results/formal-v1/negatives/pairs/N00226/left/Main.java,/Users/liuziqi/Documents/西大Graduate/Project_base/Code/Meng_ProjectBased_DetectCodeSimilar/code-sim/results/formal-v1/negatives/pairs/N00226/right/Main.java,p03835,p03998,s988626060.java,s148817547.java,250,250,7,8,16
N00227,/Users/liuziqi/Documents/西大Graduate/Project_base/Code/Meng_ProjectBased_DetectCodeSimilar/code-sim/results/formal-v1/negatives/pairs/N00227/left/Main.java,/Users/liuziqi/Documents/西大Graduate/Project_base/Code/Meng_ProjectBased_DetectCodeSimilar/code-sim/results/formal-v1/negatives/pairs/N00227/right/Main.java,p02946,p02755,s623139494.java,s655051758.java,348,348,3,3,11
N00228,/Users/liuziqi/Documents/西大Graduate/Project_base/Code/Meng_ProjectBased_DetectCodeSimilar/code-sim/results/formal-v1/negatives/pairs/N00228/left/Main.java,/Users/liuziqi/Documents/西大Graduate/Project_base/Code/Meng_ProjectBased_DetectCodeSimilar/code-sim/results/formal-v1/negatives/pairs/N00228/right/Main.java,p02263,p02260,s901845159.java,s238061166.java,381,381,8,7,10
N00229,/Users/liuziqi/Documents/西大Graduate/Project_base/Code/Meng_ProjectBased_DetectCodeSimilar/code-sim/results/formal-v1/negatives/pairs/N00229/left/Main.java,/Users/liuziqi/Documents/西大Graduate/Project_base/Code/Meng_ProjectBased_DetectCodeSimilar/code-sim/results/formal-v1/negatives/pairs/N00229/right/Main.java,p04043,p04044,s840435329.java,s212497107.java,139,139,2,2,17
N00230,/Users/liuziqi/Documents/西大Graduate/Project_base/Code/Meng_ProjectBased_DetectCodeSimilar/code-sim/results/formal-v1/negatives/pairs/N00230/left/Main.java,/Users/liuziqi/Documents/西大Graduate/Project_base/Code/Meng_ProjectBased_DetectCodeSimilar/code-sim/results/formal-v1/negatives/pairs/N00230/right/Main.java,p03632,p03680,s730060673.java,s376325765.java,169,169,4,4,14
N00231,/Users/liuziqi/Documents/西大Graduate/Project_base/Code/Meng_ProjectBased_DetectCodeSimilar/code-sim/results/formal-v1/negatives/pairs/N00231/left/Main.java,/Users/liuziqi/Documents/西大Graduate/Project_base/Code/Meng_ProjectBased_DetectCodeSimilar/code-sim/results/formal-v1/negatives/pairs/N00231/right/Main.java,p02595,p02582,s256797159.java,s894730684.java,139,139,2,2,25
N00232,/Users/liuziqi/Documents/西大Graduate/Project_base/Code/Meng_ProjectBased_DetectCodeSimilar/code-sim/results/formal-v1/negatives/pairs/N00232/left/Main.java,/Users/liuziqi/Documents/西大Graduate/Project_base/Code/Meng_ProjectBased_DetectCodeSimilar/code-sim/results/formal-v1/negatives/pairs/N00232/right/Main.java,p02418,p02416,s873289590.java,s243158832.java,142,142,2,2,10
N00233,/Users/liuziqi/Documents/西大Graduate/Project_base/Code/Meng_ProjectBased_DetectCodeSimilar/code-sim/results/formal-v1/negatives/pairs/N00233/left/Main.java,/Users/liuziqi/Documents/西大Graduate/Project_base/Code/Meng_ProjectBased_DetectCodeSimilar/code-sim/results/formal-v1/negatives/pairs/N00233/right/Main.java,p02700,p02693,s744854463.java,s917756614.java,136,136,3,3,22
N00234,/Users/liuziqi/Documents/西大Graduate/Project_base/Code/Meng_ProjectBased_DetectCodeSimilar/code-sim/results/formal-v1/negatives/pairs/N00234/left/Main.java,/Users/liuziqi/Documents/西大Graduate/Project_base/Code/Meng_ProjectBased_DetectCodeSimilar/code-sim/results/formal-v1/negatives/pairs/N00234/right/Main.java,p02832,p02831,s750900891.java,s973895985.java,144,144,3,3,23
N00235,/Users/liuziqi/Documents/西大Graduate/Project_base/Code/Meng_ProjectBased_DetectCodeSimilar/code-sim/results/formal-v1/negatives/pairs/N00235/left/Main.java,/Users/liuziqi/Documents/西大Graduate/Project_base/Code/Meng_ProjectBased_DetectCodeSimilar/code-sim/results/formal-v1/negatives/pairs/N00235/right/Main.java,p02946,p02989,s233356348.java,s829701780.java,166,166,1,1,12
N00236,/Users/liuziqi/Documents/西大Graduate/Project_base/Code/Meng_ProjectBased_DetectCodeSimilar/code-sim/results/formal-v1/negatives/pairs/N00236/left/Main.java,/Users/liuziqi/Documents/西大Graduate/Project_base/Code/Meng_ProjectBased_DetectCodeSimilar/code-sim/results/formal-v1/negatives/pairs/N00236/right/Main.java,p02421,p02547,s619053627.java,s287491179.java,195,195,5,6,12
N00237,/Users/liuziqi/Documents/西大Graduate/Project_base/Code/Meng_ProjectBased_DetectCodeSimilar/code-sim/results/formal-v1/negatives/pairs/N00237/left/Main.java,/Users/liuziqi/Documents/西大Graduate/Project_base/Code/Meng_ProjectBased_DetectCodeSimilar/code-sim/results/formal-v1/negatives/pairs/N00237/right/Main.java,p02909,p02899,s718330349.java,s445298429.java,120,120,1,1,27
N00238,/Users/liuziqi/Documents/西大Graduate/Project_base/Code/Meng_ProjectBased_DetectCodeSimilar/code-sim/results/formal-v1/negatives/pairs/N00238/left/Main.java,/Users/liuziqi/Documents/西大Graduate/Project_base/Code/Meng_ProjectBased_DetectCodeSimilar/code-sim/results/formal-v1/negatives/pairs/N00238/right/Main.java,p02389,p02388,s009739754.java,s881186084.java,96,96,0,0,10
N00239,/Users/liuziqi/Documents/西大Graduate/Project_base/Code/Meng_ProjectBased_DetectCodeSimilar/code-sim/results/formal-v1/negatives/pairs/N00239/left/Main.java,/Users/liuziqi/Documents/西大Graduate/Project_base/Code/Meng_ProjectBased_DetectCodeSimilar/code-sim/results/formal-v1/negatives/pairs/N00239/right/Main.java,p02705,p02731,s883057208.java,s009070929.java,64,64,0,0,17
N00240,/Users/liuziqi/Documents/西大Graduate/Project_base/Code/Meng_ProjectBased_DetectCodeSimilar/code-sim/results/formal-v1/negatives/pairs/N00240/left/Main.java,/Users/liuziqi/Documents/西大Graduate/Project_base/Code/Meng_ProjectBased_DetectCodeSimilar/code-sim/results/formal-v1/negatives/pairs/N00240/right/Main.java,p02403,p02404,s461546335.java,s273219076.java,178,178,4,5,15
N00241,/Users/liuziqi/Documents/西大Graduate/Project_base/Code/Meng_ProjectBased_DetectCodeSimilar/code-sim/results/formal-v1/negatives/pairs/N00241/left/Main.java,/Users/liuziqi/Documents/西大Graduate/Project_base/Code/Meng_ProjectBased_DetectCodeSimilar/code-sim/results/formal-v1/negatives/pairs/N00241/right/Main.java,p04012,p04030,s924722788.java,s261945942.java,152,152,4,3,14
N00242,/Users/liuziqi/Documents/西大Graduate/Project_base/Code/Meng_ProjectBased_DetectCodeSimilar/code-sim/results/formal-v1/negatives/pairs/N00242/left/Main.java,/Users/liuziqi/Documents/西大Graduate/Project_base/Code/Meng_ProjectBased_DetectCodeSimilar/code-sim/results/formal-v1/negatives/pairs/N00242/right/Main.java,p03469,p03493,s854303322.java,s420796151.java,71,71,0,0,21
N00243,/Users/liuziqi/Documents/西大Graduate/Project_base/Code/Meng_ProjectBased_DetectCodeSimilar/code-sim/results/formal-v1/negatives/pairs/N00243/left/Main.java,/Users/liuziqi/Documents/西大Graduate/Project_base/Code/Meng_ProjectBased_DetectCodeSimilar/code-sim/results/formal-v1/negatives/pairs/N00243/right/Main.java,p02848,p02832,s295779389.java,s051840343.java,531,531,7,9,11
N00244,/Users/liuziqi/Documents/西大Graduate/Project_base/Code/Meng_ProjectBased_DetectCodeSimilar/code-sim/results/formal-v1/negatives/pairs/N00244/left/Main.java,/Users/liuziqi/Documents/西大Graduate/Project_base/Code/Meng_ProjectBased_DetectCodeSimilar/code-sim/results/formal-v1/negatives/pairs/N00244/right/Main.java,p03469,p03243,s084365114.java,s264974375.java,74,74,0,0,15
N00245,/Users/liuziqi/Documents/西大Graduate/Project_base/Code/Meng_ProjectBased_DetectCodeSimilar/code-sim/results/formal-v1/negatives/pairs/N00245/left/Main.java,/Users/liuziqi/Documents/西大Graduate/Project_base/Code/Meng_ProjectBased_DetectCodeSimilar/code-sim/results/formal-v1/negatives/pairs/N00245/right/Main.java,p02916,p02935,s814856186.java,s701146647.java,274,274,6,5,23
N00246,/Users/liuziqi/Documents/西大Graduate/Project_base/Code/Meng_ProjectBased_DetectCodeSimilar/code-sim/results/formal-v1/negatives/pairs/N00246/left/Main.java,/Users/liuziqi/Documents/西大Graduate/Project_base/Code/Meng_ProjectBased_DetectCodeSimilar/code-sim/results/formal-v1/negatives/pairs/N00246/right/Main.java,p03316,p03324,s018732079.java,s268697520.java,169,169,6,5,14
N00247,/Users/liuziqi/Documents/西大Graduate/Project_base/Code/Meng_ProjectBased_DetectCodeSimilar/code-sim/results/formal-v1/negatives/pairs/N00247/left/Main.java,/Users/liuziqi/Documents/西大Graduate/Project_base/Code/Meng_ProjectBased_DetectCodeSimilar/code-sim/results/formal-v1/negatives/pairs/N00247/right/Main.java,p02731,p02759,s802596501.java,s002584418.java,71,71,0,0,23
N00248,/Users/liuziqi/Documents/西大Graduate/Project_base/Code/Meng_ProjectBased_DetectCodeSimilar/code-sim/results/formal-v1/negatives/pairs/N00248/left/Main.java,/Users/liuziqi/Documents/西大Graduate/Project_base/Code/Meng_ProjectBased_DetectCodeSimilar/code-sim/results/formal-v1/negatives/pairs/N00248/right/Main.java,p03107,p03109,s833933473.java,s677999276.java,360,360,5,4,22
N00249,/Users/liuziqi/Documents/西大Graduate/Project_base/Code/Meng_ProjectBased_DetectCodeSimilar/code-sim/results/formal-v1/negatives/pairs/N00249/left/Main.java,/Users/liuziqi/Documents/西大Graduate/Project_base/Code/Meng_ProjectBased_DetectCodeSimilar/code-sim/results/formal-v1/negatives/pairs/N00249/right/Main.java,p03455,p03324,s703002102.java,s331529400.java,96,96,1,1,23
N00250,/Users/liuziqi/Documents/西大Graduate/Project_base/Code/Meng_ProjectBased_DetectCodeSimilar/code-sim/results/formal-v1/negatives/pairs/N00250/left/Main.java,/Users/liuziqi/Documents/西大Graduate/Project_base/Code/Meng_ProjectBased_DetectCodeSimilar/code-sim/results/formal-v1/negatives/pairs/N00250/right/Main.java,p03042,p02658,s606945580.java,s966333405.java,912,913,10,14,13
N00251,/Users/liuziqi/Documents/西大Graduate/Project_base/Code/Meng_ProjectBased_DetectCodeSimilar/code-sim/results/formal-v1/negatives/pairs/N00251/left/Main.java,/Users/liuziqi/Documents/西大Graduate/Project_base/Code/Meng_ProjectBased_DetectCodeSimilar/code-sim/results/formal-v1/negatives/pairs/N00251/right/Main.java,p02687,p02681,s493894925.java,s941243651.java,93,93,1,1,17
N00252,/Users/liuziqi/Documents/西大Graduate/Project_base/Code/Meng_ProjectBased_DetectCodeSimilar/code-sim/results/formal-v1/negatives/pairs/N00252/left/Main.java,/Users/liuziqi/Documents/西大Graduate/Project_base/Code/Meng_ProjectBased_DetectCodeSimilar/code-sim/results/formal-v1/negatives/pairs/N00252/right/Main.java,p03644,p03854,s552171354.java,s258781758.java,99,99,1,1,27
N00253,/Users/liuziqi/Documents/西大Graduate/Project_base/Code/Meng_ProjectBased_DetectCodeSimilar/code-sim/results/formal-v1/negatives/pairs/N00253/left/Main.java,/Users/liuziqi/Documents/西大Graduate/Project_base/Code/Meng_ProjectBased_DetectCodeSimilar/code-sim/results/formal-v1/negatives/pairs/N00253/right/Main.java,p02414,p02413,s426515184.java,s151124864.java,449,449,11,11,16
N00254,/Users/liuziqi/Documents/西大Graduate/Project_base/Code/Meng_ProjectBased_DetectCodeSimilar/code-sim/results/formal-v1/negatives/pairs/N00254/left/Main.java,/Users/liuziqi/Documents/西大Graduate/Project_base/Code/Meng_ProjectBased_DetectCodeSimilar/code-sim/results/formal-v1/negatives/pairs/N00254/right/Main.java,p03493,p00002,s869893156.java,s543222570.java,95,96,2,2,16
N00255,/Users/liuziqi/Documents/西大Graduate/Project_base/Code/Meng_ProjectBased_DetectCodeSimilar/code-sim/results/formal-v1/negatives/pairs/N00255/left/Main.java,/Users/liuziqi/Documents/西大Graduate/Project_base/Code/Meng_ProjectBased_DetectCodeSimilar/code-sim/results/formal-v1/negatives/pairs/N00255/right/Main.java,p02705,p02657,s238655747.java,s951745653.java,66,66,0,0,15
N00256,/Users/liuziqi/Documents/西大Graduate/Project_base/Code/Meng_ProjectBased_DetectCodeSimilar/code-sim/results/formal-v1/negatives/pairs/N00256/left/Main.java,/Users/liuziqi/Documents/西大Graduate/Project_base/Code/Meng_ProjectBased_DetectCodeSimilar/code-sim/results/formal-v1/negatives/pairs/N00256/right/Main.java,p03001,p02989,s391603397.java,s637792956.java,155,155,1,1,25
N00257,/Users/liuziqi/Documents/西大Graduate/Project_base/Code/Meng_ProjectBased_DetectCodeSimilar/code-sim/results/formal-v1/negatives/pairs/N00257/left/Main.java,/Users/liuziqi/Documents/西大Graduate/Project_base/Code/Meng_ProjectBased_DetectCodeSimilar/code-sim/results/formal-v1/negatives/pairs/N00257/right/Main.java,p02959,p02957,s190352404.java,s148094615.java,462,462,6,7,16
N00258,/Users/liuziqi/Documents/西大Graduate/Project_base/Code/Meng_ProjectBased_DetectCodeSimilar/code-sim/results/formal-v1/negatives/pairs/N00258/left/Main.java,/Users/liuziqi/Documents/西大Graduate/Project_base/Code/Meng_ProjectBased_DetectCodeSimilar/code-sim/results/formal-v1/negatives/pairs/N00258/right/Main.java,p02676,p02681,s683392071.java,s299397682.java,112,112,1,1,17
N00259,/Users/liuziqi/Documents/西大Graduate/Project_base/Code/Meng_ProjectBased_DetectCodeSimilar/code-sim/results/formal-v1/negatives/pairs/N00259/left/Main.java,/Users/liuziqi/Documents/西大Graduate/Project_base/Code/Meng_ProjectBased_DetectCodeSimilar/code-sim/results/formal-v1/negatives/pairs/N00259/right/Main.java,p03059,p03071,s591576238.java,s467783117.java,108,108,1,1,23
N00260,/Users/liuziqi/Documents/西大Graduate/Project_base/Code/Meng_ProjectBased_DetectCodeSimilar/code-sim/results/formal-v1/negatives/pairs/N00260/left/Main.java,/Users/liuziqi/Documents/西大Graduate/Project_base/Code/Meng_ProjectBased_DetectCodeSimilar/code-sim/results/formal-v1/negatives/pairs/N00260/right/Main.java,p03041,p03292,s252237284.java,s403935541.java,109,109,0,0,27
N00261,/Users/liuziqi/Documents/西大Graduate/Project_base/Code/Meng_ProjectBased_DetectCodeSimilar/code-sim/results/formal-v1/negatives/pairs/N00261/left/Main.java,/Users/liuziqi/Documents/西大Graduate/Project_base/Code/Meng_ProjectBased_DetectCodeSimilar/code-sim/results/formal-v1/negatives/pairs/N00261/right/Main.java,p02717,p02731,s269322487.java,s747209820.java,136,136,0,0,11
N00262,/Users/liuziqi/Documents/西大Graduate/Project_base/Code/Meng_ProjectBased_DetectCodeSimilar/code-sim/results/formal-v1/negatives/pairs/N00262/left/Main.java,/Users/liuziqi/Documents/西大Graduate/Project_base/Code/Meng_ProjectBased_DetectCodeSimilar/code-sim/results/formal-v1/negatives/pairs/N00262/right/Main.java,p03456,p03680,s485662454.java,s101702615.java,471,471,6,6,11
N00263,/Users/liuziqi/Documents/西大Graduate/Project_base/Code/Meng_ProjectBased_DetectCodeSimilar/code-sim/results/formal-v1/negatives/pairs/N00263/left/Main.java,/Users/liuziqi/Documents/西大Graduate/Project_base/Code/Meng_ProjectBased_DetectCodeSimilar/code-sim/results/formal-v1/negatives/pairs/N00263/right/Main.java,p03086,p03106,s677576568.java,s173801692.java,188,188,2,2,27
N00264,/Users/liuziqi/Documents/西大Graduate/Project_base/Code/Meng_ProjectBased_DetectCodeSimilar/code-sim/results/formal-v1/negatives/pairs/N00264/left/Main.java,/Users/liuziqi/Documents/西大Graduate/Project_base/Code/Meng_ProjectBased_DetectCodeSimilar/code-sim/results/formal-v1/negatives/pairs/N00264/right/Main.java,p02982,p02898,s787255943.java,s805081726.java,476,476,9,9,19
N00265,/Users/liuziqi/Documents/西大Graduate/Project_base/Code/Meng_ProjectBased_DetectCodeSimilar/code-sim/results/formal-v1/negatives/pairs/N00265/left/Main.java,/Users/liuziqi/Documents/西大Graduate/Project_base/Code/Meng_ProjectBased_DetectCodeSimilar/code-sim/results/formal-v1/negatives/pairs/N00265/right/Main.java,p02264,p02381,s638914163.java,s125907973.java,231,231,3,4,18
N00266,/Users/liuziqi/Documents/西大Graduate/Project_base/Code/Meng_ProjectBased_DetectCodeSimilar/code-sim/results/formal-v1/negatives/pairs/N00266/left/Main.java,/Users/liuziqi/Documents/西大Graduate/Project_base/Code/Meng_ProjectBased_DetectCodeSimilar/code-sim/results/formal-v1/negatives/pairs/N00266/right/Main.java,p00001,p04043,s021679252.java,s627106227.java,133,132,1,1,15
N00267,/Users/liuziqi/Documents/西大Graduate/Project_base/Code/Meng_ProjectBased_DetectCodeSimilar/code-sim/results/formal-v1/negatives/pairs/N00267/left/Main.java,/Users/liuziqi/Documents/西大Graduate/Project_base/Code/Meng_ProjectBased_DetectCodeSimilar/code-sim/results/formal-v1/negatives/pairs/N00267/right/Main.java,p02802,p02835,s770170179.java,s782634949.java,337,337,8,6,12
N00268,/Users/liuziqi/Documents/西大Graduate/Project_base/Code/Meng_ProjectBased_DetectCodeSimilar/code-sim/results/formal-v1/negatives/pairs/N00268/left/Main.java,/Users/liuziqi/Documents/西大Graduate/Project_base/Code/Meng_ProjectBased_DetectCodeSimilar/code-sim/results/formal-v1/negatives/pairs/N00268/right/Main.java,p02835,p02831,s368282765.java,s903143322.java,144,144,1,1,10
N00269,/Users/liuziqi/Documents/西大Graduate/Project_base/Code/Meng_ProjectBased_DetectCodeSimilar/code-sim/results/formal-v1/negatives/pairs/N00269/left/Main.java,/Users/liuziqi/Documents/西大Graduate/Project_base/Code/Meng_ProjectBased_DetectCodeSimilar/code-sim/results/formal-v1/negatives/pairs/N00269/right/Main.java,p02759,p02724,s816444263.java,s866961115.java,213,213,1,1,11
N00270,/Users/liuziqi/Documents/西大Graduate/Project_base/Code/Meng_ProjectBased_DetectCodeSimilar/code-sim/results/formal-v1/negatives/pairs/N00270/left/Main.java,/Users/liuziqi/Documents/西大Graduate/Project_base/Code/Meng_ProjectBased_DetectCodeSimilar/code-sim/results/formal-v1/negatives/pairs/N00270/right/Main.java,p02922,p02959,s786937571.java,s324086082.java,299,299,4,4,15
N00271,/Users/liuziqi/Documents/西大Graduate/Project_base/Code/Meng_ProjectBased_DetectCodeSimilar/code-sim/results/formal-v1/negatives/pairs/N00271/left/Main.java,/Users/liuziqi/Documents/西大Graduate/Project_base/Code/Meng_ProjectBased_DetectCodeSimilar/code-sim/results/formal-v1/negatives/pairs/N00271/right/Main.java,p02417,p02418,s904226486.java,s212161351.java,204,204,5,4,15
N00272,/Users/liuziqi/Documents/西大Graduate/Project_base/Code/Meng_ProjectBased_DetectCodeSimilar/code-sim/results/formal-v1/negatives/pairs/N00272/left/Main.java,/Users/liuziqi/Documents/西大Graduate/Project_base/Code/Meng_ProjectBased_DetectCodeSimilar/code-sim/results/formal-v1/negatives/pairs/N00272/right/Main.java,p03835,p03814,s869846601.java,s818671714.java,138,138,3,4,13
N00273,/Users/liuziqi/Documents/西大Graduate/Project_base/Code/Meng_ProjectBased_DetectCodeSimilar/code-sim/results/formal-v1/negatives/pairs/N00273/left/Main.java,/Users/liuziqi/Documents/西大Graduate/Project_base/Code/Meng_ProjectBased_DetectCodeSimilar/code-sim/results/formal-v1/negatives/pairs/N00273/right/Main.java,p03146,p03076,s134551911.java,s175399547.java,692,692,12,13,11
N00274,/Users/liuziqi/Documents/西大Graduate/Project_base/Code/Meng_ProjectBased_DetectCodeSimilar/code-sim/results/formal-v1/negatives/pairs/N00274/left/Main.java,/Users/liuziqi/Documents/西大Graduate/Project_base/Code/Meng_ProjectBased_DetectCodeSimilar/code-sim/results/formal-v1/negatives/pairs/N00274/right/Main.java,p02578,p02571,s250721580.java,s998149750.java,190,190,3,4,17
N00275,/Users/liuziqi/Documents/西大Graduate/Project_base/Code/Meng_ProjectBased_DetectCodeSimilar/code-sim/results/formal-v1/negatives/pairs/N00275/left/Main.java,/Users/liuziqi/Documents/西大Graduate/Project_base/Code/Meng_ProjectBased_DetectCodeSimilar/code-sim/results/formal-v1/negatives/pairs/N00275/right/Main.java,p02759,p02731,s017369444.java,s918603927.java,66,66,0,0,16
N00276,/Users/liuziqi/Documents/西大Graduate/Project_base/Code/Meng_ProjectBased_DetectCodeSimilar/code-sim/results/formal-v1/negatives/pairs/N00276/left/Main.java,/Users/liuziqi/Documents/西大Graduate/Project_base/Code/Meng_ProjectBased_DetectCodeSimilar/code-sim/results/formal-v1/negatives/pairs/N00276/right/Main.java,p03308,p03292,s298629116.java,s821310495.java,240,240,4,4,12
N00277,/Users/liuziqi/Documents/西大Graduate/Project_base/Code/Meng_ProjectBased_DetectCodeSimilar/code-sim/results/formal-v1/negatives/pairs/N00277/left/Main.java,/Users/liuziqi/Documents/西大Graduate/Project_base/Code/Meng_ProjectBased_DetectCodeSimilar/code-sim/results/formal-v1/negatives/pairs/N00277/right/Main.java,p03012,p03013,s542750645.java,s488457812.java,249,249,4,5,26
N00278,/Users/liuziqi/Documents/西大Graduate/Project_base/Code/Meng_ProjectBased_DetectCodeSimilar/code-sim/results/formal-v1/negatives/pairs/N00278/left/Main.java,/Users/liuziqi/Documents/西大Graduate/Project_base/Code/Meng_ProjectBased_DetectCodeSimilar/code-sim/results/formal-v1/negatives/pairs/N00278/right/Main.java,p03076,p03073,s945958545.java,s886234963.java,207,207,7,6,15
N00279,/Users/liuziqi/Documents/西大Graduate/Project_base/Code/Meng_ProjectBased_DetectCodeSimilar/code-sim/results/formal-v1/negatives/pairs/N00279/left/Main.java,/Users/liuziqi/Documents/西大Graduate/Project_base/Code/Meng_ProjectBased_DetectCodeSimilar/code-sim/results/formal-v1/negatives/pairs/N00279/right/Main.java,p03285,p03281,s480654395.java,s876631167.java,142,142,4,5,22
N00280,/Users/liuziqi/Documents/西大Graduate/Project_base/Code/Meng_ProjectBased_DetectCodeSimilar/code-sim/results/formal-v1/negatives/pairs/N00280/left/Main.java,/Users/liuziqi/Documents/西大Graduate/Project_base/Code/Meng_ProjectBased_DetectCodeSimilar/code-sim/results/formal-v1/negatives/pairs/N00280/right/Main.java,p02381,p02258,s332919765.java,s589043019.java,180,180,4,4,23
N00281,/Users/liuziqi/Documents/西大Graduate/Project_base/Code/Meng_ProjectBased_DetectCodeSimilar/code-sim/results/formal-v1/negatives/pairs/N00281/left/Main.java,/Users/liuziqi/Documents/西大Graduate/Project_base/Code/Meng_ProjectBased_DetectCodeSimilar/code-sim/results/formal-v1/negatives/pairs/N00281/right/Main.java,p02699,p02700,s477872038.java,s133900272.java,119,119,1,1,15
N00282,/Users/liuziqi/Documents/西大Graduate/Project_base/Code/Meng_ProjectBased_DetectCodeSimilar/code-sim/results/formal-v1/negatives/pairs/N00282/left/Main.java,/Users/liuziqi/Documents/西大Graduate/Project_base/Code/Meng_ProjectBased_DetectCodeSimilar/code-sim/results/formal-v1/negatives/pairs/N00282/right/Main.java,p02897,p02898,s889710649.java,s074226272.java,104,104,2,2,15
N00283,/Users/liuziqi/Documents/西大Graduate/Project_base/Code/Meng_ProjectBased_DetectCodeSimilar/code-sim/results/formal-v1/negatives/pairs/N00283/left/Main.java,/Users/liuziqi/Documents/西大Graduate/Project_base/Code/Meng_ProjectBased_DetectCodeSimilar/code-sim/results/formal-v1/negatives/pairs/N00283/right/Main.java,p03378,p03325,s233577511.java,s441677360.java,203,203,5,5,22
N00284,/Users/liuziqi/Documents/西大Graduate/Project_base/Code/Meng_ProjectBased_DetectCodeSimilar/code-sim/results/formal-v1/negatives/pairs/N00284/left/Main.java,/Users/liuziqi/Documents/西大Graduate/Project_base/Code/Meng_ProjectBased_DetectCodeSimilar/code-sim/results/formal-v1/negatives/pairs/N00284/right/Main.java,p02724,p02723,s415873580.java,s643299268.java,116,116,2,2,9
N00285,/Users/liuziqi/Documents/西大Graduate/Project_base/Code/Meng_ProjectBased_DetectCodeSimilar/code-sim/results/formal-v1/negatives/pairs/N00285/left/Main.java,/Users/liuziqi/Documents/西大Graduate/Project_base/Code/Meng_ProjectBased_DetectCodeSimilar/code-sim/results/formal-v1/negatives/pairs/N00285/right/Main.java,p03146,p03136,s980989047.java,s729183322.java,187,187,3,3,16
N00286,/Users/liuziqi/Documents/西大Graduate/Project_base/Code/Meng_ProjectBased_DetectCodeSimilar/code-sim/results/formal-v1/negatives/pairs/N00286/left/Main.java,/Users/liuziqi/Documents/西大Graduate/Project_base/Code/Meng_ProjectBased_DetectCodeSimilar/code-sim/results/formal-v1/negatives/pairs/N00286/right/Main.java,p02989,p03109,s183504039.java,s759247351.java,171,171,1,1,10
N00287,/Users/liuziqi/Documents/西大Graduate/Project_base/Code/Meng_ProjectBased_DetectCodeSimilar/code-sim/results/formal-v1/negatives/pairs/N00287/left/Main.java,/Users/liuziqi/Documents/西大Graduate/Project_base/Code/Meng_ProjectBased_DetectCodeSimilar/code-sim/results/formal-v1/negatives/pairs/N00287/right/Main.java,p03087,p03086,s792125069.java,s952416762.java,211,211,3,4,16
N00288,/Users/liuziqi/Documents/西大Graduate/Project_base/Code/Meng_ProjectBased_DetectCodeSimilar/code-sim/results/formal-v1/negatives/pairs/N00288/left/Main.java,/Users/liuziqi/Documents/西大Graduate/Project_base/Code/Meng_ProjectBased_DetectCodeSimilar/code-sim/results/formal-v1/negatives/pairs/N00288/right/Main.java,p03416,p03370,s322811580.java,s360397175.java,161,161,3,3,27
N00289,/Users/liuziqi/Documents/西大Graduate/Project_base/Code/Meng_ProjectBased_DetectCodeSimilar/code-sim/results/formal-v1/negatives/pairs/N00289/left/Main.java,/Users/liuziqi/Documents/西大Graduate/Project_base/Code/Meng_ProjectBased_DetectCodeSimilar/code-sim/results/formal-v1/negatives/pairs/N00289/right/Main.java,p02812,p02818,s114674167.java,s075314693.java,142,142,2,2,16
N00290,/Users/liuziqi/Documents/西大Graduate/Project_base/Code/Meng_ProjectBased_DetectCodeSimilar/code-sim/results/formal-v1/negatives/pairs/N00290/left/Main.java,/Users/liuziqi/Documents/西大Graduate/Project_base/Code/Meng_ProjectBased_DetectCodeSimilar/code-sim/results/formal-v1/negatives/pairs/N00290/right/Main.java,p03448,p03378,s477758013.java,s330004766.java,251,251,4,4,22
N00291,/Users/liuziqi/Documents/西大Graduate/Project_base/Code/Meng_ProjectBased_DetectCodeSimilar/code-sim/results/formal-v1/negatives/pairs/N00291/left/Main.java,/Users/liuziqi/Documents/西大Graduate/Project_base/Code/Meng_ProjectBased_DetectCodeSimilar/code-sim/results/formal-v1/negatives/pairs/N00291/right/Main.java,p02829,p02847,s023974100.java,s479477553.java,175,175,9,8,15
N00292,/Users/liuziqi/Documents/西大Graduate/Project_base/Code/Meng_ProjectBased_DetectCodeSimilar/code-sim/results/formal-v1/negatives/pairs/N00292/left/Main.java,/Users/liuziqi/Documents/西大Graduate/Project_base/Code/Meng_ProjectBased_DetectCodeSimilar/code-sim/results/formal-v1/negatives/pairs/N00292/right/Main.java,p02547,p02420,s030497010.java,s416091256.java,225,225,4,5,13
N00293,/Users/liuziqi/Documents/西大Graduate/Project_base/Code/Meng_ProjectBased_DetectCodeSimilar/code-sim/results/formal-v1/negatives/pairs/N00293/left/Main.java,/Users/liuziqi/Documents/西大Graduate/Project_base/Code/Meng_ProjectBased_DetectCodeSimilar/code-sim/results/formal-v1/negatives/pairs/N00293/right/Main.java,p02411,p02412,s663243533.java,s304387027.java,266,266,8,9,15
N00294,/Users/liuziqi/Documents/西大Graduate/Project_base/Code/Meng_ProjectBased_DetectCodeSimilar/code-sim/results/formal-v1/negatives/pairs/N00294/left/Main.java,/Users/liuziqi/Documents/西大Graduate/Project_base/Code/Meng_ProjectBased_DetectCodeSimilar/code-sim/results/formal-v1/negatives/pairs/N00294/right/Main.java,p03680,p03775,s661460980.java,s056172002.java,159,159,4,3,27
N00295,/Users/liuziqi/Documents/西大Graduate/Project_base/Code/Meng_ProjectBased_DetectCodeSimilar/code-sim/results/formal-v1/negatives/pairs/N00295/left/Main.java,/Users/liuziqi/Documents/西大Graduate/Project_base/Code/Meng_ProjectBased_DetectCodeSimilar/code-sim/results/formal-v1/negatives/pairs/N00295/right/Main.java,p02887,p02886,s846998328.java,s552388895.java,140,140,2,2,17
N00296,/Users/liuziqi/Documents/西大Graduate/Project_base/Code/Meng_ProjectBased_DetectCodeSimilar/code-sim/results/formal-v1/negatives/pairs/N00296/left/Main.java,/Users/liuziqi/Documents/西大Graduate/Project_base/Code/Meng_ProjectBased_DetectCodeSimilar/code-sim/results/formal-v1/negatives/pairs/N00296/right/Main.java,p02835,p02831,s807833649.java,s630137635.java,109,109,1,1,27
N00297,/Users/liuziqi/Documents/西大Graduate/Project_base/Code/Meng_ProjectBased_DetectCodeSimilar/code-sim/results/formal-v1/negatives/pairs/N00297/left/Main.java,/Users/liuziqi/Documents/西大Graduate/Project_base/Code/Meng_ProjectBased_DetectCodeSimilar/code-sim/results/formal-v1/negatives/pairs/N00297/right/Main.java,p03075,p03107,s647758200.java,s777057413.java,131,131,1,1,27
N00298,/Users/liuziqi/Documents/西大Graduate/Project_base/Code/Meng_ProjectBased_DetectCodeSimilar/code-sim/results/formal-v1/negatives/pairs/N00298/left/Main.java,/Users/liuziqi/Documents/西大Graduate/Project_base/Code/Meng_ProjectBased_DetectCodeSimilar/code-sim/results/formal-v1/negatives/pairs/N00298/right/Main.java,p02612,p02552,s058637963.java,s298836668.java,85,85,2,2,23
N00299,/Users/liuziqi/Documents/西大Graduate/Project_base/Code/Meng_ProjectBased_DetectCodeSimilar/code-sim/results/formal-v1/negatives/pairs/N00299/left/Main.java,/Users/liuziqi/Documents/西大Graduate/Project_base/Code/Meng_ProjectBased_DetectCodeSimilar/code-sim/results/formal-v1/negatives/pairs/N00299/right/Main.java,p03371,p03360,s449569127.java,s268353742.java,171,171,1,1,12
N00300,/Users/liuziqi/Documents/西大Graduate/Project_base/Code/Meng_ProjectBased_DetectCodeSimilar/code-sim/results/formal-v1/negatives/pairs/N00300/left/Main.java,/Users/liuziqi/Documents/西大Graduate/Project_base/Code/Meng_ProjectBased_DetectCodeSimilar/code-sim/results/formal-v1/negatives/pairs/N00300/right/Main.java,p03281,p03073,s304965969.java,s877200919.java,417,417,7,10,14
N00301,/Users/liuziqi/Documents/西大Graduate/Project_base/Code/Meng_ProjectBased_DetectCodeSimilar/code-sim/results/formal-v1/negatives/pairs/N00301/left/Main.java,/Users/liuziqi/Documents/西大Graduate/Project_base/Code/Meng_ProjectBased_DetectCodeSimilar/code-sim/results/formal-v1/negatives/pairs/N00301/right/Main.java,p03261,p03242,s139801596.java,s419800729.java,237,237,5,4,23
N00302,/Users/liuziqi/Documents/西大Graduate/Project_base/Code/Meng_ProjectBased_DetectCodeSimilar/code-sim/results/formal-v1/negatives/pairs/N00302/left/Main.java,/Users/liuziqi/Documents/西大Graduate/Project_base/Code/Meng_ProjectBased_DetectCodeSimilar/code-sim/results/formal-v1/negatives/pairs/N00302/right/Main.java,p02263,p02259,s149624196.java,s265234544.java,319,319,5,7,13
N00303,/Users/liuziqi/Documents/西大Graduate/Project_base/Code/Meng_ProjectBased_DetectCodeSimilar/code-sim/results/formal-v1/negatives/pairs/N00303/left/Main.java,/Users/liuziqi/Documents/西大Graduate/Project_base/Code/Meng_ProjectBased_DetectCodeSimilar/code-sim/results/formal-v1/negatives/pairs/N00303/right/Main.java,p03494,p03680,s978512490.java,s606465211.java,174,174,4,3,28
N00304,/Users/liuziqi/Documents/西大Graduate/Project_base/Code/Meng_ProjectBased_DetectCodeSimilar/code-sim/results/formal-v1/negatives/pairs/N00304/left/Main.java,/Users/liuziqi/Documents/西大Graduate/Project_base/Code/Meng_ProjectBased_DetectCodeSimilar/code-sim/results/formal-v1/negatives/pairs/N00304/right/Main.java,p02818,p02791,s145862167.java,s782661255.java,162,162,4,3,17
N00305,/Users/liuziqi/Documents/西大Graduate/Project_base/Code/Meng_ProjectBased_DetectCodeSimilar/code-sim/results/formal-v1/negatives/pairs/N00305/left/Main.java,/Users/liuziqi/Documents/西大Graduate/Project_base/Code/Meng_ProjectBased_DetectCodeSimilar/code-sim/results/formal-v1/negatives/pairs/N00305/right/Main.java,p02627,p02640,s376845291.java,s701820845.java,149,149,1,1,12
N00306,/Users/liuziqi/Documents/西大Graduate/Project_base/Code/Meng_ProjectBased_DetectCodeSimilar/code-sim/results/formal-v1/negatives/pairs/N00306/left/Main.java,/Users/liuziqi/Documents/西大Graduate/Project_base/Code/Meng_ProjectBased_DetectCodeSimilar/code-sim/results/formal-v1/negatives/pairs/N00306/right/Main.java,p00006,p03493,s563850635.java,s579104274.java,75,74,0,0,15
N00307,/Users/liuziqi/Documents/西大Graduate/Project_base/Code/Meng_ProjectBased_DetectCodeSimilar/code-sim/results/formal-v1/negatives/pairs/N00307/left/Main.java,/Users/liuziqi/Documents/西大Graduate/Project_base/Code/Meng_ProjectBased_DetectCodeSimilar/code-sim/results/formal-v1/negatives/pairs/N00307/right/Main.java,p02860,p02848,s328679431.java,s802187488.java,132,132,2,2,23
N00308,/Users/liuziqi/Documents/西大Graduate/Project_base/Code/Meng_ProjectBased_DetectCodeSimilar/code-sim/results/formal-v1/negatives/pairs/N00308/left/Main.java,/Users/liuziqi/Documents/西大Graduate/Project_base/Code/Meng_ProjectBased_DetectCodeSimilar/code-sim/results/formal-v1/negatives/pairs/N00308/right/Main.java,p03071,p03136,s856275743.java,s536906654.java,120,120,3,3,15
N00309,/Users/liuziqi/Documents/西大Graduate/Project_base/Code/Meng_ProjectBased_DetectCodeSimilar/code-sim/results/formal-v1/negatives/pairs/N00309/left/Main.java,/Users/liuziqi/Documents/西大Graduate/Project_base/Code/Meng_ProjectBased_DetectCodeSimilar/code-sim/results/formal-v1/negatives/pairs/N00309/right/Main.java,p02258,p00005,s277145261.java,s004070500.java,180,180,2,2,11
N00310,/Users/liuziqi/Documents/西大Graduate/Project_base/Code/Meng_ProjectBased_DetectCodeSimilar/code-sim/results/formal-v1/negatives/pairs/N00310/left/Main.java,/Users/liuziqi/Documents/西大Graduate/Project_base/Code/Meng_ProjectBased_DetectCodeSimilar/code-sim/results/formal-v1/negatives/pairs/N00310/right/Main.java,p02582,p02576,s700415964.java,s582107194.java,387,387,5,4,11
N00311,/Users/liuziqi/Documents/西大Graduate/Project_base/Code/Meng_ProjectBased_DetectCodeSimilar/code-sim/results/formal-v1/negatives/pairs/N00311/left/Main.java,/Users/liuziqi/Documents/西大Graduate/Project_base/Code/Meng_ProjectBased_DetectCodeSimilar/code-sim/results/formal-v1/negatives/pairs/N00311/right/Main.java,p03352,p03325,s846904581.java,s966157636.java,147,147,2,2,17
N00312,/Users/liuziqi/Documents/西大Graduate/Project_base/Code/Meng_ProjectBased_DetectCodeSimilar/code-sim/results/formal-v1/negatives/pairs/N00312/left/Main.java,/Users/liuziqi/Documents/西大Graduate/Project_base/Code/Meng_ProjectBased_DetectCodeSimilar/code-sim/results/formal-v1/negatives/pairs/N00312/right/Main.java,p02389,p02399,s017881228.java,s174669046.java,142,142,0,0,17
N00313,/Users/liuziqi/Documents/西大Graduate/Project_base/Code/Meng_ProjectBased_DetectCodeSimilar/code-sim/results/formal-v1/negatives/pairs/N00313/left/Main.java,/Users/liuziqi/Documents/西大Graduate/Project_base/Code/Meng_ProjectBased_DetectCodeSimilar/code-sim/results/formal-v1/negatives/pairs/N00313/right/Main.java,p02258,p02391,s085149420.java,s883526396.java,172,172,2,2,15
N00314,/Users/liuziqi/Documents/西大Graduate/Project_base/Code/Meng_ProjectBased_DetectCodeSimilar/code-sim/results/formal-v1/negatives/pairs/N00314/left/Main.java,/Users/liuziqi/Documents/西大Graduate/Project_base/Code/Meng_ProjectBased_DetectCodeSimilar/code-sim/results/formal-v1/negatives/pairs/N00314/right/Main.java,p02711,p02712,s441392980.java,s314368020.java,128,128,3,4,23
N00315,/Users/liuziqi/Documents/西大Graduate/Project_base/Code/Meng_ProjectBased_DetectCodeSimilar/code-sim/results/formal-v1/negatives/pairs/N00315/left/Main.java,/Users/liuziqi/Documents/西大Graduate/Project_base/Code/Meng_ProjectBased_DetectCodeSimilar/code-sim/results/formal-v1/negatives/pairs/N00315/right/Main.java,p04030,p03435,s924301124.java,s532124674.java,603,603,10,8,11
N00316,/Users/liuziqi/Documents/西大Graduate/Project_base/Code/Meng_ProjectBased_DetectCodeSimilar/code-sim/results/formal-v1/negatives/pairs/N00316/left/Main.java,/Users/liuziqi/Documents/西大Graduate/Project_base/Code/Meng_ProjectBased_DetectCodeSimilar/code-sim/results/formal-v1/negatives/pairs/N00316/right/Main.java,p02411,p02410,s554037547.java,s406503611.java,265,265,8,6,21
N00317,/Users/liuziqi/Documents/西大Graduate/Project_base/Code/Meng_ProjectBased_DetectCodeSimilar/code-sim/results/formal-v1/negatives/pairs/N00317/left/Main.java,/Users/liuziqi/Documents/西大Graduate/Project_base/Code/Meng_ProjectBased_DetectCodeSimilar/code-sim/results/formal-v1/negatives/pairs/N00317/right/Main.java,p02898,p03012,s681280287.java,s797175334.java,638,638,12,17,17
N00318,/Users/liuziqi/Documents/西大Graduate/Project_base/Code/Meng_ProjectBased_DetectCodeSimilar/code-sim/results/formal-v1/negatives/pairs/N00318/left/Main.java,/Users/liuziqi/Documents/西大Graduate/Project_base/Code/Meng_ProjectBased_DetectCodeSimilar/code-sim/results/formal-v1/negatives/pairs/N00318/right/Main.java,p02404,p02403,s522479950.java,s701581292.java,246,246,6,5,22
N00319,/Users/liuziqi/Documents/西大Graduate/Project_base/Code/Meng_ProjectBased_DetectCodeSimilar/code-sim/results/formal-v1/negatives/pairs/N00319/left/Main.java,/Users/liuziqi/Documents/西大Graduate/Project_base/Code/Meng_ProjectBased_DetectCodeSimilar/code-sim/results/formal-v1/negatives/pairs/N00319/right/Main.java,p03289,p03281,s829257825.java,s495060117.java,232,232,6,8,9
N00320,/Users/liuziqi/Documents/西大Graduate/Project_base/Code/Meng_ProjectBased_DetectCodeSimilar/code-sim/results/formal-v1/negatives/pairs/N00320/left/Main.java,/Users/liuziqi/Documents/西大Graduate/Project_base/Code/Meng_ProjectBased_DetectCodeSimilar/code-sim/results/formal-v1/negatives/pairs/N00320/right/Main.java,p02754,p02771,s771406508.java,s356529760.java,110,110,1,1,23
N00321,/Users/liuziqi/Documents/西大Graduate/Project_base/Code/Meng_ProjectBased_DetectCodeSimilar/code-sim/results/formal-v1/negatives/pairs/N00321/left/Main.java,/Users/liuziqi/Documents/西大Graduate/Project_base/Code/Meng_ProjectBased_DetectCodeSimilar/code-sim/results/formal-v1/negatives/pairs/N00321/right/Main.java,p02711,p02701,s143855354.java,s799795787.java,166,166,4,3,16
N00322,/Users/liuziqi/Documents/西大Graduate/Project_base/Code/Meng_ProjectBased_DetectCodeSimilar/code-sim/results/formal-v1/negatives/pairs/N00322/left/Main.java,/Users/liuziqi/Documents/西大Graduate/Project_base/Code/Meng_ProjectBased_DetectCodeSimilar/code-sim/results/formal-v1/negatives/pairs/N00322/right/Main.java,p03371,p03370,s249644319.java,s686805640.java,193,193,1,1,15
N00323,/Users/liuziqi/Documents/西大Graduate/Project_base/Code/Meng_ProjectBased_DetectCodeSimilar/code-sim/results/formal-v1/negatives/pairs/N00323/left/Main.java,/Users/liuziqi/Documents/西大Graduate/Project_base/Code/Meng_ProjectBased_DetectCodeSimilar/code-sim/results/formal-v1/negatives/pairs/N00323/right/Main.java,p02958,p02983,s490300210.java,s302144759.java,153,153,4,4,13
N00324,/Users/liuziqi/Documents/西大Graduate/Project_base/Code/Meng_ProjectBased_DetectCodeSimilar/code-sim/results/formal-v1/negatives/pairs/N00324/left/Main.java,/Users/liuziqi/Documents/西大Graduate/Project_base/Code/Meng_ProjectBased_DetectCodeSimilar/code-sim/results/formal-v1/negatives/pairs/N00324/right/Main.java,p00002,p04030,s158102056.java,s243730355.java,107,106,1,1,11
N00325,/Users/liuziqi/Documents/西大Graduate/Project_base/Code/Meng_ProjectBased_DetectCodeSimilar/code-sim/results/formal-v1/negatives/pairs/N00325/left/Main.java,/Users/liuziqi/Documents/西大Graduate/Project_base/Code/Meng_ProjectBased_DetectCodeSimilar/code-sim/results/formal-v1/negatives/pairs/N00325/right/Main.java,p02706,p02707,s463845052.java,s252184374.java,164,164,3,3,16
N00326,/Users/liuziqi/Documents/西大Graduate/Project_base/Code/Meng_ProjectBased_DetectCodeSimilar/code-sim/results/formal-v1/negatives/pairs/N00326/left/Main.java,/Users/liuziqi/Documents/西大Graduate/Project_base/Code/Meng_ProjectBased_DetectCodeSimilar/code-sim/results/formal-v1/negatives/pairs/N00326/right/Main.java,p02393,p02381,s370550209.java,s320300711.java,256,256,3,4,16
N00327,/Users/liuziqi/Documents/西大Graduate/Project_base/Code/Meng_ProjectBased_DetectCodeSimilar/code-sim/results/formal-v1/negatives/pairs/N00327/left/Main.java,/Users/liuziqi/Documents/西大Graduate/Project_base/Code/Meng_ProjectBased_DetectCodeSimilar/code-sim/results/formal-v1/negatives/pairs/N00327/right/Main.java,p02381,p02401,s193794151.java,s871867109.java,228,228,5,7,17
N00328,/Users/liuziqi/Documents/西大Graduate/Project_base/Code/Meng_ProjectBased_DetectCodeSimilar/code-sim/results/formal-v1/negatives/pairs/N00328/left/Main.java,/Users/liuziqi/Documents/西大Graduate/Project_base/Code/Meng_ProjectBased_DetectCodeSimilar/code-sim/results/formal-v1/negatives/pairs/N00328/right/Main.java,p03835,p03457,s862509023.java,s165099581.java,606,606,18,14,17
N00329,/Users/liuziqi/Documents/西大Graduate/Project_base/Code/Meng_ProjectBased_DetectCodeSimilar/code-sim/results/formal-v1/negatives/pairs/N00329/left/Main.java,/Users/liuziqi/Documents/西大Graduate/Project_base/Code/Meng_ProjectBased_DetectCodeSimilar/code-sim/results/formal-v1/negatives/pairs/N00329/right/Main.java,p03448,p03471,s836107074.java,s470478046.java,188,188,5,4,10
N00330,/Users/liuziqi/Documents/西大Graduate/Project_base/Code/Meng_ProjectBased_DetectCodeSimilar/code-sim/results/formal-v1/negatives/pairs/N00330/left/Main.java,/Users/liuziqi/Documents/西大Graduate/Project_base/Code/Meng_ProjectBased_DetectCodeSimilar/code-sim/results/formal-v1/negatives/pairs/N00330/right/Main.java,p03308,p03316,s961330066.java,s111528209.java,137,137,3,3,13
N00331,/Users/liuziqi/Documents/西大Graduate/Project_base/Code/Meng_ProjectBased_DetectCodeSimilar/code-sim/results/formal-v1/negatives/pairs/N00331/left/Main.java,/Users/liuziqi/Documents/西大Graduate/Project_base/Code/Meng_ProjectBased_DetectCodeSimilar/code-sim/results/formal-v1/negatives/pairs/N00331/right/Main.java,p03695,p03854,s966206087.java,s574472751.java,277,277,8,6,22
N00332,/Users/liuziqi/Documents/西大Graduate/Project_base/Code/Meng_ProjectBased_DetectCodeSimilar/code-sim/results/formal-v1/negatives/pairs/N00332/left/Main.java,/Users/liuziqi/Documents/西大Graduate/Project_base/Code/Meng_ProjectBased_DetectCodeSimilar/code-sim/results/formal-v1/negatives/pairs/N00332/right/Main.java,p02952,p02970,s100917824.java,s127348555.java,105,105,2,2,28
N00333,/Users/liuziqi/Documents/西大Graduate/Project_base/Code/Meng_ProjectBased_DetectCodeSimilar/code-sim/results/formal-v1/negatives/pairs/N00333/left/Main.java,/Users/liuziqi/Documents/西大Graduate/Project_base/Code/Meng_ProjectBased_DetectCodeSimilar/code-sim/results/formal-v1/negatives/pairs/N00333/right/Main.java,p02719,p02723,s657316560.java,s235818237.java,97,97,1,1,23
N00334,/Users/liuziqi/Documents/西大Graduate/Project_base/Code/Meng_ProjectBased_DetectCodeSimilar/code-sim/results/formal-v1/negatives/pairs/N00334/left/Main.java,/Users/liuziqi/Documents/西大Graduate/Project_base/Code/Meng_ProjectBased_DetectCodeSimilar/code-sim/results/formal-v1/negatives/pairs/N00334/right/Main.java,p00007,p00006,s539056563.java,s716803558.java,107,107,1,1,11
N00335,/Users/liuziqi/Documents/西大Graduate/Project_base/Code/Meng_ProjectBased_DetectCodeSimilar/code-sim/results/formal-v1/negatives/pairs/N00335/left/Main.java,/Users/liuziqi/Documents/西大Graduate/Project_base/Code/Meng_ProjectBased_DetectCodeSimilar/code-sim/results/formal-v1/negatives/pairs/N00335/right/Main.java,p02657,p02612,s501249201.java,s487655791.java,793,793,14,17,23
N00336,/Users/liuziqi/Documents/西大Graduate/Project_base/Code/Meng_ProjectBased_DetectCodeSimilar/code-sim/results/formal-v1/negatives/pairs/N00336/left/Main.java,/Users/liuziqi/Documents/西大Graduate/Project_base/Code/Meng_ProjectBased_DetectCodeSimilar/code-sim/results/formal-v1/negatives/pairs/N00336/right/Main.java,p03814,p03775,s304150940.java,s998083192.java,177,177,4,3,25
N00337,/Users/liuziqi/Documents/西大Graduate/Project_base/Code/Meng_ProjectBased_DetectCodeSimilar/code-sim/results/formal-v1/negatives/pairs/N00337/left/Main.java,/Users/liuziqi/Documents/西大Graduate/Project_base/Code/Meng_ProjectBased_DetectCodeSimilar/code-sim/results/formal-v1/negatives/pairs/N00337/right/Main.java,p02694,p02699,s437470307.java,s245081908.java,89,89,1,1,11
N00338,/Users/liuziqi/Documents/西大Graduate/Project_base/Code/Meng_ProjectBased_DetectCodeSimilar/code-sim/results/formal-v1/negatives/pairs/N00338/left/Main.java,/Users/liuziqi/Documents/西大Graduate/Project_base/Code/Meng_ProjectBased_DetectCodeSimilar/code-sim/results/formal-v1/negatives/pairs/N00338/right/Main.java,p02712,p02711,s024647933.java,s954317985.java,105,105,2,2,12
N00339,/Users/liuziqi/Documents/西大Graduate/Project_base/Code/Meng_ProjectBased_DetectCodeSimilar/code-sim/results/formal-v1/negatives/pairs/N00339/left/Main.java,/Users/liuziqi/Documents/西大Graduate/Project_base/Code/Meng_ProjectBased_DetectCodeSimilar/code-sim/results/formal-v1/negatives/pairs/N00339/right/Main.java,p02909,p02922,s505745905.java,s037809441.java,106,106,1,1,23
N00340,/Users/liuziqi/Documents/西大Graduate/Project_base/Code/Meng_ProjectBased_DetectCodeSimilar/code-sim/results/formal-v1/negatives/pairs/N00340/left/Main.java,/Users/liuziqi/Documents/西大Graduate/Project_base/Code/Meng_ProjectBased_DetectCodeSimilar/code-sim/results/formal-v1/negatives/pairs/N00340/right/Main.java,p02953,p02982,s871288758.java,s562507324.java,262,262,8,7,17
N00341,/Users/liuziqi/Documents/西大Graduate/Project_base/Code/Meng_ProjectBased_DetectCodeSimilar/code-sim/results/formal-v1/negatives/pairs/N00341/left/Main.java,/Users/liuziqi/Documents/西大Graduate/Project_base/Code/Meng_ProjectBased_DetectCodeSimilar/code-sim/results/formal-v1/negatives/pairs/N00341/right/Main.java,p03324,p03455,s686027786.java,s363548588.java,103,103,1,1,23
N00342,/Users/liuziqi/Documents/西大Graduate/Project_base/Code/Meng_ProjectBased_DetectCodeSimilar/code-sim/results/formal-v1/negatives/pairs/N00342/left/Main.java,/Users/liuziqi/Documents/西大Graduate/Project_base/Code/Meng_ProjectBased_DetectCodeSimilar/code-sim/results/formal-v1/negatives/pairs/N00342/right/Main.java,p02713,p02718,s363095410.java,s632215041.java,274,274,5,5,21
N00343,/Users/liuziqi/Documents/西大Graduate/Project_base/Code/Meng_ProjectBased_DetectCodeSimilar/code-sim/results/formal-v1/negatives/pairs/N00343/left/Main.java,/Users/liuziqi/Documents/西大Graduate/Project_base/Code/Meng_ProjectBased_DetectCodeSimilar/code-sim/results/formal-v1/negatives/pairs/N00343/right/Main.java,p02412,p02411,s056187349.java,s948589089.java,237,237,6,8,14
N00344,/Users/liuziqi/Documents/西大Graduate/Project_base/Code/Meng_ProjectBased_DetectCodeSimilar/code-sim/results/formal-v1/negatives/pairs/N00344/left/Main.java,/Users/liuziqi/Documents/西大Graduate/Project_base/Code/Meng_ProjectBased_DetectCodeSimilar/code-sim/results/formal-v1/negatives/pairs/N00344/right/Main.java,p02552,p02657,s899808862.java,s204983100.java,59,59,0,0,23
N00345,/Users/liuziqi/Documents/西大Graduate/Project_base/Code/Meng_ProjectBased_DetectCodeSimilar/code-sim/results/formal-v1/negatives/pairs/N00345/left/Main.java,/Users/liuziqi/Documents/西大Graduate/Project_base/Code/Meng_ProjectBased_DetectCodeSimilar/code-sim/results/formal-v1/negatives/pairs/N00345/right/Main.java,p02959,p02982,s711094073.java,s636627818.java,268,268,5,7,14
N00346,/Users/liuziqi/Documents/西大Graduate/Project_base/Code/Meng_ProjectBased_DetectCodeSimilar/code-sim/results/formal-v1/negatives/pairs/N00346/left/Main.java,/Users/liuziqi/Documents/西大Graduate/Project_base/Code/Meng_ProjectBased_DetectCodeSimilar/code-sim/results/formal-v1/negatives/pairs/N00346/right/Main.java,p02783,p02801,s127602191.java,s694008050.java,89,89,0,0,16
N00347,/Users/liuziqi/Documents/西大Graduate/Project_base/Code/Meng_ProjectBased_DetectCodeSimilar/code-sim/results/formal-v1/negatives/pairs/N00347/left/Main.java,/Users/liuziqi/Documents/西大Graduate/Project_base/Code/Meng_ProjectBased_DetectCodeSimilar/code-sim/results/formal-v1/negatives/pairs/N00347/right/Main.java,p02407,p02406,s968996275.java,s628445510.java,228,228,6,7,10
N00348,/Users/liuziqi/Documents/西大Graduate/Project_base/Code/Meng_ProjectBased_DetectCodeSimilar/code-sim/results/formal-v1/negatives/pairs/N00348/left/Main.java,/Users/liuziqi/Documents/西大Graduate/Project_base/Code/Meng_ProjectBased_DetectCodeSimilar/code-sim/results/formal-v1/negatives/pairs/N00348/right/Main.java,p02719,p02717,s152764776.java,s251797589.java,148,148,2,2,11
N00349,/Users/liuziqi/Documents/西大Graduate/Project_base/Code/Meng_ProjectBased_DetectCodeSimilar/code-sim/results/formal-v1/negatives/pairs/N00349/left/Main.java,/Users/liuziqi/Documents/西大Graduate/Project_base/Code/Meng_ProjectBased_DetectCodeSimilar/code-sim/results/formal-v1/negatives/pairs/N00349/right/Main.java,p03146,p03239,s959934597.java,s069246599.java,135,135,3,3,9
N00350,/Users/liuziqi/Documents/西大Graduate/Project_base/Code/Meng_ProjectBased_DetectCodeSimilar/code-sim/results/formal-v1/negatives/pairs/N00350/left/Main.java,/Users/liuziqi/Documents/西大Graduate/Project_base/Code/Meng_ProjectBased_DetectCodeSimilar/code-sim/results/formal-v1/negatives/pairs/N00350/right/Main.java,p02953,p02952,s513873979.java,s497364966.java,215,215,5,5,15
N00351,/Users/liuziqi/Documents/西大Graduate/Project_base/Code/Meng_ProjectBased_DetectCodeSimilar/code-sim/results/formal-v1/negatives/pairs/N00351/left/Main.java,/Users/liuziqi/Documents/西大Graduate/Project_base/Code/Meng_ProjectBased_DetectCodeSimilar/code-sim/results/formal-v1/negatives/pairs/N00351/right/Main.java,p03087,p03102,s938163736.java,s318734412.java,249,249,3,4,15
N00352,/Users/liuziqi/Documents/西大Graduate/Project_base/Code/Meng_ProjectBased_DetectCodeSimilar/code-sim/results/formal-v1/negatives/pairs/N00352/left/Main.java,/Users/liuziqi/Documents/西大Graduate/Project_base/Code/Meng_ProjectBased_DetectCodeSimilar/code-sim/results/formal-v1/negatives/pairs/N00352/right/Main.java,p02547,p02421,s431734052.java,s977587085.java,160,160,4,3,14
N00353,/Users/liuziqi/Documents/西大Graduate/Project_base/Code/Meng_ProjectBased_DetectCodeSimilar/code-sim/results/formal-v1/negatives/pairs/N00353/left/Main.java,/Users/liuziqi/Documents/西大Graduate/Project_base/Code/Meng_ProjectBased_DetectCodeSimilar/code-sim/results/formal-v1/negatives/pairs/N00353/right/Main.java,p02578,p02582,s125763145.java,s006107594.java,149,149,3,4,27
N00354,/Users/liuziqi/Documents/西大Graduate/Project_base/Code/Meng_ProjectBased_DetectCodeSimilar/code-sim/results/formal-v1/negatives/pairs/N00354/left/Main.java,/Users/liuziqi/Documents/西大Graduate/Project_base/Code/Meng_ProjectBased_DetectCodeSimilar/code-sim/results/formal-v1/negatives/pairs/N00354/right/Main.java,p00011,p00005,s207884015.java,s455532260.java,216,216,3,3,11
N00355,/Users/liuziqi/Documents/西大Graduate/Project_base/Code/Meng_ProjectBased_DetectCodeSimilar/code-sim/results/formal-v1/negatives/pairs/N00355/left/Main.java,/Users/liuziqi/Documents/西大Graduate/Project_base/Code/Meng_ProjectBased_DetectCodeSimilar/code-sim/results/formal-v1/negatives/pairs/N00355/right/Main.java,p02628,p02677,s134882094.java,s427743766.java,206,206,2,2,15
N00356,/Users/liuziqi/Documents/西大Graduate/Project_base/Code/Meng_ProjectBased_DetectCodeSimilar/code-sim/results/formal-v1/negatives/pairs/N00356/left/Main.java,/Users/liuziqi/Documents/西大Graduate/Project_base/Code/Meng_ProjectBased_DetectCodeSimilar/code-sim/results/formal-v1/negatives/pairs/N00356/right/Main.java,p02260,p02268,s032107815.java,s825973220.java,328,328,8,6,14
N00357,/Users/liuziqi/Documents/西大Graduate/Project_base/Code/Meng_ProjectBased_DetectCodeSimilar/code-sim/results/formal-v1/negatives/pairs/N00357/left/Main.java,/Users/liuziqi/Documents/西大Graduate/Project_base/Code/Meng_ProjectBased_DetectCodeSimilar/code-sim/results/formal-v1/negatives/pairs/N00357/right/Main.java,p02687,p02676,s282862816.java,s304179867.java,94,94,1,1,27
N00358,/Users/liuziqi/Documents/西大Graduate/Project_base/Code/Meng_ProjectBased_DetectCodeSimilar/code-sim/results/formal-v1/negatives/pairs/N00358/left/Main.java,/Users/liuziqi/Documents/西大Graduate/Project_base/Code/Meng_ProjectBased_DetectCodeSimilar/code-sim/results/formal-v1/negatives/pairs/N00358/right/Main.java,p02778,p02783,s795209177.java,s008073439.java,83,83,1,1,21
N00359,/Users/liuziqi/Documents/西大Graduate/Project_base/Code/Meng_ProjectBased_DetectCodeSimilar/code-sim/results/formal-v1/negatives/pairs/N00359/left/Main.java,/Users/liuziqi/Documents/西大Graduate/Project_base/Code/Meng_ProjectBased_DetectCodeSimilar/code-sim/results/formal-v1/negatives/pairs/N00359/right/Main.java,p02577,p02578,s793631616.java,s444633568.java,155,155,3,3,15
N00360,/Users/liuziqi/Documents/西大Graduate/Project_base/Code/Meng_ProjectBased_DetectCodeSimilar/code-sim/results/formal-v1/negatives/pairs/N00360/left/Main.java,/Users/liuziqi/Documents/西大Graduate/Project_base/Code/Meng_ProjectBased_DetectCodeSimilar/code-sim/results/formal-v1/negatives/pairs/N00360/right/Main.java,p02681,p02676,s826614247.java,s896822659.java,112,112,1,1,17
N00361,/Users/liuziqi/Documents/西大Graduate/Project_base/Code/Meng_ProjectBased_DetectCodeSimilar/code-sim/results/formal-v1/negatives/pairs/N00361/left/Main.java,/Users/liuziqi/Documents/西大Graduate/Project_base/Code/Meng_ProjectBased_DetectCodeSimilar/code-sim/results/formal-v1/negatives/pairs/N00361/right/Main.java,p02699,p02766,s596396737.java,s224396192.java,643,643,10,12,15
N00362,/Users/liuziqi/Documents/西大Graduate/Project_base/Code/Meng_ProjectBased_DetectCodeSimilar/code-sim/results/formal-v1/negatives/pairs/N00362/left/Main.java,/Users/liuziqi/Documents/西大Graduate/Project_base/Code/Meng_ProjectBased_DetectCodeSimilar/code-sim/results/formal-v1/negatives/pairs/N00362/right/Main.java,p02659,p02621,s802427881.java,s716787428.java,82,82,0,0,13
N00363,/Users/liuziqi/Documents/西大Graduate/Project_base/Code/Meng_ProjectBased_DetectCodeSimilar/code-sim/results/formal-v1/negatives/pairs/N00363/left/Main.java,/Users/liuziqi/Documents/西大Graduate/Project_base/Code/Meng_ProjectBased_DetectCodeSimilar/code-sim/results/formal-v1/negatives/pairs/N00363/right/Main.java,p02405,p02259,s488059312.java,s320266744.java,324,324,7,6,21
N00364,/Users/liuziqi/Documents/西大Graduate/Project_base/Code/Meng_ProjectBased_DetectCodeSimilar/code-sim/results/formal-v1/negatives/pairs/N00364/left/Main.java,/Users/liuziqi/Documents/西大Graduate/Project_base/Code/Meng_ProjectBased_DetectCodeSimilar/code-sim/results/formal-v1/negatives/pairs/N00364/right/Main.java,p02970,p02981,s660415365.java,s548854178.java,91,91,1,1,14
N00365,/Users/liuziqi/Documents/西大Graduate/Project_base/Code/Meng_ProjectBased_DetectCodeSimilar/code-sim/results/formal-v1/negatives/pairs/N00365/left/Main.java,/Users/liuziqi/Documents/西大Graduate/Project_base/Code/Meng_ProjectBased_DetectCodeSimilar/code-sim/results/formal-v1/negatives/pairs/N00365/right/Main.java,p03086,p03076,s083815106.java,s654620927.java,162,162,3,4,27
N00366,/Users/liuziqi/Documents/西大Graduate/Project_base/Code/Meng_ProjectBased_DetectCodeSimilar/code-sim/results/formal-v1/negatives/pairs/N00366/left/Main.java,/Users/liuziqi/Documents/西大Graduate/Project_base/Code/Meng_ProjectBased_DetectCodeSimilar/code-sim/results/formal-v1/negatives/pairs/N00366/right/Main.java,p03434,p03448,s958085178.java,s101662455.java,175,175,3,3,28
N00367,/Users/liuziqi/Documents/西大Graduate/Project_base/Code/Meng_ProjectBased_DetectCodeSimilar/code-sim/results/formal-v1/negatives/pairs/N00367/left/Main.java,/Users/liuziqi/Documents/西大Graduate/Project_base/Code/Meng_ProjectBased_DetectCodeSimilar/code-sim/results/formal-v1/negatives/pairs/N00367/right/Main.java,p03109,p03282,s330566009.java,s555442716.java,139,139,1,1,11
N00368,/Users/liuziqi/Documents/西大Graduate/Project_base/Code/Meng_ProjectBased_DetectCodeSimilar/code-sim/results/formal-v1/negatives/pairs/N00368/left/Main.java,/Users/liuziqi/Documents/西大Graduate/Project_base/Code/Meng_ProjectBased_DetectCodeSimilar/code-sim/results/formal-v1/negatives/pairs/N00368/right/Main.java,p03352,p03360,s891676050.java,s289837198.java,273,273,4,4,12
N00369,/Users/liuziqi/Documents/西大Graduate/Project_base/Code/Meng_ProjectBased_DetectCodeSimilar/code-sim/results/formal-v1/negatives/pairs/N00369/left/Main.java,/Users/liuziqi/Documents/西大Graduate/Project_base/Code/Meng_ProjectBased_DetectCodeSimilar/code-sim/results/formal-v1/negatives/pairs/N00369/right/Main.java,p02773,p02755,s531433786.java,s436082943.java,227,227,5,4,17
N00370,/Users/liuziqi/Documents/西大Graduate/Project_base/Code/Meng_ProjectBased_DetectCodeSimilar/code-sim/results/formal-v1/negatives/pairs/N00370/left/Main.java,/Users/liuziqi/Documents/西大Graduate/Project_base/Code/Meng_ProjectBased_DetectCodeSimilar/code-sim/results/formal-v1/negatives/pairs/N00370/right/Main.java,p03720,p03680,s801034896.java,s945784706.java,226,226,4,5,27
N00371,/Users/liuziqi/Documents/西大Graduate/Project_base/Code/Meng_ProjectBased_DetectCodeSimilar/code-sim/results/formal-v1/negatives/pairs/N00371/left/Main.java,/Users/liuziqi/Documents/西大Graduate/Project_base/Code/Meng_ProjectBased_DetectCodeSimilar/code-sim/results/formal-v1/negatives/pairs/N00371/right/Main.java,p03478,p03632,s108056881.java,s168589788.java,228,228,3,4,15
N00372,/Users/liuziqi/Documents/西大Graduate/Project_base/Code/Meng_ProjectBased_DetectCodeSimilar/code-sim/results/formal-v1/negatives/pairs/N00372/left/Main.java,/Users/liuziqi/Documents/西大Graduate/Project_base/Code/Meng_ProjectBased_DetectCodeSimilar/code-sim/results/formal-v1/negatives/pairs/N00372/right/Main.java,p02947,p02700,s789496276.java,s115056171.java,850,850,15,14,19
N00373,/Users/liuziqi/Documents/西大Graduate/Project_base/Code/Meng_ProjectBased_DetectCodeSimilar/code-sim/results/formal-v1/negatives/pairs/N00373/left/Main.java,/Users/liuziqi/Documents/西大Graduate/Project_base/Code/Meng_ProjectBased_DetectCodeSimilar/code-sim/results/formal-v1/negatives/pairs/N00373/right/Main.java,p02407,p02415,s617775677.java,s270447358.java,178,178,2,2,18
N00374,/Users/liuziqi/Documents/西大Graduate/Project_base/Code/Meng_ProjectBased_DetectCodeSimilar/code-sim/results/formal-v1/negatives/pairs/N00374/left/Main.java,/Users/liuziqi/Documents/西大Graduate/Project_base/Code/Meng_ProjectBased_DetectCodeSimilar/code-sim/results/formal-v1/negatives/pairs/N00374/right/Main.java,p03378,p03160,s560830287.java,s384029681.java,254,254,2,2,11
N00375,/Users/liuziqi/Documents/西大Graduate/Project_base/Code/Meng_ProjectBased_DetectCodeSimilar/code-sim/results/formal-v1/negatives/pairs/N00375/left/Main.java,/Users/liuziqi/Documents/西大Graduate/Project_base/Code/Meng_ProjectBased_DetectCodeSimilar/code-sim/results/formal-v1/negatives/pairs/N00375/right/Main.java,p03073,p03060,s623357548.java,s831294401.java,215,215,3,4,17
N00376,/Users/liuziqi/Documents/西大Graduate/Project_base/Code/Meng_ProjectBased_DetectCodeSimilar/code-sim/results/formal-v1/negatives/pairs/N00376/left/Main.java,/Users/liuziqi/Documents/西大Graduate/Project_base/Code/Meng_ProjectBased_DetectCodeSimilar/code-sim/results/formal-v1/negatives/pairs/N00376/right/Main.java,p02946,p02952,s924859729.java,s177392679.java,106,106,2,2,21
N00377,/Users/liuziqi/Documents/西大Graduate/Project_base/Code/Meng_ProjectBased_DetectCodeSimilar/code-sim/results/formal-v1/negatives/pairs/N00377/left/Main.java,/Users/liuziqi/Documents/西大Graduate/Project_base/Code/Meng_ProjectBased_DetectCodeSimilar/code-sim/results/formal-v1/negatives/pairs/N00377/right/Main.java,p02627,p02629,s123771937.java,s683777733.java,116,116,1,1,10
N00378,/Users/liuziqi/Documents/西大Graduate/Project_base/Code/Meng_ProjectBased_DetectCodeSimilar/code-sim/results/formal-v1/negatives/pairs/N00378/left/Main.java,/Users/liuziqi/Documents/西大Graduate/Project_base/Code/Meng_ProjectBased_DetectCodeSimilar/code-sim/results/formal-v1/negatives/pairs/N00378/right/Main.java,p02622,p02639,s912301621.java,s682781376.java,125,125,2,2,16
N00379,/Users/liuziqi/Documents/西大Graduate/Project_base/Code/Meng_ProjectBased_DetectCodeSimilar/code-sim/results/formal-v1/negatives/pairs/N00379/left/Main.java,/Users/liuziqi/Documents/西大Graduate/Project_base/Code/Meng_ProjectBased_DetectCodeSimilar/code-sim/results/formal-v1/negatives/pairs/N00379/right/Main.java,p02971,p02958,s481181936.java,s595928889.java,181,181,5,4,25
N00380,/Users/liuziqi/Documents/西大Graduate/Project_base/Code/Meng_ProjectBased_DetectCodeSimilar/code-sim/results/formal-v1/negatives/pairs/N00380/left/Main.java,/Users/liuziqi/Documents/西大Graduate/Project_base/Code/Meng_ProjectBased_DetectCodeSimilar/code-sim/results/formal-v1/negatives/pairs/N00380/right/Main.java,p03289,p03261,s029903838.java,s405819765.java,723,723,22,20,21
N00381,/Users/liuziqi/Documents/西大Graduate/Project_base/Code/Meng_ProjectBased_DetectCodeSimilar/code-sim/results/formal-v1/negatives/pairs/N00381/left/Main.java,/Users/liuziqi/Documents/西大Graduate/Project_base/Code/Meng_ProjectBased_DetectCodeSimilar/code-sim/results/formal-v1/negatives/pairs/N00381/right/Main.java,p03012,p03037,s908431536.java,s097146113.java,219,219,5,5,15
N00382,/Users/liuziqi/Documents/西大Graduate/Project_base/Code/Meng_ProjectBased_DetectCodeSimilar/code-sim/results/formal-v1/negatives/pairs/N00382/left/Main.java,/Users/liuziqi/Documents/西大Graduate/Project_base/Code/Meng_ProjectBased_DetectCodeSimilar/code-sim/results/formal-v1/negatives/pairs/N00382/right/Main.java,p02570,p02552,s315272991.java,s294378309.java,97,97,1,1,17
N00383,/Users/liuziqi/Documents/西大Graduate/Project_base/Code/Meng_ProjectBased_DetectCodeSimilar/code-sim/results/formal-v1/negatives/pairs/N00383/left/Main.java,/Users/liuziqi/Documents/西大Graduate/Project_base/Code/Meng_ProjectBased_DetectCodeSimilar/code-sim/results/formal-v1/negatives/pairs/N00383/right/Main.java,p02881,p02880,s467613227.java,s175320138.java,123,123,3,4,23
N00384,/Users/liuziqi/Documents/西大Graduate/Project_base/Code/Meng_ProjectBased_DetectCodeSimilar/code-sim/results/formal-v1/negatives/pairs/N00384/left/Main.java,/Users/liuziqi/Documents/西大Graduate/Project_base/Code/Meng_ProjectBased_DetectCodeSimilar/code-sim/results/formal-v1/negatives/pairs/N00384/right/Main.java,p02410,p02409,s046728757.java,s899688287.java,310,310,6,5,20
N00385,/Users/liuziqi/Documents/西大Graduate/Project_base/Code/Meng_ProjectBased_DetectCodeSimilar/code-sim/results/formal-v1/negatives/pairs/N00385/left/Main.java,/Users/liuziqi/Documents/西大Graduate/Project_base/Code/Meng_ProjectBased_DetectCodeSimilar/code-sim/results/formal-v1/negatives/pairs/N00385/right/Main.java,p02259,p02256,s425043432.java,s020777353.java,292,292,7,7,12
N00386,/Users/liuziqi/Documents/西大Graduate/Project_base/Code/Meng_ProjectBased_DetectCodeSimilar/code-sim/results/formal-v1/negatives/pairs/N00386/left/Main.java,/Users/liuziqi/Documents/西大Graduate/Project_base/Code/Meng_ProjectBased_DetectCodeSimilar/code-sim/results/formal-v1/negatives/pairs/N00386/right/Main.java,p02403,p02401,s175128934.java,s485125882.java,281,281,7,9,13
N00387,/Users/liuziqi/Documents/西大Graduate/Project_base/Code/Meng_ProjectBased_DetectCodeSimilar/code-sim/results/formal-v1/negatives/pairs/N00387/left/Main.java,/Users/liuziqi/Documents/西大Graduate/Project_base/Code/Meng_ProjectBased_DetectCodeSimilar/code-sim/results/formal-v1/negatives/pairs/N00387/right/Main.java,p02879,p02860,s398312487.java,s998882614.java,114,114,1,1,15
N00388,/Users/liuziqi/Documents/西大Graduate/Project_base/Code/Meng_ProjectBased_DetectCodeSimilar/code-sim/results/formal-v1/negatives/pairs/N00388/left/Main.java,/Users/liuziqi/Documents/西大Graduate/Project_base/Code/Meng_ProjectBased_DetectCodeSimilar/code-sim/results/formal-v1/negatives/pairs/N00388/right/Main.java,p03043,p03060,s041227789.java,s953183719.java,144,144,3,3,15
N00389,/Users/liuziqi/Documents/西大Graduate/Project_base/Code/Meng_ProjectBased_DetectCodeSimilar/code-sim/results/formal-v1/negatives/pairs/N00389/left/Main.java,/Users/liuziqi/Documents/西大Graduate/Project_base/Code/Meng_ProjectBased_DetectCodeSimilar/code-sim/results/formal-v1/negatives/pairs/N00389/right/Main.java,p02411,p02410,s163556911.java,s847512882.java,251,251,8,6,13
N00390,/Users/liuziqi/Documents/西大Graduate/Project_base/Code/Meng_ProjectBased_DetectCodeSimilar/code-sim/results/formal-v1/negatives/pairs/N00390/left/Main.java,/Users/liuziqi/Documents/西大Graduate/Project_base/Code/Meng_ProjectBased_DetectCodeSimilar/code-sim/results/formal-v1/negatives/pairs/N00390/right/Main.java,p03160,p03161,s878276140.java,s540965795.java,238,238,3,4,22
N00391,/Users/liuziqi/Documents/西大Graduate/Project_base/Code/Meng_ProjectBased_DetectCodeSimilar/code-sim/results/formal-v1/negatives/pairs/N00391/left/Main.java,/Users/liuziqi/Documents/西大Graduate/Project_base/Code/Meng_ProjectBased_DetectCodeSimilar/code-sim/results/formal-v1/negatives/pairs/N00391/right/Main.java,p04044,p04012,s244858270.java,s924919926.java,217,217,5,5,15
N00392,/Users/liuziqi/Documents/西大Graduate/Project_base/Code/Meng_ProjectBased_DetectCodeSimilar/code-sim/results/formal-v1/negatives/pairs/N00392/left/Main.java,/Users/liuziqi/Documents/西大Graduate/Project_base/Code/Meng_ProjectBased_DetectCodeSimilar/code-sim/results/formal-v1/negatives/pairs/N00392/right/Main.java,p02783,p02786,s100893364.java,s615306322.java,95,95,2,2,9
N00393,/Users/liuziqi/Documents/西大Graduate/Project_base/Code/Meng_ProjectBased_DetectCodeSimilar/code-sim/results/formal-v1/negatives/pairs/N00393/left/Main.java,/Users/liuziqi/Documents/西大Graduate/Project_base/Code/Meng_ProjectBased_DetectCodeSimilar/code-sim/results/formal-v1/negatives/pairs/N00393/right/Main.java,p02622,p02718,s166309309.java,s816610046.java,322,322,5,5,22
N00394,/Users/liuziqi/Documents/西大Graduate/Project_base/Code/Meng_ProjectBased_DetectCodeSimilar/code-sim/results/formal-v1/negatives/pairs/N00394/left/Main.java,/Users/liuziqi/Documents/西大Graduate/Project_base/Code/Meng_ProjectBased_DetectCodeSimilar/code-sim/results/formal-v1/negatives/pairs/N00394/right/Main.java,p04044,p00002,s060514896.java,s003798551.java,158,159,2,2,8
N00395,/Users/liuziqi/Documents/西大Graduate/Project_base/Code/Meng_ProjectBased_DetectCodeSimilar/code-sim/results/formal-v1/negatives/pairs/N00395/left/Main.java,/Users/liuziqi/Documents/西大Graduate/Project_base/Code/Meng_ProjectBased_DetectCodeSimilar/code-sim/results/formal-v1/negatives/pairs/N00395/right/Main.java,p02779,p02773,s507610326.java,s947402730.java,392,392,7,9,14
N00396,/Users/liuziqi/Documents/西大Graduate/Project_base/Code/Meng_ProjectBased_DetectCodeSimilar/code-sim/results/formal-v1/negatives/pairs/N00396/left/Main.java,/Users/liuziqi/Documents/西大Graduate/Project_base/Code/Meng_ProjectBased_DetectCodeSimilar/code-sim/results/formal-v1/negatives/pairs/N00396/right/Main.java,p02701,p02705,s305873255.java,s320977466.java,116,116,1,1,13
N00397,/Users/liuziqi/Documents/西大Graduate/Project_base/Code/Meng_ProjectBased_DetectCodeSimilar/code-sim/results/formal-v1/negatives/pairs/N00397/left/Main.java,/Users/liuziqi/Documents/西大Graduate/Project_base/Code/Meng_ProjectBased_DetectCodeSimilar/code-sim/results/formal-v1/negatives/pairs/N00397/right/Main.java,p02268,p02381,s791310628.java,s404797017.java,285,285,7,5,13
N00398,/Users/liuziqi/Documents/西大Graduate/Project_base/Code/Meng_ProjectBased_DetectCodeSimilar/code-sim/results/formal-v1/negatives/pairs/N00398/left/Main.java,/Users/liuziqi/Documents/西大Graduate/Project_base/Code/Meng_ProjectBased_DetectCodeSimilar/code-sim/results/formal-v1/negatives/pairs/N00398/right/Main.java,p02595,p02628,s123341618.java,s236443162.java,175,175,2,2,17
N00399,/Users/liuziqi/Documents/西大Graduate/Project_base/Code/Meng_ProjectBased_DetectCodeSimilar/code-sim/results/formal-v1/negatives/pairs/N00399/left/Main.java,/Users/liuziqi/Documents/西大Graduate/Project_base/Code/Meng_ProjectBased_DetectCodeSimilar/code-sim/results/formal-v1/negatives/pairs/N00399/right/Main.java,p03239,p03261,s275842331.java,s089603128.java,220,220,4,3,28
N00400,/Users/liuziqi/Documents/西大Graduate/Project_base/Code/Meng_ProjectBased_DetectCodeSimilar/code-sim/results/formal-v1/negatives/pairs/N00400/left/Main.java,/Users/liuziqi/Documents/西大Graduate/Project_base/Code/Meng_ProjectBased_DetectCodeSimilar/code-sim/results/formal-v1/negatives/pairs/N00400/right/Main.java,p02731,p02724,s187481550.java,s929177453.java,75,75,0,0,11
N00401,/Users/liuziqi/Documents/西大Graduate/Project_base/Code/Meng_ProjectBased_DetectCodeSimilar/code-sim/results/formal-v1/negatives/pairs/N00401/left/Main.java,/Users/liuziqi/Documents/西大Graduate/Project_base/Code/Meng_ProjectBased_DetectCodeSimilar/code-sim/results/formal-v1/negatives/pairs/N00401/right/Main.java,p03325,p03316,s037669367.java,s120686713.java,156,156,2,2,14
N00402,/Users/liuziqi/Documents/西大Graduate/Project_base/Code/Meng_ProjectBased_DetectCodeSimilar/code-sim/results/formal-v1/negatives/pairs/N00402/left/Main.java,/Users/liuziqi/Documents/西大Graduate/Project_base/Code/Meng_ProjectBased_DetectCodeSimilar/code-sim/results/formal-v1/negatives/pairs/N00402/right/Main.java,p02412,p02406,s147474774.java,s452363222.java,165,165,6,5,25
N00403,/Users/liuziqi/Documents/西大Graduate/Project_base/Code/Meng_ProjectBased_DetectCodeSimilar/code-sim/results/formal-v1/negatives/pairs/N00403/left/Main.java,/Users/liuziqi/Documents/西大Graduate/Project_base/Code/Meng_ProjectBased_DetectCodeSimilar/code-sim/results/formal-v1/negatives/pairs/N00403/right/Main.java,p03147,p03106,s295673584.java,s981691917.java,226,226,7,6,17
N00404,/Users/liuziqi/Documents/西大Graduate/Project_base/Code/Meng_ProjectBased_DetectCodeSimilar/code-sim/results/formal-v1/negatives/pairs/N00404/left/Main.java,/Users/liuziqi/Documents/西大Graduate/Project_base/Code/Meng_ProjectBased_DetectCodeSimilar/code-sim/results/formal-v1/negatives/pairs/N00404/right/Main.java,p02952,p02935,s453406340.java,s899635472.java,193,193,4,3,21
N00405,/Users/liuziqi/Documents/西大Graduate/Project_base/Code/Meng_ProjectBased_DetectCodeSimilar/code-sim/results/formal-v1/negatives/pairs/N00405/left/Main.java,/Users/liuziqi/Documents/西大Graduate/Project_base/Code/Meng_ProjectBased_DetectCodeSimilar/code-sim/results/formal-v1/negatives/pairs/N00405/right/Main.java,p02945,p02730,s708683349.java,s851240950.java,262,263,1,1,7
N00406,/Users/liuziqi/Documents/西大Graduate/Project_base/Code/Meng_ProjectBased_DetectCodeSimilar/code-sim/results/formal-v1/negatives/pairs/N00406/left/Main.java,/Users/liuziqi/Documents/西大Graduate/Project_base/Code/Meng_ProjectBased_DetectCodeSimilar/code-sim/results/formal-v1/negatives/pairs/N00406/right/Main.java,p02829,p02778,s449024502.java,s611529512.java,778,778,15,21,24
N00407,/Users/liuziqi/Documents/西大Graduate/Project_base/Code/Meng_ProjectBased_DetectCodeSimilar/code-sim/results/formal-v1/negatives/pairs/N00407/left/Main.java,/Users/liuziqi/Documents/西大Graduate/Project_base/Code/Meng_ProjectBased_DetectCodeSimilar/code-sim/results/formal-v1/negatives/pairs/N00407/right/Main.java,p03370,p03470,s667692927.java,s546723972.java,147,147,1,1,17
N00408,/Users/liuziqi/Documents/西大Graduate/Project_base/Code/Meng_ProjectBased_DetectCodeSimilar/code-sim/results/formal-v1/negatives/pairs/N00408/left/Main.java,/Users/liuziqi/Documents/西大Graduate/Project_base/Code/Meng_ProjectBased_DetectCodeSimilar/code-sim/results/formal-v1/negatives/pairs/N00408/right/Main.java,p03035,p03072,s800670523.java,s244074101.java,100,100,2,2,15
N00409,/Users/liuziqi/Documents/西大Graduate/Project_base/Code/Meng_ProjectBased_DetectCodeSimilar/code-sim/results/formal-v1/negatives/pairs/N00409/left/Main.java,/Users/liuziqi/Documents/西大Graduate/Project_base/Code/Meng_ProjectBased_DetectCodeSimilar/code-sim/results/formal-v1/negatives/pairs/N00409/right/Main.java,p02255,p00006,s572264652.java,s571276401.java,202,202,2,2,18
N00410,/Users/liuziqi/Documents/西大Graduate/Project_base/Code/Meng_ProjectBased_DetectCodeSimilar/code-sim/results/formal-v1/negatives/pairs/N00410/left/Main.java,/Users/liuziqi/Documents/西大Graduate/Project_base/Code/Meng_ProjectBased_DetectCodeSimilar/code-sim/results/formal-v1/negatives/pairs/N00410/right/Main.java,p02413,p02411,s080770201.java,s131446558.java,329,329,9,9,15
N00411,/Users/liuziqi/Documents/西大Graduate/Project_base/Code/Meng_ProjectBased_DetectCodeSimilar/code-sim/results/formal-v1/negatives/pairs/N00411/left/Main.java,/Users/liuziqi/Documents/西大Graduate/Project_base/Code/Meng_ProjectBased_DetectCodeSimilar/code-sim/results/formal-v1/negatives/pairs/N00411/right/Main.java,p02880,p02881,s825605382.java,s436503285.java,131,131,3,3,22
N00412,/Users/liuziqi/Documents/西大Graduate/Project_base/Code/Meng_ProjectBased_DetectCodeSimilar/code-sim/results/formal-v1/negatives/pairs/N00412/left/Main.java,/Users/liuziqi/Documents/西大Graduate/Project_base/Code/Meng_ProjectBased_DetectCodeSimilar/code-sim/results/formal-v1/negatives/pairs/N00412/right/Main.java,p02259,p02260,s579408959.java,s213758784.java,283,283,6,7,13
N00413,/Users/liuziqi/Documents/西大Graduate/Project_base/Code/Meng_ProjectBased_DetectCodeSimilar/code-sim/results/formal-v1/negatives/pairs/N00413/left/Main.java,/Users/liuziqi/Documents/西大Graduate/Project_base/Code/Meng_ProjectBased_DetectCodeSimilar/code-sim/results/formal-v1/negatives/pairs/N00413/right/Main.java,p02657,p02659,s211481834.java,s247861623.java,114,114,0,0,20
N00414,/Users/liuziqi/Documents/西大Graduate/Project_base/Code/Meng_ProjectBased_DetectCodeSimilar/code-sim/results/formal-v1/negatives/pairs/N00414/left/Main.java,/Users/liuziqi/Documents/西大Graduate/Project_base/Code/Meng_ProjectBased_DetectCodeSimilar/code-sim/results/formal-v1/negatives/pairs/N00414/right/Main.java,p02707,p02713,s632020165.java,s468236597.java,209,209,4,4,12
N00415,/Users/liuziqi/Documents/西大Graduate/Project_base/Code/Meng_ProjectBased_DetectCodeSimilar/code-sim/results/formal-v1/negatives/pairs/N00415/left/Main.java,/Users/liuziqi/Documents/西大Graduate/Project_base/Code/Meng_ProjectBased_DetectCodeSimilar/code-sim/results/formal-v1/negatives/pairs/N00415/right/Main.java,p03161,p03160,s075749200.java,s474537525.java,236,236,4,3,26
N00416,/Users/liuziqi/Documents/西大Graduate/Project_base/Code/Meng_ProjectBased_DetectCodeSimilar/code-sim/results/formal-v1/negatives/pairs/N00416/left/Main.java,/Users/liuziqi/Documents/西大Graduate/Project_base/Code/Meng_ProjectBased_DetectCodeSimilar/code-sim/results/formal-v1/negatives/pairs/N00416/right/Main.java,p03147,p03146,s171891442.java,s948553887.java,253,253,5,6,15
N00417,/Users/liuziqi/Documents/西大Graduate/Project_base/Code/Meng_ProjectBased_DetectCodeSimilar/code-sim/results/formal-v1/negatives/pairs/N00417/left/Main.java,/Users/liuziqi/Documents/西大Graduate/Project_base/Code/Meng_ProjectBased_DetectCodeSimilar/code-sim/results/formal-v1/negatives/pairs/N00417/right/Main.java,p02772,p02771,s225214911.java,s253766923.java,204,204,6,7,22
N00418,/Users/liuziqi/Documents/西大Graduate/Project_base/Code/Meng_ProjectBased_DetectCodeSimilar/code-sim/results/formal-v1/negatives/pairs/N00418/left/Main.java,/Users/liuziqi/Documents/西大Graduate/Project_base/Code/Meng_ProjectBased_DetectCodeSimilar/code-sim/results/formal-v1/negatives/pairs/N00418/right/Main.java,p02701,p02700,s990085201.java,s667802504.java,136,136,1,1,20
N00419,/Users/liuziqi/Documents/西大Graduate/Project_base/Code/Meng_ProjectBased_DetectCodeSimilar/code-sim/results/formal-v1/negatives/pairs/N00419/left/Main.java,/Users/liuziqi/Documents/西大Graduate/Project_base/Code/Meng_ProjectBased_DetectCodeSimilar/code-sim/results/formal-v1/negatives/pairs/N00419/right/Main.java,p02694,p02693,s073900814.java,s760813104.java,91,91,1,1,21
N00420,/Users/liuziqi/Documents/西大Graduate/Project_base/Code/Meng_ProjectBased_DetectCodeSimilar/code-sim/results/formal-v1/negatives/pairs/N00420/left/Main.java,/Users/liuziqi/Documents/西大Graduate/Project_base/Code/Meng_ProjectBased_DetectCodeSimilar/code-sim/results/formal-v1/negatives/pairs/N00420/right/Main.java,p03720,p02723,s055233134.java,s707188907.java,819,820,10,9,16
N00421,/Users/liuziqi/Documents/西大Graduate/Project_base/Code/Meng_ProjectBased_DetectCodeSimilar/code-sim/results/formal-v1/negatives/pairs/N00421/left/Main.java,/Users/liuziqi/Documents/西大Graduate/Project_base/Code/Meng_ProjectBased_DetectCodeSimilar/code-sim/results/formal-v1/negatives/pairs/N00421/right/Main.java,p03493,p03469,s583787079.java,s140240310.java,119,119,2,2,11
N00422,/Users/liuziqi/Documents/西大Graduate/Project_base/Code/Meng_ProjectBased_DetectCodeSimilar/code-sim/results/formal-v1/negatives/pairs/N00422/left/Main.java,/Users/liuziqi/Documents/西大Graduate/Project_base/Code/Meng_ProjectBased_DetectCodeSimilar/code-sim/results/formal-v1/negatives/pairs/N00422/right/Main.java,p02987,p02982,s350455371.java,s693605010.java,297,297,9,7,13
N00423,/Users/liuziqi/Documents/西大Graduate/Project_base/Code/Meng_ProjectBased_DetectCodeSimilar/code-sim/results/formal-v1/negatives/pairs/N00423/left/Main.java,/Users/liuziqi/Documents/西大Graduate/Project_base/Code/Meng_ProjectBased_DetectCodeSimilar/code-sim/results/formal-v1/negatives/pairs/N00423/right/Main.java,p03043,p03037,s106836917.java,s629539902.java,152,152,2,2,21
N00424,/Users/liuziqi/Documents/西大Graduate/Project_base/Code/Meng_ProjectBased_DetectCodeSimilar/code-sim/results/formal-v1/negatives/pairs/N00424/left/Main.java,/Users/liuziqi/Documents/西大Graduate/Project_base/Code/Meng_ProjectBased_DetectCodeSimilar/code-sim/results/formal-v1/negatives/pairs/N00424/right/Main.java,p02396,p02388,s925494833.java,s770047255.java,88,88,2,2,14
N00425,/Users/liuziqi/Documents/西大Graduate/Project_base/Code/Meng_ProjectBased_DetectCodeSimilar/code-sim/results/formal-v1/negatives/pairs/N00425/left/Main.java,/Users/liuziqi/Documents/西大Graduate/Project_base/Code/Meng_ProjectBased_DetectCodeSimilar/code-sim/results/formal-v1/negatives/pairs/N00425/right/Main.java,p02595,p02622,s737176006.java,s230844575.java,139,139,2,2,12
N00426,/Users/liuziqi/Documents/西大Graduate/Project_base/Code/Meng_ProjectBased_DetectCodeSimilar/code-sim/results/formal-v1/negatives/pairs/N00426/left/Main.java,/Users/liuziqi/Documents/西大Graduate/Project_base/Code/Meng_ProjectBased_DetectCodeSimilar/code-sim/results/formal-v1/negatives/pairs/N00426/right/Main.java,p03352,p03324,s117841049.java,s793661806.java,126,126,3,4,21
N00427,/Users/liuziqi/Documents/西大Graduate/Project_base/Code/Meng_ProjectBased_DetectCodeSimilar/code-sim/results/formal-v1/negatives/pairs/N00427/left/Main.java,/Users/liuziqi/Documents/西大Graduate/Project_base/Code/Meng_ProjectBased_DetectCodeSimilar/code-sim/results/formal-v1/negatives/pairs/N00427/right/Main.java,p03161,p03261,s786098828.java,s017672033.java,242,242,4,4,15
N00428,/Users/liuziqi/Documents/西大Graduate/Project_base/Code/Meng_ProjectBased_DetectCodeSimilar/code-sim/results/formal-v1/negatives/pairs/N00428/left/Main.java,/Users/liuziqi/Documents/西大Graduate/Project_base/Code/Meng_ProjectBased_DetectCodeSimilar/code-sim/results/formal-v1/negatives/pairs/N00428/right/Main.java,p02612,p02621,s310737385.java,s061362875.java,63,63,0,0,23
N00429,/Users/liuziqi/Documents/西大Graduate/Project_base/Code/Meng_ProjectBased_DetectCodeSimilar/code-sim/results/formal-v1/negatives/pairs/N00429/left/Main.java,/Users/liuziqi/Documents/西大Graduate/Project_base/Code/Meng_ProjectBased_DetectCodeSimilar/code-sim/results/formal-v1/negatives/pairs/N00429/right/Main.java,p03043,p03060,s726853294.java,s129673719.java,230,230,4,5,16
N00430,/Users/liuziqi/Documents/西大Graduate/Project_base/Code/Meng_ProjectBased_DetectCodeSimilar/code-sim/results/formal-v1/negatives/pairs/N00430/left/Main.java,/Users/liuziqi/Documents/西大Graduate/Project_base/Code/Meng_ProjectBased_DetectCodeSimilar/code-sim/results/formal-v1/negatives/pairs/N00430/right/Main.java,p03775,p03814,s225653295.java,s414758767.java,207,207,3,4,11
N00431,/Users/liuziqi/Documents/西大Graduate/Project_base/Code/Meng_ProjectBased_DetectCodeSimilar/code-sim/results/formal-v1/negatives/pairs/N00431/left/Main.java,/Users/liuziqi/Documents/西大Graduate/Project_base/Code/Meng_ProjectBased_DetectCodeSimilar/code-sim/results/formal-v1/negatives/pairs/N00431/right/Main.java,p02916,p02911,s345935054.java,s202924101.java,254,254,5,4,13
N00432,/Users/liuziqi/Documents/西大Graduate/Project_base/Code/Meng_ProjectBased_DetectCodeSimilar/code-sim/results/formal-v1/negatives/pairs/N00432/left/Main.java,/Users/liuziqi/Documents/西大Graduate/Project_base/Code/Meng_ProjectBased_DetectCodeSimilar/code-sim/results/formal-v1/negatives/pairs/N00432/right/Main.java,p02399,p02400,s161188984.java,s847936260.java,153,153,0,0,28
N00433,/Users/liuziqi/Documents/西大Graduate/Project_base/Code/Meng_ProjectBased_DetectCodeSimilar/code-sim/results/formal-v1/negatives/pairs/N00433/left/Main.java,/Users/liuziqi/Documents/西大Graduate/Project_base/Code/Meng_ProjectBased_DetectCodeSimilar/code-sim/results/formal-v1/negatives/pairs/N00433/right/Main.java,p02255,p02257,s536296978.java,s823019368.java,272,272,7,10,11
N00434,/Users/liuziqi/Documents/西大Graduate/Project_base/Code/Meng_ProjectBased_DetectCodeSimilar/code-sim/results/formal-v1/negatives/pairs/N00434/left/Main.java,/Users/liuziqi/Documents/西大Graduate/Project_base/Code/Meng_ProjectBased_DetectCodeSimilar/code-sim/results/formal-v1/negatives/pairs/N00434/right/Main.java,p00011,p02255,s414148352.java,s173769564.java,286,286,6,7,17
N00435,/Users/liuziqi/Documents/西大Graduate/Project_base/Code/Meng_ProjectBased_DetectCodeSimilar/code-sim/results/formal-v1/negatives/pairs/N00435/left/Main.java,/Users/liuziqi/Documents/西大Graduate/Project_base/Code/Meng_ProjectBased_DetectCodeSimilar/code-sim/results/formal-v1/negatives/pairs/N00435/right/Main.java,p03435,p03434,s978256934.java,s837516747.java,253,253,3,3,12
N00436,/Users/liuziqi/Documents/西大Graduate/Project_base/Code/Meng_ProjectBased_DetectCodeSimilar/code-sim/results/formal-v1/negatives/pairs/N00436/left/Main.java,/Users/liuziqi/Documents/西大Graduate/Project_base/Code/Meng_ProjectBased_DetectCodeSimilar/code-sim/results/formal-v1/negatives/pairs/N00436/right/Main.java,p02934,p02951,s803758028.java,s293157008.java,141,141,1,1,11
N00437,/Users/liuziqi/Documents/西大Graduate/Project_base/Code/Meng_ProjectBased_DetectCodeSimilar/code-sim/results/formal-v1/negatives/pairs/N00437/left/Main.java,/Users/liuziqi/Documents/西大Graduate/Project_base/Code/Meng_ProjectBased_DetectCodeSimilar/code-sim/results/formal-v1/negatives/pairs/N00437/right/Main.java,p02982,p02959,s044008973.java,s776232015.java,263,263,7,5,16
N00438,/Users/liuziqi/Documents/西大Graduate/Project_base/Code/Meng_ProjectBased_DetectCodeSimilar/code-sim/results/formal-v1/negatives/pairs/N00438/left/Main.java,/Users/liuziqi/Documents/西大Graduate/Project_base/Code/Meng_ProjectBased_DetectCodeSimilar/code-sim/results/formal-v1/negatives/pairs/N00438/right/Main.java,p02712,p02419,s124252904.java,s837726325.java,301,301,8,11,23
N00439,/Users/liuziqi/Documents/西大Graduate/Project_base/Code/Meng_ProjectBased_DetectCodeSimilar/code-sim/results/formal-v1/negatives/pairs/N00439/left/Main.java,/Users/liuziqi/Documents/西大Graduate/Project_base/Code/Meng_ProjectBased_DetectCodeSimilar/code-sim/results/formal-v1/negatives/pairs/N00439/right/Main.java,p03854,p00001,s417074546.java,s067653218.java,141,142,1,1,11
N00440,/Users/liuziqi/Documents/西大Graduate/Project_base/Code/Meng_ProjectBased_DetectCodeSimilar/code-sim/results/formal-v1/negatives/pairs/N00440/left/Main.java,/Users/liuziqi/Documents/西大Graduate/Project_base/Code/Meng_ProjectBased_DetectCodeSimilar/code-sim/results/formal-v1/negatives/pairs/N00440/right/Main.java,p02676,p03315,s192944732.java,s172075694.java,800,799,18,14,11
N00441,/Users/liuziqi/Documents/西大Graduate/Project_base/Code/Meng_ProjectBased_DetectCodeSimilar/code-sim/results/formal-v1/negatives/pairs/N00441/left/Main.java,/Users/liuziqi/Documents/西大Graduate/Project_base/Code/Meng_ProjectBased_DetectCodeSimilar/code-sim/results/formal-v1/negatives/pairs/N00441/right/Main.java,p02406,p02405,s129624707.java,s595116322.java,301,301,7,10,13
N00442,/Users/liuziqi/Documents/西大Graduate/Project_base/Code/Meng_ProjectBased_DetectCodeSimilar/code-sim/results/formal-v1/negatives/pairs/N00442/left/Main.java,/Users/liuziqi/Documents/西大Graduate/Project_base/Code/Meng_ProjectBased_DetectCodeSimilar/code-sim/results/formal-v1/negatives/pairs/N00442/right/Main.java,p02785,p02791,s188166652.java,s807052295.java,173,173,3,4,24
N00443,/Users/liuziqi/Documents/西大Graduate/Project_base/Code/Meng_ProjectBased_DetectCodeSimilar/code-sim/results/formal-v1/negatives/pairs/N00443/left/Main.java,/Users/liuziqi/Documents/西大Graduate/Project_base/Code/Meng_ProjectBased_DetectCodeSimilar/code-sim/results/formal-v1/negatives/pairs/N00443/right/Main.java,p02791,p02830,s097229140.java,s937285427.java,714,714,20,16,28
N00444,/Users/liuziqi/Documents/西大Graduate/Project_base/Code/Meng_ProjectBased_DetectCodeSimilar/code-sim/results/formal-v1/negatives/pairs/N00444/left/Main.java,/Users/liuziqi/Documents/西大Graduate/Project_base/Code/Meng_ProjectBased_DetectCodeSimilar/code-sim/results/formal-v1/negatives/pairs/N00444/right/Main.java,p02259,p02258,s113994242.java,s702648376.java,262,262,6,7,12
N00445,/Users/liuziqi/Documents/西大Graduate/Project_base/Code/Meng_ProjectBased_DetectCodeSimilar/code-sim/results/formal-v1/negatives/pairs/N00445/left/Main.java,/Users/liuziqi/Documents/西大Graduate/Project_base/Code/Meng_ProjectBased_DetectCodeSimilar/code-sim/results/formal-v1/negatives/pairs/N00445/right/Main.java,p02613,p02641,s695503009.java,s666662308.java,226,226,6,7,15
N00446,/Users/liuziqi/Documents/西大Graduate/Project_base/Code/Meng_ProjectBased_DetectCodeSimilar/code-sim/results/formal-v1/negatives/pairs/N00446/left/Main.java,/Users/liuziqi/Documents/西大Graduate/Project_base/Code/Meng_ProjectBased_DetectCodeSimilar/code-sim/results/formal-v1/negatives/pairs/N00446/right/Main.java,p02887,p02897,s984596022.java,s530756847.java,123,123,2,2,17
N00447,/Users/liuziqi/Documents/西大Graduate/Project_base/Code/Meng_ProjectBased_DetectCodeSimilar/code-sim/results/formal-v1/negatives/pairs/N00447/left/Main.java,/Users/liuziqi/Documents/西大Graduate/Project_base/Code/Meng_ProjectBased_DetectCodeSimilar/code-sim/results/formal-v1/negatives/pairs/N00447/right/Main.java,p02391,p02390,s645967071.java,s491804838.java,184,184,3,4,14
N00448,/Users/liuziqi/Documents/西大Graduate/Project_base/Code/Meng_ProjectBased_DetectCodeSimilar/code-sim/results/formal-v1/negatives/pairs/N00448/left/Main.java,/Users/liuziqi/Documents/西大Graduate/Project_base/Code/Meng_ProjectBased_DetectCodeSimilar/code-sim/results/formal-v1/negatives/pairs/N00448/right/Main.java,p03474,p03471,s978932342.java,s980502596.java,238,238,5,6,10
N00449,/Users/liuziqi/Documents/西大Graduate/Project_base/Code/Meng_ProjectBased_DetectCodeSimilar/code-sim/results/formal-v1/negatives/pairs/N00449/left/Main.java,/Users/liuziqi/Documents/西大Graduate/Project_base/Code/Meng_ProjectBased_DetectCodeSimilar/code-sim/results/formal-v1/negatives/pairs/N00449/right/Main.java,p03012,p03000,s120536522.java,s899128647.java,186,186,3,4,17
N00450,/Users/liuziqi/Documents/西大Graduate/Project_base/Code/Meng_ProjectBased_DetectCodeSimilar/code-sim/results/formal-v1/negatives/pairs/N00450/left/Main.java,/Users/liuziqi/Documents/西大Graduate/Project_base/Code/Meng_ProjectBased_DetectCodeSimilar/code-sim/results/formal-v1/negatives/pairs/N00450/right/Main.java,p03720,p03695,s110450030.java,s227533090.java,227,227,6,6,22
N00451,/Users/liuziqi/Documents/西大Graduate/Project_base/Code/Meng_ProjectBased_DetectCodeSimilar/code-sim/results/formal-v1/negatives/pairs/N00451/left/Main.java,/Users/liuziqi/Documents/西大Graduate/Project_base/Code/Meng_ProjectBased_DetectCodeSimilar/code-sim/results/formal-v1/negatives/pairs/N00451/right/Main.java,p03126,p03107,s438197309.java,s714303950.java,188,188,4,3,16
N00452,/Users/liuziqi/Documents/西大Graduate/Project_base/Code/Meng_ProjectBased_DetectCodeSimilar/code-sim/results/formal-v1/negatives/pairs/N00452/left/Main.java,/Users/liuziqi/Documents/西大Graduate/Project_base/Code/Meng_ProjectBased_DetectCodeSimilar/code-sim/results/formal-v1/negatives/pairs/N00452/right/Main.java,p03087,p03060,s598585705.java,s223374270.java,743,743,16,13,26
N00453,/Users/liuziqi/Documents/西大Graduate/Project_base/Code/Meng_ProjectBased_DetectCodeSimilar/code-sim/results/formal-v1/negatives/pairs/N00453/left/Main.java,/Users/liuziqi/Documents/西大Graduate/Project_base/Code/Meng_ProjectBased_DetectCodeSimilar/code-sim/results/formal-v1/negatives/pairs/N00453/right/Main.java,p02694,p02693,s211925048.java,s878426596.java,100,100,1,1,17
N00454,/Users/liuziqi/Documents/西大Graduate/Project_base/Code/Meng_ProjectBased_DetectCodeSimilar/code-sim/results/formal-v1/negatives/pairs/N00454/left/Main.java,/Users/liuziqi/Documents/西大Graduate/Project_base/Code/Meng_ProjectBased_DetectCodeSimilar/code-sim/results/formal-v1/negatives/pairs/N00454/right/Main.java,p02700,p02693,s312484724.java,s512168593.java,142,142,3,3,17
N00455,/Users/liuziqi/Documents/西大Graduate/Project_base/Code/Meng_ProjectBased_DetectCodeSimilar/code-sim/results/formal-v1/negatives/pairs/N00455/left/Main.java,/Users/liuziqi/Documents/西大Graduate/Project_base/Code/Meng_ProjectBased_DetectCodeSimilar/code-sim/results/formal-v1/negatives/pairs/N00455/right/Main.java,p02909,p02881,s459075360.java,s451645702.java,118,118,3,3,27
N00456,/Users/liuziqi/Documents/西大Graduate/Project_base/Code/Meng_ProjectBased_DetectCodeSimilar/code-sim/results/formal-v1/negatives/pairs/N00456/left/Main.java,/Users/liuziqi/Documents/西大Graduate/Project_base/Code/Meng_ProjectBased_DetectCodeSimilar/code-sim/results/formal-v1/negatives/pairs/N00456/right/Main.java,p03370,p03352,s074145259.java,s224910995.java,169,169,3,3,13
N00457,/Users/liuziqi/Documents/西大Graduate/Project_base/Code/Meng_ProjectBased_DetectCodeSimilar/code-sim/results/formal-v1/negatives/pairs/N00457/left/Main.java,/Users/liuziqi/Documents/西大Graduate/Project_base/Code/Meng_ProjectBased_DetectCodeSimilar/code-sim/results/formal-v1/negatives/pairs/N00457/right/Main.java,p04043,p00006,s398340909.java,s369052749.java,100,101,1,1,13
N00458,/Users/liuziqi/Documents/西大Graduate/Project_base/Code/Meng_ProjectBased_DetectCodeSimilar/code-sim/results/formal-v1/negatives/pairs/N00458/left/Main.java,/Users/liuziqi/Documents/西大Graduate/Project_base/Code/Meng_ProjectBased_DetectCodeSimilar/code-sim/results/formal-v1/negatives/pairs/N00458/right/Main.java,p02767,p02677,s753884508.java,s990040559.java,485,485,9,9,13
N00459,/Users/liuziqi/Documents/西大Graduate/Project_base/Code/Meng_ProjectBased_DetectCodeSimilar/code-sim/results/formal-v1/negatives/pairs/N00459/left/Main.java,/Users/liuziqi/Documents/西大Graduate/Project_base/Code/Meng_ProjectBased_DetectCodeSimilar/code-sim/results/formal-v1/negatives/pairs/N00459/right/Main.java,p02802,p02790,s429391959.java,s928199435.java,390,390,8,6,10
N00460,/Users/liuziqi/Documents/西大Graduate/Project_base/Code/Meng_ProjectBased_DetectCodeSimilar/code-sim/results/formal-v1/negatives/pairs/N00460/left/Main.java,/Users/liuziqi/Documents/西大Graduate/Project_base/Code/Meng_ProjectBased_DetectCodeSimilar/code-sim/results/formal-v1/negatives/pairs/N00460/right/Main.java,p02783,p02786,s370731501.java,s613215577.java,100,100,2,2,27
N00461,/Users/liuziqi/Documents/西大Graduate/Project_base/Code/Meng_ProjectBased_DetectCodeSimilar/code-sim/results/formal-v1/negatives/pairs/N00461/left/Main.java,/Users/liuziqi/Documents/西大Graduate/Project_base/Code/Meng_ProjectBased_DetectCodeSimilar/code-sim/results/formal-v1/negatives/pairs/N00461/right/Main.java,p03086,p03076,s434669455.java,s088164665.java,157,157,2,2,27
N00462,/Users/liuziqi/Documents/西大Graduate/Project_base/Code/Meng_ProjectBased_DetectCodeSimilar/code-sim/results/formal-v1/negatives/pairs/N00462/left/Main.java,/Users/liuziqi/Documents/西大Graduate/Project_base/Code/Meng_ProjectBased_DetectCodeSimilar/code-sim/results/formal-v1/negatives/pairs/N00462/right/Main.java,p03352,p03315,s404124859.java,s998320371.java,123,123,3,3,17
N00463,/Users/liuziqi/Documents/西大Graduate/Project_base/Code/Meng_ProjectBased_DetectCodeSimilar/code-sim/results/formal-v1/negatives/pairs/N00463/left/Main.java,/Users/liuziqi/Documents/西大Graduate/Project_base/Code/Meng_ProjectBased_DetectCodeSimilar/code-sim/results/formal-v1/negatives/pairs/N00463/right/Main.java,p02971,p03126,s603388624.java,s910494713.java,331,331,12,10,19
N00464,/Users/liuziqi/Documents/西大Graduate/Project_base/Code/Meng_ProjectBased_DetectCodeSimilar/code-sim/results/formal-v1/negatives/pairs/N00464/left/Main.java,/Users/liuziqi/Documents/西大Graduate/Project_base/Code/Meng_ProjectBased_DetectCodeSimilar/code-sim/results/formal-v1/negatives/pairs/N00464/right/Main.java,p02881,p02880,s566521756.java,s841775772.java,111,111,2,2,17
N00465,/Users/liuziqi/Documents/西大Graduate/Project_base/Code/Meng_ProjectBased_DetectCodeSimilar/code-sim/results/formal-v1/negatives/pairs/N00465/left/Main.java,/Users/liuziqi/Documents/西大Graduate/Project_base/Code/Meng_ProjectBased_DetectCodeSimilar/code-sim/results/formal-v1/negatives/pairs/N00465/right/Main.java,p02578,p02552,s161478240.java,s475635567.java,1287,1285,25,26,13
N00466,/Users/liuziqi/Documents/西大Graduate/Project_base/Code/Meng_ProjectBased_DetectCodeSimilar/code-sim/results/formal-v1/negatives/pairs/N00466/left/Main.java,/Users/liuziqi/Documents/西大Graduate/Project_base/Code/Meng_ProjectBased_DetectCodeSimilar/code-sim/results/formal-v1/negatives/pairs/N00466/right/Main.java,p02700,p02693,s664101860.java,s859471756.java,134,134,3,3,17
N00467,/Users/liuziqi/Documents/西大Graduate/Project_base/Code/Meng_ProjectBased_DetectCodeSimilar/code-sim/results/formal-v1/negatives/pairs/N00467/left/Main.java,/Users/liuziqi/Documents/西大Graduate/Project_base/Code/Meng_ProjectBased_DetectCodeSimilar/code-sim/results/formal-v1/negatives/pairs/N00467/right/Main.java,p02724,p02731,s699557645.java,s071134213.java,83,83,0,0,27
N00468,/Users/liuziqi/Documents/西大Graduate/Project_base/Code/Meng_ProjectBased_DetectCodeSimilar/code-sim/results/formal-v1/negatives/pairs/N00468/left/Main.java,/Users/liuziqi/Documents/西大Graduate/Project_base/Code/Meng_ProjectBased_DetectCodeSimilar/code-sim/results/formal-v1/negatives/pairs/N00468/right/Main.java,p02773,p02730,s074754492.java,s531394259.java,238,238,6,6,22
N00469,/Users/liuziqi/Documents/西大Graduate/Project_base/Code/Meng_ProjectBased_DetectCodeSimilar/code-sim/results/formal-v1/negatives/pairs/N00469/left/Main.java,/Users/liuziqi/Documents/西大Graduate/Project_base/Code/Meng_ProjectBased_DetectCodeSimilar/code-sim/results/formal-v1/negatives/pairs/N00469/right/Main.java,p02818,p02812,s218260951.java,s789478960.java,143,143,2,2,17
N00470,/Users/liuziqi/Documents/西大Graduate/Project_base/Code/Meng_ProjectBased_DetectCodeSimilar/code-sim/results/formal-v1/negatives/pairs/N00470/left/Main.java,/Users/liuziqi/Documents/西大Graduate/Project_base/Code/Meng_ProjectBased_DetectCodeSimilar/code-sim/results/formal-v1/negatives/pairs/N00470/right/Main.java,p03102,p03160,s444841669.java,s040870876.java,292,292,4,3,13
N00471,/Users/liuziqi/Documents/西大Graduate/Project_base/Code/Meng_ProjectBased_DetectCodeSimilar/code-sim/results/formal-v1/negatives/pairs/N00471/left/Main.java,/Users/liuziqi/Documents/西大Graduate/Project_base/Code/Meng_ProjectBased_DetectCodeSimilar/code-sim/results/formal-v1/negatives/pairs/N00471/right/Main.java,p03072,p03035,s385293340.java,s513798703.java,119,119,3,3,15
N00472,/Users/liuziqi/Documents/西大Graduate/Project_base/Code/Meng_ProjectBased_DetectCodeSimilar/code-sim/results/formal-v1/negatives/pairs/N00472/left/Main.java,/Users/liuziqi/Documents/西大Graduate/Project_base/Code/Meng_ProjectBased_DetectCodeSimilar/code-sim/results/formal-v1/negatives/pairs/N00472/right/Main.java,p02676,p02681,s034089186.java,s145768224.java,91,91,1,1,23
N00473,/Users/liuziqi/Documents/西大Graduate/Project_base/Code/Meng_ProjectBased_DetectCodeSimilar/code-sim/results/formal-v1/negatives/pairs/N00473/left/Main.java,/Users/liuziqi/Documents/西大Graduate/Project_base/Code/Meng_ProjectBased_DetectCodeSimilar/code-sim/results/formal-v1/negatives/pairs/N00473/right/Main.java,p02417,p02419,s781257579.java,s661979578.java,183,183,4,3,15
N00474,/Users/liuziqi/Documents/西大Graduate/Project_base/Code/Meng_ProjectBased_DetectCodeSimilar/code-sim/results/formal-v1/negatives/pairs/N00474/left/Main.java,/Users/liuziqi/Documents/西大Graduate/Project_base/Code/Meng_ProjectBased_DetectCodeSimilar/code-sim/results/formal-v1/negatives/pairs/N00474/right/Main.java,p02725,p02719,s058222879.java,s763589502.java,369,369,3,4,13
N00475,/Users/liuziqi/Documents/西大Graduate/Project_base/Code/Meng_ProjectBased_DetectCodeSimilar/code-sim/results/formal-v1/negatives/pairs/N00475/left/Main.java,/Users/liuziqi/Documents/西大Graduate/Project_base/Code/Meng_ProjectBased_DetectCodeSimilar/code-sim/results/formal-v1/negatives/pairs/N00475/right/Main.java,p02577,p02582,s404165833.java,s045478876.java,140,140,3,3,15
N00476,/Users/liuziqi/Documents/西大Graduate/Project_base/Code/Meng_ProjectBased_DetectCodeSimilar/code-sim/results/formal-v1/negatives/pairs/N00476/left/Main.java,/Users/liuziqi/Documents/西大Graduate/Project_base/Code/Meng_ProjectBased_DetectCodeSimilar/code-sim/results/formal-v1/negatives/pairs/N00476/right/Main.java,p02819,p02880,s974854531.java,s490374493.java,164,164,6,5,15
N00477,/Users/liuziqi/Documents/西大Graduate/Project_base/Code/Meng_ProjectBased_DetectCodeSimilar/code-sim/results/formal-v1/negatives/pairs/N00477/left/Main.java,/Users/liuziqi/Documents/西大Graduate/Project_base/Code/Meng_ProjectBased_DetectCodeSimilar/code-sim/results/formal-v1/negatives/pairs/N00477/right/Main.java,p02641,p02613,s532278304.java,s722864659.java,200,200,5,4,28
N00478,/Users/liuziqi/Documents/西大Graduate/Project_base/Code/Meng_ProjectBased_DetectCodeSimilar/code-sim/results/formal-v1/negatives/pairs/N00478/left/Main.java,/Users/liuziqi/Documents/西大Graduate/Project_base/Code/Meng_ProjectBased_DetectCodeSimilar/code-sim/results/formal-v1/negatives/pairs/N00478/right/Main.java,p02958,p02953,s283500448.java,s988097584.java,193,193,4,5,17
N00479,/Users/liuziqi/Documents/西大Graduate/Project_base/Code/Meng_ProjectBased_DetectCodeSimilar/code-sim/results/formal-v1/negatives/pairs/N00479/left/Main.java,/Users/liuziqi/Documents/西大Graduate/Project_base/Code/Meng_ProjectBased_DetectCodeSimilar/code-sim/results/formal-v1/negatives/pairs/N00479/right/Main.java,p00007,p02256,s447794172.java,s188089302.java,106,106,1,1,12
N00480,/Users/liuziqi/Documents/西大Graduate/Project_base/Code/Meng_ProjectBased_DetectCodeSimilar/code-sim/results/formal-v1/negatives/pairs/N00480/left/Main.java,/Users/liuziqi/Documents/西大Graduate/Project_base/Code/Meng_ProjectBased_DetectCodeSimilar/code-sim/results/formal-v1/negatives/pairs/N00480/right/Main.java,p02779,p03001,s880751987.java,s032320593.java,506,506,7,7,19
N00481,/Users/liuziqi/Documents/西大Graduate/Project_base/Code/Meng_ProjectBased_DetectCodeSimilar/code-sim/results/formal-v1/negatives/pairs/N00481/left/Main.java,/Users/liuziqi/Documents/西大Graduate/Project_base/Code/Meng_ProjectBased_DetectCodeSimilar/code-sim/results/formal-v1/negatives/pairs/N00481/right/Main.java,p02994,p02993,s496678216.java,s673398546.java,156,156,2,2,23
N00482,/Users/liuziqi/Documents/西大Graduate/Project_base/Code/Meng_ProjectBased_DetectCodeSimilar/code-sim/results/formal-v1/negatives/pairs/N00482/left/Main.java,/Users/liuziqi/Documents/西大Graduate/Project_base/Code/Meng_ProjectBased_DetectCodeSimilar/code-sim/results/formal-v1/negatives/pairs/N00482/right/Main.java,p03456,p03455,s205297909.java,s957782620.java,153,153,1,1,15
N00483,/Users/liuziqi/Documents/西大Graduate/Project_base/Code/Meng_ProjectBased_DetectCodeSimilar/code-sim/results/formal-v1/negatives/pairs/N00483/left/Main.java,/Users/liuziqi/Documents/西大Graduate/Project_base/Code/Meng_ProjectBased_DetectCodeSimilar/code-sim/results/formal-v1/negatives/pairs/N00483/right/Main.java,p02403,p02406,s393383099.java,s408104061.java,154,154,3,4,21
N00484,/Users/liuziqi/Documents/西大Graduate/Project_base/Code/Meng_ProjectBased_DetectCodeSimilar/code-sim/results/formal-v1/negatives/pairs/N00484/left/Main.java,/Users/liuziqi/Documents/西大Graduate/Project_base/Code/Meng_ProjectBased_DetectCodeSimilar/code-sim/results/formal-v1/negatives/pairs/N00484/right/Main.java,p02981,p02971,s823522568.java,s007743256.java,711,711,17,14,11
N00485,/Users/liuziqi/Documents/西大Graduate/Project_base/Code/Meng_ProjectBased_DetectCodeSimilar/code-sim/results/formal-v1/negatives/pairs/N00485/left/Main.java,/Users/liuziqi/Documents/西大Graduate/Project_base/Code/Meng_ProjectBased_DetectCodeSimilar/code-sim/results/formal-v1/negatives/pairs/N00485/right/Main.java,p00001,p00003,s838794729.java,s811831983.java,180,180,3,4,11
N00486,/Users/liuziqi/Documents/西大Graduate/Project_base/Code/Meng_ProjectBased_DetectCodeSimilar/code-sim/results/formal-v1/negatives/pairs/N00486/left/Main.java,/Users/liuziqi/Documents/西大Graduate/Project_base/Code/Meng_ProjectBased_DetectCodeSimilar/code-sim/results/formal-v1/negatives/pairs/N00486/right/Main.java,p02406,p02407,s267178061.java,s109769029.java,154,154,2,2,25
N00487,/Users/liuziqi/Documents/西大Graduate/Project_base/Code/Meng_ProjectBased_DetectCodeSimilar/code-sim/results/formal-v1/negatives/pairs/N00487/left/Main.java,/Users/liuziqi/Documents/西大Graduate/Project_base/Code/Meng_ProjectBased_DetectCodeSimilar/code-sim/results/formal-v1/negatives/pairs/N00487/right/Main.java,p02390,p02389,s074614146.java,s448239371.java,99,99,0,0,15
N00488,/Users/liuziqi/Documents/西大Graduate/Project_base/Code/Meng_ProjectBased_DetectCodeSimilar/code-sim/results/formal-v1/negatives/pairs/N00488/left/Main.java,/Users/liuziqi/Documents/西大Graduate/Project_base/Code/Meng_ProjectBased_DetectCodeSimilar/code-sim/results/formal-v1/negatives/pairs/N00488/right/Main.java,p03434,p03282,s947954268.java,s670769604.java,660,660,18,13,11
N00489,/Users/liuziqi/Documents/西大Graduate/Project_base/Code/Meng_ProjectBased_DetectCodeSimilar/code-sim/results/formal-v1/negatives/pairs/N00489/left/Main.java,/Users/liuziqi/Documents/西大Graduate/Project_base/Code/Meng_ProjectBased_DetectCodeSimilar/code-sim/results/formal-v1/negatives/pairs/N00489/right/Main.java,p03041,p03011,s317589170.java,s103095823.java,790,790,14,12,11
N00490,/Users/liuziqi/Documents/西大Graduate/Project_base/Code/Meng_ProjectBased_DetectCodeSimilar/code-sim/results/formal-v1/negatives/pairs/N00490/left/Main.java,/Users/liuziqi/Documents/西大Graduate/Project_base/Code/Meng_ProjectBased_DetectCodeSimilar/code-sim/results/formal-v1/negatives/pairs/N00490/right/Main.java,p03107,p03011,s787224819.java,s946571443.java,105,105,0,0,15
N00491,/Users/liuziqi/Documents/西大Graduate/Project_base/Code/Meng_ProjectBased_DetectCodeSimilar/code-sim/results/formal-v1/negatives/pairs/N00491/left/Main.java,/Users/liuziqi/Documents/西大Graduate/Project_base/Code/Meng_ProjectBased_DetectCodeSimilar/code-sim/results/formal-v1/negatives/pairs/N00491/right/Main.java,p02578,p02576,s746147316.java,s901903910.java,367,367,3,4,18
N00492,/Users/liuziqi/Documents/西大Graduate/Project_base/Code/Meng_ProjectBased_DetectCodeSimilar/code-sim/results/formal-v1/negatives/pairs/N00492/left/Main.java,/Users/liuziqi/Documents/西大Graduate/Project_base/Code/Meng_ProjectBased_DetectCodeSimilar/code-sim/results/formal-v1/negatives/pairs/N00492/right/Main.java,p03042,p03011,s165525051.java,s805039533.java,133,133,3,3,17
N00493,/Users/liuziqi/Documents/西大Graduate/Project_base/Code/Meng_ProjectBased_DetectCodeSimilar/code-sim/results/formal-v1/negatives/pairs/N00493/left/Main.java,/Users/liuziqi/Documents/西大Graduate/Project_base/Code/Meng_ProjectBased_DetectCodeSimilar/code-sim/results/formal-v1/negatives/pairs/N00493/right/Main.java,p03494,p03632,s851981984.java,s314200078.java,192,192,5,5,26
N00494,/Users/liuziqi/Documents/西大Graduate/Project_base/Code/Meng_ProjectBased_DetectCodeSimilar/code-sim/results/formal-v1/negatives/pairs/N00494/left/Main.java,/Users/liuziqi/Documents/西大Graduate/Project_base/Code/Meng_ProjectBased_DetectCodeSimilar/code-sim/results/formal-v1/negatives/pairs/N00494/right/Main.java,p02959,p02773,s230757054.java,s096779347.java,1098,1098,26,21,17
N00495,/Users/liuziqi/Documents/西大Graduate/Project_base/Code/Meng_ProjectBased_DetectCodeSimilar/code-sim/results/formal-v1/negatives/pairs/N00495/left/Main.java,/Users/liuziqi/Documents/西大Graduate/Project_base/Code/Meng_ProjectBased_DetectCodeSimilar/code-sim/results/formal-v1/negatives/pairs/N00495/right/Main.java,p00001,p03775,s021426571.java,s677205950.java,120,119,2,2,13
N00496,/Users/liuziqi/Documents/西大Graduate/Project_base/Code/Meng_ProjectBased_DetectCodeSimilar/code-sim/results/formal-v1/negatives/pairs/N00496/left/Main.java,/Users/liuziqi/Documents/西大Graduate/Project_base/Code/Meng_ProjectBased_DetectCodeSimilar/code-sim/results/formal-v1/negatives/pairs/N00496/right/Main.java,p02911,p02910,s145145553.java,s936924592.java,252,252,5,6,15
N00497,/Users/liuziqi/Documents/西大Graduate/Project_base/Code/Meng_ProjectBased_DetectCodeSimilar/code-sim/results/formal-v1/negatives/pairs/N00497/left/Main.java,/Users/liuziqi/Documents/西大Graduate/Project_base/Code/Meng_ProjectBased_DetectCodeSimilar/code-sim/results/formal-v1/negatives/pairs/N00497/right/Main.java,p02755,p02766,s676919505.java,s072952797.java,158,158,2,2,22
N00498,/Users/liuziqi/Documents/西大Graduate/Project_base/Code/Meng_ProjectBased_DetectCodeSimilar/code-sim/results/formal-v1/negatives/pairs/N00498/left/Main.java,/Users/liuziqi/Documents/西大Graduate/Project_base/Code/Meng_ProjectBased_DetectCodeSimilar/code-sim/results/formal-v1/negatives/pairs/N00498/right/Main.java,p02415,p02416,s778505480.java,s581145603.java,161,161,3,4,13
N00499,/Users/liuziqi/Documents/西大Graduate/Project_base/Code/Meng_ProjectBased_DetectCodeSimilar/code-sim/results/formal-v1/negatives/pairs/N00499/left/Main.java,/Users/liuziqi/Documents/西大Graduate/Project_base/Code/Meng_ProjectBased_DetectCodeSimilar/code-sim/results/formal-v1/negatives/pairs/N00499/right/Main.java,p02418,p02417,s062629692.java,s903881151.java,234,234,6,5,15
N00500,/Users/liuziqi/Documents/西大Graduate/Project_base/Code/Meng_ProjectBased_DetectCodeSimilar/code-sim/results/formal-v1/negatives/pairs/N00500/left/Main.java,/Users/liuziqi/Documents/西大Graduate/Project_base/Code/Meng_ProjectBased_DetectCodeSimilar/code-sim/results/formal-v1/negatives/pairs/N00500/right/Main.java,p02405,p02403,s643231295.java,s776349753.java,161,161,5,4,18
N00501,/Users/liuziqi/Documents/西大Graduate/Project_base/Code/Meng_ProjectBased_DetectCodeSimilar/code-sim/results/formal-v1/negatives/pairs/N00501/left/Main.java,/Users/liuziqi/Documents/西大Graduate/Project_base/Code/Meng_ProjectBased_DetectCodeSimilar/code-sim/results/formal-v1/negatives/pairs/N00501/right/Main.java,p02994,p02993,s221504890.java,s981689878.java,181,181,5,4,13
N00502,/Users/liuziqi/Documents/西大Graduate/Project_base/Code/Meng_ProjectBased_DetectCodeSimilar/code-sim/results/formal-v1/negatives/pairs/N00502/left/Main.java,/Users/liuziqi/Documents/西大Graduate/Project_base/Code/Meng_ProjectBased_DetectCodeSimilar/code-sim/results/formal-v1/negatives/pairs/N00502/right/Main.java,p02730,p02729,s841045307.java,s641679912.java,113,113,1,1,22
N00503,/Users/liuziqi/Documents/西大Graduate/Project_base/Code/Meng_ProjectBased_DetectCodeSimilar/code-sim/results/formal-v1/negatives/pairs/N00503/left/Main.java,/Users/liuziqi/Documents/西大Graduate/Project_base/Code/Meng_ProjectBased_DetectCodeSimilar/code-sim/results/formal-v1/negatives/pairs/N00503/right/Main.java,p02981,p02970,s073236637.java,s452059944.java,112,112,1,1,13
N00504,/Users/liuziqi/Documents/西大Graduate/Project_base/Code/Meng_ProjectBased_DetectCodeSimilar/code-sim/results/formal-v1/negatives/pairs/N00504/left/Main.java,/Users/liuziqi/Documents/西大Graduate/Project_base/Code/Meng_ProjectBased_DetectCodeSimilar/code-sim/results/formal-v1/negatives/pairs/N00504/right/Main.java,p02970,p02987,s273803173.java,s781714072.java,334,334,5,5,12
N00505,/Users/liuziqi/Documents/西大Graduate/Project_base/Code/Meng_ProjectBased_DetectCodeSimilar/code-sim/results/formal-v1/negatives/pairs/N00505/left/Main.java,/Users/liuziqi/Documents/西大Graduate/Project_base/Code/Meng_ProjectBased_DetectCodeSimilar/code-sim/results/formal-v1/negatives/pairs/N00505/right/Main.java,p04044,p00001,s613160234.java,s507035370.java,153,154,2,2,15
N00506,/Users/liuziqi/Documents/西大Graduate/Project_base/Code/Meng_ProjectBased_DetectCodeSimilar/code-sim/results/formal-v1/negatives/pairs/N00506/left/Main.java,/Users/liuziqi/Documents/西大Graduate/Project_base/Code/Meng_ProjectBased_DetectCodeSimilar/code-sim/results/formal-v1/negatives/pairs/N00506/right/Main.java,p03161,p03289,s361483824.java,s347362145.java,787,787,13,14,23
N00507,/Users/liuziqi/Documents/西大Graduate/Project_base/Code/Meng_ProjectBased_DetectCodeSimilar/code-sim/results/formal-v1/negatives/pairs/N00507/left/Main.java,/Users/liuziqi/Documents/西大Graduate/Project_base/Code/Meng_ProjectBased_DetectCodeSimilar/code-sim/results/formal-v1/negatives/pairs/N00507/right/Main.java,p03220,p03292,s097268688.java,s089551303.java,179,179,2,2,26
N00508,/Users/liuziqi/Documents/西大Graduate/Project_base/Code/Meng_ProjectBased_DetectCodeSimilar/code-sim/results/formal-v1/negatives/pairs/N00508/left/Main.java,/Users/liuziqi/Documents/西大Graduate/Project_base/Code/Meng_ProjectBased_DetectCodeSimilar/code-sim/results/formal-v1/negatives/pairs/N00508/right/Main.java,p03695,p02414,s973404493.java,s748439726.java,455,456,14,10,11
N00509,/Users/liuziqi/Documents/西大Graduate/Project_base/Code/Meng_ProjectBased_DetectCodeSimilar/code-sim/results/formal-v1/negatives/pairs/N00509/left/Main.java,/Users/liuziqi/Documents/西大Graduate/Project_base/Code/Meng_ProjectBased_DetectCodeSimilar/code-sim/results/formal-v1/negatives/pairs/N00509/right/Main.java,p03494,p03474,s047892720.java,s480704322.java,105,105,1,1,11
N00510,/Users/liuziqi/Documents/西大Graduate/Project_base/Code/Meng_ProjectBased_DetectCodeSimilar/code-sim/results/formal-v1/negatives/pairs/N00510/left/Main.java,/Users/liuziqi/Documents/西大Graduate/Project_base/Code/Meng_ProjectBased_DetectCodeSimilar/code-sim/results/formal-v1/negatives/pairs/N00510/right/Main.java,p02390,p02389,s988425160.java,s865361174.java,104,104,0,0,11
N00511,/Users/liuziqi/Documents/西大Graduate/Project_base/Code/Meng_ProjectBased_DetectCodeSimilar/code-sim/results/formal-v1/negatives/pairs/N00511/left/Main.java,/Users/liuziqi/Documents/西大Graduate/Project_base/Code/Meng_ProjectBased_DetectCodeSimilar/code-sim/results/formal-v1/negatives/pairs/N00511/right/Main.java,p02995,p02731,s738959673.java,s020556940.java,265,266,1,1,11
N00512,/Users/liuziqi/Documents/西大Graduate/Project_base/Code/Meng_ProjectBased_DetectCodeSimilar/code-sim/results/formal-v1/negatives/pairs/N00512/left/Main.java,/Users/liuziqi/Documents/西大Graduate/Project_base/Code/Meng_ProjectBased_DetectCodeSimilar/code-sim/results/formal-v1/negatives/pairs/N00512/right/Main.java,p02957,p02952,s666785670.java,s442247600.java,150,150,2,2,17
N00513,/Users/liuziqi/Documents/西大Graduate/Project_base/Code/Meng_ProjectBased_DetectCodeSimilar/code-sim/results/formal-v1/negatives/pairs/N00513/left/Main.java,/Users/liuziqi/Documents/西大Graduate/Project_base/Code/Meng_ProjectBased_DetectCodeSimilar/code-sim/results/formal-v1/negatives/pairs/N00513/right/Main.java,p03378,p03434,s972586919.java,s059254793.java,199,199,3,3,28
N00514,/Users/liuziqi/Documents/西大Graduate/Project_base/Code/Meng_ProjectBased_DetectCodeSimilar/code-sim/results/formal-v1/negatives/pairs/N00514/left/Main.java,/Users/liuziqi/Documents/西大Graduate/Project_base/Code/Meng_ProjectBased_DetectCodeSimilar/code-sim/results/formal-v1/negatives/pairs/N00514/right/Main.java,p02553,p03281,s439301051.java,s349565109.java,1000,999,23,25,25
N00515,/Users/liuziqi/Documents/西大Graduate/Project_base/Code/Meng_ProjectBased_DetectCodeSimilar/code-sim/results/formal-v1/negatives/pairs/N00515/left/Main.java,/Users/liuziqi/Documents/西大Graduate/Project_base/Code/Meng_ProjectBased_DetectCodeSimilar/code-sim/results/formal-v1/negatives/pairs/N00515/right/Main.java,p03106,p03107,s674818450.java,s759486635.java,178,178,2,2,11
N00516,/Users/liuziqi/Documents/西大Graduate/Project_base/Code/Meng_ProjectBased_DetectCodeSimilar/code-sim/results/formal-v1/negatives/pairs/N00516/left/Main.java,/Users/liuziqi/Documents/西大Graduate/Project_base/Code/Meng_ProjectBased_DetectCodeSimilar/code-sim/results/formal-v1/negatives/pairs/N00516/right/Main.java,p02897,p02898,s160720479.java,s075031204.java,129,129,3,3,14
N00517,/Users/liuziqi/Documents/西大Graduate/Project_base/Code/Meng_ProjectBased_DetectCodeSimilar/code-sim/results/formal-v1/negatives/pairs/N00517/left/Main.java,/Users/liuziqi/Documents/西大Graduate/Project_base/Code/Meng_ProjectBased_DetectCodeSimilar/code-sim/results/formal-v1/negatives/pairs/N00517/right/Main.java,p03478,p03474,s374558062.java,s697557747.java,159,159,3,4,26
N00518,/Users/liuziqi/Documents/西大Graduate/Project_base/Code/Meng_ProjectBased_DetectCodeSimilar/code-sim/results/formal-v1/negatives/pairs/N00518/left/Main.java,/Users/liuziqi/Documents/西大Graduate/Project_base/Code/Meng_ProjectBased_DetectCodeSimilar/code-sim/results/formal-v1/negatives/pairs/N00518/right/Main.java,p02951,p02945,s580786736.java,s954937641.java,100,100,0,0,28
N00519,/Users/liuziqi/Documents/西大Graduate/Project_base/Code/Meng_ProjectBased_DetectCodeSimilar/code-sim/results/formal-v1/negatives/pairs/N00519/left/Main.java,/Users/liuziqi/Documents/西大Graduate/Project_base/Code/Meng_ProjectBased_DetectCodeSimilar/code-sim/results/formal-v1/negatives/pairs/N00519/right/Main.java,p03416,p03456,s508867331.java,s496679851.java,139,139,3,3,28
N00520,/Users/liuziqi/Documents/西大Graduate/Project_base/Code/Meng_ProjectBased_DetectCodeSimilar/code-sim/results/formal-v1/negatives/pairs/N00520/left/Main.java,/Users/liuziqi/Documents/西大Graduate/Project_base/Code/Meng_ProjectBased_DetectCodeSimilar/code-sim/results/formal-v1/negatives/pairs/N00520/right/Main.java,p03136,p03146,s245275235.java,s776420336.java,144,144,3,3,9
N00521,/Users/liuziqi/Documents/西大Graduate/Project_base/Code/Meng_ProjectBased_DetectCodeSimilar/code-sim/results/formal-v1/negatives/pairs/N00521/left/Main.java,/Users/liuziqi/Documents/西大Graduate/Project_base/Code/Meng_ProjectBased_DetectCodeSimilar/code-sim/results/formal-v1/negatives/pairs/N00521/right/Main.java,p03239,p03242,s084277532.java,s377590616.java,150,150,4,3,27
N00522,/Users/liuziqi/Documents/西大Graduate/Project_base/Code/Meng_ProjectBased_DetectCodeSimilar/code-sim/results/formal-v1/negatives/pairs/N00522/left/Main.java,/Users/liuziqi/Documents/西大Graduate/Project_base/Code/Meng_ProjectBased_DetectCodeSimilar/code-sim/results/formal-v1/negatives/pairs/N00522/right/Main.java,p03455,p03632,s365890022.java,s362686124.java,166,166,1,1,9
N00523,/Users/liuziqi/Documents/西大Graduate/Project_base/Code/Meng_ProjectBased_DetectCodeSimilar/code-sim/results/formal-v1/negatives/pairs/N00523/left/Main.java,/Users/liuziqi/Documents/西大Graduate/Project_base/Code/Meng_ProjectBased_DetectCodeSimilar/code-sim/results/formal-v1/negatives/pairs/N00523/right/Main.java,p02677,p02682,s678255572.java,s093678970.java,153,153,0,0,17
N00524,/Users/liuziqi/Documents/西大Graduate/Project_base/Code/Meng_ProjectBased_DetectCodeSimilar/code-sim/results/formal-v1/negatives/pairs/N00524/left/Main.java,/Users/liuziqi/Documents/西大Graduate/Project_base/Code/Meng_ProjectBased_DetectCodeSimilar/code-sim/results/formal-v1/negatives/pairs/N00524/right/Main.java,p03720,p03494,s861495759.java,s234113938.java,489,489,6,7,14
N00525,/Users/liuziqi/Documents/西大Graduate/Project_base/Code/Meng_ProjectBased_DetectCodeSimilar/code-sim/results/formal-v1/negatives/pairs/N00525/left/Main.java,/Users/liuziqi/Documents/西大Graduate/Project_base/Code/Meng_ProjectBased_DetectCodeSimilar/code-sim/results/formal-v1/negatives/pairs/N00525/right/Main.java,p02576,p02612,s668102516.java,s035854041.java,99,99,1,1,17
N00526,/Users/liuziqi/Documents/西大Graduate/Project_base/Code/Meng_ProjectBased_DetectCodeSimilar/code-sim/results/formal-v1/negatives/pairs/N00526/left/Main.java,/Users/liuziqi/Documents/西大Graduate/Project_base/Code/Meng_ProjectBased_DetectCodeSimilar/code-sim/results/formal-v1/negatives/pairs/N00526/right/Main.java,p02909,p02832,s379242978.java,s465113530.java,114,114,3,3,22
N00527,/Users/liuziqi/Documents/西大Graduate/Project_base/Code/Meng_ProjectBased_DetectCodeSimilar/code-sim/results/formal-v1/negatives/pairs/N00527/left/Main.java,/Users/liuziqi/Documents/西大Graduate/Project_base/Code/Meng_ProjectBased_DetectCodeSimilar/code-sim/results/formal-v1/negatives/pairs/N00527/right/Main.java,p02725,p02682,s019374292.java,s790363462.java,215,215,2,2,22
N00528,/Users/liuziqi/Documents/西大Graduate/Project_base/Code/Meng_ProjectBased_DetectCodeSimilar/code-sim/results/formal-v1/negatives/pairs/N00528/left/Main.java,/Users/liuziqi/Documents/西大Graduate/Project_base/Code/Meng_ProjectBased_DetectCodeSimilar/code-sim/results/formal-v1/negatives/pairs/N00528/right/Main.java,p02641,p02658,s609958125.java,s775600336.java,211,211,6,6,17
N00529,/Users/liuziqi/Documents/西大Graduate/Project_base/Code/Meng_ProjectBased_DetectCodeSimilar/code-sim/results/formal-v1/negatives/pairs/N00529/left/Main.java,/Users/liuziqi/Documents/西大Graduate/Project_base/Code/Meng_ProjectBased_DetectCodeSimilar/code-sim/results/formal-v1/negatives/pairs/N00529/right/Main.java,p03075,p03071,s229221540.java,s246361099.java,121,121,2,2,28
N00530,/Users/liuziqi/Documents/西大Graduate/Project_base/Code/Meng_ProjectBased_DetectCodeSimilar/code-sim/results/formal-v1/negatives/pairs/N00530/left/Main.java,/Users/liuziqi/Documents/西大Graduate/Project_base/Code/Meng_ProjectBased_DetectCodeSimilar/code-sim/results/formal-v1/negatives/pairs/N00530/right/Main.java,p04043,p03854,s916998160.java,s763772409.java,128,128,1,1,15
N00531,/Users/liuziqi/Documents/西大Graduate/Project_base/Code/Meng_ProjectBased_DetectCodeSimilar/code-sim/results/formal-v1/negatives/pairs/N00531/left/Main.java,/Users/liuziqi/Documents/西大Graduate/Project_base/Code/Meng_ProjectBased_DetectCodeSimilar/code-sim/results/formal-v1/negatives/pairs/N00531/right/Main.java,p02414,p02409,s610958358.java,s237411722.java,567,567,12,15,17
N00532,/Users/liuziqi/Documents/西大Graduate/Project_base/Code/Meng_ProjectBased_DetectCodeSimilar/code-sim/results/formal-v1/negatives/pairs/N00532/left/Main.java,/Users/liuziqi/Documents/西大Graduate/Project_base/Code/Meng_ProjectBased_DetectCodeSimilar/code-sim/results/formal-v1/negatives/pairs/N00532/right/Main.java,p03695,p03680,s065756917.java,s897295260.java,189,189,4,4,28
N00533,/Users/liuziqi/Documents/西大Graduate/Project_base/Code/Meng_ProjectBased_DetectCodeSimilar/code-sim/results/formal-v1/negatives/pairs/N00533/left/Main.java,/Users/liuziqi/Documents/西大Graduate/Project_base/Code/Meng_ProjectBased_DetectCodeSimilar/code-sim/results/formal-v1/negatives/pairs/N00533/right/Main.java,p00006,p02388,s755148709.java,s473034952.java,56,56,0,0,9
N00534,/Users/liuziqi/Documents/西大Graduate/Project_base/Code/Meng_ProjectBased_DetectCodeSimilar/code-sim/results/formal-v1/negatives/pairs/N00534/left/Main.java,/Users/liuziqi/Documents/西大Graduate/Project_base/Code/Meng_ProjectBased_DetectCodeSimilar/code-sim/results/formal-v1/negatives/pairs/N00534/right/Main.java,p02582,p02578,s553636184.java,s980849965.java,153,153,3,3,17
N00535,/Users/liuziqi/Documents/西大Graduate/Project_base/Code/Meng_ProjectBased_DetectCodeSimilar/code-sim/results/formal-v1/negatives/pairs/N00535/left/Main.java,/Users/liuziqi/Documents/西大Graduate/Project_base/Code/Meng_ProjectBased_DetectCodeSimilar/code-sim/results/formal-v1/negatives/pairs/N00535/right/Main.java,p03160,p03161,s375377362.java,s592453934.java,272,272,4,4,17
N00536,/Users/liuziqi/Documents/西大Graduate/Project_base/Code/Meng_ProjectBased_DetectCodeSimilar/code-sim/results/formal-v1/negatives/pairs/N00536/left/Main.java,/Users/liuziqi/Documents/西大Graduate/Project_base/Code/Meng_ProjectBased_DetectCodeSimilar/code-sim/results/formal-v1/negatives/pairs/N00536/right/Main.java,p02881,p02723,s327517064.java,s290465302.java,359,359,4,4,23
N00537,/Users/liuziqi/Documents/西大Graduate/Project_base/Code/Meng_ProjectBased_DetectCodeSimilar/code-sim/results/formal-v1/negatives/pairs/N00537/left/Main.java,/Users/liuziqi/Documents/西大Graduate/Project_base/Code/Meng_ProjectBased_DetectCodeSimilar/code-sim/results/formal-v1/negatives/pairs/N00537/right/Main.java,p02399,p02400,s530317121.java,s029448273.java,131,131,0,0,13
N00538,/Users/liuziqi/Documents/西大Graduate/Project_base/Code/Meng_ProjectBased_DetectCodeSimilar/code-sim/results/formal-v1/negatives/pairs/N00538/left/Main.java,/Users/liuziqi/Documents/西大Graduate/Project_base/Code/Meng_ProjectBased_DetectCodeSimilar/code-sim/results/formal-v1/negatives/pairs/N00538/right/Main.java,p02729,p02753,s408101822.java,s193488011.java,117,117,2,2,13
N00539,/Users/liuziqi/Documents/西大Graduate/Project_base/Code/Meng_ProjectBased_DetectCodeSimilar/code-sim/results/formal-v1/negatives/pairs/N00539/left/Main.java,/Users/liuziqi/Documents/西大Graduate/Project_base/Code/Meng_ProjectBased_DetectCodeSimilar/code-sim/results/formal-v1/negatives/pairs/N00539/right/Main.java,p02785,p02784,s757619871.java,s768564455.java,188,188,4,3,27
N00540,/Users/liuziqi/Documents/西大Graduate/Project_base/Code/Meng_ProjectBased_DetectCodeSimilar/code-sim/results/formal-v1/negatives/pairs/N00540/left/Main.java,/Users/liuziqi/Documents/西大Graduate/Project_base/Code/Meng_ProjectBased_DetectCodeSimilar/code-sim/results/formal-v1/negatives/pairs/N00540/right/Main.java,p03835,p04012,s963669477.java,s005472024.java,139,139,3,3,25
N00541,/Users/liuziqi/Documents/西大Graduate/Project_base/Code/Meng_ProjectBased_DetectCodeSimilar/code-sim/results/formal-v1/negatives/pairs/N00541/left/Main.java,/Users/liuziqi/Documents/西大Graduate/Project_base/Code/Meng_ProjectBased_DetectCodeSimilar/code-sim/results/formal-v1/negatives/pairs/N00541/right/Main.java,p02676,p02681,s735298249.java,s885298660.java,130,130,1,1,15
N00542,/Users/liuziqi/Documents/西大Graduate/Project_base/Code/Meng_ProjectBased_DetectCodeSimilar/code-sim/results/formal-v1/negatives/pairs/N00542/left/Main.java,/Users/liuziqi/Documents/西大Graduate/Project_base/Code/Meng_ProjectBased_DetectCodeSimilar/code-sim/results/formal-v1/negatives/pairs/N00542/right/Main.java,p02717,p02725,s395320188.java,s431033677.java,166,166,1,1,28
N00543,/Users/liuziqi/Documents/西大Graduate/Project_base/Code/Meng_ProjectBased_DetectCodeSimilar/code-sim/results/formal-v1/negatives/pairs/N00543/left/Main.java,/Users/liuziqi/Documents/西大Graduate/Project_base/Code/Meng_ProjectBased_DetectCodeSimilar/code-sim/results/formal-v1/negatives/pairs/N00543/right/Main.java,p02819,p02818,s726635201.java,s895304547.java,137,137,5,4,15
N00544,/Users/liuziqi/Documents/西大Graduate/Project_base/Code/Meng_ProjectBased_DetectCodeSimilar/code-sim/results/formal-v1/negatives/pairs/N00544/left/Main.java,/Users/liuziqi/Documents/西大Graduate/Project_base/Code/Meng_ProjectBased_DetectCodeSimilar/code-sim/results/formal-v1/negatives/pairs/N00544/right/Main.java,p02829,p02832,s833770060.java,s452689826.java,170,170,3,4,13
N00545,/Users/liuziqi/Documents/西大Graduate/Project_base/Code/Meng_ProjectBased_DetectCodeSimilar/code-sim/results/formal-v1/negatives/pairs/N00545/left/Main.java,/Users/liuziqi/Documents/西大Graduate/Project_base/Code/Meng_ProjectBased_DetectCodeSimilar/code-sim/results/formal-v1/negatives/pairs/N00545/right/Main.java,p00001,p04044,s007595410.java,s781543471.java,144,143,2,2,11
N00546,/Users/liuziqi/Documents/西大Graduate/Project_base/Code/Meng_ProjectBased_DetectCodeSimilar/code-sim/results/formal-v1/negatives/pairs/N00546/left/Main.java,/Users/liuziqi/Documents/西大Graduate/Project_base/Code/Meng_ProjectBased_DetectCodeSimilar/code-sim/results/formal-v1/negatives/pairs/N00546/right/Main.java,p02391,p02396,s800376408.java,s016574856.java,113,113,2,2,9
N00547,/Users/liuziqi/Documents/西大Graduate/Project_base/Code/Meng_ProjectBased_DetectCodeSimilar/code-sim/results/formal-v1/negatives/pairs/N00547/left/Main.java,/Users/liuziqi/Documents/西大Graduate/Project_base/Code/Meng_ProjectBased_DetectCodeSimilar/code-sim/results/formal-v1/negatives/pairs/N00547/right/Main.java,p03474,p03471,s158714928.java,s630230485.java,244,244,4,5,13
N00548,/Users/liuziqi/Documents/西大Graduate/Project_base/Code/Meng_ProjectBased_DetectCodeSimilar/code-sim/results/formal-v1/negatives/pairs/N00548/left/Main.java,/Users/liuziqi/Documents/西大Graduate/Project_base/Code/Meng_ProjectBased_DetectCodeSimilar/code-sim/results/formal-v1/negatives/pairs/N00548/right/Main.java,p02711,p02639,s938565109.java,s696399651.java,114,114,3,3,23
N00549,/Users/liuziqi/Documents/西大Graduate/Project_base/Code/Meng_ProjectBased_DetectCodeSimilar/code-sim/results/formal-v1/negatives/pairs/N00549/left/Main.java,/Users/liuziqi/Documents/西大Graduate/Project_base/Code/Meng_ProjectBased_DetectCodeSimilar/code-sim/results/formal-v1/negatives/pairs/N00549/right/Main.java,p03814,p03775,s625464070.java,s418474268.java,170,170,4,3,24
N00550,/Users/liuziqi/Documents/西大Graduate/Project_base/Code/Meng_ProjectBased_DetectCodeSimilar/code-sim/results/formal-v1/negatives/pairs/N00550/left/Main.java,/Users/liuziqi/Documents/西大Graduate/Project_base/Code/Meng_ProjectBased_DetectCodeSimilar/code-sim/results/formal-v1/negatives/pairs/N00550/right/Main.java,p03035,p02947,s960632334.java,s039021223.java,972,972,24,24,16
N00551,/Users/liuziqi/Documents/西大Graduate/Project_base/Code/Meng_ProjectBased_DetectCodeSimilar/code-sim/results/formal-v1/negatives/pairs/N00551/left/Main.java,/Users/liuziqi/Documents/西大Graduate/Project_base/Code/Meng_ProjectBased_DetectCodeSimilar/code-sim/results/formal-v1/negatives/pairs/N00551/right/Main.java,p02405,p02404,s070983021.java,s854362121.java,219,219,7,6,29
N00552,/Users/liuziqi/Documents/西大Graduate/Project_base/Code/Meng_ProjectBased_DetectCodeSimilar/code-sim/results/formal-v1/negatives/pairs/N00552/left/Main.java,/Users/liuziqi/Documents/西大Graduate/Project_base/Code/Meng_ProjectBased_DetectCodeSimilar/code-sim/results/formal-v1/negatives/pairs/N00552/right/Main.java,p03107,p03106,s131916696.java,s973809075.java,175,175,3,4,22
N00553,/Users/liuziqi/Documents/西大Graduate/Project_base/Code/Meng_ProjectBased_DetectCodeSimilar/code-sim/results/formal-v1/negatives/pairs/N00553/left/Main.java,/Users/liuziqi/Documents/西大Graduate/Project_base/Code/Meng_ProjectBased_DetectCodeSimilar/code-sim/results/formal-v1/negatives/pairs/N00553/right/Main.java,p02777,p02771,s754409335.java,s574988370.java,118,118,1,1,15
N00554,/Users/liuziqi/Documents/西大Graduate/Project_base/Code/Meng_ProjectBased_DetectCodeSimilar/code-sim/results/formal-v1/negatives/pairs/N00554/left/Main.java,/Users/liuziqi/Documents/西大Graduate/Project_base/Code/Meng_ProjectBased_DetectCodeSimilar/code-sim/results/formal-v1/negatives/pairs/N00554/right/Main.java,p02921,p02923,s897243176.java,s896069719.java,139,139,2,2,21
N00555,/Users/liuziqi/Documents/西大Graduate/Project_base/Code/Meng_ProjectBased_DetectCodeSimilar/code-sim/results/formal-v1/negatives/pairs/N00555/left/Main.java,/Users/liuziqi/Documents/西大Graduate/Project_base/Code/Meng_ProjectBased_DetectCodeSimilar/code-sim/results/formal-v1/negatives/pairs/N00555/right/Main.java,p02916,p02785,s265401395.java,s996834024.java,265,265,6,5,11
N00556,/Users/liuziqi/Documents/西大Graduate/Project_base/Code/Meng_ProjectBased_DetectCodeSimilar/code-sim/results/formal-v1/negatives/pairs/N00556/left/Main.java,/Users/liuziqi/Documents/西大Graduate/Project_base/Code/Meng_ProjectBased_DetectCodeSimilar/code-sim/results/formal-v1/negatives/pairs/N00556/right/Main.java,p02783,p02786,s715393188.java,s006156197.java,106,106,1,1,16
N00557,/Users/liuziqi/Documents/西大Graduate/Project_base/Code/Meng_ProjectBased_DetectCodeSimilar/code-sim/results/formal-v1/negatives/pairs/N00557/left/Main.java,/Users/liuziqi/Documents/西大Graduate/Project_base/Code/Meng_ProjectBased_DetectCodeSimilar/code-sim/results/formal-v1/negatives/pairs/N00557/right/Main.java,p02398,p02397,s799802091.java,s605376261.java,230,230,4,4,12
N00558,/Users/liuziqi/Documents/西大Graduate/Project_base/Code/Meng_ProjectBased_DetectCodeSimilar/code-sim/results/formal-v1/negatives/pairs/N00558/left/Main.java,/Users/liuziqi/Documents/西大Graduate/Project_base/Code/Meng_ProjectBased_DetectCodeSimilar/code-sim/results/formal-v1/negatives/pairs/N00558/right/Main.java,p04030,p04012,s331161110.java,s832685056.java,168,168,6,5,17
N00559,/Users/liuziqi/Documents/西大Graduate/Project_base/Code/Meng_ProjectBased_DetectCodeSimilar/code-sim/results/formal-v1/negatives/pairs/N00559/left/Main.java,/Users/liuziqi/Documents/西大Graduate/Project_base/Code/Meng_ProjectBased_DetectCodeSimilar/code-sim/results/formal-v1/negatives/pairs/N00559/right/Main.java,p02641,p02640,s232177763.java,s894078340.java,172,172,4,4,23
N00560,/Users/liuziqi/Documents/西大Graduate/Project_base/Code/Meng_ProjectBased_DetectCodeSimilar/code-sim/results/formal-v1/negatives/pairs/N00560/left/Main.java,/Users/liuziqi/Documents/西大Graduate/Project_base/Code/Meng_ProjectBased_DetectCodeSimilar/code-sim/results/formal-v1/negatives/pairs/N00560/right/Main.java,p00006,p00007,s591640882.java,s212279704.java,113,113,1,1,21
N00561,/Users/liuziqi/Documents/西大Graduate/Project_base/Code/Meng_ProjectBased_DetectCodeSimilar/code-sim/results/formal-v1/negatives/pairs/N00561/left/Main.java,/Users/liuziqi/Documents/西大Graduate/Project_base/Code/Meng_ProjectBased_DetectCodeSimilar/code-sim/results/formal-v1/negatives/pairs/N00561/right/Main.java,p02388,p02258,s040541970.java,s834319374.java,126,126,3,3,14
N00562,/Users/liuziqi/Documents/西大Graduate/Project_base/Code/Meng_ProjectBased_DetectCodeSimilar/code-sim/results/formal-v1/negatives/pairs/N00562/left/Main.java,/Users/liuziqi/Documents/西大Graduate/Project_base/Code/Meng_ProjectBased_DetectCodeSimilar/code-sim/results/formal-v1/negatives/pairs/N00562/right/Main.java,p02835,p02831,s578418855.java,s913835822.java,120,120,1,1,9
N00563,/Users/liuziqi/Documents/西大Graduate/Project_base/Code/Meng_ProjectBased_DetectCodeSimilar/code-sim/results/formal-v1/negatives/pairs/N00563/left/Main.java,/Users/liuziqi/Documents/西大Graduate/Project_base/Code/Meng_ProjectBased_DetectCodeSimilar/code-sim/results/formal-v1/negatives/pairs/N00563/right/Main.java,p03470,p03469,s210512471.java,s838641755.java,110,110,1,1,17
N00564,/Users/liuziqi/Documents/西大Graduate/Project_base/Code/Meng_ProjectBased_DetectCodeSimilar/code-sim/results/formal-v1/negatives/pairs/N00564/left/Main.java,/Users/liuziqi/Documents/西大Graduate/Project_base/Code/Meng_ProjectBased_DetectCodeSimilar/code-sim/results/formal-v1/negatives/pairs/N00564/right/Main.java,p03220,p03146,s850594397.java,s614350500.java,140,140,2,2,23
N00565,/Users/liuziqi/Documents/西大Graduate/Project_base/Code/Meng_ProjectBased_DetectCodeSimilar/code-sim/results/formal-v1/negatives/pairs/N00565/left/Main.java,/Users/liuziqi/Documents/西大Graduate/Project_base/Code/Meng_ProjectBased_DetectCodeSimilar/code-sim/results/formal-v1/negatives/pairs/N00565/right/Main.java,p03071,p03043,s932014098.java,s809455435.java,132,132,2,2,17
N00566,/Users/liuziqi/Documents/西大Graduate/Project_base/Code/Meng_ProjectBased_DetectCodeSimilar/code-sim/results/formal-v1/negatives/pairs/N00566/left/Main.java,/Users/liuziqi/Documents/西大Graduate/Project_base/Code/Meng_ProjectBased_DetectCodeSimilar/code-sim/results/formal-v1/negatives/pairs/N00566/right/Main.java,p02415,p02407,s517665637.java,s853040812.java,173,173,3,3,10
N00567,/Users/liuziqi/Documents/西大Graduate/Project_base/Code/Meng_ProjectBased_DetectCodeSimilar/code-sim/results/formal-v1/negatives/pairs/N00567/left/Main.java,/Users/liuziqi/Documents/西大Graduate/Project_base/Code/Meng_ProjectBased_DetectCodeSimilar/code-sim/results/formal-v1/negatives/pairs/N00567/right/Main.java,p04012,p04043,s961528829.java,s581459072.java,129,129,3,4,28
N00568,/Users/liuziqi/Documents/西大Graduate/Project_base/Code/Meng_ProjectBased_DetectCodeSimilar/code-sim/results/formal-v1/negatives/pairs/N00568/left/Main.java,/Users/liuziqi/Documents/西大Graduate/Project_base/Code/Meng_ProjectBased_DetectCodeSimilar/code-sim/results/formal-v1/negatives/pairs/N00568/right/Main.java,p02983,p02971,s690966846.java,s046112039.java,227,227,6,7,22
N00569,/Users/liuziqi/Documents/西大Graduate/Project_base/Code/Meng_ProjectBased_DetectCodeSimilar/code-sim/results/formal-v1/negatives/pairs/N00569/left/Main.java,/Users/liuziqi/Documents/西大Graduate/Project_base/Code/Meng_ProjectBased_DetectCodeSimilar/code-sim/results/formal-v1/negatives/pairs/N00569/right/Main.java,p03242,p03107,s011465305.java,s626680827.java,137,137,2,2,27
N00570,/Users/liuziqi/Documents/西大Graduate/Project_base/Code/Meng_ProjectBased_DetectCodeSimilar/code-sim/results/formal-v1/negatives/pairs/N00570/left/Main.java,/Users/liuziqi/Documents/西大Graduate/Project_base/Code/Meng_ProjectBased_DetectCodeSimilar/code-sim/results/formal-v1/negatives/pairs/N00570/right/Main.java,p02832,p02860,s174326939.java,s179774822.java,138,138,3,3,23
N00571,/Users/liuziqi/Documents/西大Graduate/Project_base/Code/Meng_ProjectBased_DetectCodeSimilar/code-sim/results/formal-v1/negatives/pairs/N00571/left/Main.java,/Users/liuziqi/Documents/西大Graduate/Project_base/Code/Meng_ProjectBased_DetectCodeSimilar/code-sim/results/formal-v1/negatives/pairs/N00571/right/Main.java,p03146,p03147,s870159452.java,s930545989.java,139,139,2,2,13
N00572,/Users/liuziqi/Documents/西大Graduate/Project_base/Code/Meng_ProjectBased_DetectCodeSimilar/code-sim/results/formal-v1/negatives/pairs/N00572/left/Main.java,/Users/liuziqi/Documents/西大Graduate/Project_base/Code/Meng_ProjectBased_DetectCodeSimilar/code-sim/results/formal-v1/negatives/pairs/N00572/right/Main.java,p03289,p03998,s202718552.java,s697825546.java,246,246,9,11,15
N00573,/Users/liuziqi/Documents/西大Graduate/Project_base/Code/Meng_ProjectBased_DetectCodeSimilar/code-sim/results/formal-v1/negatives/pairs/N00573/left/Main.java,/Users/liuziqi/Documents/西大Graduate/Project_base/Code/Meng_ProjectBased_DetectCodeSimilar/code-sim/results/formal-v1/negatives/pairs/N00573/right/Main.java,p02407,p02415,s877780967.java,s350902575.java,154,154,3,3,23
N00574,/Users/liuziqi/Documents/西大Graduate/Project_base/Code/Meng_ProjectBased_DetectCodeSimilar/code-sim/results/formal-v1/negatives/pairs/N00574/left/Main.java,/Users/liuziqi/Documents/西大Graduate/Project_base/Code/Meng_ProjectBased_DetectCodeSimilar/code-sim/results/formal-v1/negatives/pairs/N00574/right/Main.java,p03315,p03243,s029797923.java,s316808743.java,403,403,7,5,15
N00575,/Users/liuziqi/Documents/西大Graduate/Project_base/Code/Meng_ProjectBased_DetectCodeSimilar/code-sim/results/formal-v1/negatives/pairs/N00575/left/Main.java,/Users/liuziqi/Documents/西大Graduate/Project_base/Code/Meng_ProjectBased_DetectCodeSimilar/code-sim/results/formal-v1/negatives/pairs/N00575/right/Main.java,p02392,p02389,s813635960.java,s501239989.java,97,97,1,1,28
N00576,/Users/liuziqi/Documents/西大Graduate/Project_base/Code/Meng_ProjectBased_DetectCodeSimilar/code-sim/results/formal-v1/negatives/pairs/N00576/left/Main.java,/Users/liuziqi/Documents/西大Graduate/Project_base/Code/Meng_ProjectBased_DetectCodeSimilar/code-sim/results/formal-v1/negatives/pairs/N00576/right/Main.java,p02836,p02899,s826460242.java,s337650642.java,280,280,5,5,13
N00577,/Users/liuziqi/Documents/西大Graduate/Project_base/Code/Meng_ProjectBased_DetectCodeSimilar/code-sim/results/formal-v1/negatives/pairs/N00577/left/Main.java,/Users/liuziqi/Documents/西大Graduate/Project_base/Code/Meng_ProjectBased_DetectCodeSimilar/code-sim/results/formal-v1/negatives/pairs/N00577/right/Main.java,p04043,p03854,s253457592.java,s925771867.java,144,144,1,1,16
N00578,/Users/liuziqi/Documents/西大Graduate/Project_base/Code/Meng_ProjectBased_DetectCodeSimilar/code-sim/results/formal-v1/negatives/pairs/N00578/left/Main.java,/Users/liuziqi/Documents/西大Graduate/Project_base/Code/Meng_ProjectBased_DetectCodeSimilar/code-sim/results/formal-v1/negatives/pairs/N00578/right/Main.java,p02388,p00006,s557681366.java,s974765622.java,71,71,0,0,11
N00579,/Users/liuziqi/Documents/西大Graduate/Project_base/Code/Meng_ProjectBased_DetectCodeSimilar/code-sim/results/formal-v1/negatives/pairs/N00579/left/Main.java,/Users/liuziqi/Documents/西大Graduate/Project_base/Code/Meng_ProjectBased_DetectCodeSimilar/code-sim/results/formal-v1/negatives/pairs/N00579/right/Main.java,p02659,p02677,s454589809.java,s354266576.java,200,200,0,0,22
N00580,/Users/liuziqi/Documents/西大Graduate/Project_base/Code/Meng_ProjectBased_DetectCodeSimilar/code-sim/results/formal-v1/negatives/pairs/N00580/left/Main.java,/Users/liuziqi/Documents/西大Graduate/Project_base/Code/Meng_ProjectBased_DetectCodeSimilar/code-sim/results/formal-v1/negatives/pairs/N00580/right/Main.java,p03011,p03001,s210479182.java,s862491122.java,131,131,1,1,27
N00581,/Users/liuziqi/Documents/西大Graduate/Project_base/Code/Meng_ProjectBased_DetectCodeSimilar/code-sim/results/formal-v1/negatives/pairs/N00581/left/Main.java,/Users/liuziqi/Documents/西大Graduate/Project_base/Code/Meng_ProjectBased_DetectCodeSimilar/code-sim/results/formal-v1/negatives/pairs/N00581/right/Main.java,p02421,p02553,s791678854.java,s706711661.java,176,176,3,3,25
N00582,/Users/liuziqi/Documents/西大Graduate/Project_base/Code/Meng_ProjectBased_DetectCodeSimilar/code-sim/results/formal-v1/negatives/pairs/N00582/left/Main.java,/Users/liuziqi/Documents/西大Graduate/Project_base/Code/Meng_ProjectBased_DetectCodeSimilar/code-sim/results/formal-v1/negatives/pairs/N00582/right/Main.java,p03086,p03106,s478516253.java,s313693199.java,165,165,2,2,27
N00583,/Users/liuziqi/Documents/西大Graduate/Project_base/Code/Meng_ProjectBased_DetectCodeSimilar/code-sim/results/formal-v1/negatives/pairs/N00583/left/Main.java,/Users/liuziqi/Documents/西大Graduate/Project_base/Code/Meng_ProjectBased_DetectCodeSimilar/code-sim/results/formal-v1/negatives/pairs/N00583/right/Main.java,p03285,p03281,s342194569.java,s774305092.java,136,136,4,4,15
N00584,/Users/liuziqi/Documents/西大Graduate/Project_base/Code/Meng_ProjectBased_DetectCodeSimilar/code-sim/results/formal-v1/negatives/pairs/N00584/left/Main.java,/Users/liuziqi/Documents/西大Graduate/Project_base/Code/Meng_ProjectBased_DetectCodeSimilar/code-sim/results/formal-v1/negatives/pairs/N00584/right/Main.java,p03456,p03455,s056546297.java,s733107793.java,100,100,1,1,22
N00585,/Users/liuziqi/Documents/西大Graduate/Project_base/Code/Meng_ProjectBased_DetectCodeSimilar/code-sim/results/formal-v1/negatives/pairs/N00585/left/Main.java,/Users/liuziqi/Documents/西大Graduate/Project_base/Code/Meng_ProjectBased_DetectCodeSimilar/code-sim/results/formal-v1/negatives/pairs/N00585/right/Main.java,p03075,p03071,s861874618.java,s043250529.java,103,103,1,1,17
N00586,/Users/liuziqi/Documents/西大Graduate/Project_base/Code/Meng_ProjectBased_DetectCodeSimilar/code-sim/results/formal-v1/negatives/pairs/N00586/left/Main.java,/Users/liuziqi/Documents/西大Graduate/Project_base/Code/Meng_ProjectBased_DetectCodeSimilar/code-sim/results/formal-v1/negatives/pairs/N00586/right/Main.java,p03042,p03073,s836933559.java,s655642771.java,222,222,9,8,26
N00587,/Users/liuziqi/Documents/西大Graduate/Project_base/Code/Meng_ProjectBased_DetectCodeSimilar/code-sim/results/formal-v1/negatives/pairs/N00587/left/Main.java,/Users/liuziqi/Documents/西大Graduate/Project_base/Code/Meng_ProjectBased_DetectCodeSimilar/code-sim/results/formal-v1/negatives/pairs/N00587/right/Main.java,p03293,p03315,s983811204.java,s437138280.java,156,156,3,4,25
N00588,/Users/liuziqi/Documents/西大Graduate/Project_base/Code/Meng_ProjectBased_DetectCodeSimilar/code-sim/results/formal-v1/negatives/pairs/N00588/left/Main.java,/Users/liuziqi/Documents/西大Graduate/Project_base/Code/Meng_ProjectBased_DetectCodeSimilar/code-sim/results/formal-v1/negatives/pairs/N00588/right/Main.java,p03632,p03470,s052343637.java,s910263097.java,128,128,1,1,16
N00589,/Users/liuziqi/Documents/西大Graduate/Project_base/Code/Meng_ProjectBased_DetectCodeSimilar/code-sim/results/formal-v1/negatives/pairs/N00589/left/Main.java,/Users/liuziqi/Documents/西大Graduate/Project_base/Code/Meng_ProjectBased_DetectCodeSimilar/code-sim/results/formal-v1/negatives/pairs/N00589/right/Main.java,p02773,p02700,s847998648.java,s133252340.java,779,779,15,17,18
N00590,/Users/liuziqi/Documents/西大Graduate/Project_base/Code/Meng_ProjectBased_DetectCodeSimilar/code-sim/results/formal-v1/negatives/pairs/N00590/left/Main.java,/Users/liuziqi/Documents/西大Graduate/Project_base/Code/Meng_ProjectBased_DetectCodeSimilar/code-sim/results/formal-v1/negatives/pairs/N00590/right/Main.java,p02982,p03013,s926785493.java,s893331321.java,254,254,6,5,28
N00591,/Users/liuziqi/Documents/西大Graduate/Project_base/Code/Meng_ProjectBased_DetectCodeSimilar/code-sim/results/formal-v1/negatives/pairs/N00591/left/Main.java,/Users/liuziqi/Documents/西大Graduate/Project_base/Code/Meng_ProjectBased_DetectCodeSimilar/code-sim/results/formal-v1/negatives/pairs/N00591/right/Main.java,p02719,p02713,s981963759.java,s450889402.java,159,159,4,4,13
N00592,/Users/liuziqi/Documents/西大Graduate/Project_base/Code/Meng_ProjectBased_DetectCodeSimilar/code-sim/results/formal-v1/negatives/pairs/N00592/left/Main.java,/Users/liuziqi/Documents/西大Graduate/Project_base/Code/Meng_ProjectBased_DetectCodeSimilar/code-sim/results/formal-v1/negatives/pairs/N00592/right/Main.java,p02922,p02934,s888433796.java,s533556517.java,91,91,1,1,15
N00593,/Users/liuziqi/Documents/西大Graduate/Project_base/Code/Meng_ProjectBased_DetectCodeSimilar/code-sim/results/formal-v1/negatives/pairs/N00593/left/Main.java,/Users/liuziqi/Documents/西大Graduate/Project_base/Code/Meng_ProjectBased_DetectCodeSimilar/code-sim/results/formal-v1/negatives/pairs/N00593/right/Main.java,p02801,p02553,s942445009.java,s755304959.java,733,733,11,8,15
N00594,/Users/liuziqi/Documents/西大Graduate/Project_base/Code/Meng_ProjectBased_DetectCodeSimilar/code-sim/results/formal-v1/negatives/pairs/N00594/left/Main.java,/Users/liuziqi/Documents/西大Graduate/Project_base/Code/Meng_ProjectBased_DetectCodeSimilar/code-sim/results/formal-v1/negatives/pairs/N00594/right/Main.java,p02771,p02729,s458607881.java,s536147621.java,839,839,8,11,12
N00595,/Users/liuziqi/Documents/西大Graduate/Project_base/Code/Meng_ProjectBased_DetectCodeSimilar/code-sim/results/formal-v1/negatives/pairs/N00595/left/Main.java,/Users/liuziqi/Documents/西大Graduate/Project_base/Code/Meng_ProjectBased_DetectCodeSimilar/code-sim/results/formal-v1/negatives/pairs/N00595/right/Main.java,p02830,p02831,s696037098.java,s356526719.java,145,145,1,1,23
N00596,/Users/liuziqi/Documents/西大Graduate/Project_base/Code/Meng_ProjectBased_DetectCodeSimilar/code-sim/results/formal-v1/negatives/pairs/N00596/left/Main.java,/Users/liuziqi/Documents/西大Graduate/Project_base/Code/Meng_ProjectBased_DetectCodeSimilar/code-sim/results/formal-v1/negatives/pairs/N00596/right/Main.java,p04044,p02717,s860951078.java,s846824840.java,851,852,16,14,11
N00597,/Users/liuziqi/Documents/西大Graduate/Project_base/Code/Meng_ProjectBased_DetectCodeSimilar/code-sim/results/formal-v1/negatives/pairs/N00597/left/Main.java,/Users/liuziqi/Documents/西大Graduate/Project_base/Code/Meng_ProjectBased_DetectCodeSimilar/code-sim/results/formal-v1/negatives/pairs/N00597/right/Main.java,p02391,p02390,s414677421.java,s261976071.java,146,146,3,4,12
N00598,/Users/liuziqi/Documents/西大Graduate/Project_base/Code/Meng_ProjectBased_DetectCodeSimilar/code-sim/results/formal-v1/negatives/pairs/N00598/left/Main.java,/Users/liuziqi/Documents/西大Graduate/Project_base/Code/Meng_ProjectBased_DetectCodeSimilar/code-sim/results/formal-v1/negatives/pairs/N00598/right/Main.java,p04030,p03449,s642283651.java,s268371922.java,496,496,10,9,22
N00599,/Users/liuziqi/Documents/西大Graduate/Project_base/Code/Meng_ProjectBased_DetectCodeSimilar/code-sim/results/formal-v1/negatives/pairs/N00599/left/Main.java,/Users/liuziqi/Documents/西大Graduate/Project_base/Code/Meng_ProjectBased_DetectCodeSimilar/code-sim/results/formal-v1/negatives/pairs/N00599/right/Main.java,p02772,p02767,s306178390.java,s846303442.java,191,191,4,4,17
N00600,/Users/liuziqi/Documents/西大Graduate/Project_base/Code/Meng_ProjectBased_DetectCodeSimilar/code-sim/results/formal-v1/negatives/pairs/N00600/left/Main.java,/Users/liuziqi/Documents/西大Graduate/Project_base/Code/Meng_ProjectBased_DetectCodeSimilar/code-sim/results/formal-v1/negatives/pairs/N00600/right/Main.java,p03456,p03470,s981075189.java,s583539059.java,123,123,1,1,16
N00601,/Users/liuziqi/Documents/西大Graduate/Project_base/Code/Meng_ProjectBased_DetectCodeSimilar/code-sim/results/formal-v1/negatives/pairs/N00601/left/Main.java,/Users/liuziqi/Documents/西大Graduate/Project_base/Code/Meng_ProjectBased_DetectCodeSimilar/code-sim/results/formal-v1/negatives/pairs/N00601/right/Main.java,p02400,p02399,s102470912.java,s960658397.java,117,117,0,0,15
N00602,/Users/liuziqi/Documents/西大Graduate/Project_base/Code/Meng_ProjectBased_DetectCodeSimilar/code-sim/results/formal-v1/negatives/pairs/N00602/left/Main.java,/Users/liuziqi/Documents/西大Graduate/Project_base/Code/Meng_ProjectBased_DetectCodeSimilar/code-sim/results/formal-v1/negatives/pairs/N00602/right/Main.java,p02898,p02909,s459803863.java,s014136622.java,110,110,2,2,11
N00603,/Users/liuziqi/Documents/西大Graduate/Project_base/Code/Meng_ProjectBased_DetectCodeSimilar/code-sim/results/formal-v1/negatives/pairs/N00603/left/Main.java,/Users/liuziqi/Documents/西大Graduate/Project_base/Code/Meng_ProjectBased_DetectCodeSimilar/code-sim/results/formal-v1/negatives/pairs/N00603/right/Main.java,p02658,p02640,s274123786.java,s374767445.java,490,490,8,8,16
N00604,/Users/liuziqi/Documents/西大Graduate/Project_base/Code/Meng_ProjectBased_DetectCodeSimilar/code-sim/results/formal-v1/negatives/pairs/N00604/left/Main.java,/Users/liuziqi/Documents/西大Graduate/Project_base/Code/Meng_ProjectBased_DetectCodeSimilar/code-sim/results/formal-v1/negatives/pairs/N00604/right/Main.java,p03239,p03261,s956442175.java,s350241116.java,339,339,6,6,17
N00605,/Users/liuziqi/Documents/西大Graduate/Project_base/Code/Meng_ProjectBased_DetectCodeSimilar/code-sim/results/formal-v1/negatives/pairs/N00605/left/Main.java,/Users/liuziqi/Documents/西大Graduate/Project_base/Code/Meng_ProjectBased_DetectCodeSimilar/code-sim/results/formal-v1/negatives/pairs/N00605/right/Main.java,p03043,p03041,s966227592.java,s947224444.java,155,155,3,4,21
N00606,/Users/liuziqi/Documents/西大Graduate/Project_base/Code/Meng_ProjectBased_DetectCodeSimilar/code-sim/results/formal-v1/negatives/pairs/N00606/left/Main.java,/Users/liuziqi/Documents/西大Graduate/Project_base/Code/Meng_ProjectBased_DetectCodeSimilar/code-sim/results/formal-v1/negatives/pairs/N00606/right/Main.java,p02404,p02405,s995974296.java,s499272647.java,230,230,5,6,13
N00607,/Users/liuziqi/Documents/西大Graduate/Project_base/Code/Meng_ProjectBased_DetectCodeSimilar/code-sim/results/formal-v1/negatives/pairs/N00607/left/Main.java,/Users/liuziqi/Documents/西大Graduate/Project_base/Code/Meng_ProjectBased_DetectCodeSimilar/code-sim/results/formal-v1/negatives/pairs/N00607/right/Main.java,p02725,p02729,s624756172.java,s274401867.java,196,196,1,1,13
N00608,/Users/liuziqi/Documents/西大Graduate/Project_base/Code/Meng_ProjectBased_DetectCodeSimilar/code-sim/results/formal-v1/negatives/pairs/N00608/left/Main.java,/Users/liuziqi/Documents/西大Graduate/Project_base/Code/Meng_ProjectBased_DetectCodeSimilar/code-sim/results/formal-v1/negatives/pairs/N00608/right/Main.java,p02687,p02681,s324771053.java,s981231743.java,106,106,1,1,13
N00609,/Users/liuziqi/Documents/西大Graduate/Project_base/Code/Meng_ProjectBased_DetectCodeSimilar/code-sim/results/formal-v1/negatives/pairs/N00609/left/Main.java,/Users/liuziqi/Documents/西大Graduate/Project_base/Code/Meng_ProjectBased_DetectCodeSimilar/code-sim/results/formal-v1/negatives/pairs/N00609/right/Main.java,p02640,p02629,s679848589.java,s390900820.java,111,111,1,1,23
N00610,/Users/liuziqi/Documents/西大Graduate/Project_base/Code/Meng_ProjectBased_DetectCodeSimilar/code-sim/results/formal-v1/negatives/pairs/N00610/left/Main.java,/Users/liuziqi/Documents/西大Graduate/Project_base/Code/Meng_ProjectBased_DetectCodeSimilar/code-sim/results/formal-v1/negatives/pairs/N00610/right/Main.java,p03434,p03471,s797234825.java,s294667096.java,178,178,3,4,23
N00611,/Users/liuziqi/Documents/西大Graduate/Project_base/Code/Meng_ProjectBased_DetectCodeSimilar/code-sim/results/formal-v1/negatives/pairs/N00611/left/Main.java,/Users/liuziqi/Documents/西大Graduate/Project_base/Code/Meng_ProjectBased_DetectCodeSimilar/code-sim/results/formal-v1/negatives/pairs/N00611/right/Main.java,p03289,p03293,s746414205.java,s407777617.java,208,208,6,5,22
N00612,/Users/liuziqi/Documents/西大Graduate/Project_base/Code/Meng_ProjectBased_DetectCodeSimilar/code-sim/results/formal-v1/negatives/pairs/N00612/left/Main.java,/Users/liuziqi/Documents/西大Graduate/Project_base/Code/Meng_ProjectBased_DetectCodeSimilar/code-sim/results/formal-v1/negatives/pairs/N00612/right/Main.java,p03455,p03324,s473864301.java,s191847619.java,111,111,1,1,14
N00613,/Users/liuziqi/Documents/西大Graduate/Project_base/Code/Meng_ProjectBased_DetectCodeSimilar/code-sim/results/formal-v1/negatives/pairs/N00613/left/Main.java,/Users/liuziqi/Documents/西大Graduate/Project_base/Code/Meng_ProjectBased_DetectCodeSimilar/code-sim/results/formal-v1/negatives/pairs/N00613/right/Main.java,p02577,p02578,s272667532.java,s868771458.java,144,144,2,2,22
N00614,/Users/liuziqi/Documents/西大Graduate/Project_base/Code/Meng_ProjectBased_DetectCodeSimilar/code-sim/results/formal-v1/negatives/pairs/N00614/left/Main.java,/Users/liuziqi/Documents/西大Graduate/Project_base/Code/Meng_ProjectBased_DetectCodeSimilar/code-sim/results/formal-v1/negatives/pairs/N00614/right/Main.java,p02812,p02791,s302864279.java,s261317325.java,239,239,3,4,12
N00615,/Users/liuziqi/Documents/西大Graduate/Project_base/Code/Meng_ProjectBased_DetectCodeSimilar/code-sim/results/formal-v1/negatives/pairs/N00615/left/Main.java,/Users/liuziqi/Documents/西大Graduate/Project_base/Code/Meng_ProjectBased_DetectCodeSimilar/code-sim/results/formal-v1/negatives/pairs/N00615/right/Main.java,p03371,p03434,s744475832.java,s911599323.java,211,211,3,3,23
N00616,/Users/liuziqi/Documents/西大Graduate/Project_base/Code/Meng_ProjectBased_DetectCodeSimilar/code-sim/results/formal-v1/negatives/pairs/N00616/left/Main.java,/Users/liuziqi/Documents/西大Graduate/Project_base/Code/Meng_ProjectBased_DetectCodeSimilar/code-sim/results/formal-v1/negatives/pairs/N00616/right/Main.java,p02706,p02577,s341836219.java,s140073708.java,422,422,9,8,12
N00617,/Users/liuziqi/Documents/西大Graduate/Project_base/Code/Meng_ProjectBased_DetectCodeSimilar/code-sim/results/formal-v1/negatives/pairs/N00617/left/Main.java,/Users/liuziqi/Documents/西大Graduate/Project_base/Code/Meng_ProjectBased_DetectCodeSimilar/code-sim/results/formal-v1/negatives/pairs/N00617/right/Main.java,p02403,p02401,s777084918.java,s700430191.java,222,222,7,9,15
N00618,/Users/liuziqi/Documents/西大Graduate/Project_base/Code/Meng_ProjectBased_DetectCodeSimilar/code-sim/results/formal-v1/negatives/pairs/N00618/left/Main.java,/Users/liuziqi/Documents/西大Graduate/Project_base/Code/Meng_ProjectBased_DetectCodeSimilar/code-sim/results/formal-v1/negatives/pairs/N00618/right/Main.java,p03072,p03071,s091000410.java,s995336245.java,106,106,2,2,10
N00619,/Users/liuziqi/Documents/西大Graduate/Project_base/Code/Meng_ProjectBased_DetectCodeSimilar/code-sim/results/formal-v1/negatives/pairs/N00619/left/Main.java,/Users/liuziqi/Documents/西大Graduate/Project_base/Code/Meng_ProjectBased_DetectCodeSimilar/code-sim/results/formal-v1/negatives/pairs/N00619/right/Main.java,p00003,p00001,s197650726.java,s806523112.java,172,172,2,2,11
N00620,/Users/liuziqi/Documents/西大Graduate/Project_base/Code/Meng_ProjectBased_DetectCodeSimilar/code-sim/results/formal-v1/negatives/pairs/N00620/left/Main.java,/Users/liuziqi/Documents/西大Graduate/Project_base/Code/Meng_ProjectBased_DetectCodeSimilar/code-sim/results/formal-v1/negatives/pairs/N00620/right/Main.java,p02831,p02836,s276288057.java,s627073512.java,211,211,3,4,13
N00621,/Users/liuziqi/Documents/西大Graduate/Project_base/Code/Meng_ProjectBased_DetectCodeSimilar/code-sim/results/formal-v1/negatives/pairs/N00621/left/Main.java,/Users/liuziqi/Documents/西大Graduate/Project_base/Code/Meng_ProjectBased_DetectCodeSimilar/code-sim/results/formal-v1/negatives/pairs/N00621/right/Main.java,p02947,p02958,s011365927.java,s018813402.java,338,338,6,8,22
N00622,/Users/liuziqi/Documents/西大Graduate/Project_base/Code/Meng_ProjectBased_DetectCodeSimilar/code-sim/results/formal-v1/negatives/pairs/N00622/left/Main.java,/Users/liuziqi/Documents/西大Graduate/Project_base/Code/Meng_ProjectBased_DetectCodeSimilar/code-sim/results/formal-v1/negatives/pairs/N00622/right/Main.java,p03071,p03060,s064173145.java,s585610017.java,195,195,5,4,14
N00623,/Users/liuziqi/Documents/西大Graduate/Project_base/Code/Meng_ProjectBased_DetectCodeSimilar/code-sim/results/formal-v1/negatives/pairs/N00623/left/Main.java,/Users/liuziqi/Documents/西大Graduate/Project_base/Code/Meng_ProjectBased_DetectCodeSimilar/code-sim/results/formal-v1/negatives/pairs/N00623/right/Main.java,p00006,p00002,s304250318.java,s765877829.java,131,131,3,3,22
N00624,/Users/liuziqi/Documents/西大Graduate/Project_base/Code/Meng_ProjectBased_DetectCodeSimilar/code-sim/results/formal-v1/negatives/pairs/N00624/left/Main.java,/Users/liuziqi/Documents/西大Graduate/Project_base/Code/Meng_ProjectBased_DetectCodeSimilar/code-sim/results/formal-v1/negatives/pairs/N00624/right/Main.java,p02917,p02921,s200928127.java,s401580049.java,152,152,2,2,15
N00625,/Users/liuziqi/Documents/西大Graduate/Project_base/Code/Meng_ProjectBased_DetectCodeSimilar/code-sim/results/formal-v1/negatives/pairs/N00625/left/Main.java,/Users/liuziqi/Documents/西大Graduate/Project_base/Code/Meng_ProjectBased_DetectCodeSimilar/code-sim/results/formal-v1/negatives/pairs/N00625/right/Main.java,p03043,p03042,s764059341.java,s338242868.java,201,201,4,5,29
N00626,/Users/liuziqi/Documents/西大Graduate/Project_base/Code/Meng_ProjectBased_DetectCodeSimilar/code-sim/results/formal-v1/negatives/pairs/N00626/left/Main.java,/Users/liuziqi/Documents/西大Graduate/Project_base/Code/Meng_ProjectBased_DetectCodeSimilar/code-sim/results/formal-v1/negatives/pairs/N00626/right/Main.java,p02947,p02916,s380487025.java,s944676040.java,259,259,5,5,14
N00627,/Users/liuziqi/Documents/西大Graduate/Project_base/Code/Meng_ProjectBased_DetectCodeSimilar/code-sim/results/formal-v1/negatives/pairs/N00627/left/Main.java,/Users/liuziqi/Documents/西大Graduate/Project_base/Code/Meng_ProjectBased_DetectCodeSimilar/code-sim/results/formal-v1/negatives/pairs/N00627/right/Main.java,p02953,p02957,s973919331.java,s935837318.java,197,197,5,5,16
N00628,/Users/liuziqi/Documents/西大Graduate/Project_base/Code/Meng_ProjectBased_DetectCodeSimilar/code-sim/results/formal-v1/negatives/pairs/N00628/left/Main.java,/Users/liuziqi/Documents/西大Graduate/Project_base/Code/Meng_ProjectBased_DetectCodeSimilar/code-sim/results/formal-v1/negatives/pairs/N00628/right/Main.java,p02771,p02767,s462582526.java,s804375762.java,166,166,2,2,23
N00629,/Users/liuziqi/Documents/西大Graduate/Project_base/Code/Meng_ProjectBased_DetectCodeSimilar/code-sim/results/formal-v1/negatives/pairs/N00629/left/Main.java,/Users/liuziqi/Documents/西大Graduate/Project_base/Code/Meng_ProjectBased_DetectCodeSimilar/code-sim/results/formal-v1/negatives/pairs/N00629/right/Main.java,p03136,p03126,s367507347.java,s660953036.java,201,201,4,4,22
N00630,/Users/liuziqi/Documents/西大Graduate/Project_base/Code/Meng_ProjectBased_DetectCodeSimilar/code-sim/results/formal-v1/negatives/pairs/N00630/left/Main.java,/Users/liuziqi/Documents/西大Graduate/Project_base/Code/Meng_ProjectBased_DetectCodeSimilar/code-sim/results/formal-v1/negatives/pairs/N00630/right/Main.java,p03695,p03037,s689692355.java,s281950385.java,311,311,12,10,23
N00631,/Users/liuziqi/Documents/西大Graduate/Project_base/Code/Meng_ProjectBased_DetectCodeSimilar/code-sim/results/formal-v1/negatives/pairs/N00631/left/Main.java,/Users/liuziqi/Documents/西大Graduate/Project_base/Code/Meng_ProjectBased_DetectCodeSimilar/code-sim/results/formal-v1/negatives/pairs/N00631/right/Main.java,p02995,p02786,s133118084.java,s780490971.java,261,261,2,2,11
N00632,/Users/liuziqi/Documents/西大Graduate/Project_base/Code/Meng_ProjectBased_DetectCodeSimilar/code-sim/results/formal-v1/negatives/pairs/N00632/left/Main.java,/Users/liuziqi/Documents/西大Graduate/Project_base/Code/Meng_ProjectBased_DetectCodeSimilar/code-sim/results/formal-v1/negatives/pairs/N00632/right/Main.java,p02706,p03001,s676344720.java,s269137895.java,805,805,16,12,18
N00633,/Users/liuziqi/Documents/西大Graduate/Project_base/Code/Meng_ProjectBased_DetectCodeSimilar/code-sim/results/formal-v1/negatives/pairs/N00633/left/Main.java,/Users/liuziqi/Documents/西大Graduate/Project_base/Code/Meng_ProjectBased_DetectCodeSimilar/code-sim/results/formal-v1/negatives/pairs/N00633/right/Main.java,p02420,p02419,s433969361.java,s394000842.java,182,182,4,5,19
N00634,/Users/liuziqi/Documents/西大Graduate/Project_base/Code/Meng_ProjectBased_DetectCodeSimilar/code-sim/results/formal-v1/negatives/pairs/N00634/left/Main.java,/Users/liuziqi/Documents/西大Graduate/Project_base/Code/Meng_ProjectBased_DetectCodeSimilar/code-sim/results/formal-v1/negatives/pairs/N00634/right/Main.java,p02388,p02389,s833494946.java,s313101221.java,83,83,0,0,11
N00635,/Users/liuziqi/Documents/西大Graduate/Project_base/Code/Meng_ProjectBased_DetectCodeSimilar/code-sim/results/formal-v1/negatives/pairs/N00635/left/Main.java,/Users/liuziqi/Documents/西大Graduate/Project_base/Code/Meng_ProjectBased_DetectCodeSimilar/code-sim/results/formal-v1/negatives/pairs/N00635/right/Main.java,p02693,p02723,s703961736.java,s249501775.java,195,195,2,2,18
N00636,/Users/liuziqi/Documents/西大Graduate/Project_base/Code/Meng_ProjectBased_DetectCodeSimilar/code-sim/results/formal-v1/negatives/pairs/N00636/left/Main.java,/Users/liuziqi/Documents/西大Graduate/Project_base/Code/Meng_ProjectBased_DetectCodeSimilar/code-sim/results/formal-v1/negatives/pairs/N00636/right/Main.java,p02407,p02415,s038431342.java,s454284856.java,142,142,2,2,22
N00637,/Users/liuziqi/Documents/西大Graduate/Project_base/Code/Meng_ProjectBased_DetectCodeSimilar/code-sim/results/formal-v1/negatives/pairs/N00637/left/Main.java,/Users/liuziqi/Documents/西大Graduate/Project_base/Code/Meng_ProjectBased_DetectCodeSimilar/code-sim/results/formal-v1/negatives/pairs/N00637/right/Main.java,p03469,p03493,s030320446.java,s146057713.java,98,98,0,0,14
N00638,/Users/liuziqi/Documents/西大Graduate/Project_base/Code/Meng_ProjectBased_DetectCodeSimilar/code-sim/results/formal-v1/negatives/pairs/N00638/left/Main.java,/Users/liuziqi/Documents/西大Graduate/Project_base/Code/Meng_ProjectBased_DetectCodeSimilar/code-sim/results/formal-v1/negatives/pairs/N00638/right/Main.java,p03469,p03493,s177503724.java,s008240073.java,100,100,2,2,17
N00639,/Users/liuziqi/Documents/西大Graduate/Project_base/Code/Meng_ProjectBased_DetectCodeSimilar/code-sim/results/formal-v1/negatives/pairs/N00639/left/Main.java,/Users/liuziqi/Documents/西大Graduate/Project_base/Code/Meng_ProjectBased_DetectCodeSimilar/code-sim/results/formal-v1/negatives/pairs/N00639/right/Main.java,p02719,p02723,s762365246.java,s152569262.java,101,101,1,1,17
N00640,/Users/liuziqi/Documents/西大Graduate/Project_base/Code/Meng_ProjectBased_DetectCodeSimilar/code-sim/results/formal-v1/negatives/pairs/N00640/left/Main.java,/Users/liuziqi/Documents/西大Graduate/Project_base/Code/Meng_ProjectBased_DetectCodeSimilar/code-sim/results/formal-v1/negatives/pairs/N00640/right/Main.java,p03126,p03102,s311963049.java,s947766140.java,184,184,4,4,23
N00641,/Users/liuziqi/Documents/西大Graduate/Project_base/Code/Meng_ProjectBased_DetectCodeSimilar/code-sim/results/formal-v1/negatives/pairs/N00641/left/Main.java,/Users/liuziqi/Documents/西大Graduate/Project_base/Code/Meng_ProjectBased_DetectCodeSimilar/code-sim/results/formal-v1/negatives/pairs/N00641/right/Main.java,p02993,p02989,s353397777.java,s507152597.java,337,337,3,4,15
N00642,/Users/liuziqi/Documents/西大Graduate/Project_base/Code/Meng_ProjectBased_DetectCodeSimilar/code-sim/results/formal-v1/negatives/pairs/N00642/left/Main.java,/Users/liuziqi/Documents/西大Graduate/Project_base/Code/Meng_ProjectBased_DetectCodeSimilar/code-sim/results/formal-v1/negatives/pairs/N00642/right/Main.java,p02786,p02783,s226368657.java,s873336630.java,92,92,1,1,17
N00643,/Users/liuziqi/Documents/西大Graduate/Project_base/Code/Meng_ProjectBased_DetectCodeSimilar/code-sim/results/formal-v1/negatives/pairs/N00643/left/Main.java,/Users/liuziqi/Documents/西大Graduate/Project_base/Code/Meng_ProjectBased_DetectCodeSimilar/code-sim/results/formal-v1/negatives/pairs/N00643/right/Main.java,p03076,p03073,s470389823.java,s942155545.java,206,206,5,4,17
N00644,/Users/liuziqi/Documents/西大Graduate/Project_base/Code/Meng_ProjectBased_DetectCodeSimilar/code-sim/results/formal-v1/negatives/pairs/N00644/left/Main.java,/Users/liuziqi/Documents/西大Graduate/Project_base/Code/Meng_ProjectBased_DetectCodeSimilar/code-sim/results/formal-v1/negatives/pairs/N00644/right/Main.java,p03775,p03720,s091429278.java,s908335352.java,174,174,2,2,15
N00645,/Users/liuziqi/Documents/西大Graduate/Project_base/Code/Meng_ProjectBased_DetectCodeSimilar/code-sim/results/formal-v1/negatives/pairs/N00645/left/Main.java,/Users/liuziqi/Documents/西大Graduate/Project_base/Code/Meng_ProjectBased_DetectCodeSimilar/code-sim/results/formal-v1/negatives/pairs/N00645/right/Main.java,p04030,p04043,s590354859.java,s748555679.java,205,205,5,4,27
N00646,/Users/liuziqi/Documents/西大Graduate/Project_base/Code/Meng_ProjectBased_DetectCodeSimilar/code-sim/results/formal-v1/negatives/pairs/N00646/left/Main.java,/Users/liuziqi/Documents/西大Graduate/Project_base/Code/Meng_ProjectBased_DetectCodeSimilar/code-sim/results/formal-v1/negatives/pairs/N00646/right/Main.java,p02682,p02676,s808677167.java,s591951907.java,143,143,2,2,11
N00647,/Users/liuziqi/Documents/西大Graduate/Project_base/Code/Meng_ProjectBased_DetectCodeSimilar/code-sim/results/formal-v1/negatives/pairs/N00647/left/Main.java,/Users/liuziqi/Documents/西大Graduate/Project_base/Code/Meng_ProjectBased_DetectCodeSimilar/code-sim/results/formal-v1/negatives/pairs/N00647/right/Main.java,p03545,p03161,s125335328.java,s764639476.java,454,454,8,6,10
N00648,/Users/liuziqi/Documents/西大Graduate/Project_base/Code/Meng_ProjectBased_DetectCodeSimilar/code-sim/results/formal-v1/negatives/pairs/N00648/left/Main.java,/Users/liuziqi/Documents/西大Graduate/Project_base/Code/Meng_ProjectBased_DetectCodeSimilar/code-sim/results/formal-v1/negatives/pairs/N00648/right/Main.java,p02831,p02612,s496003464.java,s020356936.java,655,655,8,9,13
N00649,/Users/liuziqi/Documents/西大Graduate/Project_base/Code/Meng_ProjectBased_DetectCodeSimilar/code-sim/results/formal-v1/negatives/pairs/N00649/left/Main.java,/Users/liuziqi/Documents/西大Graduate/Project_base/Code/Meng_ProjectBased_DetectCodeSimilar/code-sim/results/formal-v1/negatives/pairs/N00649/right/Main.java,p02771,p02773,s816882133.java,s047367530.java,487,487,5,7,17
N00650,/Users/liuziqi/Documents/西大Graduate/Project_base/Code/Meng_ProjectBased_DetectCodeSimilar/code-sim/results/formal-v1/negatives/pairs/N00650/left/Main.java,/Users/liuziqi/Documents/西大Graduate/Project_base/Code/Meng_ProjectBased_DetectCodeSimilar/code-sim/results/formal-v1/negatives/pairs/N00650/right/Main.java,p03545,p03371,s265001457.java,s631023645.java,353,353,7,5,11
N00651,/Users/liuziqi/Documents/西大Graduate/Project_base/Code/Meng_ProjectBased_DetectCodeSimilar/code-sim/results/formal-v1/negatives/pairs/N00651/left/Main.java,/Users/liuziqi/Documents/西大Graduate/Project_base/Code/Meng_ProjectBased_DetectCodeSimilar/code-sim/results/formal-v1/negatives/pairs/N00651/right/Main.java,p03378,p03360,s167911786.java,s852215125.java,141,141,3,3,17
N00652,/Users/liuziqi/Documents/西大Graduate/Project_base/Code/Meng_ProjectBased_DetectCodeSimilar/code-sim/results/formal-v1/negatives/pairs/N00652/left/Main.java,/Users/liuziqi/Documents/西大Graduate/Project_base/Code/Meng_ProjectBased_DetectCodeSimilar/code-sim/results/formal-v1/negatives/pairs/N00652/right/Main.java,p02848,p02879,s215993438.java,s149394144.java,112,112,2,2,14
N00653,/Users/liuziqi/Documents/西大Graduate/Project_base/Code/Meng_ProjectBased_DetectCodeSimilar/code-sim/results/formal-v1/negatives/pairs/N00653/left/Main.java,/Users/liuziqi/Documents/西大Graduate/Project_base/Code/Meng_ProjectBased_DetectCodeSimilar/code-sim/results/formal-v1/negatives/pairs/N00653/right/Main.java,p02406,p02405,s890040085.java,s362339220.java,172,172,4,5,22
N00654,/Users/liuziqi/Documents/西大Graduate/Project_base/Code/Meng_ProjectBased_DetectCodeSimilar/code-sim/results/formal-v1/negatives/pairs/N00654/left/Main.java,/Users/liuziqi/Documents/西大Graduate/Project_base/Code/Meng_ProjectBased_DetectCodeSimilar/code-sim/results/formal-v1/negatives/pairs/N00654/right/Main.java,p03370,p03324,s044038961.java,s963378946.java,141,141,1,1,13
N00655,/Users/liuziqi/Documents/西大Graduate/Project_base/Code/Meng_ProjectBased_DetectCodeSimilar/code-sim/results/formal-v1/negatives/pairs/N00655/left/Main.java,/Users/liuziqi/Documents/西大Graduate/Project_base/Code/Meng_ProjectBased_DetectCodeSimilar/code-sim/results/formal-v1/negatives/pairs/N00655/right/Main.java,p03102,p03435,s623275407.java,s405693391.java,505,505,9,9,11
N00656,/Users/liuziqi/Documents/西大Graduate/Project_base/Code/Meng_ProjectBased_DetectCodeSimilar/code-sim/results/formal-v1/negatives/pairs/N00656/left/Main.java,/Users/liuziqi/Documents/西大Graduate/Project_base/Code/Meng_ProjectBased_DetectCodeSimilar/code-sim/results/formal-v1/negatives/pairs/N00656/right/Main.java,p03161,p03160,s220004284.java,s795788745.java,245,245,4,4,23
N00657,/Users/liuziqi/Documents/西大Graduate/Project_base/Code/Meng_ProjectBased_DetectCodeSimilar/code-sim/results/formal-v1/negatives/pairs/N00657/left/Main.java,/Users/liuziqi/Documents/西大Graduate/Project_base/Code/Meng_ProjectBased_DetectCodeSimilar/code-sim/results/formal-v1/negatives/pairs/N00657/right/Main.java,p02681,p02676,s242357088.java,s077477450.java,124,124,1,1,16
N00658,/Users/liuziqi/Documents/西大Graduate/Project_base/Code/Meng_ProjectBased_DetectCodeSimilar/code-sim/results/formal-v1/negatives/pairs/N00658/left/Main.java,/Users/liuziqi/Documents/西大Graduate/Project_base/Code/Meng_ProjectBased_DetectCodeSimilar/code-sim/results/formal-v1/negatives/pairs/N00658/right/Main.java,p03060,p03106,s750260229.java,s488110891.java,656,656,19,18,16
N00659,/Users/liuziqi/Documents/西大Graduate/Project_base/Code/Meng_ProjectBased_DetectCodeSimilar/code-sim/results/formal-v1/negatives/pairs/N00659/left/Main.java,/Users/liuziqi/Documents/西大Graduate/Project_base/Code/Meng_ProjectBased_DetectCodeSimilar/code-sim/results/formal-v1/negatives/pairs/N00659/right/Main.java,p03478,p03471,s462028459.java,s996795502.java,278,278,4,3,10
N00660,/Users/liuziqi/Documents/西大Graduate/Project_base/Code/Meng_ProjectBased_DetectCodeSimilar/code-sim/results/formal-v1/negatives/pairs/N00660/left/Main.java,/Users/liuziqi/Documents/西大Graduate/Project_base/Code/Meng_ProjectBased_DetectCodeSimilar/code-sim/results/formal-v1/negatives/pairs/N00660/right/Main.java,p02700,p02701,s848368374.java,s457236928.java,149,149,3,3,28
N00661,/Users/liuziqi/Documents/西大Graduate/Project_base/Code/Meng_ProjectBased_DetectCodeSimilar/code-sim/results/formal-v1/negatives/pairs/N00661/left/Main.java,/Users/liuziqi/Documents/西大Graduate/Project_base/Code/Meng_ProjectBased_DetectCodeSimilar/code-sim/results/formal-v1/negatives/pairs/N00661/right/Main.java,p03478,p03494,s952688552.java,s374892869.java,149,149,3,3,16
N00662,/Users/liuziqi/Documents/西大Graduate/Project_base/Code/Meng_ProjectBased_DetectCodeSimilar/code-sim/results/formal-v1/negatives/pairs/N00662/left/Main.java,/Users/liuziqi/Documents/西大Graduate/Project_base/Code/Meng_ProjectBased_DetectCodeSimilar/code-sim/results/formal-v1/negatives/pairs/N00662/right/Main.java,p02783,p02778,s313188471.java,s966162701.java,95,95,1,1,23
N00663,/Users/liuziqi/Documents/西大Graduate/Project_base/Code/Meng_ProjectBased_DetectCodeSimilar/code-sim/results/formal-v1/negatives/pairs/N00663/left/Main.java,/Users/liuziqi/Documents/西大Graduate/Project_base/Code/Meng_ProjectBased_DetectCodeSimilar/code-sim/results/formal-v1/negatives/pairs/N00663/right/Main.java,p03109,p03289,s885465083.java,s220687018.java,94,94,1,1,15
N00664,/Users/liuziqi/Documents/西大Graduate/Project_base/Code/Meng_ProjectBased_DetectCodeSimilar/code-sim/results/formal-v1/negatives/pairs/N00664/left/Main.java,/Users/liuziqi/Documents/西大Graduate/Project_base/Code/Meng_ProjectBased_DetectCodeSimilar/code-sim/results/formal-v1/negatives/pairs/N00664/right/Main.java,p02578,p02582,s521618628.java,s821730773.java,170,170,3,3,15
N00665,/Users/liuziqi/Documents/西大Graduate/Project_base/Code/Meng_ProjectBased_DetectCodeSimilar/code-sim/results/formal-v1/negatives/pairs/N00665/left/Main.java,/Users/liuziqi/Documents/西大Graduate/Project_base/Code/Meng_ProjectBased_DetectCodeSimilar/code-sim/results/formal-v1/negatives/pairs/N00665/right/Main.java,p02987,p02957,s253829605.java,s945161999.java,139,139,1,1,15
N00666,/Users/liuziqi/Documents/西大Graduate/Project_base/Code/Meng_ProjectBased_DetectCodeSimilar/code-sim/results/formal-v1/negatives/pairs/N00666/left/Main.java,/Users/liuziqi/Documents/西大Graduate/Project_base/Code/Meng_ProjectBased_DetectCodeSimilar/code-sim/results/formal-v1/negatives/pairs/N00666/right/Main.java,p03289,p03281,s654623273.java,s930919647.java,206,206,7,6,15
N00667,/Users/liuziqi/Documents/西大Graduate/Project_base/Code/Meng_ProjectBased_DetectCodeSimilar/code-sim/results/formal-v1/negatives/pairs/N00667/left/Main.java,/Users/liuziqi/Documents/西大Graduate/Project_base/Code/Meng_ProjectBased_DetectCodeSimilar/code-sim/results/formal-v1/negatives/pairs/N00667/right/Main.java,p03775,p03814,s529144839.java,s861789582.java,175,175,3,4,14
N00668,/Users/liuziqi/Documents/西大Graduate/Project_base/Code/Meng_ProjectBased_DetectCodeSimilar/code-sim/results/formal-v1/negatives/pairs/N00668/left/Main.java,/Users/liuziqi/Documents/西大Graduate/Project_base/Code/Meng_ProjectBased_DetectCodeSimilar/code-sim/results/formal-v1/negatives/pairs/N00668/right/Main.java,p04044,p04043,s874247347.java,s299155357.java,130,130,2,2,15
N00669,/Users/liuziqi/Documents/西大Graduate/Project_base/Code/Meng_ProjectBased_DetectCodeSimilar/code-sim/results/formal-v1/negatives/pairs/N00669/left/Main.java,/Users/liuziqi/Documents/西大Graduate/Project_base/Code/Meng_ProjectBased_DetectCodeSimilar/code-sim/results/formal-v1/negatives/pairs/N00669/right/Main.java,p02403,p02402,s246120784.java,s627438747.java,142,142,4,3,13
N00670,/Users/liuziqi/Documents/西大Graduate/Project_base/Code/Meng_ProjectBased_DetectCodeSimilar/code-sim/results/formal-v1/negatives/pairs/N00670/left/Main.java,/Users/liuziqi/Documents/西大Graduate/Project_base/Code/Meng_ProjectBased_DetectCodeSimilar/code-sim/results/formal-v1/negatives/pairs/N00670/right/Main.java,p02700,p02706,s009932434.java,s568090036.java,292,292,3,4,12
N00671,/Users/liuziqi/Documents/西大Graduate/Project_base/Code/Meng_ProjectBased_DetectCodeSimilar/code-sim/results/formal-v1/negatives/pairs/N00671/left/Main.java,/Users/liuziqi/Documents/西大Graduate/Project_base/Code/Meng_ProjectBased_DetectCodeSimilar/code-sim/results/formal-v1/negatives/pairs/N00671/right/Main.java,p02413,p02415,s924733534.java,s057658728.java,226,226,4,3,15
N00672,/Users/liuziqi/Documents/西大Graduate/Project_base/Code/Meng_ProjectBased_DetectCodeSimilar/code-sim/results/formal-v1/negatives/pairs/N00672/left/Main.java,/Users/liuziqi/Documents/西大Graduate/Project_base/Code/Meng_ProjectBased_DetectCodeSimilar/code-sim/results/formal-v1/negatives/pairs/N00672/right/Main.java,p02256,p02257,s808925161.java,s050647557.java,133,133,3,3,9
N00673,/Users/liuziqi/Documents/西大Graduate/Project_base/Code/Meng_ProjectBased_DetectCodeSimilar/code-sim/results/formal-v1/negatives/pairs/N00673/left/Main.java,/Users/liuziqi/Documents/西大Graduate/Project_base/Code/Meng_ProjectBased_DetectCodeSimilar/code-sim/results/formal-v1/negatives/pairs/N00673/right/Main.java,p02412,p02406,s112818376.java,s873367961.java,213,213,9,7,16
N00674,/Users/liuziqi/Documents/西大Graduate/Project_base/Code/Meng_ProjectBased_DetectCodeSimilar/code-sim/results/formal-v1/negatives/pairs/N00674/left/Main.java,/Users/liuziqi/Documents/西大Graduate/Project_base/Code/Meng_ProjectBased_DetectCodeSimilar/code-sim/results/formal-v1/negatives/pairs/N00674/right/Main.java,p02553,p02571,s798926196.java,s358921757.java,266,266,4,3,14
N00675,/Users/liuziqi/Documents/西大Graduate/Project_base/Code/Meng_ProjectBased_DetectCodeSimilar/code-sim/results/formal-v1/negatives/pairs/N00675/left/Main.java,/Users/liuziqi/Documents/西大Graduate/Project_base/Code/Meng_ProjectBased_DetectCodeSimilar/code-sim/results/formal-v1/negatives/pairs/N00675/right/Main.java,p03161,p03285,s275007950.java,s450048084.java,383,383,6,6,19
N00676,/Users/liuziqi/Documents/西大Graduate/Project_base/Code/Meng_ProjectBased_DetectCodeSimilar/code-sim/results/formal-v1/negatives/pairs/N00676/left/Main.java,/Users/liuziqi/Documents/西大Graduate/Project_base/Code/Meng_ProjectBased_DetectCodeSimilar/code-sim/results/formal-v1/negatives/pairs/N00676/right/Main.java,p03434,p03448,s788064147.java,s106450057.java,198,198,4,5,17
N00677,/Users/liuziqi/Documents/西大Graduate/Project_base/Code/Meng_ProjectBased_DetectCodeSimilar/code-sim/results/formal-v1/negatives/pairs/N00677/left/Main.java,/Users/liuziqi/Documents/西大Graduate/Project_base/Code/Meng_ProjectBased_DetectCodeSimilar/code-sim/results/formal-v1/negatives/pairs/N00677/right/Main.java,p03308,p03370,s604701237.java,s817889394.java,121,121,1,1,28
N00678,/Users/liuziqi/Documents/西大Graduate/Project_base/Code/Meng_ProjectBased_DetectCodeSimilar/code-sim/results/formal-v1/negatives/pairs/N00678/left/Main.java,/Users/liuziqi/Documents/西大Graduate/Project_base/Code/Meng_ProjectBased_DetectCodeSimilar/code-sim/results/formal-v1/negatives/pairs/N00678/right/Main.java,p03494,p03644,s254208764.java,s592857206.java,176,176,6,5,17
N00679,/Users/liuziqi/Documents/西大Graduate/Project_base/Code/Meng_ProjectBased_DetectCodeSimilar/code-sim/results/formal-v1/negatives/pairs/N00679/left/Main.java,/Users/liuziqi/Documents/西大Graduate/Project_base/Code/Meng_ProjectBased_DetectCodeSimilar/code-sim/results/formal-v1/negatives/pairs/N00679/right/Main.java,p03470,p03456,s973765474.java,s545596117.java,106,106,1,1,13
N00680,/Users/liuziqi/Documents/西大Graduate/Project_base/Code/Meng_ProjectBased_DetectCodeSimilar/code-sim/results/formal-v1/negatives/pairs/N00680/left/Main.java,/Users/liuziqi/Documents/西大Graduate/Project_base/Code/Meng_ProjectBased_DetectCodeSimilar/code-sim/results/formal-v1/negatives/pairs/N00680/right/Main.java,p02766,p02778,s593889604.java,s145236459.java,90,90,1,1,23
N00681,/Users/liuziqi/Documents/西大Graduate/Project_base/Code/Meng_ProjectBased_DetectCodeSimilar/code-sim/results/formal-v1/negatives/pairs/N00681/left/Main.java,/Users/liuziqi/Documents/西大Graduate/Project_base/Code/Meng_ProjectBased_DetectCodeSimilar/code-sim/results/formal-v1/negatives/pairs/N00681/right/Main.java,p02415,p02406,s644517092.java,s706478872.java,124,124,2,2,15
N00682,/Users/liuziqi/Documents/西大Graduate/Project_base/Code/Meng_ProjectBased_DetectCodeSimilar/code-sim/results/formal-v1/negatives/pairs/N00682/left/Main.java,/Users/liuziqi/Documents/西大Graduate/Project_base/Code/Meng_ProjectBased_DetectCodeSimilar/code-sim/results/formal-v1/negatives/pairs/N00682/right/Main.java,p02701,p02759,s284745900.java,s197698288.java,174,174,1,1,12
N00683,/Users/liuziqi/Documents/西大Graduate/Project_base/Code/Meng_ProjectBased_DetectCodeSimilar/code-sim/results/formal-v1/negatives/pairs/N00683/left/Main.java,/Users/liuziqi/Documents/西大Graduate/Project_base/Code/Meng_ProjectBased_DetectCodeSimilar/code-sim/results/formal-v1/negatives/pairs/N00683/right/Main.java,p02712,p02707,s487047409.java,s833174540.java,116,116,2,2,17
N00684,/Users/liuziqi/Documents/西大Graduate/Project_base/Code/Meng_ProjectBased_DetectCodeSimilar/code-sim/results/formal-v1/negatives/pairs/N00684/left/Main.java,/Users/liuziqi/Documents/西大Graduate/Project_base/Code/Meng_ProjectBased_DetectCodeSimilar/code-sim/results/formal-v1/negatives/pairs/N00684/right/Main.java,p03449,p03457,s541423731.java,s272626752.java,306,306,4,4,28
N00685,/Users/liuziqi/Documents/西大Graduate/Project_base/Code/Meng_ProjectBased_DetectCodeSimilar/code-sim/results/formal-v1/negatives/pairs/N00685/left/Main.java,/Users/liuziqi/Documents/西大Graduate/Project_base/Code/Meng_ProjectBased_DetectCodeSimilar/code-sim/results/formal-v1/negatives/pairs/N00685/right/Main.java,p04012,p03545,s808559069.java,s673252774.java,454,454,7,8,12
N00686,/Users/liuziqi/Documents/西大Graduate/Project_base/Code/Meng_ProjectBased_DetectCodeSimilar/code-sim/results/formal-v1/negatives/pairs/N00686/left/Main.java,/Users/liuziqi/Documents/西大Graduate/Project_base/Code/Meng_ProjectBased_DetectCodeSimilar/code-sim/results/formal-v1/negatives/pairs/N00686/right/Main.java,p03073,p03072,s951141579.java,s528522372.java,128,128,2,2,12
N00687,/Users/liuziqi/Documents/西大Graduate/Project_base/Code/Meng_ProjectBased_DetectCodeSimilar/code-sim/results/formal-v1/negatives/pairs/N00687/left/Main.java,/Users/liuziqi/Documents/西大Graduate/Project_base/Code/Meng_ProjectBased_DetectCodeSimilar/code-sim/results/formal-v1/negatives/pairs/N00687/right/Main.java,p02612,p02701,s028207495.java,s542293170.java,200,200,2,2,11
N00688,/Users/liuziqi/Documents/西大Graduate/Project_base/Code/Meng_ProjectBased_DetectCodeSimilar/code-sim/results/formal-v1/negatives/pairs/N00688/left/Main.java,/Users/liuziqi/Documents/西大Graduate/Project_base/Code/Meng_ProjectBased_DetectCodeSimilar/code-sim/results/formal-v1/negatives/pairs/N00688/right/Main.java,p02410,p02404,s259698615.java,s677165745.java,238,238,5,6,13
N00689,/Users/liuziqi/Documents/西大Graduate/Project_base/Code/Meng_ProjectBased_DetectCodeSimilar/code-sim/results/formal-v1/negatives/pairs/N00689/left/Main.java,/Users/liuziqi/Documents/西大Graduate/Project_base/Code/Meng_ProjectBased_DetectCodeSimilar/code-sim/results/formal-v1/negatives/pairs/N00689/right/Main.java,p02676,p02681,s454059032.java,s103646912.java,131,131,2,2,17
N00690,/Users/liuziqi/Documents/西大Graduate/Project_base/Code/Meng_ProjectBased_DetectCodeSimilar/code-sim/results/formal-v1/negatives/pairs/N00690/left/Main.java,/Users/liuziqi/Documents/西大Graduate/Project_base/Code/Meng_ProjectBased_DetectCodeSimilar/code-sim/results/formal-v1/negatives/pairs/N00690/right/Main.java,p03281,p03282,s334387612.java,s130524440.java,139,139,4,3,15
N00691,/Users/liuziqi/Documents/西大Graduate/Project_base/Code/Meng_ProjectBased_DetectCodeSimilar/code-sim/results/formal-v1/negatives/pairs/N00691/left/Main.java,/Users/liuziqi/Documents/西大Graduate/Project_base/Code/Meng_ProjectBased_DetectCodeSimilar/code-sim/results/formal-v1/negatives/pairs/N00691/right/Main.java,p02801,p02783,s041373980.java,s811236803.java,72,72,0,0,9
N00692,/Users/liuziqi/Documents/西大Graduate/Project_base/Code/Meng_ProjectBased_DetectCodeSimilar/code-sim/results/formal-v1/negatives/pairs/N00692/left/Main.java,/Users/liuziqi/Documents/西大Graduate/Project_base/Code/Meng_ProjectBased_DetectCodeSimilar/code-sim/results/formal-v1/negatives/pairs/N00692/right/Main.java,p02784,p02783,s153662325.java,s910771338.java,126,126,2,2,23
N00693,/Users/liuziqi/Documents/西大Graduate/Project_base/Code/Meng_ProjectBased_DetectCodeSimilar/code-sim/results/formal-v1/negatives/pairs/N00693/left/Main.java,/Users/liuziqi/Documents/西大Graduate/Project_base/Code/Meng_ProjectBased_DetectCodeSimilar/code-sim/results/formal-v1/negatives/pairs/N00693/right/Main.java,p02831,p03013,s627837336.java,s951107030.java,1122,1124,25,27,26
N00694,/Users/liuziqi/Documents/西大Graduate/Project_base/Code/Meng_ProjectBased_DetectCodeSimilar/code-sim/results/formal-v1/negatives/pairs/N00694/left/Main.java,/Users/liuziqi/Documents/西大Graduate/Project_base/Code/Meng_ProjectBased_DetectCodeSimilar/code-sim/results/formal-v1/negatives/pairs/N00694/right/Main.java,p02947,p03695,s088363628.java,s697528471.java,774,749,43,32,13
N00695,/Users/liuziqi/Documents/西大Graduate/Project_base/Code/Meng_ProjectBased_DetectCodeSimilar/code-sim/results/formal-v1/negatives/pairs/N00695/left/Main.java,/Users/liuziqi/Documents/西大Graduate/Project_base/Code/Meng_ProjectBased_DetectCodeSimilar/code-sim/results/formal-v1/negatives/pairs/N00695/right/Main.java,p03146,p03001,s240376385.java,s746640763.java,484,484,8,9,11
N00696,/Users/liuziqi/Documents/西大Graduate/Project_base/Code/Meng_ProjectBased_DetectCodeSimilar/code-sim/results/formal-v1/negatives/pairs/N00696/left/Main.java,/Users/liuziqi/Documents/西大Graduate/Project_base/Code/Meng_ProjectBased_DetectCodeSimilar/code-sim/results/formal-v1/negatives/pairs/N00696/right/Main.java,p03086,p03076,s374472370.java,s889963539.java,181,181,4,4,27
N00697,/Users/liuziqi/Documents/西大Graduate/Project_base/Code/Meng_ProjectBased_DetectCodeSimilar/code-sim/results/formal-v1/negatives/pairs/N00697/left/Main.java,/Users/liuziqi/Documents/西大Graduate/Project_base/Code/Meng_ProjectBased_DetectCodeSimilar/code-sim/results/formal-v1/negatives/pairs/N00697/right/Main.java,p02802,p02818,s561930383.java,s170412147.java,231,231,5,5,11
N00698,/Users/liuziqi/Documents/西大Graduate/Project_base/Code/Meng_ProjectBased_DetectCodeSimilar/code-sim/results/formal-v1/negatives/pairs/N00698/left/Main.java,/Users/liuziqi/Documents/西大Graduate/Project_base/Code/Meng_ProjectBased_DetectCodeSimilar/code-sim/results/formal-v1/negatives/pairs/N00698/right/Main.java,p02947,p02935,s396171231.java,s927898749.java,288,288,6,5,13
N00699,/Users/liuziqi/Documents/西大Graduate/Project_base/Code/Meng_ProjectBased_DetectCodeSimilar/code-sim/results/formal-v1/negatives/pairs/N00699/left/Main.java,/Users/liuziqi/Documents/西大Graduate/Project_base/Code/Meng_ProjectBased_DetectCodeSimilar/code-sim/results/formal-v1/negatives/pairs/N00699/right/Main.java,p02766,p02755,s579259826.java,s509127167.java,144,144,2,2,10
N00700,/Users/liuziqi/Documents/西大Graduate/Project_base/Code/Meng_ProjectBased_DetectCodeSimilar/code-sim/results/formal-v1/negatives/pairs/N00700/left/Main.java,/Users/liuziqi/Documents/西大Graduate/Project_base/Code/Meng_ProjectBased_DetectCodeSimilar/code-sim/results/formal-v1/negatives/pairs/N00700/right/Main.java,p02259,p02260,s953953493.java,s208894142.java,261,261,6,7,12
N00701,/Users/liuziqi/Documents/西大Graduate/Project_base/Code/Meng_ProjectBased_DetectCodeSimilar/code-sim/results/formal-v1/negatives/pairs/N00701/left/Main.java,/Users/liuziqi/Documents/西大Graduate/Project_base/Code/Meng_ProjectBased_DetectCodeSimilar/code-sim/results/formal-v1/negatives/pairs/N00701/right/Main.java,p02396,p02402,s173761020.java,s176686140.java,142,142,3,3,23
N00702,/Users/liuziqi/Documents/西大Graduate/Project_base/Code/Meng_ProjectBased_DetectCodeSimilar/code-sim/results/formal-v1/negatives/pairs/N00702/left/Main.java,/Users/liuziqi/Documents/西大Graduate/Project_base/Code/Meng_ProjectBased_DetectCodeSimilar/code-sim/results/formal-v1/negatives/pairs/N00702/right/Main.java,p03220,p03239,s630631639.java,s938898595.java,200,200,3,3,12
N00703,/Users/liuziqi/Documents/西大Graduate/Project_base/Code/Meng_ProjectBased_DetectCodeSimilar/code-sim/results/formal-v1/negatives/pairs/N00703/left/Main.java,/Users/liuziqi/Documents/西大Graduate/Project_base/Code/Meng_ProjectBased_DetectCodeSimilar/code-sim/results/formal-v1/negatives/pairs/N00703/right/Main.java,p00003,p00001,s918835910.java,s377243139.java,152,152,2,2,13
N00704,/Users/liuziqi/Documents/西大Graduate/Project_base/Code/Meng_ProjectBased_DetectCodeSimilar/code-sim/results/formal-v1/negatives/pairs/N00704/left/Main.java,/Users/liuziqi/Documents/西大Graduate/Project_base/Code/Meng_ProjectBased_DetectCodeSimilar/code-sim/results/formal-v1/negatives/pairs/N00704/right/Main.java,p02622,p03161,s770006311.java,s774209924.java,1273,1272,27,19,11
N00705,/Users/liuziqi/Documents/西大Graduate/Project_base/Code/Meng_ProjectBased_DetectCodeSimilar/code-sim/results/formal-v1/negatives/pairs/N00705/left/Main.java,/Users/liuziqi/Documents/西大Graduate/Project_base/Code/Meng_ProjectBased_DetectCodeSimilar/code-sim/results/formal-v1/negatives/pairs/N00705/right/Main.java,p02257,p04043,s398729166.java,s259535116.java,165,164,6,5,12
N00706,/Users/liuziqi/Documents/西大Graduate/Project_base/Code/Meng_ProjectBased_DetectCodeSimilar/code-sim/results/formal-v1/negatives/pairs/N00706/left/Main.java,/Users/liuziqi/Documents/西大Graduate/Project_base/Code/Meng_ProjectBased_DetectCodeSimilar/code-sim/results/formal-v1/negatives/pairs/N00706/right/Main.java,p03775,p03814,s250880726.java,s492916772.java,150,150,2,2,13
N00707,/Users/liuziqi/Documents/西大Graduate/Project_base/Code/Meng_ProjectBased_DetectCodeSimilar/code-sim/results/formal-v1/negatives/pairs/N00707/left/Main.java,/Users/liuziqi/Documents/西大Graduate/Project_base/Code/Meng_ProjectBased_DetectCodeSimilar/code-sim/results/formal-v1/negatives/pairs/N00707/right/Main.java,p02259,p02260,s644878447.java,s668822204.java,239,239,6,6,23
N00708,/Users/liuziqi/Documents/西大Graduate/Project_base/Code/Meng_ProjectBased_DetectCodeSimilar/code-sim/results/formal-v1/negatives/pairs/N00708/left/Main.java,/Users/liuziqi/Documents/西大Graduate/Project_base/Code/Meng_ProjectBased_DetectCodeSimilar/code-sim/results/formal-v1/negatives/pairs/N00708/right/Main.java,p02628,p02622,s463045428.java,s896182793.java,140,140,2,2,25
N00709,/Users/liuziqi/Documents/西大Graduate/Project_base/Code/Meng_ProjectBased_DetectCodeSimilar/code-sim/results/formal-v1/negatives/pairs/N00709/left/Main.java,/Users/liuziqi/Documents/西大Graduate/Project_base/Code/Meng_ProjectBased_DetectCodeSimilar/code-sim/results/formal-v1/negatives/pairs/N00709/right/Main.java,p02911,p02783,s681897269.java,s998237907.java,238,238,4,4,13
N00710,/Users/liuziqi/Documents/西大Graduate/Project_base/Code/Meng_ProjectBased_DetectCodeSimilar/code-sim/results/formal-v1/negatives/pairs/N00710/left/Main.java,/Users/liuziqi/Documents/西大Graduate/Project_base/Code/Meng_ProjectBased_DetectCodeSimilar/code-sim/results/formal-v1/negatives/pairs/N00710/right/Main.java,p03000,p02993,s214635658.java,s627920026.java,115,115,2,2,25
N00711,/Users/liuziqi/Documents/西大Graduate/Project_base/Code/Meng_ProjectBased_DetectCodeSimilar/code-sim/results/formal-v1/negatives/pairs/N00711/left/Main.java,/Users/liuziqi/Documents/西大Graduate/Project_base/Code/Meng_ProjectBased_DetectCodeSimilar/code-sim/results/formal-v1/negatives/pairs/N00711/right/Main.java,p03494,p03478,s880822865.java,s846462756.java,143,143,3,3,26
N00712,/Users/liuziqi/Documents/西大Graduate/Project_base/Code/Meng_ProjectBased_DetectCodeSimilar/code-sim/results/formal-v1/negatives/pairs/N00712/left/Main.java,/Users/liuziqi/Documents/西大Graduate/Project_base/Code/Meng_ProjectBased_DetectCodeSimilar/code-sim/results/formal-v1/negatives/pairs/N00712/right/Main.java,p02578,p02571,s663826745.java,s360376412.java,176,176,3,4,23
N00713,/Users/liuziqi/Documents/西大Graduate/Project_base/Code/Meng_ProjectBased_DetectCodeSimilar/code-sim/results/formal-v1/negatives/pairs/N00713/left/Main.java,/Users/liuziqi/Documents/西大Graduate/Project_base/Code/Meng_ProjectBased_DetectCodeSimilar/code-sim/results/formal-v1/negatives/pairs/N00713/right/Main.java,p02419,p02416,s616047324.java,s450106981.java,111,111,3,3,15
N00714,/Users/liuziqi/Documents/西大Graduate/Project_base/Code/Meng_ProjectBased_DetectCodeSimilar/code-sim/results/formal-v1/negatives/pairs/N00714/left/Main.java,/Users/liuziqi/Documents/西大Graduate/Project_base/Code/Meng_ProjectBased_DetectCodeSimilar/code-sim/results/formal-v1/negatives/pairs/N00714/right/Main.java,p02393,p02399,s450182903.java,s603382411.java,131,131,0,0,11
N00715,/Users/liuziqi/Documents/西大Graduate/Project_base/Code/Meng_ProjectBased_DetectCodeSimilar/code-sim/results/formal-v1/negatives/pairs/N00715/left/Main.java,/Users/liuziqi/Documents/西大Graduate/Project_base/Code/Meng_ProjectBased_DetectCodeSimilar/code-sim/results/formal-v1/negatives/pairs/N00715/right/Main.java,p03087,p03435,s009910243.java,s015730415.java,932,926,10,12,13
N00716,/Users/liuziqi/Documents/西大Graduate/Project_base/Code/Meng_ProjectBased_DetectCodeSimilar/code-sim/results/formal-v1/negatives/pairs/N00716/left/Main.java,/Users/liuziqi/Documents/西大Graduate/Project_base/Code/Meng_ProjectBased_DetectCodeSimilar/code-sim/results/formal-v1/negatives/pairs/N00716/right/Main.java,p02707,p02706,s926906693.java,s580381837.java,128,128,2,2,13
N00717,/Users/liuziqi/Documents/西大Graduate/Project_base/Code/Meng_ProjectBased_DetectCodeSimilar/code-sim/results/formal-v1/negatives/pairs/N00717/left/Main.java,/Users/liuziqi/Documents/西大Graduate/Project_base/Code/Meng_ProjectBased_DetectCodeSimilar/code-sim/results/formal-v1/negatives/pairs/N00717/right/Main.java,p03370,p03360,s316896188.java,s195837244.java,206,206,5,6,14
N00718,/Users/liuziqi/Documents/西大Graduate/Project_base/Code/Meng_ProjectBased_DetectCodeSimilar/code-sim/results/formal-v1/negatives/pairs/N00718/left/Main.java,/Users/liuziqi/Documents/西大Graduate/Project_base/Code/Meng_ProjectBased_DetectCodeSimilar/code-sim/results/formal-v1/negatives/pairs/N00718/right/Main.java,p02717,p02724,s465974503.java,s154030141.java,81,81,0,0,22
N00719,/Users/liuziqi/Documents/西大Graduate/Project_base/Code/Meng_ProjectBased_DetectCodeSimilar/code-sim/results/formal-v1/negatives/pairs/N00719/left/Main.java,/Users/liuziqi/Documents/西大Graduate/Project_base/Code/Meng_ProjectBased_DetectCodeSimilar/code-sim/results/formal-v1/negatives/pairs/N00719/right/Main.java,p03059,p03071,s215689799.java,s040776206.java,148,148,0,0,13
N00720,/Users/liuziqi/Documents/西大Graduate/Project_base/Code/Meng_ProjectBased_DetectCodeSimilar/code-sim/results/formal-v1/negatives/pairs/N00720/left/Main.java,/Users/liuziqi/Documents/西大Graduate/Project_base/Code/Meng_ProjectBased_DetectCodeSimilar/code-sim/results/formal-v1/negatives/pairs/N00720/right/Main.java,p03075,p03073,s097828297.java,s419512829.java,199,199,6,6,14
N00721,/Users/liuziqi/Documents/西大Graduate/Project_base/Code/Meng_ProjectBased_DetectCodeSimilar/code-sim/results/formal-v1/negatives/pairs/N00721/left/Main.java,/Users/liuziqi/Documents/西大Graduate/Project_base/Code/Meng_ProjectBased_DetectCodeSimilar/code-sim/results/formal-v1/negatives/pairs/N00721/right/Main.java,p02659,p03378,s740040423.java,s000775781.java,875,874,10,13,14
N00722,/Users/liuziqi/Documents/西大Graduate/Project_base/Code/Meng_ProjectBased_DetectCodeSimilar/code-sim/results/formal-v1/negatives/pairs/N00722/left/Main.java,/Users/liuziqi/Documents/西大Graduate/Project_base/Code/Meng_ProjectBased_DetectCodeSimilar/code-sim/results/formal-v1/negatives/pairs/N00722/right/Main.java,p02951,p02981,s863221984.java,s295359940.java,84,84,0,0,23
N00723,/Users/liuziqi/Documents/西大Graduate/Project_base/Code/Meng_ProjectBased_DetectCodeSimilar/code-sim/results/formal-v1/negatives/pairs/N00723/left/Main.java,/Users/liuziqi/Documents/西大Graduate/Project_base/Code/Meng_ProjectBased_DetectCodeSimilar/code-sim/results/formal-v1/negatives/pairs/N00723/right/Main.java,p02830,p02848,s957463072.java,s430647837.java,137,137,1,1,17
N00724,/Users/liuziqi/Documents/西大Graduate/Project_base/Code/Meng_ProjectBased_DetectCodeSimilar/code-sim/results/formal-v1/negatives/pairs/N00724/left/Main.java,/Users/liuziqi/Documents/西大Graduate/Project_base/Code/Meng_ProjectBased_DetectCodeSimilar/code-sim/results/formal-v1/negatives/pairs/N00724/right/Main.java,p00005,p00002,s421964155.java,s035966220.java,133,133,2,2,20
N00725,/Users/liuziqi/Documents/西大Graduate/Project_base/Code/Meng_ProjectBased_DetectCodeSimilar/code-sim/results/formal-v1/negatives/pairs/N00725/left/Main.java,/Users/liuziqi/Documents/西大Graduate/Project_base/Code/Meng_ProjectBased_DetectCodeSimilar/code-sim/results/formal-v1/negatives/pairs/N00725/right/Main.java,p02418,p02570,s256754439.java,s119903356.java,112,112,1,1,9
N00726,/Users/liuziqi/Documents/西大Graduate/Project_base/Code/Meng_ProjectBased_DetectCodeSimilar/code-sim/results/formal-v1/negatives/pairs/N00726/left/Main.java,/Users/liuziqi/Documents/西大Graduate/Project_base/Code/Meng_ProjectBased_DetectCodeSimilar/code-sim/results/formal-v1/negatives/pairs/N00726/right/Main.java,p02830,p02829,s501461252.java,s357281772.java,151,151,1,1,10
N00727,/Users/liuziqi/Documents/西大Graduate/Project_base/Code/Meng_ProjectBased_DetectCodeSimilar/code-sim/results/formal-v1/negatives/pairs/N00727/left/Main.java,/Users/liuziqi/Documents/西大Graduate/Project_base/Code/Meng_ProjectBased_DetectCodeSimilar/code-sim/results/formal-v1/negatives/pairs/N00727/right/Main.java,p02397,p02396,s304490044.java,s229990531.java,165,165,3,3,13
N00728,/Users/liuziqi/Documents/西大Graduate/Project_base/Code/Meng_ProjectBased_DetectCodeSimilar/code-sim/results/formal-v1/negatives/pairs/N00728/left/Main.java,/Users/liuziqi/Documents/西大Graduate/Project_base/Code/Meng_ProjectBased_DetectCodeSimilar/code-sim/results/formal-v1/negatives/pairs/N00728/right/Main.java,p02987,p02971,s067786476.java,s602569133.java,207,207,3,4,17
N00729,/Users/liuziqi/Documents/西大Graduate/Project_base/Code/Meng_ProjectBased_DetectCodeSimilar/code-sim/results/formal-v1/negatives/pairs/N00729/left/Main.java,/Users/liuziqi/Documents/西大Graduate/Project_base/Code/Meng_ProjectBased_DetectCodeSimilar/code-sim/results/formal-v1/negatives/pairs/N00729/right/Main.java,p03416,p03434,s788253294.java,s012358469.java,163,163,4,3,26
N00730,/Users/liuziqi/Documents/西大Graduate/Project_base/Code/Meng_ProjectBased_DetectCodeSimilar/code-sim/results/formal-v1/negatives/pairs/N00730/left/Main.java,/Users/liuziqi/Documents/西大Graduate/Project_base/Code/Meng_ProjectBased_DetectCodeSimilar/code-sim/results/formal-v1/negatives/pairs/N00730/right/Main.java,p02784,p02779,s152350358.java,s892241127.java,136,136,2,2,9
N00731,/Users/liuziqi/Documents/西大Graduate/Project_base/Code/Meng_ProjectBased_DetectCodeSimilar/code-sim/results/formal-v1/negatives/pairs/N00731/left/Main.java,/Users/liuziqi/Documents/西大Graduate/Project_base/Code/Meng_ProjectBased_DetectCodeSimilar/code-sim/results/formal-v1/negatives/pairs/N00731/right/Main.java,p02829,p02897,s868844103.java,s391480589.java,79,79,0,0,14
N00732,/Users/liuziqi/Documents/西大Graduate/Project_base/Code/Meng_ProjectBased_DetectCodeSimilar/code-sim/results/formal-v1/negatives/pairs/N00732/left/Main.java,/Users/liuziqi/Documents/西大Graduate/Project_base/Code/Meng_ProjectBased_DetectCodeSimilar/code-sim/results/formal-v1/negatives/pairs/N00732/right/Main.java,p02786,p02801,s885750053.java,s112655706.java,122,122,2,2,25
N00733,/Users/liuziqi/Documents/西大Graduate/Project_base/Code/Meng_ProjectBased_DetectCodeSimilar/code-sim/results/formal-v1/negatives/pairs/N00733/left/Main.java,/Users/liuziqi/Documents/西大Graduate/Project_base/Code/Meng_ProjectBased_DetectCodeSimilar/code-sim/results/formal-v1/negatives/pairs/N00733/right/Main.java,p02982,p02916,s635657007.java,s855561833.java,281,281,6,6,14
N00734,/Users/liuziqi/Documents/西大Graduate/Project_base/Code/Meng_ProjectBased_DetectCodeSimilar/code-sim/results/formal-v1/negatives/pairs/N00734/left/Main.java,/Users/liuziqi/Documents/西大Graduate/Project_base/Code/Meng_ProjectBased_DetectCodeSimilar/code-sim/results/formal-v1/negatives/pairs/N00734/right/Main.java,p02576,p02777,s194488309.java,s274673315.java,320,321,2,2,15
N00735,/Users/liuziqi/Documents/西大Graduate/Project_base/Code/Meng_ProjectBased_DetectCodeSimilar/code-sim/results/formal-v1/negatives/pairs/N00735/left/Main.java,/Users/liuziqi/Documents/西大Graduate/Project_base/Code/Meng_ProjectBased_DetectCodeSimilar/code-sim/results/formal-v1/negatives/pairs/N00735/right/Main.java,p03220,p03147,s761522707.java,s930318964.java,193,193,3,4,18
N00736,/Users/liuziqi/Documents/西大Graduate/Project_base/Code/Meng_ProjectBased_DetectCodeSimilar/code-sim/results/formal-v1/negatives/pairs/N00736/left/Main.java,/Users/liuziqi/Documents/西大Graduate/Project_base/Code/Meng_ProjectBased_DetectCodeSimilar/code-sim/results/formal-v1/negatives/pairs/N00736/right/Main.java,p02420,p02419,s501513286.java,s200889021.java,176,176,3,4,16
N00737,/Users/liuziqi/Documents/西大Graduate/Project_base/Code/Meng_ProjectBased_DetectCodeSimilar/code-sim/results/formal-v1/negatives/pairs/N00737/left/Main.java,/Users/liuziqi/Documents/西大Graduate/Project_base/Code/Meng_ProjectBased_DetectCodeSimilar/code-sim/results/formal-v1/negatives/pairs/N00737/right/Main.java,p03324,p03455,s218957862.java,s014468262.java,91,91,1,1,23
N00738,/Users/liuziqi/Documents/西大Graduate/Project_base/Code/Meng_ProjectBased_DetectCodeSimilar/code-sim/results/formal-v1/negatives/pairs/N00738/left/Main.java,/Users/liuziqi/Documents/西大Graduate/Project_base/Code/Meng_ProjectBased_DetectCodeSimilar/code-sim/results/formal-v1/negatives/pairs/N00738/right/Main.java,p04044,p02759,s319414787.java,s111700726.java,748,750,6,7,11
N00739,/Users/liuziqi/Documents/西大Graduate/Project_base/Code/Meng_ProjectBased_DetectCodeSimilar/code-sim/results/formal-v1/negatives/pairs/N00739/left/Main.java,/Users/liuziqi/Documents/西大Graduate/Project_base/Code/Meng_ProjectBased_DetectCodeSimilar/code-sim/results/formal-v1/negatives/pairs/N00739/right/Main.java,p03998,p03435,s543087575.java,s203136775.java,275,275,3,3,9
N00740,/Users/liuziqi/Documents/西大Graduate/Project_base/Code/Meng_ProjectBased_DetectCodeSimilar/code-sim/results/formal-v1/negatives/pairs/N00740/left/Main.java,/Users/liuziqi/Documents/西大Graduate/Project_base/Code/Meng_ProjectBased_DetectCodeSimilar/code-sim/results/formal-v1/negatives/pairs/N00740/right/Main.java,p02687,p02694,s673422042.java,s133336224.java,95,95,1,1,22
N00741,/Users/liuziqi/Documents/西大Graduate/Project_base/Code/Meng_ProjectBased_DetectCodeSimilar/code-sim/results/formal-v1/negatives/pairs/N00741/left/Main.java,/Users/liuziqi/Documents/西大Graduate/Project_base/Code/Meng_ProjectBased_DetectCodeSimilar/code-sim/results/formal-v1/negatives/pairs/N00741/right/Main.java,p02773,p02688,s064656376.java,s707899448.java,780,780,21,19,14
N00742,/Users/liuziqi/Documents/西大Graduate/Project_base/Code/Meng_ProjectBased_DetectCodeSimilar/code-sim/results/formal-v1/negatives/pairs/N00742/left/Main.java,/Users/liuziqi/Documents/西大Graduate/Project_base/Code/Meng_ProjectBased_DetectCodeSimilar/code-sim/results/formal-v1/negatives/pairs/N00742/right/Main.java,p02578,p02657,s625023624.java,s470545111.java,412,412,7,8,16
N00743,/Users/liuziqi/Documents/西大Graduate/Project_base/Code/Meng_ProjectBased_DetectCodeSimilar/code-sim/results/formal-v1/negatives/pairs/N00743/left/Main.java,/Users/liuziqi/Documents/西大Graduate/Project_base/Code/Meng_ProjectBased_DetectCodeSimilar/code-sim/results/formal-v1/negatives/pairs/N00743/right/Main.java,p02405,p02404,s182351905.java,s459205327.java,195,195,5,5,21
N00744,/Users/liuziqi/Documents/西大Graduate/Project_base/Code/Meng_ProjectBased_DetectCodeSimilar/code-sim/results/formal-v1/negatives/pairs/N00744/left/Main.java,/Users/liuziqi/Documents/西大Graduate/Project_base/Code/Meng_ProjectBased_DetectCodeSimilar/code-sim/results/formal-v1/negatives/pairs/N00744/right/Main.java,p00002,p00005,s690960070.java,s135814724.java,125,125,2,2,12
N00745,/Users/liuziqi/Documents/西大Graduate/Project_base/Code/Meng_ProjectBased_DetectCodeSimilar/code-sim/results/formal-v1/negatives/pairs/N00745/left/Main.java,/Users/liuziqi/Documents/西大Graduate/Project_base/Code/Meng_ProjectBased_DetectCodeSimilar/code-sim/results/formal-v1/negatives/pairs/N00745/right/Main.java,p02622,p02595,s565075941.java,s597791548.java,127,127,2,2,10
N00746,/Users/liuziqi/Documents/西大Graduate/Project_base/Code/Meng_ProjectBased_DetectCodeSimilar/code-sim/results/formal-v1/negatives/pairs/N00746/left/Main.java,/Users/liuziqi/Documents/西大Graduate/Project_base/Code/Meng_ProjectBased_DetectCodeSimilar/code-sim/results/formal-v1/negatives/pairs/N00746/right/Main.java,p02640,p02639,s135447238.java,s769561988.java,180,180,4,5,23
N00747,/Users/liuziqi/Documents/西大Graduate/Project_base/Code/Meng_ProjectBased_DetectCodeSimilar/code-sim/results/formal-v1/negatives/pairs/N00747/left/Main.java,/Users/liuziqi/Documents/西大Graduate/Project_base/Code/Meng_ProjectBased_DetectCodeSimilar/code-sim/results/formal-v1/negatives/pairs/N00747/right/Main.java,p00002,p03316,s680724016.java,s166066534.java,284,283,2,2,10
N00748,/Users/liuziqi/Documents/西大Graduate/Project_base/Code/Meng_ProjectBased_DetectCodeSimilar/code-sim/results/formal-v1/negatives/pairs/N00748/left/Main.java,/Users/liuziqi/Documents/西大Graduate/Project_base/Code/Meng_ProjectBased_DetectCodeSimilar/code-sim/results/formal-v1/negatives/pairs/N00748/right/Main.java,p03456,p03455,s344084493.java,s942814261.java,126,126,1,1,17
N00749,/Users/liuziqi/Documents/西大Graduate/Project_base/Code/Meng_ProjectBased_DetectCodeSimilar/code-sim/results/formal-v1/negatives/pairs/N00749/left/Main.java,/Users/liuziqi/Documents/西大Graduate/Project_base/Code/Meng_ProjectBased_DetectCodeSimilar/code-sim/results/formal-v1/negatives/pairs/N00749/right/Main.java,p03360,p02830,s073369909.java,s867966771.java,1037,1038,14,16,15
N00750,/Users/liuziqi/Documents/西大Graduate/Project_base/Code/Meng_ProjectBased_DetectCodeSimilar/code-sim/results/formal-v1/negatives/pairs/N00750/left/Main.java,/Users/liuziqi/Documents/西大Graduate/Project_base/Code/Meng_ProjectBased_DetectCodeSimilar/code-sim/results/formal-v1/negatives/pairs/N00750/right/Main.java,p02701,p02694,s246938110.java,s191740910.java,128,128,1,1,15
N00751,/Users/liuziqi/Documents/西大Graduate/Project_base/Code/Meng_ProjectBased_DetectCodeSimilar/code-sim/results/formal-v1/negatives/pairs/N00751/left/Main.java,/Users/liuziqi/Documents/西大Graduate/Project_base/Code/Meng_ProjectBased_DetectCodeSimilar/code-sim/results/formal-v1/negatives/pairs/N00751/right/Main.java,p02887,p02729,s295965233.java,s719798581.java,546,546,9,9,25
N00752,/Users/liuziqi/Documents/西大Graduate/Project_base/Code/Meng_ProjectBased_DetectCodeSimilar/code-sim/results/formal-v1/negatives/pairs/N00752/left/Main.java,/Users/liuziqi/Documents/西大Graduate/Project_base/Code/Meng_ProjectBased_DetectCodeSimilar/code-sim/results/formal-v1/negatives/pairs/N00752/right/Main.java,p03720,p03680,s705955110.java,s703696430.java,204,204,5,5,28
N00753,/Users/liuziqi/Documents/西大Graduate/Project_base/Code/Meng_ProjectBased_DetectCodeSimilar/code-sim/results/formal-v1/negatives/pairs/N00753/left/Main.java,/Users/liuziqi/Documents/西大Graduate/Project_base/Code/Meng_ProjectBased_DetectCodeSimilar/code-sim/results/formal-v1/negatives/pairs/N00753/right/Main.java,p02388,p02389,s686851035.java,s078876132.java,87,87,0,0,13
N00754,/Users/liuziqi/Documents/西大Graduate/Project_base/Code/Meng_ProjectBased_DetectCodeSimilar/code-sim/results/formal-v1/negatives/pairs/N00754/left/Main.java,/Users/liuziqi/Documents/西大Graduate/Project_base/Code/Meng_ProjectBased_DetectCodeSimilar/code-sim/results/formal-v1/negatives/pairs/N00754/right/Main.java,p02268,p02263,s112777433.java,s712619753.java,285,285,5,4,15
N00755,/Users/liuziqi/Documents/西大Graduate/Project_base/Code/Meng_ProjectBased_DetectCodeSimilar/code-sim/results/formal-v1/negatives/pairs/N00755/left/Main.java,/Users/liuziqi/Documents/西大Graduate/Project_base/Code/Meng_ProjectBased_DetectCodeSimilar/code-sim/results/formal-v1/negatives/pairs/N00755/right/Main.java,p02819,p02773,s508824926.java,s556441709.java,280,280,8,6,8
N00756,/Users/liuziqi/Documents/西大Graduate/Project_base/Code/Meng_ProjectBased_DetectCodeSimilar/code-sim/results/formal-v1/negatives/pairs/N00756/left/Main.java,/Users/liuziqi/Documents/西大Graduate/Project_base/Code/Meng_ProjectBased_DetectCodeSimilar/code-sim/results/formal-v1/negatives/pairs/N00756/right/Main.java,p02421,p02420,s039389358.java,s486003024.java,166,166,3,3,17
N00757,/Users/liuziqi/Documents/西大Graduate/Project_base/Code/Meng_ProjectBased_DetectCodeSimilar/code-sim/results/formal-v1/negatives/pairs/N00757/left/Main.java,/Users/liuziqi/Documents/西大Graduate/Project_base/Code/Meng_ProjectBased_DetectCodeSimilar/code-sim/results/formal-v1/negatives/pairs/N00757/right/Main.java,p03632,p03644,s272290439.java,s690037449.java,108,108,1,1,26
N00758,/Users/liuziqi/Documents/西大Graduate/Project_base/Code/Meng_ProjectBased_DetectCodeSimilar/code-sim/results/formal-v1/negatives/pairs/N00758/left/Main.java,/Users/liuziqi/Documents/西大Graduate/Project_base/Code/Meng_ProjectBased_DetectCodeSimilar/code-sim/results/formal-v1/negatives/pairs/N00758/right/Main.java,p02772,p02771,s340019774.java,s142732167.java,228,228,6,5,17
N00759,/Users/liuziqi/Documents/西大Graduate/Project_base/Code/Meng_ProjectBased_DetectCodeSimilar/code-sim/results/formal-v1/negatives/pairs/N00759/left/Main.java,/Users/liuziqi/Documents/西大Graduate/Project_base/Code/Meng_ProjectBased_DetectCodeSimilar/code-sim/results/formal-v1/negatives/pairs/N00759/right/Main.java,p02898,p02897,s650890867.java,s914696060.java,107,107,2,2,11
N00760,/Users/liuziqi/Documents/西大Graduate/Project_base/Code/Meng_ProjectBased_DetectCodeSimilar/code-sim/results/formal-v1/negatives/pairs/N00760/left/Main.java,/Users/liuziqi/Documents/西大Graduate/Project_base/Code/Meng_ProjectBased_DetectCodeSimilar/code-sim/results/formal-v1/negatives/pairs/N00760/right/Main.java,p03370,p03371,s962057726.java,s058907753.java,177,177,2,2,14
N00761,/Users/liuziqi/Documents/西大Graduate/Project_base/Code/Meng_ProjectBased_DetectCodeSimilar/code-sim/results/formal-v1/negatives/pairs/N00761/left/Main.java,/Users/liuziqi/Documents/西大Graduate/Project_base/Code/Meng_ProjectBased_DetectCodeSimilar/code-sim/results/formal-v1/negatives/pairs/N00761/right/Main.java,p02407,p02408,s844062860.java,s284155128.java,155,155,3,4,11
N00762,/Users/liuziqi/Documents/西大Graduate/Project_base/Code/Meng_ProjectBased_DetectCodeSimilar/code-sim/results/formal-v1/negatives/pairs/N00762/left/Main.java,/Users/liuziqi/Documents/西大Graduate/Project_base/Code/Meng_ProjectBased_DetectCodeSimilar/code-sim/results/formal-v1/negatives/pairs/N00762/right/Main.java,p02723,p02718,s778059109.java,s633485247.java,223,223,4,4,15
N00763,/Users/liuziqi/Documents/西大Graduate/Project_base/Code/Meng_ProjectBased_DetectCodeSimilar/code-sim/results/formal-v1/negatives/pairs/N00763/left/Main.java,/Users/liuziqi/Documents/西大Graduate/Project_base/Code/Meng_ProjectBased_DetectCodeSimilar/code-sim/results/formal-v1/negatives/pairs/N00763/right/Main.java,p04044,p00001,s511926085.java,s550222968.java,148,149,2,2,12
N00764,/Users/liuziqi/Documents/西大Graduate/Project_base/Code/Meng_ProjectBased_DetectCodeSimilar/code-sim/results/formal-v1/negatives/pairs/N00764/left/Main.java,/Users/liuziqi/Documents/西大Graduate/Project_base/Code/Meng_ProjectBased_DetectCodeSimilar/code-sim/results/formal-v1/negatives/pairs/N00764/right/Main.java,p03293,p03434,s811284302.java,s677519150.java,608,608,7,9,19
N00765,/Users/liuziqi/Documents/西大Graduate/Project_base/Code/Meng_ProjectBased_DetectCodeSimilar/code-sim/results/formal-v1/negatives/pairs/N00765/left/Main.java,/Users/liuziqi/Documents/西大Graduate/Project_base/Code/Meng_ProjectBased_DetectCodeSimilar/code-sim/results/formal-v1/negatives/pairs/N00765/right/Main.java,p02404,p02402,s185847277.java,s219601224.java,328,328,5,7,16
N00766,/Users/liuziqi/Documents/西大Graduate/Project_base/Code/Meng_ProjectBased_DetectCodeSimilar/code-sim/results/formal-v1/negatives/pairs/N00766/left/Main.java,/Users/liuziqi/Documents/西大Graduate/Project_base/Code/Meng_ProjectBased_DetectCodeSimilar/code-sim/results/formal-v1/negatives/pairs/N00766/right/Main.java,p02612,p02621,s496616768.java,s457442366.java,83,83,0,0,26
N00767,/Users/liuziqi/Documents/西大Graduate/Project_base/Code/Meng_ProjectBased_DetectCodeSimilar/code-sim/results/formal-v1/negatives/pairs/N00767/left/Main.java,/Users/liuziqi/Documents/西大Graduate/Project_base/Code/Meng_ProjectBased_DetectCodeSimilar/code-sim/results/formal-v1/negatives/pairs/N00767/right/Main.java,p03136,p03109,s225593540.java,s413439070.java,158,158,3,3,15
N00768,/Users/liuziqi/Documents/西大Graduate/Project_base/Code/Meng_ProjectBased_DetectCodeSimilar/code-sim/results/formal-v1/negatives/pairs/N00768/left/Main.java,/Users/liuziqi/Documents/西大Graduate/Project_base/Code/Meng_ProjectBased_DetectCodeSimilar/code-sim/results/formal-v1/negatives/pairs/N00768/right/Main.java,p03315,p03316,s452272558.java,s674713875.java,113,113,2,2,26
N00769,/Users/liuziqi/Documents/西大Graduate/Project_base/Code/Meng_ProjectBased_DetectCodeSimilar/code-sim/results/formal-v1/negatives/pairs/N00769/left/Main.java,/Users/liuziqi/Documents/西大Graduate/Project_base/Code/Meng_ProjectBased_DetectCodeSimilar/code-sim/results/formal-v1/negatives/pairs/N00769/right/Main.java,p02639,p02612,s815159568.java,s445715731.java,92,92,2,2,16
N00770,/Users/liuziqi/Documents/西大Graduate/Project_base/Code/Meng_ProjectBased_DetectCodeSimilar/code-sim/results/formal-v1/negatives/pairs/N00770/left/Main.java,/Users/liuziqi/Documents/西大Graduate/Project_base/Code/Meng_ProjectBased_DetectCodeSimilar/code-sim/results/formal-v1/negatives/pairs/N00770/right/Main.java,p02417,p02415,s071904991.java,s907395682.java,182,182,4,4,14
N00771,/Users/liuziqi/Documents/西大Graduate/Project_base/Code/Meng_ProjectBased_DetectCodeSimilar/code-sim/results/formal-v1/negatives/pairs/N00771/left/Main.java,/Users/liuziqi/Documents/西大Graduate/Project_base/Code/Meng_ProjectBased_DetectCodeSimilar/code-sim/results/formal-v1/negatives/pairs/N00771/right/Main.java,p03695,p02629,s154645388.java,s334034944.java,1623,1622,28,40,10
N00772,/Users/liuziqi/Documents/西大Graduate/Project_base/Code/Meng_ProjectBased_DetectCodeSimilar/code-sim/results/formal-v1/negatives/pairs/N00772/left/Main.java,/Users/liuziqi/Documents/西大Graduate/Project_base/Code/Meng_ProjectBased_DetectCodeSimilar/code-sim/results/formal-v1/negatives/pairs/N00772/right/Main.java,p03455,p03456,s819173853.java,s028309580.java,128,128,1,1,23
N00773,/Users/liuziqi/Documents/西大Graduate/Project_base/Code/Meng_ProjectBased_DetectCodeSimilar/code-sim/results/formal-v1/negatives/pairs/N00773/left/Main.java,/Users/liuziqi/Documents/西大Graduate/Project_base/Code/Meng_ProjectBased_DetectCodeSimilar/code-sim/results/formal-v1/negatives/pairs/N00773/right/Main.java,p03289,p03261,s504104187.java,s542070548.java,236,236,5,7,17
N00774,/Users/liuziqi/Documents/西大Graduate/Project_base/Code/Meng_ProjectBased_DetectCodeSimilar/code-sim/results/formal-v1/negatives/pairs/N00774/left/Main.java,/Users/liuziqi/Documents/西大Graduate/Project_base/Code/Meng_ProjectBased_DetectCodeSimilar/code-sim/results/formal-v1/negatives/pairs/N00774/right/Main.java,p00007,p00005,s931344802.java,s343320477.java,166,166,2,2,8
N00775,/Users/liuziqi/Documents/西大Graduate/Project_base/Code/Meng_ProjectBased_DetectCodeSimilar/code-sim/results/formal-v1/negatives/pairs/N00775/left/Main.java,/Users/liuziqi/Documents/西大Graduate/Project_base/Code/Meng_ProjectBased_DetectCodeSimilar/code-sim/results/formal-v1/negatives/pairs/N00775/right/Main.java,p02417,p02419,s306380231.java,s394068324.java,149,149,3,4,28
N00776,/Users/liuziqi/Documents/西大Graduate/Project_base/Code/Meng_ProjectBased_DetectCodeSimilar/code-sim/results/formal-v1/negatives/pairs/N00776/left/Main.java,/Users/liuziqi/Documents/西大Graduate/Project_base/Code/Meng_ProjectBased_DetectCodeSimilar/code-sim/results/formal-v1/negatives/pairs/N00776/right/Main.java,p04044,p00001,s514124022.java,s696445822.java,146,147,2,2,9
N00777,/Users/liuziqi/Documents/西大Graduate/Project_base/Code/Meng_ProjectBased_DetectCodeSimilar/code-sim/results/formal-v1/negatives/pairs/N00777/left/Main.java,/Users/liuziqi/Documents/西大Graduate/Project_base/Code/Meng_ProjectBased_DetectCodeSimilar/code-sim/results/formal-v1/negatives/pairs/N00777/right/Main.java,p02547,p02420,s167621388.java,s833558090.java,137,137,3,3,27
N00778,/Users/liuziqi/Documents/西大Graduate/Project_base/Code/Meng_ProjectBased_DetectCodeSimilar/code-sim/results/formal-v1/negatives/pairs/N00778/left/Main.java,/Users/liuziqi/Documents/西大Graduate/Project_base/Code/Meng_ProjectBased_DetectCodeSimilar/code-sim/results/formal-v1/negatives/pairs/N00778/right/Main.java,p03720,p03775,s774446713.java,s159174947.java,137,137,2,2,15
N00779,/Users/liuziqi/Documents/西大Graduate/Project_base/Code/Meng_ProjectBased_DetectCodeSimilar/code-sim/results/formal-v1/negatives/pairs/N00779/left/Main.java,/Users/liuziqi/Documents/西大Graduate/Project_base/Code/Meng_ProjectBased_DetectCodeSimilar/code-sim/results/formal-v1/negatives/pairs/N00779/right/Main.java,p02621,p02612,s511033469.java,s086501213.java,76,76,0,0,11
N00780,/Users/liuziqi/Documents/西大Graduate/Project_base/Code/Meng_ProjectBased_DetectCodeSimilar/code-sim/results/formal-v1/negatives/pairs/N00780/left/Main.java,/Users/liuziqi/Documents/西大Graduate/Project_base/Code/Meng_ProjectBased_DetectCodeSimilar/code-sim/results/formal-v1/negatives/pairs/N00780/right/Main.java,p02934,p02946,s940710425.java,s604363484.java,185,185,1,1,11
N00781,/Users/liuziqi/Documents/西大Graduate/Project_base/Code/Meng_ProjectBased_DetectCodeSimilar/code-sim/results/formal-v1/negatives/pairs/N00781/left/Main.java,/Users/liuziqi/Documents/西大Graduate/Project_base/Code/Meng_ProjectBased_DetectCodeSimilar/code-sim/results/formal-v1/negatives/pairs/N00781/right/Main.java,p02396,p02397,s860977069.java,s044210806.java,120,120,3,3,17
N00782,/Users/liuziqi/Documents/西大Graduate/Project_base/Code/Meng_ProjectBased_DetectCodeSimilar/code-sim/results/formal-v1/negatives/pairs/N00782/left/Main.java,/Users/liuziqi/Documents/西大Graduate/Project_base/Code/Meng_ProjectBased_DetectCodeSimilar/code-sim/results/formal-v1/negatives/pairs/N00782/right/Main.java,p02829,p02640,s389750950.java,s738428850.java,382,382,2,2,22
N00783,/Users/liuziqi/Documents/西大Graduate/Project_base/Code/Meng_ProjectBased_DetectCodeSimilar/code-sim/results/formal-v1/negatives/pairs/N00783/left/Main.java,/Users/liuziqi/Documents/西大Graduate/Project_base/Code/Meng_ProjectBased_DetectCodeSimilar/code-sim/results/formal-v1/negatives/pairs/N00783/right/Main.java,p03000,p03012,s514003252.java,s334230871.java,208,208,5,4,14
N00784,/Users/liuziqi/Documents/西大Graduate/Project_base/Code/Meng_ProjectBased_DetectCodeSimilar/code-sim/results/formal-v1/negatives/pairs/N00784/left/Main.java,/Users/liuziqi/Documents/西大Graduate/Project_base/Code/Meng_ProjectBased_DetectCodeSimilar/code-sim/results/formal-v1/negatives/pairs/N00784/right/Main.java,p02258,p02264,s490793689.java,s933165215.java,333,333,3,4,10
N00785,/Users/liuziqi/Documents/西大Graduate/Project_base/Code/Meng_ProjectBased_DetectCodeSimilar/code-sim/results/formal-v1/negatives/pairs/N00785/left/Main.java,/Users/liuziqi/Documents/西大Graduate/Project_base/Code/Meng_ProjectBased_DetectCodeSimilar/code-sim/results/formal-v1/negatives/pairs/N00785/right/Main.java,p02777,p02779,s418052921.java,s237625948.java,133,133,2,2,17
N00786,/Users/liuziqi/Documents/西大Graduate/Project_base/Code/Meng_ProjectBased_DetectCodeSimilar/code-sim/results/formal-v1/negatives/pairs/N00786/left/Main.java,/Users/liuziqi/Documents/西大Graduate/Project_base/Code/Meng_ProjectBased_DetectCodeSimilar/code-sim/results/formal-v1/negatives/pairs/N00786/right/Main.java,p02777,p02778,s691019675.java,s102230587.java,130,130,1,1,15
N00787,/Users/liuziqi/Documents/西大Graduate/Project_base/Code/Meng_ProjectBased_DetectCodeSimilar/code-sim/results/formal-v1/negatives/pairs/N00787/left/Main.java,/Users/liuziqi/Documents/西大Graduate/Project_base/Code/Meng_ProjectBased_DetectCodeSimilar/code-sim/results/formal-v1/negatives/pairs/N00787/right/Main.java,p02408,p02411,s900606042.java,s502591899.java,415,415,10,9,15
N00788,/Users/liuziqi/Documents/西大Graduate/Project_base/Code/Meng_ProjectBased_DetectCodeSimilar/code-sim/results/formal-v1/negatives/pairs/N00788/left/Main.java,/Users/liuziqi/Documents/西大Graduate/Project_base/Code/Meng_ProjectBased_DetectCodeSimilar/code-sim/results/formal-v1/negatives/pairs/N00788/right/Main.java,p02934,p02922,s521353361.java,s647597379.java,88,88,1,1,27
N00789,/Users/liuziqi/Documents/西大Graduate/Project_base/Code/Meng_ProjectBased_DetectCodeSimilar/code-sim/results/formal-v1/negatives/pairs/N00789/left/Main.java,/Users/liuziqi/Documents/西大Graduate/Project_base/Code/Meng_ProjectBased_DetectCodeSimilar/code-sim/results/formal-v1/negatives/pairs/N00789/right/Main.java,p02784,p02783,s726064775.java,s436105252.java,116,116,2,2,17
N00790,/Users/liuziqi/Documents/西大Graduate/Project_base/Code/Meng_ProjectBased_DetectCodeSimilar/code-sim/results/formal-v1/negatives/pairs/N00790/left/Main.java,/Users/liuziqi/Documents/西大Graduate/Project_base/Code/Meng_ProjectBased_DetectCodeSimilar/code-sim/results/formal-v1/negatives/pairs/N00790/right/Main.java,p02724,p02923,s217968437.java,s121761540.java,363,363,7,6,11
N00791,/Users/liuziqi/Documents/西大Graduate/Project_base/Code/Meng_ProjectBased_DetectCodeSimilar/code-sim/results/formal-v1/negatives/pairs/N00791/left/Main.java,/Users/liuziqi/Documents/西大Graduate/Project_base/Code/Meng_ProjectBased_DetectCodeSimilar/code-sim/results/formal-v1/negatives/pairs/N00791/right/Main.java,p02394,p02392,s348906191.java,s323626866.java,180,180,1,1,13
N00792,/Users/liuziqi/Documents/西大Graduate/Project_base/Code/Meng_ProjectBased_DetectCodeSimilar/code-sim/results/formal-v1/negatives/pairs/N00792/left/Main.java,/Users/liuziqi/Documents/西大Graduate/Project_base/Code/Meng_ProjectBased_DetectCodeSimilar/code-sim/results/formal-v1/negatives/pairs/N00792/right/Main.java,p02831,p02836,s932294774.java,s087064143.java,131,131,2,2,14
N00793,/Users/liuziqi/Documents/西大Graduate/Project_base/Code/Meng_ProjectBased_DetectCodeSimilar/code-sim/results/formal-v1/negatives/pairs/N00793/left/Main.java,/Users/liuziqi/Documents/西大Graduate/Project_base/Code/Meng_ProjectBased_DetectCodeSimilar/code-sim/results/formal-v1/negatives/pairs/N00793/right/Main.java,p02880,p02881,s450576002.java,s157762380.java,139,139,4,3,15
N00794,/Users/liuziqi/Documents/西大Graduate/Project_base/Code/Meng_ProjectBased_DetectCodeSimilar/code-sim/results/formal-v1/negatives/pairs/N00794/left/Main.java,/Users/liuziqi/Documents/西大Graduate/Project_base/Code/Meng_ProjectBased_DetectCodeSimilar/code-sim/results/formal-v1/negatives/pairs/N00794/right/Main.java,p03136,p03146,s466651599.java,s053297530.java,141,141,3,3,26
N00795,/Users/liuziqi/Documents/西大Graduate/Project_base/Code/Meng_ProjectBased_DetectCodeSimilar/code-sim/results/formal-v1/negatives/pairs/N00795/left/Main.java,/Users/liuziqi/Documents/西大Graduate/Project_base/Code/Meng_ProjectBased_DetectCodeSimilar/code-sim/results/formal-v1/negatives/pairs/N00795/right/Main.java,p02396,p03545,s358079641.java,s256016363.java,432,431,6,5,10
N00796,/Users/liuziqi/Documents/西大Graduate/Project_base/Code/Meng_ProjectBased_DetectCodeSimilar/code-sim/results/formal-v1/negatives/pairs/N00796/left/Main.java,/Users/liuziqi/Documents/西大Graduate/Project_base/Code/Meng_ProjectBased_DetectCodeSimilar/code-sim/results/formal-v1/negatives/pairs/N00796/right/Main.java,p02773,p02802,s582914057.java,s752646914.java,318,318,9,9,28
N00797,/Users/liuziqi/Documents/西大Graduate/Project_base/Code/Meng_ProjectBased_DetectCodeSimilar/code-sim/results/formal-v1/negatives/pairs/N00797/left/Main.java,/Users/liuziqi/Documents/西大Graduate/Project_base/Code/Meng_ProjectBased_DetectCodeSimilar/code-sim/results/formal-v1/negatives/pairs/N00797/right/Main.java,p02983,p02989,s792965166.java,s934078626.java,405,405,4,5,15
N00798,/Users/liuziqi/Documents/西大Graduate/Project_base/Code/Meng_ProjectBased_DetectCodeSimilar/code-sim/results/formal-v1/negatives/pairs/N00798/left/Main.java,/Users/liuziqi/Documents/西大Graduate/Project_base/Code/Meng_ProjectBased_DetectCodeSimilar/code-sim/results/formal-v1/negatives/pairs/N00798/right/Main.java,p02415,p02412,s282449153.java,s877556804.java,158,158,4,5,9
N00799,/Users/liuziqi/Documents/西大Graduate/Project_base/Code/Meng_ProjectBased_DetectCodeSimilar/code-sim/results/formal-v1/negatives/pairs/N00799/left/Main.java,/Users/liuziqi/Documents/西大Graduate/Project_base/Code/Meng_ProjectBased_DetectCodeSimilar/code-sim/results/formal-v1/negatives/pairs/N00799/right/Main.java,p02268,p02260,s683069309.java,s514340740.java,285,285,7,7,12
N00800,/Users/liuziqi/Documents/西大Graduate/Project_base/Code/Meng_ProjectBased_DetectCodeSimilar/code-sim/results/formal-v1/negatives/pairs/N00800/left/Main.java,/Users/liuziqi/Documents/西大Graduate/Project_base/Code/Meng_ProjectBased_DetectCodeSimilar/code-sim/results/formal-v1/negatives/pairs/N00800/right/Main.java,p02777,p02778,s694971185.java,s343802268.java,120,120,1,1,22
N00801,/Users/liuziqi/Documents/西大Graduate/Project_base/Code/Meng_ProjectBased_DetectCodeSimilar/code-sim/results/formal-v1/negatives/pairs/N00801/left/Main.java,/Users/liuziqi/Documents/西大Graduate/Project_base/Code/Meng_ProjectBased_DetectCodeSimilar/code-sim/results/formal-v1/negatives/pairs/N00801/right/Main.java,p00001,p00003,s956379923.java,s311283486.java,171,171,4,3,17
N00802,/Users/liuziqi/Documents/西大Graduate/Project_base/Code/Meng_ProjectBased_DetectCodeSimilar/code-sim/results/formal-v1/negatives/pairs/N00802/left/Main.java,/Users/liuziqi/Documents/西大Graduate/Project_base/Code/Meng_ProjectBased_DetectCodeSimilar/code-sim/results/formal-v1/negatives/pairs/N00802/right/Main.java,p02403,p02401,s100153322.java,s897118577.java,165,165,4,5,12
N00803,/Users/liuziqi/Documents/西大Graduate/Project_base/Code/Meng_ProjectBased_DetectCodeSimilar/code-sim/results/formal-v1/negatives/pairs/N00803/left/Main.java,/Users/liuziqi/Documents/西大Graduate/Project_base/Code/Meng_ProjectBased_DetectCodeSimilar/code-sim/results/formal-v1/negatives/pairs/N00803/right/Main.java,p02946,p02952,s468329484.java,s092615819.java,141,141,3,3,23
N00804,/Users/liuziqi/Documents/西大Graduate/Project_base/Code/Meng_ProjectBased_DetectCodeSimilar/code-sim/results/formal-v1/negatives/pairs/N00804/left/Main.java,/Users/liuziqi/Documents/西大Graduate/Project_base/Code/Meng_ProjectBased_DetectCodeSimilar/code-sim/results/formal-v1/negatives/pairs/N00804/right/Main.java,p02819,p02829,s524233993.java,s012276421.java,95,95,2,2,28
N00805,/Users/liuziqi/Documents/西大Graduate/Project_base/Code/Meng_ProjectBased_DetectCodeSimilar/code-sim/results/formal-v1/negatives/pairs/N00805/left/Main.java,/Users/liuziqi/Documents/西大Graduate/Project_base/Code/Meng_ProjectBased_DetectCodeSimilar/code-sim/results/formal-v1/negatives/pairs/N00805/right/Main.java,p00007,p00006,s173789476.java,s752067251.java,103,103,2,2,17
N00806,/Users/liuziqi/Documents/西大Graduate/Project_base/Code/Meng_ProjectBased_DetectCodeSimilar/code-sim/results/formal-v1/negatives/pairs/N00806/left/Main.java,/Users/liuziqi/Documents/西大Graduate/Project_base/Code/Meng_ProjectBased_DetectCodeSimilar/code-sim/results/formal-v1/negatives/pairs/N00806/right/Main.java,p02909,p02880,s896920738.java,s740569426.java,110,110,4,4,13
N00807,/Users/liuziqi/Documents/西大Graduate/Project_base/Code/Meng_ProjectBased_DetectCodeSimilar/code-sim/results/formal-v1/negatives/pairs/N00807/left/Main.java,/Users/liuziqi/Documents/西大Graduate/Project_base/Code/Meng_ProjectBased_DetectCodeSimilar/code-sim/results/formal-v1/negatives/pairs/N00807/right/Main.java,p03107,p02730,s787135240.java,s610681407.java,1221,1221,30,27,9
N00808,/Users/liuziqi/Documents/西大Graduate/Project_base/Code/Meng_ProjectBased_DetectCodeSimilar/code-sim/results/formal-v1/negatives/pairs/N00808/left/Main.java,/Users/liuziqi/Documents/西大Graduate/Project_base/Code/Meng_ProjectBased_DetectCodeSimilar/code-sim/results/formal-v1/negatives/pairs/N00808/right/Main.java,p02754,p02730,s699621290.java,s351065992.java,177,177,1,1,23
N00809,/Users/liuziqi/Documents/西大Graduate/Project_base/Code/Meng_ProjectBased_DetectCodeSimilar/code-sim/results/formal-v1/negatives/pairs/N00809/left/Main.java,/Users/liuziqi/Documents/西大Graduate/Project_base/Code/Meng_ProjectBased_DetectCodeSimilar/code-sim/results/formal-v1/negatives/pairs/N00809/right/Main.java,p02640,p02677,s907695703.java,s049797295.java,167,167,1,1,14
N00810,/Users/liuziqi/Documents/西大Graduate/Project_base/Code/Meng_ProjectBased_DetectCodeSimilar/code-sim/results/formal-v1/negatives/pairs/N00810/left/Main.java,/Users/liuziqi/Documents/西大Graduate/Project_base/Code/Meng_ProjectBased_DetectCodeSimilar/code-sim/results/formal-v1/negatives/pairs/N00810/right/Main.java,p03998,p00003,s455633263.java,s330489063.java,327,328,7,5,9
N00811,/Users/liuziqi/Documents/西大Graduate/Project_base/Code/Meng_ProjectBased_DetectCodeSimilar/code-sim/results/formal-v1/negatives/pairs/N00811/left/Main.java,/Users/liuziqi/Documents/西大Graduate/Project_base/Code/Meng_ProjectBased_DetectCodeSimilar/code-sim/results/formal-v1/negatives/pairs/N00811/right/Main.java,p02693,p02682,s223725448.java,s716727352.java,134,134,2,2,28
N00812,/Users/liuziqi/Documents/西大Graduate/Project_base/Code/Meng_ProjectBased_DetectCodeSimilar/code-sim/results/formal-v1/negatives/pairs/N00812/left/Main.java,/Users/liuziqi/Documents/西大Graduate/Project_base/Code/Meng_ProjectBased_DetectCodeSimilar/code-sim/results/formal-v1/negatives/pairs/N00812/right/Main.java,p02958,p02957,s647564222.java,s435063343.java,148,148,3,3,15
N00813,/Users/liuziqi/Documents/西大Graduate/Project_base/Code/Meng_ProjectBased_DetectCodeSimilar/code-sim/results/formal-v1/negatives/pairs/N00813/left/Main.java,/Users/liuziqi/Documents/西大Graduate/Project_base/Code/Meng_ProjectBased_DetectCodeSimilar/code-sim/results/formal-v1/negatives/pairs/N00813/right/Main.java,p03073,p03076,s093905429.java,s284122658.java,237,237,6,7,12
N00814,/Users/liuziqi/Documents/西大Graduate/Project_base/Code/Meng_ProjectBased_DetectCodeSimilar/code-sim/results/formal-v1/negatives/pairs/N00814/left/Main.java,/Users/liuziqi/Documents/西大Graduate/Project_base/Code/Meng_ProjectBased_DetectCodeSimilar/code-sim/results/formal-v1/negatives/pairs/N00814/right/Main.java,p02899,p02909,s727918489.java,s423580111.java,147,147,3,3,25
N00815,/Users/liuziqi/Documents/西大Graduate/Project_base/Code/Meng_ProjectBased_DetectCodeSimilar/code-sim/results/formal-v1/negatives/pairs/N00815/left/Main.java,/Users/liuziqi/Documents/西大Graduate/Project_base/Code/Meng_ProjectBased_DetectCodeSimilar/code-sim/results/formal-v1/negatives/pairs/N00815/right/Main.java,p02953,p02982,s855300737.java,s760988009.java,257,257,8,6,17
N00816,/Users/liuziqi/Documents/西大Graduate/Project_base/Code/Meng_ProjectBased_DetectCodeSimilar/code-sim/results/formal-v1/negatives/pairs/N00816/left/Main.java,/Users/liuziqi/Documents/西大Graduate/Project_base/Code/Meng_ProjectBased_DetectCodeSimilar/code-sim/results/formal-v1/negatives/pairs/N00816/right/Main.java,p02717,p02719,s869646152.java,s084514221.java,83,83,0,0,17
N00817,/Users/liuziqi/Documents/西大Graduate/Project_base/Code/Meng_ProjectBased_DetectCodeSimilar/code-sim/results/formal-v1/negatives/pairs/N00817/left/Main.java,/Users/liuziqi/Documents/西大Graduate/Project_base/Code/Meng_ProjectBased_DetectCodeSimilar/code-sim/results/formal-v1/negatives/pairs/N00817/right/Main.java,p03371,p03352,s616391046.java,s950468287.java,220,220,1,1,17
N00818,/Users/liuziqi/Documents/西大Graduate/Project_base/Code/Meng_ProjectBased_DetectCodeSimilar/code-sim/results/formal-v1/negatives/pairs/N00818/left/Main.java,/Users/liuziqi/Documents/西大Graduate/Project_base/Code/Meng_ProjectBased_DetectCodeSimilar/code-sim/results/formal-v1/negatives/pairs/N00818/right/Main.java,p02790,p02771,s159977506.java,s068086894.java,701,701,16,14,16
N00819,/Users/liuziqi/Documents/西大Graduate/Project_base/Code/Meng_ProjectBased_DetectCodeSimilar/code-sim/results/formal-v1/negatives/pairs/N00819/left/Main.java,/Users/liuziqi/Documents/西大Graduate/Project_base/Code/Meng_ProjectBased_DetectCodeSimilar/code-sim/results/formal-v1/negatives/pairs/N00819/right/Main.java,p03448,p03370,s231530024.java,s505865395.java,853,853,11,14,16
N00820,/Users/liuziqi/Documents/西大Graduate/Project_base/Code/Meng_ProjectBased_DetectCodeSimilar/code-sim/results/formal-v1/negatives/pairs/N00820/left/Main.java,/Users/liuziqi/Documents/西大Graduate/Project_base/Code/Meng_ProjectBased_DetectCodeSimilar/code-sim/results/formal-v1/negatives/pairs/N00820/right/Main.java,p02396,p02398,s743192362.java,s308399435.java,140,140,2,2,15
N00821,/Users/liuziqi/Documents/西大Graduate/Project_base/Code/Meng_ProjectBased_DetectCodeSimilar/code-sim/results/formal-v1/negatives/pairs/N00821/left/Main.java,/Users/liuziqi/Documents/西大Graduate/Project_base/Code/Meng_ProjectBased_DetectCodeSimilar/code-sim/results/formal-v1/negatives/pairs/N00821/right/Main.java,p02784,p02779,s285647997.java,s484227026.java,118,118,2,2,27
N00822,/Users/liuziqi/Documents/西大Graduate/Project_base/Code/Meng_ProjectBased_DetectCodeSimilar/code-sim/results/formal-v1/negatives/pairs/N00822/left/Main.java,/Users/liuziqi/Documents/西大Graduate/Project_base/Code/Meng_ProjectBased_DetectCodeSimilar/code-sim/results/formal-v1/negatives/pairs/N00822/right/Main.java,p02753,p02713,s489088713.java,s088230717.java,545,545,10,11,20
N00823,/Users/liuziqi/Documents/西大Graduate/Project_base/Code/Meng_ProjectBased_DetectCodeSimilar/code-sim/results/formal-v1/negatives/pairs/N00823/left/Main.java,/Users/liuziqi/Documents/西大Graduate/Project_base/Code/Meng_ProjectBased_DetectCodeSimilar/code-sim/results/formal-v1/negatives/pairs/N00823/right/Main.java,p02981,p02957,s828646960.java,s379801775.java,81,81,1,1,11
N00824,/Users/liuziqi/Documents/西大Graduate/Project_base/Code/Meng_ProjectBased_DetectCodeSimilar/code-sim/results/formal-v1/negatives/pairs/N00824/left/Main.java,/Users/liuziqi/Documents/西大Graduate/Project_base/Code/Meng_ProjectBased_DetectCodeSimilar/code-sim/results/formal-v1/negatives/pairs/N00824/right/Main.java,p02766,p02778,s853908235.java,s209903329.java,90,90,1,1,17
N00825,/Users/liuziqi/Documents/西大Graduate/Project_base/Code/Meng_ProjectBased_DetectCodeSimilar/code-sim/results/formal-v1/negatives/pairs/N00825/left/Main.java,/Users/liuziqi/Documents/西大Graduate/Project_base/Code/Meng_ProjectBased_DetectCodeSimilar/code-sim/results/formal-v1/negatives/pairs/N00825/right/Main.java,p03059,p03041,s923630459.java,s760859717.java,133,133,0,0,22
N00826,/Users/liuziqi/Documents/西大Graduate/Project_base/Code/Meng_ProjectBased_DetectCodeSimilar/code-sim/results/formal-v1/negatives/pairs/N00826/left/Main.java,/Users/liuziqi/Documents/西大Graduate/Project_base/Code/Meng_ProjectBased_DetectCodeSimilar/code-sim/results/formal-v1/negatives/pairs/N00826/right/Main.java,p03775,p02705,s402149367.java,s191415575.java,622,623,18,15,18
N00827,/Users/liuziqi/Documents/西大Graduate/Project_base/Code/Meng_ProjectBased_DetectCodeSimilar/code-sim/results/formal-v1/negatives/pairs/N00827/left/Main.java,/Users/liuziqi/Documents/西大Graduate/Project_base/Code/Meng_ProjectBased_DetectCodeSimilar/code-sim/results/formal-v1/negatives/pairs/N00827/right/Main.java,p02687,p02552,s758468317.java,s880574605.java,54,55,1,1,11
N00828,/Users/liuziqi/Documents/西大Graduate/Project_base/Code/Meng_ProjectBased_DetectCodeSimilar/code-sim/results/formal-v1/negatives/pairs/N00828/left/Main.java,/Users/liuziqi/Documents/西大Graduate/Project_base/Code/Meng_ProjectBased_DetectCodeSimilar/code-sim/results/formal-v1/negatives/pairs/N00828/right/Main.java,p03545,p03494,s742054083.java,s569844547.java,281,281,4,5,11
N00829,/Users/liuziqi/Documents/西大Graduate/Project_base/Code/Meng_ProjectBased_DetectCodeSimilar/code-sim/results/formal-v1/negatives/pairs/N00829/left/Main.java,/Users/liuziqi/Documents/西大Graduate/Project_base/Code/Meng_ProjectBased_DetectCodeSimilar/code-sim/results/formal-v1/negatives/pairs/N00829/right/Main.java,p02694,p02699,s897432504.java,s541935644.java,94,94,1,1,17
N00830,/Users/liuziqi/Documents/西大Graduate/Project_base/Code/Meng_ProjectBased_DetectCodeSimilar/code-sim/results/formal-v1/negatives/pairs/N00830/left/Main.java,/Users/liuziqi/Documents/西大Graduate/Project_base/Code/Meng_ProjectBased_DetectCodeSimilar/code-sim/results/formal-v1/negatives/pairs/N00830/right/Main.java,p02880,p02819,s563063847.java,s986077327.java,135,135,5,5,15
N00831,/Users/liuziqi/Documents/西大Graduate/Project_base/Code/Meng_ProjectBased_DetectCodeSimilar/code-sim/results/formal-v1/negatives/pairs/N00831/left/Main.java,/Users/liuziqi/Documents/西大Graduate/Project_base/Code/Meng_ProjectBased_DetectCodeSimilar/code-sim/results/formal-v1/negatives/pairs/N00831/right/Main.java,p02403,p02402,s004256290.java,s459828680.java,180,180,5,4,11
N00832,/Users/liuziqi/Documents/西大Graduate/Project_base/Code/Meng_ProjectBased_DetectCodeSimilar/code-sim/results/formal-v1/negatives/pairs/N00832/left/Main.java,/Users/liuziqi/Documents/西大Graduate/Project_base/Code/Meng_ProjectBased_DetectCodeSimilar/code-sim/results/formal-v1/negatives/pairs/N00832/right/Main.java,p03448,p03435,s668885021.java,s057813075.java,218,218,4,3,23
N00833,/Users/liuziqi/Documents/西大Graduate/Project_base/Code/Meng_ProjectBased_DetectCodeSimilar/code-sim/results/formal-v1/negatives/pairs/N00833/left/Main.java,/Users/liuziqi/Documents/西大Graduate/Project_base/Code/Meng_ProjectBased_DetectCodeSimilar/code-sim/results/formal-v1/negatives/pairs/N00833/right/Main.java,p03378,p03289,s080078833.java,s951602530.java,238,238,6,7,27
N00834,/Users/liuziqi/Documents/西大Graduate/Project_base/Code/Meng_ProjectBased_DetectCodeSimilar/code-sim/results/formal-v1/negatives/pairs/N00834/left/Main.java,/Users/liuziqi/Documents/西大Graduate/Project_base/Code/Meng_ProjectBased_DetectCodeSimilar/code-sim/results/formal-v1/negatives/pairs/N00834/right/Main.java,p02675,p02677,s554799092.java,s416551143.java,212,212,2,2,13
N00835,/Users/liuziqi/Documents/西大Graduate/Project_base/Code/Meng_ProjectBased_DetectCodeSimilar/code-sim/results/formal-v1/negatives/pairs/N00835/left/Main.java,/Users/liuziqi/Documents/西大Graduate/Project_base/Code/Meng_ProjectBased_DetectCodeSimilar/code-sim/results/formal-v1/negatives/pairs/N00835/right/Main.java,p02952,p02951,s384073597.java,s503006860.java,130,130,2,2,17
N00836,/Users/liuziqi/Documents/西大Graduate/Project_base/Code/Meng_ProjectBased_DetectCodeSimilar/code-sim/results/formal-v1/negatives/pairs/N00836/left/Main.java,/Users/liuziqi/Documents/西大Graduate/Project_base/Code/Meng_ProjectBased_DetectCodeSimilar/code-sim/results/formal-v1/negatives/pairs/N00836/right/Main.java,p03285,p03282,s288550035.java,s819704542.java,138,138,3,4,21
N00837,/Users/liuziqi/Documents/西大Graduate/Project_base/Code/Meng_ProjectBased_DetectCodeSimilar/code-sim/results/formal-v1/negatives/pairs/N00837/left/Main.java,/Users/liuziqi/Documents/西大Graduate/Project_base/Code/Meng_ProjectBased_DetectCodeSimilar/code-sim/results/formal-v1/negatives/pairs/N00837/right/Main.java,p02402,p02406,s270894598.java,s188645398.java,127,127,3,3,26
N00838,/Users/liuziqi/Documents/西大Graduate/Project_base/Code/Meng_ProjectBased_DetectCodeSimilar/code-sim/results/formal-v1/negatives/pairs/N00838/left/Main.java,/Users/liuziqi/Documents/西大Graduate/Project_base/Code/Meng_ProjectBased_DetectCodeSimilar/code-sim/results/formal-v1/negatives/pairs/N00838/right/Main.java,p03076,p03075,s789136871.java,s623524055.java,202,202,5,6,17
N00839,/Users/liuziqi/Documents/西大Graduate/Project_base/Code/Meng_ProjectBased_DetectCodeSimilar/code-sim/results/formal-v1/negatives/pairs/N00839/left/Main.java,/Users/liuziqi/Documents/西大Graduate/Project_base/Code/Meng_ProjectBased_DetectCodeSimilar/code-sim/results/formal-v1/negatives/pairs/N00839/right/Main.java,p03720,p03680,s612639043.java,s273674650.java,142,142,3,3,26
N00840,/Users/liuziqi/Documents/西大Graduate/Project_base/Code/Meng_ProjectBased_DetectCodeSimilar/code-sim/results/formal-v1/negatives/pairs/N00840/left/Main.java,/Users/liuziqi/Documents/西大Graduate/Project_base/Code/Meng_ProjectBased_DetectCodeSimilar/code-sim/results/formal-v1/negatives/pairs/N00840/right/Main.java,p03835,p04030,s741856256.java,s090027324.java,143,143,3,3,27
N00841,/Users/liuziqi/Documents/西大Graduate/Project_base/Code/Meng_ProjectBased_DetectCodeSimilar/code-sim/results/formal-v1/negatives/pairs/N00841/left/Main.java,/Users/liuziqi/Documents/西大Graduate/Project_base/Code/Meng_ProjectBased_DetectCodeSimilar/code-sim/results/formal-v1/negatives/pairs/N00841/right/Main.java,p02399,p02394,s702680164.java,s217812515.java,141,141,1,1,14
N00842,/Users/liuziqi/Documents/西大Graduate/Project_base/Code/Meng_ProjectBased_DetectCodeSimilar/code-sim/results/formal-v1/negatives/pairs/N00842/left/Main.java,/Users/liuziqi/Documents/西大Graduate/Project_base/Code/Meng_ProjectBased_DetectCodeSimilar/code-sim/results/formal-v1/negatives/pairs/N00842/right/Main.java,p02987,p02989,s118593247.java,s296744876.java,138,138,1,1,13
N00843,/Users/liuziqi/Documents/西大Graduate/Project_base/Code/Meng_ProjectBased_DetectCodeSimilar/code-sim/results/formal-v1/negatives/pairs/N00843/left/Main.java,/Users/liuziqi/Documents/西大Graduate/Project_base/Code/Meng_ProjectBased_DetectCodeSimilar/code-sim/results/formal-v1/negatives/pairs/N00843/right/Main.java,p03285,p03281,s511847298.java,s859114257.java,144,144,5,5,22
N00844,/Users/liuziqi/Documents/西大Graduate/Project_base/Code/Meng_ProjectBased_DetectCodeSimilar/code-sim/results/formal-v1/negatives/pairs/N00844/left/Main.java,/Users/liuziqi/Documents/西大Graduate/Project_base/Code/Meng_ProjectBased_DetectCodeSimilar/code-sim/results/formal-v1/negatives/pairs/N00844/right/Main.java,p02953,p02971,s450731921.java,s858429167.java,236,236,7,5,17
N00845,/Users/liuziqi/Documents/西大Graduate/Project_base/Code/Meng_ProjectBased_DetectCodeSimilar/code-sim/results/formal-v1/negatives/pairs/N00845/left/Main.java,/Users/liuziqi/Documents/西大Graduate/Project_base/Code/Meng_ProjectBased_DetectCodeSimilar/code-sim/results/formal-v1/negatives/pairs/N00845/right/Main.java,p03109,p03107,s137111356.java,s682778819.java,125,125,2,2,17
N00846,/Users/liuziqi/Documents/西大Graduate/Project_base/Code/Meng_ProjectBased_DetectCodeSimilar/code-sim/results/formal-v1/negatives/pairs/N00846/left/Main.java,/Users/liuziqi/Documents/西大Graduate/Project_base/Code/Meng_ProjectBased_DetectCodeSimilar/code-sim/results/formal-v1/negatives/pairs/N00846/right/Main.java,p03035,p03013,s000895179.java,s216343481.java,413,413,10,10,20
N00847,/Users/liuziqi/Documents/西大Graduate/Project_base/Code/Meng_ProjectBased_DetectCodeSimilar/code-sim/results/formal-v1/negatives/pairs/N00847/left/Main.java,/Users/liuziqi/Documents/西大Graduate/Project_base/Code/Meng_ProjectBased_DetectCodeSimilar/code-sim/results/formal-v1/negatives/pairs/N00847/right/Main.java,p02390,p02392,s591130426.java,s270816874.java,103,103,1,1,11
N00848,/Users/liuziqi/Documents/西大Graduate/Project_base/Code/Meng_ProjectBased_DetectCodeSimilar/code-sim/results/formal-v1/negatives/pairs/N00848/left/Main.java,/Users/liuziqi/Documents/西大Graduate/Project_base/Code/Meng_ProjectBased_DetectCodeSimilar/code-sim/results/formal-v1/negatives/pairs/N00848/right/Main.java,p03239,p03242,s999696224.java,s076451271.java,229,229,4,4,22
N00849,/Users/liuziqi/Documents/西大Graduate/Project_base/Code/Meng_ProjectBased_DetectCodeSimilar/code-sim/results/formal-v1/negatives/pairs/N00849/left/Main.java,/Users/liuziqi/Documents/西大Graduate/Project_base/Code/Meng_ProjectBased_DetectCodeSimilar/code-sim/results/formal-v1/negatives/pairs/N00849/right/Main.java,p02988,p02994,s581977609.java,s102026673.java,175,175,3,3,28
N00850,/Users/liuziqi/Documents/西大Graduate/Project_base/Code/Meng_ProjectBased_DetectCodeSimilar/code-sim/results/formal-v1/negatives/pairs/N00850/left/Main.java,/Users/liuziqi/Documents/西大Graduate/Project_base/Code/Meng_ProjectBased_DetectCodeSimilar/code-sim/results/formal-v1/negatives/pairs/N00850/right/Main.java,p02897,p02879,s343817823.java,s984398059.java,99,99,1,1,15
N00851,/Users/liuziqi/Documents/西大Graduate/Project_base/Code/Meng_ProjectBased_DetectCodeSimilar/code-sim/results/formal-v1/negatives/pairs/N00851/left/Main.java,/Users/liuziqi/Documents/西大Graduate/Project_base/Code/Meng_ProjectBased_DetectCodeSimilar/code-sim/results/formal-v1/negatives/pairs/N00851/right/Main.java,p02880,p02772,s114283456.java,s307014296.java,145,145,5,4,17
N00852,/Users/liuziqi/Documents/西大Graduate/Project_base/Code/Meng_ProjectBased_DetectCodeSimilar/code-sim/results/formal-v1/negatives/pairs/N00852/left/Main.java,/Users/liuziqi/Documents/西大Graduate/Project_base/Code/Meng_ProjectBased_DetectCodeSimilar/code-sim/results/formal-v1/negatives/pairs/N00852/right/Main.java,p00003,p00002,s479076368.java,s217401894.java,157,157,2,2,14
N00853,/Users/liuziqi/Documents/西大Graduate/Project_base/Code/Meng_ProjectBased_DetectCodeSimilar/code-sim/results/formal-v1/negatives/pairs/N00853/left/Main.java,/Users/liuziqi/Documents/西大Graduate/Project_base/Code/Meng_ProjectBased_DetectCodeSimilar/code-sim/results/formal-v1/negatives/pairs/N00853/right/Main.java,p02830,p02831,s101587093.java,s969954988.java,204,204,1,1,13
N00854,/Users/liuziqi/Documents/西大Graduate/Project_base/Code/Meng_ProjectBased_DetectCodeSimilar/code-sim/results/formal-v1/negatives/pairs/N00854/left/Main.java,/Users/liuziqi/Documents/西大Graduate/Project_base/Code/Meng_ProjectBased_DetectCodeSimilar/code-sim/results/formal-v1/negatives/pairs/N00854/right/Main.java,p02700,p02706,s472668325.java,s043760579.java,140,140,4,4,23
N00855,/Users/liuziqi/Documents/西大Graduate/Project_base/Code/Meng_ProjectBased_DetectCodeSimilar/code-sim/results/formal-v1/negatives/pairs/N00855/left/Main.java,/Users/liuziqi/Documents/西大Graduate/Project_base/Code/Meng_ProjectBased_DetectCodeSimilar/code-sim/results/formal-v1/negatives/pairs/N00855/right/Main.java,p03102,p03086,s195569259.java,s136631079.java,192,192,4,4,27
N00856,/Users/liuziqi/Documents/西大Graduate/Project_base/Code/Meng_ProjectBased_DetectCodeSimilar/code-sim/results/formal-v1/negatives/pairs/N00856/left/Main.java,/Users/liuziqi/Documents/西大Graduate/Project_base/Code/Meng_ProjectBased_DetectCodeSimilar/code-sim/results/formal-v1/negatives/pairs/N00856/right/Main.java,p02778,p02771,s241849769.java,s901528502.java,143,143,1,1,16
N00857,/Users/liuziqi/Documents/西大Graduate/Project_base/Code/Meng_ProjectBased_DetectCodeSimilar/code-sim/results/formal-v1/negatives/pairs/N00857/left/Main.java,/Users/liuziqi/Documents/西大Graduate/Project_base/Code/Meng_ProjectBased_DetectCodeSimilar/code-sim/results/formal-v1/negatives/pairs/N00857/right/Main.java,p00001,p04030,s008485993.java,s579884698.java,212,211,4,5,11
N00858,/Users/liuziqi/Documents/西大Graduate/Project_base/Code/Meng_ProjectBased_DetectCodeSimilar/code-sim/results/formal-v1/negatives/pairs/N00858/left/Main.java,/Users/liuziqi/Documents/西大Graduate/Project_base/Code/Meng_ProjectBased_DetectCodeSimilar/code-sim/results/formal-v1/negatives/pairs/N00858/right/Main.java,p02922,p02613,s791535546.java,s041854280.java,261,261,1,1,10
N00859,/Users/liuziqi/Documents/西大Graduate/Project_base/Code/Meng_ProjectBased_DetectCodeSimilar/code-sim/results/formal-v1/negatives/pairs/N00859/left/Main.java,/Users/liuziqi/Documents/西大Graduate/Project_base/Code/Meng_ProjectBased_DetectCodeSimilar/code-sim/results/formal-v1/negatives/pairs/N00859/right/Main.java,p02389,p03632,s884355355.java,s077471738.java,155,154,0,0,23
N00860,/Users/liuziqi/Documents/西大Graduate/Project_base/Code/Meng_ProjectBased_DetectCodeSimilar/code-sim/results/formal-v1/negatives/pairs/N00860/left/Main.java,/Users/liuziqi/Documents/西大Graduate/Project_base/Code/Meng_ProjectBased_DetectCodeSimilar/code-sim/results/formal-v1/negatives/pairs/N00860/right/Main.java,p03041,p03043,s876850766.java,s307236024.java,137,137,2,2,28
N00861,/Users/liuziqi/Documents/西大Graduate/Project_base/Code/Meng_ProjectBased_DetectCodeSimilar/code-sim/results/formal-v1/negatives/pairs/N00861/left/Main.java,/Users/liuziqi/Documents/西大Graduate/Project_base/Code/Meng_ProjectBased_DetectCodeSimilar/code-sim/results/formal-v1/negatives/pairs/N00861/right/Main.java,p02392,p00007,s425344114.java,s579088750.java,114,114,1,1,10
N00862,/Users/liuziqi/Documents/西大Graduate/Project_base/Code/Meng_ProjectBased_DetectCodeSimilar/code-sim/results/formal-v1/negatives/pairs/N00862/left/Main.java,/Users/liuziqi/Documents/西大Graduate/Project_base/Code/Meng_ProjectBased_DetectCodeSimilar/code-sim/results/formal-v1/negatives/pairs/N00862/right/Main.java,p03695,p03371,s247577650.java,s076446820.java,1131,1131,25,34,24
N00863,/Users/liuziqi/Documents/西大Graduate/Project_base/Code/Meng_ProjectBased_DetectCodeSimilar/code-sim/results/formal-v1/negatives/pairs/N00863/left/Main.java,/Users/liuziqi/Documents/西大Graduate/Project_base/Code/Meng_ProjectBased_DetectCodeSimilar/code-sim/results/formal-v1/negatives/pairs/N00863/right/Main.java,p02899,p02910,s890454428.java,s678860824.java,157,157,2,2,16
N00864,/Users/liuziqi/Documents/西大Graduate/Project_base/Code/Meng_ProjectBased_DetectCodeSimilar/code-sim/results/formal-v1/negatives/pairs/N00864/left/Main.java,/Users/liuziqi/Documents/西大Graduate/Project_base/Code/Meng_ProjectBased_DetectCodeSimilar/code-sim/results/formal-v1/negatives/pairs/N00864/right/Main.java,p02987,p02959,s023575375.java,s490279697.java,283,283,6,5,11
N00865,/Users/liuziqi/Documents/西大Graduate/Project_base/Code/Meng_ProjectBased_DetectCodeSimilar/code-sim/results/formal-v1/negatives/pairs/N00865/left/Main.java,/Users/liuziqi/Documents/西大Graduate/Project_base/Code/Meng_ProjectBased_DetectCodeSimilar/code-sim/results/formal-v1/negatives/pairs/N00865/right/Main.java,p02983,p02971,s827480661.java,s524762820.java,160,160,3,3,19
N00866,/Users/liuziqi/Documents/西大Graduate/Project_base/Code/Meng_ProjectBased_DetectCodeSimilar/code-sim/results/formal-v1/negatives/pairs/N00866/left/Main.java,/Users/liuziqi/Documents/西大Graduate/Project_base/Code/Meng_ProjectBased_DetectCodeSimilar/code-sim/results/formal-v1/negatives/pairs/N00866/right/Main.java,p02723,p02719,s928790568.java,s528299544.java,111,111,1,1,17
N00867,/Users/liuziqi/Documents/西大Graduate/Project_base/Code/Meng_ProjectBased_DetectCodeSimilar/code-sim/results/formal-v1/negatives/pairs/N00867/left/Main.java,/Users/liuziqi/Documents/西大Graduate/Project_base/Code/Meng_ProjectBased_DetectCodeSimilar/code-sim/results/formal-v1/negatives/pairs/N00867/right/Main.java,p02767,p02755,s140738140.java,s267189669.java,186,186,4,3,17
N00868,/Users/liuziqi/Documents/西大Graduate/Project_base/Code/Meng_ProjectBased_DetectCodeSimilar/code-sim/results/formal-v1/negatives/pairs/N00868/left/Main.java,/Users/liuziqi/Documents/西大Graduate/Project_base/Code/Meng_ProjectBased_DetectCodeSimilar/code-sim/results/formal-v1/negatives/pairs/N00868/right/Main.java,p03494,p02621,s000070940.java,s577365744.java,837,838,24,19,16
N00869,/Users/liuziqi/Documents/西大Graduate/Project_base/Code/Meng_ProjectBased_DetectCodeSimilar/code-sim/results/formal-v1/negatives/pairs/N00869/left/Main.java,/Users/liuziqi/Documents/西大Graduate/Project_base/Code/Meng_ProjectBased_DetectCodeSimilar/code-sim/results/formal-v1/negatives/pairs/N00869/right/Main.java,p03371,p02627,s734531567.java,s077359931.java,982,982,24,19,11
N00870,/Users/liuziqi/Documents/西大Graduate/Project_base/Code/Meng_ProjectBased_DetectCodeSimilar/code-sim/results/formal-v1/negatives/pairs/N00870/left/Main.java,/Users/liuziqi/Documents/西大Graduate/Project_base/Code/Meng_ProjectBased_DetectCodeSimilar/code-sim/results/formal-v1/negatives/pairs/N00870/right/Main.java,p02887,p02886,s137088233.java,s300528491.java,183,183,3,3,28
N00871,/Users/liuziqi/Documents/西大Graduate/Project_base/Code/Meng_ProjectBased_DetectCodeSimilar/code-sim/results/formal-v1/negatives/pairs/N00871/left/Main.java,/Users/liuziqi/Documents/西大Graduate/Project_base/Code/Meng_ProjectBased_DetectCodeSimilar/code-sim/results/formal-v1/negatives/pairs/N00871/right/Main.java,p02700,p02694,s082263815.java,s736712174.java,165,165,1,1,15
N00872,/Users/liuziqi/Documents/西大Graduate/Project_base/Code/Meng_ProjectBased_DetectCodeSimilar/code-sim/results/formal-v1/negatives/pairs/N00872/left/Main.java,/Users/liuziqi/Documents/西大Graduate/Project_base/Code/Meng_ProjectBased_DetectCodeSimilar/code-sim/results/formal-v1/negatives/pairs/N00872/right/Main.java,p02819,p02802,s924880001.java,s280802229.java,662,662,10,7,11
N00873,/Users/liuziqi/Documents/西大Graduate/Project_base/Code/Meng_ProjectBased_DetectCodeSimilar/code-sim/results/formal-v1/negatives/pairs/N00873/left/Main.java,/Users/liuziqi/Documents/西大Graduate/Project_base/Code/Meng_ProjectBased_DetectCodeSimilar/code-sim/results/formal-v1/negatives/pairs/N00873/right/Main.java,p03695,p02263,s958044045.java,s361229144.java,308,309,13,10,15
N00874,/Users/liuziqi/Documents/西大Graduate/Project_base/Code/Meng_ProjectBased_DetectCodeSimilar/code-sim/results/formal-v1/negatives/pairs/N00874/left/Main.java,/Users/liuziqi/Documents/西大Graduate/Project_base/Code/Meng_ProjectBased_DetectCodeSimilar/code-sim/results/formal-v1/negatives/pairs/N00874/right/Main.java,p02831,p02836,s454206666.java,s016399829.java,127,127,2,2,25
N00875,/Users/liuziqi/Documents/西大Graduate/Project_base/Code/Meng_ProjectBased_DetectCodeSimilar/code-sim/results/formal-v1/negatives/pairs/N00875/left/Main.java,/Users/liuziqi/Documents/西大Graduate/Project_base/Code/Meng_ProjectBased_DetectCodeSimilar/code-sim/results/formal-v1/negatives/pairs/N00875/right/Main.java,p03087,p03102,s539248275.java,s908624647.java,287,287,4,4,13
N00876,/Users/liuziqi/Documents/西大Graduate/Project_base/Code/Meng_ProjectBased_DetectCodeSimilar/code-sim/results/formal-v1/negatives/pairs/N00876/left/Main.java,/Users/liuziqi/Documents/西大Graduate/Project_base/Code/Meng_ProjectBased_DetectCodeSimilar/code-sim/results/formal-v1/negatives/pairs/N00876/right/Main.java,p03011,p03035,s649512818.java,s906691976.java,161,161,2,2,11
N00877,/Users/liuziqi/Documents/西大Graduate/Project_base/Code/Meng_ProjectBased_DetectCodeSimilar/code-sim/results/formal-v1/negatives/pairs/N00877/left/Main.java,/Users/liuziqi/Documents/西大Graduate/Project_base/Code/Meng_ProjectBased_DetectCodeSimilar/code-sim/results/formal-v1/negatives/pairs/N00877/right/Main.java,p02791,p02773,s933903001.java,s463074175.java,260,260,4,4,19
N00878,/Users/liuziqi/Documents/西大Graduate/Project_base/Code/Meng_ProjectBased_DetectCodeSimilar/code-sim/results/formal-v1/negatives/pairs/N00878/left/Main.java,/Users/liuziqi/Documents/西大Graduate/Project_base/Code/Meng_ProjectBased_DetectCodeSimilar/code-sim/results/formal-v1/negatives/pairs/N00878/right/Main.java,p02410,p02409,s117636503.java,s111913763.java,356,356,7,8,15
N00879,/Users/liuziqi/Documents/西大Graduate/Project_base/Code/Meng_ProjectBased_DetectCodeSimilar/code-sim/results/formal-v1/negatives/pairs/N00879/left/Main.java,/Users/liuziqi/Documents/西大Graduate/Project_base/Code/Meng_ProjectBased_DetectCodeSimilar/code-sim/results/formal-v1/negatives/pairs/N00879/right/Main.java,p02705,p02701,s013509363.java,s541753124.java,89,89,1,1,14
N00880,/Users/liuziqi/Documents/西大Graduate/Project_base/Code/Meng_ProjectBased_DetectCodeSimilar/code-sim/results/formal-v1/negatives/pairs/N00880/left/Main.java,/Users/liuziqi/Documents/西大Graduate/Project_base/Code/Meng_ProjectBased_DetectCodeSimilar/code-sim/results/formal-v1/negatives/pairs/N00880/right/Main.java,p03001,p03011,s680681153.java,s972582503.java,158,158,1,1,12
N00881,/Users/liuziqi/Documents/西大Graduate/Project_base/Code/Meng_ProjectBased_DetectCodeSimilar/code-sim/results/formal-v1/negatives/pairs/N00881/left/Main.java,/Users/liuziqi/Documents/西大Graduate/Project_base/Code/Meng_ProjectBased_DetectCodeSimilar/code-sim/results/formal-v1/negatives/pairs/N00881/right/Main.java,p02393,p02381,s446364007.java,s842462584.java,248,248,7,5,9
N00882,/Users/liuziqi/Documents/西大Graduate/Project_base/Code/Meng_ProjectBased_DetectCodeSimilar/code-sim/results/formal-v1/negatives/pairs/N00882/left/Main.java,/Users/liuziqi/Documents/西大Graduate/Project_base/Code/Meng_ProjectBased_DetectCodeSimilar/code-sim/results/formal-v1/negatives/pairs/N00882/right/Main.java,p02571,p02578,s869382741.java,s296331431.java,169,169,3,4,27
N00883,/Users/liuziqi/Documents/西大Graduate/Project_base/Code/Meng_ProjectBased_DetectCodeSimilar/code-sim/results/formal-v1/negatives/pairs/N00883/left/Main.java,/Users/liuziqi/Documents/西大Graduate/Project_base/Code/Meng_ProjectBased_DetectCodeSimilar/code-sim/results/formal-v1/negatives/pairs/N00883/right/Main.java,p02785,p02767,s396530549.java,s745454344.java,220,220,4,3,26
N00884,/Users/liuziqi/Documents/西大Graduate/Project_base/Code/Meng_ProjectBased_DetectCodeSimilar/code-sim/results/formal-v1/negatives/pairs/N00884/left/Main.java,/Users/liuziqi/Documents/西大Graduate/Project_base/Code/Meng_ProjectBased_DetectCodeSimilar/code-sim/results/formal-v1/negatives/pairs/N00884/right/Main.java,p02256,p02391,s953515738.java,s406350306.java,134,134,2,2,23
N00885,/Users/liuziqi/Documents/西大Graduate/Project_base/Code/Meng_ProjectBased_DetectCodeSimilar/code-sim/results/formal-v1/negatives/pairs/N00885/left/Main.java,/Users/liuziqi/Documents/西大Graduate/Project_base/Code/Meng_ProjectBased_DetectCodeSimilar/code-sim/results/formal-v1/negatives/pairs/N00885/right/Main.java,p02847,p02848,s834186378.java,s541772670.java,155,155,2,2,13
N00886,/Users/liuziqi/Documents/西大Graduate/Project_base/Code/Meng_ProjectBased_DetectCodeSimilar/code-sim/results/formal-v1/negatives/pairs/N00886/left/Main.java,/Users/liuziqi/Documents/西大Graduate/Project_base/Code/Meng_ProjectBased_DetectCodeSimilar/code-sim/results/formal-v1/negatives/pairs/N00886/right/Main.java,p02946,p02922,s767628138.java,s537539614.java,119,119,2,2,17
N00887,/Users/liuziqi/Documents/西大Graduate/Project_base/Code/Meng_ProjectBased_DetectCodeSimilar/code-sim/results/formal-v1/negatives/pairs/N00887/left/Main.java,/Users/liuziqi/Documents/西大Graduate/Project_base/Code/Meng_ProjectBased_DetectCodeSimilar/code-sim/results/formal-v1/negatives/pairs/N00887/right/Main.java,p02982,p02989,s623245408.java,s096395712.java,398,398,6,6,16
N00888,/Users/liuziqi/Documents/西大Graduate/Project_base/Code/Meng_ProjectBased_DetectCodeSimilar/code-sim/results/formal-v1/negatives/pairs/N00888/left/Main.java,/Users/liuziqi/Documents/西大Graduate/Project_base/Code/Meng_ProjectBased_DetectCodeSimilar/code-sim/results/formal-v1/negatives/pairs/N00888/right/Main.java,p02576,p02621,s705716011.java,s521061547.java,97,97,0,0,16
N00889,/Users/liuziqi/Documents/西大Graduate/Project_base/Code/Meng_ProjectBased_DetectCodeSimilar/code-sim/results/formal-v1/negatives/pairs/N00889/left/Main.java,/Users/liuziqi/Documents/西大Graduate/Project_base/Code/Meng_ProjectBased_DetectCodeSimilar/code-sim/results/formal-v1/negatives/pairs/N00889/right/Main.java,p02658,p02641,s618974799.java,s909652185.java,197,197,5,4,27
N00890,/Users/liuziqi/Documents/西大Graduate/Project_base/Code/Meng_ProjectBased_DetectCodeSimilar/code-sim/results/formal-v1/negatives/pairs/N00890/left/Main.java,/Users/liuziqi/Documents/西大Graduate/Project_base/Code/Meng_ProjectBased_DetectCodeSimilar/code-sim/results/formal-v1/negatives/pairs/N00890/right/Main.java,p03308,p03371,s768830011.java,s222481019.java,331,331,5,5,9
N00891,/Users/liuziqi/Documents/西大Graduate/Project_base/Code/Meng_ProjectBased_DetectCodeSimilar/code-sim/results/formal-v1/negatives/pairs/N00891/left/Main.java,/Users/liuziqi/Documents/西大Graduate/Project_base/Code/Meng_ProjectBased_DetectCodeSimilar/code-sim/results/formal-v1/negatives/pairs/N00891/right/Main.java,p03434,p03448,s973293709.java,s078259643.java,211,211,5,7,28
N00892,/Users/liuziqi/Documents/西大Graduate/Project_base/Code/Meng_ProjectBased_DetectCodeSimilar/code-sim/results/formal-v1/negatives/pairs/N00892/left/Main.java,/Users/liuziqi/Documents/西大Graduate/Project_base/Code/Meng_ProjectBased_DetectCodeSimilar/code-sim/results/formal-v1/negatives/pairs/N00892/right/Main.java,p02818,p02785,s863700179.java,s289314906.java,283,283,3,3,16
N00893,/Users/liuziqi/Documents/西大Graduate/Project_base/Code/Meng_ProjectBased_DetectCodeSimilar/code-sim/results/formal-v1/negatives/pairs/N00893/left/Main.java,/Users/liuziqi/Documents/西大Graduate/Project_base/Code/Meng_ProjectBased_DetectCodeSimilar/code-sim/results/formal-v1/negatives/pairs/N00893/right/Main.java,p02766,p02778,s729382010.java,s074249778.java,89,89,1,1,13
N00894,/Users/liuziqi/Documents/西大Graduate/Project_base/Code/Meng_ProjectBased_DetectCodeSimilar/code-sim/results/formal-v1/negatives/pairs/N00894/left/Main.java,/Users/liuziqi/Documents/西大Graduate/Project_base/Code/Meng_ProjectBased_DetectCodeSimilar/code-sim/results/formal-v1/negatives/pairs/N00894/right/Main.java,p03434,p03292,s389402522.java,s153853289.java,265,265,5,6,16
N00895,/Users/liuziqi/Documents/西大Graduate/Project_base/Code/Meng_ProjectBased_DetectCodeSimilar/code-sim/results/formal-v1/negatives/pairs/N00895/left/Main.java,/Users/liuziqi/Documents/西大Graduate/Project_base/Code/Meng_ProjectBased_DetectCodeSimilar/code-sim/results/formal-v1/negatives/pairs/N00895/right/Main.java,p02917,p02911,s062400497.java,s834718926.java,193,193,3,4,14
N00896,/Users/liuziqi/Documents/西大Graduate/Project_base/Code/Meng_ProjectBased_DetectCodeSimilar/code-sim/results/formal-v1/negatives/pairs/N00896/left/Main.java,/Users/liuziqi/Documents/西大Graduate/Project_base/Code/Meng_ProjectBased_DetectCodeSimilar/code-sim/results/formal-v1/negatives/pairs/N00896/right/Main.java,p02676,p02681,s956265198.java,s721245910.java,101,101,1,1,27
N00897,/Users/liuziqi/Documents/西大Graduate/Project_base/Code/Meng_ProjectBased_DetectCodeSimilar/code-sim/results/formal-v1/negatives/pairs/N00897/left/Main.java,/Users/liuziqi/Documents/西大Graduate/Project_base/Code/Meng_ProjectBased_DetectCodeSimilar/code-sim/results/formal-v1/negatives/pairs/N00897/right/Main.java,p02391,p02392,s697933407.java,s844178091.java,154,154,3,3,10
N00898,/Users/liuziqi/Documents/西大Graduate/Project_base/Code/Meng_ProjectBased_DetectCodeSimilar/code-sim/results/formal-v1/negatives/pairs/N00898/left/Main.java,/Users/liuziqi/Documents/西大Graduate/Project_base/Code/Meng_ProjectBased_DetectCodeSimilar/code-sim/results/formal-v1/negatives/pairs/N00898/right/Main.java,p03493,p03352,s778029528.java,s663744180.java,118,118,3,3,23
N00899,/Users/liuziqi/Documents/西大Graduate/Project_base/Code/Meng_ProjectBased_DetectCodeSimilar/code-sim/results/formal-v1/negatives/pairs/N00899/left/Main.java,/Users/liuziqi/Documents/西大Graduate/Project_base/Code/Meng_ProjectBased_DetectCodeSimilar/code-sim/results/formal-v1/negatives/pairs/N00899/right/Main.java,p03106,p03107,s963906378.java,s403140629.java,146,146,3,3,17
N00900,/Users/liuziqi/Documents/西大Graduate/Project_base/Code/Meng_ProjectBased_DetectCodeSimilar/code-sim/results/formal-v1/negatives/pairs/N00900/left/Main.java,/Users/liuziqi/Documents/西大Graduate/Project_base/Code/Meng_ProjectBased_DetectCodeSimilar/code-sim/results/formal-v1/negatives/pairs/N00900/right/Main.java,p02627,p02621,s032683359.java,s836326174.java,91,91,1,1,13
N00901,/Users/liuziqi/Documents/西大Graduate/Project_base/Code/Meng_ProjectBased_DetectCodeSimilar/code-sim/results/formal-v1/negatives/pairs/N00901/left/Main.java,/Users/liuziqi/Documents/西大Graduate/Project_base/Code/Meng_ProjectBased_DetectCodeSimilar/code-sim/results/formal-v1/negatives/pairs/N00901/right/Main.java,p02419,p02416,s107970927.java,s942931178.java,118,118,3,3,17
N00902,/Users/liuziqi/Documents/西大Graduate/Project_base/Code/Meng_ProjectBased_DetectCodeSimilar/code-sim/results/formal-v1/negatives/pairs/N00902/left/Main.java,/Users/liuziqi/Documents/西大Graduate/Project_base/Code/Meng_ProjectBased_DetectCodeSimilar/code-sim/results/formal-v1/negatives/pairs/N00902/right/Main.java,p03106,p03076,s359783495.java,s948660895.java,128,128,3,3,15
N00903,/Users/liuziqi/Documents/西大Graduate/Project_base/Code/Meng_ProjectBased_DetectCodeSimilar/code-sim/results/formal-v1/negatives/pairs/N00903/left/Main.java,/Users/liuziqi/Documents/西大Graduate/Project_base/Code/Meng_ProjectBased_DetectCodeSimilar/code-sim/results/formal-v1/negatives/pairs/N00903/right/Main.java,p03161,p02982,s433416209.java,s422789452.java,354,354,5,7,17
N00904,/Users/liuziqi/Documents/西大Graduate/Project_base/Code/Meng_ProjectBased_DetectCodeSimilar/code-sim/results/formal-v1/negatives/pairs/N00904/left/Main.java,/Users/liuziqi/Documents/西大Graduate/Project_base/Code/Meng_ProjectBased_DetectCodeSimilar/code-sim/results/formal-v1/negatives/pairs/N00904/right/Main.java,p03060,p02694,s711125510.java,s039383991.java,827,825,9,7,12
N00905,/Users/liuziqi/Documents/西大Graduate/Project_base/Code/Meng_ProjectBased_DetectCodeSimilar/code-sim/results/formal-v1/negatives/pairs/N00905/left/Main.java,/Users/liuziqi/Documents/西大Graduate/Project_base/Code/Meng_ProjectBased_DetectCodeSimilar/code-sim/results/formal-v1/negatives/pairs/N00905/right/Main.java,p02406,p02407,s840428787.java,s389588209.java,173,173,4,3,13
N00906,/Users/liuziqi/Documents/西大Graduate/Project_base/Code/Meng_ProjectBased_DetectCodeSimilar/code-sim/results/formal-v1/negatives/pairs/N00906/left/Main.java,/Users/liuziqi/Documents/西大Graduate/Project_base/Code/Meng_ProjectBased_DetectCodeSimilar/code-sim/results/formal-v1/negatives/pairs/N00906/right/Main.java,p02413,p02404,s044324238.java,s592696399.java,373,373,7,9,9
N00907,/Users/liuziqi/Documents/西大Graduate/Project_base/Code/Meng_ProjectBased_DetectCodeSimilar/code-sim/results/formal-v1/negatives/pairs/N00907/left/Main.java,/Users/liuziqi/Documents/西大Graduate/Project_base/Code/Meng_ProjectBased_DetectCodeSimilar/code-sim/results/formal-v1/negatives/pairs/N00907/right/Main.java,p03416,p03455,s640660450.java,s019128736.java,127,127,2,2,27
N00908,/Users/liuziqi/Documents/西大Graduate/Project_base/Code/Meng_ProjectBased_DetectCodeSimilar/code-sim/results/formal-v1/negatives/pairs/N00908/left/Main.java,/Users/liuziqi/Documents/西大Graduate/Project_base/Code/Meng_ProjectBased_DetectCodeSimilar/code-sim/results/formal-v1/negatives/pairs/N00908/right/Main.java,p02622,p02595,s443161582.java,s981111031.java,130,130,2,2,28
N00909,/Users/liuziqi/Documents/西大Graduate/Project_base/Code/Meng_ProjectBased_DetectCodeSimilar/code-sim/results/formal-v1/negatives/pairs/N00909/left/Main.java,/Users/liuziqi/Documents/西大Graduate/Project_base/Code/Meng_ProjectBased_DetectCodeSimilar/code-sim/results/formal-v1/negatives/pairs/N00909/right/Main.java,p02258,p02257,s797108315.java,s797633455.java,167,167,5,4,20
N00910,/Users/liuziqi/Documents/西大Graduate/Project_base/Code/Meng_ProjectBased_DetectCodeSimilar/code-sim/results/formal-v1/negatives/pairs/N00910/left/Main.java,/Users/liuziqi/Documents/西大Graduate/Project_base/Code/Meng_ProjectBased_DetectCodeSimilar/code-sim/results/formal-v1/negatives/pairs/N00910/right/Main.java,p03013,p02958,s204770196.java,s370395826.java,320,320,7,10,17
N00911,/Users/liuziqi/Documents/西大Graduate/Project_base/Code/Meng_ProjectBased_DetectCodeSimilar/code-sim/results/formal-v1/negatives/pairs/N00911/left/Main.java,/Users/liuziqi/Documents/西大Graduate/Project_base/Code/Meng_ProjectBased_DetectCodeSimilar/code-sim/results/formal-v1/negatives/pairs/N00911/right/Main.java,p04043,p04044,s528542055.java,s089390451.java,137,137,1,1,17
N00912,/Users/liuziqi/Documents/西大Graduate/Project_base/Code/Meng_ProjectBased_DetectCodeSimilar/code-sim/results/formal-v1/negatives/pairs/N00912/left/Main.java,/Users/liuziqi/Documents/西大Graduate/Project_base/Code/Meng_ProjectBased_DetectCodeSimilar/code-sim/results/formal-v1/negatives/pairs/N00912/right/Main.java,p03308,p03012,s503488262.java,s403175750.java,409,409,3,3,23
N00913,/Users/liuziqi/Documents/西大Graduate/Project_base/Code/Meng_ProjectBased_DetectCodeSimilar/code-sim/results/formal-v1/negatives/pairs/N00913/left/Main.java,/Users/liuziqi/Documents/西大Graduate/Project_base/Code/Meng_ProjectBased_DetectCodeSimilar/code-sim/results/formal-v1/negatives/pairs/N00913/right/Main.java,p02881,p02819,s751169795.java,s098057265.java,626,626,19,18,21
N00914,/Users/liuziqi/Documents/西大Graduate/Project_base/Code/Meng_ProjectBased_DetectCodeSimilar/code-sim/results/formal-v1/negatives/pairs/N00914/left/Main.java,/Users/liuziqi/Documents/西大Graduate/Project_base/Code/Meng_ProjectBased_DetectCodeSimilar/code-sim/results/formal-v1/negatives/pairs/N00914/right/Main.java,p03370,p03371,s423732175.java,s586309218.java,175,175,2,2,17
N00915,/Users/liuziqi/Documents/西大Graduate/Project_base/Code/Meng_ProjectBased_DetectCodeSimilar/code-sim/results/formal-v1/negatives/pairs/N00915/left/Main.java,/Users/liuziqi/Documents/西大Graduate/Project_base/Code/Meng_ProjectBased_DetectCodeSimilar/code-sim/results/formal-v1/negatives/pairs/N00915/right/Main.java,p02688,p02693,s232694603.java,s540747164.java,156,156,4,4,21
N00916,/Users/liuziqi/Documents/西大Graduate/Project_base/Code/Meng_ProjectBased_DetectCodeSimilar/code-sim/results/formal-v1/negatives/pairs/N00916/left/Main.java,/Users/liuziqi/Documents/西大Graduate/Project_base/Code/Meng_ProjectBased_DetectCodeSimilar/code-sim/results/formal-v1/negatives/pairs/N00916/right/Main.java,p02419,p02420,s828863369.java,s123764614.java,161,161,4,4,13
N00917,/Users/liuziqi/Documents/西大Graduate/Project_base/Code/Meng_ProjectBased_DetectCodeSimilar/code-sim/results/formal-v1/negatives/pairs/N00917/left/Main.java,/Users/liuziqi/Documents/西大Graduate/Project_base/Code/Meng_ProjectBased_DetectCodeSimilar/code-sim/results/formal-v1/negatives/pairs/N00917/right/Main.java,p02398,p02396,s582020147.java,s970578418.java,104,104,2,2,13
N00918,/Users/liuziqi/Documents/西大Graduate/Project_base/Code/Meng_ProjectBased_DetectCodeSimilar/code-sim/results/formal-v1/negatives/pairs/N00918/left/Main.java,/Users/liuziqi/Documents/西大Graduate/Project_base/Code/Meng_ProjectBased_DetectCodeSimilar/code-sim/results/formal-v1/negatives/pairs/N00918/right/Main.java,p03478,p03474,s475670705.java,s979744826.java,176,176,3,4,20
N00919,/Users/liuziqi/Documents/西大Graduate/Project_base/Code/Meng_ProjectBased_DetectCodeSimilar/code-sim/results/formal-v1/negatives/pairs/N00919/left/Main.java,/Users/liuziqi/Documents/西大Graduate/Project_base/Code/Meng_ProjectBased_DetectCodeSimilar/code-sim/results/formal-v1/negatives/pairs/N00919/right/Main.java,p02399,p02400,s356450597.java,s047345453.java,102,102,0,0,14
N00920,/Users/liuziqi/Documents/西大Graduate/Project_base/Code/Meng_ProjectBased_DetectCodeSimilar/code-sim/results/formal-v1/negatives/pairs/N00920/left/Main.java,/Users/liuziqi/Documents/西大Graduate/Project_base/Code/Meng_ProjectBased_DetectCodeSimilar/code-sim/results/formal-v1/negatives/pairs/N00920/right/Main.java,p02712,p02711,s901484350.java,s154283475.java,108,108,2,2,22
N00921,/Users/liuziqi/Documents/西大Graduate/Project_base/Code/Meng_ProjectBased_DetectCodeSimilar/code-sim/results/formal-v1/negatives/pairs/N00921/left/Main.java,/Users/liuziqi/Documents/西大Graduate/Project_base/Code/Meng_ProjectBased_DetectCodeSimilar/code-sim/results/formal-v1/negatives/pairs/N00921/right/Main.java,p02880,p02881,s978359843.java,s537642730.java,113,113,2,2,23
N00922,/Users/liuziqi/Documents/西大Graduate/Project_base/Code/Meng_ProjectBased_DetectCodeSimilar/code-sim/results/formal-v1/negatives/pairs/N00922/left/Main.java,/Users/liuziqi/Documents/西大Graduate/Project_base/Code/Meng_ProjectBased_DetectCodeSimilar/code-sim/results/formal-v1/negatives/pairs/N00922/right/Main.java,p02724,p02719,s209439934.java,s915794753.java,94,94,0,0,17
N00923,/Users/liuziqi/Documents/西大Graduate/Project_base/Code/Meng_ProjectBased_DetectCodeSimilar/code-sim/results/formal-v1/negatives/pairs/N00923/left/Main.java,/Users/liuziqi/Documents/西大Graduate/Project_base/Code/Meng_ProjectBased_DetectCodeSimilar/code-sim/results/formal-v1/negatives/pairs/N00923/right/Main.java,p02829,p02759,s340429776.java,s971580881.java,66,66,0,0,17
N00924,/Users/liuziqi/Documents/西大Graduate/Project_base/Code/Meng_ProjectBased_DetectCodeSimilar/code-sim/results/formal-v1/negatives/pairs/N00924/left/Main.java,/Users/liuziqi/Documents/西大Graduate/Project_base/Code/Meng_ProjectBased_DetectCodeSimilar/code-sim/results/formal-v1/negatives/pairs/N00924/right/Main.java,p02258,p02256,s723059564.java,s490525039.java,153,153,1,1,21
N00925,/Users/liuziqi/Documents/西大Graduate/Project_base/Code/Meng_ProjectBased_DetectCodeSimilar/code-sim/results/formal-v1/negatives/pairs/N00925/left/Main.java,/Users/liuziqi/Documents/西大Graduate/Project_base/Code/Meng_ProjectBased_DetectCodeSimilar/code-sim/results/formal-v1/negatives/pairs/N00925/right/Main.java,p02917,p02934,s329587401.java,s793082194.java,150,150,1,1,9
N00926,/Users/liuziqi/Documents/西大Graduate/Project_base/Code/Meng_ProjectBased_DetectCodeSimilar/code-sim/results/formal-v1/negatives/pairs/N00926/left/Main.java,/Users/liuziqi/Documents/西大Graduate/Project_base/Code/Meng_ProjectBased_DetectCodeSimilar/code-sim/results/formal-v1/negatives/pairs/N00926/right/Main.java,p02922,p02945,s567760385.java,s364100204.java,91,91,0,0,10
N00927,/Users/liuziqi/Documents/西大Graduate/Project_base/Code/Meng_ProjectBased_DetectCodeSimilar/code-sim/results/formal-v1/negatives/pairs/N00927/left/Main.java,/Users/liuziqi/Documents/西大Graduate/Project_base/Code/Meng_ProjectBased_DetectCodeSimilar/code-sim/results/formal-v1/negatives/pairs/N00927/right/Main.java,p02681,p02409,s465347375.java,s642458725.java,582,582,12,13,16
N00928,/Users/liuziqi/Documents/西大Graduate/Project_base/Code/Meng_ProjectBased_DetectCodeSimilar/code-sim/results/formal-v1/negatives/pairs/N00928/left/Main.java,/Users/liuziqi/Documents/西大Graduate/Project_base/Code/Meng_ProjectBased_DetectCodeSimilar/code-sim/results/formal-v1/negatives/pairs/N00928/right/Main.java,p02981,p02970,s191254689.java,s952354393.java,100,100,1,1,22
N00929,/Users/liuziqi/Documents/西大Graduate/Project_base/Code/Meng_ProjectBased_DetectCodeSimilar/code-sim/results/formal-v1/negatives/pairs/N00929/left/Main.java,/Users/liuziqi/Documents/西大Graduate/Project_base/Code/Meng_ProjectBased_DetectCodeSimilar/code-sim/results/formal-v1/negatives/pairs/N00929/right/Main.java,p03285,p03261,s209785261.java,s569926010.java,204,204,4,4,28
N00930,/Users/liuziqi/Documents/西大Graduate/Project_base/Code/Meng_ProjectBased_DetectCodeSimilar/code-sim/results/formal-v1/negatives/pairs/N00930/left/Main.java,/Users/liuziqi/Documents/西大Graduate/Project_base/Code/Meng_ProjectBased_DetectCodeSimilar/code-sim/results/formal-v1/negatives/pairs/N00930/right/Main.java,p02595,p02659,s242659751.java,s789758307.java,232,232,2,2,16
N00931,/Users/liuziqi/Documents/西大Graduate/Project_base/Code/Meng_ProjectBased_DetectCodeSimilar/code-sim/results/formal-v1/negatives/pairs/N00931/left/Main.java,/Users/liuziqi/Documents/西大Graduate/Project_base/Code/Meng_ProjectBased_DetectCodeSimilar/code-sim/results/formal-v1/negatives/pairs/N00931/right/Main.java,p02911,p02880,s111884429.java,s851664176.java,191,191,3,3,11
N00932,/Users/liuziqi/Documents/西大Graduate/Project_base/Code/Meng_ProjectBased_DetectCodeSimilar/code-sim/results/formal-v1/negatives/pairs/N00932/left/Main.java,/Users/liuziqi/Documents/西大Graduate/Project_base/Code/Meng_ProjectBased_DetectCodeSimilar/code-sim/results/formal-v1/negatives/pairs/N00932/right/Main.java,p03075,p03042,s212212943.java,s631142970.java,226,226,7,5,17
N00933,/Users/liuziqi/Documents/西大Graduate/Project_base/Code/Meng_ProjectBased_DetectCodeSimilar/code-sim/results/formal-v1/negatives/pairs/N00933/left/Main.java,/Users/liuziqi/Documents/西大Graduate/Project_base/Code/Meng_ProjectBased_DetectCodeSimilar/code-sim/results/formal-v1/negatives/pairs/N00933/right/Main.java,p02394,p02402,s880287378.java,s555657408.java,179,179,2,2,11
N00934,/Users/liuziqi/Documents/西大Graduate/Project_base/Code/Meng_ProjectBased_DetectCodeSimilar/code-sim/results/formal-v1/negatives/pairs/N00934/left/Main.java,/Users/liuziqi/Documents/西大Graduate/Project_base/Code/Meng_ProjectBased_DetectCodeSimilar/code-sim/results/formal-v1/negatives/pairs/N00934/right/Main.java,p02911,p02910,s528215901.java,s974315364.java,186,186,4,4,15
N00935,/Users/liuziqi/Documents/西大Graduate/Project_base/Code/Meng_ProjectBased_DetectCodeSimilar/code-sim/results/formal-v1/negatives/pairs/N00935/left/Main.java,/Users/liuziqi/Documents/西大Graduate/Project_base/Code/Meng_ProjectBased_DetectCodeSimilar/code-sim/results/formal-v1/negatives/pairs/N00935/right/Main.java,p03448,p03456,s413287461.java,s390127056.java,185,185,4,5,17
N00936,/Users/liuziqi/Documents/西大Graduate/Project_base/Code/Meng_ProjectBased_DetectCodeSimilar/code-sim/results/formal-v1/negatives/pairs/N00936/left/Main.java,/Users/liuziqi/Documents/西大Graduate/Project_base/Code/Meng_ProjectBased_DetectCodeSimilar/code-sim/results/formal-v1/negatives/pairs/N00936/right/Main.java,p02831,p02836,s873235148.java,s131377318.java,136,136,2,2,21
N00937,/Users/liuziqi/Documents/西大Graduate/Project_base/Code/Meng_ProjectBased_DetectCodeSimilar/code-sim/results/formal-v1/negatives/pairs/N00937/left/Main.java,/Users/liuziqi/Documents/西大Graduate/Project_base/Code/Meng_ProjectBased_DetectCodeSimilar/code-sim/results/formal-v1/negatives/pairs/N00937/right/Main.java,p03281,p03308,s751030279.java,s402666788.java,170,170,6,5,17
N00938,/Users/liuziqi/Documents/西大Graduate/Project_base/Code/Meng_ProjectBased_DetectCodeSimilar/code-sim/results/formal-v1/negatives/pairs/N00938/left/Main.java,/Users/liuziqi/Documents/西大Graduate/Project_base/Code/Meng_ProjectBased_DetectCodeSimilar/code-sim/results/formal-v1/negatives/pairs/N00938/right/Main.java,p02410,p02411,s964619538.java,s469406081.java,222,222,5,7,17
N00939,/Users/liuziqi/Documents/西大Graduate/Project_base/Code/Meng_ProjectBased_DetectCodeSimilar/code-sim/results/formal-v1/negatives/pairs/N00939/left/Main.java,/Users/liuziqi/Documents/西大Graduate/Project_base/Code/Meng_ProjectBased_DetectCodeSimilar/code-sim/results/formal-v1/negatives/pairs/N00939/right/Main.java,p02922,p02970,s728871753.java,s376733507.java,116,116,0,0,9
N00940,/Users/liuziqi/Documents/西大Graduate/Project_base/Code/Meng_ProjectBased_DetectCodeSimilar/code-sim/results/formal-v1/negatives/pairs/N00940/left/Main.java,/Users/liuziqi/Documents/西大Graduate/Project_base/Code/Meng_ProjectBased_DetectCodeSimilar/code-sim/results/formal-v1/negatives/pairs/N00940/right/Main.java,p03998,p02255,s833628973.java,s335665482.java,303,304,7,5,15
N00941,/Users/liuziqi/Documents/西大Graduate/Project_base/Code/Meng_ProjectBased_DetectCodeSimilar/code-sim/results/formal-v1/negatives/pairs/N00941/left/Main.java,/Users/liuziqi/Documents/西大Graduate/Project_base/Code/Meng_ProjectBased_DetectCodeSimilar/code-sim/results/formal-v1/negatives/pairs/N00941/right/Main.java,p02701,p02700,s683712662.java,s777540189.java,153,153,1,1,15
N00942,/Users/liuziqi/Documents/西大Graduate/Project_base/Code/Meng_ProjectBased_DetectCodeSimilar/code-sim/results/formal-v1/negatives/pairs/N00942/left/Main.java,/Users/liuziqi/Documents/西大Graduate/Project_base/Code/Meng_ProjectBased_DetectCodeSimilar/code-sim/results/formal-v1/negatives/pairs/N00942/right/Main.java,p03242,p03243,s045012385.java,s866107101.java,141,141,1,1,12
N00943,/Users/liuziqi/Documents/西大Graduate/Project_base/Code/Meng_ProjectBased_DetectCodeSimilar/code-sim/results/formal-v1/negatives/pairs/N00943/left/Main.java,/Users/liuziqi/Documents/西大Graduate/Project_base/Code/Meng_ProjectBased_DetectCodeSimilar/code-sim/results/formal-v1/negatives/pairs/N00943/right/Main.java,p02577,p02595,s885827013.java,s333360954.java,126,126,2,2,23
N00944,/Users/liuziqi/Documents/西大Graduate/Project_base/Code/Meng_ProjectBased_DetectCodeSimilar/code-sim/results/formal-v1/negatives/pairs/N00944/left/Main.java,/Users/liuziqi/Documents/西大Graduate/Project_base/Code/Meng_ProjectBased_DetectCodeSimilar/code-sim/results/formal-v1/negatives/pairs/N00944/right/Main.java,p02899,p02898,s538999065.java,s094092498.java,157,157,3,3,17
N00945,/Users/liuziqi/Documents/西大Graduate/Project_base/Code/Meng_ProjectBased_DetectCodeSimilar/code-sim/results/formal-v1/negatives/pairs/N00945/left/Main.java,/Users/liuziqi/Documents/西大Graduate/Project_base/Code/Meng_ProjectBased_DetectCodeSimilar/code-sim/results/formal-v1/negatives/pairs/N00945/right/Main.java,p02922,p02911,s834813688.java,s017580896.java,195,195,4,3,25
N00946,/Users/liuziqi/Documents/西大Graduate/Project_base/Code/Meng_ProjectBased_DetectCodeSimilar/code-sim/results/formal-v1/negatives/pairs/N00946/left/Main.java,/Users/liuziqi/Documents/西大Graduate/Project_base/Code/Meng_ProjectBased_DetectCodeSimilar/code-sim/results/formal-v1/negatives/pairs/N00946/right/Main.java,p02392,p02393,s605932708.java,s598866595.java,134,134,1,1,23
N00947,/Users/liuziqi/Documents/西大Graduate/Project_base/Code/Meng_ProjectBased_DetectCodeSimilar/code-sim/results/formal-v1/negatives/pairs/N00947/left/Main.java,/Users/liuziqi/Documents/西大Graduate/Project_base/Code/Meng_ProjectBased_DetectCodeSimilar/code-sim/results/formal-v1/negatives/pairs/N00947/right/Main.java,p02910,p02909,s026701997.java,s396934210.java,123,123,3,3,7
N00948,/Users/liuziqi/Documents/西大Graduate/Project_base/Code/Meng_ProjectBased_DetectCodeSimilar/code-sim/results/formal-v1/negatives/pairs/N00948/left/Main.java,/Users/liuziqi/Documents/西大Graduate/Project_base/Code/Meng_ProjectBased_DetectCodeSimilar/code-sim/results/formal-v1/negatives/pairs/N00948/right/Main.java,p02753,p02777,s657992679.java,s746085559.java,190,190,1,1,15
N00949,/Users/liuziqi/Documents/西大Graduate/Project_base/Code/Meng_ProjectBased_DetectCodeSimilar/code-sim/results/formal-v1/negatives/pairs/N00949/left/Main.java,/Users/liuziqi/Documents/西大Graduate/Project_base/Code/Meng_ProjectBased_DetectCodeSimilar/code-sim/results/formal-v1/negatives/pairs/N00949/right/Main.java,p03059,p03071,s884768671.java,s074872642.java,119,119,2,2,23
N00950,/Users/liuziqi/Documents/西大Graduate/Project_base/Code/Meng_ProjectBased_DetectCodeSimilar/code-sim/results/formal-v1/negatives/pairs/N00950/left/Main.java,/Users/liuziqi/Documents/西大Graduate/Project_base/Code/Meng_ProjectBased_DetectCodeSimilar/code-sim/results/formal-v1/negatives/pairs/N00950/right/Main.java,p02399,p02389,s276272454.java,s990185313.java,84,84,0,0,15
N00951,/Users/liuziqi/Documents/西大Graduate/Project_base/Code/Meng_ProjectBased_DetectCodeSimilar/code-sim/results/formal-v1/negatives/pairs/N00951/left/Main.java,/Users/liuziqi/Documents/西大Graduate/Project_base/Code/Meng_ProjectBased_DetectCodeSimilar/code-sim/results/formal-v1/negatives/pairs/N00951/right/Main.java,p02576,p02570,s465859022.java,s414696863.java,123,123,1,1,9
N00952,/Users/liuziqi/Documents/西大Graduate/Project_base/Code/Meng_ProjectBased_DetectCodeSimilar/code-sim/results/formal-v1/negatives/pairs/N00952/left/Main.java,/Users/liuziqi/Documents/西大Graduate/Project_base/Code/Meng_ProjectBased_DetectCodeSimilar/code-sim/results/formal-v1/negatives/pairs/N00952/right/Main.java,p02982,p03998,s065660153.java,s395279439.java,1071,1070,19,17,14
N00953,/Users/liuziqi/Documents/西大Graduate/Project_base/Code/Meng_ProjectBased_DetectCodeSimilar/code-sim/results/formal-v1/negatives/pairs/N00953/left/Main.java,/Users/liuziqi/Documents/西大Graduate/Project_base/Code/Meng_ProjectBased_DetectCodeSimilar/code-sim/results/formal-v1/negatives/pairs/N00953/right/Main.java,p02886,p02802,s839505542.java,s992715793.java,665,665,12,9,16
N00954,/Users/liuziqi/Documents/西大Graduate/Project_base/Code/Meng_ProjectBased_DetectCodeSimilar/code-sim/results/formal-v1/negatives/pairs/N00954/left/Main.java,/Users/liuziqi/Documents/西大Graduate/Project_base/Code/Meng_ProjectBased_DetectCodeSimilar/code-sim/results/formal-v1/negatives/pairs/N00954/right/Main.java,p02879,p02723,s689871551.java,s447189702.java,647,647,9,8,13
N00955,/Users/liuziqi/Documents/西大Graduate/Project_base/Code/Meng_ProjectBased_DetectCodeSimilar/code-sim/results/formal-v1/negatives/pairs/N00955/left/Main.java,/Users/liuziqi/Documents/西大Graduate/Project_base/Code/Meng_ProjectBased_DetectCodeSimilar/code-sim/results/formal-v1/negatives/pairs/N00955/right/Main.java,p02916,p02812,s632073363.java,s489901502.java,305,305,6,5,11
N00956,/Users/liuziqi/Documents/西大Graduate/Project_base/Code/Meng_ProjectBased_DetectCodeSimilar/code-sim/results/formal-v1/negatives/pairs/N00956/left/Main.java,/Users/liuziqi/Documents/西大Graduate/Project_base/Code/Meng_ProjectBased_DetectCodeSimilar/code-sim/results/formal-v1/negatives/pairs/N00956/right/Main.java,p02887,p02886,s833979584.java,s424334849.java,147,147,3,4,15
N00957,/Users/liuziqi/Documents/西大Graduate/Project_base/Code/Meng_ProjectBased_DetectCodeSimilar/code-sim/results/formal-v1/negatives/pairs/N00957/left/Main.java,/Users/liuziqi/Documents/西大Graduate/Project_base/Code/Meng_ProjectBased_DetectCodeSimilar/code-sim/results/formal-v1/negatives/pairs/N00957/right/Main.java,p02577,p02578,s822753142.java,s619350943.java,124,124,2,2,17
N00958,/Users/liuziqi/Documents/西大Graduate/Project_base/Code/Meng_ProjectBased_DetectCodeSimilar/code-sim/results/formal-v1/negatives/pairs/N00958/left/Main.java,/Users/liuziqi/Documents/西大Graduate/Project_base/Code/Meng_ProjectBased_DetectCodeSimilar/code-sim/results/formal-v1/negatives/pairs/N00958/right/Main.java,p03435,p02995,s583092431.java,s842237243.java,244,244,2,2,22
N00959,/Users/liuziqi/Documents/西大Graduate/Project_base/Code/Meng_ProjectBased_DetectCodeSimilar/code-sim/results/formal-v1/negatives/pairs/N00959/left/Main.java,/Users/liuziqi/Documents/西大Graduate/Project_base/Code/Meng_ProjectBased_DetectCodeSimilar/code-sim/results/formal-v1/negatives/pairs/N00959/right/Main.java,p03109,p03106,s265557193.java,s848031554.java,144,144,2,2,23
N00960,/Users/liuziqi/Documents/西大Graduate/Project_base/Code/Meng_ProjectBased_DetectCodeSimilar/code-sim/results/formal-v1/negatives/pairs/N00960/left/Main.java,/Users/liuziqi/Documents/西大Graduate/Project_base/Code/Meng_ProjectBased_DetectCodeSimilar/code-sim/results/formal-v1/negatives/pairs/N00960/right/Main.java,p02753,p02723,s264253922.java,s982483725.java,107,107,1,1,26
N00961,/Users/liuziqi/Documents/西大Graduate/Project_base/Code/Meng_ProjectBased_DetectCodeSimilar/code-sim/results/formal-v1/negatives/pairs/N00961/left/Main.java,/Users/liuziqi/Documents/西大Graduate/Project_base/Code/Meng_ProjectBased_DetectCodeSimilar/code-sim/results/formal-v1/negatives/pairs/N00961/right/Main.java,p03324,p03325,s617179727.java,s571191011.java,153,153,4,4,13
N00962,/Users/liuziqi/Documents/西大Graduate/Project_base/Code/Meng_ProjectBased_DetectCodeSimilar/code-sim/results/formal-v1/negatives/pairs/N00962/left/Main.java,/Users/liuziqi/Documents/西大Graduate/Project_base/Code/Meng_ProjectBased_DetectCodeSimilar/code-sim/results/formal-v1/negatives/pairs/N00962/right/Main.java,p03449,p03457,s974833237.java,s018362544.java,296,296,4,3,15
N00963,/Users/liuziqi/Documents/西大Graduate/Project_base/Code/Meng_ProjectBased_DetectCodeSimilar/code-sim/results/formal-v1/negatives/pairs/N00963/left/Main.java,/Users/liuziqi/Documents/西大Graduate/Project_base/Code/Meng_ProjectBased_DetectCodeSimilar/code-sim/results/formal-v1/negatives/pairs/N00963/right/Main.java,p03072,p03073,s142705466.java,s302567227.java,158,158,5,4,23
N00964,/Users/liuziqi/Documents/西大Graduate/Project_base/Code/Meng_ProjectBased_DetectCodeSimilar/code-sim/results/formal-v1/negatives/pairs/N00964/left/Main.java,/Users/liuziqi/Documents/西大Graduate/Project_base/Code/Meng_ProjectBased_DetectCodeSimilar/code-sim/results/formal-v1/negatives/pairs/N00964/right/Main.java,p02627,p02688,s813164584.java,s988918416.java,450,450,7,10,17
N00965,/Users/liuziqi/Documents/西大Graduate/Project_base/Code/Meng_ProjectBased_DetectCodeSimilar/code-sim/results/formal-v1/negatives/pairs/N00965/left/Main.java,/Users/liuziqi/Documents/西大Graduate/Project_base/Code/Meng_ProjectBased_DetectCodeSimilar/code-sim/results/formal-v1/negatives/pairs/N00965/right/Main.java,p02922,p03075,s625193083.java,s314371979.java,662,662,20,15,10
N00966,/Users/liuziqi/Documents/西大Graduate/Project_base/Code/Meng_ProjectBased_DetectCodeSimilar/code-sim/results/formal-v1/negatives/pairs/N00966/left/Main.java,/Users/liuziqi/Documents/西大Graduate/Project_base/Code/Meng_ProjectBased_DetectCodeSimilar/code-sim/results/formal-v1/negatives/pairs/N00966/right/Main.java,p02707,p02706,s947332237.java,s972904824.java,114,114,2,2,22
N00967,/Users/liuziqi/Documents/西大Graduate/Project_base/Code/Meng_ProjectBased_DetectCodeSimilar/code-sim/results/formal-v1/negatives/pairs/N00967/left/Main.java,/Users/liuziqi/Documents/西大Graduate/Project_base/Code/Meng_ProjectBased_DetectCodeSimilar/code-sim/results/formal-v1/negatives/pairs/N00967/right/Main.java,p03493,p03835,s605904202.java,s011970491.java,130,130,3,3,23
N00968,/Users/liuziqi/Documents/西大Graduate/Project_base/Code/Meng_ProjectBased_DetectCodeSimilar/code-sim/results/formal-v1/negatives/pairs/N00968/left/Main.java,/Users/liuziqi/Documents/西大Graduate/Project_base/Code/Meng_ProjectBased_DetectCodeSimilar/code-sim/results/formal-v1/negatives/pairs/N00968/right/Main.java,p02766,p02777,s695923249.java,s352806798.java,120,120,2,2,13
N00969,/Users/liuziqi/Documents/西大Graduate/Project_base/Code/Meng_ProjectBased_DetectCodeSimilar/code-sim/results/formal-v1/negatives/pairs/N00969/left/Main.java,/Users/liuziqi/Documents/西大Graduate/Project_base/Code/Meng_ProjectBased_DetectCodeSimilar/code-sim/results/formal-v1/negatives/pairs/N00969/right/Main.java,p03086,p03075,s030472738.java,s601325799.java,144,144,2,2,23
N00970,/Users/liuziqi/Documents/西大Graduate/Project_base/Code/Meng_ProjectBased_DetectCodeSimilar/code-sim/results/formal-v1/negatives/pairs/N00970/left/Main.java,/Users/liuziqi/Documents/西大Graduate/Project_base/Code/Meng_ProjectBased_DetectCodeSimilar/code-sim/results/formal-v1/negatives/pairs/N00970/right/Main.java,p03041,p03035,s044537975.java,s914721653.java,121,121,2,2,22
N00971,/Users/liuziqi/Documents/西大Graduate/Project_base/Code/Meng_ProjectBased_DetectCodeSimilar/code-sim/results/formal-v1/negatives/pairs/N00971/left/Main.java,/Users/liuziqi/Documents/西大Graduate/Project_base/Code/Meng_ProjectBased_DetectCodeSimilar/code-sim/results/formal-v1/negatives/pairs/N00971/right/Main.java,p03087,p03308,s964538310.java,s007321375.java,885,885,15,17,19
N00972,/Users/liuziqi/Documents/西大Graduate/Project_base/Code/Meng_ProjectBased_DetectCodeSimilar/code-sim/results/formal-v1/negatives/pairs/N00972/left/Main.java,/Users/liuziqi/Documents/西大Graduate/Project_base/Code/Meng_ProjectBased_DetectCodeSimilar/code-sim/results/formal-v1/negatives/pairs/N00972/right/Main.java,p02989,p02993,s632842045.java,s594657828.java,210,210,1,1,12
N00973,/Users/liuziqi/Documents/西大Graduate/Project_base/Code/Meng_ProjectBased_DetectCodeSimilar/code-sim/results/formal-v1/negatives/pairs/N00973/left/Main.java,/Users/liuziqi/Documents/西大Graduate/Project_base/Code/Meng_ProjectBased_DetectCodeSimilar/code-sim/results/formal-v1/negatives/pairs/N00973/right/Main.java,p02848,p03059,s162623886.java,s490650432.java,674,674,17,16,17
N00974,/Users/liuziqi/Documents/西大Graduate/Project_base/Code/Meng_ProjectBased_DetectCodeSimilar/code-sim/results/formal-v1/negatives/pairs/N00974/left/Main.java,/Users/liuziqi/Documents/西大Graduate/Project_base/Code/Meng_ProjectBased_DetectCodeSimilar/code-sim/results/formal-v1/negatives/pairs/N00974/right/Main.java,p02405,p02404,s596012165.java,s678829654.java,223,223,6,5,23
N00975,/Users/liuziqi/Documents/西大Graduate/Project_base/Code/Meng_ProjectBased_DetectCodeSimilar/code-sim/results/formal-v1/negatives/pairs/N00975/left/Main.java,/Users/liuziqi/Documents/西大Graduate/Project_base/Code/Meng_ProjectBased_DetectCodeSimilar/code-sim/results/formal-v1/negatives/pairs/N00975/right/Main.java,p02257,p02258,s498199220.java,s165024883.java,211,211,7,5,20
N00976,/Users/liuziqi/Documents/西大Graduate/Project_base/Code/Meng_ProjectBased_DetectCodeSimilar/code-sim/results/formal-v1/negatives/pairs/N00976/left/Main.java,/Users/liuziqi/Documents/西大Graduate/Project_base/Code/Meng_ProjectBased_DetectCodeSimilar/code-sim/results/formal-v1/negatives/pairs/N00976/right/Main.java,p02724,p02723,s539177457.java,s570193962.java,113,113,1,1,17
N00977,/Users/liuziqi/Documents/西大Graduate/Project_base/Code/Meng_ProjectBased_DetectCodeSimilar/code-sim/results/formal-v1/negatives/pairs/N00977/left/Main.java,/Users/liuziqi/Documents/西大Graduate/Project_base/Code/Meng_ProjectBased_DetectCodeSimilar/code-sim/results/formal-v1/negatives/pairs/N00977/right/Main.java,p00002,p00001,s208762466.java,s738494275.java,156,156,2,2,21
N00978,/Users/liuziqi/Documents/西大Graduate/Project_base/Code/Meng_ProjectBased_DetectCodeSimilar/code-sim/results/formal-v1/negatives/pairs/N00978/left/Main.java,/Users/liuziqi/Documents/西大Graduate/Project_base/Code/Meng_ProjectBased_DetectCodeSimilar/code-sim/results/formal-v1/negatives/pairs/N00978/right/Main.java,p02268,p03835,s856984644.java,s738088226.java,522,521,8,11,22
N00979,/Users/liuziqi/Documents/西大Graduate/Project_base/Code/Meng_ProjectBased_DetectCodeSimilar/code-sim/results/formal-v1/negatives/pairs/N00979/left/Main.java,/Users/liuziqi/Documents/西大Graduate/Project_base/Code/Meng_ProjectBased_DetectCodeSimilar/code-sim/results/formal-v1/negatives/pairs/N00979/right/Main.java,p02407,p02415,s805425463.java,s010094818.java,141,141,3,3,10
N00980,/Users/liuziqi/Documents/西大Graduate/Project_base/Code/Meng_ProjectBased_DetectCodeSimilar/code-sim/results/formal-v1/negatives/pairs/N00980/left/Main.java,/Users/liuziqi/Documents/西大Graduate/Project_base/Code/Meng_ProjectBased_DetectCodeSimilar/code-sim/results/formal-v1/negatives/pairs/N00980/right/Main.java,p02419,p02552,s263902320.java,s590344506.java,100,100,2,2,25
N00981,/Users/liuziqi/Documents/西大Graduate/Project_base/Code/Meng_ProjectBased_DetectCodeSimilar/code-sim/results/formal-v1/negatives/pairs/N00981/left/Main.java,/Users/liuziqi/Documents/西大Graduate/Project_base/Code/Meng_ProjectBased_DetectCodeSimilar/code-sim/results/formal-v1/negatives/pairs/N00981/right/Main.java,p03160,p03161,s986187957.java,s672151781.java,275,275,4,5,10
N00982,/Users/liuziqi/Documents/西大Graduate/Project_base/Code/Meng_ProjectBased_DetectCodeSimilar/code-sim/results/formal-v1/negatives/pairs/N00982/left/Main.java,/Users/liuziqi/Documents/西大Graduate/Project_base/Code/Meng_ProjectBased_DetectCodeSimilar/code-sim/results/formal-v1/negatives/pairs/N00982/right/Main.java,p02268,p02258,s953025296.java,s696323944.java,237,237,6,5,16
N00983,/Users/liuziqi/Documents/西大Graduate/Project_base/Code/Meng_ProjectBased_DetectCodeSimilar/code-sim/results/formal-v1/negatives/pairs/N00983/left/Main.java,/Users/liuziqi/Documents/西大Graduate/Project_base/Code/Meng_ProjectBased_DetectCodeSimilar/code-sim/results/formal-v1/negatives/pairs/N00983/right/Main.java,p02687,p02694,s936148644.java,s341380127.java,106,106,2,2,14
N00984,/Users/liuziqi/Documents/西大Graduate/Project_base/Code/Meng_ProjectBased_DetectCodeSimilar/code-sim/results/formal-v1/negatives/pairs/N00984/left/Main.java,/Users/liuziqi/Documents/西大Graduate/Project_base/Code/Meng_ProjectBased_DetectCodeSimilar/code-sim/results/formal-v1/negatives/pairs/N00984/right/Main.java,p02400,p02399,s704757709.java,s822499616.java,167,167,0,0,21
N00985,/Users/liuziqi/Documents/西大Graduate/Project_base/Code/Meng_ProjectBased_DetectCodeSimilar/code-sim/results/formal-v1/negatives/pairs/N00985/left/Main.java,/Users/liuziqi/Documents/西大Graduate/Project_base/Code/Meng_ProjectBased_DetectCodeSimilar/code-sim/results/formal-v1/negatives/pairs/N00985/right/Main.java,p02416,p02419,s428262201.java,s229501424.java,126,126,3,3,11
N00986,/Users/liuziqi/Documents/西大Graduate/Project_base/Code/Meng_ProjectBased_DetectCodeSimilar/code-sim/results/formal-v1/negatives/pairs/N00986/left/Main.java,/Users/liuziqi/Documents/西大Graduate/Project_base/Code/Meng_ProjectBased_DetectCodeSimilar/code-sim/results/formal-v1/negatives/pairs/N00986/right/Main.java,p02400,p02389,s032359056.java,s784316109.java,84,84,0,0,16
N00987,/Users/liuziqi/Documents/西大Graduate/Project_base/Code/Meng_ProjectBased_DetectCodeSimilar/code-sim/results/formal-v1/negatives/pairs/N00987/left/Main.java,/Users/liuziqi/Documents/西大Graduate/Project_base/Code/Meng_ProjectBased_DetectCodeSimilar/code-sim/results/formal-v1/negatives/pairs/N00987/right/Main.java,p03457,p00002,s723465967.java,s958220535.java,276,277,3,4,13
N00988,/Users/liuziqi/Documents/西大Graduate/Project_base/Code/Meng_ProjectBased_DetectCodeSimilar/code-sim/results/formal-v1/negatives/pairs/N00988/left/Main.java,/Users/liuziqi/Documents/西大Graduate/Project_base/Code/Meng_ProjectBased_DetectCodeSimilar/code-sim/results/formal-v1/negatives/pairs/N00988/right/Main.java,p03308,p00003,s042563737.java,s030125328.java,369,370,3,3,14
N00989,/Users/liuziqi/Documents/西大Graduate/Project_base/Code/Meng_ProjectBased_DetectCodeSimilar/code-sim/results/formal-v1/negatives/pairs/N00989/left/Main.java,/Users/liuziqi/Documents/西大Graduate/Project_base/Code/Meng_ProjectBased_DetectCodeSimilar/code-sim/results/formal-v1/negatives/pairs/N00989/right/Main.java,p02773,p02767,s698897601.java,s371209653.java,243,243,6,5,11
N00990,/Users/liuziqi/Documents/西大Graduate/Project_base/Code/Meng_ProjectBased_DetectCodeSimilar/code-sim/results/formal-v1/negatives/pairs/N00990/left/Main.java,/Users/liuziqi/Documents/西大Graduate/Project_base/Code/Meng_ProjectBased_DetectCodeSimilar/code-sim/results/formal-v1/negatives/pairs/N00990/right/Main.java,p03775,p03695,s111496002.java,s736533639.java,197,197,3,4,27
N00991,/Users/liuziqi/Documents/西大Graduate/Project_base/Code/Meng_ProjectBased_DetectCodeSimilar/code-sim/results/formal-v1/negatives/pairs/N00991/left/Main.java,/Users/liuziqi/Documents/西大Graduate/Project_base/Code/Meng_ProjectBased_DetectCodeSimilar/code-sim/results/formal-v1/negatives/pairs/N00991/right/Main.java,p02717,p02705,s121986084.java,s943230059.java,79,79,0,0,17
N00992,/Users/liuziqi/Documents/西大Graduate/Project_base/Code/Meng_ProjectBased_DetectCodeSimilar/code-sim/results/formal-v1/negatives/pairs/N00992/left/Main.java,/Users/liuziqi/Documents/西大Graduate/Project_base/Code/Meng_ProjectBased_DetectCodeSimilar/code-sim/results/formal-v1/negatives/pairs/N00992/right/Main.java,p02393,p03545,s231850175.java,s134057490.java,536,535,12,9,17
N00993,/Users/liuziqi/Documents/西大Graduate/Project_base/Code/Meng_ProjectBased_DetectCodeSimilar/code-sim/results/formal-v1/negatives/pairs/N00993/left/Main.java,/Users/liuziqi/Documents/西大Graduate/Project_base/Code/Meng_ProjectBased_DetectCodeSimilar/code-sim/results/formal-v1/negatives/pairs/N00993/right/Main.java,p02946,p02951,s453604408.java,s067012110.java,111,111,1,1,21
N00994,/Users/liuziqi/Documents/西大Graduate/Project_base/Code/Meng_ProjectBased_DetectCodeSimilar/code-sim/results/formal-v1/negatives/pairs/N00994/left/Main.java,/Users/liuziqi/Documents/西大Graduate/Project_base/Code/Meng_ProjectBased_DetectCodeSimilar/code-sim/results/formal-v1/negatives/pairs/N00994/right/Main.java,p02392,p02381,s770830666.java,s261594886.java,203,203,7,5,11
N00995,/Users/liuziqi/Documents/西大Graduate/Project_base/Code/Meng_ProjectBased_DetectCodeSimilar/code-sim/results/formal-v1/negatives/pairs/N00995/left/Main.java,/Users/liuziqi/Documents/西大Graduate/Project_base/Code/Meng_ProjectBased_DetectCodeSimilar/code-sim/results/formal-v1/negatives/pairs/N00995/right/Main.java,p02391,p02393,s704306754.java,s445191828.java,169,169,4,4,14
N00996,/Users/liuziqi/Documents/西大Graduate/Project_base/Code/Meng_ProjectBased_DetectCodeSimilar/code-sim/results/formal-v1/negatives/pairs/N00996/left/Main.java,/Users/liuziqi/Documents/西大Graduate/Project_base/Code/Meng_ProjectBased_DetectCodeSimilar/code-sim/results/formal-v1/negatives/pairs/N00996/right/Main.java,p03470,p03435,s394265946.java,s870784752.java,334,334,3,4,11
N00997,/Users/liuziqi/Documents/西大Graduate/Project_base/Code/Meng_ProjectBased_DetectCodeSimilar/code-sim/results/formal-v1/negatives/pairs/N00997/left/Main.java,/Users/liuziqi/Documents/西大Graduate/Project_base/Code/Meng_ProjectBased_DetectCodeSimilar/code-sim/results/formal-v1/negatives/pairs/N00997/right/Main.java,p03041,p03243,s055212124.java,s493189083.java,675,675,10,11,17
N00998,/Users/liuziqi/Documents/西大Graduate/Project_base/Code/Meng_ProjectBased_DetectCodeSimilar/code-sim/results/formal-v1/negatives/pairs/N00998/left/Main.java,/Users/liuziqi/Documents/西大Graduate/Project_base/Code/Meng_ProjectBased_DetectCodeSimilar/code-sim/results/formal-v1/negatives/pairs/N00998/right/Main.java,p02957,p02970,s217852279.java,s097628804.java,96,96,1,1,15
N00999,/Users/liuziqi/Documents/西大Graduate/Project_base/Code/Meng_ProjectBased_DetectCodeSimilar/code-sim/results/formal-v1/negatives/pairs/N00999/left/Main.java,/Users/liuziqi/Documents/西大Graduate/Project_base/Code/Meng_ProjectBased_DetectCodeSimilar/code-sim/results/formal-v1/negatives/pairs/N00999/right/Main.java,p02397,p02400,s930107966.java,s094237092.java,178,178,2,2,9
