pair_id,ref_index,kind,clone_type,operator,left_begin,left_end,right_begin,right_end
R00000,0,CLONE_INTERVAL,T1,t1_add_block_comment,18,23,18,24
R00000,1,MUTATION,T1,t1_add_block_comment,,,23,23
R00000,2,UNTOUCHED,T1,none,3,17,3,17
R00000,3,UNTOUCHED,T1,none,24,27,25,28
R00001,0,CLONE_INTERVAL,T1,t1_add_eol_comment,11,16,11,16
R00001,1,MUTATION,T1,t1_add_eol_comment,15,15,15,15
R00001,2,UNTOUCHED,T1,none,5,10,5,10
R00001,3,UNTOUCHED,T1,none,17,23,17,23
R00002,0,CLONE_INTERVAL,T1,t1_add_blank_line,7,12,7,13
R00002,1,MUTATION,T1,t1_add_blank_line,,,12,12
R00002,2,UNTOUCHED,T1,none,4,6,4,6
R00002,3,UNTOUCHED,T1,none,13,26,14,27
R00003,0,CLONE_INTERVAL,T1,t1_add_blank_line,10,25,10,26
R00003,1,MUTATION,T1,t1_add_blank_line,,,15,15
R00003,2,UNTOUCHED,T1,none,3,9,3,9
R00003,3,UNTOUCHED,T1,none,26,28,27,29
R00004,0,CLONE_INTERVAL,T1,t1_reindent,11,21,11,21
R00004,1,MUTATION,T1,t1_reindent,11,21,11,21
R00004,2,UNTOUCHED,T1,none,5,10,5,10
R00004,3,UNTOUCHED,T1,none,22,28,22,28
R00005,0,CLONE_INTERVAL,T1,t1_add_eol_comment,73,78,73,78
R00005,1,MUTATION,T1,t1_add_eol_comment,73,73,73,73
R00005,2,UNTOUCHED,T1,none,68,72,68,72
R00005,3,UNTOUCHED,T1,none,79,88,79,88
R00006,0,CLONE_INTERVAL,T3,t3_wrap_statement,9,14,9,16
R00006,1,MUTATION,T3,t3_wrap_statement,13,13,13,15
R00006,2,UNTOUCHED,T1,none,3,8,3,8
R00006,3,UNTOUCHED,T1,none,15,19,17,21
R00007,0,CLONE_INTERVAL,T3,t3_delete_statement,8,13,7,11
R00007,1,MUTATION,T3,t3_delete_statement,12,12,,
R00007,2,UNTOUCHED,T1,none,4,7,3,6
R00007,3,UNTOUCHED,T1,none,14,18,12,16
R00008,0,CLONE_INTERVAL,T1,t1_add_eol_comment,6,11,6,11
R00008,1,MUTATION,T1,t1_add_eol_comment,10,10,10,10
R00008,2,UNTOUCHED,T1,none,3,5,3,5
R00008,3,UNTOUCHED,T1,none,12,19,12,19
R00009,0,CLONE_INTERVAL,T3,t3_delete_statement,8,13,8,12
R00009,1,MUTATION,T3,t3_delete_statement,13,13,,
R00009,2,UNTOUCHED,T1,none,3,7,3,7
R00009,3,UNTOUCHED,T1,none,14,19,13,18
R00010,0,CLONE_INTERVAL,T2,t2_change_int_literal,7,12,7,12
R00010,1,MUTATION,T2,t2_change_int_literal,7,7,7,7
R00010,2,UNTOUCHED,T1,none,3,6,3,6
R00010,3,UNTOUCHED,T1,none,13,17,13,17
R00011,0,CLONE_INTERVAL,T1,t1_reindent,30,35,30,35
R00011,1,MUTATION,T1,t1_reindent,30,35,30,35
R00011,2,UNTOUCHED,T1,none,5,29,5,29
R00011,3,UNTOUCHED,T1,none,36,41,36,41
R00012,0,CLONE_INTERVAL,T3,t3_wrap_statement,7,13,7,15
R00012,1,MUTATION,T3,t3_wrap_statement,7,10,7,12
R00012,2,UNTOUCHED,T1,none,3,6,3,6
R00012,3,UNTOUCHED,T1,none,14,16,16,18
R00013,0,CLONE_INTERVAL,T3,t3_delete_statement,24,29,24,28
R00013,1,MUTATION,T3,t3_delete_statement,29,29,,
R00013,2,UNTOUCHED,T1,none,3,23,3,23
R00013,3,UNTOUCHED,T1,none,30,33,29,32
R00014,0,CLONE_INTERVAL,T3,t3_wrap_statement,21,26,21,28
R00014,1,MUTATION,T3,t3_wrap_statement,25,25,25,27
R00014,2,UNTOUCHED,T1,none,17,20,17,20
R00014,3,UNTOUCHED,T1,none,27,33,29,35
R00015,0,CLONE_INTERVAL,T2,t2_change_string_literal,9,14,9,14
R00015,1,MUTATION,T2,t2_change_string_literal,10,10,10,10
R00015,2,UNTOUCHED,T1,none,5,8,5,8
R00015,3,UNTOUCHED,T1,none,15,17,15,17
R00016,0,CLONE_INTERVAL,T3,t3_delete_statement,281,286,280,284
R00016,1,MUTATION,T3,t3_delete_statement,285,285,,
R00016,2,UNTOUCHED,T1,none,278,280,277,279
R00016,3,UNTOUCHED,T1,none,287,338,285,336
R00017,0,CLONE_INTERVAL,T2,t2_change_int_literal,6,11,6,11
R00017,1,MUTATION,T2,t2_change_int_literal,7,7,7,7
R00017,2,UNTOUCHED,T1,none,3,5,3,5
R00017,3,UNTOUCHED,T1,none,12,31,12,31
R00018,0,CLONE_INTERVAL,T1,t1_add_block_comment,7,12,7,13
R00018,1,MUTATION,T1,t1_add_block_comment,,,10,10
R00018,2,UNTOUCHED,T1,none,3,6,3,6
R00018,3,UNTOUCHED,T1,none,13,18,14,19
R00019,0,CLONE_INTERVAL,T3,t3_delete_statement,7,18,7,17
R00019,1,MUTATION,T3,t3_delete_statement,11,11,,
R00019,2,UNTOUCHED,T1,none,3,6,3,6
R00019,3,UNTOUCHED,T1,none,19,24,18,23
R00020,0,CLONE_INTERVAL,T2,t2_change_int_literal,6,11,6,11
R00020,1,MUTATION,T2,t2_change_int_literal,10,10,10,10
R00020,2,UNTOUCHED,T1,none,3,5,3,5
R00020,3,UNTOUCHED,T1,none,12,22,12,22
R00021,0,CLONE_INTERVAL,T3,t3_delete_statement,23,28,23,27
R00021,1,MUTATION,T3,t3_delete_statement,28,28,,
R00021,2,UNTOUCHED,T1,none,20,22,20,22
R00021,3,UNTOUCHED,T1,none,29,37,28,36
R00022,0,CLONE_INTERVAL,T2,t2_change_string_literal,7,12,7,12
R00022,1,MUTATION,T2,t2_change_string_literal,12,12,12,12
R00022,2,UNTOUCHED,T1,none,3,6,3,6
R00022,3,UNTOUCHED,T1,none,13,15,13,15
R00023,0,CLONE_INTERVAL,T1,t1_add_block_comment,11,21,11,22
R00023,1,MUTATION,T1,t1_add_block_comment,,,21,21
R00023,2,UNTOUCHED,T1,none,3,10,3,10
R00023,3,UNTOUCHED,T1,none,22,29,23,30
R00024,0,CLONE_INTERVAL,T1,t1_add_blank_line,8,19,8,20
R00024,1,MUTATION,T1,t1_add_blank_line,,,10,10
R00024,2,UNTOUCHED,T1,none,3,7,3,7
R00024,3,UNTOUCHED,T1,none,20,27,21,28
R00025,0,CLONE_INTERVAL,T1,t1_reindent,8,13,8,13
R00025,1,MUTATION,T1,t1_reindent,8,13,8,13
R00025,2,UNTOUCHED,T1,none,4,7,4,7
R00025,3,UNTOUCHED,T1,none,14,20,14,20
R00026,0,CLONE_INTERVAL,T3,t3_delete_statement,7,12,7,12
R00026,1,UNTOUCHED,T1,none,3,6,3,6
R00026,2,UNTOUCHED,T1,none,14,22,13,21
R00027,0,CLONE_INTERVAL,T1,t1_add_blank_line,12,28,12,29
R00027,1,MUTATION,T1,t1_add_blank_line,,,28,28
R00027,2,UNTOUCHED,T1,none,3,11,3,11
R00027,3,UNTOUCHED,T1,none,29,34,30,35
R00028,0,CLONE_INTERVAL,T1,t1_add_eol_comment,8,19,8,19
R00028,1,MUTATION,T1,t1_add_eol_comment,19,19,19,19
R00028,2,UNTOUCHED,T1,none,3,7,3,7
R00028,3,UNTOUCHED,T1,none,20,25,20,25
R00029,0,CLONE_INTERVAL,T1,t1_add_block_comment,6,11,6,12
R00029,1,MUTATION,T1,t1_add_block_comment,,,9,9
R00029,2,UNTOUCHED,T1,none,3,5,3,5
R00029,3,UNTOUCHED,T1,none,12,24,13,25
R00030,0,CLONE_INTERVAL,T2,t2_rename_local_x1,6,11,6,11
R00030,1,MUTATION,T2,t2_rename_local_x1,11,11,11,11
R00030,2,UNTOUCHED,T1,none,3,5,3,5
R00030,3,UNTOUCHED,T1,none,12,16,12,16
R00031,0,CLONE_INTERVAL,T1,t1_add_blank_line,9,17,9,18
R00031,1,MUTATION,T1,t1_add_blank_line,,,12,12
R00031,2,UNTOUCHED,T1,none,5,8,5,8
R00031,3,UNTOUCHED,T1,none,18,21,19,22
R00032,0,CLONE_INTERVAL,T2,t2_change_string_literal,8,22,8,22
R00032,1,MUTATION,T2,t2_change_string_literal,10,10,10,10
R00032,2,UNTOUCHED,T1,none,3,7,3,7
R00032,3,UNTOUCHED,T1,none,23,26,23,26
R00033,0,CLONE_INTERVAL,T1,t1_add_block_comment,8,21,8,22
R00033,1,MUTATION,T1,t1_add_block_comment,,,10,10
R00033,2,UNTOUCHED,T1,none,3,7,3,7
R00033,3,UNTOUCHED,T1,none,22,24,23,25
R00034,0,CLONE_INTERVAL,T1,t1_add_blank_line,9,14,9,15
R00034,1,MUTATION,T1,t1_add_blank_line,,,14,14
R00034,2,UNTOUCHED,T1,none,3,8,3,8
R00034,3,UNTOUCHED,T1,none,15,22,16,23
R00035,0,CLONE_INTERVAL,T2,t2_change_int_literal,6,11,6,11
R00035,1,MUTATION,T2,t2_change_int_literal,7,7,7,7
R00035,2,UNTOUCHED,T1,none,3,5,3,5
R00035,3,UNTOUCHED,T1,none,12,32,12,32
R00036,0,CLONE_INTERVAL,T2,t2_change_string_literal,37,42,37,42
R00036,1,MUTATION,T2,t2_change_string_literal,38,38,38,38
R00036,2,UNTOUCHED,T1,none,34,36,34,36
R00036,3,UNTOUCHED,T1,none,43,50,43,50
R00037,0,CLONE_INTERVAL,T3,t3_insert_statement,117,128,117,129
R00037,1,MUTATION,T3,t3_insert_statement,,,118,118
R00037,2,UNTOUCHED,T1,none,107,116,107,116
R00037,3,UNTOUCHED,T1,none,129,145,130,146
R00038,0,CLONE_INTERVAL,T1,t1_add_block_comment,98,103,98,104
R00038,1,MUTATION,T1,t1_add_block_comment,,,100,100
R00038,2,UNTOUCHED,T1,none,93,97,93,97
R00038,3,UNTOUCHED,T1,none,104,131,105,132
R00039,0,CLONE_INTERVAL,T2,t2_change_int_literal,11,17,11,17
R00039,1,MUTATION,T2,t2_change_int_literal,13,13,13,13
R00039,2,UNTOUCHED,T1,none,3,10,3,10
R00039,3,UNTOUCHED,T1,none,18,38,18,38
R00040,0,CLONE_INTERVAL,T1,t1_add_eol_comment,9,15,9,15
R00040,1,MUTATION,T1,t1_add_eol_comment,15,15,15,15
R00040,2,UNTOUCHED,T1,none,3,8,3,8
R00040,3,UNTOUCHED,T1,none,16,20,16,20
R00041,0,CLONE_INTERVAL,T1,t1_add_block_comment,19,29,19,30
R00041,1,MUTATION,T1,t1_add_block_comment,,,29,29
R00041,2,UNTOUCHED,T1,none,7,18,7,18
R00041,3,UNTOUCHED,T1,none,30,34,31,35
R00042,0,CLONE_INTERVAL,T2,t2_change_int_literal,10,15,10,15
R00042,1,MUTATION,T2,t2_change_int_literal,10,10,10,10
R00042,2,UNTOUCHED,T1,none,3,9,3,9
R00042,3,UNTOUCHED,T1,none,16,28,16,28
R00043,0,CLONE_INTERVAL,T1,t1_add_blank_line,10,15,10,16
R00043,1,MUTATION,T1,t1_add_blank_line,,,15,15
R00043,2,UNTOUCHED,T1,none,3,9,3,9
R00043,3,UNTOUCHED,T1,none,16,21,17,22
R00044,0,CLONE_INTERVAL,T2,t2_change_string_literal,6,12,6,12
R00044,1,MUTATION,T2,t2_change_string_literal,9,9,9,9
R00044,2,UNTOUCHED,T1,none,3,5,3,5
R00044,3,UNTOUCHED,T1,none,13,18,13,18
R00045,0,CLONE_INTERVAL,T2,t2_rename_local_x5,8,27,8,27
R00045,1,MUTATION,T2,t2_rename_local_x5,9,18,9,18
R00045,2,UNTOUCHED,T1,none,3,7,3,7
R00045,3,UNTOUCHED,T1,none,28,31,28,31
R00046,0,CLONE_INTERVAL,T1,t1_add_block_comment,11,18,11,19
R00046,1,MUTATION,T1,t1_add_block_comment,,,16,16
R00046,2,UNTOUCHED,T1,none,3,10,3,10
R00046,3,UNTOUCHED,T1,none,19,21,20,22
R00047,0,CLONE_INTERVAL,T1,t1_add_eol_comment,9,14,9,14
R00047,1,MUTATION,T1,t1_add_eol_comment,10,10,10,10
R00047,2,UNTOUCHED,T1,none,3,8,3,8
R00047,3,UNTOUCHED,T1,none,15,17,15,17
R00048,0,CLONE_INTERVAL,T3,t3_delete_statement,17,22,17,21
R00048,1,MUTATION,T3,t3_delete_statement,20,20,,
R00048,2,UNTOUCHED,T1,none,6,16,6,16
R00048,3,UNTOUCHED,T1,none,23,29,22,28
R00049,0,CLONE_INTERVAL,T2,t2_change_int_literal,16,25,16,25
R00049,1,MUTATION,T2,t2_change_int_literal,16,16,16,16
R00049,2,UNTOUCHED,T1,none,3,15,3,15
R00049,3,UNTOUCHED,T1,none,26,37,26,37
R00050,0,CLONE_INTERVAL,T2,t2_rename_local_x2,7,13,7,13
R00050,1,MUTATION,T2,t2_rename_local_x2,8,12,8,12
R00050,2,UNTOUCHED,T1,none,3,6,3,6
R00050,3,UNTOUCHED,T1,none,14,29,14,29
R00051,0,CLONE_INTERVAL,T1,t1_add_block_comment,9,19,9,20
R00051,1,MUTATION,T1,t1_add_block_comment,,,12,12
R00051,2,UNTOUCHED,T1,none,3,8,3,8
R00051,3,UNTOUCHED,T1,none,20,22,21,23
R00052,0,CLONE_INTERVAL,T2,t2_change_int_literal,12,21,12,21
R00052,1,MUTATION,T2,t2_change_int_literal,12,12,12,12
R00052,2,UNTOUCHED,T1,none,3,11,3,11
R00052,3,UNTOUCHED,T1,none,22,32,22,32
R00053,0,CLONE_INTERVAL,T3,t3_delete_statement,10,18,10,17
R00053,1,MUTATION,T3,t3_delete_statement,14,14,,
R00053,2,UNTOUCHED,T1,none,3,9,3,9
R00053,3,UNTOUCHED,T1,none,19,22,18,21
R00054,0,CLONE_INTERVAL,T3,t3_insert_statement,16,27,16,27
R00054,1,MUTATION,T3,t3_insert_statement,,,28,28
R00054,2,UNTOUCHED,T1,none,3,15,3,15
R00054,3,UNTOUCHED,T1,none,28,30,29,31
R00055,0,CLONE_INTERVAL,T1,t1_add_eol_comment,11,16,11,16
R00055,1,MUTATION,T1,t1_add_eol_comment,13,13,13,13
R00055,2,UNTOUCHED,T1,none,7,10,7,10
R00055,3,UNTOUCHED,T1,none,17,33,17,33
R00056,0,CLONE_INTERVAL,T1,t1_add_eol_comment,15,21,15,21
R00056,1,MUTATION,T1,t1_add_eol_comment,16,16,16,16
R00056,2,UNTOUCHED,T1,none,6,14,6,14
R00056,3,UNTOUCHED,T1,none,22,27,22,27
R00057,0,CLONE_INTERVAL,T2,t2_change_int_literal,9,18,9,18
R00057,1,MUTATION,T2,t2_change_int_literal,9,9,9,9
R00057,2,UNTOUCHED,T1,none,3,8,3,8
R00057,3,UNTOUCHED,T1,none,19,24,19,24
R00058,0,CLONE_INTERVAL,T3,t3_delete_statement,9,16,9,15
R00058,1,MUTATION,T3,t3_delete_statement,9,9,,
R00058,2,UNTOUCHED,T1,none,6,8,6,8
R00058,3,UNTOUCHED,T1,none,17,29,16,28
R00059,0,CLONE_INTERVAL,T2,t2_change_string_literal,6,21,6,21
R00059,1,MUTATION,T2,t2_change_string_literal,11,11,11,11
R00059,2,UNTOUCHED,T1,none,3,5,3,5
R00059,3,UNTOUCHED,T1,none,22,25,22,25
R00060,0,CLONE_INTERVAL,T2,t2_rename_local_x4,6,20,6,20
R00060,1,MUTATION,T2,t2_rename_local_x4,6,19,6,19
R00060,2,UNTOUCHED,T1,none,3,5,3,5
R00060,3,UNTOUCHED,T1,none,21,40,21,40
R00061,0,CLONE_INTERVAL,T2,t2_rename_local_x6,6,19,6,19
R00061,1,MUTATION,T2,t2_rename_local_x6,6,15,6,15
R00061,2,UNTOUCHED,T1,none,3,5,3,5
R00061,3,UNTOUCHED,T1,none,20,22,20,22
R00062,0,CLONE_INTERVAL,T2,t2_change_string_literal,15,23,15,23
R00062,1,MUTATION,T2,t2_change_string_literal,17,17,17,17
R00062,2,UNTOUCHED,T1,none,5,14,5,14
R00062,3,UNTOUCHED,T1,none,24,30,24,30
R00063,0,CLONE_INTERVAL,T2,t2_change_string_literal,9,14,9,14
R00063,1,MUTATION,T2,t2_change_string_literal,12,12,12,12
R00063,2,UNTOUCHED,T1,none,6,8,6,8
R00063,3,UNTOUCHED,T1,none,15,29,15,29
R00064,0,CLONE_INTERVAL,T3,t3_wrap_statement,8,18,8,20
R00064,1,MUTATION,T3,t3_wrap_statement,8,9,8,11
R00064,2,UNTOUCHED,T1,none,3,7,3,7
R00064,3,UNTOUCHED,T1,none,19,28,21,30
R00065,0,CLONE_INTERVAL,T2,t2_rename_local_x5,9,22,9,22
R00065,1,MUTATION,T2,t2_rename_local_x5,9,17,9,17
R00065,2,UNTOUCHED,T1,none,3,8,3,8
R00065,3,UNTOUCHED,T1,none,23,25,23,25
R00066,0,CLONE_INTERVAL,T3,t3_wrap_statement,6,11,6,13
R00066,1,MUTATION,T3,t3_wrap_statement,9,10,9,12
R00066,2,UNTOUCHED,T1,none,3,5,3,5
R00066,3,UNTOUCHED,T1,none,12,17,14,19
R00067,0,CLONE_INTERVAL,T1,t1_reindent,11,18,11,18
R00067,1,MUTATION,T1,t1_reindent,11,18,11,18
R00067,2,UNTOUCHED,T1,none,3,10,3,10
R00067,3,UNTOUCHED,T1,none,19,27,19,27
R00068,0,CLONE_INTERVAL,T2,t2_change_int_literal,16,37,16,37
R00068,1,MUTATION,T2,t2_change_int_literal,16,16,16,16
R00068,2,UNTOUCHED,T1,none,3,15,3,15
R00068,3,UNTOUCHED,T1,none,38,58,38,58
R00069,0,CLONE_INTERVAL,T1,t1_add_block_comment,101,106,101,107
R00069,1,MUTATION,T1,t1_add_block_comment,,,106,106
R00069,2,UNTOUCHED,T1,none,96,100,96,100
R00069,3,UNTOUCHED,T1,none,107,116,108,117
R00070,0,CLONE_INTERVAL,T3,t3_delete_statement,9,14,9,13
R00070,1,MUTATION,T3,t3_delete_statement,14,14,,
R00070,2,UNTOUCHED,T1,none,5,8,5,8
R00070,3,UNTOUCHED,T1,none,15,41,14,40
R00071,0,CLONE_INTERVAL,T3,t3_delete_statement,6,15,6,14
R00071,1,MUTATION,T3,t3_delete_statement,8,8,,
R00071,2,UNTOUCHED,T1,none,3,5,3,5
R00071,3,UNTOUCHED,T1,none,16,19,15,18
R00072,0,CLONE_INTERVAL,T3,t3_wrap_statement,6,15,6,17
R00072,1,MUTATION,T3,t3_wrap_statement,11,13,11,15
R00072,2,UNTOUCHED,T1,none,3,5,3,5
R00072,3,UNTOUCHED,T1,none,16,18,18,20
R00073,0,CLONE_INTERVAL,T3,t3_wrap_statement,6,12,6,15
R00073,1,MUTATION,T3,t3_wrap_statement,11,12,11,15
R00073,2,UNTOUCHED,T1,none,3,5,3,5
R00073,3,UNTOUCHED,T1,none,14,19,16,21
R00074,0,CLONE_INTERVAL,T3,t3_wrap_statement,16,23,16,25
R00074,1,MUTATION,T3,t3_wrap_statement,16,22,16,24
R00074,2,UNTOUCHED,T1,none,11,15,11,15
R00074,3,UNTOUCHED,T1,none,24,36,26,38
R00075,0,CLONE_INTERVAL,T1,t1_add_eol_comment,12,21,12,21
R00075,1,MUTATION,T1,t1_add_eol_comment,15,15,15,15
R00075,2,UNTOUCHED,T1,none,6,11,6,11
R00075,3,UNTOUCHED,T1,none,22,24,22,24
R00076,0,CLONE_INTERVAL,T3,t3_delete_statement,8,15,8,14
R00076,1,MUTATION,T3,t3_delete_statement,10,10,,
R00076,2,UNTOUCHED,T1,none,4,7,4,7
R00076,3,UNTOUCHED,T1,none,16,26,15,25
R00077,0,CLONE_INTERVAL,T1,t1_add_eol_comment,8,13,8,13
R00077,1,MUTATION,T1,t1_add_eol_comment,12,12,12,12
R00077,2,UNTOUCHED,T1,none,5,7,5,7
R00077,3,UNTOUCHED,T1,none,14,26,14,26
R00078,0,CLONE_INTERVAL,T3,t3_wrap_statement,50,56,50,58
R00078,1,MUTATION,T3,t3_wrap_statement,53,55,53,57
R00078,2,UNTOUCHED,T1,none,47,49,47,49
R00078,3,UNTOUCHED,T1,none,57,69,59,71
R00079,0,CLONE_INTERVAL,T1,t1_reindent,6,11,6,11
R00079,1,MUTATION,T1,t1_reindent,6,11,6,11
R00079,2,UNTOUCHED,T1,none,3,5,3,5
R00079,3,UNTOUCHED,T1,none,12,16,12,16
R00080,0,CLONE_INTERVAL,T3,t3_insert_statement,6,12,6,12
R00080,1,MUTATION,T3,t3_insert_statement,,,13,13
R00080,2,UNTOUCHED,T1,none,3,5,3,5
R00080,3,UNTOUCHED,T1,none,13,18,14,19
R00081,0,CLONE_INTERVAL,T2,t2_rename_local_x2,8,17,8,17
R00081,1,MUTATION,T2,t2_rename_local_x2,9,15,9,15
R00081,2,UNTOUCHED,T1,none,3,7,3,7
R00081,3,UNTOUCHED,T1,none,18,20,18,20
R00082,0,CLONE_INTERVAL,T2,t2_change_string_literal,7,12,7,12
R00082,1,MUTATION,T2,t2_change_string_literal,12,12,12,12
R00082,2,UNTOUCHED,T1,none,3,6,3,6
R00082,3,UNTOUCHED,T1,none,13,27,13,27
R00083,0,CLONE_INTERVAL,T3,t3_delete_statement,9,15,9,14
R00083,1,MUTATION,T3,t3_delete_statement,13,13,,
R00083,2,UNTOUCHED,T1,none,3,8,3,8
R00083,3,UNTOUCHED,T1,none,16,21,15,20
R00084,0,CLONE_INTERVAL,T3,t3_delete_statement,21,31,21,30
R00084,1,MUTATION,T3,t3_delete_statement,24,24,,
R00084,2,UNTOUCHED,T1,none,18,20,18,20
R00084,3,UNTOUCHED,T1,none,32,34,31,33
R00085,0,CLONE_INTERVAL,T1,t1_add_blank_line,7,12,7,13
R00085,1,MUTATION,T1,t1_add_blank_line,,,10,10
R00085,2,UNTOUCHED,T1,none,3,6,3,6
R00085,3,UNTOUCHED,T1,none,13,26,14,27
R00086,0,CLONE_INTERVAL,T2,t2_rename_local_x4,7,45,7,45
R00086,1,MUTATION,T2,t2_rename_local_x4,8,42,8,42
R00086,2,UNTOUCHED,T1,none,3,6,3,6
R00086,3,UNTOUCHED,T1,none,46,48,46,48
R00087,0,CLONE_INTERVAL,T3,t3_delete_statement,7,12,6,10
R00087,1,MUTATION,T3,t3_delete_statement,12,12,,
R00087,2,UNTOUCHED,T1,none,4,6,3,5
R00087,3,UNTOUCHED,T1,none,13,17,11,15
R00088,0,CLONE_INTERVAL,T2,t2_rename_local_x1,6,11,6,11
R00088,1,MUTATION,T2,t2_rename_local_x1,7,8,7,8
R00088,2,UNTOUCHED,T1,none,3,5,3,5
R00088,3,UNTOUCHED,T1,none,12,28,12,28
R00089,0,CLONE_INTERVAL,T1,t1_reindent,11,16,11,16
R00089,1,MUTATION,T1,t1_reindent,11,16,11,16
R00089,2,UNTOUCHED,T1,none,5,10,5,10
R00089,3,UNTOUCHED,T1,none,17,21,17,21
R00090,0,CLONE_INTERVAL,T1,t1_add_blank_line,10,15,10,16
R00090,1,MUTATION,T1,t1_add_blank_line,,,13,13
R00090,2,UNTOUCHED,T1,none,4,9,4,9
R00090,3,UNTOUCHED,T1,none,16,26,17,27
R00091,0,CLONE_INTERVAL,T3,t3_insert_statement,11,18,11,19
R00091,1,MUTATION,T3,t3_insert_statement,,,12,12
R00091,2,UNTOUCHED,T1,none,3,10,3,10
R00091,3,UNTOUCHED,T1,none,19,33,20,34
R00092,0,CLONE_INTERVAL,T2,t2_change_int_literal,7,15,7,15
R00092,1,MUTATION,T2,t2_change_int_literal,7,7,7,7
R00092,2,UNTOUCHED,T1,none,3,6,3,6
R00092,3,UNTOUCHED,T1,none,16,19,16,19
R00093,0,CLONE_INTERVAL,T2,t2_change_int_literal,17,22,17,22
R00093,1,MUTATION,T2,t2_change_int_literal,17,17,17,17
R00093,2,UNTOUCHED,T1,none,3,16,3,16
R00093,3,UNTOUCHED,T1,none,23,25,23,25
R00094,0,CLONE_INTERVAL,T3,t3_delete_statement,6,11,6,10
R00094,1,MUTATION,T3,t3_delete_statement,6,6,,
R00094,2,UNTOUCHED,T1,none,3,5,3,5
R00094,3,UNTOUCHED,T1,none,12,20,11,19
R00095,0,CLONE_INTERVAL,T3,t3_delete_statement,9,20,9,19
R00095,1,MUTATION,T3,t3_delete_statement,10,10,,
R00095,2,UNTOUCHED,T1,none,3,8,3,8
R00095,3,UNTOUCHED,T1,none,21,27,20,26
R00096,0,CLONE_INTERVAL,T2,t2_change_string_literal,6,11,6,11
R00096,1,MUTATION,T2,t2_change_string_literal,6,6,6,6
R00096,2,UNTOUCHED,T1,none,3,5,3,5
R00096,3,UNTOUCHED,T1,none,12,17,12,17
R00097,0,CLONE_INTERVAL,T2,t2_change_int_literal,39,46,39,46
R00097,1,MUTATION,T2,t2_change_int_literal,40,40,40,40
R00097,2,UNTOUCHED,T1,none,36,38,36,38
R00097,3,UNTOUCHED,T1,none,47,51,47,51
R00098,0,CLONE_INTERVAL,T1,t1_reindent,39,45,38,44
R00098,1,MUTATION,T1,t1_reindent,39,45,38,44
R00098,2,UNTOUCHED,T1,none,20,38,19,37
R00098,3,UNTOUCHED,T1,none,46,51,45,50
R00099,0,CLONE_INTERVAL,T2,t2_change_int_literal,9,14,9,14
R00099,1,MUTATION,T2,t2_change_int_literal,13,13,13,13
R00099,2,UNTOUCHED,T1,none,3,8,3,8
R00099,3,UNTOUCHED,T1,none,15,17,15,17
R00100,0,CLONE_INTERVAL,T1,t1_add_blank_line,6,11,6,12
R00100,1,MUTATION,T1,t1_add_blank_line,,,9,9
R00100,2,UNTOUCHED,T1,none,3,5,3,5
R00100,3,UNTOUCHED,T1,none,12,24,13,25
R00101,0,CLONE_INTERVAL,T1,t1_add_block_comment,16,34,16,35
R00101,1,MUTATION,T1,t1_add_block_comment,,,19,19
R00101,2,UNTOUCHED,T1,none,3,15,3,15
R00101,3,UNTOUCHED,T1,none,35,86,36,87
R00102,0,CLONE_INTERVAL,T3,t3_delete_statement,6,13,6,12
R00102,1,MUTATION,T3,t3_delete_statement,7,7,,
R00102,2,UNTOUCHED,T1,none,3,5,3,5
R00102,3,UNTOUCHED,T1,none,14,16,13,15
R00103,0,CLONE_INTERVAL,T1,t1_reindent,6,13,6,13
R00103,1,MUTATION,T1,t1_reindent,6,13,6,13
R00103,2,UNTOUCHED,T1,none,3,5,3,5
R00103,3,UNTOUCHED,T1,none,14,23,14,23
R00104,0,CLONE_INTERVAL,T2,t2_change_int_literal,11,16,11,16
R00104,1,MUTATION,T2,t2_change_int_literal,11,11,11,11
R00104,2,UNTOUCHED,T1,none,3,10,3,10
R00104,3,UNTOUCHED,T1,none,17,19,17,19
R00105,0,CLONE_INTERVAL,T3,t3_wrap_statement,32,42,32,44
R00105,1,MUTATION,T3,t3_wrap_statement,32,32,32,34
R00105,2,UNTOUCHED,T1,none,28,31,28,31
R00105,3,UNTOUCHED,T1,none,43,46,45,48
R00106,0,CLONE_INTERVAL,T1,t1_reindent,6,11,6,11
R00106,1,MUTATION,T1,t1_reindent,6,11,6,11
R00106,2,UNTOUCHED,T1,none,3,5,3,5
R00106,3,UNTOUCHED,T1,none,12,22,12,22
R00107,0,CLONE_INTERVAL,T3,t3_wrap_statement,13,21,13,23
R00107,1,MUTATION,T3,t3_wrap_statement,13,21,13,23
R00107,2,UNTOUCHED,T1,none,5,12,5,12
R00107,3,UNTOUCHED,T1,none,22,25,24,27
R00108,0,CLONE_INTERVAL,T3,t3_delete_statement,9,14,8,12
R00108,1,MUTATION,T3,t3_delete_statement,13,13,,
R00108,2,UNTOUCHED,T1,none,6,8,5,7
R00108,3,UNTOUCHED,T1,none,15,23,13,21
R00109,0,CLONE_INTERVAL,T1,t1_add_blank_line,7,12,7,13
R00109,1,MUTATION,T1,t1_add_blank_line,,,9,9
R00109,2,UNTOUCHED,T1,none,4,6,4,6
R00109,3,UNTOUCHED,T1,none,13,16,14,17
R00110,0,CLONE_INTERVAL,T3,t3_wrap_statement,11,16,11,18
R00110,1,MUTATION,T3,t3_wrap_statement,11,11,11,13
R00110,2,UNTOUCHED,T1,none,3,10,3,10
R00110,3,UNTOUCHED,T1,none,17,19,19,21
R00111,0,CLONE_INTERVAL,T3,t3_insert_statement,7,12,7,13
R00111,1,MUTATION,T3,t3_insert_statement,,,12,12
R00111,2,UNTOUCHED,T1,none,3,6,3,6
R00111,3,UNTOUCHED,T1,none,13,19,14,20
R00112,0,CLONE_INTERVAL,T3,t3_insert_statement,9,14,9,15
R00112,1,MUTATION,T3,t3_insert_statement,,,10,10
R00112,2,UNTOUCHED,T1,none,5,8,5,8
R00112,3,UNTOUCHED,T1,none,15,56,16,57
R00113,0,CLONE_INTERVAL,T2,t2_rename_local_x5,8,26,8,26
R00113,1,MUTATION,T2,t2_rename_local_x5,10,23,10,23
R00113,2,UNTOUCHED,T1,none,3,7,3,7
R00113,3,UNTOUCHED,T1,none,27,29,27,29
R00114,0,CLONE_INTERVAL,T3,t3_insert_statement,94,100,94,101
R00114,1,MUTATION,T3,t3_insert_statement,,,98,98
R00114,2,UNTOUCHED,T1,none,87,93,87,93
R00114,3,UNTOUCHED,T1,none,101,112,102,113
R00115,0,CLONE_INTERVAL,T1,t1_add_block_comment,10,15,10,16
R00115,1,MUTATION,T1,t1_add_block_comment,,,12,12
R00115,2,UNTOUCHED,T1,none,3,9,3,9
R00115,3,UNTOUCHED,T1,none,16,27,17,28
R00116,0,CLONE_INTERVAL,T3,t3_wrap_statement,16,23,16,25
R00116,1,MUTATION,T3,t3_wrap_statement,17,22,17,24
R00116,2,UNTOUCHED,T1,none,6,15,6,15
R00116,3,UNTOUCHED,T1,none,24,33,26,35
R00117,0,CLONE_INTERVAL,T1,t1_add_block_comment,8,13,8,14
R00117,1,MUTATION,T1,t1_add_block_comment,,,12,12
R00117,2,UNTOUCHED,T1,none,3,7,3,7
R00117,3,UNTOUCHED,T1,none,14,21,15,22
R00118,0,CLONE_INTERVAL,T2,t2_change_int_literal,9,14,9,14
R00118,1,MUTATION,T2,t2_change_int_literal,10,10,10,10
R00118,2,UNTOUCHED,T1,none,3,8,3,8
R00118,3,UNTOUCHED,T1,none,15,18,15,18
R00119,0,CLONE_INTERVAL,T2,t2_change_string_literal,7,12,7,12
R00119,1,MUTATION,T2,t2_change_string_literal,10,10,10,10
R00119,2,UNTOUCHED,T1,none,4,6,4,6
R00119,3,UNTOUCHED,T1,none,13,15,13,15
R00120,0,CLONE_INTERVAL,T1,t1_reindent,31,36,31,36
R00120,1,MUTATION,T1,t1_reindent,31,36,31,36
R00120,2,UNTOUCHED,T1,none,25,30,25,30
R00120,3,UNTOUCHED,T1,none,37,39,37,39
R00121,0,CLONE_INTERVAL,T3,t3_wrap_statement,6,15,6,17
R00121,1,MUTATION,T3,t3_wrap_statement,11,13,11,15
R00121,2,UNTOUCHED,T1,none,3,5,3,5
R00121,3,UNTOUCHED,T1,none,16,21,18,23
R00122,0,CLONE_INTERVAL,T1,t1_add_blank_line,6,11,6,12
R00122,1,MUTATION,T1,t1_add_blank_line,,,10,10
R00122,2,UNTOUCHED,T1,none,3,5,3,5
R00122,3,UNTOUCHED,T1,none,12,17,13,18
R00123,0,CLONE_INTERVAL,T1,t1_reindent,6,11,6,11
R00123,1,MUTATION,T1,t1_reindent,6,11,6,11
R00123,2,UNTOUCHED,T1,none,3,5,3,5
R00123,3,UNTOUCHED,T1,none,12,15,12,15
R00124,0,CLONE_INTERVAL,T2,t2_change_string_literal,8,21,8,21
R00124,1,MUTATION,T2,t2_change_string_literal,12,12,12,12
R00124,2,UNTOUCHED,T1,none,3,7,3,7
R00124,3,UNTOUCHED,T1,none,22,27,22,27
R00125,0,CLONE_INTERVAL,T1,t1_add_eol_comment,6,14,6,14
R00125,1,MUTATION,T1,t1_add_eol_comment,11,11,11,11
R00125,2,UNTOUCHED,T1,none,3,5,3,5
R00125,3,UNTOUCHED,T1,none,15,21,15,21
R00126,0,CLONE_INTERVAL,T2,t2_change_int_literal,8,15,8,15
R00126,1,MUTATION,T2,t2_change_int_literal,9,9,9,9
R00126,2,UNTOUCHED,T1,none,3,7,3,7
R00126,3,UNTOUCHED,T1,none,16,38,16,38
R00127,0,CLONE_INTERVAL,T1,t1_reindent,9,15,9,15
R00127,1,MUTATION,T1,t1_reindent,9,15,9,15
R00127,2,UNTOUCHED,T1,none,3,8,3,8
R00127,3,UNTOUCHED,T1,none,16,21,16,21
R00128,0,CLONE_INTERVAL,T2,t2_change_string_literal,19,24,19,24
R00128,1,MUTATION,T2,t2_change_string_literal,20,20,20,20
R00128,2,UNTOUCHED,T1,none,16,18,16,18
R00128,3,UNTOUCHED,T1,none,25,35,25,35
R00129,0,CLONE_INTERVAL,T1,t1_add_block_comment,7,13,7,14
R00129,1,MUTATION,T1,t1_add_block_comment,,,9,9
R00129,2,UNTOUCHED,T1,none,3,6,3,6
R00129,3,UNTOUCHED,T1,none,14,44,15,45
R00130,0,CLONE_INTERVAL,T1,t1_add_eol_comment,9,14,9,14
R00130,1,MUTATION,T1,t1_add_eol_comment,10,10,10,10
R00130,2,UNTOUCHED,T1,none,3,8,3,8
R00130,3,UNTOUCHED,T1,none,15,17,15,17
R00131,0,CLONE_INTERVAL,T1,t1_reindent,6,11,6,11
R00131,1,MUTATION,T1,t1_reindent,6,11,6,11
R00131,2,UNTOUCHED,T1,none,3,5,3,5
R00131,3,UNTOUCHED,T1,none,12,23,12,23
R00132,0,CLONE_INTERVAL,T2,t2_change_int_literal,6,13,6,13
R00132,1,MUTATION,T2,t2_change_int_literal,7,7,7,7
R00132,2,UNTOUCHED,T1,none,3,5,3,5
R00132,3,UNTOUCHED,T1,none,14,17,14,17
R00133,0,CLONE_INTERVAL,T1,t1_reindent,9,14,9,14
R00133,1,MUTATION,T1,t1_reindent,9,14,9,14
R00133,2,UNTOUCHED,T1,none,3,8,3,8
R00133,3,UNTOUCHED,T1,none,15,22,15,22
R00134,0,CLONE_INTERVAL,T3,t3_insert_statement,11,16,11,16
R00134,1,MUTATION,T3,t3_insert_statement,,,17,17
R00134,2,UNTOUCHED,T1,none,6,10,6,10
R00134,3,UNTOUCHED,T1,none,17,24,18,25
R00135,0,CLONE_INTERVAL,T1,t1_add_eol_comment,8,15,8,15
R00135,1,MUTATION,T1,t1_add_eol_comment,12,12,12,12
R00135,2,UNTOUCHED,T1,none,4,7,4,7
R00135,3,UNTOUCHED,T1,none,16,21,16,21
R00136,0,CLONE_INTERVAL,T2,t2_rename_local_x2,8,14,8,14
R00136,1,MUTATION,T2,t2_rename_local_x2,8,13,8,13
R00136,2,UNTOUCHED,T1,none,5,7,5,7
R00136,3,UNTOUCHED,T1,none,15,17,15,17
R00137,0,CLONE_INTERVAL,T2,t2_rename_local_x2,8,16,8,16
R00137,1,MUTATION,T2,t2_rename_local_x2,9,14,9,14
R00137,2,UNTOUCHED,T1,none,5,7,5,7
R00137,3,UNTOUCHED,T1,none,17,22,17,22
R00138,0,CLONE_INTERVAL,T1,t1_add_blank_line,6,13,6,14
R00138,1,MUTATION,T1,t1_add_blank_line,,,13,13
R00138,2,UNTOUCHED,T1,none,3,5,3,5
R00138,3,UNTOUCHED,T1,none,14,23,15,24
R00139,0,CLONE_INTERVAL,T1,t1_reindent,7,14,7,14
R00139,1,MUTATION,T1,t1_reindent,7,14,7,14
R00139,2,UNTOUCHED,T1,none,3,6,3,6
R00139,3,UNTOUCHED,T1,none,15,23,15,23
R00140,0,CLONE_INTERVAL,T1,t1_reindent,8,22,8,22
R00140,1,MUTATION,T1,t1_reindent,8,22,8,22
R00140,2,UNTOUCHED,T1,none,3,7,3,7
R00140,3,UNTOUCHED,T1,none,23,25,23,25
R00141,0,CLONE_INTERVAL,T1,t1_add_block_comment,9,15,9,16
R00141,1,MUTATION,T1,t1_add_block_comment,,,10,10
R00141,2,UNTOUCHED,T1,none,3,8,3,8
R00141,3,UNTOUCHED,T1,none,16,30,17,31
R00142,0,CLONE_INTERVAL,T1,t1_add_eol_comment,41,51,41,51
R00142,1,MUTATION,T1,t1_add_eol_comment,42,42,42,42
R00142,2,UNTOUCHED,T1,none,33,40,33,40
R00142,3,UNTOUCHED,T1,none,52,59,52,59
R00143,0,CLONE_INTERVAL,T2,t2_change_int_literal,10,15,10,15
R00143,1,MUTATION,T2,t2_change_int_literal,12,12,12,12
R00143,2,UNTOUCHED,T1,none,5,9,5,9
R00143,3,UNTOUCHED,T1,none,16,20,16,20
R00144,0,CLONE_INTERVAL,T3,t3_delete_statement,27,33,27,32
R00144,1,MUTATION,T3,t3_delete_statement,27,27,,
R00144,2,UNTOUCHED,T1,none,13,26,13,26
R00144,3,UNTOUCHED,T1,none,34,39,33,38
R00145,0,CLONE_INTERVAL,T1,t1_add_blank_line,15,20,15,21
R00145,1,MUTATION,T1,t1_add_blank_line,,,18,18
R00145,2,UNTOUCHED,T1,none,11,14,11,14
R00145,3,UNTOUCHED,T1,none,21,23,22,24
R00146,0,CLONE_INTERVAL,T3,t3_wrap_statement,9,18,9,20
R00146,1,MUTATION,T3,t3_wrap_statement,13,16,13,18
R00146,2,UNTOUCHED,T1,none,3,8,3,8
R00146,3,UNTOUCHED,T1,none,19,34,21,36
R00147,0,CLONE_INTERVAL,T1,t1_add_blank_line,26,31,26,32
R00147,1,MUTATION,T1,t1_add_blank_line,,,28,28
R00147,2,UNTOUCHED,T1,none,22,25,22,25
R00147,3,UNTOUCHED,T1,none,32,53,33,54
R00148,0,CLONE_INTERVAL,T3,t3_insert_statement,25,30,25,31
R00148,1,MUTATION,T3,t3_insert_statement,,,29,29
R00148,2,UNTOUCHED,T1,none,22,24,22,24
R00148,3,UNTOUCHED,T1,none,31,35,32,36
R00149,0,CLONE_INTERVAL,T1,t1_reindent,7,13,7,13
R00149,1,MUTATION,T1,t1_reindent,7,13,7,13
R00149,2,UNTOUCHED,T1,none,4,6,4,6
R00149,3,UNTOUCHED,T1,none,14,20,14,20
R00150,0,CLONE_INTERVAL,T2,t2_change_int_literal,9,39,9,39
R00150,1,MUTATION,T2,t2_change_int_literal,10,10,10,10
R00150,2,UNTOUCHED,T1,none,5,8,5,8
R00150,3,UNTOUCHED,T1,none,40,42,40,42
R00151,0,CLONE_INTERVAL,T3,t3_insert_statement,8,13,8,14
R00151,1,MUTATION,T3,t3_insert_statement,,,11,11
R00151,2,UNTOUCHED,T1,none,3,7,3,7
R00151,3,UNTOUCHED,T1,none,14,19,15,20
R00152,0,CLONE_INTERVAL,T1,t1_add_block_comment,6,12,6,13
R00152,1,MUTATION,T1,t1_add_block_comment,,,9,9
R00152,2,UNTOUCHED,T1,none,3,5,3,5
R00152,3,UNTOUCHED,T1,none,13,16,14,17
R00153,0,CLONE_INTERVAL,T1,t1_reindent,8,14,8,14
R00153,1,MUTATION,T1,t1_reindent,8,14,8,14
R00153,2,UNTOUCHED,T1,none,5,7,5,7
R00153,3,UNTOUCHED,T1,none,15,21,15,21
R00154,0,CLONE_INTERVAL,T3,t3_delete_statement,7,12,7,11
R00154,1,MUTATION,T3,t3_delete_statement,11,11,,
R00154,2,UNTOUCHED,T1,none,3,6,3,6
R00154,3,UNTOUCHED,T1,none,13,25,12,24
R00155,0,CLONE_INTERVAL,T2,t2_change_string_literal,7,12,7,12
R00155,1,MUTATION,T2,t2_change_string_literal,9,9,9,9
R00155,2,UNTOUCHED,T1,none,4,6,4,6
R00155,3,UNTOUCHED,T1,none,13,15,13,15
R00156,0,CLONE_INTERVAL,T3,t3_wrap_statement,21,28,21,30
R00156,1,MUTATION,T3,t3_wrap_statement,22,26,22,28
R00156,2,UNTOUCHED,T1,none,5,20,5,20
R00156,3,UNTOUCHED,T1,none,29,34,31,36
R00157,0,CLONE_INTERVAL,T3,t3_delete_statement,6,11,6,10
R00157,1,MUTATION,T3,t3_delete_statement,8,8,,
R00157,2,UNTOUCHED,T1,none,3,5,3,5
R00157,3,UNTOUCHED,T1,none,12,19,11,18
R00158,0,CLONE_INTERVAL,T1,t1_add_eol_comment,8,14,8,14
R00158,1,MUTATION,T1,t1_add_eol_comment,10,10,10,10
R00158,2,UNTOUCHED,T1,none,4,7,4,7
R00158,3,UNTOUCHED,T1,none,15,19,15,19
R00159,0,CLONE_INTERVAL,T1,t1_reindent,6,14,6,14
R00159,1,MUTATION,T1,t1_reindent,6,14,6,14
R00159,2,UNTOUCHED,T1,none,3,5,3,5
R00159,3,UNTOUCHED,T1,none,15,21,15,21
R00160,0,CLONE_INTERVAL,T2,t2_rename_local_x3,6,11,6,11
R00160,1,MUTATION,T2,t2_rename_local_x3,6,10,6,10
R00160,2,UNTOUCHED,T1,none,3,5,3,5
R00160,3,UNTOUCHED,T1,none,12,14,12,14
R00161,0,CLONE_INTERVAL,T2,t2_change_int_literal,6,13,6,13
R00161,1,MUTATION,T2,t2_change_int_literal,7,7,7,7
R00161,2,UNTOUCHED,T1,none,3,5,3,5
R00161,3,UNTOUCHED,T1,none,14,23,14,23
R00162,0,CLONE_INTERVAL,T3,t3_insert_statement,7,16,7,17
R00162,1,MUTATION,T3,t3_insert_statement,,,8,8
R00162,2,UNTOUCHED,T1,none,3,6,3,6
R00162,3,UNTOUCHED,T1,none,17,21,18,22
R00163,0,CLONE_INTERVAL,T2,t2_change_int_literal,13,24,13,24
R00163,1,MUTATION,T2,t2_change_int_literal,14,14,14,14
R00163,2,UNTOUCHED,T1,none,6,12,6,12
R00163,3,UNTOUCHED,T1,none,25,27,25,27
R00164,0,CLONE_INTERVAL,T3,t3_delete_statement,43,48,43,47
R00164,1,MUTATION,T3,t3_delete_statement,43,43,,
R00164,2,UNTOUCHED,T1,none,36,42,36,42
R00164,3,UNTOUCHED,T1,none,49,53,48,52
R00165,0,CLONE_INTERVAL,T2,t2_change_string_literal,11,16,11,16
R00165,1,MUTATION,T2,t2_change_string_literal,15,15,15,15
R00165,2,UNTOUCHED,T1,none,5,10,5,10
R00165,3,UNTOUCHED,T1,none,17,31,17,31
R00166,0,CLONE_INTERVAL,T2,t2_change_string_literal,9,37,9,37
R00166,1,MUTATION,T2,t2_change_string_literal,12,12,12,12
R00166,2,UNTOUCHED,T1,none,6,8,6,8
R00166,3,UNTOUCHED,T1,none,38,41,38,41
R00167,0,CLONE_INTERVAL,T1,t1_add_eol_comment,85,90,85,90
R00167,1,MUTATION,T1,t1_add_eol_comment,88,88,88,88
R00167,2,UNTOUCHED,T1,none,82,84,82,84
R00167,3,UNTOUCHED,T1,none,91,105,91,105
R00168,0,CLONE_INTERVAL,T3,t3_delete_statement,9,24,9,23
R00168,1,MUTATION,T3,t3_delete_statement,11,11,,
R00168,2,UNTOUCHED,T1,none,3,8,3,8
R00168,3,UNTOUCHED,T1,none,25,27,24,26
R00169,0,CLONE_INTERVAL,T2,t2_change_int_literal,8,13,8,13
R00169,1,MUTATION,T2,t2_change_int_literal,10,10,10,10
R00169,2,UNTOUCHED,T1,none,5,7,5,7
R00169,3,UNTOUCHED,T1,none,14,25,14,25
R00170,0,CLONE_INTERVAL,T1,t1_add_block_comment,9,17,9,18
R00170,1,MUTATION,T1,t1_add_block_comment,,,14,14
R00170,2,UNTOUCHED,T1,none,4,8,4,8
R00170,3,UNTOUCHED,T1,none,18,25,19,26
R00171,0,CLONE_INTERVAL,T3,t3_delete_statement,6,11,6,10
R00171,1,MUTATION,T3,t3_delete_statement,8,8,,
R00171,2,UNTOUCHED,T1,none,3,5,3,5
R00171,3,UNTOUCHED,T1,none,12,15,11,14
R00172,0,CLONE_INTERVAL,T2,t2_change_string_literal,6,11,6,11
R00172,1,MUTATION,T2,t2_change_string_literal,10,10,10,10
R00172,2,UNTOUCHED,T1,none,3,5,3,5
R00172,3,UNTOUCHED,T1,none,12,18,12,18
R00173,0,CLONE_INTERVAL,T1,t1_add_eol_comment,10,15,10,15
R00173,1,MUTATION,T1,t1_add_eol_comment,14,14,14,14
R00173,2,UNTOUCHED,T1,none,7,9,7,9
R00173,3,UNTOUCHED,T1,none,16,26,16,26
R00174,0,CLONE_INTERVAL,T1,t1_reindent,72,77,72,77
R00174,1,MUTATION,T1,t1_reindent,72,77,72,77
R00174,2,UNTOUCHED,T1,none,67,71,67,71
R00174,3,UNTOUCHED,T1,none,78,87,78,87
R00175,0,CLONE_INTERVAL,T1,t1_add_eol_comment,10,17,10,17
R00175,1,MUTATION,T1,t1_add_eol_comment,14,14,14,14
R00175,2,UNTOUCHED,T1,none,4,9,4,9
R00175,3,UNTOUCHED,T1,none,18,20,18,20
R00176,0,CLONE_INTERVAL,T3,t3_insert_statement,6,11,6,12
R00176,1,MUTATION,T3,t3_insert_statement,,,7,7
R00176,2,UNTOUCHED,T1,none,3,5,3,5
R00176,3,UNTOUCHED,T1,none,12,20,13,21
R00177,0,CLONE_INTERVAL,T2,t2_change_int_literal,6,13,6,13
R00177,1,MUTATION,T2,t2_change_int_literal,7,7,7,7
R00177,2,UNTOUCHED,T1,none,3,5,3,5
R00177,3,UNTOUCHED,T1,none,14,31,14,31
R00178,0,CLONE_INTERVAL,T1,t1_add_blank_line,7,14,7,15
R00178,1,MUTATION,T1,t1_add_blank_line,,,11,11
R00178,2,UNTOUCHED,T1,none,3,6,3,6
R00178,3,UNTOUCHED,T1,none,15,25,16,26
R00179,0,CLONE_INTERVAL,T1,t1_add_eol_comment,8,13,8,13
R00179,1,MUTATION,T1,t1_add_eol_comment,13,13,13,13
R00179,2,UNTOUCHED,T1,none,5,7,5,7
R00179,3,UNTOUCHED,T1,none,14,22,14,22
R00180,0,CLONE_INTERVAL,T1,t1_add_block_comment,7,13,7,14
R00180,1,MUTATION,T1,t1_add_block_comment,,,10,10
R00180,2,UNTOUCHED,T1,none,4,6,4,6
R00180,3,UNTOUCHED,T1,none,14,18,15,19
R00181,0,CLONE_INTERVAL,T2,t2_change_int_literal,6,11,6,11
R00181,1,MUTATION,T2,t2_change_int_literal,8,8,8,8
R00181,2,UNTOUCHED,T1,none,3,5,3,5
R00181,3,UNTOUCHED,T1,none,12,17,12,17
R00182,0,CLONE_INTERVAL,T1,t1_add_eol_comment,11,16,11,16
R00182,1,MUTATION,T1,t1_add_eol_comment,12,12,12,12
R00182,2,UNTOUCHED,T1,none,5,10,5,10
R00182,3,UNTOUCHED,T1,none,17,27,17,27
R00183,0,CLONE_INTERVAL,T2,t2_change_string_literal,8,14,8,14
R00183,1,MUTATION,T2,t2_change_string_literal,8,8,8,8
R00183,2,UNTOUCHED,T1,none,3,7,3,7
R00183,3,UNTOUCHED,T1,none,15,23,15,23
R00184,0,CLONE_INTERVAL,T1,t1_reindent,7,12,7,12
R00184,1,MUTATION,T1,t1_reindent,7,12,7,12
R00184,2,UNTOUCHED,T1,none,4,6,4,6
R00184,3,UNTOUCHED,T1,none,13,21,13,21
R00185,0,CLONE_INTERVAL,T1,t1_add_blank_line,11,20,11,21
R00185,1,MUTATION,T1,t1_add_blank_line,,,14,14
R00185,2,UNTOUCHED,T1,none,3,10,3,10
R00185,3,UNTOUCHED,T1,none,21,26,22,27
R00186,0,CLONE_INTERVAL,T2,t2_rename_local_x1,7,26,7,26
R00186,1,MUTATION,T2,t2_rename_local_x1,11,23,11,23
R00186,2,UNTOUCHED,T1,none,3,6,3,6
R00186,3,UNTOUCHED,T1,none,27,47,27,47
R00187,0,CLONE_INTERVAL,T1,t1_add_eol_comment,6,11,6,11
R00187,1,MUTATION,T1,t1_add_eol_comment,6,6,6,6
R00187,2,UNTOUCHED,T1,none,3,5,3,5
R00187,3,UNTOUCHED,T1,none,12,35,12,35
R00188,0,CLONE_INTERVAL,T3,t3_wrap_statement,62,67,62,69
R00188,1,MUTATION,T3,t3_wrap_statement,62,66,62,68
R00188,2,UNTOUCHED,T1,none,59,61,59,61
R00188,3,UNTOUCHED,T1,none,68,75,70,77
R00189,0,CLONE_INTERVAL,T2,t2_change_int_literal,6,11,6,11
R00189,1,MUTATION,T2,t2_change_int_literal,7,7,7,7
R00189,2,UNTOUCHED,T1,none,3,5,3,5
R00189,3,UNTOUCHED,T1,none,12,16,12,16
R00190,0,CLONE_INTERVAL,T2,t2_change_int_literal,6,11,6,11
R00190,1,MUTATION,T2,t2_change_int_literal,9,9,9,9
R00190,2,UNTOUCHED,T1,none,3,5,3,5
R00190,3,UNTOUCHED,T1,none,12,21,12,21
R00191,0,CLONE_INTERVAL,T1,t1_add_block_comment,7,12,7,13
R00191,1,MUTATION,T1,t1_add_block_comment,,,10,10
R00191,2,UNTOUCHED,T1,none,4,6,4,6
R00191,3,UNTOUCHED,T1,none,13,22,14,23
R00192,0,CLONE_INTERVAL,T2,t2_rename_local_x1,9,28,9,28
R00192,1,MUTATION,T2,t2_rename_local_x1,10,24,10,24
R00192,2,UNTOUCHED,T1,none,3,8,3,8
R00192,3,UNTOUCHED,T1,none,29,34,29,34
R00193,0,CLONE_INTERVAL,T1,t1_add_blank_line,6,11,6,12
R00193,1,MUTATION,T1,t1_add_blank_line,,,9,9
R00193,2,UNTOUCHED,T1,none,3,5,3,5
R00193,3,UNTOUCHED,T1,none,12,16,13,17
R00194,0,CLONE_INTERVAL,T1,t1_add_eol_comment,6,11,6,11
R00194,1,MUTATION,T1,t1_add_eol_comment,8,8,8,8
R00194,2,UNTOUCHED,T1,none,3,5,3,5
R00194,3,UNTOUCHED,T1,none,12,18,12,18
R00195,0,CLONE_INTERVAL,T3,t3_insert_statement,8,13,8,14
R00195,1,MUTATION,T3,t3_insert_statement,,,9,9
R00195,2,UNTOUCHED,T1,none,5,7,5,7
R00195,3,UNTOUCHED,T1,none,14,23,15,24
R00196,0,CLONE_INTERVAL,T2,t2_rename_local_x1,16,23,16,23
R00196,1,MUTATION,T2,t2_rename_local_x1,20,22,20,22
R00196,2,UNTOUCHED,T1,none,12,15,12,15
R00196,3,UNTOUCHED,T1,none,24,29,24,29
R00197,0,CLONE_INTERVAL,T1,t1_add_blank_line,12,22,12,23
R00197,1,MUTATION,T1,t1_add_blank_line,,,17,17
R00197,2,UNTOUCHED,T1,none,3,11,3,11
R00197,3,UNTOUCHED,T1,none,23,25,24,26
R00198,0,CLONE_INTERVAL,T1,t1_reindent,6,11,6,11
R00198,1,MUTATION,T1,t1_reindent,6,11,6,11
R00198,2,UNTOUCHED,T1,none,3,5,3,5
R00198,3,UNTOUCHED,T1,none,12,24,12,24
R00199,0,CLONE_INTERVAL,T1,t1_reindent,15,22,15,22
R00199,1,MUTATION,T1,t1_reindent,15,22,15,22
R00199,2,UNTOUCHED,T1,none,11,14,11,14
R00199,3,UNTOUCHED,T1,none,23,25,23,25
R00200,0,CLONE_INTERVAL,T1,t1_add_blank_line,8,18,8,19
R00200,1,MUTATION,T1,t1_add_blank_line,,,18,18
R00200,2,UNTOUCHED,T1,none,3,7,3,7
R00200,3,UNTOUCHED,T1,none,19,24,20,25
R00201,0,CLONE_INTERVAL,T1,t1_reindent,6,13,6,13
R00201,1,MUTATION,T1,t1_reindent,6,13,6,13
R00201,2,UNTOUCHED,T1,none,3,5,3,5
R00201,3,UNTOUCHED,T1,none,14,25,14,25
R00202,0,CLONE_INTERVAL,T3,t3_wrap_statement,6,11,6,13
R00202,1,MUTATION,T3,t3_wrap_statement,8,10,8,12
R00202,2,UNTOUCHED,T1,none,3,5,3,5
R00202,3,UNTOUCHED,T1,none,12,18,14,20
R00203,0,CLONE_INTERVAL,T1,t1_reindent,6,12,6,12
R00203,1,MUTATION,T1,t1_reindent,6,12,6,12
R00203,2,UNTOUCHED,T1,none,3,5,3,5
R00203,3,UNTOUCHED,T1,none,13,28,13,28
R00204,0,CLONE_INTERVAL,T3,t3_wrap_statement,22,27,22,29
R00204,1,MUTATION,T3,t3_wrap_statement,22,23,22,25
R00204,2,UNTOUCHED,T1,none,11,21,11,21
R00204,3,UNTOUCHED,T1,none,28,51,30,53
R00205,0,CLONE_INTERVAL,T2,t2_rename_local_x6,10,38,10,38
R00205,1,MUTATION,T2,t2_rename_local_x6,14,32,14,32
R00205,2,UNTOUCHED,T1,none,6,9,6,9
R00205,3,UNTOUCHED,T1,none,39,48,39,48
R00206,0,CLONE_INTERVAL,T3,t3_delete_statement,8,13,7,11
R00206,1,MUTATION,T3,t3_delete_statement,13,13,,
R00206,2,UNTOUCHED,T1,none,4,7,3,6
R00206,3,UNTOUCHED,T1,none,14,30,12,28
R00207,0,CLONE_INTERVAL,T2,t2_rename_local_x2,6,16,6,16
R00207,1,MUTATION,T2,t2_rename_local_x2,8,15,8,15
R00207,2,UNTOUCHED,T1,none,3,5,3,5
R00207,3,UNTOUCHED,T1,none,17,25,17,25
R00208,0,CLONE_INTERVAL,T2,t2_change_string_literal,9,14,9,14
R00208,1,MUTATION,T2,t2_change_string_literal,11,11,11,11
R00208,2,UNTOUCHED,T1,none,6,8,6,8
R00208,3,UNTOUCHED,T1,none,15,24,15,24
R00209,0,CLONE_INTERVAL,T1,t1_add_eol_comment,146,152,146,152
R00209,1,MUTATION,T1,t1_add_eol_comment,147,147,147,147
R00209,2,UNTOUCHED,T1,none,139,145,139,145
R00209,3,UNTOUCHED,T1,none,153,164,153,164
R00210,0,CLONE_INTERVAL,T3,t3_delete_statement,6,11,6,10
R00210,1,MUTATION,T3,t3_delete_statement,7,7,,
R00210,2,UNTOUCHED,T1,none,3,5,3,5
R00210,3,UNTOUCHED,T1,none,12,24,11,23
R00211,0,CLONE_INTERVAL,T1,t1_reindent,9,27,9,27
R00211,1,MUTATION,T1,t1_reindent,9,27,9,27
R00211,2,UNTOUCHED,T1,none,3,8,3,8
R00211,3,UNTOUCHED,T1,none,28,39,28,39
R00212,0,CLONE_INTERVAL,T3,t3_insert_statement,7,12,7,13
R00212,1,MUTATION,T3,t3_insert_statement,,,10,10
R00212,2,UNTOUCHED,T1,none,3,6,3,6
R00212,3,UNTOUCHED,T1,none,13,26,14,27
R00213,0,CLONE_INTERVAL,T3,t3_delete_statement,6,11,6,10
R00213,1,MUTATION,T3,t3_delete_statement,8,8,,
R00213,2,UNTOUCHED,T1,none,3,5,3,5
R00213,3,UNTOUCHED,T1,none,12,14,11,13
R00214,0,CLONE_INTERVAL,T3,t3_delete_statement,7,12,7,11
R00214,1,MUTATION,T3,t3_delete_statement,12,12,,
R00214,2,UNTOUCHED,T1,none,3,6,3,6
R00214,3,UNTOUCHED,T1,none,13,22,12,21
R00215,0,CLONE_INTERVAL,T1,t1_add_eol_comment,9,17,9,17
R00215,1,MUTATION,T1,t1_add_eol_comment,9,9,9,9
R00215,2,UNTOUCHED,T1,none,6,8,6,8
R00215,3,UNTOUCHED,T1,none,18,26,18,26
R00216,0,CLONE_INTERVAL,T2,t2_rename_local_x2,9,17,9,17
R00216,1,MUTATION,T2,t2_rename_local_x2,10,13,10,13
R00216,2,UNTOUCHED,T1,none,3,8,3,8
R00216,3,UNTOUCHED,T1,none,18,22,18,22
R00217,0,CLONE_INTERVAL,T3,t3_wrap_statement,6,11,6,13
R00217,1,MUTATION,T3,t3_wrap_statement,8,9,8,11
R00217,2,UNTOUCHED,T1,none,3,5,3,5
R00217,3,UNTOUCHED,T1,none,12,24,14,26
R00218,0,CLONE_INTERVAL,T1,t1_reindent,6,11,6,11
R00218,1,MUTATION,T1,t1_reindent,6,11,6,11
R00218,2,UNTOUCHED,T1,none,3,5,3,5
R00218,3,UNTOUCHED,T1,none,12,21,12,21
R00219,0,CLONE_INTERVAL,T3,t3_wrap_statement,8,15,8,17
R00219,1,MUTATION,T3,t3_wrap_statement,8,9,8,11
R00219,2,UNTOUCHED,T1,none,3,7,3,7
R00219,3,UNTOUCHED,T1,none,16,18,18,20
R00220,0,CLONE_INTERVAL,T1,t1_add_eol_comment,14,19,14,19
R00220,1,MUTATION,T1,t1_add_eol_comment,15,15,15,15
R00220,2,UNTOUCHED,T1,none,3,13,3,13
R00220,3,UNTOUCHED,T1,none,20,31,20,31
R00221,0,CLONE_INTERVAL,T3,t3_delete_statement,20,26,20,25
R00221,1,MUTATION,T3,t3_delete_statement,20,20,,
R00221,2,UNTOUCHED,T1,none,17,19,17,19
R00221,3,UNTOUCHED,T1,none,27,36,26,35
R00222,0,CLONE_INTERVAL,T1,t1_add_blank_line,9,17,9,18
R00222,1,MUTATION,T1,t1_add_blank_line,,,10,10
R00222,2,UNTOUCHED,T1,none,3,8,3,8
R00222,3,UNTOUCHED,T1,none,18,28,19,29
R00223,0,CLONE_INTERVAL,T3,t3_insert_statement,19,24,19,25
R00223,1,MUTATION,T3,t3_insert_statement,,,24,24
R00223,2,UNTOUCHED,T1,none,3,18,3,18
R00223,3,UNTOUCHED,T1,none,25,38,26,39
R00224,0,CLONE_INTERVAL,T1,t1_add_eol_comment,7,17,7,17
R00224,1,MUTATION,T1,t1_add_eol_comment,14,14,14,14
R00224,2,UNTOUCHED,T1,none,3,6,3,6
R00224,3,UNTOUCHED,T1,none,18,23,18,23
R00225,0,CLONE_INTERVAL,T2,t2_rename_local_x2,6,18,6,18
R00225,1,MUTATION,T2,t2_rename_local_x2,6,17,6,17
R00225,2,UNTOUCHED,T1,none,3,5,3,5
R00225,3,UNTOUCHED,T1,none,19,21,19,21
R00226,0,CLONE_INTERVAL,T1,t1_reindent,10,15,10,15
R00226,1,MUTATION,T1,t1_reindent,10,15,10,15
R00226,2,UNTOUCHED,T1,none,3,9,3,9
R00226,3,UNTOUCHED,T1,none,16,24,16,24
R00227,0,CLONE_INTERVAL,T3,t3_delete_statement,49,54,49,53
R00227,1,MUTATION,T3,t3_delete_statement,54,54,,
R00227,2,UNTOUCHED,T1,none,8,48,8,48
R00227,3,UNTOUCHED,T1,none,55,73,54,72
R00228,0,CLONE_INTERVAL,T3,t3_insert_statement,12,18,12,18
R00228,1,MUTATION,T3,t3_insert_statement,,,19,19
R00228,2,UNTOUCHED,T1,none,6,11,6,11
R00228,3,UNTOUCHED,T1,none,19,68,20,69
R00229,0,CLONE_INTERVAL,T1,t1_add_block_comment,13,21,13,22
R00229,1,MUTATION,T1,t1_add_block_comment,,,21,21
R00229,2,UNTOUCHED,T1,none,4,12,4,12
R00229,3,UNTOUCHED,T1,none,22,25,23,26
R00230,0,CLONE_INTERVAL,T2,t2_change_string_literal,11,18,11,18
R00230,1,MUTATION,T2,t2_change_string_literal,14,14,14,14
R00230,2,UNTOUCHED,T1,none,5,10,5,10
R00230,3,UNTOUCHED,T1,none,19,32,19,32
R00231,0,CLONE_INTERVAL,T2,t2_change_string_literal,22,29,21,28
R00231,1,MUTATION,T2,t2_change_string_literal,26,26,25,25
R00231,2,UNTOUCHED,T1,none,4,21,3,20
R00231,3,UNTOUCHED,T1,none,30,36,29,35
R00232,0,CLONE_INTERVAL,T2,t2_change_string_literal,11,23,11,23
R00232,1,MUTATION,T2,t2_change_string_literal,14,14,14,14
R00232,2,UNTOUCHED,T1,none,3,10,3,10
R00232,3,UNTOUCHED,T1,none,24,29,24,29
R00233,0,CLONE_INTERVAL,T1,t1_add_eol_comment,7,16,7,16
R00233,1,MUTATION,T1,t1_add_eol_comment,16,16,16,16
R00233,2,UNTOUCHED,T1,none,3,6,3,6
R00233,3,UNTOUCHED,T1,none,17,41,17,41
R00234,0,CLONE_INTERVAL,T2,t2_rename_local_x3,16,30,16,30
R00234,1,MUTATION,T2,t2_rename_local_x3,16,27,16,27
R00234,2,UNTOUCHED,T1,none,3,15,3,15
R00234,3,UNTOUCHED,T1,none,31,35,31,35
R00235,0,CLONE_INTERVAL,T1,t1_add_block_comment,13,22,13,23
R00235,1,MUTATION,T1,t1_add_block_comment,,,20,20
R00235,2,UNTOUCHED,T1,none,3,12,3,12
R00235,3,UNTOUCHED,T1,none,23,29,24,30
R00236,0,CLONE_INTERVAL,T2,t2_rename_local_x2,7,16,7,16
R00236,1,MUTATION,T2,t2_rename_local_x2,8,11,8,11
R00236,2,UNTOUCHED,T1,none,3,6,3,6
R00236,3,UNTOUCHED,T1,none,17,22,17,22
R00237,0,CLONE_INTERVAL,T1,t1_add_eol_comment,78,86,78,86
R00237,1,MUTATION,T1,t1_add_eol_comment,80,80,80,80
R00237,2,UNTOUCHED,T1,none,72,77,72,77
R00237,3,UNTOUCHED,T1,none,87,91,87,91
R00238,0,CLONE_INTERVAL,T2,t2_change_int_literal,6,11,6,11
R00238,1,MUTATION,T2,t2_change_int_literal,9,9,9,9
R00238,2,UNTOUCHED,T1,none,3,5,3,5
R00238,3,UNTOUCHED,T1,none,12,21,12,21
R00239,0,CLONE_INTERVAL,T1,t1_reindent,8,13,8,13
R00239,1,MUTATION,T1,t1_reindent,8,13,8,13
R00239,2,UNTOUCHED,T1,none,3,7,3,7
R00239,3,UNTOUCHED,T1,none,14,24,14,24
R00240,0,CLONE_INTERVAL,T3,t3_delete_statement,7,13,7,12
R00240,1,MUTATION,T3,t3_delete_statement,7,7,,
R00240,2,UNTOUCHED,T1,none,3,6,3,6
R00240,3,UNTOUCHED,T1,none,14,23,13,22
R00241,0,CLONE_INTERVAL,T3,t3_delete_statement,6,11,6,10
R00241,1,MUTATION,T3,t3_delete_statement,6,6,,
R00241,2,UNTOUCHED,T1,none,3,5,3,5
R00241,3,UNTOUCHED,T1,none,12,17,11,16
R00242,0,CLONE_INTERVAL,T1,t1_reindent,6,11,6,11
R00242,1,MUTATION,T1,t1_reindent,6,11,6,11
R00242,2,UNTOUCHED,T1,none,3,5,3,5
R00242,3,UNTOUCHED,T1,none,12,35,12,35
R00243,0,CLONE_INTERVAL,T2,t2_change_string_literal,20,27,19,26
R00243,1,MUTATION,T2,t2_change_string_literal,24,24,23,23
R00243,2,UNTOUCHED,T1,none,12,19,11,18
R00243,3,UNTOUCHED,T1,none,28,41,27,40
R00244,0,CLONE_INTERVAL,T2,t2_rename_local_x2,7,12,7,12
R00244,1,MUTATION,T2,t2_rename_local_x2,8,11,8,11
R00244,2,UNTOUCHED,T1,none,4,6,4,6
R00244,3,UNTOUCHED,T1,none,13,28,13,28
R00245,0,CLONE_INTERVAL,T1,t1_add_block_comment,11,17,11,18
R00245,1,MUTATION,T1,t1_add_block_comment,,,12,12
R00245,2,UNTOUCHED,T1,none,5,10,5,10
R00245,3,UNTOUCHED,T1,none,18,22,19,23
R00246,0,CLONE_INTERVAL,T1,t1_add_block_comment,9,14,9,15
R00246,1,MUTATION,T1,t1_add_block_comment,,,13,13
R00246,2,UNTOUCHED,T1,none,3,8,3,8
R00246,3,UNTOUCHED,T1,none,15,26,16,27
R00247,0,CLONE_INTERVAL,T2,t2_change_int_literal,13,19,13,19
R00247,1,MUTATION,T2,t2_change_int_literal,14,14,14,14
R00247,2,UNTOUCHED,T1,none,3,12,3,12
R00247,3,UNTOUCHED,T1,none,20,23,20,23
R00248,0,CLONE_INTERVAL,T1,t1_add_blank_line,7,12,7,13
R00248,1,MUTATION,T1,t1_add_blank_line,,,12,12
R00248,2,UNTOUCHED,T1,none,4,6,4,6
R00248,3,UNTOUCHED,T1,none,13,25,14,26
R00249,0,CLONE_INTERVAL,T1,t1_reindent,13,22,13,22
R00249,1,MUTATION,T1,t1_reindent,13,22,13,22
R00249,2,UNTOUCHED,T1,none,6,12,6,12
R00249,3,UNTOUCHED,T1,none,23,30,23,30
R00250,0,CLONE_INTERVAL,T1,t1_add_block_comment,11,17,11,18
R00250,1,MUTATION,T1,t1_add_block_comment,,,16,16
R00250,2,UNTOUCHED,T1,none,3,10,3,10
R00250,3,UNTOUCHED,T1,none,18,26,19,27
R00251,0,CLONE_INTERVAL,T2,t2_change_int_literal,6,14,6,14
R00251,1,MUTATION,T2,t2_change_int_literal,9,9,9,9
R00251,2,UNTOUCHED,T1,none,3,5,3,5
R00251,3,UNTOUCHED,T1,none,15,28,15,28
R00252,0,CLONE_INTERVAL,T2,t2_rename_local_x2,8,13,8,13
R00252,1,MUTATION,T2,t2_rename_local_x2,10,12,10,12
R00252,2,UNTOUCHED,T1,none,3,7,3,7
R00252,3,UNTOUCHED,T1,none,14,21,14,21
R00253,0,CLONE_INTERVAL,T3,t3_insert_statement,6,11,6,12
R00253,1,MUTATION,T3,t3_insert_statement,,,10,10
R00253,2,UNTOUCHED,T1,none,3,5,3,5
R00253,3,UNTOUCHED,T1,none,12,24,13,25
R00254,0,CLONE_INTERVAL,T1,t1_add_blank_line,7,17,7,18
R00254,1,MUTATION,T1,t1_add_blank_line,,,15,15
R00254,2,UNTOUCHED,T1,none,4,6,4,6
R00254,3,UNTOUCHED,T1,none,18,20,19,21
R00255,0,CLONE_INTERVAL,T1,t1_reindent,6,13,6,13
R00255,1,MUTATION,T1,t1_reindent,6,13,6,13
R00255,2,UNTOUCHED,T1,none,3,5,3,5
R00255,3,UNTOUCHED,T1,none,14,16,14,16
R00256,0,CLONE_INTERVAL,T1,t1_reindent,14,19,14,19
R00256,1,MUTATION,T1,t1_reindent,14,19,14,19
R00256,2,UNTOUCHED,T1,none,3,13,3,13
R00256,3,UNTOUCHED,T1,none,20,25,20,25
R00257,0,CLONE_INTERVAL,T3,t3_insert_statement,73,78,73,79
R00257,1,MUTATION,T3,t3_insert_statement,,,78,78
R00257,2,UNTOUCHED,T1,none,68,72,68,72
R00257,3,UNTOUCHED,T1,none,79,88,80,89
R00258,0,CLONE_INTERVAL,T1,t1_add_eol_comment,6,11,6,11
R00258,1,MUTATION,T1,t1_add_eol_comment,9,9,9,9
R00258,2,UNTOUCHED,T1,none,3,5,3,5
R00258,3,UNTOUCHED,T1,none,12,17,12,17
R00259,0,CLONE_INTERVAL,T1,t1_add_eol_comment,84,91,84,91
R00259,1,MUTATION,T1,t1_add_eol_comment,88,88,88,88
R00259,2,UNTOUCHED,T1,none,78,83,78,83
R00259,3,UNTOUCHED,T1,none,92,114,92,114
R00260,0,CLONE_INTERVAL,T1,t1_add_blank_line,10,15,10,16
R00260,1,MUTATION,T1,t1_add_blank_line,,,15,15
R00260,2,UNTOUCHED,T1,none,3,9,3,9
R00260,3,UNTOUCHED,T1,none,16,33,17,34
R00261,0,CLONE_INTERVAL,T1,t1_add_blank_line,6,11,6,12
R00261,1,MUTATION,T1,t1_add_blank_line,,,9,9
R00261,2,UNTOUCHED,T1,none,3,5,3,5
R00261,3,UNTOUCHED,T1,none,12,14,13,15
R00262,0,CLONE_INTERVAL,T2,t2_change_int_literal,6,11,6,11
R00262,1,MUTATION,T2,t2_change_int_literal,7,7,7,7
R00262,2,UNTOUCHED,T1,none,3,5,3,5
R00262,3,UNTOUCHED,T1,none,12,17,12,17
R00263,0,CLONE_INTERVAL,T2,t2_change_int_literal,61,66,61,66
R00263,1,MUTATION,T2,t2_change_int_literal,61,61,61,61
R00263,2,UNTOUCHED,T1,none,56,60,56,60
R00263,3,UNTOUCHED,T1,none,67,73,67,73
R00264,0,CLONE_INTERVAL,T1,t1_add_eol_comment,7,16,7,16
R00264,1,MUTATION,T1,t1_add_eol_comment,13,13,13,13
R00264,2,UNTOUCHED,T1,none,3,6,3,6
R00264,3,UNTOUCHED,T1,none,17,19,17,19
R00265,0,CLONE_INTERVAL,T1,t1_add_blank_line,8,18,8,19
R00265,1,MUTATION,T1,t1_add_blank_line,,,9,9
R00265,2,UNTOUCHED,T1,none,5,7,5,7
R00265,3,UNTOUCHED,T1,none,19,37,20,38
R00266,0,CLONE_INTERVAL,T3,t3_insert_statement,10,15,10,16
R00266,1,MUTATION,T3,t3_insert_statement,,,11,11
R00266,2,UNTOUCHED,T1,none,7,9,7,9
R00266,3,UNTOUCHED,T1,none,16,24,17,25
R00267,0,CLONE_INTERVAL,T1,t1_reindent,10,16,10,16
R00267,1,MUTATION,T1,t1_reindent,10,16,10,16
R00267,2,UNTOUCHED,T1,none,5,9,5,9
R00267,3,UNTOUCHED,T1,none,17,34,17,34
R00268,0,CLONE_INTERVAL,T2,t2_rename_local_x2,6,15,6,15
R00268,1,MUTATION,T2,t2_rename_local_x2,6,13,6,13
R00268,2,UNTOUCHED,T1,none,3,5,3,5
R00268,3,UNTOUCHED,T1,none,16,18,16,18
R00269,0,CLONE_INTERVAL,T1,t1_add_eol_comment,6,11,6,11
R00269,1,MUTATION,T1,t1_add_eol_comment,7,7,7,7
R00269,2,UNTOUCHED,T1,none,3,5,3,5
R00269,3,UNTOUCHED,T1,none,12,17,12,17
R00270,0,CLONE_INTERVAL,T1,t1_add_block_comment,6,14,6,15
R00270,1,MUTATION,T1,t1_add_block_comment,,,9,9
R00270,2,UNTOUCHED,T1,none,3,5,3,5
R00270,3,UNTOUCHED,T1,none,15,17,16,18
R00271,0,CLONE_INTERVAL,T2,t2_rename_local_x2,10,15,9,14
R00271,1,MUTATION,T2,t2_rename_local_x2,10,14,9,13
R00271,2,UNTOUCHED,T1,none,4,9,3,8
R00271,3,UNTOUCHED,T1,none,16,18,15,17
R00272,0,CLONE_INTERVAL,T3,t3_insert_statement,22,29,22,29
R00272,1,MUTATION,T3,t3_insert_statement,,,30,30
R00272,2,UNTOUCHED,T1,none,3,21,3,21
R00272,3,UNTOUCHED,T1,none,30,35,31,36
R00273,0,CLONE_INTERVAL,T1,t1_add_block_comment,7,12,7,13
R00273,1,MUTATION,T1,t1_add_block_comment,,,8,8
R00273,2,UNTOUCHED,T1,none,3,6,3,6
R00273,3,UNTOUCHED,T1,none,13,19,14,20
R00274,0,CLONE_INTERVAL,T3,t3_insert_statement,13,18,13,19
R00274,1,MUTATION,T3,t3_insert_statement,,,17,17
R00274,2,UNTOUCHED,T1,none,3,12,3,12
R00274,3,UNTOUCHED,T1,none,19,24,20,25
R00275,0,CLONE_INTERVAL,T1,t1_add_blank_line,6,11,6,12
R00275,1,MUTATION,T1,t1_add_blank_line,,,7,7
R00275,2,UNTOUCHED,T1,none,3,5,3,5
R00275,3,UNTOUCHED,T1,none,12,17,13,18
R00276,0,CLONE_INTERVAL,T1,t1_add_eol_comment,9,14,9,14
R00276,1,MUTATION,T1,t1_add_eol_comment,14,14,14,14
R00276,2,UNTOUCHED,T1,none,3,8,3,8
R00276,3,UNTOUCHED,T1,none,15,22,15,22
R00277,0,CLONE_INTERVAL,T3,t3_delete_statement,11,16,11,15
R00277,1,MUTATION,T3,t3_delete_statement,14,14,,
R00277,2,UNTOUCHED,T1,none,3,10,3,10
R00277,3,UNTOUCHED,T1,none,17,21,16,20
R00278,0,CLONE_INTERVAL,T1,t1_add_eol_comment,8,14,8,14
R00278,1,MUTATION,T1,t1_add_eol_comment,9,9,9,9
R00278,2,UNTOUCHED,T1,none,3,7,3,7
R00278,3,UNTOUCHED,T1,none,15,17,15,17
R00279,0,CLONE_INTERVAL,T1,t1_reindent,8,27,8,27
R00279,1,MUTATION,T1,t1_reindent,8,27,8,27
R00279,2,UNTOUCHED,T1,none,3,7,3,7
R00279,3,UNTOUCHED,T1,none,28,47,28,47
R00280,0,CLONE_INTERVAL,T1,t1_reindent,100,105,100,105
R00280,1,MUTATION,T1,t1_reindent,100,105,100,105
R00280,2,UNTOUCHED,T1,none,97,99,97,99
R00280,3,UNTOUCHED,T1,none,106,114,106,114
R00281,0,CLONE_INTERVAL,T1,t1_add_block_comment,10,15,10,16
R00281,1,MUTATION,T1,t1_add_block_comment,,,12,12
R00281,2,UNTOUCHED,T1,none,3,9,3,9
R00281,3,UNTOUCHED,T1,none,16,18,17,19
R00282,0,CLONE_INTERVAL,T1,t1_add_eol_comment,10,15,10,15
R00282,1,MUTATION,T1,t1_add_eol_comment,15,15,15,15
R00282,2,UNTOUCHED,T1,none,4,9,4,9
R00282,3,UNTOUCHED,T1,none,16,20,16,20
R00283,0,CLONE_INTERVAL,T1,t1_reindent,7,12,7,12
R00283,1,MUTATION,T1,t1_reindent,7,12,7,12
R00283,2,UNTOUCHED,T1,none,3,6,3,6
R00283,3,UNTOUCHED,T1,none,13,23,13,23
R00284,0,CLONE_INTERVAL,T1,t1_add_blank_line,58,68,58,69
R00284,1,MUTATION,T1,t1_add_blank_line,,,62,62
R00284,2,UNTOUCHED,T1,none,54,57,54,57
R00284,3,UNTOUCHED,T1,none,69,72,70,73
R00285,0,CLONE_INTERVAL,T3,t3_delete_statement,18,31,17,29
R00285,1,MUTATION,T3,t3_delete_statement,18,18,,
R00285,2,UNTOUCHED,T1,none,3,16,3,16
R00285,3,UNTOUCHED,T1,none,32,34,30,32
R00286,0,CLONE_INTERVAL,T2,t2_change_int_literal,14,37,14,37
R00286,1,MUTATION,T2,t2_change_int_literal,14,14,14,14
R00286,2,UNTOUCHED,T1,none,6,13,6,13
R00286,3,UNTOUCHED,T1,none,38,53,38,53
R00287,0,CLONE_INTERVAL,T1,t1_reindent,11,21,11,21
R00287,1,MUTATION,T1,t1_reindent,11,21,11,21
R00287,2,UNTOUCHED,T1,none,7,10,7,10
R00287,3,UNTOUCHED,T1,none,22,26,22,26
R00288,0,CLONE_INTERVAL,T1,t1_reindent,8,21,8,21
R00288,1,MUTATION,T1,t1_reindent,8,21,8,21
R00288,2,UNTOUCHED,T1,none,3,7,3,7
R00288,3,UNTOUCHED,T1,none,22,26,22,26
R00289,0,CLONE_INTERVAL,T3,t3_wrap_statement,7,12,7,15
R00289,1,MUTATION,T3,t3_wrap_statement,11,12,11,15
R00289,2,UNTOUCHED,T1,none,3,6,3,6
R00289,3,UNTOUCHED,T1,none,14,15,16,17
R00290,0,CLONE_INTERVAL,T3,t3_delete_statement,7,12,7,11
R00290,1,MUTATION,T3,t3_delete_statement,7,7,,
R00290,2,UNTOUCHED,T1,none,3,6,3,6
R00290,3,UNTOUCHED,T1,none,13,25,12,24
R00291,0,CLONE_INTERVAL,T1,t1_add_blank_line,6,11,6,12
R00291,1,MUTATION,T1,t1_add_blank_line,,,10,10
R00291,2,UNTOUCHED,T1,none,3,5,3,5
R00291,3,UNTOUCHED,T1,none,12,28,13,29
R00292,0,CLONE_INTERVAL,T2,t2_change_int_literal,6,11,6,11
R00292,1,MUTATION,T2,t2_change_int_literal,8,8,8,8
R00292,2,UNTOUCHED,T1,none,3,5,3,5
R00292,3,UNTOUCHED,T1,none,12,23,12,23
R00293,0,CLONE_INTERVAL,T3,t3_wrap_statement,8,14,8,16
R00293,1,MUTATION,T3,t3_wrap_statement,9,13,9,15
R00293,2,UNTOUCHED,T1,none,3,7,3,7
R00293,3,UNTOUCHED,T1,none,15,19,17,21
R00294,0,CLONE_INTERVAL,T2,t2_rename_local_x2,9,19,9,19
R00294,1,MUTATION,T2,t2_rename_local_x2,12,14,12,14
R00294,2,UNTOUCHED,T1,none,6,8,6,8
R00294,3,UNTOUCHED,T1,none,20,44,20,44
R00295,0,CLONE_INTERVAL,T2,t2_change_string_literal,7,13,7,13
R00295,1,MUTATION,T2,t2_change_string_literal,10,10,10,10
R00295,2,UNTOUCHED,T1,none,3,6,3,6
R00295,3,UNTOUCHED,T1,none,14,49,14,49
R00296,0,CLONE_INTERVAL,T2,t2_change_int_literal,10,15,10,15
R00296,1,MUTATION,T2,t2_change_int_literal,11,11,11,11
R00296,2,UNTOUCHED,T1,none,3,9,3,9
R00296,3,UNTOUCHED,T1,none,16,30,16,30
R00297,0,CLONE_INTERVAL,T2,t2_change_int_literal,7,15,7,15
R00297,1,MUTATION,T2,t2_change_int_literal,7,7,7,7
R00297,2,UNTOUCHED,T1,none,3,6,3,6
R00297,3,UNTOUCHED,T1,none,16,19,16,19
R00298,0,CLONE_INTERVAL,T3,t3_delete_statement,7,12,7,11
R00298,1,MUTATION,T3,t3_delete_statement,11,11,,
R00298,2,UNTOUCHED,T1,none,3,6,3,6
R00298,3,UNTOUCHED,T1,none,13,21,12,20
R00299,0,CLONE_INTERVAL,T3,t3_wrap_statement,15,20,15,22
R00299,1,MUTATION,T3,t3_wrap_statement,16,19,16,21
R00299,2,UNTOUCHED,T1,none,5,14,5,14
R00299,3,UNTOUCHED,T1,none,21,27,23,29
R00300,0,CLONE_INTERVAL,T1,t1_reindent,8,14,8,14
R00300,1,MUTATION,T1,t1_reindent,8,14,8,14
R00300,2,UNTOUCHED,T1,none,3,7,3,7
R00300,3,UNTOUCHED,T1,none,15,17,15,17
R00301,0,CLONE_INTERVAL,T1,t1_reindent,8,13,8,13
R00301,1,MUTATION,T1,t1_reindent,8,13,8,13
R00301,2,UNTOUCHED,T1,none,4,7,4,7
R00301,3,UNTOUCHED,T1,none,14,21,14,21
R00302,0,CLONE_INTERVAL,T1,t1_reindent,96,101,96,101
R00302,1,MUTATION,T1,t1_reindent,96,101,96,101
R00302,2,UNTOUCHED,T1,none,91,95,91,95
R00302,3,UNTOUCHED,T1,none,102,111,102,111
R00303,0,CLONE_INTERVAL,T2,t2_change_int_literal,6,11,6,11
R00303,1,MUTATION,T2,t2_change_int_literal,6,6,6,6
R00303,2,UNTOUCHED,T1,none,3,5,3,5
R00303,3,UNTOUCHED,T1,none,12,17,12,17
R00304,0,CLONE_INTERVAL,T1,t1_reindent,12,17,12,17
R00304,1,MUTATION,T1,t1_reindent,12,17,12,17
R00304,2,UNTOUCHED,T1,none,3,11,3,11
R00304,3,UNTOUCHED,T1,none,18,27,18,27
R00305,0,CLONE_INTERVAL,T3,t3_wrap_statement,7,12,7,14
R00305,1,MUTATION,T3,t3_wrap_statement,11,11,11,13
R00305,2,UNTOUCHED,T1,none,3,6,3,6
R00305,3,UNTOUCHED,T1,none,13,19,15,21
R00306,0,CLONE_INTERVAL,T3,t3_wrap_statement,8,20,8,22
R00306,1,MUTATION,T3,t3_wrap_statement,10,19,10,20
R00306,2,UNTOUCHED,T1,none,5,7,5,7
R00306,3,UNTOUCHED,T1,none,21,28,23,30
R00307,0,CLONE_INTERVAL,T3,t3_delete_statement,10,18,10,17
R00307,1,MUTATION,T3,t3_delete_statement,10,10,,
R00307,2,UNTOUCHED,T1,none,4,9,4,9
R00307,3,UNTOUCHED,T1,none,19,21,18,20
R00308,0,CLONE_INTERVAL,T2,t2_rename_local_x1,9,14,9,14
R00308,1,MUTATION,T2,t2_rename_local_x1,11,11,11,11
R00308,2,UNTOUCHED,T1,none,5,8,5,8
R00308,3,UNTOUCHED,T1,none,15,26,15,26
R00309,0,CLONE_INTERVAL,T1,t1_reindent,8,22,8,22
R00309,1,MUTATION,T1,t1_reindent,8,22,8,22
R00309,2,UNTOUCHED,T1,none,4,7,4,7
R00309,3,UNTOUCHED,T1,none,23,34,23,34
R00310,0,CLONE_INTERVAL,T1,t1_add_block_comment,6,16,6,17
R00310,1,MUTATION,T1,t1_add_block_comment,,,10,10
R00310,2,UNTOUCHED,T1,none,3,5,3,5
R00310,3,UNTOUCHED,T1,none,17,22,18,23
R00311,0,CLONE_INTERVAL,T2,t2_change_string_literal,6,23,6,23
R00311,1,MUTATION,T2,t2_change_string_literal,13,13,13,13
R00311,2,UNTOUCHED,T1,none,3,5,3,5
R00311,3,UNTOUCHED,T1,none,24,29,24,29
R00312,0,CLONE_INTERVAL,T2,t2_change_int_literal,9,20,9,20
R00312,1,MUTATION,T2,t2_change_int_literal,9,9,9,9
R00312,2,UNTOUCHED,T1,none,5,8,5,8
R00312,3,UNTOUCHED,T1,none,21,24,21,24
R00313,0,CLONE_INTERVAL,T2,t2_change_string_literal,12,17,12,17
R00313,1,MUTATION,T2,t2_change_string_literal,14,14,14,14
R00313,2,UNTOUCHED,T1,none,3,11,3,11
R00313,3,UNTOUCHED,T1,none,18,23,18,23
R00314,0,CLONE_INTERVAL,T3,t3_wrap_statement,7,12,7,14
R00314,1,MUTATION,T3,t3_wrap_statement,8,9,8,11
R00314,2,UNTOUCHED,T1,none,4,6,4,6
R00314,3,UNTOUCHED,T1,none,13,17,15,19
R00315,0,CLONE_INTERVAL,T1,t1_reindent,12,17,12,17
R00315,1,MUTATION,T1,t1_reindent,12,17,12,17
R00315,2,UNTOUCHED,T1,none,4,11,4,11
R00315,3,UNTOUCHED,T1,none,18,25,18,25
R00316,0,CLONE_INTERVAL,T2,t2_change_string_literal,111,140,111,140
R00316,1,MUTATION,T2,t2_change_string_literal,121,121,121,121
R00316,2,UNTOUCHED,T1,none,80,110,80,110
R00316,3,UNTOUCHED,T1,none,141,144,141,144
R00317,0,CLONE_INTERVAL,T2,t2_rename_local_x1,15,27,15,27
R00317,1,MUTATION,T2,t2_rename_local_x1,19,21,19,21
R00317,2,UNTOUCHED,T1,none,6,14,6,14
R00317,3,UNTOUCHED,T1,none,28,33,28,33
R00318,0,CLONE_INTERVAL,T2,t2_change_string_literal,7,20,7,20
R00318,1,MUTATION,T2,t2_change_string_literal,7,7,7,7
R00318,2,UNTOUCHED,T1,none,3,6,3,6
R00318,3,UNTOUCHED,T1,none,21,23,21,23
R00319,0,CLONE_INTERVAL,T1,t1_add_blank_line,9,15,9,16
R00319,1,MUTATION,T1,t1_add_blank_line,,,11,11
R00319,2,UNTOUCHED,T1,none,3,8,3,8
R00319,3,UNTOUCHED,T1,none,16,18,17,19
R00320,0,CLONE_INTERVAL,T1,t1_add_blank_line,8,14,8,15
R00320,1,MUTATION,T1,t1_add_blank_line,,,14,14
R00320,2,UNTOUCHED,T1,none,3,7,3,7
R00320,3,UNTOUCHED,T1,none,15,24,16,25
R00321,0,CLONE_INTERVAL,T1,t1_add_block_comment,9,16,9,17
R00321,1,MUTATION,T1,t1_add_block_comment,,,14,14
R00321,2,UNTOUCHED,T1,none,3,8,3,8
R00321,3,UNTOUCHED,T1,none,17,36,18,37
R00322,0,CLONE_INTERVAL,T2,t2_change_int_literal,8,14,8,14
R00322,1,MUTATION,T2,t2_change_int_literal,9,9,9,9
R00322,2,UNTOUCHED,T1,none,5,7,5,7
R00322,3,UNTOUCHED,T1,none,15,32,15,32
R00323,0,CLONE_INTERVAL,T1,t1_add_block_comment,6,11,6,12
R00323,1,MUTATION,T1,t1_add_block_comment,,,9,9
R00323,2,UNTOUCHED,T1,none,3,5,3,5
R00323,3,UNTOUCHED,T1,none,12,22,13,23
R00324,0,CLONE_INTERVAL,T3,t3_wrap_statement,10,19,10,21
R00324,1,MUTATION,T3,t3_wrap_statement,13,19,13,21
R00324,2,UNTOUCHED,T1,none,6,9,6,9
R00324,3,UNTOUCHED,T1,none,20,23,22,25
R00325,0,CLONE_INTERVAL,T3,t3_insert_statement,15,36,15,36
R00325,1,MUTATION,T3,t3_insert_statement,,,37,37
R00325,2,UNTOUCHED,T1,none,3,14,3,14
R00325,3,UNTOUCHED,T1,none,37,42,38,43
R00326,0,CLONE_INTERVAL,T1,t1_add_eol_comment,7,12,7,12
R00326,1,MUTATION,T1,t1_add_eol_comment,10,10,10,10
R00326,2,UNTOUCHED,T1,none,3,6,3,6
R00326,3,UNTOUCHED,T1,none,13,21,13,21
R00327,0,CLONE_INTERVAL,T2,t2_rename_local_x1,7,18,7,18
R00327,1,MUTATION,T2,t2_rename_local_x1,11,14,11,14
R00327,2,UNTOUCHED,T1,none,3,6,3,6
R00327,3,UNTOUCHED,T1,none,19,31,19,31
R00328,0,CLONE_INTERVAL,T3,t3_insert_statement,9,14,9,14
R00328,1,MUTATION,T3,t3_insert_statement,,,15,15
R00328,2,UNTOUCHED,T1,none,3,8,3,8
R00328,3,UNTOUCHED,T1,none,15,22,16,23
R00329,0,CLONE_INTERVAL,T3,t3_delete_statement,8,32,8,31
R00329,1,MUTATION,T3,t3_delete_statement,12,12,,
R00329,2,UNTOUCHED,T1,none,3,7,3,7
R00329,3,UNTOUCHED,T1,none,33,35,32,34
R00330,0,CLONE_INTERVAL,T1,t1_add_blank_line,6,12,6,13
R00330,1,MUTATION,T1,t1_add_blank_line,,,11,11
R00330,2,UNTOUCHED,T1,none,3,5,3,5
R00330,3,UNTOUCHED,T1,none,13,21,14,22
R00331,0,CLONE_INTERVAL,T3,t3_delete_statement,6,11,6,10
R00331,1,MUTATION,T3,t3_delete_statement,6,6,,
R00331,2,UNTOUCHED,T1,none,3,5,3,5
R00331,3,UNTOUCHED,T1,none,12,18,11,17
R00332,0,CLONE_INTERVAL,T2,t2_change_string_literal,9,14,9,14
R00332,1,MUTATION,T2,t2_change_string_literal,10,10,10,10
R00332,2,UNTOUCHED,T1,none,4,8,4,8
R00332,3,UNTOUCHED,T1,none,15,30,15,30
R00333,0,CLONE_INTERVAL,T2,t2_change_int_literal,7,15,7,15
R00333,1,MUTATION,T2,t2_change_int_literal,7,7,7,7
R00333,2,UNTOUCHED,T1,none,3,6,3,6
R00333,3,UNTOUCHED,T1,none,16,20,16,20
R00334,0,CLONE_INTERVAL,T3,t3_wrap_statement,10,15,10,17
R00334,1,MUTATION,T3,t3_wrap_statement,13,14,13,16
R00334,2,UNTOUCHED,T1,none,3,9,3,9
R00334,3,UNTOUCHED,T1,none,16,25,18,27
R00335,0,CLONE_INTERVAL,T1,t1_add_block_comment,7,12,7,13
R00335,1,MUTATION,T1,t1_add_block_comment,,,9,9
R00335,2,UNTOUCHED,T1,none,3,6,3,6
R00335,3,UNTOUCHED,T1,none,13,26,14,27
R00336,0,CLONE_INTERVAL,T1,t1_reindent,7,14,7,14
R00336,1,MUTATION,T1,t1_reindent,7,14,7,14
R00336,2,UNTOUCHED,T1,none,3,6,3,6
R00336,3,UNTOUCHED,T1,none,15,28,15,28
R00337,0,CLONE_INTERVAL,T1,t1_reindent,7,23,7,23
R00337,1,MUTATION,T1,t1_reindent,7,23,7,23
R00337,2,UNTOUCHED,T1,none,3,6,3,6
R00337,3,UNTOUCHED,T1,none,24,29,24,29
R00338,0,CLONE_INTERVAL,T3,t3_delete_statement,8,13,8,12
R00338,1,MUTATION,T3,t3_delete_statement,13,13,,
R00338,2,UNTOUCHED,T1,none,3,7,3,7
R00338,3,UNTOUCHED,T1,none,14,19,13,18
R00339,0,CLONE_INTERVAL,T1,t1_reindent,7,12,7,12
R00339,1,MUTATION,T1,t1_reindent,7,12,7,12
R00339,2,UNTOUCHED,T1,none,3,6,3,6
R00339,3,UNTOUCHED,T1,none,13,25,13,25
R00340,0,CLONE_INTERVAL,T3,t3_insert_statement,9,22,9,23
R00340,1,MUTATION,T3,t3_insert_statement,,,10,10
R00340,2,UNTOUCHED,T1,none,3,8,3,8
R00340,3,UNTOUCHED,T1,none,23,33,24,34
R00341,0,CLONE_INTERVAL,T3,t3_delete_statement,13,18,13,17
R00341,1,MUTATION,T3,t3_delete_statement,14,14,,
R00341,2,UNTOUCHED,T1,none,10,12,10,12
R00341,3,UNTOUCHED,T1,none,19,30,18,29
R00342,0,CLONE_INTERVAL,T1,t1_add_blank_line,9,18,9,19
R00342,1,MUTATION,T1,t1_add_blank_line,,,14,14
R00342,2,UNTOUCHED,T1,none,4,8,4,8
R00342,3,UNTOUCHED,T1,none,19,21,20,22
R00343,0,CLONE_INTERVAL,T1,t1_add_eol_comment,10,23,10,23
R00343,1,MUTATION,T1,t1_add_eol_comment,15,15,15,15
R00343,2,UNTOUCHED,T1,none,3,9,3,9
R00343,3,UNTOUCHED,T1,none,24,28,24,28
R00344,0,CLONE_INTERVAL,T2,t2_rename_local_x1,7,12,7,12
R00344,1,MUTATION,T2,t2_rename_local_x1,11,11,11,11
R00344,2,UNTOUCHED,T1,none,3,6,3,6
R00344,3,UNTOUCHED,T1,none,13,20,13,20
R00345,0,CLONE_INTERVAL,T2,t2_change_int_literal,7,16,7,16
R00345,1,MUTATION,T2,t2_change_int_literal,7,7,7,7
R00345,2,UNTOUCHED,T1,none,3,6,3,6
R00345,3,UNTOUCHED,T1,none,17,32,17,32
R00346,0,CLONE_INTERVAL,T1,t1_add_eol_comment,15,22,15,22
R00346,1,MUTATION,T1,t1_add_eol_comment,18,18,18,18
R00346,2,UNTOUCHED,T1,none,3,14,3,14
R00346,3,UNTOUCHED,T1,none,23,30,23,30
R00347,0,CLONE_INTERVAL,T2,t2_change_int_literal,7,12,7,12
R00347,1,MUTATION,T2,t2_change_int_literal,11,11,11,11
R00347,2,UNTOUCHED,T1,none,3,6,3,6
R00347,3,UNTOUCHED,T1,none,13,43,13,43
R00348,0,CLONE_INTERVAL,T1,t1_add_blank_line,14,22,14,23
R00348,1,MUTATION,T1,t1_add_blank_line,,,15,15
R00348,2,UNTOUCHED,T1,none,3,13,3,13
R00348,3,UNTOUCHED,T1,none,23,25,24,26
R00349,0,CLONE_INTERVAL,T1,t1_add_block_comment,12,20,12,21
R00349,1,MUTATION,T1,t1_add_block_comment,,,19,19
R00349,2,UNTOUCHED,T1,none,3,11,3,11
R00349,3,UNTOUCHED,T1,none,21,24,22,25
R00350,0,CLONE_INTERVAL,T1,t1_add_blank_line,17,22,17,23
R00350,1,MUTATION,T1,t1_add_blank_line,,,20,20
R00350,2,UNTOUCHED,T1,none,13,16,13,16
R00350,3,UNTOUCHED,T1,none,23,36,24,37
R00351,0,CLONE_INTERVAL,T3,t3_wrap_statement,14,24,14,26
R00351,1,MUTATION,T3,t3_wrap_statement,15,24,15,26
R00351,2,UNTOUCHED,T1,none,5,13,5,13
R00351,3,UNTOUCHED,T1,none,25,29,27,31
R00352,0,CLONE_INTERVAL,T2,t2_change_string_literal,11,18,11,18
R00352,1,MUTATION,T2,t2_change_string_literal,17,17,17,17
R00352,2,UNTOUCHED,T1,none,5,10,5,10
R00352,3,UNTOUCHED,T1,none,19,51,19,51
R00353,0,CLONE_INTERVAL,T1,t1_add_eol_comment,8,14,8,14
R00353,1,MUTATION,T1,t1_add_eol_comment,9,9,9,9
R00353,2,UNTOUCHED,T1,none,3,7,3,7
R00353,3,UNTOUCHED,T1,none,15,19,15,19
R00354,0,CLONE_INTERVAL,T1,t1_add_block_comment,155,162,155,163
R00354,1,MUTATION,T1,t1_add_block_comment,,,161,161
R00354,2,UNTOUCHED,T1,none,150,154,150,154
R00354,3,UNTOUCHED,T1,none,163,172,164,173
R00355,0,CLONE_INTERVAL,T2,t2_rename_local_x1,30,35,30,35
R00355,1,MUTATION,T2,t2_rename_local_x1,30,33,30,33
R00355,2,UNTOUCHED,T1,none,27,29,27,29
R00355,3,UNTOUCHED,T1,none,36,44,36,44
R00356,0,CLONE_INTERVAL,T3,t3_wrap_statement,6,11,6,13
R00356,1,MUTATION,T3,t3_wrap_statement,9,10,9,12
R00356,2,UNTOUCHED,T1,none,3,5,3,5
R00356,3,UNTOUCHED,T1,none,12,26,14,28
R00357,0,CLONE_INTERVAL,T1,t1_add_eol_comment,25,32,25,32
R00357,1,MUTATION,T1,t1_add_eol_comment,28,28,28,28
R00357,2,UNTOUCHED,T1,none,3,24,3,24
R00357,3,UNTOUCHED,T1,none,33,35,33,35
R00358,0,CLONE_INTERVAL,T3,t3_insert_statement,12,23,12,23
R00358,1,MUTATION,T3,t3_insert_statement,,,24,24
R00358,2,UNTOUCHED,T1,none,7,11,7,11
R00358,3,UNTOUCHED,T1,none,24,32,25,33
R00359,0,CLONE_INTERVAL,T1,t1_add_eol_comment,13,20,13,20
R00359,1,MUTATION,T1,t1_add_eol_comment,16,16,16,16
R00359,2,UNTOUCHED,T1,none,4,12,4,12
R00359,3,UNTOUCHED,T1,none,21,30,21,30
R00360,0,CLONE_INTERVAL,T3,t3_insert_statement,8,13,8,13
R00360,1,MUTATION,T3,t3_insert_statement,,,14,14
R00360,2,UNTOUCHED,T1,none,3,7,3,7
R00360,3,UNTOUCHED,T1,none,14,19,15,20
R00361,0,CLONE_INTERVAL,T3,t3_delete_statement,9,18,9,17
R00361,1,MUTATION,T3,t3_delete_statement,9,9,,
R00361,2,UNTOUCHED,T1,none,3,8,3,8
R00361,3,UNTOUCHED,T1,none,19,21,18,20
R00362,0,CLONE_INTERVAL,T1,t1_add_block_comment,6,15,6,16
R00362,1,MUTATION,T1,t1_add_block_comment,,,12,12
R00362,2,UNTOUCHED,T1,none,3,5,3,5
R00362,3,UNTOUCHED,T1,none,16,18,17,19
R00363,0,CLONE_INTERVAL,T1,t1_add_blank_line,9,20,9,21
R00363,1,MUTATION,T1,t1_add_blank_line,,,14,14
R00363,2,UNTOUCHED,T1,none,3,8,3,8
R00363,3,UNTOUCHED,T1,none,21,25,22,26
R00364,0,CLONE_INTERVAL,T2,t2_change_string_literal,6,12,6,12
R00364,1,MUTATION,T2,t2_change_string_literal,8,8,8,8
R00364,2,UNTOUCHED,T1,none,3,5,3,5
R00364,3,UNTOUCHED,T1,none,13,15,13,15
R00365,0,CLONE_INTERVAL,T2,t2_rename_local_x1,23,38,23,38
R00365,1,MUTATION,T2,t2_rename_local_x1,23,30,23,30
R00365,2,UNTOUCHED,T1,none,19,22,19,22
R00365,3,UNTOUCHED,T1,none,39,41,39,41
R00366,0,CLONE_INTERVAL,T1,t1_add_eol_comment,6,19,6,19
R00366,1,MUTATION,T1,t1_add_eol_comment,10,10,10,10
R00366,2,UNTOUCHED,T1,none,3,5,3,5
R00366,3,UNTOUCHED,T1,none,20,26,20,26
R00367,0,CLONE_INTERVAL,T1,t1_add_blank_line,8,13,8,14
R00367,1,MUTATION,T1,t1_add_blank_line,,,12,12
R00367,2,UNTOUCHED,T1,none,5,7,5,7
R00367,3,UNTOUCHED,T1,none,14,19,15,20
R00368,0,CLONE_INTERVAL,T3,t3_insert_statement,6,11,6,12
R00368,1,MUTATION,T3,t3_insert_statement,,,7,7
R00368,2,UNTOUCHED,T1,none,3,5,3,5
R00368,3,UNTOUCHED,T1,none,12,14,13,15
R00369,0,CLONE_INTERVAL,T3,t3_wrap_statement,8,13,8,15
R00369,1,MUTATION,T3,t3_wrap_statement,12,12,12,14
R00369,2,UNTOUCHED,T1,none,3,7,3,7
R00369,3,UNTOUCHED,T1,none,14,16,16,18
R00370,0,CLONE_INTERVAL,T2,t2_change_string_literal,6,17,6,17
R00370,1,MUTATION,T2,t2_change_string_literal,8,8,8,8
R00370,2,UNTOUCHED,T1,none,3,5,3,5
R00370,3,UNTOUCHED,T1,none,18,21,18,21
R00371,0,CLONE_INTERVAL,T3,t3_wrap_statement,7,18,7,20
R00371,1,MUTATION,T3,t3_wrap_statement,7,18,7,20
R00371,2,UNTOUCHED,T1,none,3,6,3,6
R00371,3,UNTOUCHED,T1,none,19,23,21,25
R00372,0,CLONE_INTERVAL,T1,t1_add_block_comment,7,12,7,13
R00372,1,MUTATION,T1,t1_add_block_comment,,,9,9
R00372,2,UNTOUCHED,T1,none,3,6,3,6
R00372,3,UNTOUCHED,T1,none,13,15,14,16
R00373,0,CLONE_INTERVAL,T1,t1_add_eol_comment,12,38,12,38
R00373,1,MUTATION,T1,t1_add_eol_comment,27,27,27,27
R00373,2,UNTOUCHED,T1,none,3,11,3,11
R00373,3,UNTOUCHED,T1,none,39,41,39,41
R00374,0,CLONE_INTERVAL,T3,t3_delete_statement,8,13,8,12
R00374,1,MUTATION,T3,t3_delete_statement,8,8,,
R00374,2,UNTOUCHED,T1,none,3,7,3,7
R00374,3,UNTOUCHED,T1,none,14,23,13,22
R00375,0,CLONE_INTERVAL,T2,t2_change_string_literal,9,18,9,18
R00375,1,MUTATION,T2,t2_change_string_literal,12,12,12,12
R00375,2,UNTOUCHED,T1,none,6,8,6,8
R00375,3,UNTOUCHED,T1,none,19,22,19,22
R00376,0,CLONE_INTERVAL,T3,t3_wrap_statement,32,38,32,40
R00376,1,MUTATION,T3,t3_wrap_statement,36,37,36,39
R00376,2,UNTOUCHED,T1,none,3,31,3,31
R00376,3,UNTOUCHED,T1,none,39,44,41,46
R00377,0,CLONE_INTERVAL,T2,t2_rename_local_x1,9,14,9,14
R00377,1,MUTATION,T2,t2_rename_local_x1,9,11,9,11
R00377,2,UNTOUCHED,T1,none,3,8,3,8
R00377,3,UNTOUCHED,T1,none,15,17,15,17
R00378,0,CLONE_INTERVAL,T2,t2_rename_local_x1,9,14,9,14
R00378,1,MUTATION,T2,t2_rename_local_x1,11,13,11,13
R00378,2,UNTOUCHED,T1,none,3,8,3,8
R00378,3,UNTOUCHED,T1,none,15,26,15,26
R00379,0,CLONE_INTERVAL,T3,t3_delete_statement,38,49,37,47
R00379,1,MUTATION,T3,t3_delete_statement,39,39,,
R00379,2,UNTOUCHED,T1,none,26,37,25,36
R00379,3,UNTOUCHED,T1,none,50,54,48,52
R00380,0,CLONE_INTERVAL,T2,t2_change_string_literal,10,17,10,17
R00380,1,MUTATION,T2,t2_change_string_literal,10,10,10,10
R00380,2,UNTOUCHED,T1,none,5,9,5,9
R00380,3,UNTOUCHED,T1,none,18,22,18,22
R00381,0,CLONE_INTERVAL,T1,t1_add_block_comment,114,120,114,121
R00381,1,MUTATION,T1,t1_add_block_comment,,,119,119
R00381,2,UNTOUCHED,T1,none,107,113,107,113
R00381,3,UNTOUCHED,T1,none,121,132,122,133
R00382,0,CLONE_INTERVAL,T1,t1_add_blank_line,10,15,10,16
R00382,1,MUTATION,T1,t1_add_blank_line,,,12,12
R00382,2,UNTOUCHED,T1,none,6,9,6,9
R00382,3,UNTOUCHED,T1,none,16,27,17,28
R00383,0,CLONE_INTERVAL,T3,t3_insert_statement,9,14,9,15
R00383,1,MUTATION,T3,t3_insert_statement,,,13,13
R00383,2,UNTOUCHED,T1,none,3,8,3,8
R00383,3,UNTOUCHED,T1,none,15,20,16,21
R00384,0,CLONE_INTERVAL,T1,t1_add_block_comment,7,13,7,14
R00384,1,MUTATION,T1,t1_add_block_comment,,,9,9
R00384,2,UNTOUCHED,T1,none,3,6,3,6
R00384,3,UNTOUCHED,T1,none,14,25,15,26
R00385,0,CLONE_INTERVAL,T1,t1_add_block_comment,14,25,14,26
R00385,1,MUTATION,T1,t1_add_block_comment,,,23,23
R00385,2,UNTOUCHED,T1,none,7,13,7,13
R00385,3,UNTOUCHED,T1,none,26,28,27,29
R00386,0,CLONE_INTERVAL,T2,t2_change_string_literal,9,19,9,19
R00386,1,MUTATION,T2,t2_change_string_literal,15,15,15,15
R00386,2,UNTOUCHED,T1,none,3,8,3,8
R00386,3,UNTOUCHED,T1,none,20,29,20,29
R00387,0,CLONE_INTERVAL,T1,t1_add_blank_line,7,12,7,13
R00387,1,MUTATION,T1,t1_add_blank_line,,,8,8
R00387,2,UNTOUCHED,T1,none,4,6,4,6
R00387,3,UNTOUCHED,T1,none,13,15,14,16
R00388,0,CLONE_INTERVAL,T1,t1_reindent,10,17,10,17
R00388,1,MUTATION,T1,t1_reindent,10,17,10,17
R00388,2,UNTOUCHED,T1,none,3,9,3,9
R00388,3,UNTOUCHED,T1,none,18,22,18,22
R00389,0,CLONE_INTERVAL,T3,t3_delete_statement,8,34,8,33
R00389,1,MUTATION,T3,t3_delete_statement,10,10,,
R00389,2,UNTOUCHED,T1,none,3,7,3,7
R00389,3,UNTOUCHED,T1,none,35,45,34,44
R00390,0,CLONE_INTERVAL,T3,t3_wrap_statement,6,14,6,16
R00390,1,MUTATION,T3,t3_wrap_statement,9,12,9,14
R00390,2,UNTOUCHED,T1,none,3,5,3,5
R00390,3,UNTOUCHED,T1,none,15,26,17,28
R00391,0,CLONE_INTERVAL,T2,t2_change_int_literal,11,30,11,30
R00391,1,MUTATION,T2,t2_change_int_literal,12,12,12,12
R00391,2,UNTOUCHED,T1,none,4,10,4,10
R00391,3,UNTOUCHED,T1,none,31,38,31,38
R00392,0,CLONE_INTERVAL,T3,t3_wrap_statement,13,20,13,22
R00392,1,MUTATION,T3,t3_wrap_statement,14,19,14,21
R00392,2,UNTOUCHED,T1,none,7,12,7,12
R00392,3,UNTOUCHED,T1,none,21,23,23,25
R00393,0,CLONE_INTERVAL,T3,t3_wrap_statement,9,14,9,17
R00393,1,MUTATION,T3,t3_wrap_statement,13,14,13,17
R00393,2,UNTOUCHED,T1,none,3,8,3,8
R00393,3,UNTOUCHED,T1,none,16,17,18,19
R00394,0,CLONE_INTERVAL,T2,t2_change_int_literal,7,19,7,19
R00394,1,MUTATION,T2,t2_change_int_literal,7,7,7,7
R00394,2,UNTOUCHED,T1,none,3,6,3,6
R00394,3,UNTOUCHED,T1,none,20,22,20,22
R00395,0,CLONE_INTERVAL,T3,t3_delete_statement,6,11,6,10
R00395,1,MUTATION,T3,t3_delete_statement,6,6,,
R00395,2,UNTOUCHED,T1,none,3,5,3,5
R00395,3,UNTOUCHED,T1,none,12,22,11,21
R00396,0,CLONE_INTERVAL,T2,t2_change_int_literal,16,21,16,21
R00396,1,MUTATION,T2,t2_change_int_literal,17,17,17,17
R00396,2,UNTOUCHED,T1,none,5,15,5,15
R00396,3,UNTOUCHED,T1,none,22,28,22,28
R00397,0,CLONE_INTERVAL,T2,t2_rename_local_x2,8,14,8,14
R00397,1,MUTATION,T2,t2_rename_local_x2,9,13,9,13
R00397,2,UNTOUCHED,T1,none,3,7,3,7
R00397,3,UNTOUCHED,T1,none,15,20,15,20
R00398,0,CLONE_INTERVAL,T2,t2_rename_local_x3,13,26,13,26
R00398,1,MUTATION,T2,t2_rename_local_x3,14,23,14,23
R00398,2,UNTOUCHED,T1,none,4,12,4,12
R00398,3,UNTOUCHED,T1,none,27,35,27,35
R00399,0,CLONE_INTERVAL,T2,t2_change_string_literal,10,27,10,27
R00399,1,MUTATION,T2,t2_change_string_literal,14,14,14,14
R00399,2,UNTOUCHED,T1,none,3,9,3,9
R00399,3,UNTOUCHED,T1,none,28,33,28,33
R00400,0,CLONE_INTERVAL,T1,t1_add_eol_comment,11,21,11,21
R00400,1,MUTATION,T1,t1_add_eol_comment,11,11,11,11
R00400,2,UNTOUCHED,T1,none,5,10,5,10
R00400,3,UNTOUCHED,T1,none,22,25,22,25
R00401,0,CLONE_INTERVAL,T1,t1_add_blank_line,9,16,9,17
R00401,1,MUTATION,T1,t1_add_blank_line,,,10,10
R00401,2,UNTOUCHED,T1,none,5,8,5,8
R00401,3,UNTOUCHED,T1,none,17,32,18,33
R00402,0,CLONE_INTERVAL,T1,t1_add_eol_comment,12,17,12,17
R00402,1,MUTATION,T1,t1_add_eol_comment,16,16,16,16
R00402,2,UNTOUCHED,T1,none,8,11,8,11
R00402,3,UNTOUCHED,T1,none,18,27,18,27
R00403,0,CLONE_INTERVAL,T2,t2_rename_local_x2,8,16,8,16
R00403,1,MUTATION,T2,t2_rename_local_x2,8,13,8,13
R00403,2,UNTOUCHED,T1,none,5,7,5,7
R00403,3,UNTOUCHED,T1,none,17,28,17,28
R00404,0,CLONE_INTERVAL,T3,t3_wrap_statement,45,52,45,54
R00404,1,MUTATION,T3,t3_wrap_statement,46,50,46,52
R00404,2,UNTOUCHED,T1,none,36,44,36,44
R00404,3,UNTOUCHED,T1,none,53,56,55,58
R00405,0,CLONE_INTERVAL,T1,t1_reindent,13,25,13,25
R00405,1,MUTATION,T1,t1_reindent,13,25,13,25
R00405,2,UNTOUCHED,T1,none,4,12,4,12
R00405,3,UNTOUCHED,T1,none,26,28,26,28
R00406,0,CLONE_INTERVAL,T3,t3_wrap_statement,8,17,8,19
R00406,1,MUTATION,T3,t3_wrap_statement,9,15,9,17
R00406,2,UNTOUCHED,T1,none,3,7,3,7
R00406,3,UNTOUCHED,T1,none,18,23,20,25
R00407,0,CLONE_INTERVAL,T1,t1_add_block_comment,25,30,25,31
R00407,1,MUTATION,T1,t1_add_block_comment,,,29,29
R00407,2,UNTOUCHED,T1,none,21,24,21,24
R00407,3,UNTOUCHED,T1,none,31,36,32,37
R00408,0,CLONE_INTERVAL,T1,t1_add_eol_comment,9,14,9,14
R00408,1,MUTATION,T1,t1_add_eol_comment,12,12,12,12
R00408,2,UNTOUCHED,T1,none,3,8,3,8
R00408,3,UNTOUCHED,T1,none,15,23,15,23
R00409,0,CLONE_INTERVAL,T3,t3_delete_statement,6,12,6,11
R00409,1,MUTATION,T3,t3_delete_statement,7,7,,
R00409,2,UNTOUCHED,T1,none,3,5,3,5
R00409,3,UNTOUCHED,T1,none,13,28,12,27
R00410,0,CLONE_INTERVAL,T2,t2_change_int_literal,10,15,10,15
R00410,1,MUTATION,T2,t2_change_int_literal,11,11,11,11
R00410,2,UNTOUCHED,T1,none,7,9,7,9
R00410,3,UNTOUCHED,T1,none,16,35,16,35
R00411,0,CLONE_INTERVAL,T3,t3_insert_statement,12,18,12,19
R00411,1,MUTATION,T3,t3_insert_statement,,,18,18
R00411,2,UNTOUCHED,T1,none,3,11,3,11
R00411,3,UNTOUCHED,T1,none,19,31,20,32
R00412,0,CLONE_INTERVAL,T1,t1_add_block_comment,11,18,11,19
R00412,1,MUTATION,T1,t1_add_block_comment,,,16,16
R00412,2,UNTOUCHED,T1,none,5,10,5,10
R00412,3,UNTOUCHED,T1,none,19,22,20,23
R00413,0,CLONE_INTERVAL,T1,t1_add_eol_comment,6,11,6,11
R00413,1,MUTATION,T1,t1_add_eol_comment,7,7,7,7
R00413,2,UNTOUCHED,T1,none,3,5,3,5
R00413,3,UNTOUCHED,T1,none,12,17,12,17
R00414,0,CLONE_INTERVAL,T1,t1_add_block_comment,6,13,6,14
R00414,1,MUTATION,T1,t1_add_block_comment,,,11,11
R00414,2,UNTOUCHED,T1,none,3,5,3,5
R00414,3,UNTOUCHED,T1,none,14,27,15,28
R00415,0,CLONE_INTERVAL,T1,t1_add_blank_line,7,23,7,24
R00415,1,MUTATION,T1,t1_add_blank_line,,,9,9
R00415,2,UNTOUCHED,T1,none,3,6,3,6
R00415,3,UNTOUCHED,T1,none,24,30,25,31
R00416,0,CLONE_INTERVAL,T3,t3_wrap_statement,6,11,6,13
R00416,1,MUTATION,T3,t3_wrap_statement,6,8,6,10
R00416,2,UNTOUCHED,T1,none,3,5,3,5
R00416,3,UNTOUCHED,T1,none,12,31,14,33
R00417,0,CLONE_INTERVAL,T2,t2_change_string_literal,11,21,11,21
R00417,1,MUTATION,T2,t2_change_string_literal,13,13,13,13
R00417,2,UNTOUCHED,T1,none,6,10,6,10
R00417,3,UNTOUCHED,T1,none,22,31,22,31
R00418,0,CLONE_INTERVAL,T3,t3_wrap_statement,6,13,6,15
R00418,1,MUTATION,T3,t3_wrap_statement,11,12,11,14
R00418,2,UNTOUCHED,T1,none,3,5,3,5
R00418,3,UNTOUCHED,T1,none,14,19,16,21
R00419,0,CLONE_INTERVAL,T2,t2_change_int_literal,14,19,14,19
R00419,1,MUTATION,T2,t2_change_int_literal,14,14,14,14
R00419,2,UNTOUCHED,T1,none,10,13,10,13
R00419,3,UNTOUCHED,T1,none,20,22,20,22
R00420,0,CLONE_INTERVAL,T2,t2_change_int_literal,7,13,7,13
R00420,1,MUTATION,T2,t2_change_int_literal,7,7,7,7
R00420,2,UNTOUCHED,T1,none,3,6,3,6
R00420,3,UNTOUCHED,T1,none,14,25,14,25
R00421,0,CLONE_INTERVAL,T1,t1_add_block_comment,7,12,7,13
R00421,1,MUTATION,T1,t1_add_block_comment,,,10,10
R00421,2,UNTOUCHED,T1,none,3,6,3,6
R00421,3,UNTOUCHED,T1,none,13,21,14,22
R00422,0,CLONE_INTERVAL,T3,t3_insert_statement,10,29,10,29
R00422,1,MUTATION,T3,t3_insert_statement,,,30,30
R00422,2,UNTOUCHED,T1,none,5,9,5,9
R00422,3,UNTOUCHED,T1,none,30,47,31,48
R00423,0,CLONE_INTERVAL,T3,t3_delete_statement,28,33,27,31
R00423,1,MUTATION,T3,t3_delete_statement,32,32,,
R00423,2,UNTOUCHED,T1,none,24,27,23,26
R00423,3,UNTOUCHED,T1,none,34,42,32,40
R00424,0,CLONE_INTERVAL,T2,t2_rename_local_x3,6,11,6,11
R00424,1,MUTATION,T2,t2_rename_local_x3,6,10,6,10
R00424,2,UNTOUCHED,T1,none,3,5,3,5
R00424,3,UNTOUCHED,T1,none,12,15,12,15
R00425,0,CLONE_INTERVAL,T2,t2_rename_local_x2,6,11,6,11
R00425,1,MUTATION,T2,t2_rename_local_x2,6,11,6,11
R00425,2,UNTOUCHED,T1,none,3,5,3,5
R00425,3,UNTOUCHED,T1,none,12,14,12,14
R00426,0,CLONE_INTERVAL,T1,t1_add_eol_comment,11,19,11,19
R00426,1,MUTATION,T1,t1_add_eol_comment,12,12,12,12
R00426,2,UNTOUCHED,T1,none,3,10,3,10
R00426,3,UNTOUCHED,T1,none,20,33,20,33
R00427,0,CLONE_INTERVAL,T2,t2_change_string_literal,6,11,6,11
R00427,1,MUTATION,T2,t2_change_string_literal,8,8,8,8
R00427,2,UNTOUCHED,T1,none,3,5,3,5
R00427,3,UNTOUCHED,T1,none,12,30,12,30
R00428,0,CLONE_INTERVAL,T2,t2_rename_local_x1,7,13,7,13
R00428,1,MUTATION,T2,t2_rename_local_x1,9,12,9,12
R00428,2,UNTOUCHED,T1,none,4,6,4,6
R00428,3,UNTOUCHED,T1,none,14,23,14,23
R00429,0,CLONE_INTERVAL,T2,t2_rename_local_x1,6,14,6,14
R00429,1,MUTATION,T2,t2_rename_local_x1,9,11,9,11
R00429,2,UNTOUCHED,T1,none,3,5,3,5
R00429,3,UNTOUCHED,T1,none,15,22,15,22
R00430,0,CLONE_INTERVAL,T3,t3_insert_statement,6,12,6,13
R00430,1,MUTATION,T3,t3_insert_statement,,,7,7
R00430,2,UNTOUCHED,T1,none,3,5,3,5
R00430,3,UNTOUCHED,T1,none,13,23,14,24
R00431,0,CLONE_INTERVAL,T3,t3_delete_statement,8,16,8,15
R00431,1,MUTATION,T3,t3_delete_statement,11,11,,
R00431,2,UNTOUCHED,T1,none,3,7,3,7
R00431,3,UNTOUCHED,T1,none,17,22,16,21
R00432,0,CLONE_INTERVAL,T2,t2_rename_local_x2,14,21,14,21
R00432,1,MUTATION,T2,t2_rename_local_x2,15,20,15,20
R00432,2,UNTOUCHED,T1,none,5,13,5,13
R00432,3,UNTOUCHED,T1,none,22,37,22,37
R00433,0,CLONE_INTERVAL,T2,t2_rename_local_x2,10,21,10,21
R00433,1,MUTATION,T2,t2_rename_local_x2,11,17,11,17
R00433,2,UNTOUCHED,T1,none,3,9,3,9
R00433,3,UNTOUCHED,T1,none,22,27,22,27
R00434,0,CLONE_INTERVAL,T1,t1_add_blank_line,7,25,7,26
R00434,1,MUTATION,T1,t1_add_blank_line,,,9,9
R00434,2,UNTOUCHED,T1,none,3,6,3,6
R00434,3,UNTOUCHED,T1,none,26,33,27,34
R00435,0,CLONE_INTERVAL,T2,t2_change_string_literal,11,40,11,40
R00435,1,MUTATION,T2,t2_change_string_literal,11,11,11,11
R00435,2,UNTOUCHED,T1,none,4,10,4,10
R00435,3,UNTOUCHED,T1,none,41,43,41,43
R00436,0,CLONE_INTERVAL,T1,t1_add_block_comment,9,14,9,15
R00436,1,MUTATION,T1,t1_add_block_comment,,,13,13
R00436,2,UNTOUCHED,T1,none,5,8,5,8
R00436,3,UNTOUCHED,T1,none,15,27,16,28
R00437,0,CLONE_INTERVAL,T3,t3_insert_statement,6,13,6,14
R00437,1,MUTATION,T3,t3_insert_statement,,,7,7
R00437,2,UNTOUCHED,T1,none,3,5,3,5
R00437,3,UNTOUCHED,T1,none,14,26,15,27
R00438,0,CLONE_INTERVAL,T2,t2_rename_local_x1,9,20,9,20
R00438,1,MUTATION,T2,t2_rename_local_x1,12,19,12,19
R00438,2,UNTOUCHED,T1,none,3,8,3,8
R00438,3,UNTOUCHED,T1,none,21,29,21,29
R00439,0,CLONE_INTERVAL,T3,t3_insert_statement,6,16,6,17
R00439,1,MUTATION,T3,t3_insert_statement,,,7,7
R00439,2,UNTOUCHED,T1,none,3,5,3,5
R00439,3,UNTOUCHED,T1,none,17,19,18,20
R00440,0,CLONE_INTERVAL,T2,t2_change_int_literal,8,13,8,13
R00440,1,MUTATION,T2,t2_change_int_literal,8,8,8,8
R00440,2,UNTOUCHED,T1,none,4,7,4,7
R00440,3,UNTOUCHED,T1,none,14,21,14,21
R00441,0,CLONE_INTERVAL,T1,t1_add_eol_comment,7,18,7,18
R00441,1,MUTATION,T1,t1_add_eol_comment,9,9,9,9
R00441,2,UNTOUCHED,T1,none,3,6,3,6
R00441,3,UNTOUCHED,T1,none,19,24,19,24
R00442,0,CLONE_INTERVAL,T1,t1_reindent,6,11,6,11
R00442,1,MUTATION,T1,t1_reindent,6,11,6,11
R00442,2,UNTOUCHED,T1,none,3,5,3,5
R00442,3,UNTOUCHED,T1,none,12,16,12,16
R00443,0,CLONE_INTERVAL,T3,t3_delete_statement,7,13,7,12
R00443,1,MUTATION,T3,t3_delete_statement,8,8,,
R00443,2,UNTOUCHED,T1,none,3,6,3,6
R00443,3,UNTOUCHED,T1,none,14,18,13,17
R00444,0,CLONE_INTERVAL,T3,t3_wrap_statement,10,18,10,20
R00444,1,MUTATION,T3,t3_wrap_statement,11,11,11,13
R00444,2,UNTOUCHED,T1,none,3,9,3,9
R00444,3,UNTOUCHED,T1,none,19,21,21,23
R00445,0,CLONE_INTERVAL,T3,t3_delete_statement,7,12,7,11
R00445,1,MUTATION,T3,t3_delete_statement,7,7,,
R00445,2,UNTOUCHED,T1,none,4,6,4,6
R00445,3,UNTOUCHED,T1,none,13,20,12,19
R00446,0,CLONE_INTERVAL,T3,t3_delete_statement,6,11,6,10
R00446,1,MUTATION,T3,t3_delete_statement,10,10,,
R00446,2,UNTOUCHED,T1,none,3,5,3,5
R00446,3,UNTOUCHED,T1,none,12,16,11,15
R00447,0,CLONE_INTERVAL,T1,t1_add_block_comment,12,17,12,18
R00447,1,MUTATION,T1,t1_add_block_comment,,,14,14
R00447,2,UNTOUCHED,T1,none,7,11,7,11
R00447,3,UNTOUCHED,T1,none,18,23,19,24
R00448,0,CLONE_INTERVAL,T1,t1_add_block_comment,6,13,6,14
R00448,1,MUTATION,T1,t1_add_block_comment,,,9,9
R00448,2,UNTOUCHED,T1,none,3,5,3,5
R00448,3,UNTOUCHED,T1,none,14,16,15,17
R00449,0,CLONE_INTERVAL,T3,t3_delete_statement,6,11,6,10
R00449,1,MUTATION,T3,t3_delete_statement,7,7,,
R00449,2,UNTOUCHED,T1,none,3,5,3,5
R00449,3,UNTOUCHED,T1,none,12,18,11,17
R00450,0,CLONE_INTERVAL,T2,t2_change_int_literal,19,25,19,25
R00450,1,MUTATION,T2,t2_change_int_literal,21,21,21,21
R00450,2,UNTOUCHED,T1,none,5,18,5,18
R00450,3,UNTOUCHED,T1,none,26,31,26,31
R00451,0,CLONE_INTERVAL,T2,t2_change_int_literal,16,23,16,23
R00451,1,MUTATION,T2,t2_change_int_literal,16,16,16,16
R00451,2,UNTOUCHED,T1,none,9,15,9,15
R00451,3,UNTOUCHED,T1,none,24,27,24,27
R00452,0,CLONE_INTERVAL,T2,t2_change_string_literal,8,13,8,13
R00452,1,MUTATION,T2,t2_change_string_literal,8,8,8,8
R00452,2,UNTOUCHED,T1,none,5,7,5,7
R00452,3,UNTOUCHED,T1,none,14,18,14,18
R00453,0,CLONE_INTERVAL,T3,t3_delete_statement,9,26,9,25
R00453,1,MUTATION,T3,t3_delete_statement,13,13,,
R00453,2,UNTOUCHED,T1,none,6,8,6,8
R00453,3,UNTOUCHED,T1,none,27,29,26,28
R00454,0,CLONE_INTERVAL,T1,t1_add_block_comment,8,15,8,16
R00454,1,MUTATION,T1,t1_add_block_comment,,,14,14
R00454,2,UNTOUCHED,T1,none,3,7,3,7
R00454,3,UNTOUCHED,T1,none,16,18,17,19
R00455,0,CLONE_INTERVAL,T2,t2_change_string_literal,8,13,8,13
R00455,1,MUTATION,T2,t2_change_string_literal,10,10,10,10
R00455,2,UNTOUCHED,T1,none,3,7,3,7
R00455,3,UNTOUCHED,T1,none,14,17,14,17
R00456,0,CLONE_INTERVAL,T1,t1_add_blank_line,12,27,12,28
R00456,1,MUTATION,T1,t1_add_blank_line,,,26,26
R00456,2,UNTOUCHED,T1,none,5,11,5,11
R00456,3,UNTOUCHED,T1,none,28,33,29,34
R00457,0,CLONE_INTERVAL,T1,t1_reindent,10,20,10,20
R00457,1,MUTATION,T1,t1_reindent,10,20,10,20
R00457,2,UNTOUCHED,T1,none,3,9,3,9
R00457,3,UNTOUCHED,T1,none,21,23,21,23
R00458,0,CLONE_INTERVAL,T1,t1_add_blank_line,7,16,7,17
R00458,1,MUTATION,T1,t1_add_blank_line,,,12,12
R00458,2,UNTOUCHED,T1,none,3,6,3,6
R00458,3,UNTOUCHED,T1,none,17,22,18,23
R00459,0,CLONE_INTERVAL,T2,t2_change_string_literal,7,19,7,19
R00459,1,MUTATION,T2,t2_change_string_literal,10,10,10,10
R00459,2,UNTOUCHED,T1,none,4,6,4,6
R00459,3,UNTOUCHED,T1,none,20,23,20,23
R00460,0,CLONE_INTERVAL,T1,t1_add_eol_comment,8,15,8,15
R00460,1,MUTATION,T1,t1_add_eol_comment,11,11,11,11
R00460,2,UNTOUCHED,T1,none,3,7,3,7
R00460,3,UNTOUCHED,T1,none,16,18,16,18
R00461,0,CLONE_INTERVAL,T3,t3_insert_statement,8,16,8,16
R00461,1,MUTATION,T3,t3_insert_statement,,,17,17
R00461,2,UNTOUCHED,T1,none,4,7,4,7
R00461,3,UNTOUCHED,T1,none,17,20,18,21
R00462,0,CLONE_INTERVAL,T3,t3_delete_statement,31,36,31,35
R00462,1,MUTATION,T3,t3_delete_statement,35,35,,
R00462,2,UNTOUCHED,T1,none,21,30,21,30
R00462,3,UNTOUCHED,T1,none,37,46,36,45
R00463,0,CLONE_INTERVAL,T3,t3_insert_statement,6,11,6,11
R00463,1,MUTATION,T3,t3_insert_statement,,,12,12
R00463,2,UNTOUCHED,T1,none,3,5,3,5
R00463,3,UNTOUCHED,T1,none,12,14,13,15
R00464,0,CLONE_INTERVAL,T2,t2_rename_local_x3,8,19,8,19
R00464,1,MUTATION,T2,t2_rename_local_x3,8,13,8,13
R00464,2,UNTOUCHED,T1,none,5,7,5,7
R00464,3,UNTOUCHED,T1,none,20,25,20,25
R00465,0,CLONE_INTERVAL,T3,t3_delete_statement,25,30,25,29
R00465,1,MUTATION,T3,t3_delete_statement,30,30,,
R00465,2,UNTOUCHED,T1,none,22,24,22,24
R00465,3,UNTOUCHED,T1,none,31,33,30,32
R00466,0,CLONE_INTERVAL,T2,t2_change_int_literal,13,24,13,24
R00466,1,MUTATION,T2,t2_change_int_literal,13,13,13,13
R00466,2,UNTOUCHED,T1,none,8,12,8,12
R00466,3,UNTOUCHED,T1,none,25,28,25,28
R00467,0,CLONE_INTERVAL,T3,t3_wrap_statement,14,21,14,23
R00467,1,MUTATION,T3,t3_wrap_statement,16,16,16,18
R00467,2,UNTOUCHED,T1,none,3,13,3,13
R00467,3,UNTOUCHED,T1,none,22,32,24,34
R00468,0,CLONE_INTERVAL,T1,t1_add_blank_line,9,14,9,15
R00468,1,MUTATION,T1,t1_add_blank_line,,,12,12
R00468,2,UNTOUCHED,T1,none,6,8,6,8
R00468,3,UNTOUCHED,T1,none,15,30,16,31
R00469,0,CLONE_INTERVAL,T3,t3_insert_statement,24,30,24,30
R00469,1,UNTOUCHED,T1,none,14,23,14,23
R00469,2,UNTOUCHED,T1,none,31,31,31,31
R00469,3,UNTOUCHED,T1,none,32,33,33,34
R00470,0,CLONE_INTERVAL,T3,t3_wrap_statement,7,28,7,30
R00470,1,MUTATION,T3,t3_wrap_statement,7,25,7,27
R00470,2,UNTOUCHED,T1,none,3,6,3,6
R00470,3,UNTOUCHED,T1,none,29,35,31,37
R00471,0,CLONE_INTERVAL,T3,t3_insert_statement,8,16,8,17
R00471,1,MUTATION,T3,t3_insert_statement,,,12,12
R00471,2,UNTOUCHED,T1,none,3,7,3,7
R00471,3,UNTOUCHED,T1,none,17,21,18,22
R00472,0,CLONE_INTERVAL,T2,t2_change_string_literal,8,13,8,13
R00472,1,MUTATION,T2,t2_change_string_literal,9,9,9,9
R00472,2,UNTOUCHED,T1,none,3,7,3,7
R00472,3,UNTOUCHED,T1,none,14,31,14,31
R00473,0,CLONE_INTERVAL,T2,t2_change_string_literal,8,15,8,15
R00473,1,MUTATION,T2,t2_change_string_literal,12,12,12,12
R00473,2,UNTOUCHED,T1,none,4,7,4,7
R00473,3,UNTOUCHED,T1,none,16,18,16,18
R00474,0,CLONE_INTERVAL,T3,t3_delete_statement,6,13,6,12
R00474,1,MUTATION,T3,t3_delete_statement,6,6,,
R00474,2,UNTOUCHED,T1,none,3,5,3,5
R00474,3,UNTOUCHED,T1,none,14,35,13,34
R00475,0,CLONE_INTERVAL,T1,t1_add_block_comment,8,15,8,16
R00475,1,MUTATION,T1,t1_add_block_comment,,,15,15
R00475,2,UNTOUCHED,T1,none,5,7,5,7
R00475,3,UNTOUCHED,T1,none,16,22,17,23
R00476,0,CLONE_INTERVAL,T3,t3_insert_statement,20,25,20,25
R00476,1,MUTATION,T3,t3_insert_statement,,,26,26
R00476,2,UNTOUCHED,T1,none,6,19,6,19
R00476,3,UNTOUCHED,T1,none,26,32,27,33
R00477,0,CLONE_INTERVAL,T1,t1_reindent,7,15,7,15
R00477,1,MUTATION,T1,t1_reindent,7,15,7,15
R00477,2,UNTOUCHED,T1,none,3,6,3,6
R00477,3,UNTOUCHED,T1,none,16,18,16,18
R00478,0,CLONE_INTERVAL,T2,t2_change_int_literal,8,19,8,19
R00478,1,MUTATION,T2,t2_change_int_literal,8,8,8,8
R00478,2,UNTOUCHED,T1,none,4,7,4,7
R00478,3,UNTOUCHED,T1,none,20,24,20,24
R00479,0,CLONE_INTERVAL,T2,t2_rename_local_x1,7,12,7,12
R00479,1,MUTATION,T2,t2_rename_local_x1,12,12,12,12
R00479,2,UNTOUCHED,T1,none,4,6,4,6
R00479,3,UNTOUCHED,T1,none,13,26,13,26
R00480,0,CLONE_INTERVAL,T1,t1_add_block_comment,89,94,89,95
R00480,1,MUTATION,T1,t1_add_block_comment,,,90,90
R00480,2,UNTOUCHED,T1,none,84,88,84,88
R00480,3,UNTOUCHED,T1,none,95,104,96,105
R00481,0,CLONE_INTERVAL,T2,t2_change_int_literal,7,12,7,12
R00481,1,MUTATION,T2,t2_change_int_literal,7,7,7,7
R00481,2,UNTOUCHED,T1,none,3,6,3,6
R00481,3,UNTOUCHED,T1,none,13,26,13,26
R00482,0,CLONE_INTERVAL,T3,t3_insert_statement,8,15,8,15
R00482,1,MUTATION,T3,t3_insert_statement,,,16,16
R00482,2,UNTOUCHED,T1,none,3,7,3,7
R00482,3,UNTOUCHED,T1,none,16,21,17,22
R00483,0,CLONE_INTERVAL,T1,t1_add_blank_line,7,12,7,13
R00483,1,MUTATION,T1,t1_add_blank_line,,,8,8
R00483,2,UNTOUCHED,T1,none,3,6,3,6
R00483,3,UNTOUCHED,T1,none,13,24,14,25
R00484,0,CLONE_INTERVAL,T2,t2_change_string_literal,9,14,9,14
R00484,1,MUTATION,T2,t2_change_string_literal,11,11,11,11
R00484,2,UNTOUCHED,T1,none,6,8,6,8
R00484,3,UNTOUCHED,T1,none,15,17,15,17
R00485,0,CLONE_INTERVAL,T1,t1_add_block_comment,21,34,21,35
R00485,1,MUTATION,T1,t1_add_block_comment,,,25,25
R00485,2,UNTOUCHED,T1,none,17,20,17,20
R00485,3,UNTOUCHED,T1,none,35,43,36,44
R00486,0,CLONE_INTERVAL,T3,t3_wrap_statement,7,12,7,14
R00486,1,MUTATION,T3,t3_wrap_statement,8,10,8,12
R00486,2,UNTOUCHED,T1,none,3,6,3,6
R00486,3,UNTOUCHED,T1,none,13,18,15,20
R00487,0,CLONE_INTERVAL,T3,t3_insert_statement,7,14,7,14
R00487,1,MUTATION,T3,t3_insert_statement,,,15,15
R00487,2,UNTOUCHED,T1,none,3,6,3,6
R00487,3,UNTOUCHED,T1,none,15,17,16,18
R00488,0,CLONE_INTERVAL,T2,t2_rename_local_x1,9,14,9,14
R00488,1,MUTATION,T2,t2_rename_local_x1,9,10,9,10
R00488,2,UNTOUCHED,T1,none,4,8,4,8
R00488,3,UNTOUCHED,T1,none,15,17,15,17
R00489,0,CLONE_INTERVAL,T1,t1_reindent,7,12,7,12
R00489,1,MUTATION,T1,t1_reindent,7,12,7,12
R00489,2,UNTOUCHED,T1,none,4,6,4,6
R00489,3,UNTOUCHED,T1,none,13,42,13,42
R00490,0,CLONE_INTERVAL,T1,t1_add_blank_line,6,11,6,12
R00490,1,MUTATION,T1,t1_add_blank_line,,,8,8
R00490,2,UNTOUCHED,T1,none,3,5,3,5
R00490,3,UNTOUCHED,T1,none,12,17,13,18
R00491,0,CLONE_INTERVAL,T3,t3_delete_statement,6,13,6,12
R00491,1,MUTATION,T3,t3_delete_statement,6,6,,
R00491,2,UNTOUCHED,T1,none,3,5,3,5
R00491,3,UNTOUCHED,T1,none,14,19,13,18
R00492,0,CLONE_INTERVAL,T2,t2_change_string_literal,10,17,10,17
R00492,1,MUTATION,T2,t2_change_string_literal,12,12,12,12
R00492,2,UNTOUCHED,T1,none,3,9,3,9
R00492,3,UNTOUCHED,T1,none,18,20,18,20
R00493,0,CLONE_INTERVAL,T2,t2_change_int_literal,7,14,7,14
R00493,1,MUTATION,T2,t2_change_int_literal,7,7,7,7
R00493,2,UNTOUCHED,T1,none,3,6,3,6
R00493,3,UNTOUCHED,T1,none,15,20,15,20
R00494,0,CLONE_INTERVAL,T2,t2_change_string_literal,6,11,6,11
R00494,1,MUTATION,T2,t2_change_string_literal,6,6,6,6
R00494,2,UNTOUCHED,T1,none,3,5,3,5
R00494,3,UNTOUCHED,T1,none,12,15,12,15
R00495,0,CLONE_INTERVAL,T3,t3_insert_statement,8,13,8,13
R00495,1,MUTATION,T3,t3_insert_statement,,,14,14
R00495,2,UNTOUCHED,T1,none,3,7,3,7
R00495,3,UNTOUCHED,T1,none,14,21,15,22
R00496,0,CLONE_INTERVAL,T3,t3_insert_statement,30,54,30,55
R00496,1,MUTATION,T3,t3_insert_statement,,,31,31
R00496,2,UNTOUCHED,T1,none,26,29,26,29
R00496,3,UNTOUCHED,T1,none,55,67,56,68
R00497,0,CLONE_INTERVAL,T3,t3_delete_statement,14,19,14,18
R00497,1,MUTATION,T3,t3_delete_statement,19,19,,
R00497,2,UNTOUCHED,T1,none,11,13,11,13
R00497,3,UNTOUCHED,T1,none,20,43,19,42
R00498,0,CLONE_INTERVAL,T3,t3_insert_statement,22,31,22,31
R00498,1,MUTATION,T3,t3_insert_statement,,,32,32
R00498,2,UNTOUCHED,T1,none,19,21,19,21
R00498,3,UNTOUCHED,T1,none,32,38,33,39
R00499,0,CLONE_INTERVAL,T1,t1_add_block_comment,7,13,7,14
R00499,1,MUTATION,T1,t1_add_block_comment,,,12,12
R00499,2,UNTOUCHED,T1,none,3,6,3,6
R00499,3,UNTOUCHED,T1,none,14,25,15,26
R00500,0,CLONE_INTERVAL,T1,t1_add_block_comment,9,14,9,15
R00500,1,MUTATION,T1,t1_add_block_comment,,,13,13
R00500,2,UNTOUCHED,T1,none,5,8,5,8
R00500,3,UNTOUCHED,T1,none,15,19,16,20
R00501,0,CLONE_INTERVAL,T1,t1_add_blank_line,14,21,14,22
R00501,1,MUTATION,T1,t1_add_blank_line,,,17,17
R00501,2,UNTOUCHED,T1,none,3,13,3,13
R00501,3,UNTOUCHED,T1,none,22,32,23,33
R00502,0,CLONE_INTERVAL,T2,t2_rename_local_x2,9,19,9,19
R00502,1,MUTATION,T2,t2_rename_local_x2,9,14,9,14
R00502,2,UNTOUCHED,T1,none,3,8,3,8
R00502,3,UNTOUCHED,T1,none,20,25,20,25
R00503,0,CLONE_INTERVAL,T3,t3_delete_statement,7,12,7,11
R00503,1,MUTATION,T3,t3_delete_statement,8,8,,
R00503,2,UNTOUCHED,T1,none,4,6,4,6
R00503,3,UNTOUCHED,T1,none,13,17,12,16
R00504,0,CLONE_INTERVAL,T2,t2_rename_local_x1,7,12,7,12
R00504,1,MUTATION,T2,t2_rename_local_x1,8,9,8,9
R00504,2,UNTOUCHED,T1,none,4,6,4,6
R00504,3,UNTOUCHED,T1,none,13,18,13,18
R00505,0,CLONE_INTERVAL,T3,t3_insert_statement,6,18,6,19
R00505,1,MUTATION,T3,t3_insert_statement,,,7,7
R00505,2,UNTOUCHED,T1,none,3,5,3,5
R00505,3,UNTOUCHED,T1,none,19,24,20,25
R00506,0,CLONE_INTERVAL,T2,t2_change_int_literal,6,11,6,11
R00506,1,MUTATION,T2,t2_change_int_literal,9,9,9,9
R00506,2,UNTOUCHED,T1,none,3,5,3,5
R00506,3,UNTOUCHED,T1,none,12,15,12,15
R00507,0,CLONE_INTERVAL,T3,t3_wrap_statement,73,78,73,80
R00507,1,MUTATION,T3,t3_wrap_statement,75,77,75,79
R00507,2,UNTOUCHED,T1,none,68,72,68,72
R00507,3,UNTOUCHED,T1,none,79,93,81,95
R00508,0,CLONE_INTERVAL,T1,t1_add_block_comment,6,11,6,12
R00508,1,MUTATION,T1,t1_add_block_comment,,,8,8
R00508,2,UNTOUCHED,T1,none,3,5,3,5
R00508,3,UNTOUCHED,T1,none,12,15,13,16
R00509,0,CLONE_INTERVAL,T2,t2_change_string_literal,6,11,6,11
R00509,1,MUTATION,T2,t2_change_string_literal,8,8,8,8
R00509,2,UNTOUCHED,T1,none,3,5,3,5
R00509,3,UNTOUCHED,T1,none,12,17,12,17
R00510,0,CLONE_INTERVAL,T1,t1_add_eol_comment,6,13,6,13
R00510,1,MUTATION,T1,t1_add_eol_comment,11,11,11,11
R00510,2,UNTOUCHED,T1,none,3,5,3,5
R00510,3,UNTOUCHED,T1,none,14,19,14,19
R00511,0,CLONE_INTERVAL,T2,t2_rename_local_x4,7,20,7,20
R00511,1,MUTATION,T2,t2_rename_local_x4,8,16,8,16
R00511,2,UNTOUCHED,T1,none,3,6,3,6
R00511,3,UNTOUCHED,T1,none,21,23,21,23
R00512,0,CLONE_INTERVAL,T1,t1_add_blank_line,7,18,7,19
R00512,1,MUTATION,T1,t1_add_blank_line,,,18,18
R00512,2,UNTOUCHED,T1,none,3,6,3,6
R00512,3,UNTOUCHED,T1,none,19,28,20,29
R00513,0,CLONE_INTERVAL,T3,t3_wrap_statement,8,13,8,15
R00513,1,MUTATION,T3,t3_wrap_statement,10,11,10,13
R00513,2,UNTOUCHED,T1,none,5,7,5,7
R00513,3,UNTOUCHED,T1,none,14,26,16,28
R00514,0,CLONE_INTERVAL,T3,t3_wrap_statement,7,14,7,16
R00514,1,MUTATION,T3,t3_wrap_statement,9,13,9,15
R00514,2,UNTOUCHED,T1,none,3,6,3,6
R00514,3,UNTOUCHED,T1,none,15,17,17,19
R00515,0,CLONE_INTERVAL,T1,t1_add_blank_line,9,14,9,15
R00515,1,MUTATION,T1,t1_add_blank_line,,,14,14
R00515,2,UNTOUCHED,T1,none,3,8,3,8
R00515,3,UNTOUCHED,T1,none,15,17,16,18
R00516,0,CLONE_INTERVAL,T1,t1_add_block_comment,6,11,6,12
R00516,1,MUTATION,T1,t1_add_block_comment,,,11,11
R00516,2,UNTOUCHED,T1,none,3,5,3,5
R00516,3,UNTOUCHED,T1,none,12,15,13,16
R00517,0,CLONE_INTERVAL,T2,t2_change_string_literal,9,14,9,14
R00517,1,MUTATION,T2,t2_change_string_literal,9,9,9,9
R00517,2,UNTOUCHED,T1,none,5,8,5,8
R00517,3,UNTOUCHED,T1,none,15,22,15,22
R00518,0,CLONE_INTERVAL,T1,t1_add_block_comment,8,13,8,14
R00518,1,MUTATION,T1,t1_add_block_comment,,,13,13
R00518,2,UNTOUCHED,T1,none,3,7,3,7
R00518,3,UNTOUCHED,T1,none,14,18,15,19
R00519,0,CLONE_INTERVAL,T1,t1_reindent,7,14,7,14
R00519,1,MUTATION,T1,t1_reindent,7,14,7,14
R00519,2,UNTOUCHED,T1,none,3,6,3,6
R00519,3,UNTOUCHED,T1,none,15,29,15,29
R00520,0,CLONE_INTERVAL,T2,t2_rename_local_x1,7,12,7,12
R00520,1,MUTATION,T2,t2_rename_local_x1,7,10,7,10
R00520,2,UNTOUCHED,T1,none,3,6,3,6
R00520,3,UNTOUCHED,T1,none,13,24,13,24
R00521,0,CLONE_INTERVAL,T1,t1_add_block_comment,8,14,8,15
R00521,1,MUTATION,T1,t1_add_block_comment,,,10,10
R00521,2,UNTOUCHED,T1,none,3,7,3,7
R00521,3,UNTOUCHED,T1,none,15,27,16,28
R00522,0,CLONE_INTERVAL,T1,t1_add_block_comment,13,18,13,19
R00522,1,MUTATION,T1,t1_add_block_comment,,,15,15
R00522,2,UNTOUCHED,T1,none,3,12,3,12
R00522,3,UNTOUCHED,T1,none,19,67,20,68
R00523,0,CLONE_INTERVAL,T1,t1_reindent,7,12,7,12
R00523,1,MUTATION,T1,t1_reindent,7,12,7,12
R00523,2,UNTOUCHED,T1,none,4,6,4,6
R00523,3,UNTOUCHED,T1,none,13,25,13,25
R00524,0,CLONE_INTERVAL,T1,t1_add_eol_comment,8,13,8,13
R00524,1,MUTATION,T1,t1_add_eol_comment,8,8,8,8
R00524,2,UNTOUCHED,T1,none,4,7,4,7
R00524,3,UNTOUCHED,T1,none,14,19,14,19
R00525,0,CLONE_INTERVAL,T3,t3_delete_statement,8,20,8,19
R00525,1,MUTATION,T3,t3_delete_statement,8,8,,
R00525,2,UNTOUCHED,T1,none,4,7,4,7
R00525,3,UNTOUCHED,T1,none,21,24,20,23
R00526,0,CLONE_INTERVAL,T2,t2_change_string_literal,6,15,6,15
R00526,1,MUTATION,T2,t2_change_string_literal,9,9,9,9
R00526,2,UNTOUCHED,T1,none,3,5,3,5
R00526,3,UNTOUCHED,T1,none,16,18,16,18
R00527,0,CLONE_INTERVAL,T2,t2_rename_local_x3,112,117,112,117
R00527,1,MUTATION,T2,t2_rename_local_x3,112,116,112,116
R00527,2,UNTOUCHED,T1,none,109,111,109,111
R00527,3,UNTOUCHED,T1,none,118,131,118,131
R00528,0,CLONE_INTERVAL,T2,t2_change_string_literal,16,22,16,22
R00528,1,MUTATION,T2,t2_change_string_literal,17,17,17,17
R00528,2,UNTOUCHED,T1,none,3,15,3,15
R00528,3,UNTOUCHED,T1,none,23,25,23,25
R00529,0,CLONE_INTERVAL,T2,t2_change_int_literal,6,11,6,11
R00529,1,MUTATION,T2,t2_change_int_literal,6,6,6,6
R00529,2,UNTOUCHED,T1,none,3,5,3,5
R00529,3,UNTOUCHED,T1,none,12,20,12,20
R00530,0,CLONE_INTERVAL,T3,t3_wrap_statement,118,125,118,127
R00530,1,MUTATION,T3,t3_wrap_statement,122,124,122,126
R00530,2,UNTOUCHED,T1,none,114,117,114,117
R00530,3,UNTOUCHED,T1,none,126,140,128,142
R00531,0,CLONE_INTERVAL,T2,t2_change_string_literal,6,14,6,14
R00531,1,MUTATION,T2,t2_change_string_literal,11,11,11,11
R00531,2,UNTOUCHED,T1,none,3,5,3,5
R00531,3,UNTOUCHED,T1,none,15,33,15,33
R00532,0,CLONE_INTERVAL,T2,t2_rename_local_x4,6,12,6,12
R00532,1,MUTATION,T2,t2_rename_local_x4,6,11,6,11
R00532,2,UNTOUCHED,T1,none,3,5,3,5
R00532,3,UNTOUCHED,T1,none,13,16,13,16
R00533,0,CLONE_INTERVAL,T2,t2_change_int_literal,6,24,6,24
R00533,1,MUTATION,T2,t2_change_int_literal,6,6,6,6
R00533,2,UNTOUCHED,T1,none,3,5,3,5
R00533,3,UNTOUCHED,T1,none,25,29,25,29
R00534,0,CLONE_INTERVAL,T1,t1_reindent,7,13,7,13
R00534,1,MUTATION,T1,t1_reindent,7,13,7,13
R00534,2,UNTOUCHED,T1,none,4,6,4,6
R00534,3,UNTOUCHED,T1,none,14,24,14,24
R00535,0,CLONE_INTERVAL,T1,t1_add_block_comment,7,15,7,16
R00535,1,MUTATION,T1,t1_add_block_comment,,,11,11
R00535,2,UNTOUCHED,T1,none,3,6,3,6
R00535,3,UNTOUCHED,T1,none,16,23,17,24
R00536,0,CLONE_INTERVAL,T3,t3_delete_statement,15,24,15,23
R00536,1,MUTATION,T3,t3_delete_statement,15,15,,
R00536,2,UNTOUCHED,T1,none,10,14,10,14
R00536,3,UNTOUCHED,T1,none,25,27,24,26
R00537,0,CLONE_INTERVAL,T1,t1_add_blank_line,36,76,36,77
R00537,1,MUTATION,T1,t1_add_blank_line,,,42,42
R00537,2,UNTOUCHED,T1,none,25,35,25,35
R00537,3,UNTOUCHED,T1,none,77,79,78,80
R00538,0,CLONE_INTERVAL,T1,t1_add_block_comment,9,14,9,15
R00538,1,MUTATION,T1,t1_add_block_comment,,,13,13
R00538,2,UNTOUCHED,T1,none,3,8,3,8
R00538,3,UNTOUCHED,T1,none,15,22,16,23
R00539,0,CLONE_INTERVAL,T1,t1_add_eol_comment,13,19,13,19
R00539,1,MUTATION,T1,t1_add_eol_comment,17,17,17,17
R00539,2,UNTOUCHED,T1,none,4,12,4,12
R00539,3,UNTOUCHED,T1,none,20,37,20,37
R00540,0,CLONE_INTERVAL,T1,t1_add_block_comment,8,14,8,15
R00540,1,MUTATION,T1,t1_add_block_comment,,,9,9
R00540,2,UNTOUCHED,T1,none,5,7,5,7
R00540,3,UNTOUCHED,T1,none,15,23,16,24
R00541,0,CLONE_INTERVAL,T1,t1_add_blank_line,8,16,8,17
R00541,1,MUTATION,T1,t1_add_blank_line,,,9,9
R00541,2,UNTOUCHED,T1,none,5,7,5,7
R00541,3,UNTOUCHED,T1,none,17,19,18,20
R00542,0,CLONE_INTERVAL,T3,t3_insert_statement,6,15,6,16
R00542,1,MUTATION,T3,t3_insert_statement,,,7,7
R00542,2,UNTOUCHED,T1,none,3,5,3,5
R00542,3,UNTOUCHED,T1,none,16,19,17,20
R00543,0,CLONE_INTERVAL,T3,t3_insert_statement,7,19,7,20
R00543,1,MUTATION,T3,t3_insert_statement,,,8,8
R00543,2,UNTOUCHED,T1,none,3,6,3,6
R00543,3,UNTOUCHED,T1,none,20,25,21,26
R00544,0,CLONE_INTERVAL,T2,t2_change_string_literal,9,20,9,20
R00544,1,MUTATION,T2,t2_change_string_literal,15,15,15,15
R00544,2,UNTOUCHED,T1,none,3,8,3,8
R00544,3,UNTOUCHED,T1,none,21,24,21,24
R00545,0,CLONE_INTERVAL,T1,t1_add_blank_line,6,17,6,18
R00545,1,MUTATION,T1,t1_add_blank_line,,,16,16
R00545,2,UNTOUCHED,T1,none,3,5,3,5
R00545,3,UNTOUCHED,T1,none,18,23,19,24
R00546,0,CLONE_INTERVAL,T3,t3_insert_statement,6,11,6,12
R00546,1,MUTATION,T3,t3_insert_statement,,,10,10
R00546,2,UNTOUCHED,T1,none,3,5,3,5
R00546,3,UNTOUCHED,T1,none,12,19,13,20
R00547,0,CLONE_INTERVAL,T2,t2_change_int_literal,6,20,6,20
R00547,1,MUTATION,T2,t2_change_int_literal,10,10,10,10
R00547,2,UNTOUCHED,T1,none,3,5,3,5
R00547,3,UNTOUCHED,T1,none,21,23,21,23
R00548,0,CLONE_INTERVAL,T3,t3_wrap_statement,30,52,30,54
R00548,1,MUTATION,T3,t3_wrap_statement,35,52,35,54
R00548,2,UNTOUCHED,T1,none,26,29,26,29
R00548,3,UNTOUCHED,T1,none,53,57,55,59
R00549,0,CLONE_INTERVAL,T1,t1_add_block_comment,20,26,20,27
R00549,1,MUTATION,T1,t1_add_block_comment,,,26,26
R00549,2,UNTOUCHED,T1,none,17,19,17,19
R00549,3,UNTOUCHED,T1,none,27,39,28,40
R00550,0,CLONE_INTERVAL,T2,t2_rename_local_x1,8,16,8,16
R00550,1,MUTATION,T2,t2_rename_local_x1,8,11,8,11
R00550,2,UNTOUCHED,T1,none,3,7,3,7
R00550,3,UNTOUCHED,T1,none,17,19,17,19
R00551,0,CLONE_INTERVAL,T3,t3_insert_statement,17,34,17,35
R00551,1,MUTATION,T3,t3_insert_statement,,,19,19
R00551,2,UNTOUCHED,T1,none,3,16,3,16
R00551,3,UNTOUCHED,T1,none,35,37,36,38
R00552,0,CLONE_INTERVAL,T1,t1_reindent,7,14,7,14
R00552,1,MUTATION,T1,t1_reindent,7,14,7,14
R00552,2,UNTOUCHED,T1,none,3,6,3,6
R00552,3,UNTOUCHED,T1,none,15,32,15,32
R00553,0,CLONE_INTERVAL,T3,t3_delete_statement,14,30,14,29
R00553,1,MUTATION,T3,t3_delete_statement,14,14,,
R00553,2,UNTOUCHED,T1,none,7,13,7,13
R00553,3,UNTOUCHED,T1,none,31,39,30,38
R00554,0,CLONE_INTERVAL,T2,t2_change_int_literal,17,22,17,22
R00554,1,MUTATION,T2,t2_change_int_literal,18,18,18,18
R00554,2,UNTOUCHED,T1,none,4,16,4,16
R00554,3,UNTOUCHED,T1,none,23,33,23,33
R00555,0,CLONE_INTERVAL,T2,t2_rename_local_x1,7,21,7,21
R00555,1,MUTATION,T2,t2_rename_local_x1,8,18,8,18
R00555,2,UNTOUCHED,T1,none,3,6,3,6
R00555,3,UNTOUCHED,T1,none,22,25,22,25
R00556,0,CLONE_INTERVAL,T2,t2_change_int_literal,13,30,13,30
R00556,1,MUTATION,T2,t2_change_int_literal,13,13,13,13
R00556,2,UNTOUCHED,T1,none,10,12,10,12
R00556,3,UNTOUCHED,T1,none,31,33,31,33
R00557,0,CLONE_INTERVAL,T2,t2_rename_local_x3,15,24,15,24
R00557,1,MUTATION,T2,t2_rename_local_x3,15,22,15,22
R00557,2,UNTOUCHED,T1,none,10,14,10,14
R00557,3,UNTOUCHED,T1,none,25,30,25,30
R00558,0,CLONE_INTERVAL,T1,t1_add_blank_line,6,12,6,13
R00558,1,MUTATION,T1,t1_add_blank_line,,,11,11
R00558,2,UNTOUCHED,T1,none,3,5,3,5
R00558,3,UNTOUCHED,T1,none,13,18,14,19
R00559,0,CLONE_INTERVAL,T1,t1_reindent,6,11,6,11
R00559,1,MUTATION,T1,t1_reindent,6,11,6,11
R00559,2,UNTOUCHED,T1,none,3,5,3,5
R00559,3,UNTOUCHED,T1,none,12,36,12,36
R00560,0,CLONE_INTERVAL,T3,t3_delete_statement,8,13,8,12
R00560,1,MUTATION,T3,t3_delete_statement,9,9,,
R00560,2,UNTOUCHED,T1,none,5,7,5,7
R00560,3,UNTOUCHED,T1,none,14,31,13,30
R00561,0,CLONE_INTERVAL,T2,t2_change_string_literal,6,14,6,14
R00561,1,MUTATION,T2,t2_change_string_literal,8,8,8,8
R00561,2,UNTOUCHED,T1,none,3,5,3,5
R00561,3,UNTOUCHED,T1,none,15,26,15,26
R00562,0,CLONE_INTERVAL,T2,t2_change_string_literal,8,13,8,13
R00562,1,MUTATION,T2,t2_change_string_literal,8,8,8,8
R00562,2,UNTOUCHED,T1,none,5,7,5,7
R00562,3,UNTOUCHED,T1,none,14,26,14,26
R00563,0,CLONE_INTERVAL,T1,t1_add_blank_line,12,18,12,19
R00563,1,MUTATION,T1,t1_add_blank_line,,,16,16
R00563,2,UNTOUCHED,T1,none,3,11,3,11
R00563,3,UNTOUCHED,T1,none,19,26,20,27
R00564,0,CLONE_INTERVAL,T3,t3_delete_statement,11,16,11,15
R00564,1,MUTATION,T3,t3_delete_statement,16,16,,
R00564,2,UNTOUCHED,T1,none,7,10,7,10
R00564,3,UNTOUCHED,T1,none,17,28,16,27
R00565,0,CLONE_INTERVAL,T1,t1_reindent,12,17,12,17
R00565,1,MUTATION,T1,t1_reindent,12,17,12,17
R00565,2,UNTOUCHED,T1,none,3,11,3,11
R00565,3,UNTOUCHED,T1,none,18,25,18,25
R00566,0,CLONE_INTERVAL,T2,t2_change_int_literal,6,11,6,11
R00566,1,MUTATION,T2,t2_change_int_literal,6,6,6,6
R00566,2,UNTOUCHED,T1,none,3,5,3,5
R00566,3,UNTOUCHED,T1,none,12,17,12,17
R00567,0,CLONE_INTERVAL,T3,t3_insert_statement,7,26,7,27
R00567,1,MUTATION,T3,t3_insert_statement,,,8,8
R00567,2,UNTOUCHED,T1,none,3,6,3,6
R00567,3,UNTOUCHED,T1,none,27,32,28,33
R00568,0,CLONE_INTERVAL,T2,t2_rename_local_x1,8,13,8,13
R00568,1,MUTATION,T2,t2_rename_local_x1,8,12,8,12
R00568,2,UNTOUCHED,T1,none,5,7,5,7
R00568,3,UNTOUCHED,T1,none,14,20,14,20
R00569,0,CLONE_INTERVAL,T3,t3_delete_statement,7,12,6,10
R00569,1,MUTATION,T3,t3_delete_statement,11,11,,
R00569,2,UNTOUCHED,T1,none,4,6,3,5
R00569,3,UNTOUCHED,T1,none,13,23,11,21
R00570,0,CLONE_INTERVAL,T2,t2_change_int_literal,6,11,6,11
R00570,1,MUTATION,T2,t2_change_int_literal,7,7,7,7
R00570,2,UNTOUCHED,T1,none,3,5,3,5
R00570,3,UNTOUCHED,T1,none,12,16,12,16
R00571,0,CLONE_INTERVAL,T3,t3_wrap_statement,7,18,7,20
R00571,1,MUTATION,T3,t3_wrap_statement,7,9,7,11
R00571,2,UNTOUCHED,T1,none,3,6,3,6
R00571,3,UNTOUCHED,T1,none,19,22,21,24
R00572,0,CLONE_INTERVAL,T2,t2_change_int_literal,8,14,8,14
R00572,1,MUTATION,T2,t2_change_int_literal,10,10,10,10
R00572,2,UNTOUCHED,T1,none,3,7,3,7
R00572,3,UNTOUCHED,T1,none,15,28,15,28
R00573,0,CLONE_INTERVAL,T1,t1_add_eol_comment,8,14,8,14
R00573,1,MUTATION,T1,t1_add_eol_comment,10,10,10,10
R00573,2,UNTOUCHED,T1,none,3,7,3,7
R00573,3,UNTOUCHED,T1,none,15,20,15,20
R00574,0,CLONE_INTERVAL,T2,t2_rename_local_x2,7,12,7,12
R00574,1,MUTATION,T2,t2_rename_local_x2,7,11,7,11
R00574,2,UNTOUCHED,T1,none,3,6,3,6
R00574,3,UNTOUCHED,T1,none,13,16,13,16
R00575,0,CLONE_INTERVAL,T2,t2_rename_local_x3,7,20,7,20
R00575,1,MUTATION,T2,t2_rename_local_x3,7,16,7,16
R00575,2,UNTOUCHED,T1,none,3,6,3,6
R00575,3,UNTOUCHED,T1,none,21,25,21,25
R00576,0,CLONE_INTERVAL,T2,t2_change_string_literal,6,18,6,18
R00576,1,MUTATION,T2,t2_change_string_literal,15,15,15,15
R00576,2,UNTOUCHED,T1,none,3,5,3,5
R00576,3,UNTOUCHED,T1,none,19,21,19,21
R00577,0,CLONE_INTERVAL,T1,t1_add_eol_comment,28,43,28,43
R00577,1,MUTATION,T1,t1_add_eol_comment,40,40,40,40
R00577,2,UNTOUCHED,T1,none,6,27,6,27
R00577,3,UNTOUCHED,T1,none,44,51,44,51
R00578,0,CLONE_INTERVAL,T3,t3_insert_statement,8,17,8,17
R00578,1,MUTATION,T3,t3_insert_statement,,,18,18
R00578,2,UNTOUCHED,T1,none,3,7,3,7
R00578,3,UNTOUCHED,T1,none,18,20,19,21
R00579,0,CLONE_INTERVAL,T3,t3_delete_statement,12,22,12,21
R00579,1,MUTATION,T3,t3_delete_statement,15,15,,
R00579,2,UNTOUCHED,T1,none,8,11,8,11
R00579,3,UNTOUCHED,T1,none,23,26,22,25
R00580,0,CLONE_INTERVAL,T3,t3_insert_statement,8,13,8,14
R00580,1,MUTATION,T3,t3_insert_statement,,,13,13
R00580,2,UNTOUCHED,T1,none,5,7,5,7
R00580,3,UNTOUCHED,T1,none,14,24,15,25
R00581,0,CLONE_INTERVAL,T1,t1_reindent,12,18,12,18
R00581,1,MUTATION,T1,t1_reindent,12,18,12,18
R00581,2,UNTOUCHED,T1,none,3,11,3,11
R00581,3,UNTOUCHED,T1,none,19,33,19,33
R00582,0,CLONE_INTERVAL,T3,t3_delete_statement,6,11,6,10
R00582,1,MUTATION,T3,t3_delete_statement,11,11,,
R00582,2,UNTOUCHED,T1,none,3,5,3,5
R00582,3,UNTOUCHED,T1,none,12,23,11,22
R00583,0,CLONE_INTERVAL,T3,t3_delete_statement,7,12,6,10
R00583,1,MUTATION,T3,t3_delete_statement,12,12,,
R00583,2,UNTOUCHED,T1,none,4,6,3,5
R00583,3,UNTOUCHED,T1,none,13,18,11,16
R00584,0,CLONE_INTERVAL,T1,t1_add_blank_line,9,15,9,16
R00584,1,MUTATION,T1,t1_add_blank_line,,,12,12
R00584,2,UNTOUCHED,T1,none,3,8,3,8
R00584,3,UNTOUCHED,T1,none,16,30,17,31
R00585,0,CLONE_INTERVAL,T3,t3_wrap_statement,49,54,59,66
R00585,1,MUTATION,T3,t3_wrap_statement,53,53,63,65
R00585,2,UNTOUCHED,T1,none,42,48,52,58
R00585,3,UNTOUCHED,T1,none,55,60,67,72
R00586,0,CLONE_INTERVAL,T3,t3_delete_statement,7,12,7,11
R00586,1,MUTATION,T3,t3_delete_statement,8,8,,
R00586,2,UNTOUCHED,T1,none,3,6,3,6
R00586,3,UNTOUCHED,T1,none,13,25,12,24
R00587,0,CLONE_INTERVAL,T3,t3_wrap_statement,29,35,29,38
R00587,1,MUTATION,T3,t3_wrap_statement,32,35,32,38
R00587,2,UNTOUCHED,T1,none,23,28,23,28
R00587,3,UNTOUCHED,T1,none,37,38,39,40
R00588,0,CLONE_INTERVAL,T1,t1_add_blank_line,8,13,8,14
R00588,1,MUTATION,T1,t1_add_blank_line,,,10,10
R00588,2,UNTOUCHED,T1,none,3,7,3,7
R00588,3,UNTOUCHED,T1,none,14,22,15,23
R00589,0,CLONE_INTERVAL,T1,t1_add_block_comment,28,35,28,36
R00589,1,MUTATION,T1,t1_add_block_comment,,,30,30
R00589,2,UNTOUCHED,T1,none,25,27,25,27
R00589,3,UNTOUCHED,T1,none,36,41,37,42
R00590,0,CLONE_INTERVAL,T3,t3_delete_statement,6,11,6,10
R00590,1,MUTATION,T3,t3_delete_statement,9,9,,
R00590,2,UNTOUCHED,T1,none,3,5,3,5
R00590,3,UNTOUCHED,T1,none,12,42,11,41
R00591,0,CLONE_INTERVAL,T3,t3_wrap_statement,22,31,22,33
R00591,1,MUTATION,T3,t3_wrap_statement,24,30,24,32
R00591,2,UNTOUCHED,T1,none,19,21,19,21
R00591,3,UNTOUCHED,T1,none,32,43,34,45
R00592,0,CLONE_INTERVAL,T1,t1_reindent,8,16,8,16
R00592,1,MUTATION,T1,t1_reindent,8,16,8,16
R00592,2,UNTOUCHED,T1,none,3,7,3,7
R00592,3,UNTOUCHED,T1,none,17,22,17,22
R00593,0,CLONE_INTERVAL,T2,t2_change_string_literal,7,12,7,12
R00593,1,MUTATION,T2,t2_change_string_literal,11,11,11,11
R00593,2,UNTOUCHED,T1,none,4,6,4,6
R00593,3,UNTOUCHED,T1,none,13,18,13,18
R00594,0,CLONE_INTERVAL,T3,t3_insert_statement,7,12,7,13
R00594,1,MUTATION,T3,t3_insert_statement,,,11,11
R00594,2,UNTOUCHED,T1,none,3,6,3,6
R00594,3,UNTOUCHED,T1,none,13,21,14,22
R00595,0,CLONE_INTERVAL,T3,t3_wrap_statement,9,16,9,18
R00595,1,MUTATION,T3,t3_wrap_statement,10,14,10,16
R00595,2,UNTOUCHED,T1,none,3,8,3,8
R00595,3,UNTOUCHED,T1,none,17,22,19,24
R00596,0,CLONE_INTERVAL,T3,t3_insert_statement,11,16,11,17
R00596,1,MUTATION,T3,t3_insert_statement,,,12,12
R00596,2,UNTOUCHED,T1,none,3,10,3,10
R00596,3,UNTOUCHED,T1,none,17,27,18,28
R00597,0,CLONE_INTERVAL,T2,t2_change_int_literal,10,25,10,25
R00597,1,MUTATION,T2,t2_change_int_literal,14,14,14,14
R00597,2,UNTOUCHED,T1,none,5,9,5,9
R00597,3,UNTOUCHED,T1,none,26,29,26,29
R00598,0,CLONE_INTERVAL,T2,t2_change_string_literal,8,13,8,13
R00598,1,MUTATION,T2,t2_change_string_literal,10,10,10,10
R00598,2,UNTOUCHED,T1,none,5,7,5,7
R00598,3,UNTOUCHED,T1,none,14,22,14,22
R00599,0,CLONE_INTERVAL,T1,t1_reindent,6,11,6,11
R00599,1,MUTATION,T1,t1_reindent,6,11,6,11
R00599,2,UNTOUCHED,T1,none,3,5,3,5
R00599,3,UNTOUCHED,T1,none,12,17,12,17
R00600,0,CLONE_INTERVAL,T3,t3_wrap_statement,7,12,7,15
R00600,1,MUTATION,T3,t3_wrap_statement,11,12,11,15
R00600,2,UNTOUCHED,T1,none,4,6,4,6
R00600,3,UNTOUCHED,T1,none,14,15,16,17
R00601,0,CLONE_INTERVAL,T1,t1_reindent,11,17,11,17
R00601,1,MUTATION,T1,t1_reindent,11,17,11,17
R00601,2,UNTOUCHED,T1,none,3,10,3,10
R00601,3,UNTOUCHED,T1,none,18,26,18,26
R00602,0,CLONE_INTERVAL,T3,t3_insert_statement,11,21,11,22
R00602,1,MUTATION,T3,t3_insert_statement,,,12,12
R00602,2,UNTOUCHED,T1,none,3,10,3,10
R00602,3,UNTOUCHED,T1,none,22,25,23,26
R00603,0,CLONE_INTERVAL,T1,t1_add_block_comment,7,15,7,16
R00603,1,MUTATION,T1,t1_add_block_comment,,,15,15
R00603,2,UNTOUCHED,T1,none,3,6,3,6
R00603,3,UNTOUCHED,T1,none,16,24,17,25
R00604,0,CLONE_INTERVAL,T2,t2_change_string_literal,6,12,6,12
R00604,1,MUTATION,T2,t2_change_string_literal,9,9,9,9
R00604,2,UNTOUCHED,T1,none,3,5,3,5
R00604,3,UNTOUCHED,T1,none,13,17,13,17
R00605,0,CLONE_INTERVAL,T3,t3_delete_statement,8,14,8,13
R00605,1,MUTATION,T3,t3_delete_statement,9,9,,
R00605,2,UNTOUCHED,T1,none,4,7,4,7
R00605,3,UNTOUCHED,T1,none,15,19,14,18
R00606,0,CLONE_INTERVAL,T2,t2_change_int_literal,7,17,7,17
R00606,1,MUTATION,T2,t2_change_int_literal,7,7,7,7
R00606,2,UNTOUCHED,T1,none,3,6,3,6
R00606,3,UNTOUCHED,T1,none,18,23,18,23
R00607,0,CLONE_INTERVAL,T1,t1_add_blank_line,66,71,66,72
R00607,1,MUTATION,T1,t1_add_blank_line,,,70,70
R00607,2,UNTOUCHED,T1,none,61,65,61,65
R00607,3,UNTOUCHED,T1,none,72,78,73,79
R00608,0,CLONE_INTERVAL,T1,t1_add_eol_comment,7,16,7,16
R00608,1,MUTATION,T1,t1_add_eol_comment,11,11,11,11
R00608,2,UNTOUCHED,T1,none,3,6,3,6
R00608,3,UNTOUCHED,T1,none,17,22,17,22
R00609,0,CLONE_INTERVAL,T1,t1_add_eol_comment,6,11,6,11
R00609,1,MUTATION,T1,t1_add_eol_comment,9,9,9,9
R00609,2,UNTOUCHED,T1,none,3,5,3,5
R00609,3,UNTOUCHED,T1,none,12,19,12,19
R00610,0,CLONE_INTERVAL,T1,t1_add_blank_line,6,11,6,12
R00610,1,MUTATION,T1,t1_add_blank_line,,,10,10
R00610,2,UNTOUCHED,T1,none,3,5,3,5
R00610,3,UNTOUCHED,T1,none,12,24,13,25
R00611,0,CLONE_INTERVAL,T3,t3_delete_statement,6,11,6,10
R00611,1,MUTATION,T3,t3_delete_statement,11,11,,
R00611,2,UNTOUCHED,T1,none,3,5,3,5
R00611,3,UNTOUCHED,T1,none,12,38,11,37
R00612,0,CLONE_INTERVAL,T3,t3_wrap_statement,67,72,67,74
R00612,1,MUTATION,T3,t3_wrap_statement,68,70,68,72
R00612,2,UNTOUCHED,T1,none,62,66,62,66
R00612,3,UNTOUCHED,T1,none,73,82,75,84
R00613,0,CLONE_INTERVAL,T1,t1_reindent,7,12,7,12
R00613,1,MUTATION,T1,t1_reindent,7,12,7,12
R00613,2,UNTOUCHED,T1,none,4,6,4,6
R00613,3,UNTOUCHED,T1,none,13,19,13,19
R00614,0,CLONE_INTERVAL,T1,t1_add_eol_comment,8,13,8,13
R00614,1,MUTATION,T1,t1_add_eol_comment,11,11,11,11
R00614,2,UNTOUCHED,T1,none,5,7,5,7
R00614,3,UNTOUCHED,T1,none,14,23,14,23
R00615,0,CLONE_INTERVAL,T2,t2_change_int_literal,7,12,7,12
R00615,1,MUTATION,T2,t2_change_int_literal,9,9,9,9
R00615,2,UNTOUCHED,T1,none,4,6,4,6
R00615,3,UNTOUCHED,T1,none,13,16,13,16
R00616,0,CLONE_INTERVAL,T1,t1_add_eol_comment,82,88,82,88
R00616,1,MUTATION,T1,t1_add_eol_comment,83,83,83,83
R00616,2,UNTOUCHED,T1,none,78,81,78,81
R00616,3,UNTOUCHED,T1,none,89,103,89,103
R00617,0,CLONE_INTERVAL,T1,t1_add_eol_comment,6,11,6,11
R00617,1,MUTATION,T1,t1_add_eol_comment,11,11,11,11
R00617,2,UNTOUCHED,T1,none,3,5,3,5
R00617,3,UNTOUCHED,T1,none,12,20,12,20
R00618,0,CLONE_INTERVAL,T3,t3_insert_statement,6,11,6,12
R00618,1,MUTATION,T3,t3_insert_statement,,,7,7
R00618,2,UNTOUCHED,T1,none,3,5,3,5
R00618,3,UNTOUCHED,T1,none,12,19,13,20
R00619,0,CLONE_INTERVAL,T2,t2_change_string_literal,11,20,11,20
R00619,1,MUTATION,T2,t2_change_string_literal,11,11,11,11
R00619,2,UNTOUCHED,T1,none,3,10,3,10
R00619,3,UNTOUCHED,T1,none,21,23,21,23
R00620,0,CLONE_INTERVAL,T1,t1_add_block_comment,14,19,14,20
R00620,1,MUTATION,T1,t1_add_block_comment,,,17,17
R00620,2,UNTOUCHED,T1,none,9,13,9,13
R00620,3,UNTOUCHED,T1,none,20,22,21,23
R00621,0,CLONE_INTERVAL,T1,t1_add_block_comment,8,27,8,28
R00621,1,MUTATION,T1,t1_add_block_comment,,,27,27
R00621,2,UNTOUCHED,T1,none,3,7,3,7
R00621,3,UNTOUCHED,T1,none,28,30,29,31
R00622,0,CLONE_INTERVAL,T2,t2_change_string_literal,8,18,8,18
R00622,1,MUTATION,T2,t2_change_string_literal,15,15,15,15
R00622,2,UNTOUCHED,T1,none,5,7,5,7
R00622,3,UNTOUCHED,T1,none,19,26,19,26
R00623,0,CLONE_INTERVAL,T2,t2_rename_local_x1,6,11,6,11
R00623,1,MUTATION,T2,t2_rename_local_x1,6,11,6,11
R00623,2,UNTOUCHED,T1,none,3,5,3,5
R00623,3,UNTOUCHED,T1,none,12,17,12,17
R00624,0,CLONE_INTERVAL,T3,t3_insert_statement,8,24,8,24
R00624,1,MUTATION,T3,t3_insert_statement,,,25,25
R00624,2,UNTOUCHED,T1,none,3,7,3,7
R00624,3,UNTOUCHED,T1,none,25,27,26,28
R00625,0,CLONE_INTERVAL,T3,t3_insert_statement,7,12,7,13
R00625,1,MUTATION,T3,t3_insert_statement,,,8,8
R00625,2,UNTOUCHED,T1,none,4,6,4,6
R00625,3,UNTOUCHED,T1,none,13,16,14,17
R00626,0,CLONE_INTERVAL,T1,t1_add_blank_line,6,13,6,14
R00626,1,MUTATION,T1,t1_add_blank_line,,,10,10
R00626,2,UNTOUCHED,T1,none,3,5,3,5
R00626,3,UNTOUCHED,T1,none,14,25,15,26
R00627,0,CLONE_INTERVAL,T3,t3_insert_statement,91,97,91,98
R00627,1,MUTATION,T3,t3_insert_statement,,,95,95
R00627,2,UNTOUCHED,T1,none,84,90,84,90
R00627,3,UNTOUCHED,T1,none,98,109,99,110
R00628,0,CLONE_INTERVAL,T1,t1_add_eol_comment,6,11,6,11
R00628,1,MUTATION,T1,t1_add_eol_comment,8,8,8,8
R00628,2,UNTOUCHED,T1,none,3,5,3,5
R00628,3,UNTOUCHED,T1,none,12,15,12,15
R00629,0,CLONE_INTERVAL,T3,t3_wrap_statement,8,14,8,16
R00629,1,MUTATION,T3,t3_wrap_statement,10,13,10,15
R00629,2,UNTOUCHED,T1,none,4,7,4,7
R00629,3,UNTOUCHED,T1,none,15,18,17,20
R00630,0,CLONE_INTERVAL,T1,t1_add_block_comment,6,12,6,13
R00630,1,MUTATION,T1,t1_add_block_comment,,,8,8
R00630,2,UNTOUCHED,T1,none,3,5,3,5
R00630,3,UNTOUCHED,T1,none,13,15,14,16
R00631,0,CLONE_INTERVAL,T3,t3_wrap_statement,6,11,6,13
R00631,1,MUTATION,T3,t3_wrap_statement,7,8,7,10
R00631,2,UNTOUCHED,T1,none,3,5,3,5
R00631,3,UNTOUCHED,T1,none,12,27,14,29
R00632,0,CLONE_INTERVAL,T2,t2_rename_local_x4,7,30,7,30
R00632,1,MUTATION,T2,t2_rename_local_x4,11,28,11,28
R00632,2,UNTOUCHED,T1,none,4,6,4,6
R00632,3,UNTOUCHED,T1,none,31,33,31,33
R00633,0,CLONE_INTERVAL,T2,t2_change_string_literal,7,12,7,12
R00633,1,MUTATION,T2,t2_change_string_literal,8,8,8,8
R00633,2,UNTOUCHED,T1,none,3,6,3,6
R00633,3,UNTOUCHED,T1,none,13,21,13,21
R00634,0,CLONE_INTERVAL,T2,t2_rename_local_x6,9,31,9,31
R00634,1,MUTATION,T2,t2_rename_local_x6,9,28,9,28
R00634,2,UNTOUCHED,T1,none,5,8,5,8
R00634,3,UNTOUCHED,T1,none,32,35,32,35
R00635,0,CLONE_INTERVAL,T1,t1_add_block_comment,7,19,7,20
R00635,1,MUTATION,T1,t1_add_block_comment,,,11,11
R00635,2,UNTOUCHED,T1,none,3,6,3,6
R00635,3,UNTOUCHED,T1,none,20,22,21,23
R00636,0,CLONE_INTERVAL,T1,t1_add_block_comment,6,12,6,13
R00636,1,MUTATION,T1,t1_add_block_comment,,,12,12
R00636,2,UNTOUCHED,T1,none,3,5,3,5
R00636,3,UNTOUCHED,T1,none,13,15,14,16
R00637,0,CLONE_INTERVAL,T3,t3_insert_statement,6,11,6,11
R00637,1,MUTATION,T3,t3_insert_statement,,,12,12
R00637,2,UNTOUCHED,T1,none,3,5,3,5
R00637,3,UNTOUCHED,T1,none,12,25,13,26
R00638,0,CLONE_INTERVAL,T3,t3_insert_statement,6,11,6,11
R00638,1,MUTATION,T3,t3_insert_statement,,,12,12
R00638,2,UNTOUCHED,T1,none,3,5,3,5
R00638,3,UNTOUCHED,T1,none,12,20,13,21
R00639,0,CLONE_INTERVAL,T2,t2_change_int_literal,6,11,6,11
R00639,1,MUTATION,T2,t2_change_int_literal,7,7,7,7
R00639,2,UNTOUCHED,T1,none,3,5,3,5
R00639,3,UNTOUCHED,T1,none,12,17,12,17
R00640,0,CLONE_INTERVAL,T2,t2_change_string_literal,8,20,8,20
R00640,1,MUTATION,T2,t2_change_string_literal,8,8,8,8
R00640,2,UNTOUCHED,T1,none,3,7,3,7
R00640,3,UNTOUCHED,T1,none,21,23,21,23
R00641,0,CLONE_INTERVAL,T1,t1_add_eol_comment,14,20,14,20
R00641,1,MUTATION,T1,t1_add_eol_comment,15,15,15,15
R00641,2,UNTOUCHED,T1,none,3,13,3,13
R00641,3,UNTOUCHED,T1,none,21,29,21,29
R00642,0,CLONE_INTERVAL,T3,t3_delete_statement,9,16,9,15
R00642,1,MUTATION,T3,t3_delete_statement,9,9,,
R00642,2,UNTOUCHED,T1,none,5,8,5,8
R00642,3,UNTOUCHED,T1,none,17,25,16,24
R00643,0,CLONE_INTERVAL,T1,t1_add_blank_line,6,12,6,13
R00643,1,MUTATION,T1,t1_add_blank_line,,,10,10
R00643,2,UNTOUCHED,T1,none,3,5,3,5
R00643,3,UNTOUCHED,T1,none,13,15,14,16
R00644,0,CLONE_INTERVAL,T1,t1_add_block_comment,7,12,7,13
R00644,1,MUTATION,T1,t1_add_block_comment,,,12,12
R00644,2,UNTOUCHED,T1,none,3,6,3,6
R00644,3,UNTOUCHED,T1,none,13,25,14,26
R00645,0,CLONE_INTERVAL,T2,t2_rename_local_x1,6,12,6,12
R00645,1,MUTATION,T2,t2_rename_local_x1,6,10,6,10
R00645,2,UNTOUCHED,T1,none,3,5,3,5
R00645,3,UNTOUCHED,T1,none,13,23,13,23
R00646,0,CLONE_INTERVAL,T2,t2_change_string_literal,8,15,8,15
R00646,1,MUTATION,T2,t2_change_string_literal,8,8,8,8
R00646,2,UNTOUCHED,T1,none,3,7,3,7
R00646,3,UNTOUCHED,T1,none,16,42,16,42
R00647,0,CLONE_INTERVAL,T2,t2_rename_local_x2,7,12,7,12
R00647,1,MUTATION,T2,t2_rename_local_x2,7,12,7,12
R00647,2,UNTOUCHED,T1,none,4,6,4,6
R00647,3,UNTOUCHED,T1,none,13,16,13,16
R00648,0,CLONE_INTERVAL,T2,t2_rename_local_x2,6,11,6,11
R00648,1,MUTATION,T2,t2_rename_local_x2,6,11,6,11
R00648,2,UNTOUCHED,T1,none,3,5,3,5
R00648,3,UNTOUCHED,T1,none,12,14,12,14
R00649,0,CLONE_INTERVAL,T3,t3_wrap_statement,19,24,19,26
R00649,1,MUTATION,T3,t3_wrap_statement,21,23,21,25
R00649,2,UNTOUCHED,T1,none,16,18,16,18
R00649,3,UNTOUCHED,T1,none,25,31,27,33
R00650,0,CLONE_INTERVAL,T2,t2_change_string_literal,6,11,6,11
R00650,1,MUTATION,T2,t2_change_string_literal,9,9,9,9
R00650,2,UNTOUCHED,T1,none,3,5,3,5
R00650,3,UNTOUCHED,T1,none,12,15,12,15
R00651,0,CLONE_INTERVAL,T3,t3_wrap_statement,8,13,8,15
R00651,1,MUTATION,T3,t3_wrap_statement,12,12,12,14
R00651,2,UNTOUCHED,T1,none,5,7,5,7
R00651,3,UNTOUCHED,T1,none,14,26,16,28
R00652,0,CLONE_INTERVAL,T1,t1_add_eol_comment,8,13,8,13
R00652,1,MUTATION,T1,t1_add_eol_comment,11,11,11,11
R00652,2,UNTOUCHED,T1,none,5,7,5,7
R00652,3,UNTOUCHED,T1,none,14,20,14,20
R00653,0,CLONE_INTERVAL,T1,t1_add_blank_line,7,16,7,17
R00653,1,MUTATION,T1,t1_add_blank_line,,,13,13
R00653,2,UNTOUCHED,T1,none,3,6,3,6
R00653,3,UNTOUCHED,T1,none,17,21,18,22
R00654,0,CLONE_INTERVAL,T2,t2_rename_local_x1,6,11,6,11
R00654,1,MUTATION,T2,t2_rename_local_x1,7,11,7,11
R00654,2,UNTOUCHED,T1,none,3,5,3,5
R00654,3,UNTOUCHED,T1,none,12,16,12,16
R00655,0,CLONE_INTERVAL,T2,t2_change_int_literal,7,12,7,12
R00655,1,MUTATION,T2,t2_change_int_literal,7,7,7,7
R00655,2,UNTOUCHED,T1,none,4,6,4,6
R00655,3,UNTOUCHED,T1,none,13,17,13,17
R00656,0,CLONE_INTERVAL,T2,t2_change_int_literal,6,16,6,16
R00656,1,MUTATION,T2,t2_change_int_literal,8,8,8,8
R00656,2,UNTOUCHED,T1,none,3,5,3,5
R00656,3,UNTOUCHED,T1,none,17,23,17,23
R00657,0,CLONE_INTERVAL,T2,t2_rename_local_x1,34,39,34,39
R00657,1,MUTATION,T2,t2_rename_local_x1,34,37,34,37
R00657,2,UNTOUCHED,T1,none,8,33,8,33
R00657,3,UNTOUCHED,T1,none,40,62,40,62
R00658,0,CLONE_INTERVAL,T1,t1_add_blank_line,7,12,7,13
R00658,1,MUTATION,T1,t1_add_blank_line,,,8,8
R00658,2,UNTOUCHED,T1,none,3,6,3,6
R00658,3,UNTOUCHED,T1,none,13,34,14,35
R00659,0,CLONE_INTERVAL,T3,t3_wrap_statement,11,18,11,20
R00659,1,MUTATION,T3,t3_wrap_statement,15,17,15,19
R00659,2,UNTOUCHED,T1,none,3,10,3,10
R00659,3,UNTOUCHED,T1,none,19,40,21,42
R00660,0,CLONE_INTERVAL,T1,t1_add_block_comment,6,11,6,12
R00660,1,MUTATION,T1,t1_add_block_comment,,,8,8
R00660,2,UNTOUCHED,T1,none,3,5,3,5
R00660,3,UNTOUCHED,T1,none,12,18,13,19
R00661,0,CLONE_INTERVAL,T1,t1_reindent,11,23,11,23
R00661,1,MUTATION,T1,t1_reindent,11,23,11,23
R00661,2,UNTOUCHED,T1,none,7,10,7,10
R00661,3,UNTOUCHED,T1,none,24,30,24,30
R00662,0,CLONE_INTERVAL,T2,t2_change_string_literal,6,11,6,11
R00662,1,MUTATION,T2,t2_change_string_literal,7,7,7,7
R00662,2,UNTOUCHED,T1,none,3,5,3,5
R00662,3,UNTOUCHED,T1,none,12,20,12,20
R00663,0,CLONE_INTERVAL,T3,t3_wrap_statement,10,15,10,17
R00663,1,MUTATION,T3,t3_wrap_statement,10,10,10,12
R00663,2,UNTOUCHED,T1,none,3,9,3,9
R00663,3,UNTOUCHED,T1,none,16,21,18,23
R00664,0,CLONE_INTERVAL,T2,t2_rename_local_x2,10,16,10,16
R00664,1,MUTATION,T2,t2_rename_local_x2,12,14,12,14
R00664,2,UNTOUCHED,T1,none,3,9,3,9
R00664,3,UNTOUCHED,T1,none,17,24,17,24
R00665,0,CLONE_INTERVAL,T1,t1_add_eol_comment,8,18,8,18
R00665,1,MUTATION,T1,t1_add_eol_comment,14,14,14,14
R00665,2,UNTOUCHED,T1,none,4,7,4,7
R00665,3,UNTOUCHED,T1,none,19,23,19,23
R00666,0,CLONE_INTERVAL,T3,t3_insert_statement,7,16,7,17
R00666,1,MUTATION,T3,t3_insert_statement,,,12,12
R00666,2,UNTOUCHED,T1,none,3,6,3,6
R00666,3,UNTOUCHED,T1,none,17,39,18,40
R00667,0,CLONE_INTERVAL,T2,t2_change_string_literal,6,18,6,18
R00667,1,MUTATION,T2,t2_change_string_literal,7,7,7,7
R00667,2,UNTOUCHED,T1,none,3,5,3,5
R00667,3,UNTOUCHED,T1,none,19,21,19,21
R00668,0,CLONE_INTERVAL,T1,t1_reindent,10,19,10,19
R00668,1,MUTATION,T1,t1_reindent,10,19,10,19
R00668,2,UNTOUCHED,T1,none,6,9,6,9
R00668,3,UNTOUCHED,T1,none,20,27,20,27
R00669,0,CLONE_INTERVAL,T3,t3_delete_statement,28,33,28,32
R00669,1,MUTATION,T3,t3_delete_statement,29,29,,
R00669,2,UNTOUCHED,T1,none,25,27,25,27
R00669,3,UNTOUCHED,T1,none,34,36,33,35
R00670,0,CLONE_INTERVAL,T1,t1_reindent,9,15,9,15
R00670,1,MUTATION,T1,t1_reindent,9,15,9,15
R00670,2,UNTOUCHED,T1,none,3,8,3,8
R00670,3,UNTOUCHED,T1,none,16,19,16,19
R00671,0,CLONE_INTERVAL,T2,t2_change_string_literal,30,35,30,35
R00671,1,MUTATION,T2,t2_change_string_literal,35,35,35,35
R00671,2,UNTOUCHED,T1,none,26,29,26,29
R00671,3,UNTOUCHED,T1,none,36,43,36,43
R00672,0,CLONE_INTERVAL,T1,t1_add_blank_line,128,133,128,134
R00672,1,MUTATION,T1,t1_add_blank_line,,,129,129
R00672,2,UNTOUCHED,T1,none,125,127,125,127
R00672,3,UNTOUCHED,T1,none,134,142,135,143
R00673,0,CLONE_INTERVAL,T3,t3_delete_statement,11,18,11,17
R00673,1,MUTATION,T3,t3_delete_statement,11,11,,
R00673,2,UNTOUCHED,T1,none,6,10,6,10
R00673,3,UNTOUCHED,T1,none,19,32,18,31
R00674,0,CLONE_INTERVAL,T2,t2_change_int_literal,7,19,7,19
R00674,1,MUTATION,T2,t2_change_int_literal,14,14,14,14
R00674,2,UNTOUCHED,T1,none,4,6,4,6
R00674,3,UNTOUCHED,T1,none,20,23,20,23
R00675,0,CLONE_INTERVAL,T1,t1_reindent,15,28,15,28
R00675,1,MUTATION,T1,t1_reindent,15,28,15,28
R00675,2,UNTOUCHED,T1,none,4,14,4,14
R00675,3,UNTOUCHED,T1,none,29,32,29,32
R00676,0,CLONE_INTERVAL,T3,t3_wrap_statement,9,14,9,16
R00676,1,MUTATION,T3,t3_wrap_statement,9,12,9,14
R00676,2,UNTOUCHED,T1,none,3,8,3,8
R00676,3,UNTOUCHED,T1,none,15,34,17,36
R00677,0,CLONE_INTERVAL,T2,t2_change_string_literal,6,21,6,21
R00677,1,MUTATION,T2,t2_change_string_literal,12,12,12,12
R00677,2,UNTOUCHED,T1,none,3,5,3,5
R00677,3,UNTOUCHED,T1,none,22,26,22,26
R00678,0,CLONE_INTERVAL,T1,t1_add_eol_comment,53,59,53,59
R00678,1,MUTATION,T1,t1_add_eol_comment,57,57,57,57
R00678,2,UNTOUCHED,T1,none,47,52,47,52
R00678,3,UNTOUCHED,T1,none,60,63,60,63
R00679,0,CLONE_INTERVAL,T2,t2_change_int_literal,6,16,6,16
R00679,1,MUTATION,T2,t2_change_int_literal,11,11,11,11
R00679,2,UNTOUCHED,T1,none,3,5,3,5
R00679,3,UNTOUCHED,T1,none,17,19,17,19
R00680,0,CLONE_INTERVAL,T3,t3_wrap_statement,6,11,6,13
R00680,1,MUTATION,T3,t3_wrap_statement,6,10,6,12
R00680,2,UNTOUCHED,T1,none,3,5,3,5
R00680,3,UNTOUCHED,T1,none,12,14,14,16
R00681,0,CLONE_INTERVAL,T1,t1_add_eol_comment,25,34,25,34
R00681,1,MUTATION,T1,t1_add_eol_comment,33,33,33,33
R00681,2,UNTOUCHED,T1,none,3,24,3,24
R00681,3,UNTOUCHED,T1,none,35,37,35,37
R00682,0,CLONE_INTERVAL,T3,t3_wrap_statement,6,20,6,23
R00682,1,MUTATION,T3,t3_wrap_statement,11,20,11,23
R00682,2,UNTOUCHED,T1,none,3,5,3,5
R00682,3,UNTOUCHED,T1,none,22,23,24,25
R00683,0,CLONE_INTERVAL,T1,t1_add_block_comment,7,16,7,17
R00683,1,MUTATION,T1,t1_add_block_comment,,,12,12
R00683,2,UNTOUCHED,T1,none,3,6,3,6
R00683,3,UNTOUCHED,T1,none,17,22,18,23
R00684,0,CLONE_INTERVAL,T1,t1_add_eol_comment,11,17,11,17
R00684,1,MUTATION,T1,t1_add_eol_comment,14,14,14,14
R00684,2,UNTOUCHED,T1,none,3,10,3,10
R00684,3,UNTOUCHED,T1,none,18,20,18,20
R00685,0,CLONE_INTERVAL,T1,t1_add_blank_line,9,14,9,15
R00685,1,MUTATION,T1,t1_add_blank_line,,,14,14
R00685,2,UNTOUCHED,T1,none,3,8,3,8
R00685,3,UNTOUCHED,T1,none,15,18,16,19
R00686,0,CLONE_INTERVAL,T3,t3_insert_statement,9,14,9,15
R00686,1,MUTATION,T3,t3_insert_statement,,,10,10
R00686,2,UNTOUCHED,T1,none,6,8,6,8
R00686,3,UNTOUCHED,T1,none,15,20,16,21
R00687,0,CLONE_INTERVAL,T2,t2_change_string_literal,9,20,9,20
R00687,1,MUTATION,T2,t2_change_string_literal,15,15,15,15
R00687,2,UNTOUCHED,T1,none,5,8,5,8
R00687,3,UNTOUCHED,T1,none,21,24,21,24
R00688,0,CLONE_INTERVAL,T2,t2_change_string_literal,6,12,6,12
R00688,1,MUTATION,T2,t2_change_string_literal,6,6,6,6
R00688,2,UNTOUCHED,T1,none,3,5,3,5
R00688,3,UNTOUCHED,T1,none,13,15,13,15
R00689,0,CLONE_INTERVAL,T3,t3_delete_statement,11,17,11,16
R00689,1,MUTATION,T3,t3_delete_statement,14,14,,
R00689,2,UNTOUCHED,T1,none,3,10,3,10
R00689,3,UNTOUCHED,T1,none,18,25,17,24
R00690,0,CLONE_INTERVAL,T2,t2_rename_local_x1,30,35,30,35
R00690,1,MUTATION,T2,t2_rename_local_x1,31,32,31,32
R00690,2,UNTOUCHED,T1,none,25,29,25,29
R00690,3,UNTOUCHED,T1,none,36,41,36,41
R00691,0,CLONE_INTERVAL,T3,t3_delete_statement,201,206,201,205
R00691,1,MUTATION,T3,t3_delete_statement,206,206,,
R00691,2,UNTOUCHED,T1,none,198,200,198,200
R00691,3,UNTOUCHED,T1,none,207,219,206,218
R00692,0,CLONE_INTERVAL,T1,t1_reindent,9,19,9,19
R00692,1,MUTATION,T1,t1_reindent,9,19,9,19
R00692,2,UNTOUCHED,T1,none,3,8,3,8
R00692,3,UNTOUCHED,T1,none,20,27,20,27
R00693,0,CLONE_INTERVAL,T3,t3_wrap_statement,9,18,9,20
R00693,1,MUTATION,T3,t3_wrap_statement,10,16,10,18
R00693,2,UNTOUCHED,T1,none,6,8,6,8
R00693,3,UNTOUCHED,T1,none,19,29,21,31
R00694,0,CLONE_INTERVAL,T3,t3_delete_statement,15,20,15,19
R00694,1,MUTATION,T3,t3_delete_statement,18,18,,
R00694,2,UNTOUCHED,T1,none,12,14,12,14
R00694,3,UNTOUCHED,T1,none,21,27,20,26
R00695,0,CLONE_INTERVAL,T3,t3_wrap_statement,7,12,7,14
R00695,1,MUTATION,T3,t3_wrap_statement,12,12,12,14
R00695,2,UNTOUCHED,T1,none,4,6,4,6
R00695,3,UNTOUCHED,T1,none,13,16,15,18
R00696,0,CLONE_INTERVAL,T3,t3_wrap_statement,7,13,7,15
R00696,1,MUTATION,T3,t3_wrap_statement,7,7,7,9
R00696,2,UNTOUCHED,T1,none,3,6,3,6
R00696,3,UNTOUCHED,T1,none,14,26,16,28
R00697,0,CLONE_INTERVAL,T2,t2_rename_local_x2,7,14,7,14
R00697,1,MUTATION,T2,t2_rename_local_x2,7,10,7,10
R00697,2,UNTOUCHED,T1,none,3,6,3,6
R00697,3,UNTOUCHED,T1,none,15,20,15,20
R00698,0,CLONE_INTERVAL,T3,t3_wrap_statement,6,12,6,15
R00698,1,MUTATION,T3,t3_wrap_statement,11,12,11,15
R00698,2,UNTOUCHED,T1,none,3,5,3,5
R00698,3,UNTOUCHED,T1,none,14,22,16,24
R00698,4,UNTOUCHED,T1,none,24,24,25,25
R00698,5,UNTOUCHED,T1,none,25,28,27,30
R00699,0,CLONE_INTERVAL,T1,t1_add_blank_line,10,21,10,22
R00699,1,MUTATION,T1,t1_add_blank_line,,,21,21
R00699,2,UNTOUCHED,T1,none,5,9,5,9
R00699,3,UNTOUCHED,T1,none,22,29,23,30
R00700,0,CLONE_INTERVAL,T3,t3_delete_statement,41,47,34,39
R00700,1,MUTATION,T3,t3_delete_statement,41,41,,
R00700,2,UNTOUCHED,T1,none,28,33,28,33
R00700,3,UNTOUCHED,T1,none,48,51,40,43
R00701,0,CLONE_INTERVAL,T3,t3_insert_statement,7,13,7,14
R00701,1,MUTATION,T3,t3_insert_statement,,,8,8
R00701,2,UNTOUCHED,T1,none,4,6,4,6
R00701,3,UNTOUCHED,T1,none,14,19,15,20
R00702,0,CLONE_INTERVAL,T1,t1_add_block_comment,11,19,11,20
R00702,1,MUTATION,T1,t1_add_block_comment,,,18,18
R00702,2,UNTOUCHED,T1,none,3,10,3,10
R00702,3,UNTOUCHED,T1,none,20,31,21,32
R00703,0,CLONE_INTERVAL,T1,t1_add_blank_line,9,14,9,15
R00703,1,MUTATION,T1,t1_add_blank_line,,,12,12
R00703,2,UNTOUCHED,T1,none,4,8,4,8
R00703,3,UNTOUCHED,T1,none,15,30,16,31
R00704,0,CLONE_INTERVAL,T1,t1_reindent,6,11,6,11
R00704,1,MUTATION,T1,t1_reindent,6,11,6,11
R00704,2,UNTOUCHED,T1,none,3,5,3,5
R00704,3,UNTOUCHED,T1,none,12,21,12,21
R00705,0,CLONE_INTERVAL,T3,t3_wrap_statement,6,12,6,14
R00705,1,MUTATION,T3,t3_wrap_statement,7,7,7,9
R00705,2,UNTOUCHED,T1,none,3,5,3,5
R00705,3,UNTOUCHED,T1,none,13,15,15,17
R00706,0,CLONE_INTERVAL,T3,t3_wrap_statement,9,22,9,24
R00706,1,MUTATION,T3,t3_wrap_statement,14,19,14,21
R00706,2,UNTOUCHED,T1,none,6,8,6,8
R00706,3,UNTOUCHED,T1,none,23,25,25,27
R00707,0,CLONE_INTERVAL,T1,t1_reindent,6,12,6,12
R00707,1,MUTATION,T1,t1_reindent,6,12,6,12
R00707,2,UNTOUCHED,T1,none,3,5,3,5
R00707,3,UNTOUCHED,T1,none,13,20,13,20
R00708,0,CLONE_INTERVAL,T1,t1_reindent,7,16,7,16
R00708,1,MUTATION,T1,t1_reindent,7,16,7,16
R00708,2,UNTOUCHED,T1,none,3,6,3,6
R00708,3,UNTOUCHED,T1,none,17,22,17,22
R00709,0,CLONE_INTERVAL,T3,t3_wrap_statement,6,11,6,13
R00709,1,MUTATION,T3,t3_wrap_statement,11,11,11,13
R00709,2,UNTOUCHED,T1,none,3,5,3,5
R00709,3,UNTOUCHED,T1,none,12,24,14,26
R00710,0,CLONE_INTERVAL,T3,t3_wrap_statement,8,13,8,15
R00710,1,MUTATION,T3,t3_wrap_statement,8,9,8,11
R00710,2,UNTOUCHED,T1,none,3,7,3,7
R00710,3,UNTOUCHED,T1,none,14,31,16,33
R00711,0,CLONE_INTERVAL,T1,t1_add_blank_line,10,15,10,16
R00711,1,MUTATION,T1,t1_add_blank_line,,,14,14
R00711,2,UNTOUCHED,T1,none,3,9,3,9
R00711,3,UNTOUCHED,T1,none,16,18,17,19
R00712,0,CLONE_INTERVAL,T1,t1_add_blank_line,6,11,6,12
R00712,1,MUTATION,T1,t1_add_blank_line,,,10,10
R00712,2,UNTOUCHED,T1,none,3,5,3,5
R00712,3,UNTOUCHED,T1,none,12,18,13,19
R00713,0,CLONE_INTERVAL,T3,t3_insert_statement,8,13,8,14
R00713,1,MUTATION,T3,t3_insert_statement,,,9,9
R00713,2,UNTOUCHED,T1,none,4,7,4,7
R00713,3,UNTOUCHED,T1,none,14,19,15,20
R00714,0,CLONE_INTERVAL,T1,t1_reindent,6,19,6,19
R00714,1,MUTATION,T1,t1_reindent,6,19,6,19
R00714,2,UNTOUCHED,T1,none,3,5,3,5
R00714,3,UNTOUCHED,T1,none,20,23,20,23
R00715,0,CLONE_INTERVAL,T1,t1_add_block_comment,7,12,7,13
R00715,1,MUTATION,T1,t1_add_block_comment,,,9,9
R00715,2,UNTOUCHED,T1,none,4,6,4,6
R00715,3,UNTOUCHED,T1,none,13,19,14,20
R00716,0,CLONE_INTERVAL,T2,t2_change_string_literal,6,21,6,21
R00716,1,MUTATION,T2,t2_change_string_literal,17,17,17,17
R00716,2,UNTOUCHED,T1,none,3,5,3,5
R00716,3,UNTOUCHED,T1,none,22,25,22,25
R00717,0,CLONE_INTERVAL,T1,t1_add_blank_line,12,17,12,18
R00717,1,MUTATION,T1,t1_add_blank_line,,,17,17
R00717,2,UNTOUCHED,T1,none,9,11,9,11
R00717,3,UNTOUCHED,T1,none,18,24,19,25
R00718,0,CLONE_INTERVAL,T3,t3_insert_statement,7,16,7,16
R00718,1,MUTATION,T3,t3_insert_statement,,,17,17
R00718,2,UNTOUCHED,T1,none,3,6,3,6
R00718,3,UNTOUCHED,T1,none,17,20,18,21
R00719,0,CLONE_INTERVAL,T3,t3_wrap_statement,14,26,14,28
R00719,1,MUTATION,T3,t3_wrap_statement,14,25,14,26
R00719,2,UNTOUCHED,T1,none,8,13,8,13
R00719,3,UNTOUCHED,T1,none,27,38,29,40
R00720,0,CLONE_INTERVAL,T1,t1_add_blank_line,12,18,12,19
R00720,1,MUTATION,T1,t1_add_blank_line,,,15,15
R00720,2,UNTOUCHED,T1,none,3,11,3,11
R00720,3,UNTOUCHED,T1,none,19,28,20,29
R00721,0,CLONE_INTERVAL,T1,t1_reindent,6,12,6,12
R00721,1,MUTATION,T1,t1_reindent,6,12,6,12
R00721,2,UNTOUCHED,T1,none,3,5,3,5
R00721,3,UNTOUCHED,T1,none,13,19,13,19
R00722,0,CLONE_INTERVAL,T1,t1_add_eol_comment,62,68,62,68
R00722,1,MUTATION,T1,t1_add_eol_comment,64,64,64,64
R00722,2,UNTOUCHED,T1,none,59,61,59,61
R00722,3,UNTOUCHED,T1,none,69,74,69,74
R00723,0,CLONE_INTERVAL,T1,t1_add_eol_comment,26,31,26,31
R00723,1,MUTATION,T1,t1_add_eol_comment,29,29,29,29
R00723,2,UNTOUCHED,T1,none,23,25,23,25
R00723,3,UNTOUCHED,T1,none,32,38,32,38
R00724,0,CLONE_INTERVAL,T3,t3_insert_statement,10,18,10,18
R00724,1,MUTATION,T3,t3_insert_statement,,,19,19
R00724,2,UNTOUCHED,T1,none,3,9,3,9
R00724,3,UNTOUCHED,T1,none,19,24,20,25
R00725,0,CLONE_INTERVAL,T2,t2_change_int_literal,7,12,7,12
R00725,1,MUTATION,T2,t2_change_int_literal,8,8,8,8
R00725,2,UNTOUCHED,T1,none,3,6,3,6
R00725,3,UNTOUCHED,T1,none,13,22,13,22
R00726,0,CLONE_INTERVAL,T3,t3_delete_statement,10,15,10,14
R00726,1,MUTATION,T3,t3_delete_statement,14,14,,
R00726,2,UNTOUCHED,T1,none,7,9,7,9
R00726,3,UNTOUCHED,T1,none,16,24,15,23
R00727,0,CLONE_INTERVAL,T2,t2_rename_local_x2,6,12,6,12
R00727,1,MUTATION,T2,t2_rename_local_x2,7,11,7,11
R00727,2,UNTOUCHED,T1,none,3,5,3,5
R00727,3,UNTOUCHED,T1,none,13,16,13,16
R00728,0,CLONE_INTERVAL,T3,t3_wrap_statement,11,26,11,28
R00728,1,MUTATION,T3,t3_wrap_statement,14,15,14,17
R00728,2,UNTOUCHED,T1,none,3,10,3,10
R00728,3,UNTOUCHED,T1,none,27,30,29,32
R00729,0,CLONE_INTERVAL,T3,t3_wrap_statement,6,16,6,18
R00729,1,MUTATION,T3,t3_wrap_statement,7,14,7,16
R00729,2,UNTOUCHED,T1,none,3,5,3,5
R00729,3,UNTOUCHED,T1,none,17,22,19,24
R00730,0,CLONE_INTERVAL,T1,t1_reindent,7,17,7,17
R00730,1,MUTATION,T1,t1_reindent,7,17,7,17
R00730,2,UNTOUCHED,T1,none,3,6,3,6
R00730,3,UNTOUCHED,T1,none,18,20,18,20
R00731,0,CLONE_INTERVAL,T1,t1_add_block_comment,6,13,6,14
R00731,1,MUTATION,T1,t1_add_block_comment,,,9,9
R00731,2,UNTOUCHED,T1,none,3,5,3,5
R00731,3,UNTOUCHED,T1,none,14,16,15,17
R00732,0,CLONE_INTERVAL,T2,t2_change_int_literal,7,14,7,14
R00732,1,MUTATION,T2,t2_change_int_literal,8,8,8,8
R00732,2,UNTOUCHED,T1,none,3,6,3,6
R00732,3,UNTOUCHED,T1,none,15,21,15,21
R00733,0,CLONE_INTERVAL,T2,t2_change_int_literal,13,25,13,25
R00733,1,MUTATION,T2,t2_change_int_literal,13,13,13,13
R00733,2,UNTOUCHED,T1,none,3,12,3,12
R00733,3,UNTOUCHED,T1,none,26,30,26,30
R00734,0,CLONE_INTERVAL,T1,t1_reindent,8,24,8,24
R00734,1,MUTATION,T1,t1_reindent,8,24,8,24
R00734,2,UNTOUCHED,T1,none,3,7,3,7
R00734,3,UNTOUCHED,T1,none,25,28,25,28
R00735,0,CLONE_INTERVAL,T1,t1_reindent,22,33,22,33
R00735,1,MUTATION,T1,t1_reindent,22,33,22,33
R00735,2,UNTOUCHED,T1,none,16,21,16,21
R00735,3,UNTOUCHED,T1,none,34,36,34,36
R00736,0,CLONE_INTERVAL,T1,t1_reindent,6,13,6,13
R00736,1,MUTATION,T1,t1_reindent,6,13,6,13
R00736,2,UNTOUCHED,T1,none,3,5,3,5
R00736,3,UNTOUCHED,T1,none,14,28,14,28
R00737,0,CLONE_INTERVAL,T2,t2_rename_local_x2,6,12,6,12
R00737,1,MUTATION,T2,t2_rename_local_x2,7,9,7,9
R00737,2,UNTOUCHED,T1,none,3,5,3,5
R00737,3,UNTOUCHED,T1,none,13,19,13,19
R00738,0,CLONE_INTERVAL,T2,t2_change_string_literal,8,25,8,25
R00738,1,MUTATION,T2,t2_change_string_literal,9,9,9,9
R00738,2,UNTOUCHED,T1,none,3,7,3,7
R00738,3,UNTOUCHED,T1,none,26,29,26,29
R00739,0,CLONE_INTERVAL,T1,t1_reindent,6,12,6,12
R00739,1,MUTATION,T1,t1_reindent,6,12,6,12
R00739,2,UNTOUCHED,T1,none,3,5,3,5
R00739,3,UNTOUCHED,T1,none,13,23,13,23
R00740,0,CLONE_INTERVAL,T2,t2_rename_local_x1,6,13,6,13
R00740,1,MUTATION,T2,t2_rename_local_x1,11,12,11,12
R00740,2,UNTOUCHED,T1,none,3,5,3,5
R00740,3,UNTOUCHED,T1,none,14,18,14,18
R00741,0,CLONE_INTERVAL,T3,t3_insert_statement,18,23,18,23
R00741,1,MUTATION,T3,t3_insert_statement,,,24,24
R00741,2,UNTOUCHED,T1,none,3,17,3,17
R00741,3,UNTOUCHED,T1,none,24,29,25,30
R00742,0,CLONE_INTERVAL,T1,t1_add_block_comment,6,13,6,14
R00742,1,MUTATION,T1,t1_add_block_comment,,,9,9
R00742,2,UNTOUCHED,T1,none,3,5,3,5
R00742,3,UNTOUCHED,T1,none,14,16,15,17
R00743,0,CLONE_INTERVAL,T1,t1_add_block_comment,87,93,87,94
R00743,1,MUTATION,T1,t1_add_block_comment,,,90,90
R00743,2,UNTOUCHED,T1,none,83,86,83,86
R00743,3,UNTOUCHED,T1,none,94,108,95,109
R00744,0,CLONE_INTERVAL,T1,t1_add_blank_line,12,21,12,22
R00744,1,MUTATION,T1,t1_add_blank_line,,,13,13
R00744,2,UNTOUCHED,T1,none,4,11,4,11
R00744,3,UNTOUCHED,T1,none,22,34,23,35
R00745,0,CLONE_INTERVAL,T2,t2_change_string_literal,7,12,7,12
R00745,1,MUTATION,T2,t2_change_string_literal,7,7,7,7
R00745,2,UNTOUCHED,T1,none,4,6,4,6
R00745,3,UNTOUCHED,T1,none,13,16,13,16
R00746,0,CLONE_INTERVAL,T2,t2_change_string_literal,7,22,7,22
R00746,1,MUTATION,T2,t2_change_string_literal,13,13,13,13
R00746,2,UNTOUCHED,T1,none,4,6,4,6
R00746,3,UNTOUCHED,T1,none,23,25,23,25
R00747,0,CLONE_INTERVAL,T3,t3_insert_statement,9,18,9,18
R00747,1,MUTATION,T3,t3_insert_statement,,,19,19
R00747,2,UNTOUCHED,T1,none,3,8,3,8
R00747,3,UNTOUCHED,T1,none,19,24,20,25
R00748,0,CLONE_INTERVAL,T3,t3_delete_statement,6,11,6,10
R00748,1,MUTATION,T3,t3_delete_statement,11,11,,
R00748,2,UNTOUCHED,T1,none,3,5,3,5
R00748,3,UNTOUCHED,T1,none,12,14,11,13
R00749,0,CLONE_INTERVAL,T2,t2_rename_local_x2,6,13,6,13
R00749,1,MUTATION,T2,t2_rename_local_x2,6,8,6,8
R00749,2,UNTOUCHED,T1,none,3,5,3,5
R00749,3,UNTOUCHED,T1,none,14,17,14,17
R00750,0,CLONE_INTERVAL,T1,t1_add_eol_comment,21,28,21,28
R00750,1,MUTATION,T1,t1_add_eol_comment,26,26,26,26
R00750,2,UNTOUCHED,T1,none,7,20,7,20
R00750,3,UNTOUCHED,T1,none,29,65,29,65
R00751,0,CLONE_INTERVAL,T1,t1_reindent,6,11,6,11
R00751,1,MUTATION,T1,t1_reindent,6,11,6,11
R00751,2,UNTOUCHED,T1,none,3,5,3,5
R00751,3,UNTOUCHED,T1,none,12,23,12,23
R00752,0,CLONE_INTERVAL,T3,t3_delete_statement,7,12,6,10
R00752,1,MUTATION,T3,t3_delete_statement,11,11,,
R00752,2,UNTOUCHED,T1,none,4,6,3,5
R00752,3,UNTOUCHED,T1,none,13,15,11,13
R00753,0,CLONE_INTERVAL,T1,t1_add_eol_comment,10,17,10,17
R00753,1,MUTATION,T1,t1_add_eol_comment,15,15,15,15
R00753,2,UNTOUCHED,T1,none,3,9,3,9
R00753,3,UNTOUCHED,T1,none,18,24,18,24
R00754,0,CLONE_INTERVAL,T2,t2_change_int_literal,6,19,6,19
R00754,1,MUTATION,T2,t2_change_int_literal,7,7,7,7
R00754,2,UNTOUCHED,T1,none,3,5,3,5
R00754,3,UNTOUCHED,T1,none,20,24,20,24
R00755,0,CLONE_INTERVAL,T3,t3_insert_statement,6,12,6,13
R00755,1,MUTATION,T3,t3_insert_statement,,,7,7
R00755,2,UNTOUCHED,T1,none,3,5,3,5
R00755,3,UNTOUCHED,T1,none,13,15,14,16
R00756,0,CLONE_INTERVAL,T2,t2_change_string_literal,7,20,7,20
R00756,1,MUTATION,T2,t2_change_string_literal,11,11,11,11
R00756,2,UNTOUCHED,T1,none,3,6,3,6
R00756,3,UNTOUCHED,T1,none,21,28,21,28
R00757,0,CLONE_INTERVAL,T2,t2_rename_local_x2,9,14,9,14
R00757,1,MUTATION,T2,t2_rename_local_x2,10,13,10,13
R00757,2,UNTOUCHED,T1,none,6,8,6,8
R00757,3,UNTOUCHED,T1,none,15,17,15,17
R00758,0,CLONE_INTERVAL,T1,t1_add_blank_line,10,24,10,25
R00758,1,MUTATION,T1,t1_add_blank_line,,,15,15
R00758,2,UNTOUCHED,T1,none,3,9,3,9
R00758,3,UNTOUCHED,T1,none,25,28,26,29
R00759,0,CLONE_INTERVAL,T1,t1_add_blank_line,9,15,9,16
R00759,1,MUTATION,T1,t1_add_blank_line,,,14,14
R00759,2,UNTOUCHED,T1,none,5,8,5,8
R00759,3,UNTOUCHED,T1,none,16,30,17,31
R00760,0,CLONE_INTERVAL,T1,t1_reindent,6,13,6,13
R00760,1,MUTATION,T1,t1_reindent,6,13,6,13
R00760,2,UNTOUCHED,T1,none,3,5,3,5
R00760,3,UNTOUCHED,T1,none,14,21,14,21
R00761,0,CLONE_INTERVAL,T1,t1_add_eol_comment,7,16,7,16
R00761,1,MUTATION,T1,t1_add_eol_comment,9,9,9,9
R00761,2,UNTOUCHED,T1,none,4,6,4,6
R00761,3,UNTOUCHED,T1,none,17,19,17,19
R00762,0,CLONE_INTERVAL,T2,t2_rename_local_x1,6,11,6,11
R00762,1,MUTATION,T2,t2_rename_local_x1,6,10,6,10
R00762,2,UNTOUCHED,T1,none,3,5,3,5
R00762,3,UNTOUCHED,T1,none,12,19,12,19
R00763,0,CLONE_INTERVAL,T2,t2_rename_local_x2,7,14,7,14
R00763,1,MUTATION,T2,t2_rename_local_x2,8,10,8,10
R00763,2,UNTOUCHED,T1,none,3,6,3,6
R00763,3,UNTOUCHED,T1,none,15,20,15,20
R00764,0,CLONE_INTERVAL,T2,t2_rename_local_x4,9,14,9,14
R00764,1,MUTATION,T2,t2_rename_local_x4,9,14,9,14
R00764,2,UNTOUCHED,T1,none,6,8,6,8
R00764,3,UNTOUCHED,T1,none,15,17,15,17
R00765,0,CLONE_INTERVAL,T2,t2_rename_local_x5,6,16,6,16
R00765,1,MUTATION,T2,t2_rename_local_x5,6,14,6,14
R00765,2,UNTOUCHED,T1,none,3,5,3,5
R00765,3,UNTOUCHED,T1,none,17,24,17,24
R00766,0,CLONE_INTERVAL,T1,t1_reindent,11,16,11,16
R00766,1,MUTATION,T1,t1_reindent,11,16,11,16
R00766,2,UNTOUCHED,T1,none,7,10,7,10
R00766,3,UNTOUCHED,T1,none,17,20,17,20
R00767,0,CLONE_INTERVAL,T2,t2_change_int_literal,8,13,8,13
R00767,1,MUTATION,T2,t2_change_int_literal,8,8,8,8
R00767,2,UNTOUCHED,T1,none,3,7,3,7
R00767,3,UNTOUCHED,T1,none,14,20,14,20
R00768,0,CLONE_INTERVAL,T3,t3_insert_statement,8,17,8,17
R00768,1,MUTATION,T3,t3_insert_statement,,,18,18
R00768,2,UNTOUCHED,T1,none,3,7,3,7
R00768,3,UNTOUCHED,T1,none,18,24,19,25
R00769,0,CLONE_INTERVAL,T2,t2_change_string_literal,6,12,6,12
R00769,1,MUTATION,T2,t2_change_string_literal,6,6,6,6
R00769,2,UNTOUCHED,T1,none,3,5,3,5
R00769,3,UNTOUCHED,T1,none,13,15,13,15
R00770,0,CLONE_INTERVAL,T3,t3_insert_statement,83,89,83,90
R00770,1,MUTATION,T3,t3_insert_statement,,,84,84
R00770,2,UNTOUCHED,T1,none,79,82,79,82
R00770,3,UNTOUCHED,T1,none,90,104,91,105
R00771,0,CLONE_INTERVAL,T2,t2_rename_local_x2,11,25,11,25
R00771,1,MUTATION,T2,t2_rename_local_x2,16,23,16,23
R00771,2,UNTOUCHED,T1,none,5,10,5,10
R00771,3,UNTOUCHED,T1,none,26,28,26,28
R00772,0,CLONE_INTERVAL,T3,t3_insert_statement,148,170,148,170
R00772,1,MUTATION,T3,t3_insert_statement,,,171,171
R00772,2,UNTOUCHED,T1,none,145,147,145,147
R00772,3,UNTOUCHED,T1,none,171,173,172,174
R00773,0,CLONE_INTERVAL,T3,t3_delete_statement,13,18,13,17
R00773,1,MUTATION,T3,t3_delete_statement,15,15,,
R00773,2,UNTOUCHED,T1,none,10,12,10,12
R00773,3,UNTOUCHED,T1,none,19,21,18,20
R00774,0,CLONE_INTERVAL,T2,t2_change_string_literal,7,12,7,12
R00774,1,MUTATION,T2,t2_change_string_literal,9,9,9,9
R00774,2,UNTOUCHED,T1,none,3,6,3,6
R00774,3,UNTOUCHED,T1,none,13,18,13,18
R00775,0,CLONE_INTERVAL,T1,t1_reindent,6,12,6,12
R00775,1,MUTATION,T1,t1_reindent,6,12,6,12
R00775,2,UNTOUCHED,T1,none,3,5,3,5
R00775,3,UNTOUCHED,T1,none,13,21,13,21
R00776,0,CLONE_INTERVAL,T2,t2_change_string_literal,7,16,7,16
R00776,1,MUTATION,T2,t2_change_string_literal,16,16,16,16
R00776,2,UNTOUCHED,T1,none,4,6,4,6
R00776,3,UNTOUCHED,T1,none,17,22,17,22
R00777,0,CLONE_INTERVAL,T1,t1_add_block_comment,9,15,9,16
R00777,1,MUTATION,T1,t1_add_block_comment,,,13,13
R00777,2,UNTOUCHED,T1,none,3,8,3,8
R00777,3,UNTOUCHED,T1,none,16,56,17,57
R00778,0,CLONE_INTERVAL,T3,t3_wrap_statement,9,15,9,17
R00778,1,MUTATION,T3,t3_wrap_statement,11,14,11,16
R00778,2,UNTOUCHED,T1,none,3,8,3,8
R00778,3,UNTOUCHED,T1,none,16,24,18,26
R00779,0,CLONE_INTERVAL,T3,t3_delete_statement,19,25,19,24
R00779,1,MUTATION,T3,t3_delete_statement,25,25,,
R00779,2,UNTOUCHED,T1,none,3,18,3,18
R00779,3,UNTOUCHED,T1,none,26,31,25,30
R00780,0,CLONE_INTERVAL,T2,t2_change_int_literal,13,21,13,21
R00780,1,MUTATION,T2,t2_change_int_literal,16,16,16,16
R00780,2,UNTOUCHED,T1,none,4,12,4,12
R00780,3,UNTOUCHED,T1,none,22,24,22,24
R00781,0,CLONE_INTERVAL,T2,t2_change_string_literal,6,11,6,11
R00781,1,MUTATION,T2,t2_change_string_literal,8,8,8,8
R00781,2,UNTOUCHED,T1,none,3,5,3,5
R00781,3,UNTOUCHED,T1,none,12,21,12,21
R00782,0,CLONE_INTERVAL,T1,t1_reindent,12,17,12,17
R00782,1,MUTATION,T1,t1_reindent,12,17,12,17
R00782,2,UNTOUCHED,T1,none,9,11,9,11
R00782,3,UNTOUCHED,T1,none,18,25,18,25
R00783,0,CLONE_INTERVAL,T1,t1_add_block_comment,6,12,6,13
R00783,1,MUTATION,T1,t1_add_block_comment,,,9,9
R00783,2,UNTOUCHED,T1,none,3,5,3,5
R00783,3,UNTOUCHED,T1,none,13,35,14,36
R00784,0,CLONE_INTERVAL,T1,t1_add_blank_line,6,11,6,12
R00784,1,MUTATION,T1,t1_add_blank_line,,,7,7
R00784,2,UNTOUCHED,T1,none,3,5,3,5
R00784,3,UNTOUCHED,T1,none,12,20,13,21
R00785,0,CLONE_INTERVAL,T1,t1_add_eol_comment,6,12,6,12
R00785,1,MUTATION,T1,t1_add_eol_comment,7,7,7,7
R00785,2,UNTOUCHED,T1,none,3,5,3,5
R00785,3,UNTOUCHED,T1,none,13,18,13,18
R00786,0,CLONE_INTERVAL,T1,t1_reindent,10,15,10,15
R00786,1,MUTATION,T1,t1_reindent,10,15,10,15
R00786,2,UNTOUCHED,T1,none,5,9,5,9
R00786,3,UNTOUCHED,T1,none,16,36,16,36
R00787,0,CLONE_INTERVAL,T1,t1_add_eol_comment,9,14,9,14
R00787,1,MUTATION,T1,t1_add_eol_comment,10,10,10,10
R00787,2,UNTOUCHED,T1,none,4,8,4,8
R00787,3,UNTOUCHED,T1,none,15,19,15,19
R00788,0,CLONE_INTERVAL,T3,t3_wrap_statement,188,193,188,195
R00788,1,MUTATION,T3,t3_wrap_statement,189,189,189,191
R00788,2,UNTOUCHED,T1,none,185,187,185,187
R00788,3,UNTOUCHED,T1,none,194,202,196,204
R00789,0,CLONE_INTERVAL,T2,t2_change_string_literal,6,11,6,11
R00789,1,MUTATION,T2,t2_change_string_literal,9,9,9,9
R00789,2,UNTOUCHED,T1,none,3,5,3,5
R00789,3,UNTOUCHED,T1,none,12,26,12,26
R00790,0,CLONE_INTERVAL,T2,t2_change_string_literal,6,11,6,11
R00790,1,MUTATION,T2,t2_change_string_literal,8,8,8,8
R00790,2,UNTOUCHED,T1,none,3,5,3,5
R00790,3,UNTOUCHED,T1,none,12,14,12,14
R00791,0,CLONE_INTERVAL,T1,t1_add_blank_line,8,13,8,14
R00791,1,MUTATION,T1,t1_add_blank_line,,,10,10
R00791,2,UNTOUCHED,T1,none,5,7,5,7
R00791,3,UNTOUCHED,T1,none,14,18,15,19
R00792,0,CLONE_INTERVAL,T2,t2_change_int_literal,8,13,8,13
R00792,1,MUTATION,T2,t2_change_int_literal,9,9,9,9
R00792,2,UNTOUCHED,T1,none,5,7,5,7
R00792,3,UNTOUCHED,T1,none,14,25,14,25
R00793,0,CLONE_INTERVAL,T2,t2_rename_local_x2,11,23,11,23
R00793,1,MUTATION,T2,t2_rename_local_x2,12,21,12,21
R00793,2,UNTOUCHED,T1,none,6,10,6,10
R00793,3,UNTOUCHED,T1,none,24,32,24,32
R00794,0,CLONE_INTERVAL,T2,t2_rename_local_x3,7,12,7,12
R00794,1,MUTATION,T2,t2_rename_local_x3,8,11,8,11
R00794,2,UNTOUCHED,T1,none,4,6,4,6
R00794,3,UNTOUCHED,T1,none,13,16,13,16
R00795,0,CLONE_INTERVAL,T1,t1_add_eol_comment,8,19,8,19
R00795,1,MUTATION,T1,t1_add_eol_comment,13,13,13,13
R00795,2,UNTOUCHED,T1,none,5,7,5,7
R00795,3,UNTOUCHED,T1,none,20,41,20,41
R00796,0,CLONE_INTERVAL,T3,t3_insert_statement,9,14,9,15
R00796,1,MUTATION,T3,t3_insert_statement,,,11,11
R00796,2,UNTOUCHED,T1,none,6,8,6,8
R00796,3,UNTOUCHED,T1,none,15,28,16,29
R00797,0,CLONE_INTERVAL,T2,t2_change_string_literal,7,12,7,12
R00797,1,MUTATION,T2,t2_change_string_literal,7,7,7,7
R00797,2,UNTOUCHED,T1,none,4,6,4,6
R00797,3,UNTOUCHED,T1,none,13,16,13,16
R00798,0,CLONE_INTERVAL,T1,t1_add_blank_line,6,12,6,13
R00798,1,MUTATION,T1,t1_add_blank_line,,,11,11
R00798,2,UNTOUCHED,T1,none,3,5,3,5
R00798,3,UNTOUCHED,T1,none,13,28,14,29
R00799,0,CLONE_INTERVAL,T2,t2_rename_local_x1,14,21,14,21
R00799,1,MUTATION,T2,t2_rename_local_x1,16,17,16,17
R00799,2,UNTOUCHED,T1,none,10,13,10,13
R00799,3,UNTOUCHED,T1,none,22,24,22,24
R00800,0,CLONE_INTERVAL,T1,t1_reindent,7,12,7,12
R00800,1,MUTATION,T1,t1_reindent,7,12,7,12
R00800,2,UNTOUCHED,T1,none,3,6,3,6
R00800,3,UNTOUCHED,T1,none,13,17,13,17
R00801,0,CLONE_INTERVAL,T2,t2_rename_local_x5,13,20,13,20
R00801,1,MUTATION,T2,t2_rename_local_x5,13,19,13,19
R00801,2,UNTOUCHED,T1,none,3,12,3,12
R00801,3,UNTOUCHED,T1,none,21,32,21,32
R00802,0,CLONE_INTERVAL,T1,t1_add_eol_comment,6,12,6,12
R00802,1,MUTATION,T1,t1_add_eol_comment,7,7,7,7
R00802,2,UNTOUCHED,T1,none,3,5,3,5
R00802,3,UNTOUCHED,T1,none,13,20,13,20
R00803,0,CLONE_INTERVAL,T1,t1_add_eol_comment,6,11,6,11
R00803,1,MUTATION,T1,t1_add_eol_comment,10,10,10,10
R00803,2,UNTOUCHED,T1,none,3,5,3,5
R00803,3,UNTOUCHED,T1,none,12,24,12,24
R00804,0,CLONE_INTERVAL,T3,t3_insert_statement,6,11,6,11
R00804,1,UNTOUCHED,T1,none,3,5,3,5
R00804,2,UNTOUCHED,T1,none,12,12,12,12
R00804,3,UNTOUCHED,T1,none,13,16,14,17
R00805,0,CLONE_INTERVAL,T1,t1_add_eol_comment,6,18,6,18
R00805,1,MUTATION,T1,t1_add_eol_comment,13,13,13,13
R00805,2,UNTOUCHED,T1,none,3,5,3,5
R00805,3,UNTOUCHED,T1,none,19,24,19,24
R00806,0,CLONE_INTERVAL,T1,t1_add_eol_comment,9,14,9,14
R00806,1,MUTATION,T1,t1_add_eol_comment,10,10,10,10
R00806,2,UNTOUCHED,T1,none,3,8,3,8
R00806,3,UNTOUCHED,T1,none,15,26,15,26
R00807,0,CLONE_INTERVAL,T1,t1_add_blank_line,24,30,24,31
R00807,1,MUTATION,T1,t1_add_blank_line,,,26,26
R00807,2,UNTOUCHED,T1,none,21,23,21,23
R00807,3,UNTOUCHED,T1,none,31,37,32,38
R00808,0,CLONE_INTERVAL,T3,t3_insert_statement,8,13,8,13
R00808,1,MUTATION,T3,t3_insert_statement,,,14,14
R00808,2,UNTOUCHED,T1,none,5,7,5,7
R00808,3,UNTOUCHED,T1,none,14,27,15,28
R00809,0,CLONE_INTERVAL,T3,t3_delete_statement,14,19,13,17
R00809,1,MUTATION,T3,t3_delete_statement,18,18,,
R00809,2,UNTOUCHED,T1,none,4,13,3,12
R00809,3,UNTOUCHED,T1,none,20,22,18,20
R00810,0,CLONE_INTERVAL,T1,t1_add_blank_line,12,23,12,24
R00810,1,MUTATION,T1,t1_add_blank_line,,,14,14
R00810,2,UNTOUCHED,T1,none,5,11,5,11
R00810,3,UNTOUCHED,T1,none,24,26,25,27
R00811,0,CLONE_INTERVAL,T1,t1_reindent,6,12,6,12
R00811,1,MUTATION,T1,t1_reindent,6,12,6,12
R00811,2,UNTOUCHED,T1,none,3,5,3,5
R00811,3,UNTOUCHED,T1,none,13,20,13,20
R00812,0,CLONE_INTERVAL,T2,t2_rename_local_x1,6,11,6,11
R00812,1,MUTATION,T2,t2_rename_local_x1,7,11,7,11
R00812,2,UNTOUCHED,T1,none,3,5,3,5
R00812,3,UNTOUCHED,T1,none,12,14,12,14
R00813,0,CLONE_INTERVAL,T2,t2_change_string_literal,6,15,6,15
R00813,1,MUTATION,T2,t2_change_string_literal,6,6,6,6
R00813,2,UNTOUCHED,T1,none,3,5,3,5
R00813,3,UNTOUCHED,T1,none,16,23,16,23
R00814,0,CLONE_INTERVAL,T1,t1_add_eol_comment,13,22,13,22
R00814,1,MUTATION,T1,t1_add_eol_comment,18,18,18,18
R00814,2,UNTOUCHED,T1,none,5,12,5,12
R00814,3,UNTOUCHED,T1,none,23,35,23,35
R00815,0,CLONE_INTERVAL,T2,t2_change_int_literal,6,11,6,11
R00815,1,MUTATION,T2,t2_change_int_literal,6,6,6,6
R00815,2,UNTOUCHED,T1,none,3,5,3,5
R00815,3,UNTOUCHED,T1,none,12,16,12,16
R00816,0,CLONE_INTERVAL,T2,t2_change_string_literal,7,12,7,12
R00816,1,MUTATION,T2,t2_change_string_literal,11,11,11,11
R00816,2,UNTOUCHED,T1,none,4,6,4,6
R00816,3,UNTOUCHED,T1,none,13,32,13,32
R00817,0,CLONE_INTERVAL,T2,t2_rename_local_x3,12,17,12,17
R00817,1,MUTATION,T2,t2_rename_local_x3,12,14,12,14
R00817,2,UNTOUCHED,T1,none,6,11,6,11
R00817,3,UNTOUCHED,T1,none,18,20,18,20
R00818,0,CLONE_INTERVAL,T3,t3_wrap_statement,23,29,23,31
R00818,1,MUTATION,T3,t3_wrap_statement,23,28,23,30
R00818,2,UNTOUCHED,T1,none,20,22,20,22
R00818,3,UNTOUCHED,T1,none,30,36,32,38
R00819,0,CLONE_INTERVAL,T3,t3_wrap_statement,12,17,12,19
R00819,1,MUTATION,T3,t3_wrap_statement,12,14,12,16
R00819,2,UNTOUCHED,T1,none,3,11,3,11
R00819,3,UNTOUCHED,T1,none,18,24,20,26
R00820,0,CLONE_INTERVAL,T3,t3_insert_statement,11,16,11,17
R00820,1,MUTATION,T3,t3_insert_statement,,,13,13
R00820,2,UNTOUCHED,T1,none,6,10,6,10
R00820,3,UNTOUCHED,T1,none,17,64,18,65
R00821,0,CLONE_INTERVAL,T1,t1_add_block_comment,6,11,6,12
R00821,1,MUTATION,T1,t1_add_block_comment,,,11,11
R00821,2,UNTOUCHED,T1,none,3,5,3,5
R00821,3,UNTOUCHED,T1,none,12,16,13,17
R00822,0,CLONE_INTERVAL,T3,t3_delete_statement,7,12,7,11
R00822,1,MUTATION,T3,t3_delete_statement,7,7,,
R00822,2,UNTOUCHED,T1,none,3,6,3,6
R00822,3,UNTOUCHED,T1,none,13,28,12,27
R00823,0,CLONE_INTERVAL,T3,t3_wrap_statement,11,19,11,21
R00823,1,MUTATION,T3,t3_wrap_statement,11,13,11,15
R00823,2,UNTOUCHED,T1,none,8,10,8,10
R00823,3,UNTOUCHED,T1,none,20,22,22,24
R00824,0,CLONE_INTERVAL,T1,t1_add_block_comment,208,213,208,214
R00824,1,MUTATION,T1,t1_add_block_comment,,,212,212
R00824,2,UNTOUCHED,T1,none,201,207,201,207
R00824,3,UNTOUCHED,T1,none,214,218,215,219
R00825,0,CLONE_INTERVAL,T2,t2_change_int_literal,7,12,7,12
R00825,1,MUTATION,T2,t2_change_int_literal,8,8,8,8
R00825,2,UNTOUCHED,T1,none,3,6,3,6
R00825,3,UNTOUCHED,T1,none,13,19,13,19
R00826,0,CLONE_INTERVAL,T3,t3_insert_statement,17,22,17,22
R00826,1,MUTATION,T3,t3_insert_statement,,,23,23
R00826,2,UNTOUCHED,T1,none,3,16,3,16
R00826,3,UNTOUCHED,T1,none,23,44,24,45
R00827,0,CLONE_INTERVAL,T3,t3_insert_statement,91,97,91,97
R00827,1,MUTATION,T3,t3_insert_statement,,,98,98
R00827,2,UNTOUCHED,T1,none,87,90,87,90
R00827,3,UNTOUCHED,T1,none,98,112,99,113
R00828,0,CLONE_INTERVAL,T1,t1_add_eol_comment,6,11,6,11
R00828,1,MUTATION,T1,t1_add_eol_comment,6,6,6,6
R00828,2,UNTOUCHED,T1,none,3,5,3,5
R00828,3,UNTOUCHED,T1,none,12,15,12,15
R00829,0,CLONE_INTERVAL,T1,t1_add_block_comment,9,18,9,19
R00829,1,MUTATION,T1,t1_add_block_comment,,,17,17
R00829,2,UNTOUCHED,T1,none,3,8,3,8
R00829,3,UNTOUCHED,T1,none,19,25,20,26
R00830,0,CLONE_INTERVAL,T1,t1_add_block_comment,6,11,6,12
R00830,1,MUTATION,T1,t1_add_block_comment,,,7,7
R00830,2,UNTOUCHED,T1,none,3,5,3,5
R00830,3,UNTOUCHED,T1,none,12,16,13,17
R00831,0,CLONE_INTERVAL,T1,t1_add_blank_line,10,15,10,16
R00831,1,MUTATION,T1,t1_add_blank_line,,,14,14
R00831,2,UNTOUCHED,T1,none,5,9,5,9
R00831,3,UNTOUCHED,T1,none,16,22,17,23
R00832,0,CLONE_INTERVAL,T2,t2_change_string_literal,8,14,8,14
R00832,1,MUTATION,T2,t2_change_string_literal,11,11,11,11
R00832,2,UNTOUCHED,T1,none,5,7,5,7
R00832,3,UNTOUCHED,T1,none,15,42,15,42
R00833,0,CLONE_INTERVAL,T1,t1_add_eol_comment,13,18,13,18
R00833,1,MUTATION,T1,t1_add_eol_comment,15,15,15,15
R00833,2,UNTOUCHED,T1,none,6,12,6,12
R00833,3,UNTOUCHED,T1,none,19,26,19,26
R00834,0,CLONE_INTERVAL,T1,t1_add_blank_line,9,14,9,15
R00834,1,MUTATION,T1,t1_add_blank_line,,,11,11
R00834,2,UNTOUCHED,T1,none,5,8,5,8
R00834,3,UNTOUCHED,T1,none,15,25,16,26
R00835,0,CLONE_INTERVAL,T1,t1_add_blank_line,8,15,8,16
R00835,1,MUTATION,T1,t1_add_blank_line,,,12,12
R00835,2,UNTOUCHED,T1,none,3,7,3,7
R00835,3,UNTOUCHED,T1,none,16,21,17,22
R00836,0,CLONE_INTERVAL,T1,t1_add_blank_line,14,22,14,23
R00836,1,MUTATION,T1,t1_add_blank_line,,,20,20
R00836,2,UNTOUCHED,T1,none,3,13,3,13
R00836,3,UNTOUCHED,T1,none,23,25,24,26
R00837,0,CLONE_INTERVAL,T2,t2_change_string_literal,6,17,6,17
R00837,1,MUTATION,T2,t2_change_string_literal,12,12,12,12
R00837,2,UNTOUCHED,T1,none,3,5,3,5
R00837,3,UNTOUCHED,T1,none,18,20,18,20
R00838,0,CLONE_INTERVAL,T2,t2_change_int_literal,8,18,8,18
R00838,1,MUTATION,T2,t2_change_int_literal,8,8,8,8
R00838,2,UNTOUCHED,T1,none,3,7,3,7
R00838,3,UNTOUCHED,T1,none,19,27,19,27
R00839,0,CLONE_INTERVAL,T2,t2_change_int_literal,21,26,21,26
R00839,1,MUTATION,T2,t2_change_int_literal,21,21,21,21
R00839,2,UNTOUCHED,T1,none,8,20,8,20
R00839,3,UNTOUCHED,T1,none,27,34,27,34
R00840,0,CLONE_INTERVAL,T1,t1_add_block_comment,7,12,7,13
R00840,1,MUTATION,T1,t1_add_block_comment,,,12,12
R00840,2,UNTOUCHED,T1,none,4,6,4,6
R00840,3,UNTOUCHED,T1,none,13,22,14,23
R00841,0,CLONE_INTERVAL,T1,t1_add_eol_comment,7,12,7,12
R00841,1,MUTATION,T1,t1_add_eol_comment,10,10,10,10
R00841,2,UNTOUCHED,T1,none,3,6,3,6
R00841,3,UNTOUCHED,T1,none,13,21,13,21
R00842,0,CLONE_INTERVAL,T2,t2_change_int_literal,13,18,13,18
R00842,1,MUTATION,T2,t2_change_int_literal,13,13,13,13
R00842,2,UNTOUCHED,T1,none,5,12,5,12
R00842,3,UNTOUCHED,T1,none,19,28,19,28
R00843,0,CLONE_INTERVAL,T2,t2_change_int_literal,8,14,8,14
R00843,1,MUTATION,T2,t2_change_int_literal,11,11,11,11
R00843,2,UNTOUCHED,T1,none,3,7,3,7
R00843,3,UNTOUCHED,T1,none,15,17,15,17
R00844,0,CLONE_INTERVAL,T2,t2_change_string_literal,7,15,7,15
R00844,1,MUTATION,T2,t2_change_string_literal,9,9,9,9
R00844,2,UNTOUCHED,T1,none,3,6,3,6
R00844,3,UNTOUCHED,T1,none,16,28,16,28
R00845,0,CLONE_INTERVAL,T3,t3_insert_statement,6,16,6,17
R00845,1,MUTATION,T3,t3_insert_statement,,,7,7
R00845,2,UNTOUCHED,T1,none,3,5,3,5
R00845,3,UNTOUCHED,T1,none,17,20,18,21
R00846,0,CLONE_INTERVAL,T1,t1_add_block_comment,6,13,6,14
R00846,1,MUTATION,T1,t1_add_block_comment,,,12,12
R00846,2,UNTOUCHED,T1,none,3,5,3,5
R00846,3,UNTOUCHED,T1,none,14,20,15,21
R00847,0,CLONE_INTERVAL,T2,t2_change_int_literal,18,25,18,25
R00847,1,MUTATION,T2,t2_change_int_literal,18,18,18,18
R00847,2,UNTOUCHED,T1,none,15,17,15,17
R00847,3,UNTOUCHED,T1,none,26,31,26,31
R00848,0,CLONE_INTERVAL,T2,t2_change_int_literal,6,17,6,17
R00848,1,MUTATION,T2,t2_change_int_literal,9,9,9,9
R00848,2,UNTOUCHED,T1,none,3,5,3,5
R00848,3,UNTOUCHED,T1,none,18,20,18,20
R00849,0,CLONE_INTERVAL,T1,t1_add_eol_comment,13,21,13,21
R00849,1,MUTATION,T1,t1_add_eol_comment,20,20,20,20
R00849,2,UNTOUCHED,T1,none,3,12,3,12
R00849,3,UNTOUCHED,T1,none,22,24,22,24
R00850,0,CLONE_INTERVAL,T3,t3_wrap_statement,14,19,14,21
R00850,1,MUTATION,T3,t3_wrap_statement,14,17,14,19
R00850,2,UNTOUCHED,T1,none,3,13,3,13
R00850,3,UNTOUCHED,T1,none,20,22,22,24
R00851,0,CLONE_INTERVAL,T3,t3_wrap_statement,7,12,7,14
R00851,1,MUTATION,T3,t3_wrap_statement,11,11,11,13
R00851,2,UNTOUCHED,T1,none,3,6,3,6
R00851,3,UNTOUCHED,T1,none,13,35,15,37
R00852,0,CLONE_INTERVAL,T1,t1_reindent,121,126,121,126
R00852,1,MUTATION,T1,t1_reindent,121,126,121,126
R00852,2,UNTOUCHED,T1,none,114,120,114,120
R00852,3,UNTOUCHED,T1,none,127,129,127,129
R00853,0,CLONE_INTERVAL,T1,t1_add_block_comment,7,14,7,15
R00853,1,MUTATION,T1,t1_add_block_comment,,,12,12
R00853,2,UNTOUCHED,T1,none,3,6,3,6
R00853,3,UNTOUCHED,T1,none,15,17,16,18
R00854,0,CLONE_INTERVAL,T3,t3_insert_statement,6,11,6,12
R00854,1,MUTATION,T3,t3_insert_statement,,,10,10
R00854,2,UNTOUCHED,T1,none,3,5,3,5
R00854,3,UNTOUCHED,T1,none,12,40,13,41
R00855,0,CLONE_INTERVAL,T3,t3_insert_statement,13,18,13,19
R00855,1,MUTATION,T3,t3_insert_statement,,,18,18
R00855,2,UNTOUCHED,T1,none,10,12,10,12
R00855,3,UNTOUCHED,T1,none,19,26,20,27
R00856,0,CLONE_INTERVAL,T1,t1_reindent,9,14,9,14
R00856,1,MUTATION,T1,t1_reindent,9,14,9,14
R00856,2,UNTOUCHED,T1,none,3,8,3,8
R00856,3,UNTOUCHED,T1,none,15,25,15,25
R00857,0,CLONE_INTERVAL,T1,t1_add_block_comment,7,14,7,15
R00857,1,MUTATION,T1,t1_add_block_comment,,,12,12
R00857,2,UNTOUCHED,T1,none,3,6,3,6
R00857,3,UNTOUCHED,T1,none,15,31,16,32
R00858,0,CLONE_INTERVAL,T1,t1_reindent,6,20,6,20
R00858,1,MUTATION,T1,t1_reindent,6,20,6,20
R00858,2,UNTOUCHED,T1,none,3,5,3,5
R00858,3,UNTOUCHED,T1,none,21,25,21,25
R00859,0,CLONE_INTERVAL,T2,t2_rename_local_x2,30,48,30,48
R00859,1,MUTATION,T2,t2_rename_local_x2,30,44,30,44
R00859,2,UNTOUCHED,T1,none,26,29,26,29
R00859,3,UNTOUCHED,T1,none,49,51,49,51
R00860,0,CLONE_INTERVAL,T2,t2_change_string_literal,6,12,6,12
R00860,1,MUTATION,T2,t2_change_string_literal,10,10,10,10
R00860,2,UNTOUCHED,T1,none,3,5,3,5
R00860,3,UNTOUCHED,T1,none,13,15,13,15
R00861,0,CLONE_INTERVAL,T3,t3_wrap_statement,9,15,9,17
R00861,1,MUTATION,T3,t3_wrap_statement,13,14,13,16
R00861,2,UNTOUCHED,T1,none,4,8,4,8
R00861,3,UNTOUCHED,T1,none,16,26,18,28
R00862,0,CLONE_INTERVAL,T3,t3_insert_statement,8,13,8,14
R00862,1,MUTATION,T3,t3_insert_statement,,,9,9
R00862,2,UNTOUCHED,T1,none,4,7,4,7
R00862,3,UNTOUCHED,T1,none,14,24,15,25
R00863,0,CLONE_INTERVAL,T2,t2_change_int_literal,6,12,6,12
R00863,1,MUTATION,T2,t2_change_int_literal,8,8,8,8
R00863,2,UNTOUCHED,T1,none,3,5,3,5
R00863,3,UNTOUCHED,T1,none,13,15,13,15
R00864,0,CLONE_INTERVAL,T3,t3_wrap_statement,6,12,6,15
R00864,1,MUTATION,T3,t3_wrap_statement,11,12,11,15
R00864,2,UNTOUCHED,T1,none,3,5,3,5
R00864,3,UNTOUCHED,T1,none,14,15,16,17
R00865,0,CLONE_INTERVAL,T2,t2_change_string_literal,11,31,11,31
R00865,1,MUTATION,T2,t2_change_string_literal,16,16,16,16
R00865,2,UNTOUCHED,T1,none,5,10,5,10
R00865,3,UNTOUCHED,T1,none,32,34,32,34
R00866,0,CLONE_INTERVAL,T1,t1_add_eol_comment,7,15,7,15
R00866,1,MUTATION,T1,t1_add_eol_comment,9,9,9,9
R00866,2,UNTOUCHED,T1,none,3,6,3,6
R00866,3,UNTOUCHED,T1,none,16,18,16,18
R00867,0,CLONE_INTERVAL,T3,t3_wrap_statement,6,11,6,13
R00867,1,MUTATION,T3,t3_wrap_statement,10,10,10,12
R00867,2,UNTOUCHED,T1,none,3,5,3,5
R00867,3,UNTOUCHED,T1,none,12,18,14,20
R00868,0,CLONE_INTERVAL,T3,t3_insert_statement,152,158,152,159
R00868,1,MUTATION,T3,t3_insert_statement,,,156,156
R00868,2,UNTOUCHED,T1,none,145,151,145,151
R00868,3,UNTOUCHED,T1,none,159,170,160,171
R00869,0,CLONE_INTERVAL,T1,t1_reindent,9,14,9,14
R00869,1,MUTATION,T1,t1_reindent,9,14,9,14
R00869,2,UNTOUCHED,T1,none,6,8,6,8
R00869,3,UNTOUCHED,T1,none,15,33,15,33
R00870,0,CLONE_INTERVAL,T3,t3_delete_statement,6,11,6,10
R00870,1,MUTATION,T3,t3_delete_statement,6,6,,
R00870,2,UNTOUCHED,T1,none,3,5,3,5
R00870,3,UNTOUCHED,T1,none,12,18,11,17
R00871,0,CLONE_INTERVAL,T1,t1_add_eol_comment,122,127,122,127
R00871,1,MUTATION,T1,t1_add_eol_comment,123,123,123,123
R00871,2,UNTOUCHED,T1,none,117,121,117,121
R00871,3,UNTOUCHED,T1,none,128,134,128,134
R00872,0,CLONE_INTERVAL,T2,t2_rename_local_x5,7,22,7,22
R00872,1,MUTATION,T2,t2_rename_local_x5,7,21,7,21
R00872,2,UNTOUCHED,T1,none,3,6,3,6
R00872,3,UNTOUCHED,T1,none,23,25,23,25
R00873,0,CLONE_INTERVAL,T2,t2_change_int_literal,6,11,6,11
R00873,1,MUTATION,T2,t2_change_int_literal,7,7,7,7
R00873,2,UNTOUCHED,T1,none,3,5,3,5
R00873,3,UNTOUCHED,T1,none,12,14,12,14
R00874,0,CLONE_INTERVAL,T2,t2_rename_local_x1,6,11,6,11
R00874,1,MUTATION,T2,t2_rename_local_x1,6,10,6,10
R00874,2,UNTOUCHED,T1,none,3,5,3,5
R00874,3,UNTOUCHED,T1,none,12,21,12,21
R00875,0,CLONE_INTERVAL,T3,t3_wrap_statement,90,95,90,97
R00875,1,MUTATION,T3,t3_wrap_statement,91,93,91,95
R00875,2,UNTOUCHED,T1,none,85,89,85,89
R00875,3,UNTOUCHED,T1,none,96,102,98,104
R00876,0,CLONE_INTERVAL,T2,t2_change_string_literal,6,12,6,12
R00876,1,MUTATION,T2,t2_change_string_literal,9,9,9,9
R00876,2,UNTOUCHED,T1,none,3,5,3,5
R00876,3,UNTOUCHED,T1,none,13,15,13,15
R00877,0,CLONE_INTERVAL,T2,t2_rename_local_x1,7,12,7,12
R00877,1,MUTATION,T2,t2_rename_local_x1,7,10,7,10
R00877,2,UNTOUCHED,T1,none,4,6,4,6
R00877,3,UNTOUCHED,T1,none,13,22,13,22
R00878,0,CLONE_INTERVAL,T3,t3_delete_statement,6,11,6,10
R00878,1,MUTATION,T3,t3_delete_statement,10,10,,
R00878,2,UNTOUCHED,T1,none,3,5,3,5
R00878,3,UNTOUCHED,T1,none,12,18,11,17
R00879,0,CLONE_INTERVAL,T1,t1_add_block_comment,28,33,28,34
R00879,1,MUTATION,T1,t1_add_block_comment,,,29,29
R00879,2,UNTOUCHED,T1,none,23,27,23,27
R00879,3,UNTOUCHED,T1,none,34,40,35,41
R00880,0,CLONE_INTERVAL,T2,t2_change_string_literal,7,18,7,18
R00880,1,MUTATION,T2,t2_change_string_literal,14,14,14,14
R00880,2,UNTOUCHED,T1,none,3,6,3,6
R00880,3,UNTOUCHED,T1,none,19,22,19,22
R00881,0,CLONE_INTERVAL,T3,t3_delete_statement,11,24,11,23
R00881,1,MUTATION,T3,t3_delete_statement,11,11,,
R00881,2,UNTOUCHED,T1,none,3,10,3,10
R00881,3,UNTOUCHED,T1,none,25,27,24,26
R00882,0,CLONE_INTERVAL,T1,t1_add_blank_line,6,11,6,12
R00882,1,MUTATION,T1,t1_add_blank_line,,,8,8
R00882,2,UNTOUCHED,T1,none,3,5,3,5
R00882,3,UNTOUCHED,T1,none,12,18,13,19
R00883,0,CLONE_INTERVAL,T1,t1_reindent,8,24,8,24
R00883,1,MUTATION,T1,t1_reindent,8,24,8,24
R00883,2,UNTOUCHED,T1,none,3,7,3,7
R00883,3,UNTOUCHED,T1,none,25,28,25,28
R00884,0,CLONE_INTERVAL,T1,t1_add_block_comment,9,18,9,19
R00884,1,MUTATION,T1,t1_add_block_comment,,,10,10
R00884,2,UNTOUCHED,T1,none,3,8,3,8
R00884,3,UNTOUCHED,T1,none,19,27,20,28
R00885,0,CLONE_INTERVAL,T1,t1_add_block_comment,98,104,98,105
R00885,1,MUTATION,T1,t1_add_block_comment,,,101,101
R00885,2,UNTOUCHED,T1,none,91,97,91,97
R00885,3,UNTOUCHED,T1,none,105,116,106,117
R00886,0,CLONE_INTERVAL,T3,t3_delete_statement,6,12,6,11
R00886,1,MUTATION,T3,t3_delete_statement,6,6,,
R00886,2,UNTOUCHED,T1,none,3,5,3,5
R00886,3,UNTOUCHED,T1,none,13,20,12,19
R00887,0,CLONE_INTERVAL,T3,t3_delete_statement,7,13,7,12
R00887,1,MUTATION,T3,t3_delete_statement,8,8,,
R00887,2,UNTOUCHED,T1,none,3,6,3,6
R00887,3,UNTOUCHED,T1,none,14,34,13,33
R00888,0,CLONE_INTERVAL,T1,t1_add_block_comment,9,17,9,18
R00888,1,MUTATION,T1,t1_add_block_comment,,,13,13
R00888,2,UNTOUCHED,T1,none,3,8,3,8
R00888,3,UNTOUCHED,T1,none,18,26,19,27
R00889,0,CLONE_INTERVAL,T3,t3_wrap_statement,18,39,18,41
R00889,1,MUTATION,T3,t3_wrap_statement,18,37,18,39
R00889,2,UNTOUCHED,T1,none,14,17,14,17
R00889,3,UNTOUCHED,T1,none,40,52,42,54
R00890,0,CLONE_INTERVAL,T3,t3_wrap_statement,6,18,6,20
R00890,1,MUTATION,T3,t3_wrap_statement,11,16,11,18
R00890,2,UNTOUCHED,T1,none,3,5,3,5
R00890,3,UNTOUCHED,T1,none,19,24,21,26
R00891,0,CLONE_INTERVAL,T3,t3_insert_statement,7,12,7,13
R00891,1,MUTATION,T3,t3_insert_statement,,,9,9
R00891,2,UNTOUCHED,T1,none,3,6,3,6
R00891,3,UNTOUCHED,T1,none,13,16,14,17
R00892,0,CLONE_INTERVAL,T3,t3_insert_statement,9,15,9,16
R00892,1,MUTATION,T3,t3_insert_statement,,,13,13
R00892,2,UNTOUCHED,T1,none,3,8,3,8
R00892,3,UNTOUCHED,T1,none,16,30,17,31
R00893,0,CLONE_INTERVAL,T1,t1_add_eol_comment,30,35,30,35
R00893,1,MUTATION,T1,t1_add_eol_comment,32,32,32,32
R00893,2,UNTOUCHED,T1,none,9,29,9,29
R00893,3,UNTOUCHED,T1,none,36,47,36,47
R00894,0,CLONE_INTERVAL,T2,t2_rename_local_x3,86,91,86,91
R00894,1,MUTATION,T2,t2_rename_local_x3,86,90,86,90
R00894,2,UNTOUCHED,T1,none,83,85,83,85
R00894,3,UNTOUCHED,T1,none,92,100,92,100
R00895,0,CLONE_INTERVAL,T2,t2_change_string_literal,13,29,13,29
R00895,1,MUTATION,T2,t2_change_string_literal,16,16,16,16
R00895,2,UNTOUCHED,T1,none,4,12,4,12
R00895,3,UNTOUCHED,T1,none,30,42,30,42
R00896,0,CLONE_INTERVAL,T2,t2_change_string_literal,10,15,10,15
R00896,1,MUTATION,T2,t2_change_string_literal,13,13,13,13
R00896,2,UNTOUCHED,T1,none,5,9,5,9
R00896,3,UNTOUCHED,T1,none,16,38,16,38
R00897,0,CLONE_INTERVAL,T1,t1_add_blank_line,95,100,95,101
R00897,1,MUTATION,T1,t1_add_blank_line,,,98,98
R00897,2,UNTOUCHED,T1,none,90,94,90,94
R00897,3,UNTOUCHED,T1,none,101,110,102,111
R00898,0,CLONE_INTERVAL,T2,t2_change_int_literal,7,13,7,13
R00898,1,MUTATION,T2,t2_change_int_literal,7,7,7,7
R00898,2,UNTOUCHED,T1,none,3,6,3,6
R00898,3,UNTOUCHED,T1,none,14,35,14,35
R00899,0,CLONE_INTERVAL,T1,t1_add_eol_comment,8,13,8,13
R00899,1,MUTATION,T1,t1_add_eol_comment,13,13,13,13
R00899,2,UNTOUCHED,T1,none,3,7,3,7
R00899,3,UNTOUCHED,T1,none,14,25,14,25
R00900,0,CLONE_INTERVAL,T1,t1_reindent,8,13,8,13
R00900,1,MUTATION,T1,t1_reindent,8,13,8,13
R00900,2,UNTOUCHED,T1,none,3,7,3,7
R00900,3,UNTOUCHED,T1,none,14,25,14,25
R00901,0,CLONE_INTERVAL,T1,t1_add_block_comment,85,93,85,94
R00901,1,MUTATION,T1,t1_add_block_comment,,,90,90
R00901,2,UNTOUCHED,T1,none,81,84,81,84
R00901,3,UNTOUCHED,T1,none,94,97,95,98
R00902,0,CLONE_INTERVAL,T1,t1_add_block_comment,6,11,6,12
R00902,1,MUTATION,T1,t1_add_block_comment,,,9,9
R00902,2,UNTOUCHED,T1,none,3,5,3,5
R00902,3,UNTOUCHED,T1,none,12,18,13,19
R00903,0,CLONE_INTERVAL,T1,t1_add_eol_comment,8,13,8,13
R00903,1,MUTATION,T1,t1_add_eol_comment,11,11,11,11
R00903,2,UNTOUCHED,T1,none,3,7,3,7
R00903,3,UNTOUCHED,T1,none,14,33,14,33
R00904,0,CLONE_INTERVAL,T2,t2_change_string_literal,11,39,11,39
R00904,1,MUTATION,T2,t2_change_string_literal,15,15,15,15
R00904,2,UNTOUCHED,T1,none,4,10,4,10
R00904,3,UNTOUCHED,T1,none,40,44,40,44
R00905,0,CLONE_INTERVAL,T1,t1_add_eol_comment,7,12,7,12
R00905,1,MUTATION,T1,t1_add_eol_comment,7,7,7,7
R00905,2,UNTOUCHED,T1,none,4,6,4,6
R00905,3,UNTOUCHED,T1,none,13,19,13,19
R00906,0,CLONE_INTERVAL,T3,t3_insert_statement,9,16,9,17
R00906,1,MUTATION,T3,t3_insert_statement,,,10,10
R00906,2,UNTOUCHED,T1,none,6,8,6,8
R00906,3,UNTOUCHED,T1,none,17,27,18,28
R00907,0,CLONE_INTERVAL,T3,t3_wrap_statement,12,17,12,19
R00907,1,MUTATION,T3,t3_wrap_statement,14,16,14,18
R00907,2,UNTOUCHED,T1,none,8,11,8,11
R00907,3,UNTOUCHED,T1,none,18,24,20,26
R00908,0,CLONE_INTERVAL,T2,t2_change_int_literal,9,14,9,14
R00908,1,MUTATION,T2,t2_change_int_literal,9,9,9,9
R00908,2,UNTOUCHED,T1,none,3,8,3,8
R00908,3,UNTOUCHED,T1,none,15,19,15,19
R00909,0,CLONE_INTERVAL,T1,t1_add_eol_comment,7,12,7,12
R00909,1,MUTATION,T1,t1_add_eol_comment,9,9,9,9
R00909,2,UNTOUCHED,T1,none,3,6,3,6
R00909,3,UNTOUCHED,T1,none,13,28,13,28
R00910,0,CLONE_INTERVAL,T1,t1_add_blank_line,6,11,6,12
R00910,1,MUTATION,T1,t1_add_blank_line,,,8,8
R00910,2,UNTOUCHED,T1,none,3,5,3,5
R00910,3,UNTOUCHED,T1,none,12,22,13,23
R00911,0,CLONE_INTERVAL,T3,t3_delete_statement,7,12,7,11
R00911,1,MUTATION,T3,t3_delete_statement,10,10,,
R00911,2,UNTOUCHED,T1,none,3,6,3,6
R00911,3,UNTOUCHED,T1,none,13,32,12,31
R00912,0,CLONE_INTERVAL,T3,t3_delete_statement,7,16,7,9
R00912,1,MUTATION,T3,t3_delete_statement,10,16,,
R00912,2,UNTOUCHED,T1,none,3,6,3,6
R00912,3,UNTOUCHED,T1,none,17,19,10,12
R00913,0,CLONE_INTERVAL,T1,t1_add_blank_line,6,11,6,12
R00913,1,MUTATION,T1,t1_add_blank_line,,,7,7
R00913,2,UNTOUCHED,T1,none,3,5,3,5
R00913,3,UNTOUCHED,T1,none,12,18,13,19
R00914,0,CLONE_INTERVAL,T3,t3_delete_statement,9,14,9,13
R00914,1,MUTATION,T3,t3_delete_statement,9,9,,
R00914,2,UNTOUCHED,T1,none,6,8,6,8
R00914,3,UNTOUCHED,T1,none,15,17,14,16
R00915,0,CLONE_INTERVAL,T3,t3_wrap_statement,7,16,7,18
R00915,1,MUTATION,T3,t3_wrap_statement,11,15,11,17
R00915,2,UNTOUCHED,T1,none,3,6,3,6
R00915,3,UNTOUCHED,T1,none,17,29,19,31
R00916,0,CLONE_INTERVAL,T3,t3_wrap_statement,72,79,72,81
R00916,1,MUTATION,T3,t3_wrap_statement,72,74,72,76
R00916,2,UNTOUCHED,T1,none,69,71,69,71
R00916,3,UNTOUCHED,T1,none,80,86,82,88
R00917,0,CLONE_INTERVAL,T2,t2_change_int_literal,17,22,17,22
R00917,1,MUTATION,T2,t2_change_int_literal,19,19,19,19
R00917,2,UNTOUCHED,T1,none,14,16,14,16
R00917,3,UNTOUCHED,T1,none,23,34,23,34
R00918,0,CLONE_INTERVAL,T1,t1_reindent,6,12,6,12
R00918,1,MUTATION,T1,t1_reindent,6,12,6,12
R00918,2,UNTOUCHED,T1,none,3,5,3,5
R00918,3,UNTOUCHED,T1,none,13,25,13,25
R00919,0,CLONE_INTERVAL,T3,t3_wrap_statement,6,19,6,21
R00919,1,MUTATION,T3,t3_wrap_statement,10,17,10,19
R00919,2,UNTOUCHED,T1,none,3,5,3,5
R00919,3,UNTOUCHED,T1,none,20,27,22,29
R00920,0,CLONE_INTERVAL,T2,t2_change_int_literal,7,15,7,15
R00920,1,MUTATION,T2,t2_change_int_literal,7,7,7,7
R00920,2,UNTOUCHED,T1,none,3,6,3,6
R00920,3,UNTOUCHED,T1,none,16,18,16,18
R00921,0,CLONE_INTERVAL,T3,t3_insert_statement,9,15,9,15
R00921,1,MUTATION,T3,t3_insert_statement,,,16,16
R00921,2,UNTOUCHED,T1,none,4,8,4,8
R00921,3,UNTOUCHED,T1,none,16,25,17,26
R00922,0,CLONE_INTERVAL,T1,t1_add_eol_comment,6,12,6,12
R00922,1,MUTATION,T1,t1_add_eol_comment,8,8,8,8
R00922,2,UNTOUCHED,T1,none,3,5,3,5
R00922,3,UNTOUCHED,T1,none,13,28,13,28
R00923,0,CLONE_INTERVAL,T3,t3_wrap_statement,6,22,6,24
R00923,1,MUTATION,T3,t3_wrap_statement,9,19,9,21
R00923,2,UNTOUCHED,T1,none,3,5,3,5
R00923,3,UNTOUCHED,T1,none,23,28,25,30
R00924,0,CLONE_INTERVAL,T1,t1_add_block_comment,7,12,7,13
R00924,1,MUTATION,T1,t1_add_block_comment,,,10,10
R00924,2,UNTOUCHED,T1,none,4,6,4,6
R00924,3,UNTOUCHED,T1,none,13,16,14,17
R00925,0,CLONE_INTERVAL,T2,t2_change_int_literal,8,13,8,13
R00925,1,MUTATION,T2,t2_change_int_literal,9,9,9,9
R00925,2,UNTOUCHED,T1,none,5,7,5,7
R00925,3,UNTOUCHED,T1,none,14,22,14,22
R00926,0,CLONE_INTERVAL,T3,t3_insert_statement,12,24,12,25
R00926,1,MUTATION,T3,t3_insert_statement,,,16,16
R00926,2,UNTOUCHED,T1,none,3,11,3,11
R00926,3,UNTOUCHED,T1,none,25,43,26,44
R00927,0,CLONE_INTERVAL,T2,t2_change_string_literal,6,16,6,16
R00927,1,MUTATION,T2,t2_change_string_literal,6,6,6,6
R00927,2,UNTOUCHED,T1,none,3,5,3,5
R00927,3,UNTOUCHED,T1,none,17,26,17,26
R00927,4,UNTOUCHED,T1,none,29,44,28,43
R00928,0,CLONE_INTERVAL,T2,t2_rename_local_x3,7,20,7,20
R00928,1,MUTATION,T2,t2_rename_local_x3,8,16,8,16
R00928,2,UNTOUCHED,T1,none,3,6,3,6
R00928,3,UNTOUCHED,T1,none,21,27,21,27
R00929,0,CLONE_INTERVAL,T2,t2_change_int_literal,7,12,7,12
R00929,1,MUTATION,T2,t2_change_int_literal,10,10,10,10
R00929,2,UNTOUCHED,T1,none,4,6,4,6
R00929,3,UNTOUCHED,T1,none,13,28,13,28
R00930,0,CLONE_INTERVAL,T3,t3_insert_statement,14,19,14,20
R00930,1,MUTATION,T3,t3_insert_statement,,,15,15
R00930,2,UNTOUCHED,T1,none,11,13,11,13
R00930,3,UNTOUCHED,T1,none,20,29,21,30
R00931,0,CLONE_INTERVAL,T2,t2_change_int_literal,7,12,7,12
R00931,1,MUTATION,T2,t2_change_int_literal,9,9,9,9
R00931,2,UNTOUCHED,T1,none,3,6,3,6
R00931,3,UNTOUCHED,T1,none,13,24,13,24
R00932,0,CLONE_INTERVAL,T2,t2_rename_local_x1,6,11,6,11
R00932,1,MUTATION,T2,t2_rename_local_x1,6,10,6,10
R00932,2,UNTOUCHED,T1,none,3,5,3,5
R00932,3,UNTOUCHED,T1,none,12,18,12,18
R00933,0,CLONE_INTERVAL,T1,t1_add_blank_line,27,39,27,40
R00933,1,MUTATION,T1,t1_add_blank_line,,,39,39
R00933,2,UNTOUCHED,T1,none,24,26,24,26
R00933,3,UNTOUCHED,T1,none,40,44,41,45
R00934,0,CLONE_INTERVAL,T3,t3_wrap_statement,6,16,6,18
R00934,1,MUTATION,T3,t3_wrap_statement,10,14,10,16
R00934,2,UNTOUCHED,T1,none,3,5,3,5
R00934,3,UNTOUCHED,T1,none,17,24,19,26
R00935,0,CLONE_INTERVAL,T2,t2_rename_local_x3,18,36,18,36
R00935,1,MUTATION,T2,t2_rename_local_x3,19,31,19,31
R00935,2,UNTOUCHED,T1,none,3,17,3,17
R00935,3,UNTOUCHED,T1,none,37,42,37,42
R00936,0,CLONE_INTERVAL,T2,t2_change_string_literal,7,12,7,12
R00936,1,MUTATION,T2,t2_change_string_literal,10,10,10,10
R00936,2,UNTOUCHED,T1,none,4,6,4,6
R00936,3,UNTOUCHED,T1,none,13,20,13,20
R00937,0,CLONE_INTERVAL,T1,t1_add_blank_line,11,16,11,17
R00937,1,MUTATION,T1,t1_add_blank_line,,,13,13
R00937,2,UNTOUCHED,T1,none,3,10,3,10
R00937,3,UNTOUCHED,T1,none,17,25,18,26
R00938,0,CLONE_INTERVAL,T3,t3_insert_statement,20,26,20,27
R00938,1,MUTATION,T3,t3_insert_statement,,,23,23
R00938,2,UNTOUCHED,T1,none,17,19,17,19
R00938,3,UNTOUCHED,T1,none,27,33,28,34
R00939,0,CLONE_INTERVAL,T2,t2_change_string_literal,6,20,6,20
R00939,1,MUTATION,T2,t2_change_string_literal,7,7,7,7
R00939,2,UNTOUCHED,T1,none,3,5,3,5
R00939,3,UNTOUCHED,T1,none,21,26,21,26
R00940,0,CLONE_INTERVAL,T2,t2_rename_local_x3,8,13,8,13
R00940,1,MUTATION,T2,t2_rename_local_x3,8,12,8,12
R00940,2,UNTOUCHED,T1,none,3,7,3,7
R00940,3,UNTOUCHED,T1,none,14,19,14,19
R00941,0,CLONE_INTERVAL,T3,t3_insert_statement,6,11,6,12
R00941,1,MUTATION,T3,t3_insert_statement,,,10,10
R00941,2,UNTOUCHED,T1,none,3,5,3,5
R00941,3,UNTOUCHED,T1,none,12,24,13,25
R00942,0,CLONE_INTERVAL,T2,t2_change_string_literal,8,17,8,17
R00942,1,MUTATION,T2,t2_change_string_literal,9,9,9,9
R00942,2,UNTOUCHED,T1,none,3,7,3,7
R00942,3,UNTOUCHED,T1,none,18,25,18,25
R00943,0,CLONE_INTERVAL,T1,t1_add_eol_comment,18,23,18,23
R00943,1,MUTATION,T1,t1_add_eol_comment,18,18,18,18
R00943,2,UNTOUCHED,T1,none,3,17,3,17
R00943,3,UNTOUCHED,T1,none,24,27,24,27
R00944,0,CLONE_INTERVAL,T3,t3_delete_statement,29,34,28,32
R00944,1,MUTATION,T3,t3_delete_statement,34,34,,
R00944,2,UNTOUCHED,T1,none,7,28,6,27
R00944,3,UNTOUCHED,T1,none,35,38,33,36
R00945,0,CLONE_INTERVAL,T1,t1_add_blank_line,6,11,6,12
R00945,1,MUTATION,T1,t1_add_blank_line,,,9,9
R00945,2,UNTOUCHED,T1,none,3,5,3,5
R00945,3,UNTOUCHED,T1,none,12,18,13,19
R00946,0,CLONE_INTERVAL,T1,t1_add_blank_line,10,17,10,18
R00946,1,MUTATION,T1,t1_add_blank_line,,,13,13
R00946,2,UNTOUCHED,T1,none,3,9,3,9
R00946,3,UNTOUCHED,T1,none,18,30,19,31
R00947,0,CLONE_INTERVAL,T2,t2_rename_local_x5,7,13,7,13
R00947,1,MUTATION,T2,t2_rename_local_x5,7,12,7,12
R00947,2,UNTOUCHED,T1,none,3,6,3,6
R00947,3,UNTOUCHED,T1,none,14,16,14,16
R00948,0,CLONE_INTERVAL,T3,t3_wrap_statement,7,13,7,16
R00948,1,MUTATION,T3,t3_wrap_statement,8,13,8,16
R00948,2,UNTOUCHED,T1,none,3,6,3,6
R00948,3,UNTOUCHED,T1,none,15,16,17,18
R00949,0,CLONE_INTERVAL,T1,t1_add_block_comment,6,11,6,12
R00949,1,MUTATION,T1,t1_add_block_comment,,,10,10
R00949,2,UNTOUCHED,T1,none,3,5,3,5
R00949,3,UNTOUCHED,T1,none,12,16,13,17
R00950,0,CLONE_INTERVAL,T1,t1_add_blank_line,8,14,8,15
R00950,1,MUTATION,T1,t1_add_blank_line,,,10,10
R00950,2,UNTOUCHED,T1,none,3,7,3,7
R00950,3,UNTOUCHED,T1,none,15,18,16,19
R00951,0,CLONE_INTERVAL,T2,t2_rename_local_x1,8,17,8,17
R00951,1,MUTATION,T2,t2_rename_local_x1,11,12,11,12
R00951,2,UNTOUCHED,T1,none,3,7,3,7
R00951,3,UNTOUCHED,T1,none,18,20,18,20
R00952,0,CLONE_INTERVAL,T1,t1_reindent,19,25,19,25
R00952,1,MUTATION,T1,t1_reindent,19,25,19,25
R00952,2,UNTOUCHED,T1,none,16,18,16,18
R00952,3,UNTOUCHED,T1,none,26,30,26,30
R00953,0,CLONE_INTERVAL,T3,t3_delete_statement,131,136,131,135
R00953,1,MUTATION,T3,t3_delete_statement,134,134,,
R00953,2,UNTOUCHED,T1,none,27,130,27,130
R00953,3,UNTOUCHED,T1,none,137,143,136,142
R00954,0,CLONE_INTERVAL,T3,t3_insert_statement,112,120,112,120
R00954,1,UNTOUCHED,T1,none,108,111,108,111
R00954,2,UNTOUCHED,T1,none,121,122,121,122
R00954,3,UNTOUCHED,T1,none,123,124,124,125
R00955,0,CLONE_INTERVAL,T2,t2_change_int_literal,6,12,6,12
R00955,1,MUTATION,T2,t2_change_int_literal,7,7,7,7
R00955,2,UNTOUCHED,T1,none,3,5,3,5
R00955,3,UNTOUCHED,T1,none,13,20,13,20
R00956,0,CLONE_INTERVAL,T1,t1_add_eol_comment,12,23,12,23
R00956,1,MUTATION,T1,t1_add_eol_comment,20,20,20,20
R00956,2,UNTOUCHED,T1,none,9,11,9,11
R00956,3,UNTOUCHED,T1,none,24,29,24,29
R00957,0,CLONE_INTERVAL,T1,t1_add_block_comment,10,25,10,26
R00957,1,MUTATION,T1,t1_add_block_comment,,,14,14
R00957,2,UNTOUCHED,T1,none,5,9,5,9
R00957,3,UNTOUCHED,T1,none,26,31,27,32
R00958,0,CLONE_INTERVAL,T1,t1_add_block_comment,7,17,7,18
R00958,1,MUTATION,T1,t1_add_block_comment,,,9,9
R00958,2,UNTOUCHED,T1,none,3,6,3,6
R00958,3,UNTOUCHED,T1,none,18,20,19,21
R00959,0,CLONE_INTERVAL,T1,t1_add_block_comment,9,24,9,25
R00959,1,MUTATION,T1,t1_add_block_comment,,,14,14
R00959,2,UNTOUCHED,T1,none,3,8,3,8
R00959,3,UNTOUCHED,T1,none,25,48,26,49
R00960,0,CLONE_INTERVAL,T3,t3_insert_statement,8,20,8,21
R00960,1,MUTATION,T3,t3_insert_statement,,,11,11
R00960,2,UNTOUCHED,T1,none,3,7,3,7
R00960,3,UNTOUCHED,T1,none,21,23,22,24
R00961,0,CLONE_INTERVAL,T2,t2_rename_local_x3,24,51,24,51
R00961,1,MUTATION,T2,t2_rename_local_x3,24,47,24,47
R00961,2,UNTOUCHED,T1,none,19,23,19,23
R00961,3,UNTOUCHED,T1,none,52,63,52,63
R00962,0,CLONE_INTERVAL,T3,t3_delete_statement,7,12,6,10
R00962,1,MUTATION,T3,t3_delete_statement,11,11,,
R00962,2,UNTOUCHED,T1,none,4,6,3,5
R00962,3,UNTOUCHED,T1,none,13,21,11,19
R00963,0,CLONE_INTERVAL,T2,t2_change_string_literal,12,17,12,17
R00963,1,MUTATION,T2,t2_change_string_literal,15,15,15,15
R00963,2,UNTOUCHED,T1,none,7,11,7,11
R00963,3,UNTOUCHED,T1,none,18,26,18,26
R00964,0,CLONE_INTERVAL,T1,t1_add_eol_comment,6,12,6,12
R00964,1,MUTATION,T1,t1_add_eol_comment,11,11,11,11
R00964,2,UNTOUCHED,T1,none,3,5,3,5
R00964,3,UNTOUCHED,T1,none,13,15,13,15
R00965,0,CLONE_INTERVAL,T1,t1_reindent,7,14,7,14
R00965,1,MUTATION,T1,t1_reindent,7,14,7,14
R00965,2,UNTOUCHED,T1,none,3,6,3,6
R00965,3,UNTOUCHED,T1,none,15,21,15,21
R00966,0,CLONE_INTERVAL,T1,t1_reindent,6,13,6,13
R00966,1,MUTATION,T1,t1_reindent,6,13,6,13
R00966,2,UNTOUCHED,T1,none,3,5,3,5
R00966,3,UNTOUCHED,T1,none,14,20,14,20
R00967,0,CLONE_INTERVAL,T2,t2_change_int_literal,13,22,13,22
R00967,1,MUTATION,T2,t2_change_int_literal,13,13,13,13
R00967,2,UNTOUCHED,T1,none,3,12,3,12
R00967,3,UNTOUCHED,T1,none,23,27,23,27
R00968,0,CLONE_INTERVAL,T1,t1_add_block_comment,279,284,279,285
R00968,1,MUTATION,T1,t1_add_block_comment,,,282,282
R00968,2,UNTOUCHED,T1,none,275,278,275,278
R00968,3,UNTOUCHED,T1,none,285,290,286,291
R00969,0,CLONE_INTERVAL,T2,t2_rename_local_x2,11,22,11,22
R00969,1,MUTATION,T2,t2_rename_local_x2,14,19,14,19
R00969,2,UNTOUCHED,T1,none,7,10,7,10
R00969,3,UNTOUCHED,T1,none,23,25,23,25
R00970,0,CLONE_INTERVAL,T2,t2_change_string_literal,16,23,16,23
R00970,1,MUTATION,T2,t2_change_string_literal,16,16,16,16
R00970,2,UNTOUCHED,T1,none,3,15,3,15
R00970,3,UNTOUCHED,T1,none,24,27,24,27
R00971,0,CLONE_INTERVAL,T1,t1_add_blank_line,10,20,10,21
R00971,1,MUTATION,T1,t1_add_blank_line,,,15,15
R00971,2,UNTOUCHED,T1,none,3,9,3,9
R00971,3,UNTOUCHED,T1,none,21,25,22,26
R00972,0,CLONE_INTERVAL,T1,t1_add_blank_line,10,18,10,19
R00972,1,MUTATION,T1,t1_add_blank_line,,,18,18
R00972,2,UNTOUCHED,T1,none,6,9,6,9
R00972,3,UNTOUCHED,T1,none,19,21,20,22
R00973,0,CLONE_INTERVAL,T1,t1_add_blank_line,20,31,20,32
R00973,1,MUTATION,T1,t1_add_blank_line,,,30,30
R00973,2,UNTOUCHED,T1,none,13,19,13,19
R00973,3,UNTOUCHED,T1,none,32,37,33,38
R00974,0,CLONE_INTERVAL,T1,t1_add_block_comment,82,87,82,88
R00974,1,MUTATION,T1,t1_add_block_comment,,,83,83
R00974,2,UNTOUCHED,T1,none,77,81,77,81
R00974,3,UNTOUCHED,T1,none,88,97,89,98
R00975,0,CLONE_INTERVAL,T3,t3_insert_statement,6,12,6,13
R00975,1,MUTATION,T3,t3_insert_statement,,,7,7
R00975,2,UNTOUCHED,T1,none,3,5,3,5
R00975,3,UNTOUCHED,T1,none,13,29,14,30
R00976,0,CLONE_INTERVAL,T1,t1_add_eol_comment,7,12,7,12
R00976,1,MUTATION,T1,t1_add_eol_comment,10,10,10,10
R00976,2,UNTOUCHED,T1,none,3,6,3,6
R00976,3,UNTOUCHED,T1,none,13,26,13,26
R00977,0,CLONE_INTERVAL,T1,t1_add_eol_comment,7,12,7,12
R00977,1,MUTATION,T1,t1_add_eol_comment,7,7,7,7
R00977,2,UNTOUCHED,T1,none,4,6,4,6
R00977,3,UNTOUCHED,T1,none,13,20,13,20
R00978,0,CLONE_INTERVAL,T3,t3_insert_statement,6,11,6,12
R00978,1,MUTATION,T3,t3_insert_statement,,,9,9
R00978,2,UNTOUCHED,T1,none,3,5,3,5
R00978,3,UNTOUCHED,T1,none,12,16,13,17
R00979,0,CLONE_INTERVAL,T3,t3_wrap_statement,6,12,6,14
R00979,1,MUTATION,T3,t3_wrap_statement,7,8,7,10
R00979,2,UNTOUCHED,T1,none,3,5,3,5
R00979,3,UNTOUCHED,T1,none,13,31,15,33
R00980,0,CLONE_INTERVAL,T3,t3_insert_statement,7,26,7,26
R00980,1,MUTATION,T3,t3_insert_statement,,,27,27
R00980,2,UNTOUCHED,T1,none,4,6,4,6
R00980,3,UNTOUCHED,T1,none,27,31,28,32
R00981,0,CLONE_INTERVAL,T1,t1_add_blank_line,8,13,8,14
R00981,1,MUTATION,T1,t1_add_blank_line,,,10,10
R00981,2,UNTOUCHED,T1,none,5,7,5,7
R00981,3,UNTOUCHED,T1,none,14,19,15,20
R00982,0,CLONE_INTERVAL,T3,t3_insert_statement,6,11,6,12
R00982,1,MUTATION,T3,t3_insert_statement,,,8,8
R00982,2,UNTOUCHED,T1,none,3,5,3,5
R00982,3,UNTOUCHED,T1,none,12,23,13,24
R00983,0,CLONE_INTERVAL,T1,t1_add_eol_comment,12,19,12,19
R00983,1,MUTATION,T1,t1_add_eol_comment,19,19,19,19
R00983,2,UNTOUCHED,T1,none,9,11,9,11
R00983,3,UNTOUCHED,T1,none,20,22,20,22
R00984,0,CLONE_INTERVAL,T1,t1_add_eol_comment,7,18,7,18
R00984,1,MUTATION,T1,t1_add_eol_comment,15,15,15,15
R00984,2,UNTOUCHED,T1,none,3,6,3,6
R00984,3,UNTOUCHED,T1,none,19,24,19,24
R00985,0,CLONE_INTERVAL,T1,t1_add_block_comment,9,15,9,16
R00985,1,MUTATION,T1,t1_add_block_comment,,,14,14
R00985,2,UNTOUCHED,T1,none,5,8,5,8
R00985,3,UNTOUCHED,T1,none,16,33,17,34
R00986,0,CLONE_INTERVAL,T3,t3_insert_statement,27,34,27,35
R00986,1,MUTATION,T3,t3_insert_statement,,,31,31
R00986,2,UNTOUCHED,T1,none,3,26,3,26
R00986,3,UNTOUCHED,T1,none,35,44,36,45
R00987,0,CLONE_INTERVAL,T1,t1_add_eol_comment,11,19,11,19
R00987,1,MUTATION,T1,t1_add_eol_comment,17,17,17,17
R00987,2,UNTOUCHED,T1,none,3,10,3,10
R00987,3,UNTOUCHED,T1,none,20,24,20,24
R00988,0,CLONE_INTERVAL,T2,t2_change_int_literal,12,17,12,17
R00988,1,MUTATION,T2,t2_change_int_literal,14,14,14,14
R00988,2,UNTOUCHED,T1,none,5,11,5,11
R00988,3,UNTOUCHED,T1,none,18,28,18,28
R00989,0,CLONE_INTERVAL,T3,t3_wrap_statement,8,13,8,15
R00989,1,MUTATION,T3,t3_wrap_statement,9,11,9,13
R00989,2,UNTOUCHED,T1,none,5,7,5,7
R00989,3,UNTOUCHED,T1,none,14,20,16,22
R00990,0,CLONE_INTERVAL,T1,t1_add_blank_line,32,38,32,39
R00990,1,MUTATION,T1,t1_add_blank_line,,,33,33
R00990,2,UNTOUCHED,T1,none,28,31,28,31
R00990,3,UNTOUCHED,T1,none,39,54,40,55
R00991,0,CLONE_INTERVAL,T1,t1_reindent,7,16,7,16
R00991,1,MUTATION,T1,t1_reindent,7,16,7,16
R00991,2,UNTOUCHED,T1,none,3,6,3,6
R00991,3,UNTOUCHED,T1,none,17,22,17,22
R00992,0,CLONE_INTERVAL,T2,t2_change_int_literal,8,16,8,16
R00992,1,MUTATION,T2,t2_change_int_literal,9,9,9,9
R00992,2,UNTOUCHED,T1,none,3,7,3,7
R00992,3,UNTOUCHED,T1,none,17,20,17,20
R00993,0,CLONE_INTERVAL,T1,t1_add_blank_line,6,11,6,12
R00993,1,MUTATION,T1,t1_add_blank_line,,,10,10
R00993,2,UNTOUCHED,T1,none,3,5,3,5
R00993,3,UNTOUCHED,T1,none,12,24,13,25
R00994,0,CLONE_INTERVAL,T3,t3_wrap_statement,17,23,17,25
R00994,1,MUTATION,T3,t3_wrap_statement,18,18,18,20
R00994,2,UNTOUCHED,T1,none,7,16,7,16
R00994,3,UNTOUCHED,T1,none,24,26,26,28
R00995,0,CLONE_INTERVAL,T3,t3_insert_statement,11,18,11,19
R00995,1,MUTATION,T3,t3_insert_statement,,,12,12
R00995,2,UNTOUCHED,T1,none,6,10,6,10
R00995,3,UNTOUCHED,T1,none,19,24,20,25
R00996,0,CLONE_INTERVAL,T3,t3_insert_statement,6,11,6,11
R00996,1,MUTATION,T3,t3_insert_statement,,,12,12
R00996,2,UNTOUCHED,T1,none,3,5,3,5
R00996,3,UNTOUCHED,T1,none,12,22,13,23
R00997,0,CLONE_INTERVAL,T1,t1_add_eol_comment,10,15,10,15
R00997,1,MUTATION,T1,t1_add_eol_comment,11,11,11,11
R00997,2,UNTOUCHED,T1,none,3,9,3,9
R00997,3,UNTOUCHED,T1,none,16,44,16,44
R00998,0,CLONE_INTERVAL,T1,t1_reindent,95,100,95,100
R00998,1,MUTATION,T1,t1_reindent,95,100,95,100
R00998,2,UNTOUCHED,T1,none,90,94,90,94
R00998,3,UNTOUCHED,T1,none,101,110,101,110
R00999,0,CLONE_INTERVAL,T1,t1_add_blank_line,7,12,7,13
R00999,1,MUTATION,T1,t1_add_blank_line,,,12,12
R00999,2,UNTOUCHED,T1,none,3,6,3,6
R00999,3,UNTOUCHED,T1,none,13,27,14,28
