pair_id,ref_index,kind,expected,operator,status,candidates,matched,predicted_type,type_correct,coverage,precision,iou
R00000,0,CLONE_INTERVAL,T1,t1_add_eol_comment,ok,1,True,T2,False,1.0,0.2069,0.2069
R00000,1,MUTATION,T1,t1_add_eol_comment,ok,3,True,T1,True,1.0,0.0833,0.0833
R00000,2,CLONE_INTERVAL,T2,t2_change_int_literal,ok,1,True,T2,True,1.0,0.2759,0.2759
R00000,3,MUTATION,T2,t2_change_int_literal,ok,3,True,T2,True,1.0,1.0,1.0
R00000,4,UNTOUCHED,T1,none,ok,3,True,T1,True,0.6667,0.1667,0.1538
R00000,5,UNTOUCHED,T1,none,ok,3,True,T1,True,0.75,0.5,0.4286
R00000,6,UNTOUCHED,T1,none,ok,3,True,T1,True,0.5,0.375,0.2727
R00001,0,CLONE_INTERVAL,T1,t1_reindent,ok,1,True,T2,False,1.0,0.3043,0.3043
R00001,1,MUTATION,T1,t1_reindent,ok,3,True,T1,True,0.8571,0.4615,0.4286
R00001,2,CLONE_INTERVAL,T2,t2_change_string_literal,ok,1,True,T2,True,1.0,0.3043,0.3043
R00001,3,MUTATION,T2,t2_change_string_literal,ok,3,True,T2,True,1.0,1.0,1.0
R00001,4,UNTOUCHED,T1,none,ok,3,True,T1,True,0.75,0.2308,0.2143
R00001,5,UNTOUCHED,T1,none,ok,3,True,T1,True,1.0,0.2308,0.2308
R00001,6,UNTOUCHED,T1,none,ok,3,True,T1,True,0.5,0.5,0.3333
R00002,0,CLONE_INTERVAL,T3,t3_wrap_statement,ok,1,True,T3,True,1.0,0.2941,0.2941
R00002,1,MUTATION,T3,t3_wrap_statement,ok,5,True,T3,True,1.0,1.0,1.0
R00002,2,CLONE_INTERVAL,T2,t2_change_string_literal,ok,1,True,T3,False,1.0,0.3243,0.3243
R00002,3,MUTATION,T2,t2_change_string_literal,ok,5,True,T2,True,1.0,1.0,1.0
R00002,4,UNTOUCHED,T1,none,ok,5,True,T1,True,0.8,0.5,0.4444
R00002,5,UNTOUCHED,T1,none,ok,5,False,,False,0.0,0.0,0.0
R00002,6,UNTOUCHED,T1,none,ok,5,True,T1,True,0.5714,0.2857,0.2353
R00002,7,UNTOUCHED,T1,none,ok,5,True,T1,True,0.6667,0.5,0.4
R00003,0,CLONE_INTERVAL,T3,t3_wrap_statement,ok,1,True,T3,True,1.0,0.0531,0.0531
R00003,1,MUTATION,T3,t3_wrap_statement,ok,3,True,T3,True,1.0,1.0,1.0
R00003,2,CLONE_INTERVAL,T1,t1_add_blank_line,ok,1,True,T3,False,1.0,0.0619,0.0619
R00003,3,MUTATION,T1,t1_add_blank_line,ok,3,True,T1,True,1.0,0.0112,0.0112
R00003,4,UNTOUCHED,T1,none,ok,3,True,T1,True,0.75,0.5,0.4286
R00003,5,UNTOUCHED,T1,none,ok,3,True,T1,True,0.6667,0.0225,0.0222
R00003,6,UNTOUCHED,T1,none,ok,3,True,T1,True,0.7143,0.0562,0.0549
R00003,7,UNTOUCHED,T1,none,ok,3,True,T1,True,0.6667,0.0899,0.086
R00004,0,CLONE_INTERVAL,T3,t3_delete_statement,ok,2,True,T3,True,1.0,0.0685,0.0685
R00004,1,MUTATION,T3,t3_delete_statement,ok,4,True,T3,True,1.0,1.0,1.0
R00004,2,CLONE_INTERVAL,T1,t1_reindent,ok,2,True,T3,False,1.0,0.1081,0.1081
R00004,3,MUTATION,T1,t1_reindent,ok,4,True,T1,True,0.75,0.12,0.1154
R00004,4,UNTOUCHED,T1,none,ok,4,True,T1,True,0.6667,0.2222,0.2
R00004,5,UNTOUCHED,T1,none,ok,4,True,T1,True,0.6,0.06,0.0577
R00004,6,UNTOUCHED,T1,none,ok,4,True,T1,True,0.6667,0.08,0.0769
R00004,7,UNTOUCHED,T1,none,ok,4,True,T1,True,0.6667,0.16,0.1481
R00005,0,CLONE_INTERVAL,T1,t1_add_blank_line,ok,1,True,T3,False,0.8571,0.1538,0.15
R00005,1,MUTATION,T1,t1_add_blank_line,ok,3,False,,False,0.0,0.0,0.0
R00005,2,CLONE_INTERVAL,T3,t3_insert_statement,ok,1,True,T3,True,1.0,0.1579,0.1579
R00005,3,MUTATION,T3,t3_insert_statement,ok,3,True,T3,True,1.0,1.0,1.0
R00005,4,UNTOUCHED,T1,none,ok,3,True,T1,True,0.8,0.129,0.125
R00005,5,UNTOUCHED,T1,none,ok,3,True,T1,True,1.0,0.2258,0.2258
R00005,6,UNTOUCHED,T1,none,ok,3,True,T1,True,0.75,0.6,0.5
R00006,0,CLONE_INTERVAL,T3,t3_delete_statement,ok,3,True,T3,True,1.0,0.0467,0.0467
R00006,1,MUTATION,T3,t3_delete_statement,ok,5,True,T3,True,1.0,1.0,1.0
R00006,2,CLONE_INTERVAL,T1,t1_add_blank_line,ok,3,True,T3,False,0.8571,0.0556,0.0556
R00006,3,MUTATION,T1,t1_add_blank_line,ok,5,False,,False,0.0,0.0,0.0
R00006,4,UNTOUCHED,T1,none,ok,5,True,T1,True,0.6667,1.0,0.6667
R00006,5,UNTOUCHED,T1,none,ok,5,True,T1,True,0.7778,0.0824,0.0805
R00006,6,UNTOUCHED,T1,none,ok,5,True,T1,True,0.6,0.0353,0.0345
R00006,7,UNTOUCHED,T1,none,ok,5,True,T1,True,0.7,0.0824,0.0795
R00007,0,CLONE_INTERVAL,T2,t2_change_string_literal,ok,1,False,,False,0.4167,0.25,0.1852
R00007,1,MUTATION,T2,t2_change_string_literal,ok,5,True,T2,True,1.0,1.0,1.0
R00007,2,CLONE_INTERVAL,T2,t2_change_int_literal,ok,1,True,T2,True,1.0,0.4,0.4
R00007,3,MUTATION,T2,t2_change_int_literal,ok,5,True,T2,True,1.0,1.0,1.0
R00007,4,UNTOUCHED,T1,none,ok,5,False,,False,0.0,0.0,0.0
R00007,5,UNTOUCHED,T1,none,ok,5,True,T1,True,1.0,1.0,1.0
R00007,6,UNTOUCHED,T1,none,ok,5,True,T1,True,0.8,0.5,0.4444
R00008,0,CLONE_INTERVAL,T2,t2_change_int_literal,ok,1,True,T3,False,1.0,0.3,0.3
R00008,1,MUTATION,T2,t2_change_int_literal,ok,5,True,T2,True,1.0,1.0,1.0
R00008,2,CLONE_INTERVAL,T3,t3_delete_statement,ok,1,True,T3,True,1.0,0.4211,0.4211
R00008,3,MUTATION,T3,t3_delete_statement,ok,5,True,T3,True,1.0,1.0,1.0
R00008,4,UNTOUCHED,T1,none,ok,5,True,T1,True,0.5,1.0,0.5
R00008,5,UNTOUCHED,T1,none,ok,5,True,T1,True,0.0556,0.2,0.0455
R00009,0,CLONE_INTERVAL,T1,t1_reindent,ok,1,True,T1,True,0.8889,0.0879,0.087
R00009,1,MUTATION,T1,t1_reindent,ok,1,True,T1,True,0.7778,0.0909,0.0886
R00009,3,CLONE_INTERVAL,T1,t1_reindent,ok,1,True,T1,True,0.8889,0.0879,0.087
R00009,4,MUTATION,T1,t1_reindent,ok,1,True,T1,True,0.7778,0.0909,0.0886
R00009,6,UNTOUCHED,T1,none,ok,1,True,T1,True,0.5,0.026,0.0253
R00009,7,UNTOUCHED,T1,none,ok,1,True,T1,True,0.7,0.0909,0.0875
R00009,8,UNTOUCHED,T1,none,ok,1,True,T1,True,0.5,0.026,0.0253
R00009,9,UNTOUCHED,T1,none,ok,1,True,T1,True,0.7,0.0909,0.0875
R00010,0,CLONE_INTERVAL,T1,t1_add_eol_comment,ok,1,True,T1,True,1.0,0.2903,0.2903
R00010,1,MUTATION,T1,t1_add_eol_comment,ok,1,True,T1,True,1.0,0.0476,0.0476
R00010,2,CLONE_INTERVAL,T1,t1_add_block_comment,ok,1,True,T1,True,1.0,0.2667,0.2667
R00010,3,MUTATION,T1,t1_add_block_comment,ok,1,False,,False,0.0,0.0,0.0
R00010,4,UNTOUCHED,T1,none,ok,1,True,T1,True,0.6667,0.0952,0.0909
R00010,5,UNTOUCHED,T1,none,ok,1,True,T1,True,0.6667,0.1905,0.1739
R00010,6,UNTOUCHED,T1,none,ok,1,True,T1,True,0.5,0.1429,0.125
R00011,0,CLONE_INTERVAL,T2,t2_change_string_literal,ok,1,True,T3,False,0.875,0.2414,0.2333
R00011,1,MUTATION,T2,t2_change_string_literal,ok,5,True,T2,True,1.0,1.0,1.0
R00011,2,CLONE_INTERVAL,T3,t3_insert_statement,ok,1,True,T3,True,1.0,0.2414,0.2414
R00011,3,MUTATION,T3,t3_insert_statement,ok,5,True,T3,True,1.0,1.0,1.0
R00011,4,UNTOUCHED,T1,none,ok,5,True,T1,True,0.6667,1.0,0.6667
R00011,5,UNTOUCHED,T1,none,ok,5,True,T1,True,0.7,0.4375,0.3684
R00011,6,UNTOUCHED,T1,none,ok,5,True,T1,True,0.6667,1.0,0.6667
R00012,0,CLONE_INTERVAL,T1,t1_add_block_comment,ok,1,True,T3,False,1.0,0.3095,0.3095
R00012,1,MUTATION,T1,t1_add_block_comment,ok,3,False,,False,0.0,0.0,0.0
R00012,2,CLONE_INTERVAL,T3,t3_insert_statement,ok,1,True,T3,True,1.0,0.2381,0.2381
R00012,3,MUTATION,T3,t3_insert_statement,ok,3,True,T3,True,1.0,1.0,1.0
R00012,4,UNTOUCHED,T1,none,ok,3,True,T1,True,0.9,0.3462,0.3333
R00012,5,UNTOUCHED,T1,none,ok,3,True,T1,True,0.6,0.1154,0.1071
R00012,6,UNTOUCHED,T1,none,ok,3,True,T1,True,0.5,0.5,0.3333
R00013,0,CLONE_INTERVAL,T1,t1_add_blank_line,ok,1,True,T2,False,0.875,0.1842,0.1795
R00013,1,MUTATION,T1,t1_add_blank_line,ok,3,False,,False,0.0,0.0,0.0
R00013,2,CLONE_INTERVAL,T2,t2_change_string_literal,ok,1,True,T2,True,1.0,0.2105,0.2105
R00013,3,MUTATION,T2,t2_change_string_literal,ok,3,True,T2,True,1.0,1.0,1.0
R00013,4,UNTOUCHED,T1,none,ok,3,True,T1,True,0.75,0.1364,0.1304
R00013,5,UNTOUCHED,T1,none,ok,3,True,T1,True,0.75,0.5455,0.4615
R00013,6,UNTOUCHED,T1,none,ok,3,True,T1,True,0.6,0.4286,0.3333
R00014,0,CLONE_INTERVAL,T1,t1_add_eol_comment,ok,1,True,T2,False,1.0,0.1489,0.1489
R00014,1,MUTATION,T1,t1_add_eol_comment,ok,13,True,T1,True,1.0,0.0909,0.0909
R00014,2,CLONE_INTERVAL,T2,t2_rename_local,ok,1,True,T2,True,1.0,0.6809,0.6809
R00014,3,MUTATION,T2,t2_rename_local,ok,13,True,T2,True,1.0,1.0,1.0
R00014,3,MUTATION,T2,t2_rename_local,ok,13,True,T2,True,1.0,0.6667,0.6667
R00014,3,MUTATION,T2,t2_rename_local,ok,13,True,T2,True,1.0,0.3333,0.3333
R00014,3,MUTATION,T2,t2_rename_local,ok,13,True,T2,True,1.0,1.0,1.0
R00014,3,MUTATION,T2,t2_rename_local,ok,13,True,T2,True,1.0,1.0,1.0
R00014,3,MUTATION,T2,t2_rename_local,ok,13,True,T2,True,1.0,1.0,1.0
R00014,3,MUTATION,T2,t2_rename_local,ok,13,True,T2,True,1.0,0.6667,0.6667
R00014,3,MUTATION,T2,t2_rename_local,ok,13,True,T2,True,1.0,0.3333,0.3333
R00014,11,UNTOUCHED,T1,none,ok,13,True,T1,True,0.6667,0.1818,0.1667
R00014,12,UNTOUCHED,T1,none,ok,13,True,T1,True,1.0,0.2727,0.2727
R00014,13,UNTOUCHED,T1,none,ok,13,True,T1,True,0.75,0.6,0.5
R00015,0,CLONE_INTERVAL,T3,t3_wrap_statement,ok,1,True,T3,True,1.0,0.2593,0.2593
R00015,1,MUTATION,T3,t3_wrap_statement,ok,5,True,T3,True,1.0,1.0,1.0
R00015,2,CLONE_INTERVAL,T2,t2_change_string_literal,ok,1,False,,False,0.2857,0.069,0.0588
R00015,3,MUTATION,T2,t2_change_string_literal,ok,5,True,T2,True,1.0,1.0,1.0
R00015,4,UNTOUCHED,T1,none,ok,5,True,T1,True,0.7143,1.0,0.7143
R00015,5,UNTOUCHED,T1,none,ok,5,True,T1,True,1.0,0.375,0.375
R00015,6,UNTOUCHED,T1,none,ok,5,True,T1,True,0.7,0.875,0.6364
R00016,0,CLONE_INTERVAL,T2,t2_change_string_literal,ok,10,True,T2,True,1.0,0.32,0.32
R00016,1,MUTATION,T2,t2_change_string_literal,ok,12,True,T2,True,1.0,1.0,1.0
R00016,2,CLONE_INTERVAL,T1,t1_reindent,ok,10,True,T1,True,1.0,0.1935,0.1935
R00016,3,MUTATION,T1,t1_reindent,ok,12,True,T1,True,0.6667,0.1538,0.1429
R00016,4,UNTOUCHED,T1,none,ok,12,True,T1,True,0.5,0.4286,0.3
R00016,5,UNTOUCHED,T1,none,ok,12,True,T1,True,0.5,0.1667,0.1429
R00016,6,UNTOUCHED,T1,none,ok,12,True,T1,True,0.6667,0.3846,0.3226
R00016,7,UNTOUCHED,T1,none,ok,12,True,T1,True,0.75,0.1154,0.1111
R00017,0,CLONE_INTERVAL,T2,t2_rename_local,ok,1,True,T2,True,1.0,0.0769,0.0769
R00017,1,MUTATION,T2,t2_rename_local,ok,5,True,T2,True,1.0,1.0,1.0
R00017,2,CLONE_INTERVAL,T2,t2_change_int_literal,ok,1,True,T2,True,1.0,0.2949,0.2949
R00017,3,MUTATION,T2,t2_change_int_literal,ok,5,True,T2,True,1.0,1.0,1.0
R00017,4,UNTOUCHED,T1,none,ok,5,True,T1,True,0.3333,0.5,0.25
R00017,5,UNTOUCHED,T1,none,ok,5,True,T1,True,1.0,1.0,1.0
R00017,6,UNTOUCHED,T1,none,ok,5,True,T1,True,0.7381,0.62,0.5082
R00018,0,CLONE_INTERVAL,T3,t3_wrap_statement,ok,1,True,T3,True,1.0,0.3103,0.3103
R00018,1,MUTATION,T3,t3_wrap_statement,ok,3,True,T3,True,1.0,1.0,1.0
R00018,2,CLONE_INTERVAL,T1,t1_add_eol_comment,ok,1,True,T3,False,1.0,0.2258,0.2258
R00018,3,MUTATION,T1,t1_add_eol_comment,ok,3,True,T1,True,1.0,0.0667,0.0667
R00018,4,UNTOUCHED,T1,none,ok,3,True,T1,True,0.75,0.6,0.5
R00018,5,UNTOUCHED,T1,none,ok,3,True,T1,True,0.5714,0.2667,0.2222
R00018,6,UNTOUCHED,T1,none,ok,3,True,T1,True,0.75,0.2,0.1875
R00019,0,CLONE_INTERVAL,T2,t2_change_int_literal,ok,1,True,T2,True,0.8333,0.0617,0.061
R00019,1,MUTATION,T2,t2_change_int_literal,ok,5,True,T2,True,1.0,1.0,1.0
R00019,2,CLONE_INTERVAL,T2,t2_change_int_literal,ok,1,True,T2,True,1.0,0.0988,0.0988
R00019,3,MUTATION,T2,t2_change_int_literal,ok,5,True,T2,True,1.0,1.0,1.0
R00019,4,UNTOUCHED,T1,none,ok,5,True,T1,True,0.5714,0.2222,0.1905
R00019,5,UNTOUCHED,T1,none,ok,5,True,T1,True,0.6,0.1429,0.1304
R00019,6,UNTOUCHED,T1,none,ok,5,True,T1,True,0.5455,0.2857,0.2308
R00019,7,UNTOUCHED,T1,none,ok,5,True,T1,True,0.6,0.0968,0.0909
R00020,0,CLONE_INTERVAL,T1,t1_reindent,ok,1,True,T2,False,1.0,0.2727,0.2727
R00020,1,MUTATION,T1,t1_reindent,ok,3,True,T1,True,0.8333,0.3333,0.3125
R00020,2,CLONE_INTERVAL,T2,t2_change_string_literal,ok,1,False,,False,0.6667,0.2727,0.24
R00020,3,MUTATION,T2,t2_change_string_literal,ok,3,True,T2,True,1.0,1.0,1.0
R00020,4,UNTOUCHED,T1,none,ok,3,True,T1,True,0.5,0.2,0.1667
R00020,5,UNTOUCHED,T1,none,ok,3,True,T1,True,0.5,0.2667,0.2105
R00020,6,UNTOUCHED,T1,none,ok,3,True,T1,True,0.3333,0.5,0.25
R00021,0,CLONE_INTERVAL,T3,t3_wrap_statement,ok,1,True,T3,True,0.7143,0.102,0.098
R00021,1,MUTATION,T3,t3_wrap_statement,ok,3,True,T3,True,1.0,0.5,0.5
R00021,2,CLONE_INTERVAL,T1,t1_add_eol_comment,ok,1,True,T3,False,0.9545,0.3962,0.3889
R00021,3,MUTATION,T1,t1_add_eol_comment,ok,3,True,T1,True,1.0,0.0312,0.0312
R00021,4,UNTOUCHED,T1,none,ok,3,True,T1,True,0.75,0.5,0.4286
R00021,5,UNTOUCHED,T1,none,ok,3,True,T1,True,0.4545,0.1562,0.1316
R00021,6,UNTOUCHED,T1,none,ok,3,True,T1,True,0.5882,0.3125,0.2564
R00022,0,CLONE_INTERVAL,T2,t2_change_string_literal,ok,1,True,T3,False,0.8333,0.1613,0.1562
R00022,1,MUTATION,T2,t2_change_string_literal,ok,5,True,T2,True,1.0,1.0,1.0
R00022,2,CLONE_INTERVAL,T3,t3_delete_statement,ok,1,True,T3,True,0.8,0.1333,0.129
R00022,3,MUTATION,T3,t3_delete_statement,ok,5,True,T2,False,1.0,0.5,0.5
R00022,4,UNTOUCHED,T1,none,ok,5,True,T1,True,0.7647,0.8667,0.6842
R00022,5,UNTOUCHED,T1,none,ok,5,True,T1,True,0.6,0.3333,0.2727
R00022,6,UNTOUCHED,T1,none,ok,5,True,T2,False,0.3333,0.5,0.25
R00023,0,CLONE_INTERVAL,T2,t2_change_string_literal,ok,1,True,T2,True,1.0,0.2424,0.2424
R00023,1,MUTATION,T2,t2_change_string_literal,ok,3,True,T2,True,1.0,1.0,1.0
R00023,2,CLONE_INTERVAL,T1,t1_add_block_comment,ok,1,True,T2,False,1.0,0.2812,0.2812
R00023,3,MUTATION,T1,t1_add_block_comment,ok,3,False,,False,0.0,0.0,0.0
R00023,4,UNTOUCHED,T1,none,ok,3,True,T1,True,0.6667,0.4,0.3333
R00023,5,UNTOUCHED,T1,none,ok,3,True,T1,True,1.0,0.1667,0.1667
R00023,6,UNTOUCHED,T1,none,ok,3,True,T1,True,0.6364,0.3889,0.3182
R00024,0,CLONE_INTERVAL,T3,t3_insert_statement,ok,1,True,T3,True,0.8333,0.2083,0.2
R00024,1,MUTATION,T3,t3_insert_statement,ok,7,True,T3,True,1.0,1.0,1.0
R00024,2,CLONE_INTERVAL,T3,t3_wrap_statement,ok,1,True,T3,True,1.0,0.375,0.375
R00024,3,MUTATION,T3,t3_wrap_statement,ok,7,True,T3,True,1.0,1.0,1.0
R00024,4,UNTOUCHED,T1,none,ok,7,True,T1,True,0.5,0.4,0.2857
R00024,5,UNTOUCHED,T1,none,ok,7,True,T1,True,0.6667,0.6667,0.5
R00024,6,UNTOUCHED,T1,none,ok,7,True,T1,True,0.6667,0.5,0.4
R00025,0,CLONE_INTERVAL,T1,t1_reindent,ok,1,True,T1,True,1.0,0.2308,0.2308
R00025,1,MUTATION,T1,t1_reindent,ok,1,True,T1,True,0.8333,0.2273,0.2174
R00025,2,CLONE_INTERVAL,T1,t1_add_eol_comment,ok,1,True,T1,True,1.0,0.4231,0.4231
R00025,3,MUTATION,T1,t1_add_eol_comment,ok,1,True,T1,True,1.0,0.0455,0.0455
R00025,4,UNTOUCHED,T1,none,ok,1,True,T1,True,0.75,0.1364,0.1304
R00025,5,UNTOUCHED,T1,none,ok,1,True,T1,True,1.0,0.1364,0.1364
R00025,6,UNTOUCHED,T1,none,ok,1,True,T1,True,0.5,0.0909,0.0833
R00026,0,CLONE_INTERVAL,T2,t2_change_int_literal,ok,1,True,T2,True,1.0,0.2,0.2
R00026,1,MUTATION,T2,t2_change_int_literal,ok,3,True,T2,True,1.0,1.0,1.0
R00026,2,CLONE_INTERVAL,T1,t1_add_blank_line,ok,1,True,T2,False,1.0,0.2069,0.2069
R00026,3,MUTATION,T1,t1_add_blank_line,ok,3,False,,False,0.0,0.0,0.0
R00026,4,UNTOUCHED,T1,none,ok,3,True,T1,True,0.75,0.6,0.5
R00026,5,UNTOUCHED,T1,none,ok,3,True,T1,True,1.0,0.1875,0.1875
R00026,6,UNTOUCHED,T1,none,ok,3,True,T1,True,0.5833,0.4375,0.3333
R00027,0,CLONE_INTERVAL,T3,t3_insert_statement,ok,1,True,T1,False,0.7143,0.0476,0.0467
R00027,1,MUTATION,T3,t3_insert_statement,ok,1,False,,False,0.0,0.0,0.0
R00027,2,CLONE_INTERVAL,T1,t1_add_block_comment,ok,1,True,T1,True,0.8333,0.0481,0.0476
R00027,3,MUTATION,T1,t1_add_block_comment,ok,1,False,,False,0.0,0.0,0.0
R00027,4,UNTOUCHED,T1,none,ok,1,False,,False,0.0,0.0,0.0
R00027,5,UNTOUCHED,T1,none,ok,1,True,T1,True,0.5556,0.0595,0.0568
R00027,6,UNTOUCHED,T1,none,ok,1,False,,False,0.0,0.0,0.0
R00027,7,UNTOUCHED,T1,none,ok,1,True,T1,True,0.5556,0.0595,0.0568
R00028,0,CLONE_INTERVAL,T1,t1_add_block_comment,ok,1,False,,False,0.2222,0.069,0.0556
R00028,1,MUTATION,T1,t1_add_block_comment,ok,1,False,,False,0.0,0.0,0.0
R00028,2,CLONE_INTERVAL,T1,t1_reindent,ok,1,True,T1,True,1.0,0.3103,0.3103
R00028,3,MUTATION,T1,t1_reindent,ok,1,True,T1,True,0.8889,0.2963,0.2857
R00028,4,UNTOUCHED,T1,none,ok,1,True,T1,True,0.4,0.2222,0.1667
R00028,5,UNTOUCHED,T1,none,ok,1,True,T1,True,0.8182,0.3333,0.3103
R00028,6,UNTOUCHED,T1,none,ok,1,True,T1,True,0.6667,0.0741,0.0714
R00029,0,CLONE_INTERVAL,T3,t3_insert_statement,ok,7,True,T3,True,0.8333,0.0877,0.0862
R00029,1,MUTATION,T3,t3_insert_statement,ok,9,True,T3,True,1.0,1.0,1.0
R00029,2,CLONE_INTERVAL,T1,t1_add_blank_line,ok,7,True,T3,False,0.8333,0.0877,0.0862
R00029,3,MUTATION,T1,t1_add_blank_line,ok,9,True,T1,True,1.0,0.027,0.027
R00029,4,UNTOUCHED,T1,none,ok,9,True,T1,True,0.5714,0.2857,0.2353
R00029,5,UNTOUCHED,T1,none,ok,9,True,T1,True,0.6,0.0811,0.0769
R00029,6,UNTOUCHED,T1,none,ok,9,True,T1,True,0.5,0.1081,0.0976
R00029,7,UNTOUCHED,T1,none,ok,9,True,T1,True,0.6,0.1622,0.1463
R00030,0,CLONE_INTERVAL,T2,t2_rename_local,ok,1,True,T2,True,1.0,0.1067,0.1067
R00030,1,MUTATION,T2,t2_rename_local,ok,3,True,T2,True,1.0,1.0,1.0
R00030,2,CLONE_INTERVAL,T1,t1_add_block_comment,ok,1,True,T2,False,1.0,0.0811,0.0811
R00030,3,MUTATION,T1,t1_add_block_comment,ok,3,True,T1,True,1.0,0.0213,0.0213
R00030,4,UNTOUCHED,T1,none,ok,3,True,T1,True,0.3333,0.1111,0.0909
R00030,5,UNTOUCHED,T1,none,ok,3,True,T1,True,0.5,0.0638,0.06
R00030,6,UNTOUCHED,T1,none,ok,3,True,T1,True,0.6,0.0638,0.0612
R00030,7,UNTOUCHED,T1,none,ok,3,True,T1,True,0.5,0.0638,0.06
R00031,0,CLONE_INTERVAL,T2,t2_change_string_literal,ok,1,True,T3,False,1.0,0.0541,0.0541
R00031,1,MUTATION,T2,t2_change_string_literal,ok,5,True,T2,True,1.0,1.0,1.0
R00031,2,CLONE_INTERVAL,T3,t3_insert_statement,ok,1,True,T3,True,0.8889,0.0727,0.0721
R00031,3,MUTATION,T3,t3_insert_statement,ok,5,True,T3,True,1.0,1.0,1.0
R00031,4,UNTOUCHED,T1,none,ok,5,True,T1,True,0.6667,0.08,0.0769
R00031,5,UNTOUCHED,T1,none,ok,5,True,T1,True,0.3333,0.0227,0.0217
R00031,6,UNTOUCHED,T1,none,ok,5,True,T1,True,0.5,0.0455,0.0435
R00031,7,UNTOUCHED,T1,none,ok,5,True,T1,True,0.7,0.2692,0.2414
R00032,0,CLONE_INTERVAL,T1,t1_add_blank_line,ok,1,True,T3,False,1.0,0.303,0.303
R00032,1,MUTATION,T1,t1_add_blank_line,ok,3,False,,False,0.0,0.0,0.0
R00032,2,CLONE_INTERVAL,T3,t3_wrap_statement,ok,1,True,T3,True,1.0,0.2121,0.2121
R00032,3,MUTATION,T3,t3_wrap_statement,ok,3,True,T3,True,1.0,1.0,1.0
R00032,4,UNTOUCHED,T1,none,ok,3,True,T1,True,0.8,0.25,0.2353
R00032,5,UNTOUCHED,T1,none,ok,3,True,T1,True,0.6667,0.25,0.2222
R00032,6,UNTOUCHED,T1,none,ok,3,True,T1,True,0.5714,0.5,0.3636
R00033,0,CLONE_INTERVAL,T1,t1_add_block_comment,ok,1,True,T2,False,1.0,0.2308,0.2308
R00033,1,MUTATION,T1,t1_add_block_comment,ok,5,False,,False,0.0,0.0,0.0
R00033,2,CLONE_INTERVAL,T2,t2_rename_local,ok,1,True,T2,True,1.0,0.4074,0.4074
R00033,3,MUTATION,T2,t2_rename_local,ok,5,True,T2,True,1.0,1.0,1.0
R00033,3,MUTATION,T2,t2_rename_local,ok,5,True,T2,True,1.0,1.0,1.0
R00033,5,UNTOUCHED,T1,none,ok,5,True,T1,True,0.6667,0.1818,0.1667
R00033,6,UNTOUCHED,T1,none,ok,5,True,T1,True,0.8,0.3636,0.3333
R00033,7,UNTOUCHED,T1,none,ok,5,True,T1,True,0.6667,0.6667,0.5
R00034,0,CLONE_INTERVAL,T2,t2_change_string_literal,ok,1,True,T2,True,1.0,0.2,0.2
R00034,1,MUTATION,T2,t2_change_string_literal,ok,3,True,T2,True,1.0,1.0,1.0
R00034,2,CLONE_INTERVAL,T1,t1_add_eol_comment,ok,1,True,T2,False,1.0,0.2333,0.2333
R00034,3,MUTATION,T1,t1_add_eol_comment,ok,3,True,T1,True,1.0,0.0435,0.0435
R00034,4,UNTOUCHED,T1,none,ok,3,True,T1,True,0.6667,1.0,0.6667
R00034,5,UNTOUCHED,T1,none,ok,3,True,T1,True,1.0,0.1304,0.1304
R00034,6,UNTOUCHED,T1,none,ok,3,True,T1,True,0.6923,0.3913,0.3333
R00035,0,CLONE_INTERVAL,T2,t2_rename_local,ok,1,True,T3,False,0.8571,0.2609,0.25
R00035,1,MUTATION,T2,t2_rename_local,ok,5,True,T2,True,1.0,1.0,1.0
R00035,2,CLONE_INTERVAL,T3,t3_delete_statement,ok,1,True,T3,True,1.0,0.2273,0.2273
R00035,3,MUTATION,T3,t3_delete_statement,ok,5,True,T3,True,1.0,1.0,1.0
R00035,4,UNTOUCHED,T1,none,ok,5,True,T1,True,0.75,0.75,0.6
R00035,5,UNTOUCHED,T1,none,ok,5,True,T1,True,0.75,0.6,0.5
R00035,6,UNTOUCHED,T1,none,ok,5,True,T1,True,0.6,0.5,0.375
R00036,0,CLONE_INTERVAL,T2,t2_change_int_literal,ok,1,True,T2,True,1.0,0.2069,0.2069
R00036,1,MUTATION,T2,t2_change_int_literal,ok,3,True,T2,True,1.0,1.0,1.0
R00036,2,CLONE_INTERVAL,T1,t1_add_block_comment,ok,1,True,T2,False,1.0,0.2143,0.2143
R00036,3,MUTATION,T1,t1_add_block_comment,ok,3,False,,False,0.0,0.0,0.0
R00036,4,UNTOUCHED,T1,none,ok,3,True,T1,True,0.8,1.0,0.8
R00036,5,UNTOUCHED,T1,none,ok,3,True,T1,True,0.7778,0.3889,0.35
R00036,6,UNTOUCHED,T1,none,ok,3,True,T1,True,0.75,0.1667,0.1579
R00037,0,CLONE_INTERVAL,T1,t1_reindent,ok,1,True,T3,False,1.0,0.0938,0.0938
R00037,1,MUTATION,T1,t1_reindent,ok,3,True,T1,True,0.8889,0.2,0.1951
R00037,2,CLONE_INTERVAL,T3,t3_insert_statement,ok,1,True,T3,True,1.0,0.0737,0.0737
R00037,3,MUTATION,T3,t3_insert_statement,ok,3,True,T3,True,1.0,1.0,1.0
R00037,4,UNTOUCHED,T1,none,ok,3,True,T1,True,0.6667,0.05,0.0488
R00037,5,UNTOUCHED,T1,none,ok,3,True,T1,True,0.3333,0.025,0.0238
R00037,6,UNTOUCHED,T1,none,ok,3,True,T1,True,0.5,0.05,0.0476
R00037,7,UNTOUCHED,T1,none,ok,3,True,T1,True,0.6667,0.2941,0.2564
R00038,0,CLONE_INTERVAL,T3,t3_delete_statement,ok,1,True,T3,True,0.8571,0.2143,0.2069
R00038,1,MUTATION,T3,t3_delete_statement,ok,6,True,T2,False,1.0,1.0,1.0
R00038,2,CLONE_INTERVAL,T3,t3_delete_statement,ok,1,True,T3,True,0.8,0.1429,0.1379
R00038,3,MUTATION,T3,t3_delete_statement,ok,6,True,T3,True,1.0,1.0,1.0
R00038,4,UNTOUCHED,T1,none,ok,6,True,T1,True,0.8571,0.8571,0.75
R00038,5,UNTOUCHED,T1,none,ok,6,True,T1,True,0.6667,0.3333,0.2857
R00038,6,UNTOUCHED,T1,none,ok,6,True,T1,True,0.6154,0.6667,0.4706
R00039,0,CLONE_INTERVAL,T1,t1_add_block_comment,ok,1,True,T1,True,0.7143,0.0943,0.0909
R00039,1,MUTATION,T1,t1_add_block_comment,ok,1,False,,False,0.0,0.0,0.0
R00039,2,CLONE_INTERVAL,T1,t1_add_block_comment,ok,1,True,T1,True,1.0,0.1346,0.1346
R00039,3,MUTATION,T1,t1_add_block_comment,ok,1,False,,False,0.0,0.0,0.0
R00039,4,UNTOUCHED,T1,none,ok,1,True,T1,True,0.6667,0.0488,0.0476
R00039,5,UNTOUCHED,T1,none,ok,1,True,T1,True,0.6667,0.0488,0.0476
R00039,6,UNTOUCHED,T1,none,ok,1,True,T1,True,0.6316,0.2927,0.25
R00040,0,CLONE_INTERVAL,T1,t1_add_blank_line,ok,1,True,T3,False,0.8571,0.0789,0.0789
R00040,1,MUTATION,T1,t1_add_blank_line,ok,3,False,,False,0.0,0.0,0.0
R00040,2,CLONE_INTERVAL,T3,t3_delete_statement,ok,1,False,,False,0.5,0.0533,0.0506
R00040,3,MUTATION,T3,t3_delete_statement,ok,3,True,T3,True,1.0,1.0,1.0
R00040,4,UNTOUCHED,T1,none,ok,3,True,T1,True,0.75,0.1111,0.1071
R00040,5,UNTOUCHED,T1,none,ok,3,True,T1,True,0.8571,0.2222,0.2143
R00040,6,UNTOUCHED,T1,none,ok,3,True,T1,True,0.7209,0.9688,0.7045
R00041,0,CLONE_INTERVAL,T1,t1_reindent,ok,1,True,T2,False,1.0,0.3448,0.3448
R00041,1,MUTATION,T1,t1_reindent,ok,3,True,T1,True,0.9,0.5294,0.5
R00041,2,CLONE_INTERVAL,T2,t2_change_string_literal,ok,1,True,T2,True,1.0,0.3103,0.3103
R00041,3,MUTATION,T2,t2_change_string_literal,ok,3,True,T2,True,1.0,1.0,1.0
R00041,4,UNTOUCHED,T1,none,ok,3,True,T1,True,0.6,0.1765,0.1579
R00041,5,UNTOUCHED,T1,none,ok,3,True,T1,True,0.75,0.1765,0.1667
R00041,6,UNTOUCHED,T1,none,ok,3,True,T1,True,0.5,0.4,0.2857
R00042,0,CLONE_INTERVAL,T1,t1_add_block_comment,ok,1,True,T1,True,0.8333,0.0543,0.0538
R00042,1,MUTATION,T1,t1_add_block_comment,ok,1,False,,False,0.0,0.0,0.0
R00042,2,CLONE_INTERVAL,T1,t1_add_eol_comment,ok,1,True,T1,True,0.8333,0.0538,0.0532
R00042,3,MUTATION,T1,t1_add_eol_comment,ok,1,True,T1,True,1.0,0.0141,0.0141
R00042,4,UNTOUCHED,T1,none,ok,1,False,,False,0.0,0.0,0.0
R00042,5,UNTOUCHED,T1,none,ok,1,True,T1,True,0.5556,0.0704,0.0667
R00042,6,UNTOUCHED,T1,none,ok,1,False,,False,0.0,0.0,0.0
R00042,7,UNTOUCHED,T1,none,ok,1,True,T1,True,0.5556,0.0704,0.0667
R00043,0,CLONE_INTERVAL,T2,t2_change_int_literal,ok,1,True,T2,True,1.0,0.1818,0.1818
R00043,1,MUTATION,T2,t2_change_int_literal,ok,3,True,T2,True,1.0,1.0,1.0
R00043,2,CLONE_INTERVAL,T1,t1_reindent,ok,1,True,T2,False,1.0,0.2424,0.2424
R00043,3,MUTATION,T1,t1_reindent,ok,3,True,T1,True,0.625,0.2381,0.2083
R00043,4,UNTOUCHED,T1,none,ok,3,True,T1,True,0.6667,0.5,0.4
R00043,5,UNTOUCHED,T1,none,ok,3,True,T1,True,0.8,0.5714,0.5
R00043,6,UNTOUCHED,T1,none,ok,3,True,T1,True,0.6667,0.0952,0.0909
R00044,0,CLONE_INTERVAL,T3,t3_wrap_statement,ok,1,True,T3,True,1.0,0.2222,0.2222
R00044,1,MUTATION,T3,t3_wrap_statement,ok,5,True,T3,True,1.0,1.0,1.0
R00044,2,CLONE_INTERVAL,T2,t2_change_int_literal,ok,1,True,T3,False,1.0,0.2069,0.2069
R00044,3,MUTATION,T2,t2_change_int_literal,ok,5,True,T2,True,1.0,1.0,1.0
R00044,4,UNTOUCHED,T1,none,ok,5,True,T1,True,0.8,0.8,0.6667
R00044,5,UNTOUCHED,T1,none,ok,5,True,T1,True,0.75,0.3333,0.3
R00044,6,UNTOUCHED,T1,none,ok,5,True,T1,True,0.625,0.625,0.4545
R00045,0,CLONE_INTERVAL,T1,t1_reindent,ok,1,True,T3,False,1.0,0.1935,0.1935
R00045,1,MUTATION,T1,t1_reindent,ok,3,True,T1,True,1.0,0.25,0.25
R00045,2,CLONE_INTERVAL,T3,t3_insert_statement,ok,1,True,T3,True,1.0,0.3871,0.3871
R00045,3,MUTATION,T3,t3_insert_statement,ok,3,True,T3,True,1.0,1.0,1.0
R00045,4,UNTOUCHED,T1,none,ok,3,True,T1,True,0.75,0.125,0.12
R00045,5,UNTOUCHED,T1,none,ok,3,True,T1,True,0.7143,0.2083,0.1923
R00045,6,UNTOUCHED,T1,none,ok,3,True,T1,True,0.6667,1.0,0.6667
R00046,0,CLONE_INTERVAL,T1,t1_add_block_comment,ok,8,True,T1,True,0.9,0.2571,0.25
R00046,1,MUTATION,T1,t1_add_block_comment,ok,8,False,,False,0.0,0.0,0.0
R00046,2,CLONE_INTERVAL,T1,t1_add_eol_comment,ok,8,True,T1,True,1.0,0.2286,0.2286
R00046,3,MUTATION,T1,t1_add_eol_comment,ok,8,False,,False,0.0,0.0,0.0
R00046,4,UNTOUCHED,T1,none,ok,8,True,T1,True,0.6,0.1111,0.1034
R00046,5,UNTOUCHED,T1,none,ok,8,True,T1,True,0.8571,0.2222,0.2143
R00046,6,UNTOUCHED,T1,none,ok,8,True,T1,True,0.75,0.2222,0.2069
R00047,0,CLONE_INTERVAL,T2,t2_rename_local,ok,1,False,,False,0.5,0.1429,0.125
R00047,1,MUTATION,T2,t2_rename_local,ok,3,False,,False,0.0,0.0,0.0
R00047,2,CLONE_INTERVAL,T2,t2_change_int_literal,ok,1,True,T2,True,1.0,0.4286,0.4286
R00047,3,MUTATION,T2,t2_change_int_literal,ok,3,True,T2,True,1.0,1.0,1.0
R00047,4,UNTOUCHED,T1,none,ok,3,False,,False,0.0,0.0,0.0
R00047,5,UNTOUCHED,T1,none,ok,3,True,T1,True,1.0,0.375,0.375
R00047,6,UNTOUCHED,T1,none,ok,3,True,T1,True,0.5714,0.5,0.3636
R00048,0,CLONE_INTERVAL,T1,t1_add_block_comment,ok,2,True,T1,True,1.0,0.3611,0.3611
R00048,1,MUTATION,T1,t1_add_block_comment,ok,2,True,T1,True,1.0,0.0345,0.0345
R00048,2,CLONE_INTERVAL,T2,t2_rename_local,ok,2,False,,False,0.0,0.0,0.0
R00048,3,MUTATION,T2,t2_rename_local,ok,2,False,,False,0.0,0.0,0.0
R00048,4,UNTOUCHED,T1,none,ok,2,True,T1,True,0.8,0.2759,0.2581
R00048,5,UNTOUCHED,T1,none,ok,2,True,T1,True,0.6667,0.069,0.0667
R00048,6,UNTOUCHED,T1,none,ok,2,False,,False,0.0,0.0,0.0
R00048,7,UNTOUCHED,T1,none,ok,2,False,,False,0.0,0.0,0.0
R00049,0,CLONE_INTERVAL,T3,t3_delete_statement,ok,1,True,T3,True,0.9474,0.1682,0.1667
R00049,1,MUTATION,T3,t3_delete_statement,ok,3,True,T3,True,1.0,1.0,1.0
R00049,2,CLONE_INTERVAL,T1,t1_add_block_comment,ok,1,True,T3,False,0.875,0.0648,0.0648
R00049,3,MUTATION,T1,t1_add_block_comment,ok,3,False,,False,0.0,0.0,0.0
R00049,4,UNTOUCHED,T1,none,ok,3,True,T1,True,0.3333,0.25,0.1667
R00049,5,UNTOUCHED,T1,none,ok,3,True,T1,True,0.6667,0.0253,0.025
R00049,6,UNTOUCHED,T1,none,ok,3,True,T1,True,0.5,0.0253,0.0247
R00049,7,UNTOUCHED,T1,none,ok,3,True,T1,True,0.6667,0.1266,0.119
R00050,0,CLONE_INTERVAL,T1,t1_reindent,ok,1,True,T2,False,1.0,0.2812,0.2812
R00050,1,MUTATION,T1,t1_reindent,ok,5,True,T1,True,0.7778,0.35,0.3182
R00050,2,CLONE_INTERVAL,T2,t2_rename_local,ok,1,True,T2,True,0.8571,0.1875,0.1818
R00050,3,MUTATION,T2,t2_rename_local,ok,5,True,T2,True,1.0,1.0,1.0
R00050,3,MUTATION,T2,t2_rename_local,ok,5,True,T2,True,1.0,0.5,0.5
R00050,3,MUTATION,T2,t2_rename_local,ok,5,True,T2,True,1.0,0.5,0.5
R00050,6,UNTOUCHED,T1,none,ok,5,True,T1,True,0.75,0.15,0.1429
R00050,7,UNTOUCHED,T1,none,ok,5,True,T1,True,0.8571,0.3,0.2857
R00050,8,UNTOUCHED,T1,none,ok,5,True,T1,True,0.6667,0.1,0.0952
R00050,9,UNTOUCHED,T1,none,ok,5,True,T1,True,0.625,1.0,0.625
R00051,0,CLONE_INTERVAL,T2,t2_rename_local,ok,1,False,,False,0.3333,0.08,0.069
R00051,1,MUTATION,T2,t2_rename_local,ok,7,True,T2,True,1.0,1.0,1.0
R00051,1,MUTATION,T2,t2_rename_local,ok,7,True,T2,True,1.0,1.0,1.0
R00051,1,MUTATION,T2,t2_rename_local,ok,7,True,T2,True,1.0,1.0,1.0
R00051,2,CLONE_INTERVAL,T2,t2_rename_local,ok,1,True,T2,True,0.9474,0.72,0.6923
R00051,3,MUTATION,T2,t2_rename_local,ok,7,True,T2,True,1.0,1.0,1.0
R00051,3,MUTATION,T2,t2_rename_local,ok,7,True,T2,True,1.0,1.0,1.0
R00051,3,MUTATION,T2,t2_rename_local,ok,7,True,T2,True,1.0,1.0,1.0
R00051,6,UNTOUCHED,T1,none,ok,7,False,,False,0.0,0.0,0.0
R00051,7,UNTOUCHED,T1,none,ok,7,True,T1,True,0.8,0.4444,0.4
R00051,8,UNTOUCHED,T1,none,ok,7,True,T1,True,0.25,1.0,0.25
R00052,0,CLONE_INTERVAL,T1,t1_add_blank_line,ok,2,False,,False,0.0,0.0,0.0
R00052,1,MUTATION,T1,t1_add_blank_line,ok,2,False,,False,0.0,0.0,0.0
R00052,2,CLONE_INTERVAL,T3,t3_wrap_statement,ok,2,False,,False,0.0,0.0,0.0
R00052,3,MUTATION,T3,t3_wrap_statement,ok,2,False,,False,0.0,0.0,0.0
R00052,4,UNTOUCHED,T1,none,ok,2,False,,False,0.0,0.0,0.0
R00052,5,UNTOUCHED,T1,none,ok,2,False,,False,0.0,0.0,0.0
R00052,6,UNTOUCHED,T1,none,ok,2,False,,False,0.0,0.0,0.0
R00052,7,UNTOUCHED,T1,none,ok,2,False,,False,0.0,0.0,0.0
R00053,0,CLONE_INTERVAL,T3,t3_insert_statement,ok,1,True,T3,True,1.0,0.2609,0.2609
R00053,1,MUTATION,T3,t3_insert_statement,ok,5,True,T3,True,1.0,1.0,1.0
R00053,2,CLONE_INTERVAL,T3,t3_insert_statement,ok,1,True,T3,True,1.0,0.2609,0.2609
R00053,3,MUTATION,T3,t3_insert_statement,ok,5,True,T3,True,1.0,1.0,1.0
R00053,4,UNTOUCHED,T1,none,ok,5,True,T1,True,0.75,0.6,0.5
R00053,5,UNTOUCHED,T1,none,ok,5,True,T1,True,0.6667,0.3333,0.2857
R00053,6,UNTOUCHED,T1,none,ok,5,True,T1,True,0.5,0.6,0.375
R00054,0,CLONE_INTERVAL,T1,t1_add_blank_line,ok,1,True,T1,True,0.8889,0.3478,0.3333
R00054,1,MUTATION,T1,t1_add_blank_line,ok,1,False,,False,0.0,0.0,0.0
R00054,2,CLONE_INTERVAL,T1,t1_add_eol_comment,ok,1,True,T1,True,1.0,0.2609,0.2609
R00054,3,MUTATION,T1,t1_add_eol_comment,ok,1,True,T1,True,1.0,0.0556,0.0556
R00054,4,UNTOUCHED,T1,none,ok,1,True,T1,True,0.8,0.2222,0.2105
R00054,5,UNTOUCHED,T1,none,ok,1,True,T1,True,0.6667,0.1111,0.1053
R00054,6,UNTOUCHED,T1,none,ok,1,True,T1,True,0.6667,0.1111,0.1053
R00055,0,CLONE_INTERVAL,T1,t1_reindent,ok,2,True,T1,True,1.0,0.84,0.84
R00055,1,MUTATION,T1,t1_reindent,ok,4,True,T1,True,0.7143,0.7895,0.6
R00055,2,CLONE_INTERVAL,T2,t2_rename_local,ok,2,True,T2,True,1.0,0.4737,0.4737
R00055,3,MUTATION,T2,t2_rename_local,ok,4,True,T2,True,1.0,1.0,1.0
R00055,4,UNTOUCHED,T1,none,ok,4,True,T1,True,0.6667,0.1053,0.1
R00055,5,UNTOUCHED,T1,none,ok,4,True,T1,True,0.6667,0.1053,0.1
R00055,6,UNTOUCHED,T1,none,ok,4,True,T1,True,0.8,0.5,0.4444
R00055,7,UNTOUCHED,T1,none,ok,4,True,T1,True,0.5714,1.0,0.5714
R00056,0,CLONE_INTERVAL,T3,t3_delete_statement,ok,1,True,T3,True,1.0,0.1429,0.1429
R00056,1,MUTATION,T3,t3_delete_statement,ok,5,True,T3,True,1.0,1.0,1.0
R00056,2,CLONE_INTERVAL,T2,t2_change_int_literal,ok,1,True,T3,False,1.0,0.1667,0.1667
R00056,3,MUTATION,T2,t2_change_int_literal,ok,5,True,T2,True,1.0,1.0,1.0
R00056,4,UNTOUCHED,T1,none,ok,5,True,T1,True,0.8333,1.0,0.8333
R00056,5,UNTOUCHED,T1,none,ok,5,True,T1,True,0.6923,0.6923,0.5294
R00056,6,UNTOUCHED,T1,none,ok,5,True,T1,True,0.5714,0.5714,0.4
R00057,0,CLONE_INTERVAL,T1,t1_reindent,ok,1,False,,False,0.6667,0.0412,0.0404
R00057,1,MUTATION,T1,t1_reindent,ok,1,True,T1,True,0.6667,0.0471,0.046
R00057,3,CLONE_INTERVAL,T1,t1_add_block_comment,ok,1,True,T1,True,0.8571,0.0619,0.0612
R00057,4,MUTATION,T1,t1_add_block_comment,ok,1,False,,False,0.0,0.0,0.0
R00057,5,UNTOUCHED,T1,none,ok,1,True,T1,True,0.6667,0.0235,0.0233
R00057,6,UNTOUCHED,T1,none,ok,1,True,T1,True,0.5714,0.0471,0.0455
R00057,7,UNTOUCHED,T1,none,ok,1,True,T1,True,0.625,0.0588,0.0568
R00057,8,UNTOUCHED,T1,none,ok,1,True,T1,True,0.6667,0.0706,0.0682
R00058,0,CLONE_INTERVAL,T1,t1_add_eol_comment,ok,1,True,T1,True,1.0,0.1765,0.1765
R00058,1,MUTATION,T1,t1_add_eol_comment,ok,1,True,T1,True,1.0,0.0357,0.0357
R00058,2,CLONE_INTERVAL,T1,t1_reindent,ok,1,True,T1,True,1.0,0.2353,0.2353
R00058,3,MUTATION,T1,t1_reindent,ok,1,True,T1,True,0.75,0.2143,0.2
R00058,4,UNTOUCHED,T1,none,ok,1,True,T1,True,0.6667,0.0714,0.069
R00058,5,UNTOUCHED,T1,none,ok,1,True,T1,True,0.75,0.4286,0.375
R00058,6,UNTOUCHED,T1,none,ok,1,True,T1,True,0.6667,0.0714,0.069
R00059,0,CLONE_INTERVAL,T2,t2_change_int_literal,ok,1,True,T2,True,1.0,0.303,0.303
R00059,1,MUTATION,T2,t2_change_int_literal,ok,3,True,T2,True,1.0,1.0,1.0
R00059,2,CLONE_INTERVAL,T1,t1_reindent,ok,1,True,T2,False,1.0,0.1818,0.1818
R00059,3,MUTATION,T1,t1_reindent,ok,3,True,T1,True,0.8333,0.25,0.2381
R00059,4,UNTOUCHED,T1,none,ok,3,True,T1,True,0.8333,1.0,0.8333
R00059,5,UNTOUCHED,T1,none,ok,3,True,T1,True,0.6,0.3,0.25
R00059,6,UNTOUCHED,T1,none,ok,3,True,T1,True,0.6667,0.1,0.0952
R00060,0,CLONE_INTERVAL,T2,t2_rename_local,ok,1,False,,False,0.0,0.0,0.0
R00060,1,MUTATION,T2,t2_rename_local,ok,1,False,,False,0.0,0.0,0.0
R00060,2,CLONE_INTERVAL,T1,t1_add_blank_line,ok,1,True,T1,True,0.8889,0.6154,0.5714
R00060,3,MUTATION,T1,t1_add_blank_line,ok,1,False,,False,0.0,0.0,0.0
R00060,4,UNTOUCHED,T1,none,ok,1,False,,False,0.0,0.0,0.0
R00060,5,UNTOUCHED,T1,none,ok,1,True,T1,True,0.4444,0.3636,0.25
R00060,6,UNTOUCHED,T1,none,ok,1,True,T1,True,0.1429,0.0909,0.0588
R00061,0,CLONE_INTERVAL,T2,t2_change_int_literal,ok,2,True,T2,True,1.0,0.4783,0.4783
R00061,1,MUTATION,T2,t2_change_int_literal,ok,4,True,T2,True,1.0,1.0,1.0
R00061,2,CLONE_INTERVAL,T1,t1_add_eol_comment,ok,2,True,T1,True,1.0,0.75,0.75
R00061,3,MUTATION,T1,t1_add_eol_comment,ok,4,False,,False,0.0,0.0,0.0
R00061,4,UNTOUCHED,T1,none,ok,4,True,T1,True,0.6667,0.5,0.4
R00061,5,UNTOUCHED,T1,none,ok,4,True,T1,True,0.5,0.2308,0.1875
R00061,6,UNTOUCHED,T1,none,ok,4,True,T1,True,0.6,0.1579,0.1429
R00061,7,UNTOUCHED,T1,none,ok,4,True,T1,True,0.6667,0.1053,0.1
R00062,0,CLONE_INTERVAL,T1,t1_add_eol_comment,ok,1,True,T1,True,1.0,0.125,0.125
R00062,1,MUTATION,T1,t1_add_eol_comment,ok,1,True,T1,True,1.0,0.0263,0.0263
R00062,2,CLONE_INTERVAL,T1,t1_add_blank_line,ok,1,True,T1,True,1.0,0.1915,0.1915
R00062,3,MUTATION,T1,t1_add_blank_line,ok,1,False,,False,0.0,0.0,0.0
R00062,4,UNTOUCHED,T1,none,ok,1,True,T1,True,0.8889,0.2105,0.2051
R00062,5,UNTOUCHED,T1,none,ok,1,True,T1,True,1.0,0.0789,0.0789
R00062,6,UNTOUCHED,T1,none,ok,1,True,T1,True,0.6364,0.3684,0.3043
R00063,0,CLONE_INTERVAL,T3,t3_delete_statement,ok,1,True,T3,True,1.0,0.1786,0.1786
R00063,1,MUTATION,T3,t3_delete_statement,ok,7,True,T3,True,1.0,1.0,1.0
R00063,2,CLONE_INTERVAL,T3,t3_wrap_statement,ok,1,True,T3,True,1.0,0.2222,0.2222
R00063,3,MUTATION,T3,t3_wrap_statement,ok,7,True,T3,True,1.0,1.0,1.0
R00063,4,UNTOUCHED,T1,none,ok,7,True,T1,True,0.8,1.0,0.8
R00063,5,UNTOUCHED,T1,none,ok,7,True,T1,True,0.6,0.375,0.3
R00063,6,UNTOUCHED,T1,none,ok,7,True,T1,True,0.5714,0.8,0.5
R00064,0,CLONE_INTERVAL,T1,t1_add_eol_comment,ok,1,True,T3,False,0.8333,0.0581,0.0575
R00064,1,MUTATION,T1,t1_add_eol_comment,ok,3,True,T1,True,1.0,0.0222,0.0222
R00064,2,CLONE_INTERVAL,T3,t3_wrap_statement,ok,1,True,T3,True,0.8333,0.0595,0.0588
R00064,3,MUTATION,T3,t3_wrap_statement,ok,3,True,T3,True,1.0,1.0,1.0
R00064,4,UNTOUCHED,T1,none,ok,3,False,,False,0.0,0.0,0.0
R00064,5,UNTOUCHED,T1,none,ok,3,True,T1,True,0.5556,0.1111,0.102
R00064,6,UNTOUCHED,T1,none,ok,3,False,,False,0.0,0.0,0.0
R00064,7,UNTOUCHED,T1,none,ok,3,True,T1,True,0.5556,0.2174,0.1852
R00065,0,CLONE_INTERVAL,T1,t1_add_blank_line,ok,1,True,T2,False,1.0,0.2069,0.2069
R00065,1,MUTATION,T1,t1_add_blank_line,ok,3,False,,False,0.0,0.0,0.0
R00065,2,CLONE_INTERVAL,T2,t2_rename_local,ok,1,True,T2,True,1.0,0.2333,0.2333
R00065,3,MUTATION,T2,t2_rename_local,ok,3,True,T2,True,1.0,1.0,1.0
R00065,4,UNTOUCHED,T1,none,ok,3,True,T1,True,0.8,0.25,0.2353
R00065,5,UNTOUCHED,T1,none,ok,3,True,T1,True,0.7143,0.3125,0.2778
R00065,6,UNTOUCHED,T1,none,ok,3,True,T1,True,0.5,1.0,0.5
R00066,0,CLONE_INTERVAL,T1,t1_reindent,ok,1,True,T1,True,1.0,0.1154,0.1154
R00066,1,MUTATION,T1,t1_reindent,ok,1,True,T1,True,1.0,0.1579,0.1579
R00066,2,CLONE_INTERVAL,T1,t1_add_eol_comment,ok,1,True,T1,True,1.0,0.1154,0.1154
R00066,3,MUTATION,T1,t1_add_eol_comment,ok,1,True,T1,True,1.0,0.0263,0.0263
R00066,4,UNTOUCHED,T1,none,ok,1,True,T1,True,0.6667,0.0526,0.0513
R00066,5,UNTOUCHED,T1,none,ok,1,True,T1,True,0.6875,0.5789,0.4583
R00066,6,UNTOUCHED,T1,none,ok,1,True,T1,True,0.5714,0.1053,0.0976
R00067,0,CLONE_INTERVAL,T2,t2_change_int_literal,ok,3,True,T2,True,1.0,0.2222,0.2222
R00067,1,MUTATION,T2,t2_change_int_literal,ok,5,True,T2,True,1.0,1.0,1.0
R00067,2,CLONE_INTERVAL,T1,t1_reindent,ok,3,True,T1,True,1.0,0.1935,0.1935
R00067,3,MUTATION,T1,t1_reindent,ok,5,True,T1,True,0.6667,0.1667,0.1538
R00067,4,UNTOUCHED,T1,none,ok,5,True,T1,True,0.6667,1.0,0.6667
R00067,5,UNTOUCHED,T1,none,ok,5,True,T1,True,0.6667,0.1053,0.1
R00067,6,UNTOUCHED,T1,none,ok,5,True,T1,True,0.6,0.125,0.1154
R00067,7,UNTOUCHED,T1,none,ok,5,True,T1,True,0.7143,0.4167,0.3571
R00068,0,CLONE_INTERVAL,T1,t1_reindent,ok,1,True,T1,True,1.0,0.1935,0.1935
R00068,1,MUTATION,T1,t1_reindent,ok,1,True,T1,True,1.0,0.2222,0.2222
R00068,2,CLONE_INTERVAL,T1,t1_add_eol_comment,ok,1,True,T1,True,1.0,0.2258,0.2258
R00068,3,MUTATION,T1,t1_add_eol_comment,ok,1,True,T1,True,1.0,0.037,0.037
R00068,4,UNTOUCHED,T1,none,ok,1,True,T1,True,0.75,0.1111,0.1071
R00068,5,UNTOUCHED,T1,none,ok,1,True,T1,True,0.8,0.2963,0.2759
R00068,6,UNTOUCHED,T1,none,ok,1,True,T1,True,0.6667,0.1481,0.1379
R00069,0,CLONE_INTERVAL,T3,t3_delete_statement,ok,1,False,,False,0.6,0.1765,0.1579
R00069,1,MUTATION,T3,t3_delete_statement,ok,5,True,T3,True,1.0,1.0,1.0
R00069,2,CLONE_INTERVAL,T3,t3_delete_statement,ok,1,False,,False,0.4444,0.2353,0.1818
R00069,3,MUTATION,T3,t3_delete_statement,ok,5,True,T3,True,1.0,1.0,1.0
R00069,4,UNTOUCHED,T1,none,ok,5,True,T1,True,0.5,1.0,0.5
R00069,5,UNTOUCHED,T1,none,ok,5,True,T1,True,1.0,0.5,0.5
R00069,6,UNTOUCHED,T1,none,ok,5,True,T1,True,0.3077,0.5714,0.25
R00070,0,CLONE_INTERVAL,T3,t3_insert_statement,ok,1,True,T3,True,1.0,0.1875,0.1875
R00070,1,MUTATION,T3,t3_insert_statement,ok,5,True,T3,True,1.0,1.0,1.0
R00070,2,CLONE_INTERVAL,T2,t2_rename_local,ok,1,True,T3,False,1.0,0.3333,0.3333
R00070,3,MUTATION,T2,t2_rename_local,ok,5,True,T2,True,1.0,1.0,1.0
R00070,4,UNTOUCHED,T1,none,ok,5,True,T1,True,0.6667,0.2857,0.25
R00070,5,UNTOUCHED,T1,none,ok,5,True,T1,True,0.8,0.5714,0.5
R00070,6,UNTOUCHED,T1,none,ok,5,True,T1,True,0.6667,1.0,0.6667
R00071,0,CLONE_INTERVAL,T3,t3_insert_statement,ok,1,True,T3,True,1.0,0.2667,0.2667
R00071,1,MUTATION,T3,t3_insert_statement,ok,5,True,T3,True,1.0,1.0,1.0
R00071,2,CLONE_INTERVAL,T2,t2_change_int_literal,ok,1,True,T3,False,0.8889,0.2667,0.2581
R00071,3,MUTATION,T2,t2_change_int_literal,ok,5,True,T2,True,1.0,1.0,1.0
R00071,4,UNTOUCHED,T1,none,ok,5,True,T1,True,0.4,0.25,0.1818
R00071,5,UNTOUCHED,T1,none,ok,5,True,T1,True,0.6667,1.0,0.6667
R00071,6,UNTOUCHED,T1,none,ok,5,True,T1,True,0.6364,0.5833,0.4375
R00072,0,CLONE_INTERVAL,T1,t1_add_blank_line,ok,1,False,,False,0.4286,0.1304,0.1111
R00072,1,MUTATION,T1,t1_add_blank_line,ok,3,False,,False,0.0,0.0,0.0
R00072,2,CLONE_INTERVAL,T2,t2_change_string_literal,ok,1,True,T2,True,1.0,0.2609,0.2609
R00072,3,MUTATION,T2,t2_change_string_literal,ok,3,True,T2,True,1.0,1.0,1.0
R00072,4,UNTOUCHED,T1,none,ok,3,False,,False,0.0,0.0,0.0
R00072,5,UNTOUCHED,T1,none,ok,3,True,T1,True,1.0,0.5,0.5
R00072,6,UNTOUCHED,T1,none,ok,3,True,T1,True,0.6364,0.7778,0.5385
R00073,0,CLONE_INTERVAL,T2,t2_rename_local,ok,1,True,T3,False,1.0,0.1935,0.1935
R00073,1,MUTATION,T2,t2_rename_local,ok,5,True,T2,True,1.0,1.0,1.0
R00073,2,CLONE_INTERVAL,T3,t3_delete_statement,ok,1,True,T3,True,1.0,0.2333,0.2333
R00073,3,MUTATION,T3,t3_delete_statement,ok,5,True,T3,True,1.0,1.0,1.0
R00073,4,UNTOUCHED,T1,none,ok,5,True,T1,True,0.75,1.0,0.75
R00073,5,UNTOUCHED,T1,none,ok,5,True,T1,True,1.0,0.4286,0.4286
R00073,6,UNTOUCHED,T1,none,ok,5,True,T1,True,0.5833,0.6364,0.4375
R00074,0,CLONE_INTERVAL,T3,t3_delete_statement,ok,1,True,T3,True,1.0,0.1923,0.1923
R00074,1,MUTATION,T3,t3_delete_statement,ok,5,True,T3,True,1.0,1.0,1.0
R00074,2,CLONE_INTERVAL,T3,t3_insert_statement,ok,1,True,T3,True,1.0,0.2308,0.2308
R00074,3,MUTATION,T3,t3_insert_statement,ok,5,True,T3,True,1.0,1.0,1.0
R00074,4,UNTOUCHED,T1,none,ok,5,True,T1,True,0.6667,0.2857,0.25
R00074,5,UNTOUCHED,T1,none,ok,5,True,T1,True,0.8,0.5,0.4444
R00074,6,UNTOUCHED,T1,none,ok,5,True,T1,True,0.75,0.8571,0.6667
R00075,0,CLONE_INTERVAL,T3,t3_insert_statement,ok,1,True,T3,True,0.8333,0.0746,0.0735
R00075,1,MUTATION,T3,t3_insert_statement,ok,5,True,T3,True,1.0,1.0,1.0
R00075,2,CLONE_INTERVAL,T3,t3_wrap_statement,ok,1,True,T3,True,0.8333,0.0746,0.0735
R00075,3,MUTATION,T3,t3_wrap_statement,ok,5,True,T3,True,1.0,1.0,1.0
R00075,4,UNTOUCHED,T1,none,ok,5,True,T1,True,0.5714,0.1739,0.1538
R00075,5,UNTOUCHED,T1,none,ok,5,True,T1,True,0.6,0.2727,0.2308
R00075,6,UNTOUCHED,T1,none,ok,5,True,T1,True,0.5714,0.3636,0.2857
R00075,7,UNTOUCHED,T1,none,ok,5,True,T1,True,0.6,0.1154,0.1071
R00076,0,CLONE_INTERVAL,T2,t2_rename_local,ok,8,True,T2,True,1.0,0.2273,0.2273
R00076,1,MUTATION,T2,t2_rename_local,ok,16,True,T2,True,0.4444,1.0,0.4444
R00076,4,CLONE_INTERVAL,T2,t2_change_int_literal,ok,8,True,T2,True,1.0,0.2045,0.2045
R00076,5,MUTATION,T2,t2_change_int_literal,ok,16,True,T2,True,1.0,1.0,1.0
R00076,6,UNTOUCHED,T1,none,ok,16,True,T1,True,0.5,1.0,0.5
R00076,7,UNTOUCHED,T1,none,ok,16,True,T1,True,0.6667,0.2,0.1818
R00076,8,UNTOUCHED,T1,none,ok,16,True,T1,True,0.6667,0.2,0.1818
R00076,9,UNTOUCHED,T1,none,ok,16,True,T1,True,0.6667,0.5882,0.4545
R00077,0,CLONE_INTERVAL,T1,t1_add_eol_comment,ok,1,True,T1,True,1.0,0.0609,0.0609
R00077,1,MUTATION,T1,t1_add_eol_comment,ok,1,True,T1,True,1.0,0.0097,0.0097
R00077,2,CLONE_INTERVAL,T1,t1_add_block_comment,ok,1,True,T1,True,1.0,0.0526,0.0526
R00077,3,MUTATION,T1,t1_add_block_comment,ok,1,False,,False,0.0,0.0,0.0
R00077,4,UNTOUCHED,T1,none,ok,1,True,T1,True,0.6667,0.0388,0.0381
R00077,5,UNTOUCHED,T1,none,ok,1,True,T1,True,0.5,0.0194,0.019
R00077,6,UNTOUCHED,T1,none,ok,1,True,T1,True,0.625,0.0485,0.0472
R00077,7,UNTOUCHED,T1,none,ok,1,True,T1,True,0.6667,0.0583,0.0566
R00078,0,CLONE_INTERVAL,T2,t2_change_string_literal,ok,1,True,T2,True,1.0,0.15,0.15
R00078,1,MUTATION,T2,t2_change_string_literal,ok,5,True,T2,True,1.0,1.0,1.0
R00078,2,CLONE_INTERVAL,T2,t2_change_string_literal,ok,1,True,T2,True,1.0,0.175,0.175
R00078,3,MUTATION,T2,t2_change_string_literal,ok,5,True,T2,True,1.0,1.0,1.0
R00078,4,UNTOUCHED,T1,none,ok,5,True,T1,True,0.8,0.7273,0.6154
R00078,5,UNTOUCHED,T1,none,ok,5,True,T1,True,0.8333,0.625,0.5556
R00078,6,UNTOUCHED,T1,none,ok,5,True,T1,True,0.7143,0.8333,0.625
R00079,0,CLONE_INTERVAL,T1,t1_reindent,ok,1,True,T1,True,1.0,0.2222,0.2222
R00079,1,MUTATION,T1,t1_reindent,ok,1,True,T1,True,0.8333,0.2381,0.2273
R00079,2,CLONE_INTERVAL,T1,t1_reindent,ok,1,True,T1,True,1.0,0.3704,0.3704
R00079,3,MUTATION,T1,t1_reindent,ok,1,True,T1,True,0.7,0.3333,0.2917
R00079,4,UNTOUCHED,T1,none,ok,1,True,T1,True,0.75,0.1429,0.1364
R00079,5,UNTOUCHED,T1,none,ok,1,True,T1,True,0.6,0.1429,0.1304
R00079,6,UNTOUCHED,T1,none,ok,1,True,T1,True,0.75,0.1429,0.1364
R00080,0,CLONE_INTERVAL,T1,t1_reindent,ok,1,True,T3,False,1.0,0.2308,0.2308
R00080,1,MUTATION,T1,t1_reindent,ok,3,True,T1,True,1.0,0.4615,0.4615
R00080,2,CLONE_INTERVAL,T3,t3_delete_statement,ok,1,True,T3,True,1.0,0.44,0.44
R00080,3,MUTATION,T3,t3_delete_statement,ok,3,True,T3,True,1.0,1.0,1.0
R00080,4,UNTOUCHED,T1,none,ok,3,True,T1,True,0.3333,0.0769,0.0667
R00080,5,UNTOUCHED,T1,none,ok,3,True,T1,True,0.8333,0.3846,0.3571
R00080,6,UNTOUCHED,T1,none,ok,3,True,T1,True,0.6667,0.2,0.1818
R00081,0,CLONE_INTERVAL,T1,t1_add_blank_line,ok,1,True,T1,True,0.8571,0.25,0.24
R00081,1,MUTATION,T1,t1_add_blank_line,ok,1,False,,False,0.0,0.0,0.0
R00081,2,CLONE_INTERVAL,T1,t1_add_blank_line,ok,1,True,T1,True,0.8571,0.25,0.24
R00081,3,MUTATION,T1,t1_add_blank_line,ok,1,False,,False,0.0,0.0,0.0
R00081,4,UNTOUCHED,T1,none,ok,1,True,T1,True,0.75,0.1667,0.1579
R00081,5,UNTOUCHED,T1,none,ok,1,True,T1,True,0.6667,0.1111,0.1053
R00081,6,UNTOUCHED,T1,none,ok,1,True,T1,True,0.5714,0.2222,0.1905
R00082,0,CLONE_INTERVAL,T3,t3_wrap_statement,ok,1,True,T3,True,1.0,0.1111,0.1111
R00082,1,MUTATION,T3,t3_wrap_statement,ok,11,True,T3,True,1.0,1.0,1.0
R00082,2,CLONE_INTERVAL,T2,t2_rename_local,ok,1,True,T3,False,1.0,0.5714,0.5714
R00082,3,MUTATION,T2,t2_rename_local,ok,11,True,T2,True,1.0,1.0,1.0
R00082,3,MUTATION,T2,t2_rename_local,ok,11,True,T2,True,1.0,1.0,1.0
R00082,3,MUTATION,T2,t2_rename_local,ok,11,True,T2,True,1.0,1.0,1.0
R00082,3,MUTATION,T2,t2_rename_local,ok,11,True,T2,True,1.0,1.0,1.0
R00082,7,UNTOUCHED,T1,none,ok,11,True,T1,True,0.5,0.6667,0.4
R00082,8,UNTOUCHED,T1,none,ok,11,True,T1,True,0.8,0.6154,0.5333
R00082,9,UNTOUCHED,T1,none,ok,11,True,T1,True,0.5,0.75,0.4286
R00083,0,CLONE_INTERVAL,T3,t3_insert_statement,ok,1,True,T3,True,1.0,0.25,0.25
R00083,1,MUTATION,T3,t3_insert_statement,ok,5,True,T3,True,1.0,1.0,1.0
R00083,2,CLONE_INTERVAL,T2,t2_change_int_literal,ok,1,True,T3,False,1.0,0.24,0.24
R00083,3,MUTATION,T2,t2_change_int_literal,ok,5,True,T2,True,1.0,1.0,1.0
R00083,4,UNTOUCHED,T1,none,ok,5,True,T1,True,0.75,0.75,0.6
R00083,5,UNTOUCHED,T1,none,ok,5,True,T1,True,0.6667,0.3333,0.2857
R00083,6,UNTOUCHED,T1,none,ok,5,True,T1,True,0.5714,0.5714,0.4
R00084,0,CLONE_INTERVAL,T3,t3_wrap_statement,ok,1,True,T3,True,1.0,0.0335,0.0335
R00084,1,MUTATION,T3,t3_wrap_statement,ok,5,True,T3,True,1.0,1.0,1.0
R00084,2,CLONE_INTERVAL,T2,t2_rename_local,ok,1,True,T3,False,1.0,0.0387,0.0387
R00084,3,MUTATION,T2,t2_rename_local,ok,5,True,T2,True,1.0,1.0,1.0
R00084,4,UNTOUCHED,T1,none,ok,5,True,T1,True,0.8,1.0,0.8
R00084,5,UNTOUCHED,T1,none,ok,5,True,T1,True,0.72,0.2951,0.2647
R00084,6,UNTOUCHED,T1,none,ok,5,True,T1,True,0.75,0.0492,0.0484
R00084,7,UNTOUCHED,T1,none,ok,5,True,T1,True,0.5,0.037,0.0357
R00085,0,CLONE_INTERVAL,T1,t1_reindent,ok,1,True,T3,False,1.0,0.2308,0.2308
R00085,1,MUTATION,T1,t1_reindent,ok,3,True,T1,True,0.8333,0.2941,0.2778
R00085,2,CLONE_INTERVAL,T3,t3_insert_statement,ok,1,True,T3,True,1.0,0.4231,0.4231
R00085,3,MUTATION,T3,t3_insert_statement,ok,3,True,T3,True,1.0,1.0,1.0
R00085,4,UNTOUCHED,T1,none,ok,3,True,T1,True,0.75,0.1765,0.1667
R00085,5,UNTOUCHED,T1,none,ok,3,True,T1,True,0.6667,0.1176,0.1111
R00085,6,UNTOUCHED,T1,none,ok,3,True,T1,True,0.6,1.0,0.6
R00086,0,CLONE_INTERVAL,T3,t3_insert_statement,ok,1,True,T3,True,1.0,0.0465,0.0465
R00086,1,MUTATION,T3,t3_insert_statement,ok,3,True,T3,True,1.0,1.0,1.0
R00086,2,CLONE_INTERVAL,T1,t1_add_eol_comment,ok,1,True,T3,False,1.0,0.0462,0.0462
R00086,3,MUTATION,T1,t1_add_eol_comment,ok,3,True,T1,True,1.0,0.011,0.011
R00086,4,UNTOUCHED,T1,none,ok,3,True,T1,True,0.6,0.2,0.1765
R00086,5,UNTOUCHED,T1,none,ok,3,True,T1,True,0.7,0.0769,0.0745
R00086,6,UNTOUCHED,T1,none,ok,3,True,T1,True,0.6,0.033,0.0323
R00086,7,UNTOUCHED,T1,none,ok,3,True,T1,True,0.7,0.0769,0.0745
R00087,0,CLONE_INTERVAL,T3,t3_delete_statement,ok,1,True,T3,True,1.0,0.125,0.125
R00087,1,MUTATION,T3,t3_delete_statement,ok,3,True,T3,True,1.0,1.0,1.0
R00087,2,CLONE_INTERVAL,T1,t1_add_blank_line,ok,1,True,T3,False,0.9,0.225,0.2195
R00087,3,MUTATION,T1,t1_add_blank_line,ok,3,False,,False,0.0,0.0,0.0
R00087,4,UNTOUCHED,T1,none,ok,3,True,T1,True,0.75,0.6667,0.5455
R00087,5,UNTOUCHED,T1,none,ok,3,True,T1,True,0.5333,0.4,0.2963
R00087,6,UNTOUCHED,T1,none,ok,3,True,T1,True,0.5,0.25,0.2
R00088,0,CLONE_INTERVAL,T2,t2_rename_local,ok,2,True,T2,True,1.0,0.2188,0.2188
R00088,1,MUTATION,T2,t2_rename_local,ok,4,True,T2,True,1.0,1.0,1.0
R00088,2,CLONE_INTERVAL,T2,t2_rename_local,ok,2,False,,False,0.0,0.0,0.0
R00088,3,MUTATION,T2,t2_rename_local,ok,4,False,,False,0.0,0.0,0.0
R00088,4,UNTOUCHED,T1,none,ok,4,True,T1,True,0.8,1.0,0.8
R00088,5,UNTOUCHED,T1,none,ok,4,True,T1,True,0.5714,0.2857,0.2353
R00088,6,UNTOUCHED,T1,none,ok,4,False,,False,0.0,0.0,0.0
R00088,7,UNTOUCHED,T1,none,ok,4,False,,False,0.0,0.0,0.0
R00089,0,CLONE_INTERVAL,T3,t3_delete_statement,ok,1,False,,False,0.6667,0.1212,0.1143
R00089,1,MUTATION,T3,t3_delete_statement,ok,3,True,T3,True,1.0,1.0,1.0
R00089,2,CLONE_INTERVAL,T3,t3_insert_statement,ok,1,False,,False,0.0,0.0,0.0
R00089,3,MUTATION,T3,t3_insert_statement,ok,3,False,,False,0.0,0.0,0.0
R00089,4,UNTOUCHED,T1,none,ok,3,True,T1,True,0.6667,0.125,0.1176
R00089,5,UNTOUCHED,T1,none,ok,3,True,T1,True,0.6667,0.1667,0.1538
R00089,6,UNTOUCHED,T1,none,ok,3,False,,False,0.0,0.0,0.0
R00089,7,UNTOUCHED,T1,none,ok,3,False,,False,0.0,0.0,0.0
R00090,0,CLONE_INTERVAL,T1,t1_reindent,ok,1,True,T2,False,1.0,0.2258,0.2258
R00090,1,MUTATION,T1,t1_reindent,ok,3,True,T1,True,0.7143,0.3333,0.2941
R00090,2,CLONE_INTERVAL,T2,t2_rename_local,ok,1,True,T2,True,1.0,0.2581,0.2581
R00090,3,MUTATION,T2,t2_rename_local,ok,3,True,T2,True,1.0,1.0,1.0
R00090,4,UNTOUCHED,T1,none,ok,3,True,T1,True,0.8571,0.4,0.375
R00090,5,UNTOUCHED,T1,none,ok,3,True,T1,True,0.8,0.2667,0.25
R00090,6,UNTOUCHED,T1,none,ok,3,True,T1,True,0.6667,0.5,0.4
R00091,0,CLONE_INTERVAL,T2,t2_rename_local,ok,2,False,,False,0.0,0.0,0.0
R00091,1,MUTATION,T2,t2_rename_local,ok,2,False,,False,0.0,0.0,0.0
R00091,2,CLONE_INTERVAL,T1,t1_add_eol_comment,ok,2,False,,False,0.0,0.0,0.0
R00091,3,MUTATION,T1,t1_add_eol_comment,ok,2,False,,False,0.0,0.0,0.0
R00091,4,UNTOUCHED,T1,none,ok,2,False,,False,0.0,0.0,0.0
R00091,5,UNTOUCHED,T1,none,ok,2,False,,False,0.0,0.0,0.0
R00091,6,UNTOUCHED,T1,none,ok,2,False,,False,0.0,0.0,0.0
R00091,7,UNTOUCHED,T1,none,ok,2,False,,False,0.0,0.0,0.0
R00092,0,CLONE_INTERVAL,T3,t3_wrap_statement,ok,2,True,T3,True,1.0,0.1944,0.1944
R00092,1,MUTATION,T3,t3_wrap_statement,ok,6,True,T3,True,1.0,1.0,1.0
R00092,2,CLONE_INTERVAL,T3,t3_insert_statement,ok,2,True,T3,True,1.0,0.1538,0.1538
R00092,3,MUTATION,T3,t3_insert_statement,ok,6,True,T3,True,1.0,1.0,1.0
R00092,4,UNTOUCHED,T1,none,ok,6,True,T1,True,0.6667,0.4,0.3333
R00092,5,UNTOUCHED,T1,none,ok,6,True,T1,True,1.0,0.2727,0.2727
R00092,6,UNTOUCHED,T1,none,ok,6,True,T1,True,0.6667,0.1111,0.1053
R00093,0,CLONE_INTERVAL,T3,t3_delete_statement,ok,1,False,,False,0.6,0.1579,0.1429
R00093,1,MUTATION,T3,t3_delete_statement,ok,3,True,T3,True,1.0,1.0,1.0
R00093,2,CLONE_INTERVAL,T1,t1_add_blank_line,ok,1,True,T3,False,1.0,0.4211,0.4211
R00093,3,MUTATION,T1,t1_add_blank_line,ok,3,True,T1,True,1.0,0.0769,0.0769
R00093,4,UNTOUCHED,T1,none,ok,3,True,T1,True,0.3333,0.3333,0.2
R00093,5,UNTOUCHED,T1,none,ok,3,True,T1,True,0.6667,0.1538,0.1429
R00093,6,UNTOUCHED,T1,none,ok,3,True,T1,True,0.4286,0.2308,0.1765
R00094,0,CLONE_INTERVAL,T3,t3_wrap_statement,ok,2,True,T3,True,0.8333,0.0926,0.0909
R00094,1,MUTATION,T3,t3_wrap_statement,ok,6,True,T3,True,1.0,1.0,1.0
R00094,2,CLONE_INTERVAL,T2,t2_change_string_literal,ok,2,True,T3,False,1.0,0.2857,0.2857
R00094,3,MUTATION,T2,t2_change_string_literal,ok,6,True,T2,True,1.0,1.0,1.0
R00094,4,UNTOUCHED,T1,none,ok,6,True,T1,True,0.6667,0.1667,0.1538
R00094,5,UNTOUCHED,T1,none,ok,6,True,T1,True,0.75,0.1071,0.1034
R00094,6,UNTOUCHED,T1,none,ok,6,True,T1,True,0.8571,0.2143,0.2069
R00094,7,UNTOUCHED,T1,none,ok,6,True,T1,True,0.5,0.3333,0.25
R00095,0,CLONE_INTERVAL,T1,t1_add_block_comment,ok,1,True,T1,True,0.875,0.1795,0.175
R00095,1,MUTATION,T1,t1_add_block_comment,ok,1,False,,False,0.0,0.0,0.0
R00095,2,CLONE_INTERVAL,T1,t1_add_block_comment,ok,1,True,T1,True,1.0,0.1579,0.1579
R00095,3,MUTATION,T1,t1_add_block_comment,ok,1,False,,False,0.0,0.0,0.0
R00095,4,UNTOUCHED,T1,none,ok,1,True,T1,True,0.6667,0.0625,0.0606
R00095,5,UNTOUCHED,T1,none,ok,1,True,T1,True,0.8,0.125,0.1212
R00095,6,UNTOUCHED,T1,none,ok,1,True,T1,True,0.5714,0.125,0.1143
R00096,0,CLONE_INTERVAL,T1,t1_add_blank_line,ok,1,True,T2,False,0.8333,0.0431,0.0427
R00096,1,MUTATION,T1,t1_add_blank_line,ok,3,False,,False,0.0,0.0,0.0
R00096,2,CLONE_INTERVAL,T2,t2_change_int_literal,ok,1,True,T2,True,0.8333,0.0427,0.0424
R00096,3,MUTATION,T2,t2_change_int_literal,ok,3,True,T2,True,1.0,1.0,1.0
R00096,4,UNTOUCHED,T1,none,ok,3,False,,False,0.0,0.0,0.0
R00096,5,UNTOUCHED,T1,none,ok,3,True,T1,True,0.5556,0.0602,0.0575
R00096,6,UNTOUCHED,T1,none,ok,3,False,,False,0.0,0.0,0.0
R00096,7,UNTOUCHED,T1,none,ok,3,True,T1,True,0.5556,0.4545,0.3333
R00097,0,CLONE_INTERVAL,T2,t2_rename_local,ok,1,True,T2,True,1.0,0.1935,0.1935
R00097,1,MUTATION,T2,t2_rename_local,ok,5,True,T2,True,1.0,1.0,1.0
R00097,2,CLONE_INTERVAL,T2,t2_rename_local,ok,1,True,T2,True,1.0,0.5806,0.5806
R00097,3,MUTATION,T2,t2_rename_local,ok,5,True,T2,True,1.0,0.6667,0.6667
R00097,4,UNTOUCHED,T1,none,ok,5,True,T1,True,0.3333,0.3333,0.2
R00097,5,UNTOUCHED,T1,none,ok,5,True,T1,True,0.6667,0.5,0.4
R00097,6,UNTOUCHED,T1,none,ok,5,True,T1,True,0.8,0.3333,0.3077
R00098,0,CLONE_INTERVAL,T1,t1_add_block_comment,ok,1,True,T1,True,0.75,0.2857,0.2609
R00098,1,MUTATION,T1,t1_add_block_comment,ok,1,False,,False,0.0,0.0,0.0
R00098,2,CLONE_INTERVAL,T1,t1_add_blank_line,ok,1,False,,False,0.5,0.1905,0.16
R00098,3,MUTATION,T1,t1_add_blank_line,ok,1,False,,False,0.0,0.0,0.0
R00098,4,UNTOUCHED,T1,none,ok,1,True,T1,True,0.4,0.0952,0.0833
R00098,5,UNTOUCHED,T1,none,ok,1,True,T1,True,0.3333,0.0476,0.0435
R00098,6,UNTOUCHED,T1,none,ok,1,True,T1,True,0.5,0.0952,0.087
R00099,0,CLONE_INTERVAL,T1,t1_add_eol_comment,ok,2,True,T1,True,0.8889,0.3077,0.2963
R00099,1,MUTATION,T1,t1_add_eol_comment,ok,2,True,T1,True,1.0,0.0476,0.0476
R00099,2,CLONE_INTERVAL,T2,t2_rename_local,ok,2,False,,False,0.0,0.0,0.0
R00099,3,MUTATION,T2,t2_rename_local,ok,2,False,,False,0.0,0.0,0.0
R00099,4,UNTOUCHED,T1,none,ok,2,True,T1,True,0.8,0.1905,0.1818
R00099,5,UNTOUCHED,T1,none,ok,2,True,T1,True,0.6667,0.0952,0.0909
R00099,6,UNTOUCHED,T1,none,ok,2,False,,False,0.0,0.0,0.0
R00099,7,UNTOUCHED,T1,none,ok,2,False,,False,0.0,0.0,0.0
R00100,0,CLONE_INTERVAL,T1,t1_reindent,ok,1,True,T2,False,0.875,0.2258,0.2188
R00100,1,MUTATION,T1,t1_reindent,ok,5,True,T1,True,0.625,0.3333,0.2778
R00100,3,CLONE_INTERVAL,T2,t2_rename_local,ok,1,True,T2,True,1.0,0.2258,0.2258
R00100,4,MUTATION,T2,t2_rename_local,ok,5,True,T2,True,1.0,1.0,1.0
R00100,4,MUTATION,T2,t2_rename_local,ok,5,True,T2,True,1.0,1.0,1.0
R00100,6,UNTOUCHED,T1,none,ok,5,True,T1,True,0.7,0.4667,0.3889
R00100,7,UNTOUCHED,T1,none,ok,5,True,T1,True,0.6,0.2,0.1765
R00100,8,UNTOUCHED,T1,none,ok,5,True,T1,True,0.5,0.75,0.4286
R00101,0,CLONE_INTERVAL,T3,t3_insert_statement,ok,1,True,T3,True,1.0,0.0741,0.0741
R00101,1,MUTATION,T3,t3_insert_statement,ok,3,True,T3,True,1.0,1.0,1.0
R00101,2,CLONE_INTERVAL,T1,t1_reindent,ok,1,True,T3,False,1.0,0.0732,0.0732
R00101,3,MUTATION,T1,t1_reindent,ok,3,True,T1,True,0.8333,0.1515,0.1471
R00101,4,UNTOUCHED,T1,none,ok,3,True,T1,True,0.6,0.0938,0.0882
R00101,5,UNTOUCHED,T1,none,ok,3,True,T1,True,0.7,0.2121,0.1944
R00101,6,UNTOUCHED,T1,none,ok,3,True,T1,True,0.6,0.0909,0.0857
R00101,7,UNTOUCHED,T1,none,ok,3,True,T1,True,0.7,0.2121,0.1944
R00102,0,CLONE_INTERVAL,T2,t2_change_int_literal,ok,1,True,T2,True,1.0,0.3333,0.3333
R00102,1,MUTATION,T2,t2_change_int_literal,ok,3,True,T2,True,1.0,1.0,1.0
R00102,2,CLONE_INTERVAL,T1,t1_add_block_comment,ok,1,True,T2,False,1.0,0.3529,0.3529
R00102,3,MUTATION,T1,t1_add_block_comment,ok,3,True,T1,True,1.0,0.0833,0.0833
R00102,4,UNTOUCHED,T1,none,ok,3,True,T1,True,0.6667,0.5,0.4
R00102,5,UNTOUCHED,T1,none,ok,3,True,T1,True,0.5,0.1667,0.1429
R00102,6,UNTOUCHED,T1,none,ok,3,True,T1,True,0.25,0.0833,0.0667
R00103,0,CLONE_INTERVAL,T2,t2_change_string_literal,ok,1,True,T2,True,1.0,0.2222,0.2222
R00103,1,MUTATION,T2,t2_change_string_literal,ok,3,True,T2,True,1.0,1.0,1.0
R00103,2,CLONE_INTERVAL,T1,t1_add_blank_line,ok,1,True,T2,False,1.0,0.2286,0.2286
R00103,3,MUTATION,T1,t1_add_blank_line,ok,3,True,T1,True,1.0,0.0435,0.0435
R00103,4,UNTOUCHED,T1,none,ok,3,True,T1,True,0.6667,0.6667,0.5
R00103,5,UNTOUCHED,T1,none,ok,3,True,T1,True,0.6364,0.3043,0.2593
R00103,6,UNTOUCHED,T1,none,ok,3,True,T1,True,0.5714,0.1739,0.1538
R00104,0,CLONE_INTERVAL,T1,t1_add_block_comment,ok,1,False,,False,0.4286,0.1034,0.0909
R00104,1,MUTATION,T1,t1_add_block_comment,ok,1,False,,False,0.0,0.0,0.0
R00104,2,CLONE_INTERVAL,T1,t1_add_eol_comment,ok,1,True,T1,True,1.0,0.2069,0.2069
R00104,3,MUTATION,T1,t1_add_eol_comment,ok,1,False,,False,0.0,0.0,0.0
R00104,4,UNTOUCHED,T1,none,ok,1,False,,False,0.0,0.0,0.0
R00104,5,UNTOUCHED,T1,none,ok,1,True,T1,True,0.6667,0.0909,0.087
R00104,6,UNTOUCHED,T1,none,ok,1,True,T1,True,0.7222,0.5909,0.4815
R00105,0,CLONE_INTERVAL,T2,t2_change_int_literal,ok,1,True,T3,False,1.0,0.3125,0.3125
R00105,1,MUTATION,T2,t2_change_int_literal,ok,5,True,T2,True,1.0,1.0,1.0
R00105,2,CLONE_INTERVAL,T3,t3_wrap_statement,ok,1,True,T3,True,1.0,0.2,0.2
R00105,3,MUTATION,T3,t3_wrap_statement,ok,5,True,T3,True,1.0,1.0,1.0
R00105,4,UNTOUCHED,T1,none,ok,5,True,T1,True,0.75,0.75,0.6
R00105,5,UNTOUCHED,T1,none,ok,5,True,T1,True,0.8571,0.5,0.4615
R00105,6,UNTOUCHED,T1,none,ok,5,True,T1,True,0.6,0.4286,0.3333
R00106,0,CLONE_INTERVAL,T2,t2_change_string_literal,ok,2,True,T2,True,1.0,0.2903,0.2903
R00106,1,MUTATION,T2,t2_change_string_literal,ok,4,True,T2,True,1.0,1.0,1.0
R00106,2,CLONE_INTERVAL,T2,t2_rename_local,ok,2,False,,False,0.0,0.0,0.0
R00106,3,MUTATION,T2,t2_rename_local,ok,4,False,,False,0.0,0.0,0.0
R00106,4,UNTOUCHED,T1,none,ok,4,True,T1,True,0.6667,0.6667,0.5
R00106,5,UNTOUCHED,T1,none,ok,4,True,T1,True,0.6667,0.1538,0.1429
R00106,6,UNTOUCHED,T1,none,ok,4,False,,False,0.0,0.0,0.0
R00106,7,UNTOUCHED,T1,none,ok,4,False,,False,0.0,0.0,0.0
R00107,0,CLONE_INTERVAL,T2,t2_change_int_literal,ok,1,True,T3,False,1.0,0.0811,0.0811
R00107,1,MUTATION,T2,t2_change_int_literal,ok,5,True,T2,True,1.0,1.0,1.0
R00107,2,CLONE_INTERVAL,T3,t3_insert_statement,ok,1,True,T3,True,1.0,0.0545,0.0545
R00107,3,MUTATION,T3,t3_insert_statement,ok,5,True,T3,True,1.0,1.0,1.0
R00107,4,UNTOUCHED,T1,none,ok,5,True,T1,True,0.6667,0.2222,0.2
R00107,5,UNTOUCHED,T1,none,ok,5,True,T1,True,0.6667,0.2,0.1818
R00107,6,UNTOUCHED,T1,none,ok,5,True,T1,True,0.4706,0.127,0.1111
R00108,0,CLONE_INTERVAL,T3,t3_delete_statement,ok,1,True,T3,True,1.0,0.2069,0.2069
R00108,1,MUTATION,T3,t3_delete_statement,ok,5,True,T3,True,1.0,1.0,1.0
R00108,2,CLONE_INTERVAL,T2,t2_rename_local,ok,1,True,T3,False,1.0,0.3333,0.3333
R00108,3,MUTATION,T2,t2_rename_local,ok,5,True,T2,True,1.0,1.0,1.0
R00108,4,UNTOUCHED,T1,none,ok,5,True,T1,True,0.75,0.8571,0.6667
R00108,5,UNTOUCHED,T1,none,ok,5,True,T1,True,0.5,0.2857,0.2222
R00108,6,UNTOUCHED,T1,none,ok,5,True,T1,True,0.5714,0.5,0.3636
R00109,0,CLONE_INTERVAL,T1,t1_add_block_comment,ok,3,True,T3,False,0.8333,0.0714,0.0704
R00109,1,MUTATION,T1,t1_add_block_comment,ok,5,True,T1,True,1.0,0.0278,0.0278
R00109,2,CLONE_INTERVAL,T3,t3_wrap_statement,ok,3,True,T3,True,0.8333,0.0714,0.0704
R00109,3,MUTATION,T3,t3_wrap_statement,ok,5,True,T3,True,1.0,0.5,0.5
R00109,4,UNTOUCHED,T1,none,ok,5,True,T1,True,0.3333,0.0278,0.0263
R00109,5,UNTOUCHED,T1,none,ok,5,True,T1,True,0.5556,0.1389,0.125
R00109,6,UNTOUCHED,T1,none,ok,5,True,T1,True,0.3333,0.0278,0.0263
R00109,7,UNTOUCHED,T1,none,ok,5,True,T1,True,0.625,0.1923,0.1724
R00110,0,CLONE_INTERVAL,T1,t1_add_blank_line,ok,5,True,T3,False,0.7143,0.0862,0.0833
R00110,1,MUTATION,T1,t1_add_blank_line,ok,7,False,,False,0.0,0.0,0.0
R00110,2,CLONE_INTERVAL,T3,t3_insert_statement,ok,5,True,T3,True,0.8333,0.0877,0.0862
R00110,3,MUTATION,T3,t3_insert_statement,ok,7,True,T3,True,1.0,1.0,1.0
R00110,4,UNTOUCHED,T1,none,ok,7,True,T1,True,0.3333,0.0278,0.0263
R00110,5,UNTOUCHED,T1,none,ok,7,True,T1,True,0.5556,0.1389,0.125
R00110,6,UNTOUCHED,T1,none,ok,7,True,T1,True,0.5,0.1111,0.1
R00110,7,UNTOUCHED,T1,none,ok,7,True,T1,True,0.6,0.4286,0.3333
R00111,0,CLONE_INTERVAL,T1,t1_add_block_comment,ok,1,True,T1,True,0.7143,0.122,0.1163
R00111,1,MUTATION,T1,t1_add_block_comment,ok,1,False,,False,0.0,0.0,0.0
R00111,2,CLONE_INTERVAL,T1,t1_add_block_comment,ok,1,True,T1,True,0.8947,0.4146,0.3953
R00111,3,MUTATION,T1,t1_add_block_comment,ok,1,False,,False,0.0,0.0,0.0
R00111,4,UNTOUCHED,T1,none,ok,1,True,T1,True,0.75,0.0857,0.0833
R00111,5,UNTOUCHED,T1,none,ok,1,True,T1,True,0.7857,0.3143,0.2895
R00111,6,UNTOUCHED,T1,none,ok,1,True,T1,True,0.6667,0.0571,0.0556
R00112,0,CLONE_INTERVAL,T3,t3_delete_statement,ok,1,True,T3,True,1.0,0.2,0.2
R00112,1,MUTATION,T3,t3_delete_statement,ok,5,True,T3,True,1.0,1.0,1.0
R00112,2,CLONE_INTERVAL,T3,t3_insert_statement,ok,1,True,T3,True,1.0,0.32,0.32
R00112,3,MUTATION,T3,t3_insert_statement,ok,5,True,T3,True,1.0,1.0,1.0
R00112,4,UNTOUCHED,T1,none,ok,5,True,T1,True,0.6667,0.5,0.4
R00112,5,UNTOUCHED,T1,none,ok,5,True,T1,True,1.0,0.3333,0.3333
R00112,6,UNTOUCHED,T1,none,ok,5,True,T1,True,0.7143,0.7143,0.5556
R00113,0,CLONE_INTERVAL,T2,t2_rename_local,ok,1,True,T3,False,1.0,0.2125,0.2125
R00113,1,MUTATION,T2,t2_rename_local,ok,9,True,T2,True,0.2667,1.0,0.2667
R00113,5,CLONE_INTERVAL,T3,t3_insert_statement,ok,1,True,T3,True,1.0,0.0759,0.0759
R00113,6,MUTATION,T3,t3_insert_statement,ok,9,True,T3,True,1.0,1.0,1.0
R00113,7,UNTOUCHED,T1,none,ok,9,True,T1,True,0.6667,0.2,0.1818
R00113,8,UNTOUCHED,T1,none,ok,9,True,T1,True,0.75,0.1667,0.1579
R00113,9,UNTOUCHED,T1,none,ok,9,True,T1,True,0.6,0.1667,0.15
R00113,10,UNTOUCHED,T1,none,ok,9,True,T1,True,0.7,0.3043,0.2692
R00114,0,CLONE_INTERVAL,T1,t1_add_eol_comment,ok,1,True,T3,False,1.0,0.2581,0.2581
R00114,1,MUTATION,T1,t1_add_eol_comment,ok,3,True,T1,True,1.0,0.0769,0.0769
R00114,2,CLONE_INTERVAL,T3,t3_wrap_statement,ok,1,True,T3,True,1.0,0.2414,0.2414
R00114,3,MUTATION,T3,t3_wrap_statement,ok,3,True,T3,True,1.0,1.0,1.0
R00114,4,UNTOUCHED,T1,none,ok,3,True,T1,True,0.8571,0.4615,0.4286
R00114,5,UNTOUCHED,T1,none,ok,3,True,T1,True,0.6667,0.1538,0.1429
R00114,6,UNTOUCHED,T1,none,ok,3,True,T1,True,0.5,0.4286,0.3
R00115,0,CLONE_INTERVAL,T3,t3_insert_statement,ok,1,True,T3,True,1.0,0.121,0.121
R00115,1,MUTATION,T3,t3_insert_statement,ok,3,True,T3,True,1.0,1.0,1.0
R00115,2,CLONE_INTERVAL,T1,t1_add_eol_comment,ok,1,True,T3,False,1.0,0.0968,0.0968
R00115,3,MUTATION,T1,t1_add_eol_comment,ok,3,True,T1,True,1.0,0.04,0.04
R00115,4,UNTOUCHED,T1,none,ok,3,True,T1,True,0.75,0.1071,0.1034
R00115,5,UNTOUCHED,T1,none,ok,3,True,T1,True,0.6667,0.08,0.0769
R00115,6,UNTOUCHED,T1,none,ok,3,True,T1,True,0.3333,0.04,0.037
R00115,7,UNTOUCHED,T1,none,ok,3,True,T1,True,0.7647,0.52,0.4483
R00116,0,CLONE_INTERVAL,T3,t3_insert_statement,ok,2,False,,False,0.0,0.0,0.0
R00116,1,MUTATION,T3,t3_insert_statement,ok,4,False,,False,0.0,0.0,0.0
R00116,2,CLONE_INTERVAL,T3,t3_delete_statement,ok,2,True,T3,True,1.0,0.2778,0.2778
R00116,3,MUTATION,T3,t3_delete_statement,ok,4,True,T3,True,1.0,1.0,1.0
R00116,4,UNTOUCHED,T1,none,ok,4,False,,False,0.0,0.0,0.0
R00116,5,UNTOUCHED,T1,none,ok,4,False,,False,0.0,0.0,0.0
R00116,6,UNTOUCHED,T1,none,ok,4,True,T1,True,0.7778,1.0,0.7778
R00116,7,UNTOUCHED,T1,none,ok,4,True,T1,True,0.6667,0.5714,0.4444
R00117,0,CLONE_INTERVAL,T2,t2_change_string_literal,ok,2,True,T2,True,1.0,0.2308,0.2308
R00117,1,MUTATION,T2,t2_change_string_literal,ok,6,True,T2,True,1.0,1.0,1.0
R00117,2,CLONE_INTERVAL,T2,t2_change_string_literal,ok,2,True,T2,True,1.0,0.2308,0.2308
R00117,3,MUTATION,T2,t2_change_string_literal,ok,6,True,T2,True,1.0,1.0,1.0
R00117,4,UNTOUCHED,T1,none,ok,6,True,T1,True,0.6,1.0,0.6
R00117,5,UNTOUCHED,T1,none,ok,6,True,T1,True,1.0,0.5,0.5
R00117,6,UNTOUCHED,T1,none,ok,6,True,T1,True,0.8571,0.5455,0.5
R00118,0,CLONE_INTERVAL,T1,t1_add_eol_comment,ok,1,True,T2,False,1.0,0.0909,0.0909
R00118,1,MUTATION,T1,t1_add_eol_comment,ok,5,True,T1,True,1.0,0.0625,0.0625
R00118,2,CLONE_INTERVAL,T2,t2_rename_local,ok,1,True,T2,True,1.0,0.2424,0.2424
R00118,3,MUTATION,T2,t2_rename_local,ok,5,True,T2,True,1.0,1.0,1.0
R00118,3,MUTATION,T2,t2_rename_local,ok,5,True,T2,True,1.0,1.0,1.0
R00118,5,UNTOUCHED,T1,none,ok,5,True,T1,True,0.8571,0.375,0.3529
R00118,6,UNTOUCHED,T1,none,ok,5,True,T1,True,1.0,0.1875,0.1875
R00118,7,UNTOUCHED,T1,none,ok,5,True,T1,True,0.6389,1.0,0.6389
R00119,0,CLONE_INTERVAL,T1,t1_reindent,ok,1,True,T1,True,1.0,0.0833,0.0833
R00119,1,MUTATION,T1,t1_reindent,ok,1,True,T1,True,0.75,0.0811,0.0789
R00119,3,CLONE_INTERVAL,T1,t1_reindent,ok,1,True,T1,True,1.0,0.0729,0.0729
R00119,4,MUTATION,T1,t1_reindent,ok,1,True,T1,True,0.8571,0.0811,0.08
R00119,5,UNTOUCHED,T1,none,ok,1,True,T1,True,0.75,0.0405,0.04
R00119,6,UNTOUCHED,T1,none,ok,1,True,T1,True,0.6667,0.027,0.0267
R00119,7,UNTOUCHED,T1,none,ok,1,True,T1,True,0.5,0.027,0.0263
R00119,8,UNTOUCHED,T1,none,ok,1,True,T1,True,0.6667,0.1351,0.1266
R00120,0,CLONE_INTERVAL,T3,t3_delete_statement,ok,3,True,T3,True,1.0,0.5,0.5
R00120,1,MUTATION,T3,t3_delete_statement,ok,7,True,T3,True,1.0,1.0,1.0
R00120,2,CLONE_INTERVAL,T1,t1_add_eol_comment,ok,3,True,T1,True,1.0,0.0723,0.0723
R00120,3,MUTATION,T1,t1_add_eol_comment,ok,7,True,T1,True,1.0,0.0152,0.0152
R00120,4,UNTOUCHED,T1,none,ok,7,True,T1,True,0.6,0.6,0.4286
R00120,5,UNTOUCHED,T1,none,ok,7,True,T1,True,0.6667,0.2,0.1818
R00120,6,UNTOUCHED,T1,none,ok,7,True,T1,True,0.7778,0.1061,0.1029
R00120,7,UNTOUCHED,T1,none,ok,7,True,T1,True,0.6667,0.0303,0.0299
R00121,0,CLONE_INTERVAL,T2,t2_rename_local,ok,1,True,T2,True,1.0,0.3158,0.3158
R00121,1,MUTATION,T2,t2_rename_local,ok,7,True,T1,False,0.5,1.0,0.5
R00121,3,CLONE_INTERVAL,T2,t2_rename_local,ok,1,True,T2,True,0.8333,0.2632,0.25
R00121,4,MUTATION,T2,t2_rename_local,ok,7,True,T2,True,1.0,1.0,1.0
R00121,5,UNTOUCHED,T1,none,ok,7,True,T1,True,0.25,1.0,0.25
R00121,6,UNTOUCHED,T1,none,ok,7,True,T1,True,1.0,0.8,0.8
R00121,7,UNTOUCHED,T1,none,ok,7,True,T1,True,0.75,1.0,0.75
R00122,0,CLONE_INTERVAL,T1,t1_add_blank_line,ok,1,True,T1,True,1.0,0.0814,0.0814
R00122,1,MUTATION,T1,t1_add_blank_line,ok,1,False,,False,0.0,0.0,0.0
R00122,2,CLONE_INTERVAL,T1,t1_add_block_comment,ok,1,True,T1,True,0.875,0.0805,0.0795
R00122,3,MUTATION,T1,t1_add_block_comment,ok,1,False,,False,0.0,0.0,0.0
R00122,4,UNTOUCHED,T1,none,ok,1,True,T1,True,0.75,0.0435,0.0429
R00122,5,UNTOUCHED,T1,none,ok,1,True,T1,True,0.5714,0.058,0.0556
R00122,6,UNTOUCHED,T1,none,ok,1,True,T1,True,0.7143,0.0725,0.0704
R00122,7,UNTOUCHED,T1,none,ok,1,True,T1,True,0.6667,0.1159,0.1096
R00123,0,CLONE_INTERVAL,T1,t1_reindent,ok,1,True,T2,False,1.0,0.2222,0.2222
R00123,1,MUTATION,T1,t1_reindent,ok,3,True,T1,True,1.0,0.3158,0.3158
R00123,2,CLONE_INTERVAL,T2,t2_change_string_literal,ok,1,True,T2,True,1.0,0.3333,0.3333
R00123,3,MUTATION,T2,t2_change_string_literal,ok,3,True,T2,True,1.0,1.0,1.0
R00123,4,UNTOUCHED,T1,none,ok,3,True,T1,True,0.4,0.1053,0.0909
R00123,5,UNTOUCHED,T1,none,ok,3,True,T1,True,0.7,0.3684,0.3182
R00123,6,UNTOUCHED,T1,none,ok,3,True,T1,True,0.1111,0.5,0.1
R00124,0,CLONE_INTERVAL,T1,t1_add_eol_comment,ok,2,False,,False,0.0,0.0,0.0
R00124,1,MUTATION,T1,t1_add_eol_comment,ok,2,False,,False,0.0,0.0,0.0
R00124,2,CLONE_INTERVAL,T3,t3_wrap_statement,ok,2,False,,False,0.0,0.0,0.0
R00124,3,MUTATION,T3,t3_wrap_statement,ok,2,False,,False,0.0,0.0,0.0
R00124,4,UNTOUCHED,T1,none,ok,2,False,,False,0.0,0.0,0.0
R00124,5,UNTOUCHED,T1,none,ok,2,False,,False,0.0,0.0,0.0
R00124,6,UNTOUCHED,T1,none,ok,2,False,,False,0.0,0.0,0.0
R00124,7,UNTOUCHED,T1,none,ok,2,False,,False,0.0,0.0,0.0
R00125,0,CLONE_INTERVAL,T2,t2_change_string_literal,ok,2,False,,False,0.0,0.0,0.0
R00125,1,MUTATION,T2,t2_change_string_literal,ok,2,False,,False,0.0,0.0,0.0
R00125,2,CLONE_INTERVAL,T1,t1_add_blank_line,ok,2,True,T1,True,0.75,0.0779,0.0759
R00125,3,MUTATION,T1,t1_add_blank_line,ok,2,False,,False,0.0,0.0,0.0
R00125,4,UNTOUCHED,T1,none,ok,2,False,,False,0.0,0.0,0.0
R00125,5,UNTOUCHED,T1,none,ok,2,False,,False,0.0,0.0,0.0
R00125,6,UNTOUCHED,T1,none,ok,2,False,,False,0.0,0.0,0.0
R00125,7,UNTOUCHED,T1,none,ok,2,True,T1,True,0.5714,0.1194,0.1096
R00126,0,CLONE_INTERVAL,T3,t3_insert_statement,ok,1,True,T3,True,1.0,0.0789,0.0789
R00126,1,MUTATION,T3,t3_insert_statement,ok,3,True,T3,True,1.0,1.0,1.0
R00126,2,CLONE_INTERVAL,T1,t1_add_blank_line,ok,1,True,T3,False,1.0,0.0921,0.0921
R00126,3,MUTATION,T1,t1_add_blank_line,ok,3,False,,False,0.0,0.0,0.0
R00126,4,UNTOUCHED,T1,none,ok,3,True,T1,True,0.8,0.8,0.6667
R00126,5,UNTOUCHED,T1,none,ok,3,True,T1,True,0.625,0.0893,0.0847
R00126,6,UNTOUCHED,T1,none,ok,3,True,T1,True,0.7143,0.0893,0.0862
R00126,7,UNTOUCHED,T1,none,ok,3,True,T1,True,0.6667,0.1429,0.1333
R00127,0,CLONE_INTERVAL,T2,t2_rename_local,ok,1,True,T3,False,1.0,0.2759,0.2759
R00127,1,MUTATION,T2,t2_rename_local,ok,7,True,T2,True,0.8,1.0,0.8
R00127,3,CLONE_INTERVAL,T3,t3_wrap_statement,ok,1,True,T3,True,1.0,0.2222,0.2222
R00127,4,MUTATION,T3,t3_wrap_statement,ok,7,True,T3,True,1.0,1.0,1.0
R00127,5,UNTOUCHED,T1,none,ok,7,True,T1,True,0.6,0.75,0.5
R00127,6,UNTOUCHED,T1,none,ok,7,True,T1,True,0.7143,1.0,0.7143
R00127,7,UNTOUCHED,T1,none,ok,7,True,T1,True,0.5,0.5,0.3333
R00128,0,CLONE_INTERVAL,T1,t1_add_eol_comment,ok,2,True,T1,True,0.8889,0.0816,0.0808
R00128,1,MUTATION,T1,t1_add_eol_comment,ok,2,True,T1,True,1.0,0.012,0.012
R00128,2,CLONE_INTERVAL,T1,t1_add_block_comment,ok,2,True,T1,True,0.8,0.0816,0.08
R00128,3,MUTATION,T1,t1_add_block_comment,ok,2,False,,False,0.0,0.0,0.0
R00128,4,UNTOUCHED,T1,none,ok,2,True,T1,True,0.5,0.0241,0.0235
R00128,5,UNTOUCHED,T1,none,ok,2,True,T1,True,0.7,0.0843,0.0814
R00128,6,UNTOUCHED,T1,none,ok,2,True,T1,True,0.5,0.0241,0.0235
R00128,7,UNTOUCHED,T1,none,ok,2,True,T1,True,0.7,0.0843,0.0814
R00129,0,CLONE_INTERVAL,T2,t2_change_string_literal,ok,1,True,T3,False,1.0,0.1395,0.1395
R00129,1,MUTATION,T2,t2_change_string_literal,ok,5,True,T2,True,1.0,1.0,1.0
R00129,2,CLONE_INTERVAL,T3,t3_delete_statement,ok,1,True,T3,True,1.0,0.2381,0.2381
R00129,3,MUTATION,T3,t3_delete_statement,ok,5,True,T3,True,1.0,1.0,1.0
R00129,4,UNTOUCHED,T1,none,ok,5,True,T1,True,0.6667,0.6667,0.5
R00129,5,UNTOUCHED,T1,none,ok,5,True,T1,True,1.0,0.7586,0.7586
R00129,6,UNTOUCHED,T1,none,ok,5,True,T1,True,0.6667,0.2857,0.25
R00130,0,CLONE_INTERVAL,T2,t2_rename_local,ok,1,True,T2,True,1.0,0.1395,0.1395
R00130,1,MUTATION,T2,t2_rename_local,ok,3,True,T2,True,1.0,1.0,1.0
R00130,2,CLONE_INTERVAL,T1,t1_add_blank_line,ok,1,True,T2,False,1.0,0.2857,0.2857
R00130,3,MUTATION,T1,t1_add_blank_line,ok,3,False,,False,0.0,0.0,0.0
R00130,4,UNTOUCHED,T1,none,ok,3,True,T1,True,0.75,0.2308,0.2143
R00130,5,UNTOUCHED,T1,none,ok,3,True,T1,True,0.4,0.1053,0.0909
R00130,6,UNTOUCHED,T1,none,ok,3,True,T1,True,0.5,0.1053,0.0952
R00130,7,UNTOUCHED,T1,none,ok,3,True,T1,True,0.6667,0.2105,0.1905
R00131,0,CLONE_INTERVAL,T2,t2_rename_local,ok,1,True,T3,False,1.0,0.2222,0.2222
R00131,1,MUTATION,T2,t2_rename_local,ok,5,True,T2,True,1.0,1.0,1.0
R00131,2,CLONE_INTERVAL,T3,t3_wrap_statement,ok,1,True,T3,True,1.0,0.24,0.24
R00131,3,MUTATION,T3,t3_wrap_statement,ok,5,True,T3,True,1.0,1.0,1.0
R00131,4,UNTOUCHED,T1,none,ok,5,True,T1,True,0.6667,0.6667,0.5
R00131,5,UNTOUCHED,T1,none,ok,5,True,T1,True,0.6667,1.0,0.6667
R00131,6,UNTOUCHED,T1,none,ok,5,True,T1,True,0.5556,0.5556,0.3846
R00132,0,CLONE_INTERVAL,T1,t1_add_block_comment,ok,1,True,T1,True,0.8571,0.24,0.2308
R00132,1,MUTATION,T1,t1_add_block_comment,ok,1,False,,False,0.0,0.0,0.0
R00132,2,CLONE_INTERVAL,T1,t1_add_block_comment,ok,1,True,T1,True,1.0,0.25,0.25
R00132,3,MUTATION,T1,t1_add_block_comment,ok,1,True,T1,True,1.0,0.0476,0.0476
R00132,4,UNTOUCHED,T1,none,ok,1,True,T1,True,0.6667,0.0952,0.0909
R00132,5,UNTOUCHED,T1,none,ok,1,True,T1,True,0.8571,0.2857,0.2727
R00132,6,UNTOUCHED,T1,none,ok,1,True,T1,True,0.6,0.1429,0.1304
R00133,0,CLONE_INTERVAL,T1,t1_add_block_comment,ok,1,True,T1,True,0.9231,0.15,0.1481
R00133,1,MUTATION,T1,t1_add_block_comment,ok,1,True,T1,True,1.0,0.0156,0.0156
R00133,2,CLONE_INTERVAL,T1,t1_add_eol_comment,ok,1,True,T1,True,1.0,0.0864,0.0864
R00133,3,MUTATION,T1,t1_add_eol_comment,ok,1,True,T1,True,1.0,0.0156,0.0156
R00133,4,UNTOUCHED,T1,none,ok,1,True,T1,True,0.5,0.0312,0.0303
R00133,5,UNTOUCHED,T1,none,ok,1,True,T1,True,0.5714,0.0625,0.0597
R00133,6,UNTOUCHED,T1,none,ok,1,True,T1,True,0.5,0.0312,0.0303
R00133,7,UNTOUCHED,T1,none,ok,1,True,T1,True,0.5,0.0469,0.0448
R00134,0,CLONE_INTERVAL,T3,t3_wrap_statement,ok,1,True,T3,True,1.0,0.0777,0.0777
R00134,1,MUTATION,T3,t3_wrap_statement,ok,5,True,T3,True,1.0,1.0,1.0
R00134,2,CLONE_INTERVAL,T3,t3_insert_statement,ok,1,True,T3,True,1.0,0.0583,0.0583
R00134,3,MUTATION,T3,t3_insert_statement,ok,5,True,T3,True,1.0,1.0,1.0
R00134,4,UNTOUCHED,T1,none,ok,5,True,T1,True,0.75,0.75,0.6
R00134,5,UNTOUCHED,T1,none,ok,5,True,T1,True,0.7667,0.4107,0.3651
R00134,6,UNTOUCHED,T1,none,ok,5,True,T1,True,0.6,0.0536,0.0517
R00134,7,UNTOUCHED,T1,none,ok,5,True,T1,True,0.6667,0.5556,0.4348
R00135,0,CLONE_INTERVAL,T1,t1_add_eol_comment,ok,1,True,T1,True,1.0,0.2609,0.2609
R00135,1,MUTATION,T1,t1_add_eol_comment,ok,1,True,T1,True,1.0,0.0556,0.0556
R00135,2,CLONE_INTERVAL,T1,t1_add_eol_comment,ok,1,True,T1,True,0.8333,0.2174,0.2083
R00135,3,MUTATION,T1,t1_add_eol_comment,ok,1,False,,False,0.0,0.0,0.0
R00135,4,UNTOUCHED,T1,none,ok,1,True,T1,True,0.75,0.1667,0.1579
R00135,5,UNTOUCHED,T1,none,ok,1,True,T1,True,0.6,0.1667,0.15
R00135,6,UNTOUCHED,T1,none,ok,1,False,,False,0.0,0.0,0.0
R00135,7,UNTOUCHED,T1,none,ok,1,True,T1,True,0.5,0.1667,0.1429
R00136,0,CLONE_INTERVAL,T1,t1_add_blank_line,ok,1,True,T1,True,0.7143,0.2632,0.2381
R00136,1,MUTATION,T1,t1_add_blank_line,ok,1,False,,False,0.0,0.0,0.0
R00136,2,CLONE_INTERVAL,T1,t1_add_block_comment,ok,1,True,T1,True,1.0,0.5556,0.5556
R00136,3,MUTATION,T1,t1_add_block_comment,ok,1,True,T1,True,1.0,0.0667,0.0667
R00136,4,UNTOUCHED,T1,none,ok,1,True,T1,True,0.2,0.0667,0.0526
R00136,5,UNTOUCHED,T1,none,ok,1,True,T1,True,0.3333,0.0667,0.0588
R00136,6,UNTOUCHED,T1,none,ok,1,True,T1,True,0.3333,0.0667,0.0588
R00137,0,CLONE_INTERVAL,T2,t2_rename_local,ok,1,True,T2,True,1.0,0.1579,0.1579
R00137,1,MUTATION,T2,t2_rename_local,ok,15,True,T2,True,1.0,1.0,1.0
R00137,1,MUTATION,T2,t2_rename_local,ok,15,True,T2,True,1.0,1.0,1.0
R00137,1,MUTATION,T2,t2_rename_local,ok,15,True,T2,True,1.0,1.0,1.0
R00137,1,MUTATION,T2,t2_rename_local,ok,15,True,T2,True,1.0,1.0,1.0
R00137,1,MUTATION,T2,t2_rename_local,ok,15,True,T2,True,1.0,1.0,1.0
R00137,1,MUTATION,T2,t2_rename_local,ok,15,True,T2,True,1.0,1.0,1.0
R00137,2,CLONE_INTERVAL,T2,t2_rename_local,ok,1,True,T2,True,1.0,0.6579,0.6579
R00137,3,MUTATION,T2,t2_rename_local,ok,15,True,T2,True,1.0,1.0,1.0
R00137,3,MUTATION,T2,t2_rename_local,ok,15,True,T2,True,1.0,1.0,1.0
R00137,3,MUTATION,T2,t2_rename_local,ok,15,True,T2,True,1.0,1.0,1.0
R00137,3,MUTATION,T2,t2_rename_local,ok,15,True,T2,True,1.0,1.0,1.0
R00137,3,MUTATION,T2,t2_rename_local,ok,15,True,T2,True,1.0,1.0,1.0
R00137,3,MUTATION,T2,t2_rename_local,ok,15,True,T2,True,1.0,1.0,1.0
R00137,9,UNTOUCHED,T1,none,ok,15,True,T1,True,0.6667,0.5,0.4
R00137,10,UNTOUCHED,T1,none,ok,15,True,T1,True,1.0,0.75,0.75
R00137,11,UNTOUCHED,T1,none,ok,15,True,T1,True,0.6667,1.0,0.6667
R00138,0,CLONE_INTERVAL,T3,t3_insert_statement,ok,7,True,T3,True,1.0,0.2286,0.2286
R00138,1,MUTATION,T3,t3_insert_statement,ok,11,True,T3,True,1.0,1.0,1.0
R00138,2,CLONE_INTERVAL,T3,t3_wrap_statement,ok,7,True,T3,True,1.0,0.3143,0.3143
R00138,3,MUTATION,T3,t3_wrap_statement,ok,11,True,T3,True,1.0,1.0,1.0
R00138,4,UNTOUCHED,T1,none,ok,11,True,T1,True,0.6667,0.8,0.5714
R00138,5,UNTOUCHED,T1,none,ok,11,True,T1,True,0.75,0.2727,0.25
R00138,6,UNTOUCHED,T1,none,ok,11,True,T1,True,0.75,0.5455,0.4615
R00139,0,CLONE_INTERVAL,T1,t1_add_block_comment,ok,1,True,T2,False,1.0,0.4211,0.4211
R00139,1,MUTATION,T1,t1_add_block_comment,ok,3,True,T1,True,1.0,0.05,0.05
R00139,2,CLONE_INTERVAL,T2,t2_change_int_literal,ok,1,True,T2,True,1.0,0.2564,0.2564
R00139,3,MUTATION,T2,t2_change_int_literal,ok,3,True,T2,True,1.0,1.0,1.0
R00139,4,UNTOUCHED,T1,none,ok,3,True,T1,True,0.6667,0.1,0.0952
R00139,5,UNTOUCHED,T1,none,ok,3,True,T1,True,0.6,0.15,0.1364
R00139,6,UNTOUCHED,T1,none,ok,3,True,T1,True,0.5,0.375,0.2727
R00140,0,CLONE_INTERVAL,T1,t1_reindent,ok,1,True,T1,True,1.0,0.4375,0.4375
R00140,1,MUTATION,T1,t1_reindent,ok,1,True,T1,True,0.7143,0.4,0.3448
R00140,2,CLONE_INTERVAL,T1,t1_add_eol_comment,ok,1,True,T1,True,0.875,0.2188,0.2121
R00140,3,MUTATION,T1,t1_add_eol_comment,ok,1,False,,False,0.0,0.0,0.0
R00140,4,UNTOUCHED,T1,none,ok,1,True,T1,True,0.1667,0.04,0.0333
R00140,5,UNTOUCHED,T1,none,ok,1,True,T1,True,1.0,0.12,0.12
R00140,6,UNTOUCHED,T1,none,ok,1,True,T1,True,0.6,0.24,0.2069
R00141,0,CLONE_INTERVAL,T2,t2_rename_local,ok,1,True,T2,True,1.0,0.1351,0.1351
R00141,1,MUTATION,T2,t2_rename_local,ok,3,True,T2,True,1.0,1.0,1.0
R00141,2,CLONE_INTERVAL,T1,t1_add_block_comment,ok,1,True,T2,False,0.8571,0.0811,0.08
R00141,3,MUTATION,T1,t1_add_block_comment,ok,3,False,,False,0.0,0.0,0.0
R00141,4,UNTOUCHED,T1,none,ok,3,True,T1,True,0.6667,0.2,0.1818
R00141,5,UNTOUCHED,T1,none,ok,3,True,T1,True,0.5,0.0732,0.0682
R00141,6,UNTOUCHED,T1,none,ok,3,True,T1,True,0.6,0.0732,0.0698
R00141,7,UNTOUCHED,T1,none,ok,3,True,T1,True,0.7,0.1707,0.1591
R00142,0,CLONE_INTERVAL,T1,t1_reindent,ok,1,True,T1,True,1.0,0.1034,0.1034
R00142,1,MUTATION,T1,t1_reindent,ok,1,True,T1,True,0.6667,0.1,0.0952
R00142,2,CLONE_INTERVAL,T1,t1_reindent,ok,1,True,T1,True,1.0,0.1034,0.1034
R00142,3,MUTATION,T1,t1_reindent,ok,1,True,T1,True,0.6667,0.1,0.0952
R00142,4,UNTOUCHED,T1,none,ok,1,True,T1,True,0.75,0.075,0.0732
R00142,5,UNTOUCHED,T1,none,ok,1,True,T1,True,0.6667,0.05,0.0488
R00142,6,UNTOUCHED,T1,none,ok,1,True,T1,True,0.5,0.05,0.0476
R00143,0,CLONE_INTERVAL,T2,t2_change_int_literal,ok,6,True,T2,True,0.8571,0.375,0.3529
R00143,1,MUTATION,T2,t2_change_int_literal,ok,8,True,T2,True,1.0,1.0,1.0
R00143,2,CLONE_INTERVAL,T1,t1_add_block_comment,ok,6,True,T1,True,1.0,0.1395,0.1395
R00143,3,MUTATION,T1,t1_add_block_comment,ok,8,False,,False,0.0,0.0,0.0
R00143,4,UNTOUCHED,T1,none,ok,8,True,T1,True,0.5,1.0,0.5
R00143,5,UNTOUCHED,T1,none,ok,8,True,T1,True,0.6667,0.6,0.4615
R00143,6,UNTOUCHED,T1,none,ok,8,True,T1,True,0.8333,0.1316,0.1282
R00143,7,UNTOUCHED,T1,none,ok,8,True,T1,True,0.6667,0.2632,0.2326
R00144,0,CLONE_INTERVAL,T1,t1_add_block_comment,ok,1,True,T3,False,0.8571,0.1818,0.1765
R00144,1,MUTATION,T1,t1_add_block_comment,ok,3,False,,False,0.0,0.0,0.0
R00144,2,CLONE_INTERVAL,T3,t3_insert_statement,ok,1,True,T3,True,1.0,0.25,0.25
R00144,3,MUTATION,T3,t3_insert_statement,ok,3,True,T3,True,1.0,1.0,1.0
R00144,4,UNTOUCHED,T1,none,ok,3,True,T1,True,0.75,0.1765,0.1667
R00144,5,UNTOUCHED,T1,none,ok,3,True,T1,True,1.0,0.3529,0.3529
R00144,6,UNTOUCHED,T1,none,ok,3,True,T1,True,0.6,0.6667,0.4615
R00145,0,CLONE_INTERVAL,T1,t1_add_block_comment,ok,3,True,T2,False,1.0,0.1935,0.1935
R00145,1,MUTATION,T1,t1_add_block_comment,ok,5,True,T1,True,1.0,0.0588,0.0588
R00145,2,CLONE_INTERVAL,T2,t2_change_int_literal,ok,3,True,T2,True,1.0,0.2188,0.2188
R00145,3,MUTATION,T2,t2_change_int_literal,ok,5,True,T2,True,1.0,1.0,1.0
R00145,4,UNTOUCHED,T1,none,ok,5,True,T1,True,0.6,0.1765,0.1579
R00145,5,UNTOUCHED,T1,none,ok,5,True,T1,True,0.6667,0.1176,0.1111
R00145,6,UNTOUCHED,T1,none,ok,5,True,T1,True,0.75,0.4286,0.375
R00146,0,CLONE_INTERVAL,T2,t2_change_int_literal,ok,16,True,T2,True,0.8571,0.2,0.1935
R00146,1,MUTATION,T2,t2_change_int_literal,ok,18,True,T2,True,1.0,1.0,1.0
R00146,2,CLONE_INTERVAL,T1,t1_add_block_comment,ok,16,True,T1,True,0.8333,0.3125,0.2941
R00146,3,MUTATION,T1,t1_add_block_comment,ok,18,True,T1,True,1.0,0.0625,0.0625
R00146,4,UNTOUCHED,T1,none,ok,18,True,T1,True,0.8571,0.6667,0.6
R00146,5,UNTOUCHED,T1,none,ok,18,True,T1,True,0.2,0.05,0.0417
R00146,6,UNTOUCHED,T1,none,ok,18,True,T1,True,0.5,0.125,0.1111
R00146,7,UNTOUCHED,T1,none,ok,18,True,T1,True,0.8,0.5,0.4444
R00147,0,CLONE_INTERVAL,T1,t1_reindent,ok,1,True,T1,True,1.0,0.0808,0.0808
R00147,1,MUTATION,T1,t1_reindent,ok,1,True,T1,True,0.75,0.0759,0.0741
R00147,3,CLONE_INTERVAL,T1,t1_add_block_comment,ok,1,True,T1,True,1.0,0.0612,0.0612
R00147,4,MUTATION,T1,t1_add_block_comment,ok,1,False,,False,0.0,0.0,0.0
R00147,5,UNTOUCHED,T1,none,ok,1,True,T1,True,0.6667,0.0253,0.025
R00147,6,UNTOUCHED,T1,none,ok,1,True,T1,True,0.6667,0.0253,0.025
R00147,7,UNTOUCHED,T1,none,ok,1,True,T1,True,0.6,0.038,0.037
R00147,8,UNTOUCHED,T1,none,ok,1,True,T1,True,0.7,0.0886,0.0854
R00148,0,CLONE_INTERVAL,T3,t3_wrap_statement,ok,1,True,T3,True,1.0,0.1818,0.1818
R00148,1,MUTATION,T3,t3_wrap_statement,ok,5,True,T3,True,1.0,1.0,1.0
R00148,2,CLONE_INTERVAL,T3,t3_insert_statement,ok,1,True,T3,True,1.0,0.4167,0.4167
R00148,3,MUTATION,T3,t3_insert_statement,ok,5,True,T3,True,1.0,1.0,1.0
R00148,4,UNTOUCHED,T1,none,ok,5,True,T1,True,0.8333,1.0,0.8333
R00148,5,UNTOUCHED,T1,none,ok,5,True,T1,True,1.0,0.15,0.15
R00148,6,UNTOUCHED,T1,none,ok,5,True,T1,True,0.6,1.0,0.6
R00149,0,CLONE_INTERVAL,T1,t1_add_blank_line,ok,1,True,T3,False,0.75,0.1667,0.1579
R00149,1,MUTATION,T1,t1_add_blank_line,ok,3,False,,False,0.0,0.0,0.0
R00149,2,CLONE_INTERVAL,T3,t3_wrap_statement,ok,1,False,,False,0.3333,0.0909,0.0769
R00149,3,MUTATION,T3,t3_wrap_statement,ok,3,True,T3,True,1.0,0.5,0.5
R00149,4,UNTOUCHED,T1,none,ok,3,True,T1,True,0.8,0.3333,0.3077
R00149,5,UNTOUCHED,T1,none,ok,3,True,T1,True,0.6667,0.1667,0.1538
R00149,6,UNTOUCHED,T1,none,ok,3,True,T1,True,0.6429,0.5625,0.4286
R00150,0,CLONE_INTERVAL,T1,t1_reindent,ok,1,True,T3,False,1.0,0.1458,0.1458
R00150,1,MUTATION,T1,t1_reindent,ok,3,True,T1,True,0.8571,0.3333,0.3158
R00150,2,CLONE_INTERVAL,T3,t3_delete_statement,ok,1,True,T3,True,1.0,0.1064,0.1064
R00150,3,MUTATION,T3,t3_delete_statement,ok,3,True,T3,True,1.0,1.0,1.0
R00150,4,UNTOUCHED,T1,none,ok,3,True,T1,True,0.8,0.2222,0.2105
R00150,5,UNTOUCHED,T1,none,ok,3,True,T1,True,0.75,0.1667,0.1579
R00150,6,UNTOUCHED,T1,none,ok,3,True,T1,True,0.7407,1.0,0.7407
R00151,0,CLONE_INTERVAL,T1,t1_add_block_comment,ok,1,True,T3,False,0.9091,0.2857,0.2778
R00151,1,MUTATION,T1,t1_add_block_comment,ok,3,False,,False,0.0,0.0,0.0
R00151,2,CLONE_INTERVAL,T3,t3_insert_statement,ok,1,True,T3,True,1.0,0.2,0.2
R00151,3,MUTATION,T3,t3_insert_statement,ok,3,True,T3,True,1.0,1.0,1.0
R00151,4,UNTOUCHED,T1,none,ok,3,True,T1,True,0.6667,0.1176,0.1111
R00151,5,UNTOUCHED,T1,none,ok,3,True,T1,True,0.6,0.1765,0.1579
R00151,6,UNTOUCHED,T1,none,ok,3,True,T1,True,0.5455,1.0,0.5455
R00152,0,CLONE_INTERVAL,T1,t1_add_block_comment,ok,1,True,T1,True,0.9286,0.1102,0.1092
R00152,1,MUTATION,T1,t1_add_block_comment,ok,1,False,,False,0.0,0.0,0.0
R00152,2,CLONE_INTERVAL,T1,t1_add_block_comment,ok,1,True,T1,True,1.0,0.0513,0.0513
R00152,3,MUTATION,T1,t1_add_block_comment,ok,1,True,T1,True,1.0,0.0103,0.0103
R00152,4,UNTOUCHED,T1,none,ok,1,True,T1,True,0.7273,0.0825,0.08
R00152,5,UNTOUCHED,T1,none,ok,1,True,T1,True,0.7273,0.0825,0.08
R00152,6,UNTOUCHED,T1,none,ok,1,True,T1,True,0.6,0.0309,0.0303
R00152,7,UNTOUCHED,T1,none,ok,1,True,T1,True,0.7,0.0722,0.07
R00153,0,CLONE_INTERVAL,T1,t1_reindent,ok,2,True,T1,True,1.0,0.0619,0.0619
R00153,1,MUTATION,T1,t1_reindent,ok,2,True,T1,True,0.7143,0.0595,0.0581
R00153,2,CLONE_INTERVAL,T1,t1_add_blank_line,ok,2,True,T1,True,1.0,0.125,0.125
R00153,3,MUTATION,T1,t1_add_blank_line,ok,2,False,,False,0.0,0.0,0.0
R00153,4,UNTOUCHED,T1,none,ok,2,True,T1,True,0.7143,0.0595,0.0581
R00153,5,UNTOUCHED,T1,none,ok,2,True,T1,True,0.6667,0.0952,0.0909
R00153,6,UNTOUCHED,T1,none,ok,2,True,T1,True,0.6667,0.0238,0.0235
R00153,7,UNTOUCHED,T1,none,ok,2,True,T1,True,0.6667,0.0238,0.0235
R00154,0,CLONE_INTERVAL,T2,t2_change_string_literal,ok,1,True,T2,True,1.0,0.0896,0.0896
R00154,1,MUTATION,T2,t2_change_string_literal,ok,3,True,T2,True,1.0,1.0,1.0
R00154,2,CLONE_INTERVAL,T1,t1_add_eol_comment,ok,1,True,T2,False,1.0,0.1194,0.1194
R00154,3,MUTATION,T1,t1_add_eol_comment,ok,3,True,T1,True,1.0,0.0208,0.0208
R00154,4,UNTOUCHED,T1,none,ok,3,True,T1,True,0.3333,0.25,0.1667
R00154,5,UNTOUCHED,T1,none,ok,3,True,T1,True,0.625,0.1042,0.098
R00154,6,UNTOUCHED,T1,none,ok,3,True,T1,True,0.6667,0.0833,0.08
R00154,7,UNTOUCHED,T1,none,ok,3,True,T1,True,0.6667,0.1667,0.1538
R00155,0,CLONE_INTERVAL,T1,t1_reindent,ok,1,False,,False,0.0,0.0,0.0
R00155,1,MUTATION,T1,t1_reindent,ok,1,False,,False,0.0,0.0,0.0
R00155,3,CLONE_INTERVAL,T1,t1_add_block_comment,ok,1,False,,False,0.4286,0.075,0.0682
R00155,4,MUTATION,T1,t1_add_block_comment,ok,1,False,,False,0.0,0.0,0.0
R00155,5,UNTOUCHED,T1,none,ok,1,False,,False,0.0,0.0,0.0
R00155,6,UNTOUCHED,T1,none,ok,1,False,,False,0.0,0.0,0.0
R00155,7,UNTOUCHED,T1,none,ok,1,True,T1,True,0.6129,0.6333,0.4524
R00156,0,CLONE_INTERVAL,T1,t1_reindent,ok,1,True,T3,False,1.0,0.0896,0.0896
R00156,1,MUTATION,T1,t1_reindent,ok,3,True,T1,True,0.8333,0.119,0.1163
R00156,2,CLONE_INTERVAL,T3,t3_insert_statement,ok,1,True,T3,True,1.0,0.1045,0.1045
R00156,3,MUTATION,T3,t3_insert_statement,ok,3,True,T3,True,1.0,1.0,1.0
R00156,4,UNTOUCHED,T1,none,ok,3,True,T1,True,0.3333,0.0238,0.0227
R00156,5,UNTOUCHED,T1,none,ok,3,True,T1,True,0.5714,0.0952,0.0889
R00156,6,UNTOUCHED,T1,none,ok,3,True,T1,True,0.5,0.0476,0.0455
R00156,7,UNTOUCHED,T1,none,ok,3,True,T1,True,0.6667,1.0,0.6667
R00157,0,CLONE_INTERVAL,T2,t2_change_int_literal,ok,1,True,T2,True,0.8333,0.0769,0.0758
R00157,1,MUTATION,T2,t2_change_int_literal,ok,3,True,T2,True,1.0,1.0,1.0
R00157,2,CLONE_INTERVAL,T1,t1_add_block_comment,ok,1,True,T2,False,1.0,0.0938,0.0938
R00157,3,MUTATION,T1,t1_add_block_comment,ok,3,True,T1,True,1.0,0.0238,0.0238
R00157,4,UNTOUCHED,T1,none,ok,3,True,T1,True,0.6667,0.2222,0.2
R00157,5,UNTOUCHED,T1,none,ok,3,True,T1,True,0.6667,0.1905,0.1739
R00157,6,UNTOUCHED,T1,none,ok,3,True,T1,True,0.6,0.0714,0.0682
R00157,7,UNTOUCHED,T1,none,ok,3,True,T1,True,0.7,0.1667,0.1556
R00158,0,CLONE_INTERVAL,T1,t1_add_block_comment,ok,2,True,T3,False,0.7143,0.0806,0.0781
R00158,1,MUTATION,T1,t1_add_block_comment,ok,4,False,,False,0.0,0.0,0.0
R00158,2,CLONE_INTERVAL,T3,t3_insert_statement,ok,2,True,T3,True,0.8333,0.082,0.0806
R00158,3,MUTATION,T3,t3_insert_statement,ok,4,True,T3,True,1.0,1.0,1.0
R00158,4,UNTOUCHED,T1,none,ok,4,True,T1,True,0.7778,0.35,0.3182
R00158,5,UNTOUCHED,T1,none,ok,4,True,T1,True,0.8636,0.475,0.4419
R00158,6,UNTOUCHED,T1,none,ok,4,True,T1,True,0.5,0.1875,0.1579
R00159,0,CLONE_INTERVAL,T3,t3_insert_statement,ok,1,True,T3,True,0.8333,0.1724,0.1667
R00159,1,MUTATION,T3,t3_insert_statement,ok,5,True,T3,True,1.0,1.0,1.0
R00159,2,CLONE_INTERVAL,T3,t3_delete_statement,ok,1,True,T3,True,1.0,0.1724,0.1724
R00159,3,MUTATION,T3,t3_delete_statement,ok,5,True,T3,True,1.0,1.0,1.0
R00159,4,UNTOUCHED,T1,none,ok,5,True,T1,True,0.6667,0.4,0.3333
R00159,5,UNTOUCHED,T1,none,ok,5,True,T1,True,0.6667,0.5714,0.4444
R00159,6,UNTOUCHED,T1,none,ok,5,True,T1,True,0.6429,0.75,0.5294
R00160,0,CLONE_INTERVAL,T2,t2_change_string_literal,ok,1,True,T3,False,1.0,0.2069,0.2069
R00160,1,MUTATION,T2,t2_change_string_literal,ok,5,True,T2,True,1.0,1.0,1.0
R00160,2,CLONE_INTERVAL,T3,t3_delete_statement,ok,1,True,T3,True,1.0,0.1786,0.1786
R00160,3,MUTATION,T3,t3_delete_statement,ok,5,True,T3,True,1.0,1.0,1.0
R00160,4,UNTOUCHED,T1,none,ok,5,True,T1,True,0.75,0.5,0.4286
R00160,5,UNTOUCHED,T1,none,ok,5,True,T1,True,1.0,0.3,0.3
R00160,6,UNTOUCHED,T1,none,ok,5,True,T1,True,0.625,0.7143,0.5
R00161,0,CLONE_INTERVAL,T1,t1_add_blank_line,ok,6,True,T2,False,0.9,0.2571,0.25
R00161,1,MUTATION,T1,t1_add_blank_line,ok,10,False,,False,0.0,0.0,0.0
R00161,2,CLONE_INTERVAL,T2,t2_rename_local,ok,6,True,T2,True,1.0,0.3429,0.3429
R00161,3,MUTATION,T2,t2_rename_local,ok,10,True,T2,True,1.0,1.0,1.0
R00161,3,MUTATION,T2,t2_rename_local,ok,10,True,T2,True,1.0,1.0,1.0
R00161,5,UNTOUCHED,T1,none,ok,10,True,T1,True,0.6,0.2,0.1765
R00161,6,UNTOUCHED,T1,none,ok,10,True,T1,True,0.6667,0.1333,0.125
R00161,7,UNTOUCHED,T1,none,ok,10,True,T1,True,0.75,0.8571,0.6667
R00162,0,CLONE_INTERVAL,T1,t1_add_block_comment,ok,2,True,T1,True,0.9,0.3,0.2903
R00162,1,MUTATION,T1,t1_add_block_comment,ok,2,False,,False,0.0,0.0,0.0
R00162,2,CLONE_INTERVAL,T1,t1_add_eol_comment,ok,2,True,T1,True,1.0,0.4615,0.4615
R00162,3,MUTATION,T1,t1_add_eol_comment,ok,2,True,T1,True,1.0,0.1,0.1
R00162,4,UNTOUCHED,T1,none,ok,2,True,T1,True,0.6316,0.5455,0.4138
R00162,5,UNTOUCHED,T1,none,ok,2,True,T1,True,0.0909,0.1364,0.0577
R00162,6,UNTOUCHED,T1,none,ok,2,True,T1,True,0.6,0.3,0.25
R00162,7,UNTOUCHED,T1,none,ok,2,True,T1,True,0.6,0.3,0.25
R00163,0,CLONE_INTERVAL,T1,t1_add_blank_line,ok,1,True,T3,False,0.8889,0.1159,0.1143
R00163,1,MUTATION,T1,t1_add_blank_line,ok,3,False,,False,0.0,0.0,0.0
R00163,2,CLONE_INTERVAL,T3,t3_wrap_statement,ok,1,True,T3,True,1.0,0.0896,0.0896
R00163,3,MUTATION,T3,t3_wrap_statement,ok,3,True,T3,True,1.0,1.0,1.0
R00163,4,UNTOUCHED,T1,none,ok,3,True,T1,True,0.6667,0.05,0.0488
R00163,5,UNTOUCHED,T1,none,ok,3,True,T1,True,0.6667,0.05,0.0488
R00163,6,UNTOUCHED,T1,none,ok,3,True,T1,True,0.6,0.075,0.0714
R00163,7,UNTOUCHED,T1,none,ok,3,True,T1,True,0.6667,0.7692,0.5556
R00164,0,CLONE_INTERVAL,T3,t3_wrap_statement,ok,3,True,T3,True,1.0,0.0426,0.0426
R00164,1,MUTATION,T3,t3_wrap_statement,ok,7,True,T3,True,1.0,1.0,1.0
R00164,2,CLONE_INTERVAL,T3,t3_insert_statement,ok,3,True,T3,True,1.0,0.0764,0.0764
R00164,3,MUTATION,T3,t3_insert_statement,ok,7,True,T3,True,1.0,1.0,1.0
R00164,4,UNTOUCHED,T1,none,ok,7,True,T1,True,0.6,0.1154,0.1071
R00164,5,UNTOUCHED,T1,none,ok,7,True,T1,True,0.7,0.2,0.1842
R00164,6,UNTOUCHED,T1,none,ok,7,True,T1,True,0.7273,0.2286,0.2105
R00164,7,UNTOUCHED,T1,none,ok,7,True,T1,True,0.7059,0.3,0.2667
R00165,0,CLONE_INTERVAL,T1,t1_reindent,ok,7,True,T1,True,1.0,0.2727,0.2727
R00165,1,MUTATION,T1,t1_reindent,ok,9,True,T1,True,0.7778,0.2692,0.25
R00165,2,CLONE_INTERVAL,T2,t2_rename_local,ok,7,True,T2,True,1.0,0.7222,0.7222
R00165,3,MUTATION,T2,t2_rename_local,ok,9,True,T2,True,1.0,1.0,1.0
R00165,4,UNTOUCHED,T1,none,ok,9,True,T1,True,0.3333,0.0385,0.0357
R00165,5,UNTOUCHED,T1,none,ok,9,True,T1,True,0.625,0.1923,0.1724
R00165,6,UNTOUCHED,T1,none,ok,9,True,T1,True,0.6667,0.3333,0.2857
R00165,7,UNTOUCHED,T1,none,ok,9,True,T1,True,0.6,0.6,0.4286
R00166,0,CLONE_INTERVAL,T1,t1_add_eol_comment,ok,1,True,T1,True,1.0,0.1262,0.1262
R00166,1,MUTATION,T1,t1_add_eol_comment,ok,1,False,,False,0.0,0.0,0.0
R00166,2,CLONE_INTERVAL,T1,t1_add_blank_line,ok,1,True,T1,True,0.875,0.068,0.0673
R00166,3,MUTATION,T1,t1_add_blank_line,ok,1,False,,False,0.0,0.0,0.0
R00166,4,UNTOUCHED,T1,none,ok,1,True,T1,True,0.75,0.038,0.0375
R00166,5,UNTOUCHED,T1,none,ok,1,True,T1,True,0.5714,0.0506,0.0488
R00166,6,UNTOUCHED,T1,none,ok,1,True,T1,True,0.7143,0.0633,0.0617
R00166,7,UNTOUCHED,T1,none,ok,1,True,T1,True,0.6667,0.1013,0.0964
R00167,0,CLONE_INTERVAL,T3,t3_wrap_statement,ok,1,True,T3,True,1.0,0.186,0.186
R00167,1,MUTATION,T3,t3_wrap_statement,ok,5,True,T3,True,1.0,1.0,1.0
R00167,2,CLONE_INTERVAL,T2,t2_change_int_literal,ok,1,True,T3,False,1.0,0.1333,0.1333
R00167,3,MUTATION,T2,t2_change_int_literal,ok,5,True,T2,True,1.0,1.0,1.0
R00167,4,UNTOUCHED,T1,none,ok,5,True,T1,True,0.6667,0.6667,0.5
R00167,5,UNTOUCHED,T1,none,ok,5,True,T1,True,0.7143,0.5,0.4167
R00167,6,UNTOUCHED,T1,none,ok,5,True,T1,True,0.5714,0.8,0.5
R00168,0,CLONE_INTERVAL,T3,t3_delete_statement,ok,1,True,T3,True,1.0,0.0568,0.0568
R00168,1,MUTATION,T3,t3_delete_statement,ok,4,True,T2,False,1.0,0.0556,0.0556
R00168,2,CLONE_INTERVAL,T1,t1_add_eol_comment,ok,1,True,T3,False,1.0,0.0674,0.0674
R00168,3,MUTATION,T1,t1_add_eol_comment,ok,4,True,T1,True,1.0,0.0227,0.0227
R00168,4,UNTOUCHED,T1,none,ok,4,True,T1,True,0.7647,1.0,0.7647
R00168,5,UNTOUCHED,T1,none,ok,4,True,T2,False,0.5455,0.6667,0.4286
R00168,6,UNTOUCHED,T1,none,ok,4,True,T1,True,0.6458,0.7045,0.5082
R00169,0,CLONE_INTERVAL,T1,t1_reindent,ok,1,True,T1,True,1.0,0.2759,0.2759
R00169,1,MUTATION,T1,t1_reindent,ok,1,True,T1,True,0.75,0.2609,0.24
R00169,2,CLONE_INTERVAL,T1,t1_add_eol_comment,ok,1,True,T1,True,1.0,0.3103,0.3103
R00169,3,MUTATION,T1,t1_add_eol_comment,ok,1,True,T1,True,1.0,0.0435,0.0435
R00169,4,UNTOUCHED,T1,none,ok,1,True,T1,True,0.75,0.1304,0.125
R00169,5,UNTOUCHED,T1,none,ok,1,True,T1,True,0.8,0.1739,0.1667
R00169,6,UNTOUCHED,T1,none,ok,1,True,T1,True,0.75,0.1304,0.125
R00170,0,CLONE_INTERVAL,T2,t2_change_int_literal,ok,1,True,T3,False,0.9091,0.1299,0.1282
R00170,1,MUTATION,T2,t2_change_int_literal,ok,5,True,T2,True,1.0,1.0,1.0
R00170,2,CLONE_INTERVAL,T3,t3_wrap_statement,ok,1,True,T3,True,1.0,0.1067,0.1067
R00170,3,MUTATION,T3,t3_wrap_statement,ok,5,True,T3,True,1.0,1.0,1.0
R00170,4,UNTOUCHED,T1,none,ok,5,True,T1,True,0.8,1.0,0.8
R00170,5,UNTOUCHED,T1,none,ok,5,True,T1,True,0.6667,0.0526,0.0513
R00170,6,UNTOUCHED,T1,none,ok,5,True,T1,True,0.6667,0.1053,0.1
R00170,7,UNTOUCHED,T1,none,ok,5,True,T1,True,0.6667,0.4444,0.3636
R00171,0,CLONE_INTERVAL,T3,t3_delete_statement,ok,1,True,T3,True,0.8333,0.1026,0.1026
R00171,1,MUTATION,T3,t3_delete_statement,ok,6,True,T2,False,0.5,0.5,0.3333
R00171,2,CLONE_INTERVAL,T2,t2_change_int_literal,ok,1,True,T3,False,1.0,0.55,0.55
R00171,3,MUTATION,T2,t2_change_int_literal,ok,6,True,T2,True,1.0,1.0,1.0
R00171,4,UNTOUCHED,T1,none,ok,6,True,T1,True,0.5,0.4,0.2857
R00171,5,UNTOUCHED,T1,none,ok,6,True,T1,True,0.3333,1.0,0.3333
R00171,6,UNTOUCHED,T1,none,ok,6,True,T1,True,0.5455,0.25,0.2069
R00172,0,CLONE_INTERVAL,T3,t3_delete_statement,ok,2,True,T3,True,1.0,0.2174,0.2174
R00172,1,MUTATION,T3,t3_delete_statement,ok,4,True,T3,True,1.0,1.0,1.0
R00172,2,CLONE_INTERVAL,T1,t1_add_block_comment,ok,2,True,T1,True,1.0,0.2,0.2
R00172,3,MUTATION,T1,t1_add_block_comment,ok,4,False,,False,0.0,0.0,0.0
R00172,4,UNTOUCHED,T1,none,ok,4,True,T1,True,0.75,0.4286,0.375
R00172,5,UNTOUCHED,T1,none,ok,4,True,T1,True,0.75,1.0,0.75
R00172,6,UNTOUCHED,T1,none,ok,4,True,T1,True,0.6,0.1111,0.1034
R00172,7,UNTOUCHED,T1,none,ok,4,True,T1,True,0.6667,0.0741,0.0714
R00173,0,CLONE_INTERVAL,T3,t3_insert_statement,ok,1,True,T3,True,0.8333,0.0602,0.0595
R00173,1,MUTATION,T3,t3_insert_statement,ok,3,True,T3,True,1.0,1.0,1.0
R00173,2,CLONE_INTERVAL,T1,t1_reindent,ok,1,True,T3,False,0.8333,0.0595,0.0588
R00173,3,MUTATION,T1,t1_reindent,ok,3,True,T1,True,0.6667,0.2353,0.2105
R00173,4,UNTOUCHED,T1,none,ok,3,False,,False,0.0,0.0,0.0
R00173,5,UNTOUCHED,T1,none,ok,3,True,T1,True,0.5556,0.2941,0.2381
R00173,6,UNTOUCHED,T1,none,ok,3,False,,False,0.0,0.0,0.0
R00173,7,UNTOUCHED,T1,none,ok,3,True,T1,True,0.5556,0.2941,0.2381
R00174,0,CLONE_INTERVAL,T3,t3_insert_statement,ok,1,False,,False,0.6667,0.1053,0.1
R00174,1,MUTATION,T3,t3_insert_statement,ok,5,True,T3,True,1.0,1.0,1.0
R00174,2,CLONE_INTERVAL,T2,t2_change_string_literal,ok,1,True,T3,False,1.0,0.4872,0.4872
R00174,3,MUTATION,T2,t2_change_string_literal,ok,5,True,T2,True,1.0,1.0,1.0
R00174,4,UNTOUCHED,T1,none,ok,5,True,T1,True,0.3333,0.25,0.1667
R00174,5,UNTOUCHED,T1,none,ok,5,True,T1,True,0.75,0.4286,0.375
R00174,6,UNTOUCHED,T1,none,ok,5,True,T1,True,0.6667,0.5,0.4
R00175,0,CLONE_INTERVAL,T2,t2_change_int_literal,ok,1,True,T2,True,1.0,0.1429,0.1429
R00175,1,MUTATION,T2,t2_change_int_literal,ok,3,True,T2,True,1.0,1.0,1.0
R00175,2,CLONE_INTERVAL,T1,t1_add_block_comment,ok,1,True,T2,False,1.0,0.3659,0.3659
R00175,3,MUTATION,T1,t1_add_block_comment,ok,3,False,,False,0.0,0.0,0.0
R00175,4,UNTOUCHED,T1,none,ok,3,True,T1,True,0.75,1.0,0.75
R00175,5,UNTOUCHED,T1,none,ok,3,True,T1,True,0.6429,0.3333,0.2812
R00175,6,UNTOUCHED,T1,none,ok,3,True,T1,True,0.5,0.0741,0.069
R00175,7,UNTOUCHED,T1,none,ok,3,True,T1,True,0.3333,0.037,0.0345
R00176,0,CLONE_INTERVAL,T1,t1_add_eol_comment,ok,1,True,T2,False,0.8571,0.0779,0.0769
R00176,1,MUTATION,T1,t1_add_eol_comment,ok,3,True,T1,True,1.0,0.0196,0.0196
R00176,2,CLONE_INTERVAL,T2,t2_change_int_literal,ok,1,True,T2,True,1.0,0.1039,0.1039
R00176,3,MUTATION,T2,t2_change_int_literal,ok,3,True,T2,True,1.0,1.0,1.0
R00176,4,UNTOUCHED,T1,none,ok,3,True,T1,True,0.5,0.0588,0.0556
R00176,5,UNTOUCHED,T1,none,ok,3,True,T1,True,0.6,0.0588,0.0566
R00176,6,UNTOUCHED,T1,none,ok,3,True,T1,True,0.5455,0.1176,0.1071
R00176,7,UNTOUCHED,T1,none,ok,3,True,T1,True,0.6,0.1875,0.1667
R00177,0,CLONE_INTERVAL,T2,t2_rename_local,ok,1,True,T2,True,1.0,0.2045,0.2045
R00177,1,MUTATION,T2,t2_rename_local,ok,13,True,T2,True,1.0,1.0,1.0
R00177,1,MUTATION,T2,t2_rename_local,ok,13,True,T2,True,1.0,1.0,1.0
R00177,1,MUTATION,T2,t2_rename_local,ok,13,True,T2,True,1.0,0.5,0.5
R00177,1,MUTATION,T2,t2_rename_local,ok,13,True,T2,True,1.0,0.5,0.5
R00177,5,CLONE_INTERVAL,T2,t2_rename_local,ok,1,True,T2,True,1.0,0.2045,0.2045
R00177,6,MUTATION,T2,t2_rename_local,ok,13,True,T2,True,1.0,1.0,1.0
R00177,6,MUTATION,T2,t2_rename_local,ok,13,True,T2,True,1.0,1.0,1.0
R00177,6,MUTATION,T2,t2_rename_local,ok,13,True,T2,True,1.0,0.5,0.5
R00177,6,MUTATION,T2,t2_rename_local,ok,13,True,T2,True,1.0,0.5,0.5
R00177,10,UNTOUCHED,T1,none,ok,13,True,T1,True,0.8889,1.0,0.8889
R00177,11,UNTOUCHED,T1,none,ok,13,True,T1,True,0.8182,1.0,0.8182
R00177,12,UNTOUCHED,T1,none,ok,13,True,T1,True,0.6667,0.3333,0.2857
R00178,0,CLONE_INTERVAL,T2,t2_change_int_literal,ok,1,False,,False,0.5714,0.0541,0.0519
R00178,1,MUTATION,T2,t2_change_int_literal,ok,3,True,T2,True,1.0,1.0,1.0
R00178,2,CLONE_INTERVAL,T1,t1_add_blank_line,ok,1,True,T2,False,0.8571,0.0811,0.08
R00178,3,MUTATION,T1,t1_add_blank_line,ok,3,False,,False,0.0,0.0,0.0
R00178,4,UNTOUCHED,T1,none,ok,3,True,T1,True,0.4,0.1538,0.125
R00178,5,UNTOUCHED,T1,none,ok,3,True,T1,True,0.5,0.087,0.08
R00178,6,UNTOUCHED,T1,none,ok,3,True,T1,True,0.6,0.0652,0.0625
R00178,7,UNTOUCHED,T1,none,ok,3,True,T1,True,0.7,0.1522,0.1429
R00179,0,CLONE_INTERVAL,T3,t3_delete_statement,ok,1,True,T3,True,1.0,0.2,0.2
R00179,1,MUTATION,T3,t3_delete_statement,ok,5,True,T3,True,1.0,1.0,1.0
R00179,2,CLONE_INTERVAL,T3,t3_delete_statement,ok,1,True,T3,True,1.0,0.28,0.28
R00179,3,MUTATION,T3,t3_delete_statement,ok,5,True,T3,True,1.0,1.0,1.0
R00179,4,UNTOUCHED,T1,none,ok,5,True,T1,True,0.6667,0.5,0.4
R00179,5,UNTOUCHED,T1,none,ok,5,True,T1,True,1.0,0.6,0.6
R00179,6,UNTOUCHED,T1,none,ok,5,True,T1,True,0.5556,0.5,0.3571
R00180,0,CLONE_INTERVAL,T1,t1_add_block_comment,ok,1,True,T1,True,1.0,0.3103,0.3103
R00180,1,MUTATION,T1,t1_add_block_comment,ok,1,False,,False,0.0,0.0,0.0
R00180,2,CLONE_INTERVAL,T3,t3_delete_statement,ok,1,False,,False,0.0,0.0,0.0
R00180,3,MUTATION,T3,t3_delete_statement,ok,1,False,,False,0.0,0.0,0.0
R00180,4,UNTOUCHED,T1,none,ok,1,True,T1,True,0.6667,0.0833,0.08
R00180,5,UNTOUCHED,T1,none,ok,1,True,T1,True,0.6667,0.25,0.2222
R00180,6,UNTOUCHED,T1,none,ok,1,False,,False,0.0,0.0,0.0
R00180,7,UNTOUCHED,T1,none,ok,1,False,,False,0.0,0.0,0.0
R00181,0,CLONE_INTERVAL,T2,t2_change_int_literal,ok,1,True,T2,True,1.0,0.1169,0.1169
R00181,1,MUTATION,T2,t2_change_int_literal,ok,5,True,T2,True,1.0,1.0,1.0
R00181,2,CLONE_INTERVAL,T2,t2_change_int_literal,ok,1,True,T2,True,1.0,0.0909,0.0909
R00181,3,MUTATION,T2,t2_change_int_literal,ok,5,True,T2,True,1.0,1.0,1.0
R00181,4,UNTOUCHED,T1,none,ok,5,True,T1,True,0.75,1.0,0.75
R00181,5,UNTOUCHED,T1,none,ok,5,True,T1,True,0.6667,0.0588,0.0571
R00181,6,UNTOUCHED,T1,none,ok,5,True,T1,True,0.5,0.0588,0.0556
R00181,7,UNTOUCHED,T1,none,ok,5,True,T1,True,0.6667,0.4348,0.3571
R00182,0,CLONE_INTERVAL,T3,t3_wrap_statement,ok,1,True,T3,True,1.0,0.3333,0.3333
R00182,1,MUTATION,T3,t3_wrap_statement,ok,5,True,T3,True,1.0,1.0,1.0
R00182,2,CLONE_INTERVAL,T3,t3_insert_statement,ok,1,True,T3,True,1.0,0.1944,0.1944
R00182,3,MUTATION,T3,t3_insert_statement,ok,5,True,T3,True,1.0,1.0,1.0
R00182,4,UNTOUCHED,T1,none,ok,5,True,T1,True,0.6,1.0,0.6
R00182,5,UNTOUCHED,T1,none,ok,5,True,T1,True,0.6667,0.3333,0.2857
R00182,6,UNTOUCHED,T1,none,ok,5,True,T1,True,0.7778,0.6364,0.5385
R00183,0,CLONE_INTERVAL,T3,t3_insert_statement,ok,1,True,T3,True,1.0,0.1935,0.1935
R00183,1,MUTATION,T3,t3_insert_statement,ok,5,True,T3,True,1.0,1.0,1.0
R00183,2,CLONE_INTERVAL,T2,t2_change_string_literal,ok,1,True,T3,False,1.0,0.3125,0.3125
R00183,3,MUTATION,T2,t2_change_string_literal,ok,5,True,T2,True,1.0,1.0,1.0
R00183,4,UNTOUCHED,T1,none,ok,5,True,T1,True,0.7143,0.7143,0.5556
R00183,5,UNTOUCHED,T1,none,ok,5,True,T1,True,1.0,0.4286,0.4286
R00183,6,UNTOUCHED,T1,none,ok,5,True,T1,True,0.625,0.5,0.3846
R00184,0,CLONE_INTERVAL,T1,t1_add_block_comment,ok,1,True,T2,False,1.0,0.32,0.32
R00184,1,MUTATION,T1,t1_add_block_comment,ok,5,False,,False,0.0,0.0,0.0
R00184,2,CLONE_INTERVAL,T2,t2_rename_local,ok,1,True,T2,True,0.875,0.2692,0.2593
R00184,3,MUTATION,T2,t2_rename_local,ok,5,True,T2,True,1.0,1.0,1.0
R00184,3,MUTATION,T2,t2_rename_local,ok,5,True,T2,True,1.0,1.0,1.0
R00184,5,UNTOUCHED,T1,none,ok,5,True,T1,True,0.3333,0.1,0.0833
R00184,6,UNTOUCHED,T1,none,ok,5,True,T1,True,0.6667,0.2,0.1818
R00184,7,UNTOUCHED,T1,none,ok,5,True,T1,True,0.5,1.0,0.5
R00185,0,CLONE_INTERVAL,T2,t2_change_int_literal,ok,1,True,T2,True,1.0,0.0638,0.0638
R00185,1,MUTATION,T2,t2_change_int_literal,ok,3,True,T2,True,1.0,1.0,1.0
R00185,2,CLONE_INTERVAL,T1,t1_add_blank_line,ok,1,True,T2,False,0.8571,0.0638,0.0632
R00185,3,MUTATION,T1,t1_add_blank_line,ok,3,False,,False,0.0,0.0,0.0
R00185,4,UNTOUCHED,T1,none,ok,3,True,T1,True,0.3333,0.0909,0.0769
R00185,5,UNTOUCHED,T1,none,ok,3,True,T1,True,0.6154,0.127,0.1176
R00185,6,UNTOUCHED,T1,none,ok,3,True,T1,True,0.3333,0.0159,0.0154
R00185,7,UNTOUCHED,T1,none,ok,3,True,T1,True,0.625,0.0794,0.0758
R00186,0,CLONE_INTERVAL,T2,t2_change_string_literal,ok,1,True,T2,True,1.0,0.2308,0.2308
R00186,1,MUTATION,T2,t2_change_string_literal,ok,5,True,T2,True,1.0,1.0,1.0
R00186,2,CLONE_INTERVAL,T2,t2_change_string_literal,ok,1,True,T2,True,1.0,0.2051,0.2051
R00186,3,MUTATION,T2,t2_change_string_literal,ok,5,True,T2,True,1.0,1.0,1.0
R00186,4,UNTOUCHED,T1,none,ok,5,True,T1,True,0.8571,0.75,0.6667
R00186,5,UNTOUCHED,T1,none,ok,5,True,T1,True,0.75,0.6429,0.5294
R00186,6,UNTOUCHED,T1,none,ok,5,True,T1,True,0.6,0.4286,0.3333
R00187,0,CLONE_INTERVAL,T1,t1_add_blank_line,ok,1,True,T1,True,1.0,0.0536,0.0536
R00187,1,MUTATION,T1,t1_add_blank_line,ok,1,False,,False,0.0,0.0,0.0
R00187,2,CLONE_INTERVAL,T1,t1_reindent,ok,1,True,T1,True,1.0,0.0708,0.0708
R00187,3,MUTATION,T1,t1_reindent,ok,1,True,T1,True,0.875,0.0769,0.0761
R00187,4,UNTOUCHED,T1,none,ok,1,True,T1,True,0.6,0.033,0.0323
R00187,5,UNTOUCHED,T1,none,ok,1,True,T1,True,0.7,0.0769,0.0745
R00187,6,UNTOUCHED,T1,none,ok,1,True,T1,True,0.6667,0.022,0.0217
R00187,7,UNTOUCHED,T1,none,ok,1,True,T1,True,0.75,0.033,0.0326
R00188,0,CLONE_INTERVAL,T3,t3_delete_statement,ok,7,True,T3,True,0.8333,0.0515,0.051
R00188,1,MUTATION,T3,t3_delete_statement,ok,9,True,T3,True,1.0,1.0,1.0
R00188,2,CLONE_INTERVAL,T2,t2_change_int_literal,ok,7,False,,False,0.0,0.0,0.0
R00188,3,MUTATION,T2,t2_change_int_literal,ok,9,False,,False,0.0,0.0,0.0
R00188,4,UNTOUCHED,T1,none,ok,9,True,T1,True,0.5,0.1667,0.1429
R00188,5,UNTOUCHED,T1,none,ok,9,True,T1,True,0.5,0.0294,0.0286
R00188,6,UNTOUCHED,T1,none,ok,9,False,,False,0.0,0.0,0.0
R00188,7,UNTOUCHED,T1,none,ok,9,False,,False,0.0,0.0,0.0
R00189,0,CLONE_INTERVAL,T1,t1_add_blank_line,ok,1,True,T1,True,0.875,0.1707,0.1667
R00189,1,MUTATION,T1,t1_add_blank_line,ok,1,False,,False,0.0,0.0,0.0
R00189,2,CLONE_INTERVAL,T1,t1_add_eol_comment,ok,1,True,T1,True,1.0,0.2683,0.2683
R00189,3,MUTATION,T1,t1_add_eol_comment,ok,1,True,T1,True,1.0,0.0303,0.0303
R00189,4,UNTOUCHED,T1,none,ok,1,True,T1,True,0.8571,0.3636,0.3429
R00189,5,UNTOUCHED,T1,none,ok,1,True,T1,True,0.75,0.0909,0.0882
R00189,6,UNTOUCHED,T1,none,ok,1,True,T1,True,0.5714,0.1212,0.1111
R00190,0,CLONE_INTERVAL,T2,t2_change_string_literal,ok,1,True,T2,True,0.8333,0.3125,0.2941
R00190,1,MUTATION,T2,t2_change_string_literal,ok,3,True,T2,True,1.0,1.0,1.0
R00190,2,CLONE_INTERVAL,T1,t1_add_block_comment,ok,1,False,,False,0.6667,0.375,0.3158
R00190,3,MUTATION,T1,t1_add_block_comment,ok,3,False,,False,0.0,0.0,0.0
R00190,4,UNTOUCHED,T1,none,ok,3,True,T1,True,0.6667,0.6667,0.5
R00190,5,UNTOUCHED,T1,none,ok,3,True,T1,True,0.5,0.1667,0.1429
R00190,6,UNTOUCHED,T1,none,ok,3,True,T1,True,0.3333,0.0833,0.0714
R00191,0,CLONE_INTERVAL,T3,t3_insert_statement,ok,1,True,T3,True,1.0,0.4286,0.4286
R00191,1,MUTATION,T3,t3_insert_statement,ok,5,True,T3,True,1.0,1.0,1.0
R00191,2,CLONE_INTERVAL,T2,t2_rename_local,ok,1,True,T3,False,1.0,0.2143,0.2143
R00191,3,MUTATION,T2,t2_rename_local,ok,5,True,T2,True,1.0,0.5,0.5
R00191,3,MUTATION,T2,t2_rename_local,ok,5,True,T2,True,1.0,0.5,0.5
R00191,5,UNTOUCHED,T1,none,ok,5,True,T1,True,0.6667,0.1818,0.1667
R00191,6,UNTOUCHED,T1,none,ok,5,True,T1,True,0.5,0.5,0.3333
R00191,7,UNTOUCHED,T1,none,ok,5,True,T1,True,0.6667,0.5,0.4
R00191,8,UNTOUCHED,T1,none,ok,5,True,T1,True,0.6667,1.0,0.6667
R00192,0,CLONE_INTERVAL,T1,t1_reindent,ok,1,True,T2,False,1.0,0.0741,0.0741
R00192,1,MUTATION,T1,t1_reindent,ok,3,True,T1,True,0.8333,0.1471,0.1429
R00192,2,CLONE_INTERVAL,T2,t2_change_int_literal,ok,1,True,T2,True,1.0,0.0741,0.0741
R00192,3,MUTATION,T2,t2_change_int_literal,ok,3,True,T2,True,1.0,1.0,1.0
R00192,4,UNTOUCHED,T1,none,ok,3,True,T1,True,0.6,0.0882,0.0833
R00192,5,UNTOUCHED,T1,none,ok,3,True,T1,True,0.7143,0.1471,0.1389
R00192,6,UNTOUCHED,T1,none,ok,3,True,T1,True,0.6,0.0882,0.0833
R00192,7,UNTOUCHED,T1,none,ok,3,True,T1,True,0.7143,0.1613,0.1515
R00193,0,CLONE_INTERVAL,T3,t3_wrap_statement,ok,1,True,T3,True,1.0,0.2209,0.2209
R00193,1,MUTATION,T3,t3_wrap_statement,ok,3,True,T3,True,1.0,1.0,1.0
R00193,2,CLONE_INTERVAL,T1,t1_add_block_comment,ok,1,True,T3,False,1.0,0.093,0.093
R00193,3,MUTATION,T1,t1_add_block_comment,ok,3,False,,False,0.0,0.0,0.0
R00193,4,UNTOUCHED,T1,none,ok,3,True,T1,True,0.75,0.6,0.5
R00193,5,UNTOUCHED,T1,none,ok,3,True,T1,True,0.5714,0.0615,0.0588
R00193,6,UNTOUCHED,T1,none,ok,3,True,T1,True,0.6667,0.0615,0.0597
R00193,7,UNTOUCHED,T1,none,ok,3,True,T1,True,0.6667,0.1231,0.1159
R00194,0,CLONE_INTERVAL,T1,t1_add_block_comment,ok,1,True,T2,False,0.8571,0.0952,0.0938
R00194,1,MUTATION,T1,t1_add_block_comment,ok,3,False,,False,0.0,0.0,0.0
R00194,2,CLONE_INTERVAL,T2,t2_change_string_literal,ok,1,True,T2,True,1.0,0.0952,0.0952
R00194,3,MUTATION,T2,t2_change_string_literal,ok,3,True,T2,True,1.0,1.0,1.0
R00194,4,UNTOUCHED,T1,none,ok,3,True,T1,True,0.5,0.087,0.08
R00194,5,UNTOUCHED,T1,none,ok,3,True,T1,True,1.0,0.6522,0.6522
R00194,6,UNTOUCHED,T1,none,ok,3,True,T1,True,0.7143,0.8333,0.625
R00195,0,CLONE_INTERVAL,T1,t1_add_eol_comment,ok,1,False,,False,0.5714,0.1212,0.1111
R00195,1,MUTATION,T1,t1_add_eol_comment,ok,1,True,T1,True,1.0,0.0476,0.0476
R00195,2,CLONE_INTERVAL,T1,t1_add_blank_line,ok,1,True,T1,True,1.0,0.75,0.75
R00195,3,MUTATION,T1,t1_add_blank_line,ok,1,True,T1,True,0.3636,0.1905,0.1429
R00195,8,UNTOUCHED,T1,none,ok,1,True,T1,True,0.5,0.0952,0.087
R00195,9,UNTOUCHED,T1,none,ok,1,True,T1,True,0.3333,0.0476,0.0435
R00195,10,UNTOUCHED,T1,none,ok,1,True,T1,True,0.3333,0.0476,0.0435
R00196,0,CLONE_INTERVAL,T2,t2_change_int_literal,ok,1,True,T2,True,0.8333,0.2174,0.2083
R00196,1,MUTATION,T2,t2_change_int_literal,ok,3,True,T2,True,1.0,1.0,1.0
R00196,2,CLONE_INTERVAL,T1,t1_add_block_comment,ok,1,True,T2,False,0.75,0.2609,0.24
R00196,3,MUTATION,T1,t1_add_block_comment,ok,3,False,,False,0.0,0.0,0.0
R00196,4,UNTOUCHED,T1,none,ok,3,True,T1,True,0.6667,1.0,0.6667
R00196,5,UNTOUCHED,T1,none,ok,3,True,T1,True,0.5,0.1111,0.1
R00196,6,UNTOUCHED,T1,none,ok,3,True,T1,True,0.5714,0.2222,0.1905
R00196,7,UNTOUCHED,T1,none,ok,3,True,T1,True,0.5,0.1111,0.1
R00197,0,CLONE_INTERVAL,T3,t3_insert_statement,ok,1,True,T3,True,1.0,0.1818,0.1818
R00197,1,MUTATION,T3,t3_insert_statement,ok,5,True,T3,True,1.0,1.0,1.0
R00197,2,CLONE_INTERVAL,T2,t2_rename_local,ok,1,True,T3,False,1.0,0.2727,0.2727
R00197,3,MUTATION,T2,t2_rename_local,ok,5,True,T2,True,1.0,1.0,1.0
R00197,4,UNTOUCHED,T1,none,ok,5,True,T1,True,0.6667,0.3333,0.2857
R00197,5,UNTOUCHED,T1,none,ok,5,True,T1,True,0.8,0.5714,0.5
R00197,6,UNTOUCHED,T1,none,ok,5,True,T1,True,0.7143,0.5,0.4167
R00198,0,CLONE_INTERVAL,T2,t2_change_int_literal,ok,1,False,,False,0.0,0.0,0.0
R00198,1,MUTATION,T2,t2_change_int_literal,ok,3,False,,False,0.0,0.0,0.0
R00198,2,CLONE_INTERVAL,T3,t3_delete_statement,ok,1,True,T3,True,1.0,0.1613,0.1613
R00198,3,MUTATION,T3,t3_delete_statement,ok,3,True,T3,True,1.0,1.0,1.0
R00198,4,UNTOUCHED,T1,none,ok,3,False,,False,0.0,0.0,0.0
R00198,5,UNTOUCHED,T1,none,ok,3,False,,False,0.0,0.0,0.0
R00198,6,UNTOUCHED,T1,none,ok,3,True,T1,True,0.6667,0.2857,0.25
R00198,7,UNTOUCHED,T1,none,ok,3,True,T1,True,0.6,0.1765,0.1579
R00199,0,CLONE_INTERVAL,T2,t2_rename_local,ok,2,True,T2,True,1.0,0.3929,0.3929
R00199,1,MUTATION,T2,t2_rename_local,ok,6,True,T2,True,0.7,1.0,0.7
R00199,4,CLONE_INTERVAL,T3,t3_wrap_statement,ok,2,False,,False,0.0,0.0,0.0
R00199,5,MUTATION,T3,t3_wrap_statement,ok,6,False,,False,0.0,0.0,0.0
R00199,6,UNTOUCHED,T1,none,ok,6,True,T1,True,0.75,1.0,0.75
R00199,7,UNTOUCHED,T1,none,ok,6,True,T1,True,0.6667,0.1818,0.1667
R00199,8,UNTOUCHED,T1,none,ok,6,False,,False,0.0,0.0,0.0
R00199,9,UNTOUCHED,T1,none,ok,6,False,,False,0.0,0.0,0.0
R00200,0,CLONE_INTERVAL,T1,t1_reindent,ok,1,True,T1,True,1.0,0.3793,0.3793
R00200,1,MUTATION,T1,t1_reindent,ok,1,True,T1,True,0.7273,0.3636,0.32
R00200,3,CLONE_INTERVAL,T1,t1_add_eol_comment,ok,1,True,T1,True,1.0,0.2759,0.2759
R00200,4,MUTATION,T1,t1_add_eol_comment,ok,1,True,T1,True,1.0,0.0455,0.0455
R00200,5,UNTOUCHED,T1,none,ok,1,True,T1,True,0.6667,0.0909,0.087
R00200,6,UNTOUCHED,T1,none,ok,1,True,T1,True,0.6667,0.0909,0.087
R00200,7,UNTOUCHED,T1,none,ok,1,True,T1,True,0.7143,0.2273,0.2083
R00201,0,CLONE_INTERVAL,T1,t1_add_eol_comment,ok,1,True,T3,False,0.8889,0.0909,0.0899
R00201,1,MUTATION,T1,t1_add_eol_comment,ok,3,False,,False,0.0,0.0,0.0
R00201,2,CLONE_INTERVAL,T3,t3_wrap_statement,ok,1,True,T3,True,1.0,0.0698,0.0698
R00201,3,MUTATION,T3,t3_wrap_statement,ok,3,True,T3,True,1.0,1.0,1.0
R00201,4,UNTOUCHED,T1,none,ok,3,True,T1,True,0.75,0.075,0.0732
R00201,5,UNTOUCHED,T1,none,ok,3,True,T1,True,0.6667,0.05,0.0488
R00201,6,UNTOUCHED,T1,none,ok,3,True,T1,True,0.6,0.075,0.0714
R00201,7,UNTOUCHED,T1,none,ok,3,True,T1,True,0.7143,0.1613,0.1515
R00202,0,CLONE_INTERVAL,T2,t2_change_string_literal,ok,1,True,T3,False,1.0,0.2069,0.2069
R00202,1,MUTATION,T2,t2_change_string_literal,ok,6,True,T2,True,1.0,1.0,1.0
R00202,2,CLONE_INTERVAL,T3,t3_delete_statement,ok,1,True,T3,True,1.0,0.1786,0.1786
R00202,3,MUTATION,T3,t3_delete_statement,ok,6,True,T2,False,1.0,0.0667,0.0667
R00202,4,UNTOUCHED,T1,none,ok,6,True,T1,True,0.6667,1.0,0.6667
R00202,5,UNTOUCHED,T1,none,ok,6,True,T1,True,1.0,0.375,0.375
R00202,6,UNTOUCHED,T1,none,ok,6,True,T2,False,0.6923,0.6,0.4737
R00203,0,CLONE_INTERVAL,T3,t3_delete_statement,ok,4,True,T3,True,1.0,0.4545,0.4545
R00203,1,MUTATION,T3,t3_delete_statement,ok,8,True,T3,True,1.0,1.0,1.0
R00203,2,CLONE_INTERVAL,T2,t2_change_string_literal,ok,4,True,T2,True,1.0,0.1714,0.1714
R00203,3,MUTATION,T2,t2_change_string_literal,ok,8,True,T2,True,1.0,1.0,1.0
R00203,4,UNTOUCHED,T1,none,ok,8,True,T1,True,0.8,1.0,0.8
R00203,5,UNTOUCHED,T1,none,ok,8,True,T1,True,0.5,0.3077,0.2353
R00203,6,UNTOUCHED,T1,none,ok,8,True,T1,True,0.7143,0.9091,0.6667
R00203,7,UNTOUCHED,T1,none,ok,8,True,T1,True,0.7059,0.8,0.6
R00204,0,CLONE_INTERVAL,T2,t2_rename_local,ok,1,True,T3,False,1.0,0.3143,0.3143
R00204,1,MUTATION,T2,t2_rename_local,ok,7,True,T1,False,0.4286,1.0,0.4286
R00204,3,CLONE_INTERVAL,T3,t3_delete_statement,ok,1,True,T3,True,1.0,0.1471,0.1471
R00204,4,MUTATION,T3,t3_delete_statement,ok,7,True,T3,True,1.0,1.0,1.0
R00204,5,UNTOUCHED,T1,none,ok,7,True,T1,True,0.6667,0.75,0.5455
R00204,6,UNTOUCHED,T1,none,ok,7,True,T1,True,0.6667,0.2222,0.2
R00204,7,UNTOUCHED,T1,none,ok,7,True,T1,True,0.75,0.3333,0.3
R00204,8,UNTOUCHED,T1,none,ok,7,True,T1,True,0.6667,0.8,0.5714
R00205,0,CLONE_INTERVAL,T1,t1_reindent,ok,1,True,T3,False,1.0,0.2,0.2
R00205,1,MUTATION,T1,t1_reindent,ok,3,True,T1,True,0.8333,0.2632,0.25
R00205,2,CLONE_INTERVAL,T3,t3_delete_statement,ok,1,True,T3,True,1.0,0.1724,0.1724
R00205,3,MUTATION,T3,t3_delete_statement,ok,3,True,T3,True,1.0,1.0,1.0
R00205,4,UNTOUCHED,T1,none,ok,3,True,T1,True,0.8,0.2105,0.2
R00205,5,UNTOUCHED,T1,none,ok,3,True,T1,True,0.6364,0.3684,0.3043
R00205,6,UNTOUCHED,T1,none,ok,3,True,T1,True,0.5,1.0,0.5
R00206,0,CLONE_INTERVAL,T1,t1_add_eol_comment,ok,1,True,T1,True,0.875,0.2059,0.2
R00206,1,MUTATION,T1,t1_add_eol_comment,ok,1,False,,False,0.0,0.0,0.0
R00206,2,CLONE_INTERVAL,T1,t1_add_block_comment,ok,1,True,T1,True,1.0,0.2424,0.2424
R00206,3,MUTATION,T1,t1_add_block_comment,ok,1,True,T1,True,1.0,0.04,0.04
R00206,4,UNTOUCHED,T1,none,ok,1,True,T1,True,0.75,0.12,0.1154
R00206,5,UNTOUCHED,T1,none,ok,1,True,T1,True,0.5,0.16,0.1379
R00206,6,UNTOUCHED,T1,none,ok,1,True,T1,True,0.6364,0.28,0.2414
R00207,0,CLONE_INTERVAL,T2,t2_rename_local,ok,10,True,T2,True,1.0,0.6154,0.6154
R00207,1,MUTATION,T2,t2_rename_local,ok,14,True,T2,True,0.8571,1.0,0.8571
R00207,3,CLONE_INTERVAL,T2,t2_change_string_literal,ok,10,True,T2,True,1.0,0.4324,0.4324
R00207,4,MUTATION,T2,t2_change_string_literal,ok,14,True,T2,True,1.0,1.0,1.0
R00207,5,UNTOUCHED,T1,none,ok,14,True,T1,True,0.5,1.0,0.5
R00207,6,UNTOUCHED,T1,none,ok,14,True,T1,True,0.6667,0.6667,0.5
R00207,7,UNTOUCHED,T1,none,ok,14,False,,False,0.0,0.0,0.0
R00207,8,UNTOUCHED,T1,none,ok,14,True,T1,True,0.5,0.3333,0.25
R00207,9,UNTOUCHED,T1,none,ok,14,True,T1,True,0.8571,0.2308,0.2222
R00207,10,UNTOUCHED,T1,none,ok,14,True,T1,True,0.5,0.3333,0.25
R00208,0,CLONE_INTERVAL,T3,t3_wrap_statement,ok,6,True,T3,True,1.0,0.7222,0.7222
R00208,1,MUTATION,T3,t3_wrap_statement,ok,8,True,T3,True,1.0,1.0,1.0
R00208,2,CLONE_INTERVAL,T1,t1_add_block_comment,ok,6,True,T1,True,1.0,0.2286,0.2286
R00208,3,MUTATION,T1,t1_add_block_comment,ok,8,False,,False,0.0,0.0,0.0
R00208,4,UNTOUCHED,T1,none,ok,8,True,T1,True,0.6667,0.5,0.4
R00208,5,UNTOUCHED,T1,none,ok,8,True,T1,True,0.6667,0.2,0.1818
R00208,6,UNTOUCHED,T1,none,ok,8,True,T1,True,0.7619,0.5926,0.5
R00208,7,UNTOUCHED,T1,none,ok,8,True,T1,True,0.75,0.2222,0.2069
R00209,0,CLONE_INTERVAL,T3,t3_insert_statement,ok,1,True,T3,True,1.0,0.2558,0.2558
R00209,1,MUTATION,T3,t3_insert_statement,ok,3,True,T3,True,1.0,1.0,1.0
R00209,2,CLONE_INTERVAL,T1,t1_add_blank_line,ok,1,True,T3,False,1.0,0.1463,0.1463
R00209,3,MUTATION,T1,t1_add_blank_line,ok,3,False,,False,0.0,0.0,0.0
R00209,4,UNTOUCHED,T1,none,ok,3,False,,False,0.0,0.0,0.0
R00209,5,UNTOUCHED,T1,none,ok,3,True,T1,True,1.0,0.25,0.25
R00209,6,UNTOUCHED,T1,none,ok,3,True,T1,True,0.5833,0.4375,0.3333
R00210,0,CLONE_INTERVAL,T3,t3_delete_statement,ok,2,True,T3,True,1.0,0.3333,0.3333
R00210,1,MUTATION,T3,t3_delete_statement,ok,6,True,T3,True,1.0,1.0,1.0
R00210,2,CLONE_INTERVAL,T2,t2_rename_local,ok,2,True,T2,True,1.0,0.5789,0.5789
R00210,3,MUTATION,T2,t2_rename_local,ok,6,True,T2,True,1.0,1.0,1.0
R00210,4,UNTOUCHED,T1,none,ok,6,True,T1,True,0.6667,0.4,0.3333
R00210,5,UNTOUCHED,T1,none,ok,6,True,T1,True,0.5556,0.8333,0.5
R00210,6,UNTOUCHED,T1,none,ok,6,True,T1,True,0.6667,0.25,0.2222
R00210,7,UNTOUCHED,T1,none,ok,6,True,T1,True,0.5714,1.0,0.5714
R00211,0,CLONE_INTERVAL,T2,t2_change_string_literal,ok,1,True,T3,False,1.0,0.2069,0.2069
R00211,1,MUTATION,T2,t2_change_string_literal,ok,5,True,T2,True,1.0,1.0,1.0
R00211,2,CLONE_INTERVAL,T3,t3_insert_statement,ok,1,True,T3,True,1.0,0.2069,0.2069
R00211,3,MUTATION,T3,t3_insert_statement,ok,5,True,T3,True,1.0,1.0,1.0
R00211,4,UNTOUCHED,T1,none,ok,5,True,T1,True,0.3333,0.25,0.1667
R00211,5,UNTOUCHED,T1,none,ok,5,True,T1,True,1.0,0.3,0.3
R00211,6,UNTOUCHED,T1,none,ok,5,True,T1,True,0.6923,1.0,0.6923
R00212,0,CLONE_INTERVAL,T3,t3_delete_statement,ok,1,False,,False,0.25,0.1053,0.1053
R00212,1,MUTATION,T3,t3_delete_statement,ok,5,True,T3,True,0.1,1.0,0.1
R00212,2,CLONE_INTERVAL,T3,t3_insert_statement,ok,1,True,T3,True,1.0,0.5263,0.5263
R00212,3,MUTATION,T3,t3_insert_statement,ok,5,True,T3,True,1.0,1.0,1.0
R00212,4,UNTOUCHED,T1,none,ok,5,True,T1,True,0.2857,0.5,0.2222
R00212,5,UNTOUCHED,T1,none,ok,5,True,T1,True,0.0556,0.1111,0.0385
R00212,6,UNTOUCHED,T1,none,ok,5,True,T1,True,0.75,1.0,0.75
R00213,0,CLONE_INTERVAL,T2,t2_rename_local,ok,1,True,T2,True,1.0,0.3043,0.3043
R00213,1,MUTATION,T2,t2_rename_local,ok,5,True,T2,True,0.5,1.0,0.5
R00213,3,CLONE_INTERVAL,T1,t1_add_eol_comment,ok,1,True,T2,False,1.0,0.4348,0.4348
R00213,4,MUTATION,T1,t1_add_eol_comment,ok,5,True,T1,True,1.0,0.0909,0.0909
R00213,5,UNTOUCHED,T1,none,ok,5,True,T1,True,0.75,0.5,0.4286
R00213,6,UNTOUCHED,T1,none,ok,5,True,T1,True,0.6667,0.1818,0.1667
R00213,7,UNTOUCHED,T1,none,ok,5,True,T1,True,0.3333,0.0909,0.0769
R00214,0,CLONE_INTERVAL,T3,t3_delete_statement,ok,1,True,T3,True,0.8333,0.0667,0.0658
R00214,1,MUTATION,T3,t3_delete_statement,ok,7,True,T3,True,1.0,1.0,1.0
R00214,2,CLONE_INTERVAL,T2,t2_rename_local,ok,1,True,T3,False,1.0,0.3947,0.3947
R00214,3,MUTATION,T2,t2_rename_local,ok,7,True,T2,True,1.0,1.0,1.0
R00214,3,MUTATION,T2,t2_rename_local,ok,7,True,T2,True,1.0,1.0,1.0
R00214,5,UNTOUCHED,T1,none,ok,7,True,T1,True,0.8636,0.6333,0.5758
R00214,6,UNTOUCHED,T1,none,ok,7,True,T1,True,1.0,0.4667,0.4667
R00214,7,UNTOUCHED,T1,none,ok,7,True,T1,True,0.5,0.1818,0.1538
R00215,0,CLONE_INTERVAL,T1,t1_add_eol_comment,ok,1,True,T1,True,1.0,0.2857,0.2857
R00215,1,MUTATION,T1,t1_add_eol_comment,ok,1,False,,False,0.0,0.0,0.0
R00215,2,CLONE_INTERVAL,T1,t1_reindent,ok,1,True,T1,True,1.0,0.2143,0.2143
R00215,3,MUTATION,T1,t1_reindent,ok,1,True,T1,True,0.8333,0.2083,0.2
R00215,4,UNTOUCHED,T1,none,ok,1,True,T1,True,0.8,0.1667,0.16
R00215,5,UNTOUCHED,T1,none,ok,1,True,T1,True,1.0,0.125,0.125
R00215,6,UNTOUCHED,T1,none,ok,1,True,T1,True,0.625,0.2083,0.1852
R00216,0,CLONE_INTERVAL,T1,t1_reindent,ok,1,True,T1,True,1.0,0.0441,0.0441
R00216,1,MUTATION,T1,t1_reindent,ok,1,True,T1,True,0.8333,0.0463,0.0459
R00216,2,CLONE_INTERVAL,T1,t1_add_block_comment,ok,1,True,T1,True,0.875,0.0515,0.0511
R00216,3,MUTATION,T1,t1_add_block_comment,ok,1,False,,False,0.0,0.0,0.0
R00216,4,UNTOUCHED,T1,none,ok,1,True,T1,True,0.6,0.0278,0.0273
R00216,5,UNTOUCHED,T1,none,ok,1,True,T1,True,0.5,0.0278,0.027
R00216,6,UNTOUCHED,T1,none,ok,1,True,T1,True,0.5,0.0185,0.0182
R00216,7,UNTOUCHED,T1,none,ok,1,True,T1,True,0.5,0.0278,0.027
R00217,0,CLONE_INTERVAL,T3,t3_insert_statement,ok,3,True,T3,True,1.0,0.3226,0.3226
R00217,1,MUTATION,T3,t3_insert_statement,ok,5,True,T3,True,1.0,1.0,1.0
R00217,2,CLONE_INTERVAL,T1,t1_reindent,ok,3,True,T1,True,1.0,0.2857,0.2857
R00217,3,MUTATION,T1,t1_reindent,ok,5,True,T1,True,0.7,0.2593,0.2333
R00217,4,UNTOUCHED,T1,none,ok,5,True,T1,True,0.25,0.2,0.125
R00217,5,UNTOUCHED,T1,none,ok,5,True,T1,True,0.6667,0.7,0.5185
R00217,6,UNTOUCHED,T1,none,ok,5,True,T1,True,0.7368,0.5185,0.4375
R00217,7,UNTOUCHED,T1,none,ok,5,True,T1,True,0.75,0.2222,0.2069
R00218,0,CLONE_INTERVAL,T1,t1_add_eol_comment,ok,1,True,T3,False,1.0,0.24,0.24
R00218,1,MUTATION,T1,t1_add_eol_comment,ok,3,True,T1,True,1.0,0.0625,0.0625
R00218,2,CLONE_INTERVAL,T3,t3_insert_statement,ok,1,True,T3,True,1.0,0.25,0.25
R00218,3,MUTATION,T3,t3_insert_statement,ok,3,True,T3,True,1.0,1.0,1.0
R00218,4,UNTOUCHED,T1,none,ok,3,True,T1,True,0.3333,0.0625,0.0556
R00218,5,UNTOUCHED,T1,none,ok,3,True,T1,True,1.0,0.4375,0.4375
R00218,6,UNTOUCHED,T1,none,ok,3,True,T1,True,0.6,0.5,0.375
R00219,0,CLONE_INTERVAL,T1,t1_add_blank_line,ok,1,True,T3,False,1.0,0.2143,0.2143
R00219,1,MUTATION,T1,t1_add_blank_line,ok,3,True,T1,True,1.0,0.0625,0.0625
R00219,2,CLONE_INTERVAL,T3,t3_insert_statement,ok,1,True,T3,True,0.9,0.3214,0.3103
R00219,3,MUTATION,T3,t3_insert_statement,ok,3,True,T3,True,1.0,1.0,1.0
R00219,4,UNTOUCHED,T1,none,ok,3,True,T1,True,0.8,0.25,0.2353
R00219,5,UNTOUCHED,T1,none,ok,3,True,T1,True,1.0,0.3125,0.3125
R00219,6,UNTOUCHED,T1,none,ok,3,True,T1,True,0.5,0.4286,0.3
R00220,0,CLONE_INTERVAL,T3,t3_wrap_statement,ok,1,True,T3,True,0.875,0.0402,0.04
R00220,1,MUTATION,T3,t3_wrap_statement,ok,3,True,T3,True,1.0,0.5,0.5
R00220,2,CLONE_INTERVAL,T1,t1_add_block_comment,ok,1,True,T3,False,0.875,0.0395,0.0393
R00220,3,MUTATION,T1,t1_add_block_comment,ok,3,False,,False,0.0,0.0,0.0
R00220,4,UNTOUCHED,T1,none,ok,3,True,T1,True,0.3333,0.04,0.037
R00220,5,UNTOUCHED,T1,none,ok,3,True,T1,True,0.5882,0.0901,0.0847
R00220,6,UNTOUCHED,T1,none,ok,3,True,T1,True,0.5,0.018,0.0177
R00220,7,UNTOUCHED,T1,none,ok,3,True,T1,True,0.6667,0.0901,0.0862
R00221,0,CLONE_INTERVAL,T3,t3_wrap_statement,ok,1,True,T3,True,1.0,0.1224,0.1224
R00221,1,MUTATION,T3,t3_wrap_statement,ok,5,True,T3,True,1.0,1.0,1.0
R00221,2,CLONE_INTERVAL,T2,t2_change_string_literal,ok,1,True,T3,False,1.0,0.1961,0.1961
R00221,3,MUTATION,T2,t2_change_string_literal,ok,5,True,T2,True,1.0,1.0,1.0
R00221,4,UNTOUCHED,T1,none,ok,5,True,T1,True,0.8571,1.0,0.8571
R00221,5,UNTOUCHED,T1,none,ok,5,True,T1,True,0.6818,0.6818,0.5172
R00221,6,UNTOUCHED,T1,none,ok,5,True,T1,True,0.5,0.5,0.3333
R00222,0,CLONE_INTERVAL,T2,t2_change_int_literal,ok,1,True,T2,True,1.0,0.064,0.064
R00222,1,MUTATION,T2,t2_change_int_literal,ok,3,True,T2,True,1.0,1.0,1.0
R00222,2,CLONE_INTERVAL,T1,t1_add_eol_comment,ok,1,True,T2,False,1.0,0.048,0.048
R00222,3,MUTATION,T1,t1_add_eol_comment,ok,3,True,T1,True,1.0,0.013,0.013
R00222,4,UNTOUCHED,T1,none,ok,3,True,T1,True,0.6667,0.2,0.1818
R00222,5,UNTOUCHED,T1,none,ok,3,True,T1,True,0.6667,0.026,0.0256
R00222,6,UNTOUCHED,T1,none,ok,3,True,T1,True,0.6,0.039,0.038
R00222,7,UNTOUCHED,T1,none,ok,3,True,T1,True,0.75,0.0779,0.0759
R00223,0,CLONE_INTERVAL,T1,t1_reindent,ok,1,True,T3,False,0.8333,0.2174,0.2083
R00223,1,MUTATION,T1,t1_reindent,ok,3,True,T1,True,0.8333,0.4545,0.4167
R00223,3,CLONE_INTERVAL,T3,t3_wrap_statement,ok,1,True,T3,True,1.0,0.3333,0.3333
R00223,4,MUTATION,T3,t3_wrap_statement,ok,3,True,T3,True,1.0,1.0,1.0
R00223,5,UNTOUCHED,T1,none,ok,3,True,T1,True,0.5,0.1818,0.1538
R00223,6,UNTOUCHED,T1,none,ok,3,True,T1,True,0.6667,0.3636,0.3077
R00223,7,UNTOUCHED,T1,none,ok,3,True,T1,True,0.5,0.3333,0.25
R00224,0,CLONE_INTERVAL,T3,t3_delete_statement,ok,1,True,T3,True,0.8,0.0364,0.036
R00224,1,MUTATION,T3,t3_delete_statement,ok,5,True,T3,True,1.0,1.0,1.0
R00224,2,CLONE_INTERVAL,T3,t3_insert_statement,ok,1,True,T3,True,1.0,0.0545,0.0545
R00224,3,MUTATION,T3,t3_insert_statement,ok,5,True,T3,True,1.0,1.0,1.0
R00224,4,UNTOUCHED,T1,none,ok,5,True,T1,True,0.6667,0.069,0.0667
R00224,5,UNTOUCHED,T1,none,ok,5,True,T1,True,0.5,0.2222,0.1818
R00224,6,UNTOUCHED,T1,none,ok,5,True,T1,True,0.6667,0.2222,0.2
R00224,7,UNTOUCHED,T1,none,ok,5,True,T1,True,0.5556,0.0962,0.0893
R00225,0,CLONE_INTERVAL,T1,t1_add_blank_line,ok,1,True,T3,False,1.0,0.25,0.25
R00225,1,MUTATION,T1,t1_add_blank_line,ok,3,True,T1,True,1.0,0.0769,0.0769
R00225,2,CLONE_INTERVAL,T3,t3_delete_statement,ok,1,True,T3,True,1.0,0.1786,0.1786
R00225,3,MUTATION,T3,t3_delete_statement,ok,3,True,T3,True,1.0,1.0,1.0
R00225,4,UNTOUCHED,T1,none,ok,3,True,T1,True,0.5,0.2308,0.1875
R00225,5,UNTOUCHED,T1,none,ok,3,True,T1,True,1.0,0.3077,0.3077
R00225,6,UNTOUCHED,T1,none,ok,3,True,T1,True,0.6667,0.6,0.4615
R00226,0,CLONE_INTERVAL,T1,t1_add_blank_line,ok,1,True,T3,False,0.8571,0.25,0.25
R00226,1,MUTATION,T1,t1_add_blank_line,ok,3,False,,False,0.0,0.0,0.0
R00226,2,CLONE_INTERVAL,T3,t3_delete_statement,ok,1,False,,False,0.625,0.1739,0.16
R00226,3,MUTATION,T3,t3_delete_statement,ok,3,True,T3,True,0.5,1.0,0.5
R00226,4,UNTOUCHED,T1,none,ok,3,True,T1,True,0.3333,0.1111,0.0909
R00226,5,UNTOUCHED,T1,none,ok,3,False,,False,0.0,0.0,0.0
R00226,6,UNTOUCHED,T1,none,ok,3,True,T1,True,0.6154,0.8889,0.5714
R00227,0,CLONE_INTERVAL,T2,t2_rename_local,ok,1,True,T2,True,1.0,0.2308,0.2308
R00227,1,MUTATION,T2,t2_rename_local,ok,5,True,T2,True,0.3333,1.0,0.3333
R00227,3,CLONE_INTERVAL,T1,t1_reindent,ok,1,True,T2,False,1.0,0.2308,0.2308
R00227,4,MUTATION,T1,t1_reindent,ok,5,True,T1,True,0.6667,0.2857,0.25
R00227,5,UNTOUCHED,T1,none,ok,5,True,T1,True,0.6667,0.6667,0.5
R00227,6,UNTOUCHED,T1,none,ok,5,True,T1,True,0.7,0.5,0.4118
R00227,7,UNTOUCHED,T1,none,ok,5,True,T1,True,0.6667,0.1429,0.1333
R00228,0,CLONE_INTERVAL,T2,t2_change_int_literal,ok,1,True,T2,True,1.0,0.25,0.25
R00228,1,MUTATION,T2,t2_change_int_literal,ok,5,True,T2,True,1.0,1.0,1.0
R00228,2,CLONE_INTERVAL,T2,t2_rename_local,ok,1,True,T2,True,1.0,0.25,0.25
R00228,3,MUTATION,T2,t2_rename_local,ok,5,True,T2,True,1.0,1.0,1.0
R00228,4,UNTOUCHED,T1,none,ok,5,True,T1,True,0.75,1.0,0.75
R00228,5,UNTOUCHED,T1,none,ok,5,True,T1,True,0.8571,0.6,0.5455
R00228,6,UNTOUCHED,T1,none,ok,5,True,T1,True,0.6667,1.0,0.6667
R00229,0,CLONE_INTERVAL,T2,t2_change_int_literal,ok,1,True,T3,False,1.0,0.2679,0.2679
R00229,1,MUTATION,T2,t2_change_int_literal,ok,5,True,T2,True,1.0,1.0,1.0
R00229,2,CLONE_INTERVAL,T3,t3_delete_statement,ok,1,True,T3,True,1.0,0.1091,0.1091
R00229,3,MUTATION,T3,t3_delete_statement,ok,5,True,T3,True,1.0,1.0,1.0
R00229,4,UNTOUCHED,T1,none,ok,5,True,T1,True,0.5217,1.0,0.5217
R00229,5,UNTOUCHED,T1,none,ok,5,True,T1,True,0.6667,0.25,0.2222
R00229,6,UNTOUCHED,T1,none,ok,5,True,T1,True,0.6667,0.7143,0.5263
R00230,0,CLONE_INTERVAL,T3,t3_wrap_statement,ok,1,True,T3,True,1.0,0.15,0.15
R00230,1,MUTATION,T3,t3_wrap_statement,ok,5,True,T3,True,1.0,1.0,1.0
R00230,2,CLONE_INTERVAL,T2,t2_rename_local,ok,1,True,T3,False,1.0,0.1429,0.1429
R00230,3,MUTATION,T2,t2_rename_local,ok,5,True,T2,True,1.0,1.0,1.0
R00230,4,UNTOUCHED,T1,none,ok,5,True,T1,True,0.6,0.6,0.4286
R00230,5,UNTOUCHED,T1,none,ok,5,True,T1,True,0.8636,0.8636,0.76
R00230,6,UNTOUCHED,T1,none,ok,5,True,T1,True,0.6,0.6,0.4286
R00231,0,CLONE_INTERVAL,T3,t3_delete_statement,ok,1,True,T3,True,0.8,0.1905,0.1818
R00231,1,MUTATION,T3,t3_delete_statement,ok,5,True,T3,True,1.0,1.0,1.0
R00231,2,CLONE_INTERVAL,T2,t2_change_int_literal,ok,1,True,T3,False,1.0,0.3636,0.3636
R00231,3,MUTATION,T2,t2_change_int_literal,ok,5,True,T2,True,1.0,1.0,1.0
R00231,4,UNTOUCHED,T1,none,ok,5,True,T1,True,0.5,1.0,0.5
R00231,5,UNTOUCHED,T1,none,ok,5,True,T1,True,0.3333,0.1667,0.125
R00231,6,UNTOUCHED,T1,none,ok,5,True,T1,True,0.5,0.3333,0.25
R00231,7,UNTOUCHED,T1,none,ok,5,True,T1,True,0.6667,0.2857,0.25
R00232,0,CLONE_INTERVAL,T1,t1_reindent,ok,1,True,T2,False,1.0,0.2222,0.2222
R00232,1,MUTATION,T1,t1_reindent,ok,3,True,T1,True,0.6667,0.3077,0.2667
R00232,2,CLONE_INTERVAL,T2,t2_rename_local,ok,1,True,T2,True,1.0,0.2222,0.2222
R00232,3,MUTATION,T2,t2_rename_local,ok,3,True,T2,True,1.0,1.0,1.0
R00232,4,UNTOUCHED,T1,none,ok,3,True,T1,True,0.8333,0.3846,0.3571
R00232,5,UNTOUCHED,T1,none,ok,3,True,T1,True,0.6667,0.3077,0.2667
R00232,6,UNTOUCHED,T1,none,ok,3,True,T1,True,0.5,0.6,0.375
R00233,0,CLONE_INTERVAL,T1,t1_add_blank_line,ok,1,True,T1,True,0.8333,0.125,0.122
R00233,1,MUTATION,T1,t1_add_blank_line,ok,1,True,T1,True,1.0,0.0323,0.0323
R00233,2,CLONE_INTERVAL,T1,t1_add_block_comment,ok,1,True,T1,True,1.0,0.175,0.175
R00233,3,MUTATION,T1,t1_add_block_comment,ok,1,False,,False,0.0,0.0,0.0
R00233,4,UNTOUCHED,T1,none,ok,1,True,T1,True,0.6667,0.0645,0.0625
R00233,5,UNTOUCHED,T1,none,ok,1,True,T1,True,0.5556,0.1613,0.1429
R00233,6,UNTOUCHED,T1,none,ok,1,False,,False,0.0,0.0,0.0
R00233,7,UNTOUCHED,T1,none,ok,1,True,T1,True,0.6667,0.2581,0.2286
R00234,0,CLONE_INTERVAL,T3,t3_wrap_statement,ok,1,True,T3,True,1.0,0.13,0.13
R00234,1,MUTATION,T3,t3_wrap_statement,ok,5,True,T3,True,1.0,1.0,1.0
R00234,2,CLONE_INTERVAL,T1,t1_reindent,ok,1,True,T3,False,1.0,0.0588,0.0588
R00234,3,MUTATION,T1,t1_reindent,ok,5,True,T1,True,0.8333,0.0769,0.0758
R00234,4,UNTOUCHED,T1,none,ok,5,True,T1,True,0.75,1.0,0.75
R00234,5,UNTOUCHED,T1,none,ok,5,True,T1,True,0.6667,0.0308,0.0303
R00234,6,UNTOUCHED,T1,none,ok,5,True,T1,True,0.6,0.0462,0.0448
R00234,7,UNTOUCHED,T1,none,ok,5,True,T1,True,0.6667,0.1538,0.1429
R00235,0,CLONE_INTERVAL,T1,t1_add_eol_comment,ok,1,True,T3,False,1.0,0.2593,0.2593
R00235,1,MUTATION,T1,t1_add_eol_comment,ok,3,True,T1,True,1.0,0.0714,0.0714
R00235,2,CLONE_INTERVAL,T3,t3_wrap_statement,ok,1,True,T3,True,1.0,0.24,0.24
R00235,3,MUTATION,T3,t3_wrap_statement,ok,3,True,T3,True,1.0,1.0,1.0
R00235,4,UNTOUCHED,T1,none,ok,3,True,T1,True,0.8571,0.4286,0.4
R00235,5,UNTOUCHED,T1,none,ok,3,True,T1,True,0.6667,0.1429,0.1333
R00235,6,UNTOUCHED,T1,none,ok,3,True,T1,True,0.5,0.4,0.2857
R00236,0,CLONE_INTERVAL,T3,t3_wrap_statement,ok,2,True,T3,True,1.0,0.1875,0.1875
R00236,1,MUTATION,T3,t3_wrap_statement,ok,4,True,T3,True,1.0,1.0,1.0
R00236,2,CLONE_INTERVAL,T1,t1_add_blank_line,ok,2,True,T3,False,1.0,0.4571,0.4571
R00236,3,MUTATION,T1,t1_add_blank_line,ok,4,False,,False,0.0,0.0,0.0
R00236,4,UNTOUCHED,T1,none,ok,4,True,T1,True,0.75,0.6,0.5
R00236,5,UNTOUCHED,T1,none,ok,4,True,T1,True,1.0,0.1429,0.1429
R00236,6,UNTOUCHED,T1,none,ok,4,True,T1,True,0.5,0.1429,0.125
R00237,0,CLONE_INTERVAL,T3,t3_wrap_statement,ok,1,True,T3,True,1.0,0.2308,0.2308
R00237,1,MUTATION,T3,t3_wrap_statement,ok,5,True,T3,True,1.0,1.0,1.0
R00237,2,CLONE_INTERVAL,T2,t2_change_string_literal,ok,1,True,T3,False,1.0,0.4643,0.4643
R00237,3,MUTATION,T2,t2_change_string_literal,ok,5,True,T2,True,1.0,1.0,1.0
R00237,4,UNTOUCHED,T1,none,ok,5,True,T1,True,0.6667,0.6667,0.5
R00237,5,UNTOUCHED,T1,none,ok,5,True,T1,True,1.0,0.375,0.375
R00237,6,UNTOUCHED,T1,none,ok,5,True,T1,True,0.6667,0.2,0.1818
R00238,0,CLONE_INTERVAL,T1,t1_reindent,ok,1,True,T2,False,1.0,0.1429,0.1429
R00238,1,MUTATION,T1,t1_reindent,ok,3,True,T1,True,0.8571,0.2069,0.2
R00238,2,CLONE_INTERVAL,T2,t2_rename_local,ok,1,True,T2,True,1.0,0.1429,0.1429
R00238,3,MUTATION,T2,t2_rename_local,ok,3,True,T2,True,1.0,1.0,1.0
R00238,4,UNTOUCHED,T1,none,ok,3,True,T1,True,0.75,0.1034,0.1
R00238,5,UNTOUCHED,T1,none,ok,3,True,T1,True,0.8333,0.1724,0.1667
R00238,6,UNTOUCHED,T1,none,ok,3,True,T1,True,0.625,1.0,0.625
R00239,0,CLONE_INTERVAL,T3,t3_delete_statement,ok,1,False,,False,0.1429,0.0435,0.0345
R00239,1,MUTATION,T3,t3_delete_statement,ok,3,False,,False,0.0,0.0,0.0
R00239,2,CLONE_INTERVAL,T2,t2_change_int_literal,ok,1,True,T2,True,1.0,0.5217,0.5217
R00239,3,MUTATION,T2,t2_change_int_literal,ok,3,True,T2,True,1.0,1.0,1.0
R00239,4,UNTOUCHED,T1,none,ok,3,False,,False,0.0,0.0,0.0
R00239,5,UNTOUCHED,T1,none,ok,3,True,T1,True,0.8,0.6667,0.5714
R00239,6,UNTOUCHED,T1,none,ok,3,True,T1,True,0.625,0.4167,0.3333
R00240,0,CLONE_INTERVAL,T3,t3_wrap_statement,ok,2,True,T3,True,1.0,0.0678,0.0678
R00240,1,MUTATION,T3,t3_wrap_statement,ok,8,True,T3,True,1.0,1.0,1.0
R00240,2,CLONE_INTERVAL,T2,t2_rename_local,ok,2,True,T3,False,1.0,0.0833,0.0833
R00240,3,MUTATION,T2,t2_rename_local,ok,8,True,T2,True,1.0,1.0,1.0
R00240,3,MUTATION,T2,t2_rename_local,ok,8,True,T2,True,1.0,1.0,1.0
R00240,5,UNTOUCHED,T1,none,ok,8,True,T1,True,0.6667,0.1053,0.1
R00240,6,UNTOUCHED,T1,none,ok,8,True,T1,True,0.6667,0.186,0.1702
R00240,7,UNTOUCHED,T1,none,ok,8,True,T1,True,0.6667,0.0465,0.0455
R00240,8,UNTOUCHED,T1,none,ok,8,True,T1,True,0.6667,1.0,0.6667
R00241,0,CLONE_INTERVAL,T1,t1_add_eol_comment,ok,1,True,T2,False,0.8889,0.2353,0.2286
R00241,1,MUTATION,T1,t1_add_eol_comment,ok,3,True,T1,True,1.0,0.0667,0.0667
R00241,2,CLONE_INTERVAL,T2,t2_rename_local,ok,1,True,T2,True,1.0,0.2059,0.2059
R00241,3,MUTATION,T2,t2_rename_local,ok,3,True,T2,True,1.0,1.0,1.0
R00241,4,UNTOUCHED,T1,none,ok,3,True,T1,True,0.8,0.2667,0.25
R00241,5,UNTOUCHED,T1,none,ok,3,True,T1,True,0.4286,0.2,0.1579
R00241,6,UNTOUCHED,T1,none,ok,3,True,T1,True,0.5,1.0,0.5
R00242,0,CLONE_INTERVAL,T2,t2_change_string_literal,ok,1,True,T2,True,1.0,0.1579,0.1579
R00242,1,MUTATION,T2,t2_change_string_literal,ok,5,True,T2,True,1.0,1.0,1.0
R00242,2,CLONE_INTERVAL,T2,t2_change_string_literal,ok,1,True,T2,True,1.0,0.1579,0.1579
R00242,3,MUTATION,T2,t2_change_string_literal,ok,5,True,T2,True,1.0,1.0,1.0
R00242,4,UNTOUCHED,T1,none,ok,5,True,T1,True,0.9286,1.0,0.9286
R00242,5,UNTOUCHED,T1,none,ok,5,True,T1,True,1.0,0.5,0.5
R00242,6,UNTOUCHED,T1,none,ok,5,True,T1,True,0.6667,0.5455,0.4286
R00243,0,CLONE_INTERVAL,T2,t2_rename_local,ok,1,True,T2,True,1.0,0.2143,0.2143
R00243,1,MUTATION,T2,t2_rename_local,ok,3,True,T2,True,1.0,1.0,1.0
R00243,2,CLONE_INTERVAL,T1,t1_add_block_comment,ok,1,True,T2,False,1.0,0.2222,0.2222
R00243,3,MUTATION,T1,t1_add_block_comment,ok,3,True,T1,True,1.0,0.0714,0.0714
R00243,4,UNTOUCHED,T1,none,ok,3,True,T1,True,0.6667,1.0,0.6667
R00243,5,UNTOUCHED,T1,none,ok,3,True,T1,True,0.75,0.4286,0.375
R00243,6,UNTOUCHED,T1,none,ok,3,True,T1,True,0.5,0.2143,0.1765
R00244,0,CLONE_INTERVAL,T2,t2_change_string_literal,ok,1,True,T2,True,1.0,0.2286,0.2286
R00244,1,MUTATION,T2,t2_change_string_literal,ok,3,True,T2,True,1.0,1.0,1.0
R00244,2,CLONE_INTERVAL,T1,t1_add_eol_comment,ok,1,True,T2,False,1.0,0.1714,0.1714
R00244,3,MUTATION,T1,t1_add_eol_comment,ok,3,False,,False,0.0,0.0,0.0
R00244,4,UNTOUCHED,T1,none,ok,3,True,T1,True,0.8571,0.6,0.5455
R00244,5,UNTOUCHED,T1,none,ok,3,True,T1,True,0.6667,0.2667,0.2353
R00244,6,UNTOUCHED,T1,none,ok,3,True,T1,True,0.6,0.4,0.3158
R00245,0,CLONE_INTERVAL,T1,t1_add_block_comment,ok,1,True,T1,True,0.8571,0.2222,0.2143
R00245,1,MUTATION,T1,t1_add_block_comment,ok,1,False,,False,0.0,0.0,0.0
R00245,2,CLONE_INTERVAL,T1,t1_add_blank_line,ok,1,True,T1,True,1.0,0.3846,0.3846
R00245,3,MUTATION,T1,t1_add_blank_line,ok,1,False,,False,0.0,0.0,0.0
R00245,4,UNTOUCHED,T1,none,ok,1,True,T1,True,0.6667,0.1,0.0952
R00245,5,UNTOUCHED,T1,none,ok,1,True,T1,True,0.75,0.15,0.1429
R00245,6,UNTOUCHED,T1,none,ok,1,True,T1,True,0.5,0.15,0.1304
R00246,0,CLONE_INTERVAL,T1,t1_add_block_comment,ok,1,True,T1,True,0.8889,0.25,0.2424
R00246,1,MUTATION,T1,t1_add_block_comment,ok,1,False,,False,0.0,0.0,0.0
R00246,2,CLONE_INTERVAL,T1,t1_add_eol_comment,ok,1,True,T1,True,1.0,0.4062,0.4062
R00246,3,MUTATION,T1,t1_add_eol_comment,ok,1,True,T1,True,1.0,0.0417,0.0417
R00246,4,UNTOUCHED,T1,none,ok,1,True,T1,True,0.6667,0.0833,0.08
R00246,5,UNTOUCHED,T1,none,ok,1,True,T1,True,0.75,0.125,0.12
R00246,6,UNTOUCHED,T1,none,ok,1,True,T1,True,0.5,0.125,0.1111
R00247,0,CLONE_INTERVAL,T3,t3_delete_statement,ok,1,True,T3,True,1.0,0.0685,0.0685
R00247,1,MUTATION,T3,t3_delete_statement,ok,5,True,T3,True,1.0,1.0,1.0
R00247,2,CLONE_INTERVAL,T2,t2_change_int_literal,ok,1,True,T3,False,1.0,0.0811,0.0811
R00247,3,MUTATION,T2,t2_change_int_literal,ok,5,True,T2,True,1.0,1.0,1.0
R00247,4,UNTOUCHED,T1,none,ok,5,True,T1,True,0.8,0.2667,0.25
R00247,5,UNTOUCHED,T1,none,ok,5,True,T1,True,0.7778,0.3333,0.3043
R00247,6,UNTOUCHED,T1,none,ok,5,True,T1,True,0.6,0.1429,0.1304
R00247,7,UNTOUCHED,T1,none,ok,5,True,T1,True,0.7,0.3182,0.28
R00248,0,CLONE_INTERVAL,T1,t1_add_block_comment,ok,1,True,T3,False,1.0,0.2222,0.2222
R00248,1,MUTATION,T1,t1_add_block_comment,ok,3,True,T1,True,1.0,0.0909,0.0909
R00248,2,CLONE_INTERVAL,T3,t3_delete_statement,ok,1,True,T3,True,0.8,0.1481,0.1429
R00248,3,MUTATION,T3,t3_delete_statement,ok,3,True,T3,True,1.0,1.0,1.0
R00248,4,UNTOUCHED,T1,none,ok,3,True,T1,True,0.375,0.2727,0.1875
R00248,5,UNTOUCHED,T1,none,ok,3,True,T1,True,0.3333,0.0909,0.0769
R00248,6,UNTOUCHED,T1,none,ok,3,True,T1,True,0.6154,0.8889,0.5714
R00249,0,CLONE_INTERVAL,T1,t1_reindent,ok,1,True,T1,True,1.0,0.2222,0.2222
R00249,1,MUTATION,T1,t1_reindent,ok,1,True,T1,True,0.6667,0.2222,0.2
R00249,2,CLONE_INTERVAL,T1,t1_add_block_comment,ok,1,True,T1,True,1.0,0.3462,0.3462
R00249,3,MUTATION,T1,t1_add_block_comment,ok,1,False,,False,0.0,0.0,0.0
R00249,4,UNTOUCHED,T1,none,ok,1,True,T1,True,0.75,0.3333,0.3
R00249,5,UNTOUCHED,T1,none,ok,1,True,T1,True,0.6667,0.1111,0.1053
R00249,6,UNTOUCHED,T1,none,ok,1,True,T1,True,0.6667,0.1111,0.1053
R00250,0,CLONE_INTERVAL,T2,t2_rename_local,ok,1,True,T2,True,1.0,0.2745,0.2745
R00250,1,MUTATION,T2,t2_rename_local,ok,5,True,T2,True,0.9167,1.0,0.9167
R00250,3,CLONE_INTERVAL,T2,t2_change_string_literal,ok,1,True,T2,True,1.0,0.1961,0.1961
R00250,4,MUTATION,T2,t2_change_string_literal,ok,5,True,T2,True,1.0,1.0,1.0
R00250,5,UNTOUCHED,T1,none,ok,5,True,T1,True,0.7222,1.0,0.7222
R00250,6,UNTOUCHED,T1,none,ok,5,True,T1,True,0.6,0.75,0.5
R00250,7,UNTOUCHED,T1,none,ok,5,True,T1,True,0.5,0.4286,0.3
R00251,0,CLONE_INTERVAL,T1,t1_add_block_comment,ok,1,True,T3,False,0.8571,0.1714,0.1667
R00251,1,MUTATION,T1,t1_add_block_comment,ok,3,False,,False,0.0,0.0,0.0
R00251,2,CLONE_INTERVAL,T3,t3_wrap_statement,ok,1,True,T3,True,1.0,0.2121,0.2121
R00251,3,MUTATION,T3,t3_wrap_statement,ok,3,True,T3,True,1.0,1.0,1.0
R00251,4,UNTOUCHED,T1,none,ok,3,True,T1,True,0.5,0.2,0.1667
R00251,5,UNTOUCHED,T1,none,ok,3,True,T1,True,0.6,0.4,0.3158
R00251,6,UNTOUCHED,T1,none,ok,3,True,T1,True,0.5556,0.5556,0.3846
R00252,0,CLONE_INTERVAL,T2,t2_change_int_literal,ok,1,False,,False,0.6667,0.1081,0.1026
R00252,1,MUTATION,T2,t2_change_int_literal,ok,13,True,T2,True,1.0,1.0,1.0
R00252,2,CLONE_INTERVAL,T2,t2_rename_local,ok,1,True,T2,True,1.0,0.7297,0.7297
R00252,3,MUTATION,T2,t2_rename_local,ok,13,True,T2,True,1.0,1.0,1.0
R00252,3,MUTATION,T2,t2_rename_local,ok,13,True,T2,True,1.0,1.0,1.0
R00252,3,MUTATION,T2,t2_rename_local,ok,13,True,T2,True,1.0,1.0,1.0
R00252,3,MUTATION,T2,t2_rename_local,ok,13,True,T2,True,1.0,1.0,1.0
R00252,3,MUTATION,T2,t2_rename_local,ok,13,True,T2,True,1.0,1.0,1.0
R00252,8,UNTOUCHED,T1,none,ok,13,True,T1,True,0.3333,0.3333,0.2
R00252,9,UNTOUCHED,T1,none,ok,13,True,T1,True,0.6667,0.4,0.3333
R00252,10,UNTOUCHED,T1,none,ok,13,True,T1,True,0.6667,1.0,0.6667
R00253,0,CLONE_INTERVAL,T1,t1_add_blank_line,ok,1,True,T1,True,0.8889,0.0741,0.0734
R00253,1,MUTATION,T1,t1_add_blank_line,ok,1,False,,False,0.0,0.0,0.0
R00253,2,CLONE_INTERVAL,T1,t1_add_block_comment,ok,1,True,T1,True,0.875,0.0648,0.0642
R00253,3,MUTATION,T1,t1_add_block_comment,ok,1,True,T1,True,1.0,0.0104,0.0104
R00253,4,UNTOUCHED,T1,none,ok,1,True,T1,True,0.5,0.0208,0.0204
R00253,5,UNTOUCHED,T1,none,ok,1,True,T1,True,0.7,0.0729,0.0707
R00253,6,UNTOUCHED,T1,none,ok,1,True,T1,True,0.6,0.0312,0.0306
R00253,7,UNTOUCHED,T1,none,ok,1,True,T1,True,0.7,0.0729,0.0707
R00254,0,CLONE_INTERVAL,T3,t3_wrap_statement,ok,1,False,,False,0.6667,0.125,0.1176
R00254,1,MUTATION,T3,t3_wrap_statement,ok,3,True,T3,True,1.0,0.5,0.5
R00254,2,CLONE_INTERVAL,T1,t1_add_blank_line,ok,1,True,T3,False,1.0,0.2703,0.2703
R00254,3,MUTATION,T1,t1_add_blank_line,ok,3,True,T1,True,1.0,0.0357,0.0357
R00254,4,UNTOUCHED,T1,none,ok,3,True,T1,True,0.75,1.0,0.75
R00254,5,UNTOUCHED,T1,none,ok,3,True,T1,True,0.6667,0.0714,0.069
R00254,6,UNTOUCHED,T1,none,ok,3,True,T1,True,0.6667,0.0714,0.069
R00255,0,CLONE_INTERVAL,T3,t3_insert_statement,ok,1,True,T3,True,1.0,0.1622,0.1622
R00255,1,MUTATION,T3,t3_insert_statement,ok,5,True,T3,True,1.0,1.0,1.0
R00255,2,CLONE_INTERVAL,T2,t2_change_int_literal,ok,1,True,T3,False,1.0,0.1622,0.1622
R00255,3,MUTATION,T2,t2_change_int_literal,ok,5,True,T2,True,1.0,1.0,1.0
R00255,4,UNTOUCHED,T1,none,ok,5,True,T1,True,0.8,0.4444,0.4
R00255,5,UNTOUCHED,T1,none,ok,5,True,T1,True,0.6,1.0,0.6
R00255,6,UNTOUCHED,T1,none,ok,5,True,T1,True,0.5,0.2143,0.1765
R00256,0,CLONE_INTERVAL,T3,t3_delete_statement,ok,1,True,T3,True,1.0,0.0926,0.0926
R00256,1,MUTATION,T3,t3_delete_statement,ok,4,True,T2,False,1.0,1.0,1.0
R00256,2,CLONE_INTERVAL,T1,t1_reindent,ok,1,True,T3,False,1.0,0.1091,0.1091
R00256,3,MUTATION,T1,t1_reindent,ok,4,True,T1,True,0.6667,0.1333,0.125
R00256,4,UNTOUCHED,T1,none,ok,4,True,T1,True,0.9,0.9,0.8182
R00256,5,UNTOUCHED,T1,none,ok,4,True,T1,True,0.6667,0.6667,0.5
R00256,6,UNTOUCHED,T1,none,ok,4,True,T1,True,0.6,0.1,0.0938
R00257,0,CLONE_INTERVAL,T2,t2_change_string_literal,ok,1,True,T2,True,1.0,0.1008,0.1008
R00257,1,MUTATION,T2,t2_change_string_literal,ok,3,True,T2,True,1.0,1.0,1.0
R00257,2,CLONE_INTERVAL,T1,t1_reindent,ok,1,True,T2,False,0.8333,0.042,0.0417
R00257,3,MUTATION,T1,t1_reindent,ok,3,True,T1,True,0.6667,0.0449,0.044
R00257,4,UNTOUCHED,T1,none,ok,3,True,T1,True,0.6667,0.2857,0.25
R00257,5,UNTOUCHED,T1,none,ok,3,True,T1,True,0.625,0.0562,0.0543
R00257,6,UNTOUCHED,T1,none,ok,3,False,,False,0.0,0.0,0.0
R00257,7,UNTOUCHED,T1,none,ok,3,True,T1,True,0.5556,0.0562,0.0538
R00258,0,CLONE_INTERVAL,T1,t1_add_eol_comment,ok,1,True,T1,True,1.0,0.5652,0.5652
R00258,1,MUTATION,T1,t1_add_eol_comment,ok,1,True,T1,True,1.0,0.0556,0.0556
R00258,2,CLONE_INTERVAL,T3,t3_delete_statement,ok,1,False,,False,0.0,0.0,0.0
R00258,3,MUTATION,T3,t3_delete_statement,ok,1,False,,False,0.0,0.0,0.0
R00258,4,UNTOUCHED,T1,none,ok,1,False,,False,0.0,0.0,0.0
R00258,5,UNTOUCHED,T1,none,ok,1,True,T1,True,0.25,0.0556,0.0476
R00258,6,UNTOUCHED,T1,none,ok,1,False,,False,0.0,0.0,0.0
R00258,7,UNTOUCHED,T1,none,ok,1,False,,False,0.0,0.0,0.0
R00259,0,CLONE_INTERVAL,T3,t3_wrap_statement,ok,1,True,T3,True,1.0,0.0778,0.0778
R00259,1,MUTATION,T3,t3_wrap_statement,ok,3,True,T3,True,1.0,1.0,1.0
R00259,2,CLONE_INTERVAL,T1,t1_reindent,ok,1,True,T3,False,0.8333,0.0543,0.0538
R00259,3,MUTATION,T1,t1_reindent,ok,3,True,T1,True,0.6667,0.0588,0.0571
R00259,4,UNTOUCHED,T1,none,ok,3,True,T1,True,0.75,0.5,0.4286
R00259,5,UNTOUCHED,T1,none,ok,3,True,T1,True,0.75,0.0441,0.0435
R00259,6,UNTOUCHED,T1,none,ok,3,False,,False,0.0,0.0,0.0
R00259,7,UNTOUCHED,T1,none,ok,3,True,T1,True,0.5556,0.0735,0.0694
R00260,0,CLONE_INTERVAL,T3,t3_wrap_statement,ok,1,True,T3,True,1.0,0.2308,0.2308
R00260,1,MUTATION,T3,t3_wrap_statement,ok,3,True,T3,True,1.0,1.0,1.0
R00260,2,CLONE_INTERVAL,T1,t1_add_eol_comment,ok,1,True,T3,False,1.0,0.2143,0.2143
R00260,3,MUTATION,T1,t1_add_eol_comment,ok,3,True,T1,True,1.0,0.0714,0.0714
R00260,4,UNTOUCHED,T1,none,ok,3,True,T1,True,0.75,0.375,0.3333
R00260,5,UNTOUCHED,T1,none,ok,3,True,T1,True,0.8333,0.3571,0.3333
R00260,6,UNTOUCHED,T1,none,ok,3,True,T1,True,0.5,0.2143,0.1765
R00261,0,CLONE_INTERVAL,T1,t1_add_eol_comment,ok,1,True,T1,True,1.0,0.2121,0.2121
R00261,1,MUTATION,T1,t1_add_eol_comment,ok,1,True,T1,True,1.0,0.04,0.04
R00261,2,CLONE_INTERVAL,T1,t1_reindent,ok,1,True,T1,True,0.9091,0.303,0.2941
R00261,3,MUTATION,T1,t1_reindent,ok,1,True,T1,True,0.8182,0.36,0.3333
R00261,4,UNTOUCHED,T1,none,ok,1,True,T1,True,0.2,0.04,0.0345
R00261,5,UNTOUCHED,T1,none,ok,1,True,T1,True,0.6667,0.08,0.0769
R00261,6,UNTOUCHED,T1,none,ok,1,True,T1,True,0.6,0.36,0.2903
R00262,0,CLONE_INTERVAL,T3,t3_wrap_statement,ok,1,True,T3,True,0.8333,0.1613,0.1562
R00262,1,MUTATION,T3,t3_wrap_statement,ok,5,True,T3,True,1.0,0.5,0.5
R00262,2,CLONE_INTERVAL,T3,t3_wrap_statement,ok,1,False,,False,0.6667,0.129,0.1212
R00262,3,MUTATION,T3,t3_wrap_statement,ok,5,True,T3,True,1.0,1.0,1.0
R00262,4,UNTOUCHED,T1,none,ok,5,True,T1,True,0.75,1.0,0.75
R00262,5,UNTOUCHED,T1,none,ok,5,True,T1,True,0.25,0.0909,0.0714
R00262,6,UNTOUCHED,T1,none,ok,5,True,T1,True,0.75,0.2727,0.25
R00262,7,UNTOUCHED,T1,none,ok,5,True,T1,True,0.6667,0.1538,0.1429
R00263,0,CLONE_INTERVAL,T1,t1_reindent,ok,1,True,T3,False,1.0,0.2069,0.2069
R00263,1,MUTATION,T1,t1_reindent,ok,3,True,T1,True,0.6667,0.3077,0.2667
R00263,2,CLONE_INTERVAL,T3,t3_insert_statement,ok,1,True,T3,True,1.0,0.2857,0.2857
R00263,3,MUTATION,T3,t3_insert_statement,ok,3,True,T3,True,1.0,1.0,1.0
R00263,4,UNTOUCHED,T1,none,ok,3,True,T1,True,0.75,0.2308,0.2143
R00263,5,UNTOUCHED,T1,none,ok,3,True,T1,True,0.6667,0.3077,0.2667
R00263,6,UNTOUCHED,T1,none,ok,3,True,T1,True,0.5,0.5,0.3333
R00264,0,CLONE_INTERVAL,T1,t1_reindent,ok,1,True,T3,False,1.0,0.2581,0.2581
R00264,1,MUTATION,T1,t1_reindent,ok,3,True,T1,True,0.75,0.4286,0.375
R00264,2,CLONE_INTERVAL,T3,t3_wrap_statement,ok,1,True,T3,True,1.0,0.2069,0.2069
R00264,3,MUTATION,T3,t3_wrap_statement,ok,3,True,T3,True,1.0,1.0,1.0
R00264,4,UNTOUCHED,T1,none,ok,3,True,T1,True,0.6667,0.1429,0.1333
R00264,5,UNTOUCHED,T1,none,ok,3,True,T1,True,0.6,0.2143,0.1875
R00264,6,UNTOUCHED,T1,none,ok,3,True,T1,True,0.5,0.1429,0.125
R00264,7,UNTOUCHED,T1,none,ok,3,True,T1,True,0.7143,0.5556,0.4545
R00265,0,CLONE_INTERVAL,T3,t3_insert_statement,ok,1,True,T3,True,0.8333,0.0568,0.0562
R00265,1,MUTATION,T3,t3_insert_statement,ok,3,True,T3,True,1.0,1.0,1.0
R00265,2,CLONE_INTERVAL,T1,t1_add_block_comment,ok,1,True,T3,False,0.8333,0.0581,0.0575
R00265,3,MUTATION,T1,t1_add_block_comment,ok,3,False,,False,0.0,0.0,0.0
R00265,4,UNTOUCHED,T1,none,ok,3,False,,False,0.0,0.0,0.0
R00265,5,UNTOUCHED,T1,none,ok,3,True,T1,True,0.5556,0.3333,0.2632
R00265,6,UNTOUCHED,T1,none,ok,3,False,,False,0.0,0.0,0.0
R00265,7,UNTOUCHED,T1,none,ok,3,True,T1,True,0.5556,0.3333,0.2632
R00266,0,CLONE_INTERVAL,T2,t2_change_int_literal,ok,1,True,T2,True,1.0,0.1059,0.1059
R00266,1,MUTATION,T2,t2_change_int_literal,ok,3,True,T2,True,1.0,1.0,1.0
R00266,2,CLONE_INTERVAL,T1,t1_add_blank_line,ok,1,True,T2,False,1.0,0.0833,0.0833
R00266,3,MUTATION,T1,t1_add_blank_line,ok,3,False,,False,0.0,0.0,0.0
R00266,4,UNTOUCHED,T1,none,ok,3,True,T1,True,0.6667,0.6667,0.5
R00266,5,UNTOUCHED,T1,none,ok,3,True,T1,True,0.7333,0.1746,0.1642
R00266,6,UNTOUCHED,T1,none,ok,3,True,T1,True,0.5,0.0317,0.0308
R00266,7,UNTOUCHED,T1,none,ok,3,True,T1,True,0.6667,0.1587,0.1471
R00267,0,CLONE_INTERVAL,T1,t1_reindent,ok,1,True,T1,True,1.0,0.2059,0.2059
R00267,1,MUTATION,T1,t1_reindent,ok,1,True,T1,True,0.8571,0.2308,0.2222
R00267,2,CLONE_INTERVAL,T1,t1_add_block_comment,ok,1,True,T1,True,1.0,0.1818,0.1818
R00267,3,MUTATION,T1,t1_add_block_comment,ok,1,False,,False,0.0,0.0,0.0
R00267,4,UNTOUCHED,T1,none,ok,1,True,T1,True,0.75,0.1154,0.1111
R00267,5,UNTOUCHED,T1,none,ok,1,True,T1,True,0.7273,0.3077,0.2759
R00267,6,UNTOUCHED,T1,none,ok,1,True,T1,True,0.5,0.0769,0.0714
R00267,7,UNTOUCHED,T1,none,ok,1,True,T1,True,0.6,0.1154,0.1071
R00268,0,CLONE_INTERVAL,T2,t2_change_string_literal,ok,1,True,T2,True,1.0,0.0769,0.0769
R00268,1,MUTATION,T2,t2_change_string_literal,ok,5,True,T2,True,1.0,1.0,1.0
R00268,2,CLONE_INTERVAL,T2,t2_change_string_literal,ok,1,True,T2,True,1.0,0.0769,0.0769
R00268,3,MUTATION,T2,t2_change_string_literal,ok,5,True,T2,True,1.0,1.0,1.0
R00268,4,UNTOUCHED,T1,none,ok,5,True,T1,True,0.75,0.15,0.1429
R00268,5,UNTOUCHED,T1,none,ok,5,True,T1,True,1.0,0.875,0.875
R00268,6,UNTOUCHED,T1,none,ok,5,True,T1,True,0.75,0.2727,0.25
R00269,0,CLONE_INTERVAL,T1,t1_add_blank_line,ok,6,True,T1,True,1.0,0.6364,0.6364
R00269,1,MUTATION,T1,t1_add_blank_line,ok,8,True,T1,True,1.0,0.1,0.1
R00269,2,CLONE_INTERVAL,T3,t3_insert_statement,ok,6,True,T3,True,1.0,0.1667,0.1667
R00269,3,MUTATION,T3,t3_insert_statement,ok,8,True,T3,True,1.0,1.0,1.0
R00269,4,UNTOUCHED,T1,none,ok,8,True,T1,True,0.6667,0.2,0.1818
R00269,5,UNTOUCHED,T1,none,ok,8,True,T1,True,0.3333,0.1,0.0833
R00269,6,UNTOUCHED,T1,none,ok,8,True,T1,True,0.7143,0.6667,0.5263
R00269,7,UNTOUCHED,T1,none,ok,8,True,T1,True,0.7059,1.0,0.7059
R00270,0,CLONE_INTERVAL,T1,t1_add_eol_comment,ok,1,True,T2,False,1.0,0.24,0.24
R00270,1,MUTATION,T1,t1_add_eol_comment,ok,9,True,T1,True,1.0,0.1111,0.1111
R00270,2,CLONE_INTERVAL,T2,t2_rename_local,ok,1,True,T2,True,1.0,0.44,0.44
R00270,3,MUTATION,T2,t2_rename_local,ok,9,True,T2,True,1.0,1.0,1.0
R00270,3,MUTATION,T2,t2_rename_local,ok,9,True,T2,True,1.0,1.0,1.0
R00270,3,MUTATION,T2,t2_rename_local,ok,9,True,T2,True,1.0,1.0,1.0
R00270,3,MUTATION,T2,t2_rename_local,ok,9,True,T2,True,1.0,1.0,1.0
R00270,7,UNTOUCHED,T1,none,ok,9,True,T1,True,0.3333,0.1111,0.0909
R00270,8,UNTOUCHED,T1,none,ok,9,True,T1,True,1.0,0.3333,0.3333
R00270,9,UNTOUCHED,T1,none,ok,9,True,T1,True,0.8,0.8,0.6667
R00271,0,CLONE_INTERVAL,T3,t3_wrap_statement,ok,1,True,T3,True,0.8333,0.061,0.0602
R00271,1,MUTATION,T3,t3_wrap_statement,ok,5,True,T3,True,1.0,1.0,1.0
R00271,2,CLONE_INTERVAL,T3,t3_insert_statement,ok,1,True,T3,True,0.8333,0.061,0.0602
R00271,3,MUTATION,T3,t3_insert_statement,ok,5,True,T3,True,1.0,1.0,1.0
R00271,4,UNTOUCHED,T1,none,ok,5,False,,False,0.0,0.0,0.0
R00271,5,UNTOUCHED,T1,none,ok,5,True,T1,True,0.5556,0.5556,0.3846
R00271,6,UNTOUCHED,T1,none,ok,5,False,,False,0.0,0.0,0.0
R00271,7,UNTOUCHED,T1,none,ok,5,True,T1,True,0.5556,0.2941,0.2381
R00272,0,CLONE_INTERVAL,T2,t2_change_string_literal,ok,1,True,T2,True,1.0,0.3158,0.3158
R00272,1,MUTATION,T2,t2_change_string_literal,ok,3,True,T2,True,1.0,1.0,1.0
R00272,2,CLONE_INTERVAL,T1,t1_reindent,ok,1,True,T2,False,1.0,0.3158,0.3158
R00272,3,MUTATION,T1,t1_reindent,ok,3,True,T1,True,0.6667,0.3333,0.2857
R00272,4,UNTOUCHED,T1,none,ok,3,True,T1,True,0.6667,1.0,0.6667
R00272,5,UNTOUCHED,T1,none,ok,3,True,T1,True,1.0,0.25,0.25
R00272,6,UNTOUCHED,T1,none,ok,3,True,T1,True,0.6667,0.1667,0.1538
R00273,0,CLONE_INTERVAL,T2,t2_change_int_literal,ok,1,True,T2,True,1.0,0.2963,0.2963
R00273,1,MUTATION,T2,t2_change_int_literal,ok,3,True,T2,True,1.0,1.0,1.0
R00273,2,CLONE_INTERVAL,T1,t1_reindent,ok,1,True,T2,False,1.0,0.3704,0.3704
R00273,3,MUTATION,T1,t1_reindent,ok,3,True,T1,True,0.8,0.5333,0.4706
R00273,4,UNTOUCHED,T1,none,ok,3,True,T1,True,0.8,0.6667,0.5714
R00273,5,UNTOUCHED,T1,none,ok,3,True,T1,True,0.6667,0.1333,0.125
R00273,6,UNTOUCHED,T1,none,ok,3,True,T1,True,0.6667,0.1333,0.125
R00274,0,CLONE_INTERVAL,T1,t1_reindent,ok,1,True,T2,False,1.0,0.2632,0.2632
R00274,1,MUTATION,T1,t1_reindent,ok,3,True,T1,True,0.6,0.3333,0.2727
R00274,2,CLONE_INTERVAL,T2,t2_rename_local,ok,1,True,T2,True,1.0,0.1579,0.1579
R00274,3,MUTATION,T2,t2_rename_local,ok,3,True,T2,True,1.0,1.0,1.0
R00274,4,UNTOUCHED,T1,none,ok,3,True,T1,True,0.9,0.5,0.4737
R00274,5,UNTOUCHED,T1,none,ok,3,True,T1,True,0.6,0.1667,0.15
R00274,6,UNTOUCHED,T1,none,ok,3,True,T1,True,0.6667,0.2857,0.25
R00275,0,CLONE_INTERVAL,T2,t2_change_string_literal,ok,1,True,T3,False,1.0,0.1818,0.1818
R00275,1,MUTATION,T2,t2_change_string_literal,ok,5,True,T2,True,1.0,1.0,1.0
R00275,2,CLONE_INTERVAL,T3,t3_delete_statement,ok,1,True,T3,True,1.0,0.1562,0.1562
R00275,3,MUTATION,T3,t3_delete_statement,ok,5,True,T3,True,1.0,1.0,1.0
R00275,4,UNTOUCHED,T1,none,ok,5,True,T1,True,0.6667,0.2857,0.25
R00275,5,UNTOUCHED,T1,none,ok,5,True,T1,True,0.7857,0.7857,0.6471
R00275,6,UNTOUCHED,T1,none,ok,5,True,T1,True,0.5,1.0,0.5
R00276,0,CLONE_INTERVAL,T2,t2_change_string_literal,ok,1,True,T2,True,1.0,0.375,0.375
R00276,1,MUTATION,T2,t2_change_string_literal,ok,7,True,T2,True,1.0,1.0,1.0
R00276,2,CLONE_INTERVAL,T2,t2_rename_local,ok,1,True,T2,True,1.0,0.4167,0.4167
R00276,3,MUTATION,T2,t2_rename_local,ok,7,True,T2,True,1.0,1.0,1.0
R00276,3,MUTATION,T2,t2_rename_local,ok,7,True,T2,True,1.0,1.0,1.0
R00276,5,UNTOUCHED,T1,none,ok,7,True,T1,True,0.6667,0.3333,0.2857
R00276,6,UNTOUCHED,T1,none,ok,7,True,T1,True,0.0833,0.3333,0.0714
R00276,7,UNTOUCHED,T1,none,ok,7,True,T1,True,0.6667,0.5,0.4
R00277,0,CLONE_INTERVAL,T2,t2_change_int_literal,ok,1,False,,False,0.6667,0.2,0.1818
R00277,1,MUTATION,T2,t2_change_int_literal,ok,5,True,T2,True,1.0,1.0,1.0
R00277,2,CLONE_INTERVAL,T3,t3_wrap_statement,ok,1,True,T3,True,0.75,0.3529,0.3158
R00277,3,MUTATION,T3,t3_wrap_statement,ok,5,True,T3,True,1.0,0.5,0.5
R00277,4,UNTOUCHED,T1,none,ok,5,True,T1,True,0.5,0.6667,0.4
R00277,5,UNTOUCHED,T1,none,ok,5,True,T1,True,0.3333,0.4,0.2222
R00277,6,UNTOUCHED,T1,none,ok,5,True,T1,True,0.5,0.4,0.2857
R00278,0,CLONE_INTERVAL,T1,t1_add_eol_comment,ok,1,True,T3,False,1.0,0.1333,0.1333
R00278,1,MUTATION,T1,t1_add_eol_comment,ok,3,False,,False,0.0,0.0,0.0
R00278,2,CLONE_INTERVAL,T3,t3_wrap_statement,ok,1,True,T3,True,1.0,0.3953,0.3953
R00278,3,MUTATION,T3,t3_wrap_statement,ok,3,True,T3,True,1.0,1.0,1.0
R00278,4,UNTOUCHED,T1,none,ok,3,True,T1,True,0.75,0.1429,0.1364
R00278,5,UNTOUCHED,T1,none,ok,3,True,T1,True,0.6364,0.3333,0.28
R00278,6,UNTOUCHED,T1,none,ok,3,True,T1,True,0.6667,0.1905,0.1739
R00278,7,UNTOUCHED,T1,none,ok,3,True,T1,True,0.6667,0.1538,0.1429
R00279,0,CLONE_INTERVAL,T3,t3_insert_statement,ok,1,True,T3,True,1.0,0.1795,0.1795
R00279,1,MUTATION,T3,t3_insert_statement,ok,5,True,T3,True,1.0,1.0,1.0
R00279,2,CLONE_INTERVAL,T3,t3_insert_statement,ok,1,True,T3,True,1.0,0.1707,0.1707
R00279,3,MUTATION,T3,t3_insert_statement,ok,5,True,T3,True,1.0,1.0,1.0
R00279,4,UNTOUCHED,T1,none,ok,5,True,T1,True,0.2857,0.5,0.2222
R00279,5,UNTOUCHED,T1,none,ok,5,True,T1,True,0.6667,0.4,0.3333
R00279,6,UNTOUCHED,T1,none,ok,5,True,T1,True,0.5882,1.0,0.5882
R00280,0,CLONE_INTERVAL,T3,t3_insert_statement,ok,1,False,,False,0.6667,0.1481,0.1379
R00280,1,MUTATION,T3,t3_insert_statement,ok,5,True,T3,True,1.0,1.0,1.0
R00280,2,CLONE_INTERVAL,T2,t2_change_string_literal,ok,1,True,T3,False,1.0,0.2593,0.2593
R00280,3,MUTATION,T2,t2_change_string_literal,ok,5,True,T2,True,1.0,1.0,1.0
R00280,4,UNTOUCHED,T1,none,ok,5,True,T1,True,0.6667,0.3333,0.2857
R00280,5,UNTOUCHED,T1,none,ok,5,True,T1,True,0.6667,0.8,0.5714
R00280,6,UNTOUCHED,T1,none,ok,5,True,T1,True,0.625,0.625,0.4545
R00281,0,CLONE_INTERVAL,T1,t1_add_blank_line,ok,1,True,T2,False,1.0,0.2,0.2
R00281,1,MUTATION,T1,t1_add_blank_line,ok,3,False,,False,0.0,0.0,0.0
R00281,2,CLONE_INTERVAL,T2,t2_change_int_literal,ok,1,True,T2,True,1.0,0.3333,0.3333
R00281,3,MUTATION,T2,t2_change_int_literal,ok,3,True,T2,True,1.0,1.0,1.0
R00281,4,UNTOUCHED,T1,none,ok,3,True,T1,True,0.6667,0.1176,0.1111
R00281,5,UNTOUCHED,T1,none,ok,3,True,T1,True,0.75,0.5294,0.45
R00281,6,UNTOUCHED,T1,none,ok,3,True,T1,True,0.5,0.2,0.1667
R00282,0,CLONE_INTERVAL,T3,t3_insert_statement,ok,23,True,T3,True,0.8333,0.3125,0.2941
R00282,1,MUTATION,T3,t3_insert_statement,ok,28,True,T3,True,1.0,1.0,1.0
R00282,2,CLONE_INTERVAL,T3,t3_delete_statement,ok,23,True,T3,True,1.0,0.5,0.5
R00282,3,MUTATION,T3,t3_delete_statement,ok,28,True,T2,False,1.0,1.0,1.0
R00282,4,UNTOUCHED,T1,none,ok,28,True,T1,True,0.5,0.5,0.3333
R00282,5,UNTOUCHED,T1,none,ok,28,True,T1,True,0.6667,0.7273,0.5333
R00282,6,UNTOUCHED,T1,none,ok,28,True,T1,True,0.6667,1.0,0.6667
R00282,7,UNTOUCHED,T1,none,ok,28,True,T1,True,0.5714,0.5,0.3636
R00283,0,CLONE_INTERVAL,T3,t3_delete_statement,ok,1,True,T3,True,1.0,0.0314,0.0314
R00283,1,MUTATION,T3,t3_delete_statement,ok,3,True,T3,True,1.0,1.0,1.0
R00283,2,CLONE_INTERVAL,T1,t1_add_eol_comment,ok,1,True,T3,False,1.0,0.0375,0.0375
R00283,3,MUTATION,T1,t1_add_eol_comment,ok,3,True,T1,True,1.0,0.0204,0.0204
R00283,4,UNTOUCHED,T1,none,ok,3,True,T1,True,0.7778,0.0854,0.0833
R00283,5,UNTOUCHED,T1,none,ok,3,True,T1,True,0.7143,0.102,0.098
R00283,6,UNTOUCHED,T1,none,ok,3,True,T1,True,0.5,0.0408,0.0392
R00283,7,UNTOUCHED,T1,none,ok,3,True,T1,True,0.6,0.0612,0.0588
R00284,0,CLONE_INTERVAL,T1,t1_reindent,ok,1,True,T1,True,1.0,0.1053,0.1053
R00284,1,MUTATION,T1,t1_reindent,ok,1,True,T1,True,0.8333,0.102,0.1
R00284,2,CLONE_INTERVAL,T1,t1_reindent,ok,1,True,T1,True,1.0,0.1053,0.1053
R00284,3,MUTATION,T1,t1_reindent,ok,1,True,T1,True,0.8333,0.102,0.1
R00284,4,UNTOUCHED,T1,none,ok,1,True,T1,True,0.8,0.0816,0.08
R00284,5,UNTOUCHED,T1,none,ok,1,True,T1,True,0.5714,0.0816,0.0769
R00284,6,UNTOUCHED,T1,none,ok,1,True,T1,True,0.6,0.0612,0.0588
R00284,7,UNTOUCHED,T1,none,ok,1,True,T1,True,0.7,0.1429,0.1346
R00285,0,CLONE_INTERVAL,T1,t1_add_blank_line,ok,1,True,T1,True,1.0,0.2308,0.2308
R00285,1,MUTATION,T1,t1_add_blank_line,ok,1,True,T1,True,1.0,0.05,0.05
R00285,2,CLONE_INTERVAL,T1,t1_add_block_comment,ok,1,True,T1,True,1.0,0.2308,0.2308
R00285,3,MUTATION,T1,t1_add_block_comment,ok,1,False,,False,0.0,0.0,0.0
R00285,4,UNTOUCHED,T1,none,ok,1,True,T1,True,0.75,0.15,0.1429
R00285,5,UNTOUCHED,T1,none,ok,1,True,T1,True,0.6667,0.2,0.1818
R00285,6,UNTOUCHED,T1,none,ok,1,True,T1,True,0.5,0.15,0.1304
R00286,0,CLONE_INTERVAL,T1,t1_add_eol_comment,ok,1,True,T1,True,1.0,0.0458,0.0458
R00286,1,MUTATION,T1,t1_add_eol_comment,ok,1,True,T1,True,1.0,0.0092,0.0092
R00286,2,CLONE_INTERVAL,T1,t1_reindent,ok,1,True,T1,True,1.0,0.0458,0.0458
R00286,3,MUTATION,T1,t1_reindent,ok,1,True,T1,True,0.8333,0.0459,0.0455
R00286,4,UNTOUCHED,T1,none,ok,1,True,T1,True,0.8,0.0367,0.0364
R00286,5,UNTOUCHED,T1,none,ok,1,True,T1,True,0.7241,0.1927,0.1795
R00286,6,UNTOUCHED,T1,none,ok,1,True,T1,True,0.6,0.0275,0.027
R00286,7,UNTOUCHED,T1,none,ok,1,True,T1,True,0.6667,0.0917,0.0877
R00287,0,CLONE_INTERVAL,T3,t3_delete_statement,ok,1,True,T3,True,0.8333,0.1905,0.1905
R00287,1,MUTATION,T3,t3_delete_statement,ok,7,True,T3,True,0.5,1.0,0.5
R00287,2,CLONE_INTERVAL,T2,t2_rename_local,ok,1,True,T3,False,1.0,0.5455,0.5455
R00287,3,MUTATION,T2,t2_rename_local,ok,7,True,T2,True,1.0,1.0,1.0
R00287,3,MUTATION,T2,t2_rename_local,ok,7,True,T2,True,1.0,0.5,0.5
R00287,3,MUTATION,T2,t2_rename_local,ok,7,True,T2,True,1.0,0.5,0.5
R00287,6,UNTOUCHED,T1,none,ok,7,True,T1,True,0.4,0.4,0.25
R00287,7,UNTOUCHED,T1,none,ok,7,True,T1,True,0.6667,0.6667,0.5
R00287,8,UNTOUCHED,T1,none,ok,7,True,T1,True,0.3333,1.0,0.3333
R00288,0,CLONE_INTERVAL,T3,t3_wrap_statement,ok,2,True,T3,True,1.0,0.4545,0.4545
R00288,1,MUTATION,T3,t3_wrap_statement,ok,4,True,T3,True,1.0,1.0,1.0
R00288,2,CLONE_INTERVAL,T1,t1_add_block_comment,ok,2,False,,False,0.0,0.0,0.0
R00288,3,MUTATION,T1,t1_add_block_comment,ok,4,False,,False,0.0,0.0,0.0
R00288,4,UNTOUCHED,T1,none,ok,4,True,T1,True,0.75,0.75,0.6
R00288,5,UNTOUCHED,T1,none,ok,4,True,T1,True,0.5,0.08,0.0741
R00288,6,UNTOUCHED,T1,none,ok,4,False,,False,0.0,0.0,0.0
R00288,7,UNTOUCHED,T1,none,ok,4,False,,False,0.0,0.0,0.0
R00289,0,CLONE_INTERVAL,T1,t1_add_eol_comment,ok,1,True,T2,False,1.0,0.3,0.3
R00289,1,MUTATION,T1,t1_add_eol_comment,ok,3,True,T1,True,1.0,0.0667,0.0667
R00289,2,CLONE_INTERVAL,T2,t2_rename_local,ok,1,True,T2,True,1.0,0.2333,0.2333
R00289,3,MUTATION,T2,t2_rename_local,ok,3,True,T2,True,1.0,1.0,1.0
R00289,4,UNTOUCHED,T1,none,ok,3,True,T1,True,0.75,0.2,0.1875
R00289,5,UNTOUCHED,T1,none,ok,3,True,T1,True,0.6,0.2,0.1765
R00289,6,UNTOUCHED,T1,none,ok,3,True,T1,True,0.5714,1.0,0.5714
R00290,0,CLONE_INTERVAL,T1,t1_reindent,ok,7,True,T2,False,1.0,0.0762,0.0762
R00290,1,MUTATION,T1,t1_reindent,ok,13,True,T1,True,0.625,0.2941,0.25
R00290,2,CLONE_INTERVAL,T2,t2_rename_local,ok,7,True,T2,True,1.0,0.2095,0.2095
R00290,3,MUTATION,T2,t2_rename_local,ok,13,True,T2,True,1.0,0.3333,0.3333
R00290,3,MUTATION,T2,t2_rename_local,ok,13,True,T2,True,1.0,0.3333,0.3333
R00290,3,MUTATION,T2,t2_rename_local,ok,13,True,T2,True,1.0,1.0,1.0
R00290,3,MUTATION,T2,t2_rename_local,ok,13,True,T2,True,1.0,1.0,1.0
R00290,7,UNTOUCHED,T1,none,ok,13,True,T1,True,0.7778,0.4118,0.3684
R00290,8,UNTOUCHED,T1,none,ok,13,True,T1,True,0.4545,0.2941,0.2174
R00290,9,UNTOUCHED,T1,none,ok,13,True,T1,True,0.5,0.0811,0.075
R00291,0,CLONE_INTERVAL,T1,t1_add_blank_line,ok,1,True,T1,True,0.7143,0.1163,0.1111
R00291,1,MUTATION,T1,t1_add_blank_line,ok,1,False,,False,0.0,0.0,0.0
R00291,2,CLONE_INTERVAL,T1,t1_reindent,ok,1,True,T1,True,1.0,0.5814,0.5814
R00291,3,MUTATION,T1,t1_reindent,ok,1,True,T1,True,0.64,0.5333,0.4103
R00291,4,UNTOUCHED,T1,none,ok,1,True,T1,True,0.75,0.1,0.0968
R00291,5,UNTOUCHED,T1,none,ok,1,True,T1,True,0.5,0.1,0.0909
R00291,6,UNTOUCHED,T1,none,ok,1,True,T1,True,0.5,0.1,0.0909
R00292,0,CLONE_INTERVAL,T3,t3_insert_statement,ok,1,True,T3,True,1.0,0.1875,0.1875
R00292,1,MUTATION,T3,t3_insert_statement,ok,5,True,T3,True,1.0,1.0,1.0
R00292,2,CLONE_INTERVAL,T2,t2_rename_local,ok,1,True,T3,False,1.0,0.1818,0.1818
R00292,3,MUTATION,T2,t2_rename_local,ok,5,True,T2,True,1.0,1.0,1.0
R00292,4,UNTOUCHED,T1,none,ok,5,True,T1,True,0.6667,0.5,0.4
R00292,5,UNTOUCHED,T1,none,ok,5,True,T1,True,0.8182,0.9,0.75
R00292,6,UNTOUCHED,T1,none,ok,5,True,T1,True,0.6667,0.6667,0.5
R00293,0,CLONE_INTERVAL,T2,t2_rename_local,ok,1,True,T2,True,1.0,0.4651,0.4651
R00293,1,MUTATION,T2,t2_rename_local,ok,7,True,T2,True,0.8667,1.0,0.8667
R00293,3,CLONE_INTERVAL,T2,t2_change_int_literal,ok,1,True,T2,True,1.0,0.2326,0.2326
R00293,4,MUTATION,T2,t2_change_int_literal,ok,7,True,T2,True,1.0,1.0,1.0
R00293,5,UNTOUCHED,T1,none,ok,7,True,T1,True,0.6,0.5,0.375
R00293,6,UNTOUCHED,T1,none,ok,7,True,T1,True,0.6,1.0,0.6
R00293,7,UNTOUCHED,T1,none,ok,7,True,T1,True,0.5,0.375,0.2727
R00294,0,CLONE_INTERVAL,T1,t1_add_block_comment,ok,1,True,T1,True,0.8571,0.1463,0.1429
R00294,1,MUTATION,T1,t1_add_block_comment,ok,1,False,,False,0.0,0.0,0.0
R00294,2,CLONE_INTERVAL,T1,t1_add_blank_line,ok,1,True,T1,True,0.8571,0.1463,0.1429
R00294,3,MUTATION,T1,t1_add_blank_line,ok,1,False,,False,0.0,0.0,0.0
R00294,4,UNTOUCHED,T1,none,ok,1,True,T1,True,0.8571,0.1538,0.15
R00294,5,UNTOUCHED,T1,none,ok,1,True,T1,True,1.0,0.1282,0.1282
R00294,6,UNTOUCHED,T1,none,ok,1,True,T1,True,0.875,0.359,0.3415
R00295,0,CLONE_INTERVAL,T1,t1_add_blank_line,ok,1,True,T2,False,0.8571,0.2,0.1935
R00295,1,MUTATION,T1,t1_add_blank_line,ok,3,False,,False,0.0,0.0,0.0
R00295,2,CLONE_INTERVAL,T2,t2_change_string_literal,ok,1,True,T2,True,1.0,0.2,0.2
R00295,3,MUTATION,T2,t2_change_string_literal,ok,3,True,T2,True,1.0,1.0,1.0
R00295,4,UNTOUCHED,T1,none,ok,3,True,T1,True,0.8333,0.2174,0.2083
R00295,5,UNTOUCHED,T1,none,ok,3,True,T1,True,0.8333,0.4348,0.4
R00295,6,UNTOUCHED,T1,none,ok,3,True,T1,True,0.25,0.5,0.2
R00296,0,CLONE_INTERVAL,T1,t1_add_blank_line,ok,1,True,T1,True,1.0,0.0889,0.0889
R00296,1,MUTATION,T1,t1_add_blank_line,ok,1,True,T1,True,1.0,0.009,0.009
R00296,2,CLONE_INTERVAL,T1,t1_add_eol_comment,ok,1,True,T1,True,1.0,0.0441,0.0441
R00296,3,MUTATION,T1,t1_add_eol_comment,ok,1,True,T1,True,1.0,0.009,0.009
R00296,4,UNTOUCHED,T1,none,ok,1,True,T1,True,0.7,0.0631,0.0614
R00296,5,UNTOUCHED,T1,none,ok,1,True,T1,True,0.7059,0.1081,0.1034
R00296,6,UNTOUCHED,T1,none,ok,1,True,T1,True,0.75,0.027,0.0268
R00296,7,UNTOUCHED,T1,none,ok,1,True,T1,True,0.7083,0.1532,0.1441
R00297,0,CLONE_INTERVAL,T1,t1_add_eol_comment,ok,1,True,T1,True,1.0,0.2759,0.2759
R00297,1,MUTATION,T1,t1_add_eol_comment,ok,1,False,,False,0.0,0.0,0.0
R00297,2,CLONE_INTERVAL,T1,t1_add_blank_line,ok,1,True,T1,True,1.0,0.2857,0.2857
R00297,3,MUTATION,T1,t1_add_blank_line,ok,1,False,,False,0.0,0.0,0.0
R00297,4,UNTOUCHED,T1,none,ok,1,True,T1,True,0.75,0.1364,0.1304
R00297,5,UNTOUCHED,T1,none,ok,1,True,T1,True,0.75,0.1364,0.1304
R00297,6,UNTOUCHED,T1,none,ok,1,True,T1,True,0.6667,0.1818,0.1667
R00298,0,CLONE_INTERVAL,T1,t1_reindent,ok,1,True,T1,True,1.0,0.0526,0.0526
R00298,1,MUTATION,T1,t1_reindent,ok,1,True,T1,True,0.8333,0.0538,0.0532
R00298,2,CLONE_INTERVAL,T3,t3_insert_statement,ok,1,True,T1,False,0.7143,0.0439,0.0431
R00298,3,MUTATION,T3,t3_insert_statement,ok,1,False,,False,0.0,0.0,0.0
R00298,4,UNTOUCHED,T1,none,ok,1,True,T1,True,0.6667,0.0215,0.0213
R00298,5,UNTOUCHED,T1,none,ok,1,True,T1,True,0.5714,0.043,0.0417
R00298,6,UNTOUCHED,T1,none,ok,1,False,,False,0.0,0.0,0.0
R00298,7,UNTOUCHED,T1,none,ok,1,True,T1,True,0.5556,0.0538,0.0515
R00299,0,CLONE_INTERVAL,T2,t2_change_string_literal,ok,1,True,T2,True,1.0,0.1176,0.1176
R00299,1,MUTATION,T2,t2_change_string_literal,ok,5,True,T2,True,1.0,1.0,1.0
R00299,2,CLONE_INTERVAL,T2,t2_change_string_literal,ok,1,True,T2,True,1.0,0.5098,0.5098
R00299,3,MUTATION,T2,t2_change_string_literal,ok,5,True,T2,True,1.0,1.0,1.0
R00299,4,UNTOUCHED,T1,none,ok,5,True,T1,True,0.8,0.5,0.4444
R00299,5,UNTOUCHED,T1,none,ok,5,True,T1,True,0.75,0.75,0.6
R00299,6,UNTOUCHED,T1,none,ok,5,True,T1,True,0.6667,0.1176,0.1111
R00300,0,CLONE_INTERVAL,T1,t1_add_block_comment,ok,1,True,T1,True,0.75,0.2069,0.1935
R00300,1,MUTATION,T1,t1_add_block_comment,ok,1,False,,False,0.0,0.0,0.0
R00300,2,CLONE_INTERVAL,T1,t1_add_blank_line,ok,1,True,T1,True,1.0,0.2143,0.2143
R00300,3,MUTATION,T1,t1_add_blank_line,ok,1,False,,False,0.0,0.0,0.0
R00300,4,UNTOUCHED,T1,none,ok,1,True,T1,True,0.5,0.087,0.08
R00300,5,UNTOUCHED,T1,none,ok,1,True,T1,True,0.7,0.3043,0.2692
R00300,6,UNTOUCHED,T1,none,ok,1,True,T1,True,0.6667,0.087,0.0833
R00300,7,UNTOUCHED,T1,none,ok,1,True,T1,True,0.6667,0.087,0.0833
R00301,0,CLONE_INTERVAL,T2,t2_change_string_literal,ok,1,True,T2,True,1.0,0.24,0.24
R00301,1,MUTATION,T2,t2_change_string_literal,ok,7,True,T2,True,1.0,1.0,1.0
R00301,2,CLONE_INTERVAL,T2,t2_rename_local,ok,1,True,T2,True,1.0,0.4,0.4
R00301,3,MUTATION,T2,t2_rename_local,ok,7,True,T2,True,1.0,1.0,1.0
R00301,3,MUTATION,T2,t2_rename_local,ok,7,True,T2,True,1.0,1.0,1.0
R00301,5,UNTOUCHED,T1,none,ok,7,True,T1,True,0.6,0.6,0.4286
R00301,6,UNTOUCHED,T1,none,ok,7,True,T1,True,0.6,0.6,0.4286
R00301,7,UNTOUCHED,T1,none,ok,7,True,T1,True,0.4,1.0,0.4
R00302,0,CLONE_INTERVAL,T3,t3_wrap_statement,ok,1,True,T3,True,1.0,0.2105,0.2105
R00302,1,MUTATION,T3,t3_wrap_statement,ok,7,True,T3,True,1.0,1.0,1.0
R00302,2,CLONE_INTERVAL,T3,t3_delete_statement,ok,1,False,,False,0.6667,0.1026,0.0976
R00302,3,MUTATION,T3,t3_delete_statement,ok,7,True,T3,True,1.0,1.0,1.0
R00302,4,UNTOUCHED,T1,none,ok,7,True,T1,True,0.75,1.0,0.75
R00302,5,UNTOUCHED,T1,none,ok,7,True,T1,True,0.5,0.2222,0.1818
R00302,6,UNTOUCHED,T1,none,ok,7,True,T1,True,0.6667,0.2222,0.2
R00302,7,UNTOUCHED,T1,none,ok,7,True,T1,True,0.6667,0.1667,0.1538
R00303,0,CLONE_INTERVAL,T2,t2_rename_local,ok,1,True,T2,True,1.0,0.1875,0.1875
R00303,1,MUTATION,T2,t2_rename_local,ok,5,True,T2,True,1.0,1.0,1.0
R00303,2,CLONE_INTERVAL,T2,t2_change_string_literal,ok,1,True,T2,True,1.0,0.25,0.25
R00303,3,MUTATION,T2,t2_change_string_literal,ok,5,True,T2,True,1.0,1.0,1.0
R00303,4,UNTOUCHED,T1,none,ok,5,True,T1,True,0.6667,0.6667,0.5
R00303,5,UNTOUCHED,T1,none,ok,5,True,T1,True,0.7857,0.6471,0.55
R00303,6,UNTOUCHED,T1,none,ok,5,True,T1,True,0.6667,1.0,0.6667
R00304,0,CLONE_INTERVAL,T1,t1_reindent,ok,1,True,T3,False,1.0,0.0448,0.0448
R00304,1,MUTATION,T1,t1_reindent,ok,3,True,T1,True,0.8333,0.0725,0.0714
R00304,2,CLONE_INTERVAL,T3,t3_insert_statement,ok,1,True,T3,True,1.0,0.0451,0.0451
R00304,3,MUTATION,T3,t3_insert_statement,ok,3,True,T3,True,1.0,1.0,1.0
R00304,4,UNTOUCHED,T1,none,ok,3,True,T1,True,0.6,0.0435,0.0423
R00304,5,UNTOUCHED,T1,none,ok,3,True,T1,True,0.7143,0.2899,0.2597
R00304,6,UNTOUCHED,T1,none,ok,3,True,T1,True,0.6,0.0435,0.0423
R00304,7,UNTOUCHED,T1,none,ok,3,True,T1,True,0.7,0.2,0.1842
R00305,0,CLONE_INTERVAL,T1,t1_reindent,ok,1,True,T1,True,1.0,0.0661,0.0661
R00305,1,MUTATION,T1,t1_reindent,ok,1,True,T1,True,0.625,0.0521,0.0505
R00305,2,CLONE_INTERVAL,T1,t1_reindent,ok,1,True,T1,True,1.0,0.0496,0.0496
R00305,3,MUTATION,T1,t1_reindent,ok,1,True,T1,True,0.8333,0.0521,0.0515
R00305,4,UNTOUCHED,T1,none,ok,1,True,T1,True,0.6667,0.0417,0.0408
R00305,5,UNTOUCHED,T1,none,ok,1,True,T1,True,0.6667,0.0208,0.0206
R00305,6,UNTOUCHED,T1,none,ok,1,True,T1,True,0.6,0.0312,0.0306
R00305,7,UNTOUCHED,T1,none,ok,1,True,T1,True,0.75,0.0625,0.0612
R00306,0,CLONE_INTERVAL,T3,t3_delete_statement,ok,1,False,,False,0.6,0.0588,0.0566
R00306,1,MUTATION,T3,t3_delete_statement,ok,5,True,T3,True,1.0,1.0,1.0
R00306,2,CLONE_INTERVAL,T3,t3_wrap_statement,ok,1,True,T3,True,1.0,0.12,0.12
R00306,3,MUTATION,T3,t3_wrap_statement,ok,5,True,T3,True,1.0,1.0,1.0
R00306,4,UNTOUCHED,T1,none,ok,5,True,T1,True,0.7143,0.4167,0.3571
R00306,5,UNTOUCHED,T1,none,ok,5,True,T1,True,0.6,0.1429,0.1304
R00306,6,UNTOUCHED,T1,none,ok,5,True,T1,True,0.6,0.1429,0.1304
R00306,7,UNTOUCHED,T1,none,ok,5,True,T1,True,0.7143,0.5,0.4167
R00307,0,CLONE_INTERVAL,T2,t2_change_int_literal,ok,1,True,T2,True,0.7143,0.0806,0.0781
R00307,1,MUTATION,T2,t2_change_int_literal,ok,3,True,T2,True,1.0,1.0,1.0
R00307,2,CLONE_INTERVAL,T1,t1_reindent,ok,1,False,,False,0.0,0.0,0.0
R00307,3,MUTATION,T1,t1_reindent,ok,3,False,,False,0.0,0.0,0.0
R00307,4,UNTOUCHED,T1,none,ok,3,True,T1,True,0.625,0.1923,0.1724
R00307,5,UNTOUCHED,T1,none,ok,3,True,T1,True,0.6,0.12,0.1111
R00307,6,UNTOUCHED,T1,none,ok,3,False,,False,0.0,0.0,0.0
R00307,7,UNTOUCHED,T1,none,ok,3,False,,False,0.0,0.0,0.0
R00308,0,CLONE_INTERVAL,T1,t1_add_blank_line,ok,2,True,T1,True,0.7143,0.1471,0.1389
R00308,1,MUTATION,T1,t1_add_blank_line,ok,2,False,,False,0.0,0.0,0.0
R00308,2,CLONE_INTERVAL,T3,t3_insert_statement,ok,2,False,,False,0.0,0.0,0.0
R00308,3,MUTATION,T3,t3_insert_statement,ok,2,False,,False,0.0,0.0,0.0
R00308,4,UNTOUCHED,T1,none,ok,2,True,T1,True,0.8,0.1333,0.129
R00308,5,UNTOUCHED,T1,none,ok,2,True,T1,True,0.8,0.4,0.3636
R00308,6,UNTOUCHED,T1,none,ok,2,False,,False,0.0,0.0,0.0
R00308,7,UNTOUCHED,T1,none,ok,2,False,,False,0.0,0.0,0.0
R00309,0,CLONE_INTERVAL,T2,t2_change_int_literal,ok,1,True,T2,True,1.0,0.3103,0.3103
R00309,1,MUTATION,T2,t2_change_int_literal,ok,7,True,T2,True,1.0,1.0,1.0
R00309,2,CLONE_INTERVAL,T2,t2_rename_local,ok,1,True,T2,True,1.0,0.3103,0.3103
R00309,3,MUTATION,T2,t2_rename_local,ok,7,True,T2,True,1.0,1.0,1.0
R00309,3,MUTATION,T2,t2_rename_local,ok,7,True,T2,True,1.0,1.0,1.0
R00309,5,UNTOUCHED,T1,none,ok,7,True,T1,True,0.4,0.2857,0.2
R00309,6,UNTOUCHED,T1,none,ok,7,True,T1,True,0.875,0.7778,0.7
R00309,7,UNTOUCHED,T1,none,ok,7,True,T1,True,0.3333,0.5,0.25
R00310,0,CLONE_INTERVAL,T2,t2_change_int_literal,ok,1,True,T2,True,1.0,0.2188,0.2188
R00310,1,MUTATION,T2,t2_change_int_literal,ok,3,True,T2,True,1.0,1.0,1.0
R00310,2,CLONE_INTERVAL,T1,t1_add_eol_comment,ok,1,True,T2,False,1.0,0.2188,0.2188
R00310,3,MUTATION,T1,t1_add_eol_comment,ok,3,True,T1,True,1.0,0.0588,0.0588
R00310,4,UNTOUCHED,T1,none,ok,3,True,T1,True,0.8,0.6667,0.5714
R00310,5,UNTOUCHED,T1,none,ok,3,True,T1,True,0.6667,0.4706,0.381
R00310,6,UNTOUCHED,T1,none,ok,3,True,T1,True,0.6667,0.1176,0.1111
R00311,0,CLONE_INTERVAL,T3,t3_wrap_statement,ok,1,True,T3,True,1.0,0.1525,0.1525
R00311,1,MUTATION,T3,t3_wrap_statement,ok,5,True,T3,True,1.0,1.0,1.0
R00311,2,CLONE_INTERVAL,T3,t3_delete_statement,ok,1,True,T3,True,1.0,0.1,0.1
R00311,3,MUTATION,T3,t3_delete_statement,ok,5,True,T3,True,1.0,1.0,1.0
R00311,4,UNTOUCHED,T1,none,ok,5,True,T1,True,0.8,0.8,0.6667
R00311,5,UNTOUCHED,T1,none,ok,5,True,T1,True,0.7188,0.7931,0.6053
R00311,6,UNTOUCHED,T1,none,ok,5,True,T1,True,0.625,0.5556,0.4167
R00312,0,CLONE_INTERVAL,T3,t3_wrap_statement,ok,1,True,T3,True,0.9231,0.2105,0.2069
R00312,1,MUTATION,T3,t3_wrap_statement,ok,3,True,T3,True,1.0,1.0,1.0
R00312,2,CLONE_INTERVAL,T1,t1_add_eol_comment,ok,1,True,T3,False,0.9412,0.2712,0.2667
R00312,3,MUTATION,T1,t1_add_eol_comment,ok,3,False,,False,0.0,0.0,0.0
R00312,4,UNTOUCHED,T1,none,ok,3,False,,False,0.0,0.0,0.0
R00312,5,UNTOUCHED,T1,none,ok,3,True,T1,True,0.6667,0.0714,0.069
R00312,6,UNTOUCHED,T1,none,ok,3,False,,False,0.0,0.0,0.0
R00312,7,UNTOUCHED,T1,none,ok,3,True,T1,True,0.6667,0.0714,0.069
R00313,0,CLONE_INTERVAL,T3,t3_insert_statement,ok,1,True,T3,True,1.0,0.2,0.2
R00313,1,MUTATION,T3,t3_insert_statement,ok,3,True,T3,True,1.0,1.0,1.0
R00313,2,CLONE_INTERVAL,T1,t1_add_blank_line,ok,1,True,T3,False,1.0,0.3333,0.3333
R00313,3,MUTATION,T1,t1_add_blank_line,ok,3,False,,False,0.0,0.0,0.0
R00313,4,UNTOUCHED,T1,none,ok,3,True,T1,True,0.6667,0.5,0.4
R00313,5,UNTOUCHED,T1,none,ok,3,True,T1,True,0.6667,0.1,0.0952
R00313,6,UNTOUCHED,T1,none,ok,3,False,,False,0.0,0.0,0.0
R00313,7,UNTOUCHED,T1,none,ok,3,True,T1,True,0.8,0.2,0.1905
R00313,8,UNTOUCHED,T1,none,ok,3,True,T1,True,0.5714,0.2,0.1739
R00314,0,CLONE_INTERVAL,T2,t2_change_string_literal,ok,1,True,T2,True,1.0,0.2973,0.2973
R00314,1,MUTATION,T2,t2_change_string_literal,ok,3,True,T2,True,1.0,1.0,1.0
R00314,2,CLONE_INTERVAL,T1,t1_add_block_comment,ok,1,True,T2,False,1.0,0.1667,0.1667
R00314,3,MUTATION,T1,t1_add_block_comment,ok,3,True,T1,True,1.0,0.0588,0.0588
R00314,4,UNTOUCHED,T1,none,ok,3,True,T1,True,0.8,0.4444,0.4
R00314,5,UNTOUCHED,T1,none,ok,3,True,T1,True,0.6667,0.4706,0.381
R00314,6,UNTOUCHED,T1,none,ok,3,True,T1,True,0.5,0.1176,0.1053
R00315,0,CLONE_INTERVAL,T3,t3_insert_statement,ok,1,True,T3,True,1.0,0.15,0.15
R00315,1,MUTATION,T3,t3_insert_statement,ok,5,True,T3,True,1.0,1.0,1.0
R00315,2,CLONE_INTERVAL,T3,t3_delete_statement,ok,1,True,T3,True,0.9091,0.25,0.2439
R00315,3,MUTATION,T3,t3_delete_statement,ok,5,True,T3,True,1.0,1.0,1.0
R00315,4,UNTOUCHED,T1,none,ok,5,True,T1,True,0.8,0.8,0.6667
R00315,5,UNTOUCHED,T1,none,ok,5,True,T1,True,0.7222,0.7222,0.5652
R00315,6,UNTOUCHED,T1,none,ok,5,True,T1,True,0.6667,0.2857,0.25
R00316,0,CLONE_INTERVAL,T2,t2_change_string_literal,ok,1,True,T2,True,0.8333,0.2,0.1923
R00316,1,MUTATION,T2,t2_change_string_literal,ok,3,True,T2,True,1.0,1.0,1.0
R00316,2,CLONE_INTERVAL,T1,t1_add_eol_comment,ok,1,True,T2,False,1.0,0.36,0.36
R00316,3,MUTATION,T1,t1_add_eol_comment,ok,3,True,T1,True,1.0,0.0833,0.0833
R00316,4,UNTOUCHED,T1,none,ok,3,True,T1,True,0.5,0.4,0.2857
R00316,5,UNTOUCHED,T1,none,ok,3,True,T1,True,0.3333,0.0833,0.0714
R00316,6,UNTOUCHED,T1,none,ok,3,True,T1,True,0.5,0.4167,0.2941
R00317,0,CLONE_INTERVAL,T1,t1_reindent,ok,1,True,T2,False,1.0,0.1143,0.1143
R00317,1,MUTATION,T1,t1_reindent,ok,3,True,T1,True,0.75,0.1111,0.1071
R00317,2,CLONE_INTERVAL,T2,t2_change_string_literal,ok,1,True,T2,True,1.0,0.0857,0.0857
R00317,3,MUTATION,T2,t2_change_string_literal,ok,3,True,T2,True,1.0,1.0,1.0
R00317,4,UNTOUCHED,T1,none,ok,3,True,T1,True,0.6667,0.0741,0.0714
R00317,5,UNTOUCHED,T1,none,ok,3,True,T1,True,0.6667,0.1481,0.1379
R00317,6,UNTOUCHED,T1,none,ok,3,True,T1,True,0.6667,0.037,0.0364
R00317,7,UNTOUCHED,T1,none,ok,3,True,T1,True,0.3333,0.5,0.25
R00318,0,CLONE_INTERVAL,T2,t2_change_int_literal,ok,1,True,T3,False,1.0,0.2353,0.2353
R00318,1,MUTATION,T2,t2_change_int_literal,ok,5,True,T2,True,1.0,1.0,1.0
R00318,2,CLONE_INTERVAL,T3,t3_wrap_statement,ok,1,True,T3,True,1.0,0.25,0.25
R00318,3,MUTATION,T3,t3_wrap_statement,ok,5,True,T3,True,1.0,1.0,1.0
R00318,4,UNTOUCHED,T1,none,ok,5,True,T1,True,0.75,1.0,0.75
R00318,5,UNTOUCHED,T1,none,ok,5,True,T1,True,0.8889,0.6154,0.5714
R00318,6,UNTOUCHED,T1,none,ok,5,True,T1,True,0.6,0.375,0.3
R00319,0,CLONE_INTERVAL,T3,t3_insert_statement,ok,1,True,T3,True,1.0,0.0745,0.0745
R00319,1,MUTATION,T3,t3_insert_statement,ok,5,True,T3,True,1.0,1.0,1.0
R00319,2,CLONE_INTERVAL,T3,t3_wrap_statement,ok,1,True,T3,True,1.0,0.0638,0.0638
R00319,3,MUTATION,T3,t3_wrap_statement,ok,5,True,T3,True,1.0,1.0,1.0
R00319,4,UNTOUCHED,T1,none,ok,5,True,T1,True,0.6667,0.6667,0.5
R00319,5,UNTOUCHED,T1,none,ok,5,True,T1,True,0.6,0.1304,0.12
R00319,6,UNTOUCHED,T1,none,ok,5,True,T1,True,0.6,0.1304,0.12
R00319,7,UNTOUCHED,T1,none,ok,5,True,T1,True,0.7,0.1373,0.1296
R00320,0,CLONE_INTERVAL,T3,t3_wrap_statement,ok,1,True,T3,True,1.0,0.2917,0.2917
R00320,1,MUTATION,T3,t3_wrap_statement,ok,3,True,T3,True,1.0,1.0,1.0
R00320,2,CLONE_INTERVAL,T1,t1_add_block_comment,ok,1,True,T3,False,0.8889,0.3333,0.32
R00320,3,MUTATION,T1,t1_add_block_comment,ok,3,False,,False,0.0,0.0,0.0
R00320,4,UNTOUCHED,T1,none,ok,3,True,T1,True,0.6667,0.4,0.3333
R00320,5,UNTOUCHED,T1,none,ok,3,True,T1,True,0.6667,0.1429,0.1333
R00320,6,UNTOUCHED,T1,none,ok,3,True,T1,True,0.5,0.2143,0.1765
R00321,0,CLONE_INTERVAL,T2,t2_change_string_literal,ok,7,True,T2,True,1.0,0.7619,0.7619
R00321,1,MUTATION,T2,t2_change_string_literal,ok,9,True,T2,True,1.0,1.0,1.0
R00321,2,CLONE_INTERVAL,T1,t1_reindent,ok,7,True,T1,True,1.0,0.4,0.4
R00321,3,MUTATION,T1,t1_reindent,ok,9,True,T1,True,0.6667,0.4,0.3333
R00321,4,UNTOUCHED,T1,none,ok,9,True,T1,True,0.75,0.2308,0.2143
R00321,5,UNTOUCHED,T1,none,ok,9,True,T1,True,0.5,0.5,0.3333
R00321,6,UNTOUCHED,T1,none,ok,9,True,T1,True,0.5,0.2,0.1667
R00321,7,UNTOUCHED,T1,none,ok,9,True,T1,True,0.5714,0.4,0.3077
R00322,0,CLONE_INTERVAL,T2,t2_rename_local,ok,1,True,T2,True,1.0,0.4,0.4
R00322,1,MUTATION,T2,t2_rename_local,ok,7,True,T2,True,0.6667,1.0,0.6667
R00322,3,CLONE_INTERVAL,T2,t2_change_int_literal,ok,1,True,T2,True,1.0,0.28,0.28
R00322,4,MUTATION,T2,t2_change_int_literal,ok,7,True,T2,True,1.0,1.0,1.0
R00322,5,UNTOUCHED,T1,none,ok,7,True,T1,True,0.6667,1.0,0.6667
R00322,6,UNTOUCHED,T1,none,ok,7,True,T1,True,1.0,0.75,0.75
R00322,7,UNTOUCHED,T1,none,ok,7,True,T1,True,0.5,0.3333,0.25
R00323,0,CLONE_INTERVAL,T2,t2_rename_local,ok,6,True,T2,True,1.0,0.1277,0.1277
R00323,1,MUTATION,T2,t2_rename_local,ok,10,True,T2,True,1.0,1.0,1.0
R00323,2,CLONE_INTERVAL,T2,t2_rename_local,ok,6,True,T2,True,0.8333,0.5,0.4545
R00323,3,MUTATION,T2,t2_rename_local,ok,10,True,T2,True,1.0,1.0,1.0
R00323,4,UNTOUCHED,T1,none,ok,10,True,T1,True,0.6667,0.4,0.3333
R00323,5,UNTOUCHED,T1,none,ok,10,True,T1,True,0.6667,0.2759,0.2424
R00323,6,UNTOUCHED,T1,none,ok,10,True,T1,True,0.5714,0.6667,0.4444
R00323,7,UNTOUCHED,T1,none,ok,10,True,T1,True,0.25,0.5,0.2
R00324,0,CLONE_INTERVAL,T1,t1_add_blank_line,ok,1,True,T2,False,1.0,0.2069,0.2069
R00324,1,MUTATION,T1,t1_add_blank_line,ok,3,True,T1,True,1.0,0.0909,0.0909
R00324,2,CLONE_INTERVAL,T2,t2_rename_local,ok,1,True,T2,True,1.0,0.4,0.4
R00324,3,MUTATION,T2,t2_rename_local,ok,3,True,T2,True,1.0,1.0,1.0
R00324,4,UNTOUCHED,T1,none,ok,3,True,T1,True,0.6667,0.1818,0.1667
R00324,5,UNTOUCHED,T1,none,ok,3,True,T1,True,0.0909,0.0909,0.0476
R00324,6,UNTOUCHED,T1,none,ok,3,True,T1,True,0.6667,0.75,0.5455
R00325,0,CLONE_INTERVAL,T2,t2_change_int_literal,ok,1,True,T2,True,0.8889,0.1905,0.186
R00325,1,MUTATION,T2,t2_change_int_literal,ok,3,True,T2,True,1.0,1.0,1.0
R00325,2,CLONE_INTERVAL,T1,t1_add_block_comment,ok,1,True,T2,False,1.0,0.1951,0.1951
R00325,3,MUTATION,T1,t1_add_block_comment,ok,3,False,,False,0.0,0.0,0.0
R00325,4,UNTOUCHED,T1,none,ok,3,True,T1,True,0.75,1.0,0.75
R00325,5,UNTOUCHED,T1,none,ok,3,True,T1,True,0.625,0.2083,0.1852
R00325,6,UNTOUCHED,T1,none,ok,3,True,T1,True,0.6667,0.4167,0.3448
R00326,0,CLONE_INTERVAL,T3,t3_delete_statement,ok,1,False,,False,0.6667,0.2,0.1818
R00326,1,MUTATION,T3,t3_delete_statement,ok,5,True,T3,True,1.0,1.0,1.0
R00326,2,CLONE_INTERVAL,T2,t2_change_string_literal,ok,1,True,T3,False,0.75,0.2857,0.2609
R00326,3,MUTATION,T2,t2_change_string_literal,ok,5,True,T2,True,1.0,1.0,1.0
R00326,4,UNTOUCHED,T1,none,ok,5,True,T1,True,0.6667,1.0,0.6667
R00326,5,UNTOUCHED,T1,none,ok,5,True,T1,True,0.5,0.2857,0.2222
R00326,6,UNTOUCHED,T1,none,ok,5,True,T1,True,0.5455,0.6,0.4
R00327,0,CLONE_INTERVAL,T2,t2_rename_local,ok,1,True,T2,True,1.0,0.1522,0.1522
R00327,1,MUTATION,T2,t2_rename_local,ok,3,True,T2,True,0.8,1.0,0.8
R00327,3,CLONE_INTERVAL,T1,t1_add_eol_comment,ok,1,True,T2,False,1.0,0.2609,0.2609
R00327,4,MUTATION,T1,t1_add_eol_comment,ok,3,True,T1,True,1.0,0.0435,0.0435
R00327,5,UNTOUCHED,T1,none,ok,3,True,T1,True,0.6,0.3,0.25
R00327,6,UNTOUCHED,T1,none,ok,3,True,T1,True,0.3333,0.0435,0.04
R00327,7,UNTOUCHED,T1,none,ok,3,True,T1,True,0.5,0.087,0.08
R00327,8,UNTOUCHED,T1,none,ok,3,True,T1,True,0.6667,0.1739,0.16
R00328,0,CLONE_INTERVAL,T3,t3_wrap_statement,ok,1,True,T3,True,1.0,0.3333,0.3333
R00328,1,MUTATION,T3,t3_wrap_statement,ok,5,True,T3,True,1.0,1.0,1.0
R00328,2,CLONE_INTERVAL,T3,t3_delete_statement,ok,1,True,T3,True,1.0,0.1786,0.1786
R00328,3,MUTATION,T3,t3_delete_statement,ok,5,True,T3,True,1.0,1.0,1.0
R00328,4,UNTOUCHED,T1,none,ok,5,True,T1,True,0.75,0.75,0.6
R00328,5,UNTOUCHED,T1,none,ok,5,True,T1,True,0.6667,0.3333,0.2857
R00328,6,UNTOUCHED,T1,none,ok,5,True,T1,True,0.5,1.0,0.5
R00329,0,CLONE_INTERVAL,T3,t3_wrap_statement,ok,2,True,T3,True,1.0,0.2692,0.2692
R00329,1,MUTATION,T3,t3_wrap_statement,ok,4,True,T3,True,1.0,1.0,1.0
R00329,2,CLONE_INTERVAL,T2,t2_change_string_literal,ok,2,False,,False,0.0,0.0,0.0
R00329,3,MUTATION,T2,t2_change_string_literal,ok,4,False,,False,0.0,0.0,0.0
R00329,4,UNTOUCHED,T1,none,ok,4,True,T1,True,0.5556,0.8333,0.5
R00329,5,UNTOUCHED,T1,none,ok,4,True,T1,True,0.6667,0.1333,0.125
R00329,6,UNTOUCHED,T1,none,ok,4,False,,False,0.0,0.0,0.0
R00329,7,UNTOUCHED,T1,none,ok,4,False,,False,0.0,0.0,0.0
R00330,0,CLONE_INTERVAL,T3,t3_insert_statement,ok,1,True,T3,True,0.75,0.1667,0.1579
R00330,1,MUTATION,T3,t3_insert_statement,ok,3,True,T3,True,1.0,1.0,1.0
R00330,2,CLONE_INTERVAL,T1,t1_add_block_comment,ok,1,True,T3,False,1.0,0.5278,0.5278
R00330,3,MUTATION,T1,t1_add_block_comment,ok,3,True,T1,True,1.0,0.0588,0.0588
R00330,4,UNTOUCHED,T1,none,ok,3,True,T1,True,0.375,0.375,0.2308
R00330,5,UNTOUCHED,T1,none,ok,3,True,T1,True,0.5,0.1176,0.1053
R00330,6,UNTOUCHED,T1,none,ok,3,True,T1,True,0.4286,0.1765,0.1429
R00331,0,CLONE_INTERVAL,T1,t1_add_block_comment,ok,1,False,,False,0.5714,0.1481,0.1333
R00331,1,MUTATION,T1,t1_add_block_comment,ok,3,False,,False,0.0,0.0,0.0
R00331,2,CLONE_INTERVAL,T3,t3_insert_statement,ok,1,True,T3,True,1.0,0.2308,0.2308
R00331,3,MUTATION,T3,t3_insert_statement,ok,3,True,T3,True,1.0,1.0,1.0
R00331,4,UNTOUCHED,T1,none,ok,3,True,T1,True,0.5,0.2222,0.1818
R00331,5,UNTOUCHED,T1,none,ok,3,True,T1,True,0.5,0.2222,0.1818
R00331,6,UNTOUCHED,T1,none,ok,3,True,T1,True,0.6154,0.7273,0.5
R00332,0,CLONE_INTERVAL,T3,t3_delete_statement,ok,1,True,T3,True,1.0,0.1351,0.1351
R00332,1,MUTATION,T3,t3_delete_statement,ok,7,True,T3,True,1.0,1.0,1.0
R00332,2,CLONE_INTERVAL,T2,t2_rename_local,ok,1,True,T3,False,1.0,0.3421,0.3421
R00332,3,MUTATION,T2,t2_rename_local,ok,7,True,T2,True,1.0,1.0,1.0
R00332,3,MUTATION,T2,t2_rename_local,ok,7,True,T2,True,1.0,1.0,1.0
R00332,5,UNTOUCHED,T1,none,ok,7,True,T1,True,0.7778,0.7778,0.6364
R00332,6,UNTOUCHED,T1,none,ok,7,True,T1,True,0.75,0.375,0.3333
R00332,7,UNTOUCHED,T1,none,ok,7,True,T1,True,0.6667,0.25,0.2222
R00332,8,UNTOUCHED,T1,none,ok,7,True,T1,True,0.75,0.4286,0.375
R00333,0,CLONE_INTERVAL,T2,t2_change_string_literal,ok,1,True,T3,False,1.0,0.1667,0.1667
R00333,1,MUTATION,T2,t2_change_string_literal,ok,5,True,T2,True,1.0,1.0,1.0
R00333,2,CLONE_INTERVAL,T3,t3_wrap_statement,ok,1,True,T3,True,1.0,0.2353,0.2353
R00333,3,MUTATION,T3,t3_wrap_statement,ok,5,True,T3,True,1.0,1.0,1.0
R00333,4,UNTOUCHED,T1,none,ok,5,True,T1,True,0.8,0.8,0.6667
R00333,5,UNTOUCHED,T1,none,ok,5,True,T1,True,0.75,0.75,0.6
R00333,6,UNTOUCHED,T1,none,ok,5,True,T1,True,0.8,0.4444,0.4
R00334,0,CLONE_INTERVAL,T2,t2_change_int_literal,ok,1,True,T2,True,1.0,0.2059,0.2059
R00334,1,MUTATION,T2,t2_change_int_literal,ok,5,True,T2,True,1.0,1.0,1.0
R00334,2,CLONE_INTERVAL,T2,t2_change_int_literal,ok,1,True,T2,True,1.0,0.1765,0.1765
R00334,3,MUTATION,T2,t2_change_int_literal,ok,5,True,T2,True,1.0,1.0,1.0
R00334,4,UNTOUCHED,T1,none,ok,5,True,T1,True,0.8333,1.0,0.8333
R00334,5,UNTOUCHED,T1,none,ok,5,True,T1,True,0.6667,0.5455,0.4286
R00334,6,UNTOUCHED,T1,none,ok,5,True,T1,True,0.625,0.625,0.4545
R00335,0,CLONE_INTERVAL,T1,t1_add_eol_comment,ok,1,True,T2,False,0.8333,0.1724,0.1667
R00335,1,MUTATION,T1,t1_add_eol_comment,ok,3,True,T1,True,1.0,0.0526,0.0526
R00335,2,CLONE_INTERVAL,T2,t2_rename_local,ok,1,True,T2,True,1.0,0.6207,0.6207
R00335,3,MUTATION,T2,t2_rename_local,ok,3,True,T2,True,1.0,1.0,1.0
R00335,4,UNTOUCHED,T1,none,ok,3,True,T1,True,0.25,0.0526,0.0455
R00335,5,UNTOUCHED,T1,none,ok,3,True,T1,True,1.0,0.2105,0.2105
R00335,6,UNTOUCHED,T1,none,ok,3,True,T1,True,0.3333,0.5,0.25
R00336,0,CLONE_INTERVAL,T1,t1_add_blank_line,ok,1,True,T3,False,0.8571,0.2308,0.2308
R00336,1,MUTATION,T1,t1_add_blank_line,ok,3,False,,False,0.0,0.0,0.0
R00336,2,CLONE_INTERVAL,T3,t3_delete_statement,ok,1,True,T3,True,1.0,0.28,0.28
R00336,3,MUTATION,T3,t3_delete_statement,ok,3,True,T3,True,1.0,1.0,1.0
R00336,4,UNTOUCHED,T1,none,ok,3,True,T1,True,0.4286,0.2727,0.2
R00336,5,UNTOUCHED,T1,none,ok,3,True,T1,True,0.6667,0.1818,0.1667
R00336,6,UNTOUCHED,T1,none,ok,3,True,T1,True,0.5,0.5,0.3333
R00337,0,CLONE_INTERVAL,T2,t2_change_string_literal,ok,1,True,T3,False,1.0,0.4091,0.4091
R00337,1,MUTATION,T2,t2_change_string_literal,ok,5,True,T2,True,1.0,1.0,1.0
R00337,2,CLONE_INTERVAL,T3,t3_delete_statement,ok,1,True,T3,True,1.0,0.1163,0.1163
R00337,3,MUTATION,T3,t3_delete_statement,ok,5,True,T3,True,1.0,1.0,1.0
R00337,4,UNTOUCHED,T1,none,ok,5,True,T1,True,0.3333,0.5,0.25
R00337,5,UNTOUCHED,T1,none,ok,5,True,T1,True,0.7778,0.3684,0.3333
R00337,6,UNTOUCHED,T1,none,ok,5,True,T1,True,0.6,1.0,0.6
R00338,0,CLONE_INTERVAL,T3,t3_wrap_statement,ok,1,True,T3,True,1.0,0.2812,0.2812
R00338,1,MUTATION,T3,t3_wrap_statement,ok,5,True,T3,True,1.0,1.0,1.0
R00338,2,CLONE_INTERVAL,T2,t2_rename_local,ok,1,True,T3,False,1.0,0.2059,0.2059
R00338,3,MUTATION,T2,t2_rename_local,ok,5,True,T2,True,1.0,1.0,1.0
R00338,4,UNTOUCHED,T1,none,ok,5,True,T1,True,0.8,0.5,0.4444
R00338,5,UNTOUCHED,T1,none,ok,5,True,T1,True,0.6,0.375,0.3
R00338,6,UNTOUCHED,T1,none,ok,5,True,T1,True,0.625,1.0,0.625
R00339,0,CLONE_INTERVAL,T2,t2_rename_local,ok,1,True,T2,True,1.0,0.3158,0.3158
R00339,1,MUTATION,T2,t2_rename_local,ok,9,True,T2,True,1.0,0.5,0.5
R00339,1,MUTATION,T2,t2_rename_local,ok,9,True,T2,True,1.0,0.25,0.25
R00339,1,MUTATION,T2,t2_rename_local,ok,9,True,T2,True,1.0,0.3333,0.3333
R00339,1,MUTATION,T2,t2_rename_local,ok,9,True,T2,True,1.0,0.3333,0.3333
R00339,1,MUTATION,T2,t2_rename_local,ok,9,True,T2,True,1.0,0.3333,0.3333
R00339,5,CLONE_INTERVAL,T2,t2_rename_local,ok,1,True,T2,True,1.0,0.2895,0.2895
R00339,6,MUTATION,T2,t2_rename_local,ok,9,True,T2,True,1.0,0.5,0.5
R00339,6,MUTATION,T2,t2_rename_local,ok,9,True,T2,True,1.0,0.25,0.25
R00339,6,MUTATION,T2,t2_rename_local,ok,9,True,T2,True,1.0,0.3333,0.3333
R00339,6,MUTATION,T2,t2_rename_local,ok,9,True,T2,True,1.0,0.3333,0.3333
R00339,6,MUTATION,T2,t2_rename_local,ok,9,True,T2,True,1.0,0.3333,0.3333
R00339,11,UNTOUCHED,T1,none,ok,9,True,T1,True,0.25,0.3333,0.1667
R00339,12,UNTOUCHED,T1,none,ok,9,True,T1,True,0.5,0.2222,0.1818
R00339,13,UNTOUCHED,T1,none,ok,9,True,T1,True,0.5,0.2222,0.1818
R00339,14,UNTOUCHED,T1,none,ok,9,True,T1,True,0.3333,0.3333,0.2
R00340,0,CLONE_INTERVAL,T3,t3_wrap_statement,ok,1,True,T3,True,0.875,0.125,0.1228
R00340,1,MUTATION,T3,t3_wrap_statement,ok,5,True,T3,True,1.0,0.5,0.5
R00340,2,CLONE_INTERVAL,T3,t3_wrap_statement,ok,1,True,T3,True,1.0,0.125,0.125
R00340,3,MUTATION,T3,t3_wrap_statement,ok,5,True,T3,True,1.0,0.3333,0.3333
R00340,4,UNTOUCHED,T1,none,ok,5,True,T1,True,0.75,0.2727,0.25
R00340,5,UNTOUCHED,T1,none,ok,5,True,T1,True,0.7059,0.75,0.5714
R00340,6,UNTOUCHED,T1,none,ok,5,True,T1,True,0.5714,0.2353,0.2
R00341,0,CLONE_INTERVAL,T1,t1_reindent,ok,1,True,T2,False,1.0,0.1579,0.1579
R00341,1,MUTATION,T1,t1_reindent,ok,3,True,T1,True,0.8333,0.4167,0.3846
R00341,2,CLONE_INTERVAL,T2,t2_change_int_literal,ok,1,True,T2,True,1.0,0.2368,0.2368
R00341,3,MUTATION,T2,t2_change_int_literal,ok,3,True,T2,True,1.0,1.0,1.0
R00341,4,UNTOUCHED,T1,none,ok,3,True,T1,True,0.6667,0.1667,0.1538
R00341,5,UNTOUCHED,T1,none,ok,3,True,T1,True,1.0,0.25,0.25
R00341,6,UNTOUCHED,T1,none,ok,3,True,T1,True,0.6667,0.75,0.5455
R00342,0,CLONE_INTERVAL,T3,t3_wrap_statement,ok,1,True,T3,True,1.0,0.1429,0.1429
R00342,1,MUTATION,T3,t3_wrap_statement,ok,5,True,T3,True,1.0,1.0,1.0
R00342,2,CLONE_INTERVAL,T2,t2_change_string_literal,ok,1,True,T3,False,1.0,0.2273,0.2273
R00342,3,MUTATION,T2,t2_change_string_literal,ok,5,True,T2,True,1.0,1.0,1.0
R00342,4,UNTOUCHED,T1,none,ok,5,True,T1,True,0.5,0.75,0.4286
R00342,5,UNTOUCHED,T1,none,ok,5,True,T1,True,0.8462,0.6471,0.5789
R00342,6,UNTOUCHED,T1,none,ok,5,True,T1,True,0.5455,0.6667,0.4286
R00343,0,CLONE_INTERVAL,T1,t1_add_blank_line,ok,1,True,T3,False,0.8571,0.1111,0.1091
R00343,1,MUTATION,T1,t1_add_blank_line,ok,3,False,,False,0.0,0.0,0.0
R00343,2,CLONE_INTERVAL,T3,t3_insert_statement,ok,1,True,T3,True,1.0,0.1111,0.1111
R00343,3,MUTATION,T3,t3_insert_statement,ok,3,True,T3,True,1.0,1.0,1.0
R00343,4,UNTOUCHED,T1,none,ok,3,True,T1,True,0.75,0.0938,0.0909
R00343,5,UNTOUCHED,T1,none,ok,3,True,T1,True,0.8261,0.5938,0.5278
R00343,6,UNTOUCHED,T1,none,ok,3,True,T1,True,0.6875,1.0,0.6875
R00344,0,CLONE_INTERVAL,T1,t1_add_block_comment,ok,1,True,T3,False,0.8571,0.0714,0.0714
R00344,1,MUTATION,T1,t1_add_block_comment,ok,3,False,,False,0.0,0.0,0.0
R00344,2,CLONE_INTERVAL,T3,t3_delete_statement,ok,1,True,T3,True,0.8,0.0482,0.0476
R00344,3,MUTATION,T3,t3_delete_statement,ok,3,True,T3,True,1.0,1.0,1.0
R00344,4,UNTOUCHED,T1,none,ok,3,True,T1,True,0.875,0.4,0.3784
R00344,5,UNTOUCHED,T1,none,ok,3,True,T1,True,1.0,0.1714,0.1714
R00344,6,UNTOUCHED,T1,none,ok,3,True,T1,True,0.6744,0.8788,0.617
R00345,0,CLONE_INTERVAL,T1,t1_add_blank_line,ok,3,True,T1,True,1.0,0.2222,0.2222
R00345,1,MUTATION,T1,t1_add_blank_line,ok,3,False,,False,0.0,0.0,0.0
R00345,2,CLONE_INTERVAL,T3,t3_insert_statement,ok,3,False,,False,0.0,0.0,0.0
R00345,3,MUTATION,T3,t3_insert_statement,ok,3,False,,False,0.0,0.0,0.0
R00345,4,UNTOUCHED,T1,none,ok,3,True,T1,True,0.6667,0.0952,0.0909
R00345,5,UNTOUCHED,T1,none,ok,3,True,T1,True,0.6667,0.0952,0.0909
R00345,6,UNTOUCHED,T1,none,ok,3,False,,False,0.0,0.0,0.0
R00345,7,UNTOUCHED,T1,none,ok,3,False,,False,0.0,0.0,0.0
R00346,0,CLONE_INTERVAL,T3,t3_wrap_statement,ok,1,True,T3,True,1.0,0.2,0.2
R00346,1,MUTATION,T3,t3_wrap_statement,ok,3,True,T3,True,1.0,1.0,1.0
R00346,2,CLONE_INTERVAL,T1,t1_add_block_comment,ok,1,True,T3,False,0.8571,0.1875,0.1818
R00346,3,MUTATION,T1,t1_add_block_comment,ok,3,False,,False,0.0,0.0,0.0
R00346,4,UNTOUCHED,T1,none,ok,3,True,T1,True,0.3333,0.3333,0.2
R00346,5,UNTOUCHED,T1,none,ok,3,True,T1,True,0.75,0.1429,0.1364
R00346,6,UNTOUCHED,T1,none,ok,3,True,T1,True,0.6667,0.0952,0.0909
R00347,0,CLONE_INTERVAL,T2,t2_rename_local,ok,6,True,T2,True,0.9333,0.7,0.6667
R00347,1,MUTATION,T2,t2_rename_local,ok,12,True,T2,True,0.3571,1.0,0.3571
R00347,6,CLONE_INTERVAL,T3,t3_delete_statement,ok,6,True,T3,True,1.0,0.4167,0.4167
R00347,7,MUTATION,T3,t3_delete_statement,ok,12,True,T3,True,1.0,1.0,1.0
R00347,8,UNTOUCHED,T1,none,ok,12,False,,False,0.0,0.0,0.0
R00347,9,UNTOUCHED,T1,none,ok,12,True,T1,True,0.6667,0.6667,0.5
R00347,10,UNTOUCHED,T1,none,ok,12,True,T1,True,0.6667,0.2857,0.25
R00347,11,UNTOUCHED,T1,none,ok,12,True,T1,True,0.6667,1.0,0.6667
R00348,0,CLONE_INTERVAL,T3,t3_wrap_statement,ok,1,True,T3,True,0.8571,0.0822,0.0811
R00348,1,MUTATION,T3,t3_wrap_statement,ok,5,True,T3,True,1.0,0.5,0.5
R00348,2,CLONE_INTERVAL,T3,t3_delete_statement,ok,1,True,T3,True,1.0,0.0667,0.0667
R00348,3,MUTATION,T3,t3_delete_statement,ok,5,True,T3,True,1.0,1.0,1.0
R00348,4,UNTOUCHED,T1,none,ok,5,True,T1,True,0.5,0.1154,0.1034
R00348,5,UNTOUCHED,T1,none,ok,5,True,T1,True,0.6,0.0857,0.0811
R00348,6,UNTOUCHED,T1,none,ok,5,True,T1,True,0.2174,0.1429,0.0943
R00348,7,UNTOUCHED,T1,none,ok,5,True,T1,True,0.6667,1.0,0.6667
R00349,0,CLONE_INTERVAL,T2,t2_change_int_literal,ok,1,True,T2,True,1.0,0.2069,0.2069
R00349,1,MUTATION,T2,t2_change_int_literal,ok,5,True,T2,True,1.0,1.0,1.0
R00349,2,CLONE_INTERVAL,T2,t2_change_string_literal,ok,1,True,T2,True,1.0,0.3448,0.3448
R00349,3,MUTATION,T2,t2_change_string_literal,ok,5,True,T2,True,1.0,1.0,1.0
R00349,4,UNTOUCHED,T1,none,ok,5,True,T1,True,0.8,1.0,0.8
R00349,5,UNTOUCHED,T1,none,ok,5,True,T1,True,0.8,0.3636,0.3333
R00349,6,UNTOUCHED,T1,none,ok,5,True,T1,True,0.6,0.3333,0.2727
R00350,0,CLONE_INTERVAL,T1,t1_add_blank_line,ok,1,True,T1,True,1.0,0.3429,0.3429
R00350,1,MUTATION,T1,t1_add_blank_line,ok,1,True,T1,True,1.0,0.037,0.037
R00350,2,CLONE_INTERVAL,T1,t1_reindent,ok,1,True,T1,True,1.0,0.2222,0.2222
R00350,3,MUTATION,T1,t1_reindent,ok,1,True,T1,True,0.625,0.1852,0.1667
R00350,4,UNTOUCHED,T1,none,ok,1,True,T1,True,0.75,0.1111,0.1071
R00350,5,UNTOUCHED,T1,none,ok,1,True,T1,True,0.7,0.2593,0.2333
R00350,6,UNTOUCHED,T1,none,ok,1,True,T1,True,0.6667,0.0741,0.0714
R00351,0,CLONE_INTERVAL,T1,t1_add_eol_comment,ok,1,True,T1,True,0.8333,0.2273,0.2174
R00351,1,MUTATION,T1,t1_add_eol_comment,ok,1,True,T1,True,1.0,0.05,0.05
R00351,2,CLONE_INTERVAL,T1,t1_reindent,ok,1,True,T1,True,1.0,0.3182,0.3182
R00351,3,MUTATION,T1,t1_reindent,ok,1,True,T1,True,0.7143,0.25,0.2273
R00351,4,UNTOUCHED,T1,none,ok,1,True,T1,True,0.8,0.2,0.1905
R00351,5,UNTOUCHED,T1,none,ok,1,True,T1,True,0.5,0.1,0.0909
R00351,6,UNTOUCHED,T1,none,ok,1,True,T1,True,0.75,0.15,0.1429
R00352,0,CLONE_INTERVAL,T3,t3_insert_statement,ok,1,True,T3,True,0.8333,0.0532,0.0526
R00352,1,MUTATION,T3,t3_insert_statement,ok,3,True,T3,True,1.0,1.0,1.0
R00352,2,CLONE_INTERVAL,T1,t1_add_block_comment,ok,1,True,T3,False,0.7143,0.0526,0.0515
R00352,3,MUTATION,T1,t1_add_block_comment,ok,3,False,,False,0.0,0.0,0.0
R00352,4,UNTOUCHED,T1,none,ok,3,False,,False,0.0,0.0,0.0
R00352,5,UNTOUCHED,T1,none,ok,3,True,T1,True,0.5556,0.2778,0.2273
R00352,6,UNTOUCHED,T1,none,ok,3,False,,False,0.0,0.0,0.0
R00352,7,UNTOUCHED,T1,none,ok,3,True,T1,True,0.5556,0.2778,0.2273
R00353,0,CLONE_INTERVAL,T3,t3_delete_statement,ok,3,True,T3,True,0.7143,0.3333,0.3333
R00353,1,MUTATION,T3,t3_delete_statement,ok,7,True,T3,True,0.3333,1.0,0.3333
R00353,2,CLONE_INTERVAL,T2,t2_change_int_literal,ok,3,True,T2,True,1.0,0.5,0.5
R00353,3,MUTATION,T2,t2_change_int_literal,ok,7,True,T2,True,1.0,1.0,1.0
R00353,4,UNTOUCHED,T1,none,ok,7,True,T1,True,0.8,0.5714,0.5
R00353,5,UNTOUCHED,T1,none,ok,7,True,T1,True,0.6,1.0,0.6
R00353,6,UNTOUCHED,T1,none,ok,7,True,T1,True,0.6667,0.6667,0.5
R00353,7,UNTOUCHED,T1,none,ok,7,True,T1,True,0.6667,0.125,0.1176
R00354,0,CLONE_INTERVAL,T1,t1_add_eol_comment,ok,1,False,,False,0.6667,0.2609,0.2308
R00354,1,MUTATION,T1,t1_add_eol_comment,ok,7,False,,False,0.0,0.0,0.0
R00354,2,CLONE_INTERVAL,T3,t3_delete_statement,ok,1,False,,False,0.4,0.0909,0.08
R00354,3,MUTATION,T3,t3_delete_statement,ok,7,True,T3,True,1.0,1.0,1.0
R00354,4,UNTOUCHED,T1,none,ok,7,True,T1,True,0.1176,0.1818,0.0769
R00354,5,UNTOUCHED,T1,none,ok,7,True,T1,True,0.5,0.3636,0.2667
R00354,6,UNTOUCHED,T1,none,ok,7,True,T1,True,0.5556,0.7143,0.4545
R00355,0,CLONE_INTERVAL,T1,t1_add_blank_line,ok,1,True,T2,False,1.0,0.0787,0.0787
R00355,1,MUTATION,T1,t1_add_blank_line,ok,3,True,T1,True,1.0,0.0238,0.0238
R00355,2,CLONE_INTERVAL,T2,t2_change_int_literal,ok,1,True,T2,True,1.0,0.0667,0.0667
R00355,3,MUTATION,T2,t2_change_int_literal,ok,3,True,T2,True,1.0,1.0,1.0
R00355,4,UNTOUCHED,T1,none,ok,3,True,T1,True,0.75,0.0714,0.0698
R00355,5,UNTOUCHED,T1,none,ok,3,True,T1,True,0.3333,0.0238,0.0227
R00355,6,UNTOUCHED,T1,none,ok,3,True,T1,True,0.6,0.0714,0.0682
R00355,7,UNTOUCHED,T1,none,ok,3,True,T1,True,0.7,0.2258,0.2059
R00356,0,CLONE_INTERVAL,T2,t2_change_int_literal,ok,1,True,T3,False,1.0,0.2069,0.2069
R00356,1,MUTATION,T2,t2_change_int_literal,ok,5,True,T2,True,1.0,1.0,1.0
R00356,2,CLONE_INTERVAL,T3,t3_insert_statement,ok,1,True,T3,True,1.0,0.3793,0.3793
R00356,3,MUTATION,T3,t3_insert_statement,ok,5,True,T3,True,1.0,1.0,1.0
R00356,4,UNTOUCHED,T1,none,ok,5,True,T1,True,0.2857,0.4,0.2
R00356,5,UNTOUCHED,T1,none,ok,5,True,T1,True,0.2857,0.1538,0.1111
R00356,6,UNTOUCHED,T1,none,ok,5,True,T1,True,0.3333,0.1538,0.1176
R00356,7,UNTOUCHED,T1,none,ok,5,True,T1,True,0.625,1.0,0.625
R00357,0,CLONE_INTERVAL,T3,t3_delete_statement,ok,1,False,,False,0.2,0.0769,0.0588
R00357,1,MUTATION,T3,t3_delete_statement,ok,4,True,T3,True,1.0,1.0,1.0
R00357,2,CLONE_INTERVAL,T3,t3_wrap_statement,ok,1,True,T3,True,1.0,0.5833,0.5833
R00357,3,MUTATION,T3,t3_wrap_statement,ok,4,True,T3,True,1.0,1.0,1.0
R00357,4,UNTOUCHED,T1,none,ok,4,False,,False,0.0,0.0,0.0
R00357,5,UNTOUCHED,T1,none,ok,4,True,T1,True,0.3333,0.5,0.25
R00357,6,UNTOUCHED,T1,none,ok,4,True,T1,True,0.6667,0.2857,0.25
R00358,0,CLONE_INTERVAL,T1,t1_add_block_comment,ok,1,True,T1,True,1.0,0.0667,0.0667
R00358,1,MUTATION,T1,t1_add_block_comment,ok,1,False,,False,0.0,0.0,0.0
R00358,2,CLONE_INTERVAL,T1,t1_add_block_comment,ok,1,True,T1,True,1.0,0.05,0.05
R00358,3,MUTATION,T1,t1_add_block_comment,ok,1,False,,False,0.0,0.0,0.0
R00358,4,UNTOUCHED,T1,none,ok,1,True,T1,True,0.8,0.087,0.0851
R00358,5,UNTOUCHED,T1,none,ok,1,True,T1,True,0.65,0.1413,0.1313
R00358,6,UNTOUCHED,T1,none,ok,1,True,T1,True,0.6,0.0326,0.0319
R00358,7,UNTOUCHED,T1,none,ok,1,True,T1,True,0.7,0.0761,0.0737
R00359,0,CLONE_INTERVAL,T3,t3_wrap_statement,ok,1,True,T3,True,1.0,0.2353,0.2353
R00359,1,MUTATION,T3,t3_wrap_statement,ok,5,True,T3,True,1.0,1.0,1.0
R00359,2,CLONE_INTERVAL,T3,t3_insert_statement,ok,1,True,T3,True,1.0,0.1622,0.1622
R00359,3,MUTATION,T3,t3_insert_statement,ok,5,True,T3,True,1.0,1.0,1.0
R00359,4,UNTOUCHED,T1,none,ok,5,True,T1,True,0.3333,0.1667,0.125
R00359,5,UNTOUCHED,T1,none,ok,5,True,T1,True,0.7647,0.65,0.5417
R00359,6,UNTOUCHED,T1,none,ok,5,True,T1,True,0.6667,1.0,0.6667
R00360,0,CLONE_INTERVAL,T3,t3_wrap_statement,ok,1,True,T3,True,1.0,0.0779,0.0779
R00360,1,MUTATION,T3,t3_wrap_statement,ok,3,True,T3,True,1.0,1.0,1.0
R00360,2,CLONE_INTERVAL,T1,t1_add_eol_comment,ok,1,True,T3,False,1.0,0.0759,0.0759
R00360,3,MUTATION,T1,t1_add_eol_comment,ok,3,True,T1,True,1.0,0.0263,0.0263
R00360,4,UNTOUCHED,T1,none,ok,3,True,T1,True,0.6,0.1111,0.1034
R00360,5,UNTOUCHED,T1,none,ok,3,True,T1,True,0.7,0.1842,0.1707
R00360,6,UNTOUCHED,T1,none,ok,3,True,T1,True,0.6,0.0789,0.075
R00360,7,UNTOUCHED,T1,none,ok,3,True,T1,True,0.7,0.1842,0.1707
R00361,0,CLONE_INTERVAL,T2,t2_change_string_literal,ok,1,False,,False,0.25,0.1333,0.0952
R00361,1,MUTATION,T2,t2_change_string_literal,ok,5,True,T2,True,1.0,1.0,1.0
R00361,2,CLONE_INTERVAL,T3,t3_insert_statement,ok,1,True,T3,True,0.8333,0.3571,0.3333
R00361,3,MUTATION,T3,t3_insert_statement,ok,5,True,T3,True,1.0,1.0,1.0
R00361,4,UNTOUCHED,T1,none,ok,5,True,T1,True,0.3333,0.5,0.25
R00361,5,UNTOUCHED,T1,none,ok,5,False,,False,0.0,0.0,0.0
R00361,6,UNTOUCHED,T1,none,ok,5,True,T1,True,0.2857,0.5,0.2222
R00361,7,UNTOUCHED,T1,none,ok,5,False,,False,0.0,0.0,0.0
R00362,0,CLONE_INTERVAL,T2,t2_change_int_literal,ok,1,True,T2,True,1.0,0.1633,0.1633
R00362,1,MUTATION,T2,t2_change_int_literal,ok,5,True,T2,True,1.0,1.0,1.0
R00362,2,CLONE_INTERVAL,T2,t2_rename_local,ok,1,True,T2,True,0.8571,0.1224,0.12
R00362,3,MUTATION,T2,t2_rename_local,ok,5,True,T2,True,1.0,1.0,1.0
R00362,4,UNTOUCHED,T1,none,ok,5,True,T1,True,0.75,1.0,0.75
R00362,5,UNTOUCHED,T1,none,ok,5,True,T1,True,0.6667,0.3333,0.2857
R00362,6,UNTOUCHED,T1,none,ok,5,True,T1,True,0.6667,0.3333,0.2857
R00362,7,UNTOUCHED,T1,none,ok,5,True,T1,True,0.3333,0.0526,0.0476
R00363,0,CLONE_INTERVAL,T1,t1_add_block_comment,ok,1,True,T3,False,0.8889,0.1053,0.1039
R00363,1,MUTATION,T1,t1_add_block_comment,ok,3,False,,False,0.0,0.0,0.0
R00363,2,CLONE_INTERVAL,T3,t3_wrap_statement,ok,1,True,T3,True,0.8333,0.0676,0.0667
R00363,3,MUTATION,T3,t3_wrap_statement,ok,3,True,T3,True,1.0,1.0,1.0
R00363,4,UNTOUCHED,T1,none,ok,3,True,T1,True,0.6667,0.0727,0.0702
R00363,5,UNTOUCHED,T1,none,ok,3,True,T1,True,0.6667,0.1455,0.1356
R00363,6,UNTOUCHED,T1,none,ok,3,True,T1,True,0.75,0.0545,0.0536
R00363,7,UNTOUCHED,T1,none,ok,3,True,T1,True,0.6667,0.6667,0.5
R00364,0,CLONE_INTERVAL,T1,t1_add_blank_line,ok,1,True,T2,False,0.8571,0.1765,0.1714
R00364,1,MUTATION,T1,t1_add_blank_line,ok,3,False,,False,0.0,0.0,0.0
R00364,2,CLONE_INTERVAL,T2,t2_change_int_literal,ok,1,True,T2,True,1.0,0.2941,0.2941
R00364,3,MUTATION,T2,t2_change_int_literal,ok,3,True,T2,True,1.0,1.0,1.0
R00364,4,UNTOUCHED,T1,none,ok,3,True,T1,True,0.75,0.2727,0.25
R00364,5,UNTOUCHED,T1,none,ok,3,True,T1,True,0.6667,0.1818,0.1667
R00364,6,UNTOUCHED,T1,none,ok,3,True,T1,True,0.6154,0.6154,0.4444
R00365,0,CLONE_INTERVAL,T3,t3_insert_statement,ok,1,True,T3,True,1.0,0.125,0.125
R00365,1,MUTATION,T3,t3_insert_statement,ok,3,True,T3,True,1.0,1.0,1.0
R00365,2,CLONE_INTERVAL,T1,t1_add_block_comment,ok,1,True,T3,False,1.0,0.6,0.6
R00365,3,MUTATION,T1,t1_add_block_comment,ok,3,False,,False,0.0,0.0,0.0
R00365,4,UNTOUCHED,T1,none,ok,3,True,T1,True,0.8571,0.8571,0.75
R00365,5,UNTOUCHED,T1,none,ok,3,True,T1,True,1.0,0.1111,0.1111
R00365,6,UNTOUCHED,T1,none,ok,3,True,T1,True,0.75,0.0833,0.0811
R00366,0,CLONE_INTERVAL,T2,t2_change_string_literal,ok,1,True,T2,True,1.0,0.2143,0.2143
R00366,1,MUTATION,T2,t2_change_string_literal,ok,5,True,T2,True,1.0,1.0,1.0
R00366,2,CLONE_INTERVAL,T2,t2_change_string_literal,ok,1,True,T2,True,1.0,0.25,0.25
R00366,3,MUTATION,T2,t2_change_string_literal,ok,5,True,T2,True,1.0,1.0,1.0
R00366,4,UNTOUCHED,T1,none,ok,5,True,T1,True,0.8889,0.8,0.7273
R00366,5,UNTOUCHED,T1,none,ok,5,True,T1,True,0.6,0.75,0.5
R00366,6,UNTOUCHED,T1,none,ok,5,True,T1,True,0.6667,0.3333,0.2857
R00367,0,CLONE_INTERVAL,T3,t3_insert_statement,ok,1,True,T2,False,0.8,0.2791,0.2609
R00367,1,MUTATION,T3,t3_insert_statement,ok,7,False,,False,0.0,0.0,0.0
R00367,2,CLONE_INTERVAL,T2,t2_rename_local,ok,1,True,T2,True,0.9583,0.5349,0.5227
R00367,3,MUTATION,T2,t2_rename_local,ok,7,True,T2,True,1.0,0.5,0.5
R00367,3,MUTATION,T2,t2_rename_local,ok,7,True,T2,True,1.0,0.5,0.5
R00367,3,MUTATION,T2,t2_rename_local,ok,7,True,T2,True,1.0,1.0,1.0
R00367,3,MUTATION,T2,t2_rename_local,ok,7,True,T2,True,1.0,0.5,0.5
R00367,3,MUTATION,T2,t2_rename_local,ok,7,True,T2,True,1.0,0.5,0.5
R00367,8,UNTOUCHED,T1,none,ok,7,False,,False,0.0,0.0,0.0
R00367,9,UNTOUCHED,T1,none,ok,7,True,T1,True,0.625,0.25,0.2174
R00367,10,UNTOUCHED,T1,none,ok,7,True,T1,True,0.3333,1.0,0.3333
R00368,0,CLONE_INTERVAL,T1,t1_add_eol_comment,ok,1,True,T2,False,0.8333,0.051,0.0505
R00368,1,MUTATION,T1,t1_add_eol_comment,ok,3,True,T1,True,1.0,0.0149,0.0149
R00368,2,CLONE_INTERVAL,T2,t2_change_int_literal,ok,1,True,T2,True,1.0,0.0816,0.0816
R00368,3,MUTATION,T2,t2_change_int_literal,ok,3,True,T2,True,1.0,1.0,1.0
R00368,4,UNTOUCHED,T1,none,ok,3,True,T1,True,0.3333,0.0149,0.0145
R00368,5,UNTOUCHED,T1,none,ok,3,True,T1,True,0.5556,0.0746,0.0704
R00368,6,UNTOUCHED,T1,none,ok,3,True,T1,True,0.5455,0.0896,0.0833
R00368,7,UNTOUCHED,T1,none,ok,3,True,T1,True,0.6,0.1667,0.15
R00369,0,CLONE_INTERVAL,T3,t3_delete_statement,ok,10,True,T3,True,1.0,0.2143,0.2143
R00369,1,MUTATION,T3,t3_delete_statement,ok,12,True,T3,True,1.0,1.0,1.0
R00369,2,CLONE_INTERVAL,T1,t1_add_blank_line,ok,10,True,T1,True,1.0,0.2258,0.2258
R00369,3,MUTATION,T1,t1_add_blank_line,ok,12,False,,False,0.0,0.0,0.0
R00369,4,UNTOUCHED,T1,none,ok,12,True,T1,True,0.6667,1.0,0.6667
R00369,5,UNTOUCHED,T1,none,ok,12,True,T1,True,0.7778,0.3333,0.3043
R00369,6,UNTOUCHED,T1,none,ok,12,True,T1,True,0.6429,0.3462,0.2903
R00369,7,UNTOUCHED,T1,none,ok,12,True,T1,True,0.75,0.1154,0.1111
R00370,0,CLONE_INTERVAL,T2,t2_change_string_literal,ok,1,True,T2,True,1.0,0.1765,0.1765
R00370,1,MUTATION,T2,t2_change_string_literal,ok,3,True,T2,True,1.0,1.0,1.0
R00370,2,CLONE_INTERVAL,T1,t1_add_eol_comment,ok,1,True,T2,False,1.0,0.1765,0.1765
R00370,3,MUTATION,T1,t1_add_eol_comment,ok,3,False,,False,0.0,0.0,0.0
R00370,4,UNTOUCHED,T1,none,ok,3,True,T1,True,0.6667,1.0,0.6667
R00370,5,UNTOUCHED,T1,none,ok,3,True,T1,True,0.6667,0.0833,0.08
R00370,6,UNTOUCHED,T1,none,ok,3,True,T1,True,0.7222,0.5417,0.4483
R00371,0,CLONE_INTERVAL,T3,t3_delete_statement,ok,1,True,T3,True,1.0,0.2174,0.2174
R00371,1,MUTATION,T3,t3_delete_statement,ok,5,True,T3,True,1.0,1.0,1.0
R00371,2,CLONE_INTERVAL,T3,t3_insert_statement,ok,1,True,T3,True,1.0,0.2609,0.2609
R00371,3,MUTATION,T3,t3_insert_statement,ok,5,True,T3,True,1.0,1.0,1.0
R00371,4,UNTOUCHED,T1,none,ok,5,True,T1,True,0.75,1.0,0.75
R00371,5,UNTOUCHED,T1,none,ok,5,True,T1,True,0.6667,0.4,0.3333
R00371,6,UNTOUCHED,T1,none,ok,5,True,T1,True,0.6667,1.0,0.6667
R00372,0,CLONE_INTERVAL,T1,t1_add_eol_comment,ok,6,True,T2,False,1.0,0.2,0.2
R00372,1,MUTATION,T1,t1_add_eol_comment,ok,8,False,,False,0.0,0.0,0.0
R00372,2,CLONE_INTERVAL,T2,t2_change_int_literal,ok,6,True,T2,True,1.0,0.3429,0.3429
R00372,3,MUTATION,T2,t2_change_int_literal,ok,8,True,T2,True,1.0,1.0,1.0
R00372,4,UNTOUCHED,T1,none,ok,8,True,T1,True,0.7143,0.4167,0.3571
R00372,5,UNTOUCHED,T1,none,ok,8,True,T1,True,0.6667,0.1667,0.1538
R00372,6,UNTOUCHED,T1,none,ok,8,True,T1,True,0.75,0.4286,0.375
R00373,0,CLONE_INTERVAL,T1,t1_add_eol_comment,ok,1,True,T1,True,1.0,0.0984,0.0984
R00373,1,MUTATION,T1,t1_add_eol_comment,ok,1,True,T1,True,1.0,0.02,0.02
R00373,2,CLONE_INTERVAL,T1,t1_add_block_comment,ok,1,True,T1,True,0.8571,0.0984,0.0968
R00373,3,MUTATION,T1,t1_add_block_comment,ok,1,False,,False,0.0,0.0,0.0
R00373,4,UNTOUCHED,T1,none,ok,1,True,T1,True,0.75,0.06,0.0588
R00373,5,UNTOUCHED,T1,none,ok,1,True,T1,True,0.6,0.12,0.1111
R00373,6,UNTOUCHED,T1,none,ok,1,True,T1,True,0.6,0.06,0.0577
R00373,7,UNTOUCHED,T1,none,ok,1,True,T1,True,0.7,0.14,0.1321
R00374,0,CLONE_INTERVAL,T1,t1_reindent,ok,1,True,T1,True,1.0,0.2222,0.2222
R00374,1,MUTATION,T1,t1_reindent,ok,1,True,T1,True,0.8333,0.2381,0.2273
R00374,2,CLONE_INTERVAL,T1,t1_add_eol_comment,ok,1,True,T1,True,1.0,0.2222,0.2222
R00374,3,MUTATION,T1,t1_add_eol_comment,ok,1,False,,False,0.0,0.0,0.0
R00374,4,UNTOUCHED,T1,none,ok,1,True,T1,True,0.6667,0.0952,0.0909
R00374,5,UNTOUCHED,T1,none,ok,1,True,T1,True,0.6667,0.0952,0.0909
R00374,6,UNTOUCHED,T1,none,ok,1,True,T1,True,0.6364,0.3333,0.28
R00375,0,CLONE_INTERVAL,T1,t1_reindent,ok,1,True,T1,True,1.0,0.3043,0.3043
R00375,1,MUTATION,T1,t1_reindent,ok,1,True,T1,True,0.7143,0.2778,0.25
R00375,2,CLONE_INTERVAL,T1,t1_add_blank_line,ok,1,True,T1,True,1.0,0.2727,0.2727
R00375,3,MUTATION,T1,t1_add_blank_line,ok,1,False,,False,0.0,0.0,0.0
R00375,4,UNTOUCHED,T1,none,ok,1,True,T1,True,0.8,0.2222,0.2105
R00375,5,UNTOUCHED,T1,none,ok,1,True,T1,True,0.6667,0.1111,0.1053
R00375,6,UNTOUCHED,T1,none,ok,1,True,T1,True,0.6667,0.1111,0.1053
R00376,0,CLONE_INTERVAL,T1,t1_reindent,ok,1,True,T3,False,1.0,0.1429,0.1429
R00376,1,MUTATION,T1,t1_reindent,ok,3,True,T1,True,1.0,0.3333,0.3333
R00376,2,CLONE_INTERVAL,T3,t3_wrap_statement,ok,1,True,T3,True,1.0,0.325,0.325
R00376,3,MUTATION,T3,t3_wrap_statement,ok,3,True,T3,True,1.0,1.0,1.0
R00376,4,UNTOUCHED,T1,none,ok,3,True,T1,True,0.6667,0.1111,0.1053
R00376,5,UNTOUCHED,T1,none,ok,3,True,T1,True,0.6923,0.5,0.4091
R00376,6,UNTOUCHED,T1,none,ok,3,True,T1,True,0.7143,0.3846,0.3333
R00377,0,CLONE_INTERVAL,T1,t1_add_blank_line,ok,1,True,T2,False,0.875,0.3043,0.2917
R00377,1,MUTATION,T1,t1_add_blank_line,ok,3,False,,False,0.0,0.0,0.0
R00377,2,CLONE_INTERVAL,T2,t2_change_int_literal,ok,1,True,T2,True,1.0,0.4783,0.4783
R00377,3,MUTATION,T2,t2_change_int_literal,ok,3,True,T2,True,1.0,1.0,1.0
R00377,4,UNTOUCHED,T1,none,ok,3,True,T1,True,0.75,0.3,0.2727
R00377,5,UNTOUCHED,T1,none,ok,3,True,T1,True,0.0625,0.1,0.04
R00377,6,UNTOUCHED,T1,none,ok,3,True,T1,True,0.3333,0.125,0.1
R00378,0,CLONE_INTERVAL,T2,t2_change_int_literal,ok,1,True,T2,True,1.0,0.125,0.125
R00378,1,MUTATION,T2,t2_change_int_literal,ok,5,True,T2,True,1.0,1.0,1.0
R00378,2,CLONE_INTERVAL,T2,t2_change_int_literal,ok,1,True,T2,True,1.0,0.125,0.125
R00378,3,MUTATION,T2,t2_change_int_literal,ok,5,True,T2,True,1.0,1.0,1.0
R00378,4,UNTOUCHED,T1,none,ok,5,True,T1,True,0.875,0.7,0.6364
R00378,5,UNTOUCHED,T1,none,ok,5,True,T1,True,0.6667,0.9091,0.625
R00378,6,UNTOUCHED,T1,none,ok,5,True,T1,True,0.6,0.75,0.5
R00379,0,CLONE_INTERVAL,T2,t2_change_string_literal,ok,1,True,T2,True,1.0,0.2766,0.2766
R00379,1,MUTATION,T2,t2_change_string_literal,ok,3,True,T2,True,1.0,1.0,1.0
R00379,2,CLONE_INTERVAL,T1,t1_add_eol_comment,ok,1,True,T2,False,1.0,0.1489,0.1489
R00379,3,MUTATION,T1,t1_add_eol_comment,ok,3,True,T1,True,1.0,0.05,0.05
R00379,4,UNTOUCHED,T1,none,ok,3,True,T1,True,0.5,0.3636,0.2667
R00379,5,UNTOUCHED,T1,none,ok,3,True,T1,True,0.5,0.4,0.2857
R00379,6,UNTOUCHED,T1,none,ok,3,True,T1,True,0.6,0.3,0.25
R00380,0,CLONE_INTERVAL,T1,t1_add_block_comment,ok,1,False,,False,0.2857,0.0606,0.0526
R00380,1,MUTATION,T1,t1_add_block_comment,ok,3,False,,False,0.0,0.0,0.0
R00380,2,CLONE_INTERVAL,T3,t3_insert_statement,ok,1,True,T3,True,1.0,0.2188,0.2188
R00380,3,MUTATION,T3,t3_insert_statement,ok,3,True,T3,True,1.0,1.0,1.0
R00380,4,UNTOUCHED,T1,none,ok,3,False,,False,0.0,0.0,0.0
R00380,5,UNTOUCHED,T1,none,ok,3,True,T1,True,0.7222,0.8125,0.619
R00380,6,UNTOUCHED,T1,none,ok,3,True,T1,True,0.7143,0.5556,0.4545
R00381,0,CLONE_INTERVAL,T3,t3_wrap_statement,ok,1,True,T3,True,1.0,0.1,0.1
R00381,1,MUTATION,T3,t3_wrap_statement,ok,5,True,T3,True,1.0,1.0,1.0
R00381,2,CLONE_INTERVAL,T3,t3_insert_statement,ok,1,True,T3,True,1.0,0.1,0.1
R00381,3,MUTATION,T3,t3_insert_statement,ok,5,True,T3,True,1.0,1.0,1.0
R00381,4,UNTOUCHED,T1,none,ok,5,True,T1,True,0.6667,0.1818,0.1667
R00381,5,UNTOUCHED,T1,none,ok,5,True,T1,True,0.6364,0.28,0.2414
R00381,6,UNTOUCHED,T1,none,ok,5,True,T1,True,0.6,0.12,0.1111
R00381,7,UNTOUCHED,T1,none,ok,5,True,T1,True,0.7,0.5,0.4118
R00382,0,CLONE_INTERVAL,T3,t3_insert_statement,ok,1,True,T3,True,1.0,0.1935,0.1935
R00382,1,MUTATION,T3,t3_insert_statement,ok,3,True,T3,True,1.0,1.0,1.0
R00382,2,CLONE_INTERVAL,T1,t1_add_eol_comment,ok,1,True,T3,False,1.0,0.375,0.375
R00382,3,MUTATION,T1,t1_add_eol_comment,ok,3,True,T1,True,1.0,0.0455,0.0455
R00382,4,UNTOUCHED,T1,none,ok,3,True,T1,True,0.6667,0.6667,0.5
R00382,5,UNTOUCHED,T1,none,ok,3,True,T1,True,1.0,0.1364,0.1364
R00382,6,UNTOUCHED,T1,none,ok,3,True,T1,True,0.5556,0.2273,0.1923
R00383,0,CLONE_INTERVAL,T2,t2_change_string_literal,ok,1,True,T2,True,1.0,0.2143,0.2143
R00383,1,MUTATION,T2,t2_change_string_literal,ok,3,True,T2,True,1.0,1.0,1.0
R00383,2,CLONE_INTERVAL,T1,t1_add_eol_comment,ok,1,True,T2,False,1.0,0.3929,0.3929
R00383,3,MUTATION,T1,t1_add_eol_comment,ok,3,True,T1,True,1.0,0.05,0.05
R00383,4,UNTOUCHED,T1,none,ok,3,True,T1,True,0.6667,1.0,0.6667
R00383,5,UNTOUCHED,T1,none,ok,3,True,T1,True,0.75,0.15,0.1429
R00383,6,UNTOUCHED,T1,none,ok,3,True,T1,True,0.7143,0.25,0.2273
R00384,0,CLONE_INTERVAL,T1,t1_add_block_comment,ok,1,True,T1,True,1.0,0.2222,0.2222
R00384,1,MUTATION,T1,t1_add_block_comment,ok,1,False,,False,0.0,0.0,0.0
R00384,2,CLONE_INTERVAL,T1,t1_add_block_comment,ok,1,True,T1,True,1.0,0.2593,0.2593
R00384,3,MUTATION,T1,t1_add_block_comment,ok,1,False,,False,0.0,0.0,0.0
R00384,4,UNTOUCHED,T1,none,ok,1,True,T1,True,0.875,0.3333,0.3182
R00384,5,UNTOUCHED,T1,none,ok,1,True,T1,True,0.75,0.1429,0.1364
R00384,6,UNTOUCHED,T1,none,ok,1,True,T1,True,0.5,0.0952,0.087
R00385,0,CLONE_INTERVAL,T2,t2_change_string_literal,ok,1,False,,False,0.3333,0.0909,0.0769
R00385,1,MUTATION,T2,t2_change_string_literal,ok,7,True,T2,True,1.0,1.0,1.0
R00385,2,CLONE_INTERVAL,T2,t2_rename_local,ok,1,True,T2,True,1.0,0.5909,0.5909
R00385,3,MUTATION,T2,t2_rename_local,ok,7,True,T2,True,1.0,1.0,1.0
R00385,3,MUTATION,T2,t2_rename_local,ok,7,True,T2,True,1.0,1.0,1.0
R00385,5,UNTOUCHED,T1,none,ok,7,True,T1,True,0.6667,1.0,0.6667
R00385,6,UNTOUCHED,T1,none,ok,7,True,T1,True,0.4,0.8,0.3636
R00385,7,UNTOUCHED,T1,none,ok,7,True,T1,True,0.0714,0.3333,0.0625
R00386,0,CLONE_INTERVAL,T3,t3_insert_statement,ok,2,True,T3,True,0.8333,0.2,0.1923
R00386,1,MUTATION,T3,t3_insert_statement,ok,4,True,T3,True,1.0,1.0,1.0
R00386,2,CLONE_INTERVAL,T2,t2_change_int_literal,ok,2,False,,False,0.0,0.0,0.0
R00386,3,MUTATION,T2,t2_change_int_literal,ok,4,False,,False,0.0,0.0,0.0
R00386,4,UNTOUCHED,T1,none,ok,4,True,T1,True,0.75,0.6,0.5
R00386,5,UNTOUCHED,T1,none,ok,4,True,T1,True,0.7143,0.2941,0.2632
R00386,6,UNTOUCHED,T1,none,ok,4,False,,False,0.0,0.0,0.0
R00386,7,UNTOUCHED,T1,none,ok,4,False,,False,0.0,0.0,0.0
R00387,0,CLONE_INTERVAL,T3,t3_delete_statement,ok,1,True,T3,True,1.0,0.1316,0.1316
R00387,1,MUTATION,T3,t3_delete_statement,ok,4,True,T2,False,1.0,0.05,0.05
R00387,2,CLONE_INTERVAL,T2,t2_change_string_literal,ok,1,True,T3,False,1.0,0.1538,0.1538
R00387,3,MUTATION,T2,t2_change_string_literal,ok,4,True,T2,True,1.0,0.05,0.05
R00387,4,UNTOUCHED,T1,none,ok,4,True,T1,True,0.6667,0.4444,0.3636
R00387,5,UNTOUCHED,T1,none,ok,4,True,T2,False,1.0,0.2,0.2
R00387,6,UNTOUCHED,T1,none,ok,4,True,T2,False,0.8182,0.45,0.4091
R00388,0,CLONE_INTERVAL,T1,t1_add_eol_comment,ok,1,True,T2,False,0.8333,0.1163,0.1136
R00388,1,MUTATION,T1,t1_add_eol_comment,ok,3,True,T1,True,1.0,0.0625,0.0625
R00388,2,CLONE_INTERVAL,T2,t2_change_string_literal,ok,1,True,T2,True,1.0,0.1395,0.1395
R00388,3,MUTATION,T2,t2_change_string_literal,ok,3,True,T2,True,1.0,1.0,1.0
R00388,4,UNTOUCHED,T1,none,ok,3,True,T1,True,0.625,0.3125,0.2632
R00388,5,UNTOUCHED,T1,none,ok,3,True,T1,True,0.7143,0.3125,0.2778
R00388,6,UNTOUCHED,T1,none,ok,3,True,T1,True,0.5652,0.8667,0.52
R00389,0,CLONE_INTERVAL,T1,t1_add_eol_comment,ok,1,True,T1,True,1.0,0.4,0.4
R00389,1,MUTATION,T1,t1_add_eol_comment,ok,1,True,T1,True,1.0,0.0588,0.0588
R00389,2,CLONE_INTERVAL,T1,t1_reindent,ok,1,True,T1,True,1.0,0.3,0.3
R00389,3,MUTATION,T1,t1_reindent,ok,1,True,T1,True,0.8333,0.2941,0.2778
R00389,4,UNTOUCHED,T1,none,ok,1,True,T1,True,0.6667,0.1176,0.1111
R00389,5,UNTOUCHED,T1,none,ok,1,True,T1,True,0.6667,0.1176,0.1111
R00389,6,UNTOUCHED,T1,none,ok,1,True,T1,True,0.3333,0.0588,0.0526
R00390,0,CLONE_INTERVAL,T1,t1_add_block_comment,ok,1,True,T3,False,1.0,0.1964,0.1964
R00390,1,MUTATION,T1,t1_add_block_comment,ok,3,False,,False,0.0,0.0,0.0
R00390,2,CLONE_INTERVAL,T3,t3_delete_statement,ok,1,True,T3,True,1.0,0.0893,0.0893
R00390,3,MUTATION,T3,t3_delete_statement,ok,3,True,T3,True,1.0,1.0,1.0
R00390,4,UNTOUCHED,T1,none,ok,3,False,,False,0.0,0.0,0.0
R00390,5,UNTOUCHED,T1,none,ok,3,True,T1,True,0.6842,0.3333,0.2889
R00390,6,UNTOUCHED,T1,none,ok,3,True,T1,True,0.8333,0.1282,0.125
R00390,7,UNTOUCHED,T1,none,ok,3,True,T1,True,0.5714,1.0,0.5714
R00391,0,CLONE_INTERVAL,T1,t1_reindent,ok,1,True,T1,True,1.0,0.2069,0.2069
R00391,1,MUTATION,T1,t1_reindent,ok,1,True,T1,True,0.6667,0.2,0.1818
R00391,2,CLONE_INTERVAL,T1,t1_add_eol_comment,ok,1,True,T1,True,0.8333,0.1724,0.1667
R00391,3,MUTATION,T1,t1_add_eol_comment,ok,1,True,T1,True,1.0,0.05,0.05
R00391,4,UNTOUCHED,T1,none,ok,1,False,,False,0.0,0.0,0.0
R00391,5,UNTOUCHED,T1,none,ok,1,True,T1,True,0.3333,0.05,0.0455
R00391,6,UNTOUCHED,T1,none,ok,1,False,,False,0.0,0.0,0.0
R00391,7,UNTOUCHED,T1,none,ok,1,True,T1,True,0.5,0.15,0.1304
R00392,0,CLONE_INTERVAL,T3,t3_wrap_statement,ok,1,True,T3,True,1.0,0.3158,0.3158
R00392,1,MUTATION,T3,t3_wrap_statement,ok,7,True,T3,True,1.0,1.0,1.0
R00392,2,CLONE_INTERVAL,T2,t2_change_int_literal,ok,1,True,T3,False,1.0,0.2857,0.2857
R00392,3,MUTATION,T2,t2_change_int_literal,ok,7,True,T2,True,1.0,1.0,1.0
R00392,4,UNTOUCHED,T1,none,ok,7,True,T1,True,0.6667,1.0,0.6667
R00392,5,UNTOUCHED,T1,none,ok,7,True,T1,True,1.0,0.6,0.6
R00392,6,UNTOUCHED,T1,none,ok,7,True,T1,True,0.6667,0.2857,0.25
R00393,0,CLONE_INTERVAL,T3,t3_insert_statement,ok,1,True,T3,True,1.0,0.2308,0.2308
R00393,1,MUTATION,T3,t3_insert_statement,ok,3,True,T3,True,1.0,1.0,1.0
R00393,2,CLONE_INTERVAL,T1,t1_add_blank_line,ok,1,False,,False,0.5556,0.1852,0.1613
R00393,3,MUTATION,T1,t1_add_blank_line,ok,3,False,,False,0.0,0.0,0.0
R00393,4,UNTOUCHED,T1,none,ok,3,True,T1,True,0.6667,0.4,0.3333
R00393,5,UNTOUCHED,T1,none,ok,3,True,T1,True,0.625,0.3846,0.3125
R00393,6,UNTOUCHED,T1,none,ok,3,True,T1,True,0.3,0.2308,0.15
R00394,0,CLONE_INTERVAL,T2,t2_change_string_literal,ok,2,True,T2,True,1.0,0.3793,0.3793
R00394,1,MUTATION,T2,t2_change_string_literal,ok,4,True,T2,True,1.0,1.0,1.0
R00394,2,CLONE_INTERVAL,T2,t2_change_int_literal,ok,2,False,,False,0.0,0.0,0.0
R00394,3,MUTATION,T2,t2_change_int_literal,ok,4,False,,False,0.0,0.0,0.0
R00394,4,UNTOUCHED,T1,none,ok,4,True,T1,True,0.8,0.8,0.6667
R00394,5,UNTOUCHED,T1,none,ok,4,True,T1,True,0.6667,0.1176,0.1111
R00394,6,UNTOUCHED,T1,none,ok,4,False,,False,0.0,0.0,0.0
R00394,7,UNTOUCHED,T1,none,ok,4,False,,False,0.0,0.0,0.0
R00395,0,CLONE_INTERVAL,T1,t1_add_blank_line,ok,4,True,T1,True,0.9167,0.6471,0.6111
R00395,1,MUTATION,T1,t1_add_blank_line,ok,4,False,,False,0.0,0.0,0.0
R00395,2,CLONE_INTERVAL,T1,t1_add_blank_line,ok,4,True,T1,True,1.0,0.36,0.36
R00395,3,MUTATION,T1,t1_add_blank_line,ok,4,False,,False,0.0,0.0,0.0
R00395,4,UNTOUCHED,T1,none,ok,4,True,T1,True,0.8,0.2857,0.2667
R00395,5,UNTOUCHED,T1,none,ok,4,True,T1,True,0.6667,0.1429,0.1333
R00395,6,UNTOUCHED,T1,none,ok,4,True,T1,True,0.44,0.5789,0.3333
R00395,7,UNTOUCHED,T1,none,ok,4,True,T1,True,0.6667,0.1053,0.1
R00396,0,CLONE_INTERVAL,T3,t3_insert_statement,ok,1,True,T3,True,1.0,0.2059,0.2059
R00396,1,MUTATION,T3,t3_insert_statement,ok,3,True,T3,True,1.0,1.0,1.0
R00396,2,CLONE_INTERVAL,T1,t1_reindent,ok,1,True,T3,False,1.0,0.2059,0.2059
R00396,3,MUTATION,T1,t1_reindent,ok,3,True,T1,True,0.7143,0.3125,0.2778
R00396,4,UNTOUCHED,T1,none,ok,3,True,T1,True,0.6667,0.2857,0.25
R00396,5,UNTOUCHED,T1,none,ok,3,True,T1,True,0.7143,0.3125,0.2778
R00396,6,UNTOUCHED,T1,none,ok,3,True,T1,True,0.5455,0.375,0.2857
R00397,0,CLONE_INTERVAL,T2,t2_change_int_literal,ok,2,True,T2,True,1.0,0.0588,0.0588
R00397,1,MUTATION,T2,t2_change_int_literal,ok,4,True,T2,True,1.0,1.0,1.0
R00397,2,CLONE_INTERVAL,T1,t1_add_blank_line,ok,2,True,T2,False,0.8,0.0784,0.0769
R00397,3,MUTATION,T1,t1_add_blank_line,ok,4,False,,False,0.0,0.0,0.0
R00397,4,UNTOUCHED,T1,none,ok,4,True,T1,True,0.6667,1.0,0.6667
R00397,5,UNTOUCHED,T1,none,ok,4,True,T1,True,0.625,0.0595,0.0575
R00397,6,UNTOUCHED,T1,none,ok,4,True,T1,True,0.5,0.0238,0.0233
R00397,7,UNTOUCHED,T1,none,ok,4,True,T1,True,0.7,0.0833,0.0805
R00398,0,CLONE_INTERVAL,T2,t2_rename_local,ok,1,True,T3,False,1.0,0.2069,0.2069
R00398,1,MUTATION,T2,t2_rename_local,ok,7,True,T1,False,0.6667,1.0,0.6667
R00398,3,CLONE_INTERVAL,T3,t3_delete_statement,ok,1,True,T3,True,0.8,0.1429,0.1379
R00398,4,MUTATION,T3,t3_delete_statement,ok,7,True,T3,True,1.0,1.0,1.0
R00398,5,UNTOUCHED,T1,none,ok,7,True,T1,True,0.6667,1.0,0.6667
R00398,6,UNTOUCHED,T1,none,ok,7,True,T1,True,0.6667,0.8,0.5714
R00398,7,UNTOUCHED,T1,none,ok,7,True,T1,True,0.6667,0.6667,0.5
R00399,0,CLONE_INTERVAL,T3,t3_delete_statement,ok,1,True,T3,True,0.8182,0.25,0.25
R00399,1,MUTATION,T3,t3_delete_statement,ok,5,True,T3,True,0.3333,1.0,0.3333
R00399,2,CLONE_INTERVAL,T3,t3_insert_statement,ok,1,True,T3,True,1.0,0.2812,0.2812
R00399,3,MUTATION,T3,t3_insert_statement,ok,5,True,T3,True,1.0,1.0,1.0
R00399,4,UNTOUCHED,T1,none,ok,5,True,T1,True,0.6667,0.6667,0.5
R00399,5,UNTOUCHED,T1,none,ok,5,True,T1,True,0.6,0.2,0.1765
R00399,6,UNTOUCHED,T1,none,ok,5,True,T1,True,0.6667,0.5714,0.4444
R00400,0,CLONE_INTERVAL,T1,t1_add_blank_line,ok,1,True,T3,False,1.0,0.3846,0.3846
R00400,1,MUTATION,T1,t1_add_blank_line,ok,3,False,,False,0.0,0.0,0.0
R00400,2,CLONE_INTERVAL,T3,t3_delete_statement,ok,1,True,T3,True,1.0,0.1923,0.1923
R00400,3,MUTATION,T3,t3_delete_statement,ok,3,True,T3,True,1.0,1.0,1.0
R00400,4,UNTOUCHED,T1,none,ok,3,True,T1,True,0.75,0.1765,0.1667
R00400,5,UNTOUCHED,T1,none,ok,3,True,T1,True,0.8,0.2353,0.2222
R00400,6,UNTOUCHED,T1,none,ok,3,True,T1,True,0.5,1.0,0.5
R00401,0,CLONE_INTERVAL,T3,t3_insert_statement,ok,1,True,T3,True,1.0,0.1224,0.1224
R00401,1,MUTATION,T3,t3_insert_statement,ok,5,True,T3,True,1.0,1.0,1.0
R00401,2,CLONE_INTERVAL,T3,t3_insert_statement,ok,1,True,T3,True,1.0,0.2128,0.2128
R00401,3,MUTATION,T3,t3_insert_statement,ok,5,True,T3,True,1.0,1.0,1.0
R00401,4,UNTOUCHED,T1,none,ok,5,True,T1,True,0.8571,0.5455,0.5
R00401,5,UNTOUCHED,T1,none,ok,5,True,T1,True,0.8667,0.8125,0.7222
R00401,6,UNTOUCHED,T1,none,ok,5,True,T1,True,0.5455,0.6667,0.4286
R00402,0,CLONE_INTERVAL,T1,t1_add_blank_line,ok,1,True,T2,False,1.0,0.2143,0.2143
R00402,1,MUTATION,T1,t1_add_blank_line,ok,3,False,,False,0.0,0.0,0.0
R00402,2,CLONE_INTERVAL,T2,t2_change_string_literal,ok,1,True,T2,True,1.0,0.2069,0.2069
R00402,3,MUTATION,T2,t2_change_string_literal,ok,3,True,T2,True,1.0,1.0,1.0
R00402,4,UNTOUCHED,T1,none,ok,3,True,T1,True,0.625,0.4167,0.3333
R00402,5,UNTOUCHED,T1,none,ok,3,True,T1,True,0.5,0.1667,0.1429
R00402,6,UNTOUCHED,T1,none,ok,3,True,T1,True,0.5,0.75,0.4286
R00403,0,CLONE_INTERVAL,T2,t2_rename_local,ok,2,True,T2,True,1.0,0.2917,0.2917
R00403,1,MUTATION,T2,t2_rename_local,ok,6,True,T2,True,0.5,1.0,0.5
R00403,3,CLONE_INTERVAL,T2,t2_rename_local,ok,2,False,,False,0.0,0.0,0.0
R00403,4,MUTATION,T2,t2_rename_local,ok,6,False,,False,0.0,0.0,0.0
R00403,5,UNTOUCHED,T1,none,ok,6,True,T1,True,0.75,1.0,0.75
R00403,6,UNTOUCHED,T1,none,ok,6,True,T1,True,0.6667,0.1667,0.1538
R00403,7,UNTOUCHED,T1,none,ok,6,False,,False,0.0,0.0,0.0
R00403,8,UNTOUCHED,T1,none,ok,6,False,,False,0.0,0.0,0.0
R00404,0,CLONE_INTERVAL,T1,t1_add_blank_line,ok,1,True,T2,False,0.8571,0.1538,0.15
R00404,1,MUTATION,T1,t1_add_blank_line,ok,3,False,,False,0.0,0.0,0.0
R00404,2,CLONE_INTERVAL,T2,t2_change_string_literal,ok,1,True,T2,True,0.75,0.1538,0.1463
R00404,3,MUTATION,T2,t2_change_string_literal,ok,3,True,T2,True,1.0,1.0,1.0
R00404,4,UNTOUCHED,T1,none,ok,3,True,T1,True,0.8,0.1481,0.1429
R00404,5,UNTOUCHED,T1,none,ok,3,True,T1,True,0.6818,0.5556,0.4412
R00404,6,UNTOUCHED,T1,none,ok,3,True,T1,True,0.375,0.5,0.2727
R00405,0,CLONE_INTERVAL,T2,t2_rename_local,ok,1,False,,False,0.0,0.0,0.0
R00405,1,MUTATION,T2,t2_rename_local,ok,3,False,,False,0.0,0.0,0.0
R00405,3,CLONE_INTERVAL,T3,t3_insert_statement,ok,1,True,T3,True,1.0,0.1029,0.1029
R00405,4,MUTATION,T3,t3_insert_statement,ok,3,True,T3,True,1.0,1.0,1.0
R00405,5,UNTOUCHED,T1,none,ok,3,False,,False,0.0,0.0,0.0
R00405,6,UNTOUCHED,T1,none,ok,3,False,,False,0.0,0.0,0.0
R00405,7,UNTOUCHED,T1,none,ok,3,True,T1,True,0.7143,0.1136,0.1087
R00405,8,UNTOUCHED,T1,none,ok,3,True,T1,True,0.6667,0.8889,0.6154
R00406,0,CLONE_INTERVAL,T1,t1_add_block_comment,ok,1,True,T1,True,1.0,0.0976,0.0976
R00406,1,MUTATION,T1,t1_add_block_comment,ok,1,True,T1,True,1.0,0.0098,0.0098
R00406,2,CLONE_INTERVAL,T1,t1_add_blank_line,ok,1,True,T1,True,1.0,0.0894,0.0894
R00406,3,MUTATION,T1,t1_add_blank_line,ok,1,True,T1,True,1.0,0.0098,0.0098
R00406,4,UNTOUCHED,T1,none,ok,1,True,T1,True,0.7,0.0686,0.0667
R00406,5,UNTOUCHED,T1,none,ok,1,True,T1,True,0.7059,0.1176,0.1121
R00406,6,UNTOUCHED,T1,none,ok,1,True,T1,True,0.875,0.0686,0.068
R00406,7,UNTOUCHED,T1,none,ok,1,True,T1,True,0.6667,0.0196,0.0194
R00407,0,CLONE_INTERVAL,T2,t2_rename_local,ok,1,True,T2,True,1.0,0.1667,0.1667
R00407,1,MUTATION,T2,t2_rename_local,ok,3,True,T2,True,0.8333,1.0,0.8333
R00407,3,CLONE_INTERVAL,T1,t1_add_blank_line,ok,1,True,T2,False,1.0,0.2553,0.2553
R00407,4,MUTATION,T1,t1_add_blank_line,ok,3,True,T1,True,1.0,0.037,0.037
R00407,5,UNTOUCHED,T1,none,ok,3,True,T1,True,0.75,1.0,0.75
R00407,6,UNTOUCHED,T1,none,ok,3,True,T1,True,1.0,0.1481,0.1481
R00407,7,UNTOUCHED,T1,none,ok,3,True,T1,True,0.5714,0.4444,0.3333
R00408,0,CLONE_INTERVAL,T1,t1_reindent,ok,2,True,T2,False,0.875,0.0745,0.0737
R00408,1,MUTATION,T1,t1_reindent,ok,4,True,T1,True,0.75,0.0968,0.0938
R00408,3,CLONE_INTERVAL,T2,t2_change_int_literal,ok,2,True,T2,True,1.0,0.0638,0.0638
R00408,4,MUTATION,T2,t2_change_int_literal,ok,4,True,T2,True,1.0,1.0,1.0
R00408,5,UNTOUCHED,T1,none,ok,4,True,T1,True,0.6,0.0484,0.0469
R00408,6,UNTOUCHED,T1,none,ok,4,True,T1,True,0.7,0.1129,0.1077
R00408,7,UNTOUCHED,T1,none,ok,4,True,T1,True,0.625,0.0806,0.0769
R00408,8,UNTOUCHED,T1,none,ok,4,True,T1,True,0.6667,0.3158,0.2727
R00409,0,CLONE_INTERVAL,T3,t3_insert_statement,ok,1,True,T3,True,1.0,0.2,0.2
R00409,1,MUTATION,T3,t3_insert_statement,ok,5,True,T3,True,1.0,1.0,1.0
R00409,2,CLONE_INTERVAL,T3,t3_delete_statement,ok,1,True,T3,True,1.0,0.1556,0.1556
R00409,3,MUTATION,T3,t3_delete_statement,ok,5,True,T3,True,1.0,1.0,1.0
R00409,4,UNTOUCHED,T1,none,ok,5,True,T1,True,0.5,0.3333,0.25
R00409,5,UNTOUCHED,T1,none,ok,5,True,T1,True,1.0,1.0,1.0
R00409,6,UNTOUCHED,T1,none,ok,5,True,T1,True,0.0455,0.04,0.0217
R00410,0,CLONE_INTERVAL,T2,t2_change_string_literal,ok,1,True,T2,True,1.0,0.2,0.2
R00410,1,MUTATION,T2,t2_change_string_literal,ok,3,True,T2,True,1.0,1.0,1.0
R00410,2,CLONE_INTERVAL,T1,t1_reindent,ok,1,True,T2,False,1.0,0.4333,0.4333
R00410,3,MUTATION,T1,t1_reindent,ok,3,True,T1,True,0.6923,0.5,0.4091
R00410,4,UNTOUCHED,T1,none,ok,3,True,T1,True,0.6667,0.5,0.4
R00410,5,UNTOUCHED,T1,none,ok,3,True,T1,True,0.7143,0.2778,0.25
R00410,6,UNTOUCHED,T1,none,ok,3,True,T1,True,0.6667,0.1111,0.1053
R00411,0,CLONE_INTERVAL,T2,t2_change_int_literal,ok,1,True,T2,True,1.0,0.2308,0.2308
R00411,1,MUTATION,T2,t2_change_int_literal,ok,3,True,T2,True,1.0,1.0,1.0
R00411,2,CLONE_INTERVAL,T1,t1_add_block_comment,ok,1,True,T2,False,1.0,0.24,0.24
R00411,3,MUTATION,T1,t1_add_block_comment,ok,3,False,,False,0.0,0.0,0.0
R00411,4,UNTOUCHED,T1,none,ok,3,True,T1,True,0.8571,0.8571,0.75
R00411,5,UNTOUCHED,T1,none,ok,3,True,T1,True,0.75,0.2143,0.2
R00411,6,UNTOUCHED,T1,none,ok,3,True,T1,True,0.4286,0.2143,0.1667
R00412,0,CLONE_INTERVAL,T2,t2_change_int_literal,ok,1,True,T2,True,1.0,0.2188,0.2188
R00412,1,MUTATION,T2,t2_change_int_literal,ok,3,True,T2,True,1.0,1.0,1.0
R00412,2,CLONE_INTERVAL,T1,t1_add_blank_line,ok,1,True,T2,False,1.0,0.3871,0.3871
R00412,3,MUTATION,T1,t1_add_blank_line,ok,3,True,T1,True,1.0,0.05,0.05
R00412,4,UNTOUCHED,T1,none,ok,3,True,T1,True,0.6667,1.0,0.6667
R00412,5,UNTOUCHED,T1,none,ok,3,True,T1,True,0.8,0.2,0.1905
R00412,6,UNTOUCHED,T1,none,ok,3,True,T1,True,0.5,0.15,0.1304
R00413,0,CLONE_INTERVAL,T2,t2_change_string_literal,ok,1,True,T3,False,1.0,0.381,0.381
R00413,1,MUTATION,T2,t2_change_string_literal,ok,5,True,T2,True,1.0,1.0,1.0
R00413,2,CLONE_INTERVAL,T3,t3_insert_statement,ok,1,True,T3,True,1.0,0.2439,0.2439
R00413,3,MUTATION,T3,t3_insert_statement,ok,5,True,T3,True,1.0,1.0,1.0
R00413,4,UNTOUCHED,T1,none,ok,5,True,T1,True,0.8333,0.4545,0.4167
R00413,5,UNTOUCHED,T1,none,ok,5,True,T1,True,0.6,0.2308,0.2
R00413,6,UNTOUCHED,T1,none,ok,5,True,T1,True,0.5,0.5,0.3333
R00414,0,CLONE_INTERVAL,T1,t1_reindent,ok,3,True,T1,True,1.0,0.2222,0.2222
R00414,1,MUTATION,T1,t1_reindent,ok,5,True,T1,True,0.6667,0.1905,0.1739
R00414,2,CLONE_INTERVAL,T2,t2_rename_local,ok,3,True,T2,True,1.0,0.2258,0.2258
R00414,3,MUTATION,T2,t2_rename_local,ok,5,True,T2,True,1.0,1.0,1.0
R00414,4,UNTOUCHED,T1,none,ok,5,True,T1,True,0.6667,0.0952,0.0909
R00414,5,UNTOUCHED,T1,none,ok,5,True,T1,True,0.6667,0.0952,0.0909
R00414,6,UNTOUCHED,T1,none,ok,5,True,T1,True,0.6429,0.5294,0.4091
R00414,7,UNTOUCHED,T1,none,ok,5,True,T1,True,0.75,0.75,0.6
R00415,0,CLONE_INTERVAL,T2,t2_change_int_literal,ok,1,True,T2,True,1.0,0.2812,0.2812
R00415,1,MUTATION,T2,t2_change_int_literal,ok,5,True,T2,True,1.0,1.0,1.0
R00415,2,CLONE_INTERVAL,T2,t2_change_int_literal,ok,1,True,T2,True,1.0,0.2812,0.2812
R00415,3,MUTATION,T2,t2_change_int_literal,ok,5,True,T2,True,1.0,1.0,1.0
R00415,4,UNTOUCHED,T1,none,ok,5,True,T1,True,0.75,0.4286,0.375
R00415,5,UNTOUCHED,T1,none,ok,5,True,T1,True,0.7143,0.5556,0.4545
R00415,6,UNTOUCHED,T1,none,ok,5,True,T1,True,0.5,0.4286,0.3
R00416,0,CLONE_INTERVAL,T3,t3_delete_statement,ok,1,True,T3,True,1.0,0.1613,0.1613
R00416,1,MUTATION,T3,t3_delete_statement,ok,6,True,T2,False,1.0,1.0,1.0
R00416,2,CLONE_INTERVAL,T2,t2_change_string_literal,ok,1,True,T3,False,1.0,0.2812,0.2812
R00416,3,MUTATION,T2,t2_change_string_literal,ok,6,True,T2,True,1.0,1.0,1.0
R00416,4,UNTOUCHED,T1,none,ok,6,True,T1,True,0.8333,1.0,0.8333
R00416,5,UNTOUCHED,T1,none,ok,6,True,T1,True,0.7,0.5385,0.4375
R00416,6,UNTOUCHED,T1,none,ok,6,True,T1,True,0.6667,0.4,0.3333
R00417,0,CLONE_INTERVAL,T3,t3_wrap_statement,ok,1,True,T3,True,1.0,0.3636,0.3636
R00417,1,MUTATION,T3,t3_wrap_statement,ok,5,True,T3,True,1.0,1.0,1.0
R00417,2,CLONE_INTERVAL,T3,t3_wrap_statement,ok,1,True,T3,True,1.0,0.2727,0.2727
R00417,3,MUTATION,T3,t3_wrap_statement,ok,5,True,T3,True,1.0,1.0,1.0
R00417,4,UNTOUCHED,T1,none,ok,5,True,T1,True,0.6667,1.0,0.6667
R00417,5,UNTOUCHED,T1,none,ok,5,True,T1,True,0.6667,0.2222,0.2
R00417,6,UNTOUCHED,T1,none,ok,5,True,T1,True,0.5,0.3333,0.25
R00418,0,CLONE_INTERVAL,T1,t1_add_eol_comment,ok,2,True,T3,False,0.8333,0.1389,0.1351
R00418,1,MUTATION,T1,t1_add_eol_comment,ok,4,True,T1,True,1.0,0.1,0.1
R00418,2,CLONE_INTERVAL,T3,t3_insert_statement,ok,2,True,T3,True,1.0,0.1714,0.1714
R00418,3,MUTATION,T3,t3_insert_statement,ok,4,True,T3,True,1.0,1.0,1.0
R00418,4,UNTOUCHED,T1,none,ok,4,True,T1,True,0.3333,0.1,0.0833
R00418,5,UNTOUCHED,T1,none,ok,4,True,T1,True,0.3333,0.1,0.0833
R00418,6,UNTOUCHED,T1,none,ok,4,True,T1,True,0.6667,0.2,0.1818
R00418,7,UNTOUCHED,T1,none,ok,4,True,T1,True,0.6667,0.3158,0.2727
R00419,0,CLONE_INTERVAL,T1,t1_add_block_comment,ok,1,True,T3,False,1.0,0.1034,0.1034
R00419,1,MUTATION,T1,t1_add_block_comment,ok,3,False,,False,0.0,0.0,0.0
R00419,2,CLONE_INTERVAL,T3,t3_insert_statement,ok,1,True,T3,True,1.0,0.3333,0.3333
R00419,3,MUTATION,T3,t3_insert_statement,ok,3,True,T3,True,1.0,1.0,1.0
R00419,4,UNTOUCHED,T1,none,ok,3,True,T1,True,0.8,0.1538,0.1481
R00419,5,UNTOUCHED,T1,none,ok,3,True,T1,True,1.0,0.1154,0.1154
R00419,6,UNTOUCHED,T1,none,ok,3,True,T1,True,0.5769,1.0,0.5769
R00420,0,CLONE_INTERVAL,T1,t1_add_blank_line,ok,1,True,T3,False,1.0,0.2609,0.2609
R00420,1,MUTATION,T1,t1_add_blank_line,ok,3,False,,False,0.0,0.0,0.0
R00420,2,CLONE_INTERVAL,T3,t3_insert_statement,ok,1,True,T3,True,1.0,0.32,0.32
R00420,3,MUTATION,T3,t3_insert_statement,ok,3,True,T3,True,1.0,1.0,1.0
R00420,4,UNTOUCHED,T1,none,ok,3,True,T1,True,0.75,0.1875,0.1765
R00420,5,UNTOUCHED,T1,none,ok,3,True,T1,True,0.6667,0.125,0.1176
R00420,6,UNTOUCHED,T1,none,ok,3,True,T1,True,0.5,0.125,0.1111
R00420,7,UNTOUCHED,T1,none,ok,3,True,T1,True,0.3333,1.0,0.3333
R00421,0,CLONE_INTERVAL,T1,t1_add_eol_comment,ok,1,True,T1,True,1.0,0.0659,0.0659
R00421,1,MUTATION,T1,t1_add_eol_comment,ok,1,True,T1,True,1.0,0.0137,0.0137
R00421,2,CLONE_INTERVAL,T1,t1_add_block_comment,ok,1,True,T1,True,1.0,0.0667,0.0667
R00421,3,MUTATION,T1,t1_add_block_comment,ok,1,False,,False,0.0,0.0,0.0
R00421,4,UNTOUCHED,T1,none,ok,1,True,T1,True,0.6,0.0411,0.04
R00421,5,UNTOUCHED,T1,none,ok,1,True,T1,True,0.7,0.0959,0.0921
R00421,6,UNTOUCHED,T1,none,ok,1,True,T1,True,0.6,0.0411,0.04
R00421,7,UNTOUCHED,T1,none,ok,1,True,T1,True,0.7,0.0959,0.0921
R00422,0,CLONE_INTERVAL,T1,t1_add_block_comment,ok,1,True,T3,False,0.8571,0.25,0.24
R00422,1,MUTATION,T1,t1_add_block_comment,ok,3,True,T1,True,1.0,0.0588,0.0588
R00422,2,CLONE_INTERVAL,T3,t3_delete_statement,ok,1,True,T3,True,1.0,0.2083,0.2083
R00422,3,MUTATION,T3,t3_delete_statement,ok,3,True,T3,True,1.0,1.0,1.0
R00422,4,UNTOUCHED,T1,none,ok,3,True,T1,True,0.75,0.1765,0.1667
R00422,5,UNTOUCHED,T1,none,ok,3,True,T1,True,0.8,0.2353,0.2222
R00422,6,UNTOUCHED,T1,none,ok,3,True,T1,True,0.8,1.0,0.8
R00423,0,CLONE_INTERVAL,T2,t2_rename_local,ok,2,True,T2,True,0.8571,0.2308,0.2222
R00423,1,MUTATION,T2,t2_rename_local,ok,4,True,T1,False,0.8333,0.3571,0.3333
R00423,1,MUTATION,T2,t2_rename_local,ok,4,False,,False,0.0,0.0,0.0
R00423,3,CLONE_INTERVAL,T1,t1_reindent,ok,2,True,T2,False,1.0,0.3077,0.3077
R00423,4,MUTATION,T1,t1_reindent,ok,4,True,T1,True,0.625,0.3571,0.2941
R00423,6,UNTOUCHED,T1,none,ok,4,True,T1,True,0.6,0.6,0.4286
R00423,7,UNTOUCHED,T1,none,ok,4,True,T1,True,0.3333,0.0714,0.0625
R00423,8,UNTOUCHED,T1,none,ok,4,True,T1,True,0.75,0.2143,0.2
R00423,9,UNTOUCHED,T1,none,ok,4,True,T1,True,0.625,0.3571,0.2941
R00424,0,CLONE_INTERVAL,T3,t3_insert_statement,ok,7,True,T3,True,1.0,0.7,0.7
R00424,1,MUTATION,T3,t3_insert_statement,ok,9,True,T3,True,1.0,1.0,1.0
R00424,2,CLONE_INTERVAL,T1,t1_add_block_comment,ok,7,True,T1,True,0.8571,0.1714,0.1667
R00424,3,MUTATION,T1,t1_add_block_comment,ok,9,False,,False,0.0,0.0,0.0
R00424,4,UNTOUCHED,T1,none,ok,9,True,T1,True,0.1667,0.5,0.1429
R00424,5,UNTOUCHED,T1,none,ok,9,True,T1,True,0.5,0.2308,0.1875
R00424,6,UNTOUCHED,T1,none,ok,9,True,T1,True,0.7143,0.3704,0.3226
R00424,7,UNTOUCHED,T1,none,ok,9,True,T1,True,0.7059,0.4444,0.375
R00425,0,CLONE_INTERVAL,T3,t3_wrap_statement,ok,1,True,T3,True,1.0,0.4615,0.4615
R00425,1,MUTATION,T3,t3_wrap_statement,ok,5,True,T3,True,1.0,1.0,1.0
R00425,2,CLONE_INTERVAL,T2,t2_change_string_literal,ok,1,True,T3,False,1.0,0.2439,0.2439
R00425,3,MUTATION,T2,t2_change_string_literal,ok,5,True,T2,True,1.0,1.0,1.0
R00425,4,UNTOUCHED,T1,none,ok,5,True,T1,True,0.25,0.1667,0.1111
R00425,5,UNTOUCHED,T1,none,ok,5,True,T1,True,0.6,0.1875,0.1667
R00425,6,UNTOUCHED,T1,none,ok,5,True,T1,True,0.5,0.5,0.3333
R00426,0,CLONE_INTERVAL,T3,t3_wrap_statement,ok,1,True,T3,True,1.0,0.0843,0.0843
R00426,1,MUTATION,T3,t3_wrap_statement,ok,5,True,T3,True,1.0,1.0,1.0
R00426,2,CLONE_INTERVAL,T3,t3_delete_statement,ok,1,True,T3,True,0.8333,0.0595,0.0588
R00426,3,MUTATION,T3,t3_delete_statement,ok,5,True,T3,True,1.0,1.0,1.0
R00426,4,UNTOUCHED,T1,none,ok,5,True,T1,True,0.7143,0.1667,0.1562
R00426,5,UNTOUCHED,T1,none,ok,5,True,T1,True,0.6667,0.3478,0.2963
R00426,6,UNTOUCHED,T1,none,ok,5,True,T1,True,0.6667,0.087,0.0833
R00426,7,UNTOUCHED,T1,none,ok,5,True,T1,True,0.625,0.7692,0.5263
R00427,0,CLONE_INTERVAL,T2,t2_change_int_literal,ok,2,False,,False,0.6667,0.1176,0.1111
R00427,1,MUTATION,T2,t2_change_int_literal,ok,4,True,T2,True,1.0,1.0,1.0
R00427,2,CLONE_INTERVAL,T1,t1_reindent,ok,2,True,T2,False,1.0,0.2647,0.2647
R00427,3,MUTATION,T1,t1_reindent,ok,4,True,T1,True,0.6667,0.24,0.2143
R00427,4,UNTOUCHED,T1,none,ok,4,True,T1,True,0.4,1.0,0.4
R00427,5,UNTOUCHED,T1,none,ok,4,True,T1,True,0.4286,0.12,0.1034
R00427,6,UNTOUCHED,T1,none,ok,4,True,T1,True,0.6667,0.08,0.0769
R00427,7,UNTOUCHED,T1,none,ok,4,True,T1,True,0.6667,0.08,0.0769
R00428,0,CLONE_INTERVAL,T1,t1_add_eol_comment,ok,1,True,T2,False,0.8333,0.0526,0.0521
R00428,1,MUTATION,T1,t1_add_eol_comment,ok,3,False,,False,0.0,0.0,0.0
R00428,2,CLONE_INTERVAL,T2,t2_change_int_literal,ok,1,True,T2,True,0.8333,0.0526,0.0521
R00428,3,MUTATION,T2,t2_change_int_literal,ok,3,True,T2,True,1.0,1.0,1.0
R00428,4,UNTOUCHED,T1,none,ok,3,False,,False,0.0,0.0,0.0
R00428,5,UNTOUCHED,T1,none,ok,3,True,T1,True,0.5556,0.0735,0.0694
R00428,6,UNTOUCHED,T1,none,ok,3,False,,False,0.0,0.0,0.0
R00428,7,UNTOUCHED,T1,none,ok,3,True,T1,True,0.5556,0.5,0.3571
R00429,0,CLONE_INTERVAL,T1,t1_reindent,ok,1,True,T1,True,0.8333,0.2273,0.2174
R00429,1,MUTATION,T1,t1_reindent,ok,1,True,T1,True,0.8333,0.25,0.2381
R00429,3,CLONE_INTERVAL,T1,t1_reindent,ok,1,True,T1,True,0.7143,0.2273,0.2083
R00429,4,MUTATION,T1,t1_reindent,ok,1,True,T1,True,0.7143,0.25,0.2273
R00429,7,UNTOUCHED,T1,none,ok,1,True,T1,True,0.6667,0.1,0.0952
R00429,8,UNTOUCHED,T1,none,ok,1,True,T1,True,0.6667,0.1,0.0952
R00429,9,UNTOUCHED,T1,none,ok,1,True,T1,True,0.5,0.1,0.0909
R00429,10,UNTOUCHED,T1,none,ok,1,True,T1,True,0.5714,0.2,0.1739
R00430,0,CLONE_INTERVAL,T3,t3_wrap_statement,ok,1,True,T3,True,1.0,0.1579,0.1579
R00430,1,MUTATION,T3,t3_wrap_statement,ok,5,True,T3,True,1.0,1.0,1.0
R00430,2,CLONE_INTERVAL,T3,t3_delete_statement,ok,1,True,T3,True,1.0,0.1282,0.1282
R00430,3,MUTATION,T3,t3_delete_statement,ok,5,True,T3,True,1.0,1.0,1.0
R00430,4,UNTOUCHED,T1,none,ok,5,True,T1,True,0.8333,0.8333,0.7143
R00430,5,UNTOUCHED,T1,none,ok,5,True,T1,True,0.8889,0.5333,0.5
R00430,6,UNTOUCHED,T1,none,ok,5,True,T1,True,0.5,0.75,0.4286
R00431,0,CLONE_INTERVAL,T1,t1_add_blank_line,ok,1,True,T1,True,0.8889,0.2051,0.2
R00431,1,MUTATION,T1,t1_add_blank_line,ok,1,False,,False,0.0,0.0,0.0
R00431,2,CLONE_INTERVAL,T1,t1_add_block_comment,ok,1,True,T1,True,1.0,0.2368,0.2368
R00431,3,MUTATION,T1,t1_add_block_comment,ok,1,False,,False,0.0,0.0,0.0
R00431,4,UNTOUCHED,T1,none,ok,1,True,T1,True,0.875,0.25,0.2414
R00431,5,UNTOUCHED,T1,none,ok,1,True,T1,True,0.6,0.1071,0.1
R00431,6,UNTOUCHED,T1,none,ok,1,True,T1,True,0.6,0.2143,0.1875
R00432,0,CLONE_INTERVAL,T1,t1_add_block_comment,ok,2,True,T1,True,0.8571,0.125,0.1224
R00432,1,MUTATION,T1,t1_add_block_comment,ok,2,False,,False,0.0,0.0,0.0
R00432,2,CLONE_INTERVAL,T1,t1_add_blank_line,ok,2,True,T1,True,1.0,0.0632,0.0632
R00432,3,MUTATION,T1,t1_add_blank_line,ok,2,True,T1,True,1.0,0.0128,0.0128
R00432,4,UNTOUCHED,T1,none,ok,2,True,T1,True,0.75,0.0385,0.038
R00432,5,UNTOUCHED,T1,none,ok,2,True,T1,True,0.6667,0.0256,0.0253
R00432,6,UNTOUCHED,T1,none,ok,2,True,T1,True,0.6,0.0385,0.0375
R00432,7,UNTOUCHED,T1,none,ok,2,True,T1,True,0.7143,0.0641,0.0625
R00433,0,CLONE_INTERVAL,T1,t1_add_blank_line,ok,1,True,T3,False,0.8571,0.2609,0.25
R00433,1,MUTATION,T1,t1_add_blank_line,ok,3,False,,False,0.0,0.0,0.0
R00433,2,CLONE_INTERVAL,T3,t3_insert_statement,ok,1,True,T3,True,1.0,0.2609,0.2609
R00433,3,MUTATION,T3,t3_insert_statement,ok,3,True,T3,True,1.0,1.0,1.0
R00433,4,UNTOUCHED,T1,none,ok,3,True,T1,True,0.6667,0.1538,0.1429
R00433,5,UNTOUCHED,T1,none,ok,3,True,T1,True,0.6667,0.1538,0.1429
R00433,6,UNTOUCHED,T1,none,ok,3,True,T1,True,0.5,1.0,0.5
R00434,0,CLONE_INTERVAL,T1,t1_reindent,ok,1,True,T3,False,1.0,0.0602,0.0602
R00434,1,MUTATION,T1,t1_reindent,ok,3,True,T1,True,0.625,0.1163,0.1087
R00434,2,CLONE_INTERVAL,T3,t3_delete_statement,ok,1,True,T3,True,1.0,0.0379,0.0379
R00434,3,MUTATION,T3,t3_delete_statement,ok,3,True,T3,True,1.0,1.0,1.0
R00434,4,UNTOUCHED,T1,none,ok,3,True,T1,True,0.6667,0.093,0.0889
R00434,5,UNTOUCHED,T1,none,ok,3,True,T1,True,0.6667,0.0465,0.0455
R00434,6,UNTOUCHED,T1,none,ok,3,True,T1,True,0.6,0.0698,0.0667
R00434,7,UNTOUCHED,T1,none,ok,3,True,T1,True,0.75,0.1,0.0968
R00435,0,CLONE_INTERVAL,T3,t3_wrap_statement,ok,1,True,T3,True,1.0,0.25,0.25
R00435,1,MUTATION,T3,t3_wrap_statement,ok,5,True,T3,True,1.0,1.0,1.0
R00435,2,CLONE_INTERVAL,T1,t1_add_blank_line,ok,1,True,T3,False,1.0,0.2143,0.2143
R00435,3,MUTATION,T1,t1_add_blank_line,ok,5,True,T1,True,1.0,0.0833,0.0833
R00435,4,UNTOUCHED,T1,none,ok,5,True,T1,True,0.7143,0.7143,0.5556
R00435,5,UNTOUCHED,T1,none,ok,5,True,T1,True,0.75,0.25,0.2308
R00435,6,UNTOUCHED,T1,none,ok,5,True,T1,True,0.5,0.25,0.2
R00436,0,CLONE_INTERVAL,T2,t2_change_int_literal,ok,1,True,T2,True,1.0,0.2879,0.2879
R00436,1,MUTATION,T2,t2_change_int_literal,ok,5,True,T2,True,1.0,1.0,1.0
R00436,2,CLONE_INTERVAL,T2,t2_change_string_literal,ok,1,True,T2,True,1.0,0.1364,0.1364
R00436,3,MUTATION,T2,t2_change_string_literal,ok,5,True,T2,True,1.0,1.0,1.0
R00436,4,UNTOUCHED,T1,none,ok,5,True,T1,True,0.9231,0.8,0.75
R00436,5,UNTOUCHED,T1,none,ok,5,True,T1,True,0.6471,0.4583,0.3667
R00436,6,UNTOUCHED,T1,none,ok,5,True,T1,True,0.6,0.5455,0.4
R00437,0,CLONE_INTERVAL,T2,t2_change_string_literal,ok,1,True,T3,False,1.0,0.2143,0.2143
R00437,1,MUTATION,T2,t2_change_string_literal,ok,6,True,T2,True,1.0,1.0,1.0
R00437,2,CLONE_INTERVAL,T3,t3_delete_statement,ok,1,False,,False,0.6667,0.1111,0.1071
R00437,3,MUTATION,T3,t3_delete_statement,ok,6,True,T2,False,0.5,1.0,0.5
R00437,4,UNTOUCHED,T1,none,ok,6,True,T1,True,0.6,0.4286,0.3333
R00437,5,UNTOUCHED,T1,none,ok,6,True,T1,True,0.8,0.8,0.6667
R00437,6,UNTOUCHED,T1,none,ok,6,True,T1,True,0.5455,0.8571,0.5
R00438,0,CLONE_INTERVAL,T2,t2_rename_local,ok,1,False,,False,0.6667,0.125,0.1176
R00438,1,MUTATION,T2,t2_rename_local,ok,3,True,T2,True,0.6667,1.0,0.6667
R00438,3,CLONE_INTERVAL,T3,t3_insert_statement,ok,1,False,,False,0.0,0.0,0.0
R00438,4,MUTATION,T3,t3_insert_statement,ok,3,False,,False,0.0,0.0,0.0
R00438,5,UNTOUCHED,T1,none,ok,3,True,T1,True,0.75,0.2727,0.25
R00438,6,UNTOUCHED,T1,none,ok,3,True,T1,True,0.6667,0.1429,0.1333
R00438,7,UNTOUCHED,T1,none,ok,3,False,,False,0.0,0.0,0.0
R00438,8,UNTOUCHED,T1,none,ok,3,False,,False,0.0,0.0,0.0
R00439,0,CLONE_INTERVAL,T2,t2_rename_local,ok,1,True,T2,True,1.0,0.1132,0.1132
R00439,1,MUTATION,T2,t2_rename_local,ok,7,True,T2,True,0.5,1.0,0.5
R00439,3,CLONE_INTERVAL,T2,t2_change_string_literal,ok,1,True,T2,True,1.0,0.1132,0.1132
R00439,4,MUTATION,T2,t2_change_string_literal,ok,7,True,T2,True,1.0,1.0,1.0
R00439,5,UNTOUCHED,T1,none,ok,7,True,T1,True,0.25,0.5,0.2
R00439,6,UNTOUCHED,T1,none,ok,7,True,T1,True,0.8571,1.0,0.8571
R00439,7,UNTOUCHED,T1,none,ok,7,True,T1,True,0.6765,0.8519,0.6053
R00440,0,CLONE_INTERVAL,T1,t1_add_block_comment,ok,1,True,T2,False,0.8571,0.1818,0.1765
R00440,1,MUTATION,T1,t1_add_block_comment,ok,3,False,,False,0.0,0.0,0.0
R00440,2,CLONE_INTERVAL,T2,t2_change_string_literal,ok,1,True,T2,True,1.0,0.2424,0.2424
R00440,3,MUTATION,T2,t2_change_string_literal,ok,3,True,T2,True,1.0,1.0,1.0
R00440,4,UNTOUCHED,T1,none,ok,3,True,T1,True,0.6667,0.1176,0.1111
R00440,5,UNTOUCHED,T1,none,ok,3,True,T1,True,0.75,0.3529,0.3158
R00440,6,UNTOUCHED,T1,none,ok,3,True,T1,True,0.7,0.7778,0.5833
R00441,0,CLONE_INTERVAL,T3,t3_delete_statement,ok,1,True,T3,True,1.0,0.1923,0.1923
R00441,1,MUTATION,T3,t3_delete_statement,ok,5,True,T2,False,1.0,0.3333,0.3333
R00441,2,CLONE_INTERVAL,T2,t2_rename_local,ok,1,True,T3,False,1.0,0.2222,0.2222
R00441,3,MUTATION,T2,t2_rename_local,ok,5,True,T2,True,1.0,1.0,1.0
R00441,4,UNTOUCHED,T1,none,ok,5,True,T1,True,0.3333,0.1667,0.125
R00441,5,UNTOUCHED,T1,none,ok,5,True,T2,False,0.4,0.6667,0.3333
R00441,6,UNTOUCHED,T1,none,ok,5,True,T1,True,0.4,0.5,0.2857
R00442,0,CLONE_INTERVAL,T3,t3_delete_statement,ok,1,True,T3,True,1.0,0.1429,0.1429
R00442,1,MUTATION,T3,t3_delete_statement,ok,7,True,T2,False,1.0,0.5,0.5
R00442,2,CLONE_INTERVAL,T3,t3_delete_statement,ok,1,True,T3,True,1.0,0.2286,0.2286
R00442,3,MUTATION,T3,t3_delete_statement,ok,7,True,T2,False,1.0,0.5,0.5
R00442,4,UNTOUCHED,T1,none,ok,7,True,T1,True,0.6667,0.5,0.4
R00442,5,UNTOUCHED,T1,none,ok,7,True,T1,True,0.7857,0.7857,0.6471
R00442,6,UNTOUCHED,T1,none,ok,7,True,T1,True,0.4,0.1429,0.1176
R00442,7,UNTOUCHED,T1,none,ok,7,True,T1,True,0.5,0.4286,0.3
R00443,0,CLONE_INTERVAL,T1,t1_add_eol_comment,ok,1,True,T3,False,0.8333,0.061,0.0602
R00443,1,MUTATION,T1,t1_add_eol_comment,ok,3,False,,False,0.0,0.0,0.0
R00443,2,CLONE_INTERVAL,T3,t3_insert_statement,ok,1,True,T3,True,0.8333,0.0617,0.061
R00443,3,MUTATION,T3,t3_insert_statement,ok,3,True,T3,True,1.0,1.0,1.0
R00443,4,UNTOUCHED,T1,none,ok,3,False,,False,0.0,0.0,0.0
R00443,5,UNTOUCHED,T1,none,ok,3,True,T1,True,0.5556,0.0862,0.0806
R00443,6,UNTOUCHED,T1,none,ok,3,False,,False,0.0,0.0,0.0
R00443,7,UNTOUCHED,T1,none,ok,3,True,T1,True,0.5556,0.5556,0.3846
R00444,0,CLONE_INTERVAL,T1,t1_reindent,ok,1,True,T2,False,1.0,0.25,0.25
R00444,1,MUTATION,T1,t1_reindent,ok,3,True,T1,True,0.8571,0.4615,0.4286
R00444,2,CLONE_INTERVAL,T2,t2_change_string_literal,ok,1,True,T2,True,1.0,0.2857,0.2857
R00444,3,MUTATION,T2,t2_change_string_literal,ok,3,True,T2,True,1.0,1.0,1.0
R00444,4,UNTOUCHED,T1,none,ok,3,True,T1,True,0.6667,0.1538,0.1429
R00444,5,UNTOUCHED,T1,none,ok,3,True,T1,True,1.0,0.2308,0.2308
R00444,6,UNTOUCHED,T1,none,ok,3,True,T1,True,0.6667,0.6667,0.5
R00445,0,CLONE_INTERVAL,T1,t1_add_eol_comment,ok,5,True,T1,True,0.8333,0.1786,0.1724
R00445,1,MUTATION,T1,t1_add_eol_comment,ok,5,True,T1,True,1.0,0.0385,0.0385
R00445,2,CLONE_INTERVAL,T1,t1_add_blank_line,ok,5,True,T1,True,1.0,0.25,0.25
R00445,3,MUTATION,T1,t1_add_blank_line,ok,5,False,,False,0.0,0.0,0.0
R00445,4,UNTOUCHED,T1,none,ok,5,True,T1,True,0.5,0.0769,0.0714
R00445,5,UNTOUCHED,T1,none,ok,5,True,T1,True,0.6667,0.0769,0.0741
R00445,6,UNTOUCHED,T1,none,ok,5,True,T1,True,0.8333,0.2703,0.2564
R00445,7,UNTOUCHED,T1,none,ok,5,True,T1,True,0.5,0.0541,0.0513
R00446,0,CLONE_INTERVAL,T2,t2_change_int_literal,ok,1,True,T2,True,1.0,0.2121,0.2121
R00446,1,MUTATION,T2,t2_change_int_literal,ok,5,True,T2,True,1.0,1.0,1.0
R00446,2,CLONE_INTERVAL,T2,t2_rename_local,ok,1,True,T2,True,1.0,0.2121,0.2121
R00446,3,MUTATION,T2,t2_rename_local,ok,5,True,T2,True,1.0,1.0,1.0
R00446,4,UNTOUCHED,T1,none,ok,5,True,T1,True,0.8333,0.7143,0.625
R00446,5,UNTOUCHED,T1,none,ok,5,True,T1,True,0.6,0.4286,0.3333
R00446,6,UNTOUCHED,T1,none,ok,5,True,T1,True,0.6,1.0,0.6
R00447,0,CLONE_INTERVAL,T2,t2_rename_local,ok,1,True,T3,False,0.963,0.6047,0.5909
R00447,1,MUTATION,T2,t2_rename_local,ok,21,True,T2,True,0.2273,1.0,0.2273
R00447,11,CLONE_INTERVAL,T3,t3_insert_statement,ok,1,True,T3,True,1.0,0.1395,0.1395
R00447,12,MUTATION,T3,t3_insert_statement,ok,21,True,T3,True,1.0,1.0,1.0
R00447,13,UNTOUCHED,T1,none,ok,21,True,T1,True,0.3333,0.75,0.3
R00447,14,UNTOUCHED,T1,none,ok,21,True,T1,True,0.4444,0.4444,0.2857
R00447,15,UNTOUCHED,T1,none,ok,21,True,T1,True,0.3333,1.0,0.3333
R00448,0,CLONE_INTERVAL,T2,t2_change_int_literal,ok,1,True,T2,True,1.0,0.0606,0.0606
R00448,1,MUTATION,T2,t2_change_int_literal,ok,3,True,T2,True,1.0,1.0,1.0
R00448,2,CLONE_INTERVAL,T1,t1_add_blank_line,ok,1,True,T2,False,1.0,0.0612,0.0612
R00448,3,MUTATION,T1,t1_add_blank_line,ok,3,False,,False,0.0,0.0,0.0
R00448,4,UNTOUCHED,T1,none,ok,3,True,T1,True,0.8,1.0,0.8
R00448,5,UNTOUCHED,T1,none,ok,3,True,T1,True,0.625,0.0685,0.0658
R00448,6,UNTOUCHED,T1,none,ok,3,True,T1,True,0.6,0.0411,0.04
R00448,7,UNTOUCHED,T1,none,ok,3,True,T1,True,0.7,0.0959,0.0921
R00449,0,CLONE_INTERVAL,T1,t1_add_block_comment,ok,1,True,T2,False,0.8462,0.3235,0.3056
R00449,1,MUTATION,T1,t1_add_block_comment,ok,3,True,T1,True,1.0,0.0526,0.0526
R00449,2,CLONE_INTERVAL,T2,t2_change_string_literal,ok,1,True,T2,True,1.0,0.2,0.2
R00449,3,MUTATION,T2,t2_change_string_literal,ok,3,True,T2,True,1.0,1.0,1.0
R00449,4,UNTOUCHED,T1,none,ok,3,True,T1,True,0.3333,0.1053,0.087
R00449,5,UNTOUCHED,T1,none,ok,3,True,T1,True,0.5556,0.2632,0.2174
R00449,6,UNTOUCHED,T1,none,ok,3,True,T1,True,0.5556,0.8333,0.5
R00450,0,CLONE_INTERVAL,T3,t3_insert_statement,ok,1,True,T3,True,1.0,0.1304,0.1304
R00450,1,MUTATION,T3,t3_insert_statement,ok,9,True,T3,True,1.0,1.0,1.0
R00450,2,CLONE_INTERVAL,T2,t2_rename_local,ok,1,True,T3,False,1.0,0.383,0.383
R00450,3,MUTATION,T2,t2_rename_local,ok,9,True,T2,True,1.0,1.0,1.0
R00450,3,MUTATION,T2,t2_rename_local,ok,9,True,T2,True,1.0,1.0,1.0
R00450,3,MUTATION,T2,t2_rename_local,ok,9,True,T2,True,1.0,1.0,1.0
R00450,6,UNTOUCHED,T1,none,ok,9,True,T1,True,0.6,0.4286,0.3333
R00450,7,UNTOUCHED,T1,none,ok,9,True,T1,True,0.7143,0.625,0.5
R00450,8,UNTOUCHED,T1,none,ok,9,True,T1,True,0.6,0.1875,0.1667
R00450,9,UNTOUCHED,T1,none,ok,9,True,T1,True,0.4,0.5,0.2857
R00451,0,CLONE_INTERVAL,T3,t3_wrap_statement,ok,1,True,T3,True,1.0,0.25,0.25
R00451,1,MUTATION,T3,t3_wrap_statement,ok,5,True,T3,True,1.0,1.0,1.0
R00451,2,CLONE_INTERVAL,T2,t2_rename_local,ok,1,True,T3,False,1.0,0.2692,0.2692
R00451,3,MUTATION,T2,t2_rename_local,ok,5,True,T2,True,1.0,1.0,1.0
R00451,4,UNTOUCHED,T1,none,ok,5,True,T1,True,0.75,0.5,0.4286
R00451,5,UNTOUCHED,T1,none,ok,5,True,T1,True,0.6667,0.25,0.2222
R00451,6,UNTOUCHED,T1,none,ok,5,True,T1,True,0.5,0.25,0.2
R00451,7,UNTOUCHED,T1,none,ok,5,True,T1,True,0.75,1.0,0.75
R00452,0,CLONE_INTERVAL,T2,t2_change_string_literal,ok,1,True,T2,True,0.9444,0.3036,0.2982
R00452,1,MUTATION,T2,t2_change_string_literal,ok,3,True,T2,True,1.0,1.0,1.0
R00452,2,CLONE_INTERVAL,T1,t1_add_eol_comment,ok,1,True,T2,False,1.0,0.2143,0.2143
R00452,3,MUTATION,T1,t1_add_eol_comment,ok,3,True,T1,True,1.0,0.0312,0.0312
R00452,4,UNTOUCHED,T1,none,ok,3,True,T1,True,0.75,0.25,0.2308
R00452,5,UNTOUCHED,T1,none,ok,3,True,T1,True,0.3333,0.0312,0.0294
R00452,6,UNTOUCHED,T1,none,ok,3,True,T1,True,0.5,0.0625,0.0588
R00452,7,UNTOUCHED,T1,none,ok,3,True,T1,True,0.6667,0.125,0.1176
R00453,0,CLONE_INTERVAL,T3,t3_insert_statement,ok,23,True,T3,True,0.7143,0.3125,0.2778
R00453,1,MUTATION,T3,t3_insert_statement,ok,28,True,T3,True,1.0,1.0,1.0
R00453,2,CLONE_INTERVAL,T3,t3_delete_statement,ok,23,True,T3,True,1.0,0.5,0.5
R00453,3,MUTATION,T3,t3_delete_statement,ok,28,True,T2,False,1.0,1.0,1.0
R00453,4,UNTOUCHED,T1,none,ok,28,True,T1,True,0.625,0.625,0.4545
R00453,5,UNTOUCHED,T1,none,ok,28,True,T1,True,0.7143,0.7143,0.5556
R00453,6,UNTOUCHED,T1,none,ok,28,True,T1,True,0.6667,1.0,0.6667
R00453,7,UNTOUCHED,T1,none,ok,28,True,T1,True,0.5714,0.5,0.3636
R00454,0,CLONE_INTERVAL,T2,t2_rename_local,ok,2,True,T2,True,1.0,0.2727,0.2727
R00454,1,MUTATION,T2,t2_rename_local,ok,4,True,T2,True,1.0,1.0,1.0
R00454,2,CLONE_INTERVAL,T1,t1_add_eol_comment,ok,2,True,T1,True,1.0,0.4783,0.4783
R00454,3,MUTATION,T1,t1_add_eol_comment,ok,4,True,T1,True,1.0,0.0556,0.0556
R00454,4,UNTOUCHED,T1,none,ok,4,True,T1,True,0.75,0.6,0.5
R00454,5,UNTOUCHED,T1,none,ok,4,True,T1,True,0.6667,0.8889,0.6154
R00454,6,UNTOUCHED,T1,none,ok,4,True,T1,True,0.8,0.2222,0.2105
R00454,7,UNTOUCHED,T1,none,ok,4,True,T1,True,0.6667,0.3333,0.2857
R00455,0,CLONE_INTERVAL,T1,t1_add_eol_comment,ok,1,True,T1,True,0.8333,0.0556,0.0549
R00455,1,MUTATION,T1,t1_add_eol_comment,ok,1,False,,False,0.0,0.0,0.0
R00455,2,CLONE_INTERVAL,T1,t1_reindent,ok,1,True,T1,True,0.8333,0.0556,0.0549
R00455,3,MUTATION,T1,t1_reindent,ok,1,True,T1,True,0.6667,0.0548,0.0533
R00455,4,UNTOUCHED,T1,none,ok,1,False,,False,0.0,0.0,0.0
R00455,5,UNTOUCHED,T1,none,ok,1,True,T1,True,0.5556,0.0685,0.0649
R00455,6,UNTOUCHED,T1,none,ok,1,False,,False,0.0,0.0,0.0
R00455,7,UNTOUCHED,T1,none,ok,1,True,T1,True,0.5556,0.0685,0.0649
R00456,0,CLONE_INTERVAL,T1,t1_add_eol_comment,ok,1,True,T2,False,1.0,0.1463,0.1463
R00456,1,MUTATION,T1,t1_add_eol_comment,ok,3,True,T1,True,1.0,0.0625,0.0625
R00456,2,CLONE_INTERVAL,T2,t2_change_int_literal,ok,1,True,T2,True,1.0,0.1707,0.1707
R00456,3,MUTATION,T2,t2_change_int_literal,ok,3,True,T2,True,1.0,1.0,1.0
R00456,4,UNTOUCHED,T1,none,ok,3,True,T1,True,0.6667,0.5,0.4
R00456,5,UNTOUCHED,T1,none,ok,3,True,T1,True,0.6667,0.25,0.2222
R00456,6,UNTOUCHED,T1,none,ok,3,True,T1,True,0.5,0.6364,0.3889
R00457,0,CLONE_INTERVAL,T2,t2_change_string_literal,ok,1,True,T2,True,0.8182,0.5,0.45
R00457,1,MUTATION,T2,t2_change_string_literal,ok,5,True,T2,True,1.0,1.0,1.0
R00457,2,CLONE_INTERVAL,T2,t2_change_string_literal,ok,1,True,T2,True,1.0,0.3333,0.3333
R00457,3,MUTATION,T2,t2_change_string_literal,ok,5,True,T2,True,1.0,1.0,1.0
R00457,4,UNTOUCHED,T1,none,ok,5,True,T1,True,0.6667,0.2857,0.25
R00457,5,UNTOUCHED,T1,none,ok,5,False,,False,0.0,0.0,0.0
R00457,6,UNTOUCHED,T1,none,ok,5,True,T1,True,0.2,0.5,0.1667
R00458,0,CLONE_INTERVAL,T1,t1_add_eol_comment,ok,1,True,T3,False,0.8571,0.1017,0.1
R00458,1,MUTATION,T1,t1_add_eol_comment,ok,3,True,T1,True,1.0,0.0526,0.0526
R00458,2,CLONE_INTERVAL,T3,t3_delete_statement,ok,1,True,T3,True,1.0,0.5172,0.5172
R00458,3,MUTATION,T3,t3_delete_statement,ok,3,True,T3,True,1.0,1.0,1.0
R00458,4,UNTOUCHED,T1,none,ok,3,True,T1,True,0.9,0.4737,0.45
R00458,5,UNTOUCHED,T1,none,ok,3,True,T1,True,0.8,0.2105,0.2
R00458,6,UNTOUCHED,T1,none,ok,3,True,T1,True,0.5,0.2,0.1667
R00459,0,CLONE_INTERVAL,T3,t3_wrap_statement,ok,1,True,T3,True,1.0,0.2286,0.2286
R00459,1,MUTATION,T3,t3_wrap_statement,ok,5,True,T3,True,1.0,1.0,1.0
R00459,2,CLONE_INTERVAL,T2,t2_change_int_literal,ok,1,True,T3,False,1.0,0.1892,0.1892
R00459,3,MUTATION,T2,t2_change_int_literal,ok,5,True,T2,True,1.0,1.0,1.0
R00459,4,UNTOUCHED,T1,none,ok,5,True,T1,True,0.8125,0.9286,0.7647
R00459,5,UNTOUCHED,T1,none,ok,5,True,T1,True,1.0,0.25,0.25
R00459,6,UNTOUCHED,T1,none,ok,5,True,T1,True,0.5,1.0,0.5
R00460,0,CLONE_INTERVAL,T2,t2_change_string_literal,ok,1,True,T2,True,1.0,0.3077,0.3077
R00460,1,MUTATION,T2,t2_change_string_literal,ok,3,True,T2,True,1.0,1.0,1.0
R00460,2,CLONE_INTERVAL,T1,t1_add_eol_comment,ok,1,True,T2,False,1.0,0.4615,0.4615
R00460,3,MUTATION,T1,t1_add_eol_comment,ok,3,True,T1,True,1.0,0.0526,0.0526
R00460,4,UNTOUCHED,T1,none,ok,3,True,T1,True,0.25,0.5,0.2
R00460,5,UNTOUCHED,T1,none,ok,3,True,T1,True,0.6667,0.1053,0.1
R00460,6,UNTOUCHED,T1,none,ok,3,True,T1,True,0.6,0.1579,0.1429
R00461,0,CLONE_INTERVAL,T1,t1_add_block_comment,ok,1,True,T1,True,0.75,0.2609,0.24
R00461,1,MUTATION,T1,t1_add_block_comment,ok,1,False,,False,0.0,0.0,0.0
R00461,2,CLONE_INTERVAL,T1,t1_add_block_comment,ok,1,True,T1,True,0.7778,0.3043,0.28
R00461,3,MUTATION,T1,t1_add_block_comment,ok,1,False,,False,0.0,0.0,0.0
R00461,4,UNTOUCHED,T1,none,ok,1,True,T1,True,0.75,0.1667,0.1579
R00461,5,UNTOUCHED,T1,none,ok,1,True,T1,True,0.6,0.1667,0.15
R00461,6,UNTOUCHED,T1,none,ok,1,True,T1,True,0.5,0.1111,0.1
R00462,0,CLONE_INTERVAL,T2,t2_change_string_literal,ok,2,True,T2,True,1.0,0.3077,0.3077
R00462,1,MUTATION,T2,t2_change_string_literal,ok,4,True,T2,True,1.0,1.0,1.0
R00462,2,CLONE_INTERVAL,T1,t1_reindent,ok,2,False,,False,0.0,0.0,0.0
R00462,3,MUTATION,T1,t1_reindent,ok,4,False,,False,0.0,0.0,0.0
R00462,4,UNTOUCHED,T1,none,ok,4,True,T1,True,0.8333,0.5556,0.5
R00462,5,UNTOUCHED,T1,none,ok,4,True,T1,True,0.3333,0.0909,0.0769
R00462,6,UNTOUCHED,T1,none,ok,4,False,,False,0.0,0.0,0.0
R00462,7,UNTOUCHED,T1,none,ok,4,False,,False,0.0,0.0,0.0
R00463,0,CLONE_INTERVAL,T2,t2_change_string_literal,ok,1,True,T2,True,1.0,0.1765,0.1765
R00463,1,MUTATION,T2,t2_change_string_literal,ok,3,True,T2,True,1.0,1.0,1.0
R00463,2,CLONE_INTERVAL,T1,t1_add_eol_comment,ok,1,True,T2,False,1.0,0.1765,0.1765
R00463,3,MUTATION,T1,t1_add_eol_comment,ok,3,True,T1,True,1.0,0.0625,0.0625
R00463,4,UNTOUCHED,T1,none,ok,3,True,T1,True,0.8,0.5,0.4444
R00463,5,UNTOUCHED,T1,none,ok,3,True,T1,True,0.6667,0.625,0.4762
R00463,6,UNTOUCHED,T1,none,ok,3,True,T1,True,0.5,0.125,0.1111
R00464,0,CLONE_INTERVAL,T1,t1_add_block_comment,ok,2,True,T2,False,1.0,0.0625,0.0625
R00464,1,MUTATION,T1,t1_add_block_comment,ok,4,True,T1,True,1.0,0.0172,0.0172
R00464,2,CLONE_INTERVAL,T2,t2_change_int_literal,ok,2,True,T2,True,0.8571,0.0619,0.0612
R00464,3,MUTATION,T2,t2_change_int_literal,ok,4,True,T2,True,1.0,1.0,1.0
R00464,4,UNTOUCHED,T1,none,ok,4,True,T1,True,0.75,0.0517,0.0508
R00464,5,UNTOUCHED,T1,none,ok,4,True,T1,True,0.6667,0.1379,0.129
R00464,6,UNTOUCHED,T1,none,ok,4,True,T1,True,0.5,0.0517,0.0492
R00464,7,UNTOUCHED,T1,none,ok,4,True,T1,True,0.6,0.1304,0.12
R00465,0,CLONE_INTERVAL,T1,t1_add_block_comment,ok,1,True,T2,False,0.75,0.1333,0.1277
R00465,1,MUTATION,T1,t1_add_block_comment,ok,3,True,T1,True,1.0,0.0385,0.0385
R00465,2,CLONE_INTERVAL,T2,t2_rename_local,ok,1,True,T2,True,0.9286,0.2826,0.2766
R00465,3,MUTATION,T2,t2_rename_local,ok,3,True,T2,True,1.0,0.375,0.375
R00465,3,MUTATION,T2,t2_rename_local,ok,3,True,T2,True,1.0,0.5,0.5
R00465,3,MUTATION,T2,t2_rename_local,ok,3,True,T2,True,1.0,0.125,0.125
R00465,6,UNTOUCHED,T1,none,ok,3,True,T1,True,0.5,0.0769,0.0714
R00465,7,UNTOUCHED,T1,none,ok,3,True,T1,True,0.3333,0.0385,0.0357
R00465,8,UNTOUCHED,T1,none,ok,3,True,T1,True,0.6667,0.0769,0.0741
R00465,9,UNTOUCHED,T1,none,ok,3,True,T1,True,0.6667,0.6667,0.5
R00466,0,CLONE_INTERVAL,T3,t3_delete_statement,ok,1,True,T3,True,1.0,0.119,0.119
R00466,1,MUTATION,T3,t3_delete_statement,ok,3,True,T3,True,1.0,1.0,1.0
R00466,2,CLONE_INTERVAL,T1,t1_reindent,ok,1,True,T3,False,1.0,0.186,0.186
R00466,3,MUTATION,T1,t1_reindent,ok,3,True,T1,True,0.75,0.2222,0.2069
R00466,4,UNTOUCHED,T1,none,ok,3,True,T1,True,0.6667,0.3333,0.2857
R00466,5,UNTOUCHED,T1,none,ok,3,True,T1,True,1.0,0.1111,0.1111
R00466,6,UNTOUCHED,T1,none,ok,3,True,T1,True,0.72,0.6667,0.5294
R00467,0,CLONE_INTERVAL,T2,t2_rename_local,ok,1,True,T3,False,0.8333,0.122,0.119
R00467,1,MUTATION,T2,t2_rename_local,ok,7,True,T1,False,0.6364,0.3889,0.3182
R00467,1,MUTATION,T2,t2_rename_local,ok,7,True,T1,False,0.6,0.3333,0.2727
R00467,1,MUTATION,T2,t2_rename_local,ok,7,True,T1,False,0.6,0.3333,0.2727
R00467,3,CLONE_INTERVAL,T3,t3_wrap_statement,ok,1,True,T3,True,1.0,0.5526,0.5526
R00467,4,MUTATION,T3,t3_wrap_statement,ok,7,True,T3,True,1.0,0.5,0.5
R00467,5,UNTOUCHED,T1,none,ok,7,True,T1,True,0.25,1.0,0.25
R00467,6,UNTOUCHED,T1,none,ok,7,True,T1,True,0.6,1.0,0.6
R00467,7,UNTOUCHED,T1,none,ok,7,True,T1,True,0.5556,0.2778,0.2273
R00468,0,CLONE_INTERVAL,T1,t1_add_blank_line,ok,1,True,T2,False,1.0,0.2593,0.2593
R00468,1,MUTATION,T1,t1_add_blank_line,ok,3,True,T1,True,1.0,0.0714,0.0714
R00468,2,CLONE_INTERVAL,T2,t2_change_int_literal,ok,1,True,T2,True,1.0,0.2857,0.2857
R00468,3,MUTATION,T2,t2_change_int_literal,ok,3,True,T2,True,1.0,1.0,1.0
R00468,4,UNTOUCHED,T1,none,ok,3,True,T1,True,0.7143,0.3571,0.3125
R00468,5,UNTOUCHED,T1,none,ok,3,True,T1,True,0.75,0.2143,0.2
R00468,6,UNTOUCHED,T1,none,ok,3,True,T1,True,0.6,0.375,0.3
R00469,0,CLONE_INTERVAL,T1,t1_add_eol_comment,ok,1,True,T1,True,1.0,0.1395,0.1395
R00469,1,MUTATION,T1,t1_add_eol_comment,ok,1,True,T1,True,1.0,0.0312,0.0312
R00469,2,CLONE_INTERVAL,T1,t1_add_block_comment,ok,1,True,T1,True,1.0,0.1667,0.1667
R00469,3,MUTATION,T1,t1_add_block_comment,ok,1,True,T1,True,1.0,0.0312,0.0312
R00469,4,UNTOUCHED,T1,none,ok,1,True,T1,True,0.8,0.125,0.1212
R00469,5,UNTOUCHED,T1,none,ok,1,True,T1,True,0.7143,0.1562,0.1471
R00469,6,UNTOUCHED,T1,none,ok,1,True,T1,True,0.6316,0.375,0.3077
R00470,0,CLONE_INTERVAL,T2,t2_rename_local,ok,1,True,T3,False,1.0,0.1765,0.1765
R00470,1,MUTATION,T2,t2_rename_local,ok,5,True,T2,True,1.0,1.0,1.0
R00470,2,CLONE_INTERVAL,T3,t3_delete_statement,ok,1,True,T3,True,0.8889,0.2424,0.2353
R00470,3,MUTATION,T3,t3_delete_statement,ok,5,True,T3,True,1.0,1.0,1.0
R00470,4,UNTOUCHED,T1,none,ok,5,True,T1,True,0.6667,0.8,0.5714
R00470,5,UNTOUCHED,T1,none,ok,5,True,T1,True,0.5714,1.0,0.5714
R00470,6,UNTOUCHED,T1,none,ok,5,True,T1,True,0.5455,0.5455,0.375
R00471,0,CLONE_INTERVAL,T3,t3_wrap_statement,ok,1,True,T3,True,1.0,0.0714,0.0714
R00471,1,MUTATION,T3,t3_wrap_statement,ok,3,True,T3,True,1.0,1.0,1.0
R00471,2,CLONE_INTERVAL,T1,t1_add_eol_comment,ok,1,True,T3,False,1.0,0.0698,0.0698
R00471,3,MUTATION,T1,t1_add_eol_comment,ok,3,True,T1,True,1.0,0.0227,0.0227
R00471,4,UNTOUCHED,T1,none,ok,3,True,T1,True,0.6,0.12,0.1111
R00471,5,UNTOUCHED,T1,none,ok,3,True,T1,True,0.7143,0.1136,0.1087
R00471,6,UNTOUCHED,T1,none,ok,3,True,T1,True,0.6,0.0682,0.0652
R00471,7,UNTOUCHED,T1,none,ok,3,True,T1,True,0.7143,0.1136,0.1087
R00472,0,CLONE_INTERVAL,T1,t1_add_block_comment,ok,1,True,T2,False,0.8571,0.2069,0.2
R00472,1,MUTATION,T1,t1_add_block_comment,ok,3,False,,False,0.0,0.0,0.0
R00472,2,CLONE_INTERVAL,T2,t2_rename_local,ok,1,True,T2,True,1.0,0.2069,0.2069
R00472,3,MUTATION,T2,t2_rename_local,ok,3,True,T2,True,1.0,1.0,1.0
R00472,4,UNTOUCHED,T1,none,ok,3,True,T1,True,0.8333,0.2632,0.25
R00472,5,UNTOUCHED,T1,none,ok,3,True,T1,True,1.0,0.1579,0.1579
R00472,6,UNTOUCHED,T1,none,ok,3,True,T1,True,0.6667,0.6667,0.5
R00473,0,CLONE_INTERVAL,T1,t1_reindent,ok,1,True,T3,False,0.8333,0.2273,0.2174
R00473,1,MUTATION,T1,t1_reindent,ok,3,True,T1,True,0.8333,0.4545,0.4167
R00473,2,CLONE_INTERVAL,T3,t3_delete_statement,ok,1,True,T3,True,1.0,0.3333,0.3333
R00473,3,MUTATION,T3,t3_delete_statement,ok,3,True,T3,True,1.0,1.0,1.0
R00473,4,UNTOUCHED,T1,none,ok,3,True,T1,True,0.3333,0.0909,0.0769
R00473,5,UNTOUCHED,T1,none,ok,3,True,T1,True,0.7143,0.4545,0.3846
R00473,6,UNTOUCHED,T1,none,ok,3,True,T1,True,0.3333,0.1667,0.125
R00474,0,CLONE_INTERVAL,T3,t3_delete_statement,ok,1,False,,False,0.1429,0.0286,0.025
R00474,1,MUTATION,T3,t3_delete_statement,ok,3,False,,False,0.0,0.0,0.0
R00474,2,CLONE_INTERVAL,T3,t3_wrap_statement,ok,1,True,T3,True,0.8571,0.1875,0.1818
R00474,3,MUTATION,T3,t3_wrap_statement,ok,3,True,T3,True,1.0,0.5,0.5
R00474,4,UNTOUCHED,T1,none,ok,3,False,,False,0.0,0.0,0.0
R00474,5,UNTOUCHED,T1,none,ok,3,True,T1,True,0.8,0.4444,0.4
R00474,6,UNTOUCHED,T1,none,ok,3,True,T1,True,0.5652,0.9286,0.5417
R00475,0,CLONE_INTERVAL,T1,t1_reindent,ok,1,True,T1,True,1.0,0.0845,0.0845
R00475,1,MUTATION,T1,t1_reindent,ok,1,True,T1,True,0.8333,0.0862,0.0847
R00475,2,CLONE_INTERVAL,T1,t1_reindent,ok,1,True,T1,True,1.0,0.1127,0.1127
R00475,3,MUTATION,T1,t1_reindent,ok,1,True,T1,True,0.75,0.1034,0.1
R00475,4,UNTOUCHED,T1,none,ok,1,True,T1,True,0.8,0.069,0.0678
R00475,5,UNTOUCHED,T1,none,ok,1,True,T1,True,0.6667,0.0345,0.0339
R00475,6,UNTOUCHED,T1,none,ok,1,True,T1,True,0.6667,0.069,0.0667
R00475,7,UNTOUCHED,T1,none,ok,1,True,T1,True,0.6667,0.1379,0.129
R00476,0,CLONE_INTERVAL,T3,t3_delete_statement,ok,1,False,,False,0.0,0.0,0.0
R00476,1,MUTATION,T3,t3_delete_statement,ok,1,False,,False,0.0,0.0,0.0
R00476,2,CLONE_INTERVAL,T1,t1_add_blank_line,ok,1,True,T1,True,1.0,0.44,0.44
R00476,3,MUTATION,T1,t1_add_blank_line,ok,1,False,,False,0.0,0.0,0.0
R00476,4,UNTOUCHED,T1,none,ok,1,False,,False,0.0,0.0,0.0
R00476,5,UNTOUCHED,T1,none,ok,1,True,T1,True,0.3889,0.3684,0.2333
R00476,6,UNTOUCHED,T1,none,ok,1,True,T1,True,0.5,0.1579,0.1364
R00477,0,CLONE_INTERVAL,T2,t2_rename_local,ok,1,True,T2,True,0.9091,0.3333,0.3226
R00477,1,MUTATION,T2,t2_rename_local,ok,5,True,T2,True,0.5,1.0,0.5
R00477,3,CLONE_INTERVAL,T1,t1_add_blank_line,ok,1,True,T2,False,1.0,0.2759,0.2759
R00477,4,MUTATION,T1,t1_add_blank_line,ok,5,True,T1,True,1.0,0.0769,0.0769
R00477,5,UNTOUCHED,T1,none,ok,5,True,T1,True,0.8,0.6667,0.5714
R00477,6,UNTOUCHED,T1,none,ok,5,True,T1,True,0.6667,0.1538,0.1429
R00477,7,UNTOUCHED,T1,none,ok,5,True,T1,True,0.5,0.2308,0.1875
R00478,0,CLONE_INTERVAL,T1,t1_reindent,ok,1,True,T1,True,1.0,0.4118,0.4118
R00478,1,MUTATION,T1,t1_reindent,ok,1,True,T1,True,0.7143,0.4167,0.3571
R00478,2,CLONE_INTERVAL,T1,t1_add_block_comment,ok,1,True,T1,True,1.0,0.1818,0.1818
R00478,3,MUTATION,T1,t1_add_block_comment,ok,1,False,,False,0.0,0.0,0.0
R00478,4,UNTOUCHED,T1,none,ok,1,True,T1,True,0.75,0.125,0.12
R00478,5,UNTOUCHED,T1,none,ok,1,True,T1,True,0.5556,0.2083,0.1786
R00478,6,UNTOUCHED,T1,none,ok,1,True,T1,True,0.5,0.0833,0.0769
R00479,0,CLONE_INTERVAL,T3,t3_wrap_statement,ok,1,True,T3,True,1.0,0.2857,0.2857
R00479,1,MUTATION,T3,t3_wrap_statement,ok,5,True,T3,True,1.0,1.0,1.0
R00479,2,CLONE_INTERVAL,T3,t3_delete_statement,ok,1,True,T3,True,1.0,0.1724,0.1724
R00479,3,MUTATION,T3,t3_delete_statement,ok,5,True,T3,True,1.0,1.0,1.0
R00479,4,UNTOUCHED,T1,none,ok,5,True,T1,True,0.6667,0.3333,0.2857
R00479,5,UNTOUCHED,T1,none,ok,5,True,T1,True,0.6667,0.3333,0.2857
R00479,6,UNTOUCHED,T1,none,ok,5,True,T1,True,0.6667,0.3333,0.2857
R00479,7,UNTOUCHED,T1,none,ok,5,True,T1,True,0.7778,0.6364,0.5385
R00480,0,CLONE_INTERVAL,T3,t3_insert_statement,ok,1,True,T3,True,1.0,0.2609,0.2609
R00480,1,MUTATION,T3,t3_insert_statement,ok,5,True,T3,True,1.0,1.0,1.0
R00480,2,CLONE_INTERVAL,T3,t3_delete_statement,ok,1,True,T3,True,1.0,0.2174,0.2174
R00480,3,MUTATION,T3,t3_delete_statement,ok,5,True,T3,True,1.0,1.0,1.0
R00480,4,UNTOUCHED,T1,none,ok,5,True,T1,True,0.5,0.3333,0.25
R00480,5,UNTOUCHED,T1,none,ok,5,True,T1,True,0.5,0.3333,0.25
R00480,6,UNTOUCHED,T1,none,ok,5,True,T1,True,0.4,0.2222,0.1667
R00480,7,UNTOUCHED,T1,none,ok,5,True,T1,True,0.3333,1.0,0.3333
R00481,0,CLONE_INTERVAL,T2,t2_rename_local,ok,1,True,T2,True,1.0,0.0673,0.0673
R00481,1,MUTATION,T2,t2_rename_local,ok,7,True,T1,False,0.3333,1.0,0.3333
R00481,4,CLONE_INTERVAL,T1,t1_add_blank_line,ok,1,True,T2,False,1.0,0.0583,0.0583
R00481,5,MUTATION,T1,t1_add_blank_line,ok,7,True,T1,True,1.0,0.0139,0.0139
R00481,6,UNTOUCHED,T1,none,ok,7,True,T1,True,0.6667,0.25,0.2222
R00481,7,UNTOUCHED,T1,none,ok,7,True,T1,True,0.6429,0.125,0.1169
R00481,8,UNTOUCHED,T1,none,ok,7,True,T1,True,0.6,0.0417,0.0405
R00481,9,UNTOUCHED,T1,none,ok,7,True,T1,True,0.7,0.0972,0.0933
R00482,0,CLONE_INTERVAL,T1,t1_add_block_comment,ok,3,True,T1,True,0.875,0.4375,0.4118
R00482,1,MUTATION,T1,t1_add_block_comment,ok,3,False,,False,0.0,0.0,0.0
R00482,2,CLONE_INTERVAL,T1,t1_add_eol_comment,ok,3,True,T1,True,1.0,0.4286,0.4286
R00482,3,MUTATION,T1,t1_add_eol_comment,ok,3,False,,False,0.0,0.0,0.0
R00482,4,UNTOUCHED,T1,none,ok,3,True,T1,True,0.8,0.3333,0.3077
R00482,5,UNTOUCHED,T1,none,ok,3,True,T1,True,0.5,0.25,0.2
R00482,6,UNTOUCHED,T1,none,ok,3,True,T1,True,0.3333,0.0909,0.0769
R00482,7,UNTOUCHED,T1,none,ok,3,True,T1,True,0.625,0.4545,0.3571
R00483,0,CLONE_INTERVAL,T3,t3_insert_statement,ok,1,True,T3,True,1.0,0.3182,0.3182
R00483,1,MUTATION,T3,t3_insert_statement,ok,5,True,T3,True,1.0,1.0,1.0
R00483,2,CLONE_INTERVAL,T2,t2_change_string_literal,ok,1,True,T3,False,0.8333,0.2273,0.2174
R00483,3,MUTATION,T2,t2_change_string_literal,ok,5,True,T2,True,1.0,1.0,1.0
R00483,4,UNTOUCHED,T1,none,ok,5,True,T1,True,0.6,0.375,0.3
R00483,5,UNTOUCHED,T1,none,ok,5,True,T1,True,0.6667,0.5,0.4
R00483,6,UNTOUCHED,T1,none,ok,5,True,T1,True,0.3333,0.1667,0.125
R00484,0,CLONE_INTERVAL,T2,t2_change_int_literal,ok,1,True,T2,True,1.0,0.2,0.2
R00484,1,MUTATION,T2,t2_change_int_literal,ok,5,True,T2,True,1.0,1.0,1.0
R00484,2,CLONE_INTERVAL,T2,t2_change_string_literal,ok,1,True,T2,True,1.0,0.5333,0.5333
R00484,3,MUTATION,T2,t2_change_string_literal,ok,5,True,T2,True,1.0,0.5,0.5
R00484,4,UNTOUCHED,T1,none,ok,5,True,T1,True,0.3333,0.3333,0.2
R00484,5,UNTOUCHED,T1,none,ok,5,True,T1,True,1.0,0.5,0.5
R00484,6,UNTOUCHED,T1,none,ok,5,True,T1,True,0.8,0.3333,0.3077
R00485,0,CLONE_INTERVAL,T1,t1_add_blank_line,ok,1,True,T3,False,0.8571,0.1875,0.1818
R00485,1,MUTATION,T1,t1_add_blank_line,ok,3,False,,False,0.0,0.0,0.0
R00485,2,CLONE_INTERVAL,T3,t3_insert_statement,ok,1,True,T3,True,1.0,0.2581,0.2581
R00485,3,MUTATION,T3,t3_insert_statement,ok,3,True,T3,True,1.0,1.0,1.0
R00485,4,UNTOUCHED,T1,none,ok,3,True,T1,True,0.7778,0.3889,0.35
R00485,5,UNTOUCHED,T1,none,ok,3,True,T1,True,0.6,0.1667,0.15
R00485,6,UNTOUCHED,T1,none,ok,3,True,T1,True,0.6,0.4286,0.3333
R00486,0,CLONE_INTERVAL,T2,t2_change_int_literal,ok,1,True,T2,True,0.875,0.35,0.3333
R00486,1,MUTATION,T2,t2_change_int_literal,ok,3,True,T2,True,1.0,1.0,1.0
R00486,2,CLONE_INTERVAL,T1,t1_reindent,ok,1,True,T2,False,1.0,0.35,0.35
R00486,3,MUTATION,T1,t1_reindent,ok,3,True,T1,True,0.7143,0.3846,0.3333
R00486,5,UNTOUCHED,T1,none,ok,3,True,T1,True,0.6667,0.5,0.4
R00486,6,UNTOUCHED,T1,none,ok,3,True,T1,True,0.5,0.1538,0.1333
R00486,7,UNTOUCHED,T1,none,ok,3,True,T1,True,0.6667,0.1538,0.1429
R00487,0,CLONE_INTERVAL,T1,t1_reindent,ok,1,True,T1,True,1.0,0.4,0.4
R00487,1,MUTATION,T1,t1_reindent,ok,1,True,T1,True,0.75,0.3803,0.3375
R00487,2,CLONE_INTERVAL,T1,t1_reindent,ok,1,True,T1,True,1.0,0.0889,0.0889
R00487,3,MUTATION,T1,t1_reindent,ok,1,True,T1,True,0.75,0.0845,0.0822
R00487,4,UNTOUCHED,T1,none,ok,1,True,T1,True,0.9091,0.1408,0.1389
R00487,5,UNTOUCHED,T1,none,ok,1,True,T1,True,0.8182,0.1268,0.1233
R00487,6,UNTOUCHED,T1,none,ok,1,True,T1,True,0.7308,0.2676,0.2436
R00488,0,CLONE_INTERVAL,T2,t2_change_int_literal,ok,1,True,T2,True,1.0,0.2609,0.2609
R00488,1,MUTATION,T2,t2_change_int_literal,ok,3,True,T2,True,1.0,1.0,1.0
R00488,2,CLONE_INTERVAL,T1,t1_add_blank_line,ok,1,True,T2,False,1.0,0.2727,0.2727
R00488,3,MUTATION,T1,t1_add_blank_line,ok,3,True,T1,True,1.0,0.0714,0.0714
R00488,4,UNTOUCHED,T1,none,ok,3,True,T1,True,0.8,1.0,0.8
R00488,5,UNTOUCHED,T1,none,ok,3,True,T1,True,0.8,0.2857,0.2667
R00488,6,UNTOUCHED,T1,none,ok,3,True,T1,True,0.125,0.0714,0.0476
R00489,0,CLONE_INTERVAL,T1,t1_add_blank_line,ok,1,True,T3,False,0.9,0.2812,0.2727
R00489,1,MUTATION,T1,t1_add_blank_line,ok,3,False,,False,0.0,0.0,0.0
R00489,2,CLONE_INTERVAL,T3,t3_wrap_statement,ok,1,True,T3,True,1.0,0.2333,0.2333
R00489,3,MUTATION,T3,t3_wrap_statement,ok,3,True,T3,True,1.0,1.0,1.0
R00489,4,UNTOUCHED,T1,none,ok,3,True,T1,True,0.6667,0.1538,0.1429
R00489,5,UNTOUCHED,T1,none,ok,3,True,T1,True,0.6667,0.3077,0.2667
R00489,6,UNTOUCHED,T1,none,ok,3,True,T1,True,0.5714,0.5,0.3636
R00490,0,CLONE_INTERVAL,T3,t3_insert_statement,ok,1,True,T3,True,1.0,0.1489,0.1489
R00490,1,MUTATION,T3,t3_insert_statement,ok,5,True,T3,True,1.0,1.0,1.0
R00490,2,CLONE_INTERVAL,T3,t3_wrap_statement,ok,1,True,T3,True,1.0,0.1915,0.1915
R00490,3,MUTATION,T3,t3_wrap_statement,ok,5,True,T3,True,1.0,1.0,1.0
R00490,4,UNTOUCHED,T1,none,ok,5,True,T1,True,0.75,0.5,0.4286
R00490,5,UNTOUCHED,T1,none,ok,5,True,T1,True,0.7391,0.85,0.6538
R00490,6,UNTOUCHED,T1,none,ok,5,True,T1,True,0.5,0.375,0.2727
R00491,0,CLONE_INTERVAL,T1,t1_add_blank_line,ok,1,True,T3,False,0.8571,0.1579,0.1538
R00491,1,MUTATION,T1,t1_add_blank_line,ok,3,False,,False,0.0,0.0,0.0
R00491,2,CLONE_INTERVAL,T3,t3_wrap_statement,ok,1,True,T3,True,1.0,0.2222,0.2222
R00491,3,MUTATION,T3,t3_wrap_statement,ok,3,True,T3,True,1.0,1.0,1.0
R00491,4,UNTOUCHED,T1,none,ok,3,True,T1,True,0.5,0.1538,0.1333
R00491,5,UNTOUCHED,T1,none,ok,3,True,T1,True,1.0,0.2308,0.2308
R00491,6,UNTOUCHED,T1,none,ok,3,True,T1,True,0.7222,0.7647,0.5909
R00492,0,CLONE_INTERVAL,T1,t1_add_block_comment,ok,1,True,T3,False,1.0,0.5556,0.5556
R00492,1,MUTATION,T1,t1_add_block_comment,ok,3,True,T1,True,1.0,0.0714,0.0714
R00492,2,CLONE_INTERVAL,T3,t3_wrap_statement,ok,1,True,T3,True,1.0,0.25,0.25
R00492,3,MUTATION,T3,t3_wrap_statement,ok,3,True,T3,True,1.0,1.0,1.0
R00492,4,UNTOUCHED,T1,none,ok,3,True,T1,True,0.6667,0.1429,0.1333
R00492,5,UNTOUCHED,T1,none,ok,3,False,,False,0.0,0.0,0.0
R00492,6,UNTOUCHED,T1,none,ok,3,True,T1,True,0.6667,0.4,0.3333
R00493,0,CLONE_INTERVAL,T3,t3_wrap_statement,ok,1,True,T3,True,1.0,0.1515,0.1515
R00493,1,MUTATION,T3,t3_wrap_statement,ok,3,True,T3,True,1.0,1.0,1.0
R00493,2,CLONE_INTERVAL,T1,t1_reindent,ok,1,True,T3,False,1.0,0.2727,0.2727
R00493,3,MUTATION,T1,t1_reindent,ok,3,True,T1,True,0.6667,0.0588,0.0588
R00493,5,UNTOUCHED,T1,none,ok,3,True,T1,True,0.75,0.5,0.4286
R00493,6,UNTOUCHED,T1,none,ok,3,True,T1,True,0.5,0.1176,0.1053
R00493,7,UNTOUCHED,T1,none,ok,3,True,T1,True,0.5,0.1176,0.1053
R00494,0,CLONE_INTERVAL,T3,t3_wrap_statement,ok,1,True,T3,True,1.0,0.25,0.25
R00494,1,MUTATION,T3,t3_wrap_statement,ok,5,True,T3,True,1.0,1.0,1.0
R00494,2,CLONE_INTERVAL,T2,t2_change_string_literal,ok,1,True,T3,False,1.0,0.3947,0.3947
R00494,3,MUTATION,T2,t2_change_string_literal,ok,5,True,T2,True,1.0,1.0,1.0
R00494,4,UNTOUCHED,T1,none,ok,5,True,T1,True,0.6667,0.3333,0.2857
R00494,5,UNTOUCHED,T1,none,ok,5,True,T1,True,0.7778,0.5833,0.5
R00494,6,UNTOUCHED,T1,none,ok,5,True,T1,True,0.2,0.125,0.0833
R00495,0,CLONE_INTERVAL,T3,t3_wrap_statement,ok,1,True,T3,True,1.0,0.2222,0.2222
R00495,1,MUTATION,T3,t3_wrap_statement,ok,5,True,T3,True,1.0,1.0,1.0
R00495,2,CLONE_INTERVAL,T2,t2_change_int_literal,ok,1,True,T3,False,1.0,0.2069,0.2069
R00495,3,MUTATION,T2,t2_change_int_literal,ok,5,True,T2,True,1.0,1.0,1.0
R00495,4,UNTOUCHED,T1,none,ok,5,True,T1,True,0.6667,0.3333,0.2857
R00495,5,UNTOUCHED,T1,none,ok,5,True,T1,True,1.0,0.8,0.8
R00495,6,UNTOUCHED,T1,none,ok,5,True,T1,True,0.6,0.6667,0.4615
R00496,0,CLONE_INTERVAL,T2,t2_change_int_literal,ok,1,True,T3,False,1.0,0.186,0.186
R00496,1,MUTATION,T2,t2_change_int_literal,ok,5,True,T2,True,1.0,1.0,1.0
R00496,2,CLONE_INTERVAL,T3,t3_wrap_statement,ok,1,True,T3,True,1.0,0.3659,0.3659
R00496,3,MUTATION,T3,t3_wrap_statement,ok,5,True,T3,True,1.0,1.0,1.0
R00496,4,UNTOUCHED,T1,none,ok,5,True,T1,True,0.875,0.7,0.6364
R00496,5,UNTOUCHED,T1,none,ok,5,True,T1,True,0.6,0.6,0.4286
R00496,6,UNTOUCHED,T1,none,ok,5,True,T1,True,0.5714,0.2857,0.2353
