pair_id,seed_file,seed_problem,left_path,right_path
R00000,s171287228.java,p02394,/Users/liuziqi/Documents/西大Graduate/Project_base/Code/Meng_ProjectBased_DetectCodeSimilar/code-sim/results/formal-v1/batch3/pairs/R00000/left/Main.java,/Users/liuziqi/Documents/西大Graduate/Project_base/Code/Meng_ProjectBased_DetectCodeSimilar/code-sim/results/formal-v1/batch3/pairs/R00000/right/Main.java
R00001,s763063983.java,p03371,/Users/liuziqi/Documents/西大Graduate/Project_base/Code/Meng_ProjectBased_DetectCodeSimilar/code-sim/results/formal-v1/batch3/pairs/R00001/left/Main.java,/Users/liuziqi/Documents/西大Graduate/Project_base/Code/Meng_ProjectBased_DetectCodeSimilar/code-sim/results/formal-v1/batch3/pairs/R00001/right/Main.java
R00002,s299218699.java,p02785,/Users/liuziqi/Documents/西大Graduate/Project_base/Code/Meng_ProjectBased_DetectCodeSimilar/code-sim/results/formal-v1/batch3/pairs/R00002/left/Main.java,/Users/liuziqi/Documents/西大Graduate/Project_base/Code/Meng_ProjectBased_DetectCodeSimilar/code-sim/results/formal-v1/batch3/pairs/R00002/right/Main.java
R00003,s093760223.java,p02829,/Users/liuziqi/Documents/西大Graduate/Project_base/Code/Meng_ProjectBased_DetectCodeSimilar/code-sim/results/formal-v1/batch3/pairs/R00003/left/Main.java,/Users/liuziqi/Documents/西大Graduate/Project_base/Code/Meng_ProjectBased_DetectCodeSimilar/code-sim/results/formal-v1/batch3/pairs/R00003/right/Main.java
R00004,s488677385.java,p03071,/Users/liuziqi/Documents/西大Graduate/Project_base/Code/Meng_ProjectBased_DetectCodeSimilar/code-sim/results/formal-v1/batch3/pairs/R00004/left/Main.java,/Users/liuziqi/Documents/西大Graduate/Project_base/Code/Meng_ProjectBased_DetectCodeSimilar/code-sim/results/formal-v1/batch3/pairs/R00004/right/Main.java
R00005,s290040491.java,p02700,/Users/liuziqi/Documents/西大Graduate/Project_base/Code/Meng_ProjectBased_DetectCodeSimilar/code-sim/results/formal-v1/batch3/pairs/R00005/left/Main.java,/Users/liuziqi/Documents/西大Graduate/Project_base/Code/Meng_ProjectBased_DetectCodeSimilar/code-sim/results/formal-v1/batch3/pairs/R00005/right/Main.java
R00006,s670850837.java,p02731,/Users/liuziqi/Documents/西大Graduate/Project_base/Code/Meng_ProjectBased_DetectCodeSimilar/code-sim/results/formal-v1/batch3/pairs/R00006/left/Main.java,/Users/liuziqi/Documents/西大Graduate/Project_base/Code/Meng_ProjectBased_DetectCodeSimilar/code-sim/results/formal-v1/batch3/pairs/R00006/right/Main.java
R00007,s284595571.java,p04044,/Users/liuziqi/Documents/西大Graduate/Project_base/Code/Meng_ProjectBased_DetectCodeSimilar/code-sim/results/formal-v1/batch3/pairs/R00007/left/Main.java,/Users/liuziqi/Documents/西大Graduate/Project_base/Code/Meng_ProjectBased_DetectCodeSimilar/code-sim/results/formal-v1/batch3/pairs/R00007/right/Main.java
R00008,s925077754.java,p02947,/Users/liuziqi/Documents/西大Graduate/Project_base/Code/Meng_ProjectBased_DetectCodeSimilar/code-sim/results/formal-v1/batch3/pairs/R00008/left/Main.java,/Users/liuziqi/Documents/西大Graduate/Project_base/Code/Meng_ProjectBased_DetectCodeSimilar/code-sim/results/formal-v1/batch3/pairs/R00008/right/Main.java
R00009,s960423101.java,p02958,/Users/liuziqi/Documents/西大Graduate/Project_base/Code/Meng_ProjectBased_DetectCodeSimilar/code-sim/results/formal-v1/batch3/pairs/R00009/left/Main.java,/Users/liuziqi/Documents/西大Graduate/Project_base/Code/Meng_ProjectBased_DetectCodeSimilar/code-sim/results/formal-v1/batch3/pairs/R00009/right/Main.java
R00010,s963825332.java,p02766,/Users/liuziqi/Documents/西大Graduate/Project_base/Code/Meng_ProjectBased_DetectCodeSimilar/code-sim/results/formal-v1/batch3/pairs/R00010/left/Main.java,/Users/liuziqi/Documents/西大Graduate/Project_base/Code/Meng_ProjectBased_DetectCodeSimilar/code-sim/results/formal-v1/batch3/pairs/R00010/right/Main.java
R00011,s481947507.java,p03220,/Users/liuziqi/Documents/西大Graduate/Project_base/Code/Meng_ProjectBased_DetectCodeSimilar/code-sim/results/formal-v1/batch3/pairs/R00011/left/Main.java,/Users/liuziqi/Documents/西大Graduate/Project_base/Code/Meng_ProjectBased_DetectCodeSimilar/code-sim/results/formal-v1/batch3/pairs/R00011/right/Main.java
R00012,s685212681.java,p03285,/Users/liuziqi/Documents/西大Graduate/Project_base/Code/Meng_ProjectBased_DetectCodeSimilar/code-sim/results/formal-v1/batch3/pairs/R00012/left/Main.java,/Users/liuziqi/Documents/西大Graduate/Project_base/Code/Meng_ProjectBased_DetectCodeSimilar/code-sim/results/formal-v1/batch3/pairs/R00012/right/Main.java
R00013,s807308851.java,p03136,/Users/liuziqi/Documents/西大Graduate/Project_base/Code/Meng_ProjectBased_DetectCodeSimilar/code-sim/results/formal-v1/batch3/pairs/R00013/left/Main.java,/Users/liuziqi/Documents/西大Graduate/Project_base/Code/Meng_ProjectBased_DetectCodeSimilar/code-sim/results/formal-v1/batch3/pairs/R00013/right/Main.java
R00014,s288359347.java,p04044,/Users/liuziqi/Documents/西大Graduate/Project_base/Code/Meng_ProjectBased_DetectCodeSimilar/code-sim/results/formal-v1/batch3/pairs/R00014/left/Main.java,/Users/liuziqi/Documents/西大Graduate/Project_base/Code/Meng_ProjectBased_DetectCodeSimilar/code-sim/results/formal-v1/batch3/pairs/R00014/right/Main.java
R00015,s608216800.java,p02945,/Users/liuziqi/Documents/西大Graduate/Project_base/Code/Meng_ProjectBased_DetectCodeSimilar/code-sim/results/formal-v1/batch3/pairs/R00015/left/Main.java,/Users/liuziqi/Documents/西大Graduate/Project_base/Code/Meng_ProjectBased_DetectCodeSimilar/code-sim/results/formal-v1/batch3/pairs/R00015/right/Main.java
R00016,s970026519.java,p02953,/Users/liuziqi/Documents/西大Graduate/Project_base/Code/Meng_ProjectBased_DetectCodeSimilar/code-sim/results/formal-v1/batch3/pairs/R00016/left/Main.java,/Users/liuziqi/Documents/西大Graduate/Project_base/Code/Meng_ProjectBased_DetectCodeSimilar/code-sim/results/formal-v1/batch3/pairs/R00016/right/Main.java
R00017,s981889525.java,p03695,/Users/liuziqi/Documents/西大Graduate/Project_base/Code/Meng_ProjectBased_DetectCodeSimilar/code-sim/results/formal-v1/batch3/pairs/R00017/left/Main.java,/Users/liuziqi/Documents/西大Graduate/Project_base/Code/Meng_ProjectBased_DetectCodeSimilar/code-sim/results/formal-v1/batch3/pairs/R00017/right/Main.java
R00018,s636099105.java,p03160,/Users/liuziqi/Documents/西大Graduate/Project_base/Code/Meng_ProjectBased_DetectCodeSimilar/code-sim/results/formal-v1/batch3/pairs/R00018/left/Main.java,/Users/liuziqi/Documents/西大Graduate/Project_base/Code/Meng_ProjectBased_DetectCodeSimilar/code-sim/results/formal-v1/batch3/pairs/R00018/right/Main.java
R00019,s867308550.java,p04043,/Users/liuziqi/Documents/西大Graduate/Project_base/Code/Meng_ProjectBased_DetectCodeSimilar/code-sim/results/formal-v1/batch3/pairs/R00019/left/Main.java,/Users/liuziqi/Documents/西大Graduate/Project_base/Code/Meng_ProjectBased_DetectCodeSimilar/code-sim/results/formal-v1/batch3/pairs/R00019/right/Main.java
R00020,s271015353.java,p02766,/Users/liuziqi/Documents/西大Graduate/Project_base/Code/Meng_ProjectBased_DetectCodeSimilar/code-sim/results/formal-v1/batch3/pairs/R00020/left/Main.java,/Users/liuziqi/Documents/西大Graduate/Project_base/Code/Meng_ProjectBased_DetectCodeSimilar/code-sim/results/formal-v1/batch3/pairs/R00020/right/Main.java
R00021,s380018222.java,p03001,/Users/liuziqi/Documents/西大Graduate/Project_base/Code/Meng_ProjectBased_DetectCodeSimilar/code-sim/results/formal-v1/batch3/pairs/R00021/left/Main.java,/Users/liuziqi/Documents/西大Graduate/Project_base/Code/Meng_ProjectBased_DetectCodeSimilar/code-sim/results/formal-v1/batch3/pairs/R00021/right/Main.java
R00022,s003149636.java,p02398,/Users/liuziqi/Documents/西大Graduate/Project_base/Code/Meng_ProjectBased_DetectCodeSimilar/code-sim/results/formal-v1/batch3/pairs/R00022/left/Main.java,/Users/liuziqi/Documents/西大Graduate/Project_base/Code/Meng_ProjectBased_DetectCodeSimilar/code-sim/results/formal-v1/batch3/pairs/R00022/right/Main.java
R00023,s285022762.java,p03072,/Users/liuziqi/Documents/西大Graduate/Project_base/Code/Meng_ProjectBased_DetectCodeSimilar/code-sim/results/formal-v1/batch3/pairs/R00023/left/Main.java,/Users/liuziqi/Documents/西大Graduate/Project_base/Code/Meng_ProjectBased_DetectCodeSimilar/code-sim/results/formal-v1/batch3/pairs/R00023/right/Main.java
R00024,s181751504.java,p02402,/Users/liuziqi/Documents/西大Graduate/Project_base/Code/Meng_ProjectBased_DetectCodeSimilar/code-sim/results/formal-v1/batch3/pairs/R00024/left/Main.java,/Users/liuziqi/Documents/西大Graduate/Project_base/Code/Meng_ProjectBased_DetectCodeSimilar/code-sim/results/formal-v1/batch3/pairs/R00024/right/Main.java
R00025,s262934545.java,p02389,/Users/liuziqi/Documents/西大Graduate/Project_base/Code/Meng_ProjectBased_DetectCodeSimilar/code-sim/results/formal-v1/batch3/pairs/R00025/left/Main.java,/Users/liuziqi/Documents/西大Graduate/Project_base/Code/Meng_ProjectBased_DetectCodeSimilar/code-sim/results/formal-v1/batch3/pairs/R00025/right/Main.java
R00026,s292705053.java,p00011,/Users/liuziqi/Documents/西大Graduate/Project_base/Code/Meng_ProjectBased_DetectCodeSimilar/code-sim/results/formal-v1/batch3/pairs/R00026/left/Main.java,/Users/liuziqi/Documents/西大Graduate/Project_base/Code/Meng_ProjectBased_DetectCodeSimilar/code-sim/results/formal-v1/batch3/pairs/R00026/right/Main.java
R00027,s709401261.java,p02413,/Users/liuziqi/Documents/西大Graduate/Project_base/Code/Meng_ProjectBased_DetectCodeSimilar/code-sim/results/formal-v1/batch3/pairs/R00027/left/Main.java,/Users/liuziqi/Documents/西大Graduate/Project_base/Code/Meng_ProjectBased_DetectCodeSimilar/code-sim/results/formal-v1/batch3/pairs/R00027/right/Main.java
R00028,s685328581.java,p02958,/Users/liuziqi/Documents/西大Graduate/Project_base/Code/Meng_ProjectBased_DetectCodeSimilar/code-sim/results/formal-v1/batch3/pairs/R00028/left/Main.java,/Users/liuziqi/Documents/西大Graduate/Project_base/Code/Meng_ProjectBased_DetectCodeSimilar/code-sim/results/formal-v1/batch3/pairs/R00028/right/Main.java
R00029,s637192989.java,p02848,/Users/liuziqi/Documents/西大Graduate/Project_base/Code/Meng_ProjectBased_DetectCodeSimilar/code-sim/results/formal-v1/batch3/pairs/R00029/left/Main.java,/Users/liuziqi/Documents/西大Graduate/Project_base/Code/Meng_ProjectBased_DetectCodeSimilar/code-sim/results/formal-v1/batch3/pairs/R00029/right/Main.java
R00030,s276131604.java,p02935,/Users/liuziqi/Documents/西大Graduate/Project_base/Code/Meng_ProjectBased_DetectCodeSimilar/code-sim/results/formal-v1/batch3/pairs/R00030/left/Main.java,/Users/liuziqi/Documents/西大Graduate/Project_base/Code/Meng_ProjectBased_DetectCodeSimilar/code-sim/results/formal-v1/batch3/pairs/R00030/right/Main.java
R00031,s812123436.java,p02935,/Users/liuziqi/Documents/西大Graduate/Project_base/Code/Meng_ProjectBased_DetectCodeSimilar/code-sim/results/formal-v1/batch3/pairs/R00031/left/Main.java,/Users/liuziqi/Documents/西大Graduate/Project_base/Code/Meng_ProjectBased_DetectCodeSimilar/code-sim/results/formal-v1/batch3/pairs/R00031/right/Main.java
R00032,s656136476.java,p02730,/Users/liuziqi/Documents/西大Graduate/Project_base/Code/Meng_ProjectBased_DetectCodeSimilar/code-sim/results/formal-v1/batch3/pairs/R00032/left/Main.java,/Users/liuziqi/Documents/西大Graduate/Project_base/Code/Meng_ProjectBased_DetectCodeSimilar/code-sim/results/formal-v1/batch3/pairs/R00032/right/Main.java
R00033,s868314908.java,p02717,/Users/liuziqi/Documents/西大Graduate/Project_base/Code/Meng_ProjectBased_DetectCodeSimilar/code-sim/results/formal-v1/batch3/pairs/R00033/left/Main.java,/Users/liuziqi/Documents/西大Graduate/Project_base/Code/Meng_ProjectBased_DetectCodeSimilar/code-sim/results/formal-v1/batch3/pairs/R00033/right/Main.java
R00034,s966886995.java,p02719,/Users/liuziqi/Documents/西大Graduate/Project_base/Code/Meng_ProjectBased_DetectCodeSimilar/code-sim/results/formal-v1/batch3/pairs/R00034/left/Main.java,/Users/liuziqi/Documents/西大Graduate/Project_base/Code/Meng_ProjectBased_DetectCodeSimilar/code-sim/results/formal-v1/batch3/pairs/R00034/right/Main.java
R00035,s178031390.java,p02784,/Users/liuziqi/Documents/西大Graduate/Project_base/Code/Meng_ProjectBased_DetectCodeSimilar/code-sim/results/formal-v1/batch3/pairs/R00035/left/Main.java,/Users/liuziqi/Documents/西大Graduate/Project_base/Code/Meng_ProjectBased_DetectCodeSimilar/code-sim/results/formal-v1/batch3/pairs/R00035/right/Main.java
R00036,s353886837.java,p02952,/Users/liuziqi/Documents/西大Graduate/Project_base/Code/Meng_ProjectBased_DetectCodeSimilar/code-sim/results/formal-v1/batch3/pairs/R00036/left/Main.java,/Users/liuziqi/Documents/西大Graduate/Project_base/Code/Meng_ProjectBased_DetectCodeSimilar/code-sim/results/formal-v1/batch3/pairs/R00036/right/Main.java
R00037,s712910618.java,p04044,/Users/liuziqi/Documents/西大Graduate/Project_base/Code/Meng_ProjectBased_DetectCodeSimilar/code-sim/results/formal-v1/batch3/pairs/R00037/left/Main.java,/Users/liuziqi/Documents/西大Graduate/Project_base/Code/Meng_ProjectBased_DetectCodeSimilar/code-sim/results/formal-v1/batch3/pairs/R00037/right/Main.java
R00038,s796131826.java,p02570,/Users/liuziqi/Documents/西大Graduate/Project_base/Code/Meng_ProjectBased_DetectCodeSimilar/code-sim/results/formal-v1/batch3/pairs/R00038/left/Main.java,/Users/liuziqi/Documents/西大Graduate/Project_base/Code/Meng_ProjectBased_DetectCodeSimilar/code-sim/results/formal-v1/batch3/pairs/R00038/right/Main.java
R00039,s032815974.java,p03360,/Users/liuziqi/Documents/西大Graduate/Project_base/Code/Meng_ProjectBased_DetectCodeSimilar/code-sim/results/formal-v1/batch3/pairs/R00039/left/Main.java,/Users/liuziqi/Documents/西大Graduate/Project_base/Code/Meng_ProjectBased_DetectCodeSimilar/code-sim/results/formal-v1/batch3/pairs/R00039/right/Main.java
R00040,s657043579.java,p03012,/Users/liuziqi/Documents/西大Graduate/Project_base/Code/Meng_ProjectBased_DetectCodeSimilar/code-sim/results/formal-v1/batch3/pairs/R00040/left/Main.java,/Users/liuziqi/Documents/西大Graduate/Project_base/Code/Meng_ProjectBased_DetectCodeSimilar/code-sim/results/formal-v1/batch3/pairs/R00040/right/Main.java
R00041,s112495443.java,p03087,/Users/liuziqi/Documents/西大Graduate/Project_base/Code/Meng_ProjectBased_DetectCodeSimilar/code-sim/results/formal-v1/batch3/pairs/R00041/left/Main.java,/Users/liuziqi/Documents/西大Graduate/Project_base/Code/Meng_ProjectBased_DetectCodeSimilar/code-sim/results/formal-v1/batch3/pairs/R00041/right/Main.java
R00042,s860305852.java,p04044,/Users/liuziqi/Documents/西大Graduate/Project_base/Code/Meng_ProjectBased_DetectCodeSimilar/code-sim/results/formal-v1/batch3/pairs/R00042/left/Main.java,/Users/liuziqi/Documents/西大Graduate/Project_base/Code/Meng_ProjectBased_DetectCodeSimilar/code-sim/results/formal-v1/batch3/pairs/R00042/right/Main.java
R00043,s487052752.java,p03471,/Users/liuziqi/Documents/西大Graduate/Project_base/Code/Meng_ProjectBased_DetectCodeSimilar/code-sim/results/formal-v1/batch3/pairs/R00043/left/Main.java,/Users/liuziqi/Documents/西大Graduate/Project_base/Code/Meng_ProjectBased_DetectCodeSimilar/code-sim/results/formal-v1/batch3/pairs/R00043/right/Main.java
R00044,s645448138.java,p02772,/Users/liuziqi/Documents/西大Graduate/Project_base/Code/Meng_ProjectBased_DetectCodeSimilar/code-sim/results/formal-v1/batch3/pairs/R00044/left/Main.java,/Users/liuziqi/Documents/西大Graduate/Project_base/Code/Meng_ProjectBased_DetectCodeSimilar/code-sim/results/formal-v1/batch3/pairs/R00044/right/Main.java
R00045,s198440358.java,p03644,/Users/liuziqi/Documents/西大Graduate/Project_base/Code/Meng_ProjectBased_DetectCodeSimilar/code-sim/results/formal-v1/batch3/pairs/R00045/left/Main.java,/Users/liuziqi/Documents/西大Graduate/Project_base/Code/Meng_ProjectBased_DetectCodeSimilar/code-sim/results/formal-v1/batch3/pairs/R00045/right/Main.java
R00046,s946594756.java,p02917,/Users/liuziqi/Documents/西大Graduate/Project_base/Code/Meng_ProjectBased_DetectCodeSimilar/code-sim/results/formal-v1/batch3/pairs/R00046/left/Main.java,/Users/liuziqi/Documents/西大Graduate/Project_base/Code/Meng_ProjectBased_DetectCodeSimilar/code-sim/results/formal-v1/batch3/pairs/R00046/right/Main.java
R00047,s582229723.java,p02258,/Users/liuziqi/Documents/西大Graduate/Project_base/Code/Meng_ProjectBased_DetectCodeSimilar/code-sim/results/formal-v1/batch3/pairs/R00047/left/Main.java,/Users/liuziqi/Documents/西大Graduate/Project_base/Code/Meng_ProjectBased_DetectCodeSimilar/code-sim/results/formal-v1/batch3/pairs/R00047/right/Main.java
R00048,s575804993.java,p02406,/Users/liuziqi/Documents/西大Graduate/Project_base/Code/Meng_ProjectBased_DetectCodeSimilar/code-sim/results/formal-v1/batch3/pairs/R00048/left/Main.java,/Users/liuziqi/Documents/西大Graduate/Project_base/Code/Meng_ProjectBased_DetectCodeSimilar/code-sim/results/formal-v1/batch3/pairs/R00048/right/Main.java
R00049,s011437499.java,p02711,/Users/liuziqi/Documents/西大Graduate/Project_base/Code/Meng_ProjectBased_DetectCodeSimilar/code-sim/results/formal-v1/batch3/pairs/R00049/left/Main.java,/Users/liuziqi/Documents/西大Graduate/Project_base/Code/Meng_ProjectBased_DetectCodeSimilar/code-sim/results/formal-v1/batch3/pairs/R00049/right/Main.java
R00050,s928546232.java,p02553,/Users/liuziqi/Documents/西大Graduate/Project_base/Code/Meng_ProjectBased_DetectCodeSimilar/code-sim/results/formal-v1/batch3/pairs/R00050/left/Main.java,/Users/liuziqi/Documents/西大Graduate/Project_base/Code/Meng_ProjectBased_DetectCodeSimilar/code-sim/results/formal-v1/batch3/pairs/R00050/right/Main.java
R00051,s896481140.java,p02993,/Users/liuziqi/Documents/西大Graduate/Project_base/Code/Meng_ProjectBased_DetectCodeSimilar/code-sim/results/formal-v1/batch3/pairs/R00051/left/Main.java,/Users/liuziqi/Documents/西大Graduate/Project_base/Code/Meng_ProjectBased_DetectCodeSimilar/code-sim/results/formal-v1/batch3/pairs/R00051/right/Main.java
R00052,s267343703.java,p02982,/Users/liuziqi/Documents/西大Graduate/Project_base/Code/Meng_ProjectBased_DetectCodeSimilar/code-sim/results/formal-v1/batch3/pairs/R00052/left/Main.java,/Users/liuziqi/Documents/西大Graduate/Project_base/Code/Meng_ProjectBased_DetectCodeSimilar/code-sim/results/formal-v1/batch3/pairs/R00052/right/Main.java
R00053,s145528669.java,p02257,/Users/liuziqi/Documents/西大Graduate/Project_base/Code/Meng_ProjectBased_DetectCodeSimilar/code-sim/results/formal-v1/batch3/pairs/R00053/left/Main.java,/Users/liuziqi/Documents/西大Graduate/Project_base/Code/Meng_ProjectBased_DetectCodeSimilar/code-sim/results/formal-v1/batch3/pairs/R00053/right/Main.java
R00054,s351356763.java,p02773,/Users/liuziqi/Documents/西大Graduate/Project_base/Code/Meng_ProjectBased_DetectCodeSimilar/code-sim/results/formal-v1/batch3/pairs/R00054/left/Main.java,/Users/liuziqi/Documents/西大Graduate/Project_base/Code/Meng_ProjectBased_DetectCodeSimilar/code-sim/results/formal-v1/batch3/pairs/R00054/right/Main.java
R00055,s377713017.java,p02413,/Users/liuziqi/Documents/西大Graduate/Project_base/Code/Meng_ProjectBased_DetectCodeSimilar/code-sim/results/formal-v1/batch3/pairs/R00055/left/Main.java,/Users/liuziqi/Documents/西大Graduate/Project_base/Code/Meng_ProjectBased_DetectCodeSimilar/code-sim/results/formal-v1/batch3/pairs/R00055/right/Main.java
R00056,s913939295.java,p02717,/Users/liuziqi/Documents/西大Graduate/Project_base/Code/Meng_ProjectBased_DetectCodeSimilar/code-sim/results/formal-v1/batch3/pairs/R00056/left/Main.java,/Users/liuziqi/Documents/西大Graduate/Project_base/Code/Meng_ProjectBased_DetectCodeSimilar/code-sim/results/formal-v1/batch3/pairs/R00056/right/Main.java
R00057,s535129474.java,p03285,/Users/liuziqi/Documents/西大Graduate/Project_base/Code/Meng_ProjectBased_DetectCodeSimilar/code-sim/results/formal-v1/batch3/pairs/R00057/left/Main.java,/Users/liuziqi/Documents/西大Graduate/Project_base/Code/Meng_ProjectBased_DetectCodeSimilar/code-sim/results/formal-v1/batch3/pairs/R00057/right/Main.java
R00058,s787883892.java,p03720,/Users/liuziqi/Documents/西大Graduate/Project_base/Code/Meng_ProjectBased_DetectCodeSimilar/code-sim/results/formal-v1/batch3/pairs/R00058/left/Main.java,/Users/liuziqi/Documents/西大Graduate/Project_base/Code/Meng_ProjectBased_DetectCodeSimilar/code-sim/results/formal-v1/batch3/pairs/R00058/right/Main.java
R00059,s238093199.java,p02829,/Users/liuziqi/Documents/西大Graduate/Project_base/Code/Meng_ProjectBased_DetectCodeSimilar/code-sim/results/formal-v1/batch3/pairs/R00059/left/Main.java,/Users/liuziqi/Documents/西大Graduate/Project_base/Code/Meng_ProjectBased_DetectCodeSimilar/code-sim/results/formal-v1/batch3/pairs/R00059/right/Main.java
R00060,s605585190.java,p03147,/Users/liuziqi/Documents/西大Graduate/Project_base/Code/Meng_ProjectBased_DetectCodeSimilar/code-sim/results/formal-v1/batch3/pairs/R00060/left/Main.java,/Users/liuziqi/Documents/西大Graduate/Project_base/Code/Meng_ProjectBased_DetectCodeSimilar/code-sim/results/formal-v1/batch3/pairs/R00060/right/Main.java
R00061,s889519637.java,p02898,/Users/liuziqi/Documents/西大Graduate/Project_base/Code/Meng_ProjectBased_DetectCodeSimilar/code-sim/results/formal-v1/batch3/pairs/R00061/left/Main.java,/Users/liuziqi/Documents/西大Graduate/Project_base/Code/Meng_ProjectBased_DetectCodeSimilar/code-sim/results/formal-v1/batch3/pairs/R00061/right/Main.java
R00062,s661307193.java,p03136,/Users/liuziqi/Documents/西大Graduate/Project_base/Code/Meng_ProjectBased_DetectCodeSimilar/code-sim/results/formal-v1/batch3/pairs/R00062/left/Main.java,/Users/liuziqi/Documents/西大Graduate/Project_base/Code/Meng_ProjectBased_DetectCodeSimilar/code-sim/results/formal-v1/batch3/pairs/R00062/right/Main.java
R00063,s496104684.java,p03720,/Users/liuziqi/Documents/西大Graduate/Project_base/Code/Meng_ProjectBased_DetectCodeSimilar/code-sim/results/formal-v1/batch3/pairs/R00063/left/Main.java,/Users/liuziqi/Documents/西大Graduate/Project_base/Code/Meng_ProjectBased_DetectCodeSimilar/code-sim/results/formal-v1/batch3/pairs/R00063/right/Main.java
R00064,s053072126.java,p03695,/Users/liuziqi/Documents/西大Graduate/Project_base/Code/Meng_ProjectBased_DetectCodeSimilar/code-sim/results/formal-v1/batch3/pairs/R00064/left/Main.java,/Users/liuziqi/Documents/西大Graduate/Project_base/Code/Meng_ProjectBased_DetectCodeSimilar/code-sim/results/formal-v1/batch3/pairs/R00064/right/Main.java
R00065,s733824270.java,p02983,/Users/liuziqi/Documents/西大Graduate/Project_base/Code/Meng_ProjectBased_DetectCodeSimilar/code-sim/results/formal-v1/batch3/pairs/R00065/left/Main.java,/Users/liuziqi/Documents/西大Graduate/Project_base/Code/Meng_ProjectBased_DetectCodeSimilar/code-sim/results/formal-v1/batch3/pairs/R00065/right/Main.java
R00066,s509984263.java,p02613,/Users/liuziqi/Documents/西大Graduate/Project_base/Code/Meng_ProjectBased_DetectCodeSimilar/code-sim/results/formal-v1/batch3/pairs/R00066/left/Main.java,/Users/liuziqi/Documents/西大Graduate/Project_base/Code/Meng_ProjectBased_DetectCodeSimilar/code-sim/results/formal-v1/batch3/pairs/R00066/right/Main.java
R00067,s850523825.java,p04043,/Users/liuziqi/Documents/西大Graduate/Project_base/Code/Meng_ProjectBased_DetectCodeSimilar/code-sim/results/formal-v1/batch3/pairs/R00067/left/Main.java,/Users/liuziqi/Documents/西大Graduate/Project_base/Code/Meng_ProjectBased_DetectCodeSimilar/code-sim/results/formal-v1/batch3/pairs/R00067/right/Main.java
R00068,s122374179.java,p02410,/Users/liuziqi/Documents/西大Graduate/Project_base/Code/Meng_ProjectBased_DetectCodeSimilar/code-sim/results/formal-v1/batch3/pairs/R00068/left/Main.java,/Users/liuziqi/Documents/西大Graduate/Project_base/Code/Meng_ProjectBased_DetectCodeSimilar/code-sim/results/formal-v1/batch3/pairs/R00068/right/Main.java
R00069,s660689814.java,p02688,/Users/liuziqi/Documents/西大Graduate/Project_base/Code/Meng_ProjectBased_DetectCodeSimilar/code-sim/results/formal-v1/batch3/pairs/R00069/left/Main.java,/Users/liuziqi/Documents/西大Graduate/Project_base/Code/Meng_ProjectBased_DetectCodeSimilar/code-sim/results/formal-v1/batch3/pairs/R00069/right/Main.java
R00070,s360590241.java,p02946,/Users/liuziqi/Documents/西大Graduate/Project_base/Code/Meng_ProjectBased_DetectCodeSimilar/code-sim/results/formal-v1/batch3/pairs/R00070/left/Main.java,/Users/liuziqi/Documents/西大Graduate/Project_base/Code/Meng_ProjectBased_DetectCodeSimilar/code-sim/results/formal-v1/batch3/pairs/R00070/right/Main.java
R00071,s628512054.java,p02577,/Users/liuziqi/Documents/西大Graduate/Project_base/Code/Meng_ProjectBased_DetectCodeSimilar/code-sim/results/formal-v1/batch3/pairs/R00071/left/Main.java,/Users/liuziqi/Documents/西大Graduate/Project_base/Code/Meng_ProjectBased_DetectCodeSimilar/code-sim/results/formal-v1/batch3/pairs/R00071/right/Main.java
R00072,s610633247.java,p02779,/Users/liuziqi/Documents/西大Graduate/Project_base/Code/Meng_ProjectBased_DetectCodeSimilar/code-sim/results/formal-v1/batch3/pairs/R00072/left/Main.java,/Users/liuziqi/Documents/西大Graduate/Project_base/Code/Meng_ProjectBased_DetectCodeSimilar/code-sim/results/formal-v1/batch3/pairs/R00072/right/Main.java
R00073,s217021087.java,p02724,/Users/liuziqi/Documents/西大Graduate/Project_base/Code/Meng_ProjectBased_DetectCodeSimilar/code-sim/results/formal-v1/batch3/pairs/R00073/left/Main.java,/Users/liuziqi/Documents/西大Graduate/Project_base/Code/Meng_ProjectBased_DetectCodeSimilar/code-sim/results/formal-v1/batch3/pairs/R00073/right/Main.java
R00074,s486190242.java,p02832,/Users/liuziqi/Documents/西大Graduate/Project_base/Code/Meng_ProjectBased_DetectCodeSimilar/code-sim/results/formal-v1/batch3/pairs/R00074/left/Main.java,/Users/liuziqi/Documents/西大Graduate/Project_base/Code/Meng_ProjectBased_DetectCodeSimilar/code-sim/results/formal-v1/batch3/pairs/R00074/right/Main.java
R00075,s251899118.java,p02958,/Users/liuziqi/Documents/西大Graduate/Project_base/Code/Meng_ProjectBased_DetectCodeSimilar/code-sim/results/formal-v1/batch3/pairs/R00075/left/Main.java,/Users/liuziqi/Documents/西大Graduate/Project_base/Code/Meng_ProjectBased_DetectCodeSimilar/code-sim/results/formal-v1/batch3/pairs/R00075/right/Main.java
R00076,s223266503.java,p02417,/Users/liuziqi/Documents/西大Graduate/Project_base/Code/Meng_ProjectBased_DetectCodeSimilar/code-sim/results/formal-v1/batch3/pairs/R00076/left/Main.java,/Users/liuziqi/Documents/西大Graduate/Project_base/Code/Meng_ProjectBased_DetectCodeSimilar/code-sim/results/formal-v1/batch3/pairs/R00076/right/Main.java
R00077,s091437664.java,p03160,/Users/liuziqi/Documents/西大Graduate/Project_base/Code/Meng_ProjectBased_DetectCodeSimilar/code-sim/results/formal-v1/batch3/pairs/R00077/left/Main.java,/Users/liuziqi/Documents/西大Graduate/Project_base/Code/Meng_ProjectBased_DetectCodeSimilar/code-sim/results/formal-v1/batch3/pairs/R00077/right/Main.java
R00078,s530272761.java,p02414,/Users/liuziqi/Documents/西大Graduate/Project_base/Code/Meng_ProjectBased_DetectCodeSimilar/code-sim/results/formal-v1/batch3/pairs/R00078/left/Main.java,/Users/liuziqi/Documents/西大Graduate/Project_base/Code/Meng_ProjectBased_DetectCodeSimilar/code-sim/results/formal-v1/batch3/pairs/R00078/right/Main.java
R00079,s620981559.java,p02260,/Users/liuziqi/Documents/西大Graduate/Project_base/Code/Meng_ProjectBased_DetectCodeSimilar/code-sim/results/formal-v1/batch3/pairs/R00079/left/Main.java,/Users/liuziqi/Documents/西大Graduate/Project_base/Code/Meng_ProjectBased_DetectCodeSimilar/code-sim/results/formal-v1/batch3/pairs/R00079/right/Main.java
R00080,s193784986.java,p02983,/Users/liuziqi/Documents/西大Graduate/Project_base/Code/Meng_ProjectBased_DetectCodeSimilar/code-sim/results/formal-v1/batch3/pairs/R00080/left/Main.java,/Users/liuziqi/Documents/西大Graduate/Project_base/Code/Meng_ProjectBased_DetectCodeSimilar/code-sim/results/formal-v1/batch3/pairs/R00080/right/Main.java
R00081,s639630825.java,p02613,/Users/liuziqi/Documents/西大Graduate/Project_base/Code/Meng_ProjectBased_DetectCodeSimilar/code-sim/results/formal-v1/batch3/pairs/R00081/left/Main.java,/Users/liuziqi/Documents/西大Graduate/Project_base/Code/Meng_ProjectBased_DetectCodeSimilar/code-sim/results/formal-v1/batch3/pairs/R00081/right/Main.java
R00082,s601240030.java,p02613,/Users/liuziqi/Documents/西大Graduate/Project_base/Code/Meng_ProjectBased_DetectCodeSimilar/code-sim/results/formal-v1/batch3/pairs/R00082/left/Main.java,/Users/liuziqi/Documents/西大Graduate/Project_base/Code/Meng_ProjectBased_DetectCodeSimilar/code-sim/results/formal-v1/batch3/pairs/R00082/right/Main.java
R00083,s172787901.java,p02552,/Users/liuziqi/Documents/西大Graduate/Project_base/Code/Meng_ProjectBased_DetectCodeSimilar/code-sim/results/formal-v1/batch3/pairs/R00083/left/Main.java,/Users/liuziqi/Documents/西大Graduate/Project_base/Code/Meng_ProjectBased_DetectCodeSimilar/code-sim/results/formal-v1/batch3/pairs/R00083/right/Main.java
R00084,s307538891.java,p02916,/Users/liuziqi/Documents/西大Graduate/Project_base/Code/Meng_ProjectBased_DetectCodeSimilar/code-sim/results/formal-v1/batch3/pairs/R00084/left/Main.java,/Users/liuziqi/Documents/西大Graduate/Project_base/Code/Meng_ProjectBased_DetectCodeSimilar/code-sim/results/formal-v1/batch3/pairs/R00084/right/Main.java
R00085,s356738910.java,p02255,/Users/liuziqi/Documents/西大Graduate/Project_base/Code/Meng_ProjectBased_DetectCodeSimilar/code-sim/results/formal-v1/batch3/pairs/R00085/left/Main.java,/Users/liuziqi/Documents/西大Graduate/Project_base/Code/Meng_ProjectBased_DetectCodeSimilar/code-sim/results/formal-v1/batch3/pairs/R00085/right/Main.java
R00086,s174403577.java,p02263,/Users/liuziqi/Documents/西大Graduate/Project_base/Code/Meng_ProjectBased_DetectCodeSimilar/code-sim/results/formal-v1/batch3/pairs/R00086/left/Main.java,/Users/liuziqi/Documents/西大Graduate/Project_base/Code/Meng_ProjectBased_DetectCodeSimilar/code-sim/results/formal-v1/batch3/pairs/R00086/right/Main.java
R00087,s547111874.java,p03012,/Users/liuziqi/Documents/西大Graduate/Project_base/Code/Meng_ProjectBased_DetectCodeSimilar/code-sim/results/formal-v1/batch3/pairs/R00087/left/Main.java,/Users/liuziqi/Documents/西大Graduate/Project_base/Code/Meng_ProjectBased_DetectCodeSimilar/code-sim/results/formal-v1/batch3/pairs/R00087/right/Main.java
R00088,s265738259.java,p03073,/Users/liuziqi/Documents/西大Graduate/Project_base/Code/Meng_ProjectBased_DetectCodeSimilar/code-sim/results/formal-v1/batch3/pairs/R00088/left/Main.java,/Users/liuziqi/Documents/西大Graduate/Project_base/Code/Meng_ProjectBased_DetectCodeSimilar/code-sim/results/formal-v1/batch3/pairs/R00088/right/Main.java
R00089,s341824714.java,p02576,/Users/liuziqi/Documents/西大Graduate/Project_base/Code/Meng_ProjectBased_DetectCodeSimilar/code-sim/results/formal-v1/batch3/pairs/R00089/left/Main.java,/Users/liuziqi/Documents/西大Graduate/Project_base/Code/Meng_ProjectBased_DetectCodeSimilar/code-sim/results/formal-v1/batch3/pairs/R00089/right/Main.java
R00090,s772960180.java,p02547,/Users/liuziqi/Documents/西大Graduate/Project_base/Code/Meng_ProjectBased_DetectCodeSimilar/code-sim/results/formal-v1/batch3/pairs/R00090/left/Main.java,/Users/liuziqi/Documents/西大Graduate/Project_base/Code/Meng_ProjectBased_DetectCodeSimilar/code-sim/results/formal-v1/batch3/pairs/R00090/right/Main.java
R00091,s861066753.java,p02772,/Users/liuziqi/Documents/西大Graduate/Project_base/Code/Meng_ProjectBased_DetectCodeSimilar/code-sim/results/formal-v1/batch3/pairs/R00091/left/Main.java,/Users/liuziqi/Documents/西大Graduate/Project_base/Code/Meng_ProjectBased_DetectCodeSimilar/code-sim/results/formal-v1/batch3/pairs/R00091/right/Main.java
R00092,s477216463.java,p03106,/Users/liuziqi/Documents/西大Graduate/Project_base/Code/Meng_ProjectBased_DetectCodeSimilar/code-sim/results/formal-v1/batch3/pairs/R00092/left/Main.java,/Users/liuziqi/Documents/西大Graduate/Project_base/Code/Meng_ProjectBased_DetectCodeSimilar/code-sim/results/formal-v1/batch3/pairs/R00092/right/Main.java
R00093,s566624096.java,p03474,/Users/liuziqi/Documents/西大Graduate/Project_base/Code/Meng_ProjectBased_DetectCodeSimilar/code-sim/results/formal-v1/batch3/pairs/R00093/left/Main.java,/Users/liuziqi/Documents/西大Graduate/Project_base/Code/Meng_ProjectBased_DetectCodeSimilar/code-sim/results/formal-v1/batch3/pairs/R00093/right/Main.java
R00094,s025502982.java,p02677,/Users/liuziqi/Documents/西大Graduate/Project_base/Code/Meng_ProjectBased_DetectCodeSimilar/code-sim/results/formal-v1/batch3/pairs/R00094/left/Main.java,/Users/liuziqi/Documents/西大Graduate/Project_base/Code/Meng_ProjectBased_DetectCodeSimilar/code-sim/results/formal-v1/batch3/pairs/R00094/right/Main.java
R00095,s498733471.java,p00005,/Users/liuziqi/Documents/西大Graduate/Project_base/Code/Meng_ProjectBased_DetectCodeSimilar/code-sim/results/formal-v1/batch3/pairs/R00095/left/Main.java,/Users/liuziqi/Documents/西大Graduate/Project_base/Code/Meng_ProjectBased_DetectCodeSimilar/code-sim/results/formal-v1/batch3/pairs/R00095/right/Main.java
R00096,s328180018.java,p02417,/Users/liuziqi/Documents/西大Graduate/Project_base/Code/Meng_ProjectBased_DetectCodeSimilar/code-sim/results/formal-v1/batch3/pairs/R00096/left/Main.java,/Users/liuziqi/Documents/西大Graduate/Project_base/Code/Meng_ProjectBased_DetectCodeSimilar/code-sim/results/formal-v1/batch3/pairs/R00096/right/Main.java
R00097,s512707653.java,p03292,/Users/liuziqi/Documents/西大Graduate/Project_base/Code/Meng_ProjectBased_DetectCodeSimilar/code-sim/results/formal-v1/batch3/pairs/R00097/left/Main.java,/Users/liuziqi/Documents/西大Graduate/Project_base/Code/Meng_ProjectBased_DetectCodeSimilar/code-sim/results/formal-v1/batch3/pairs/R00097/right/Main.java
R00098,s676167226.java,p02641,/Users/liuziqi/Documents/西大Graduate/Project_base/Code/Meng_ProjectBased_DetectCodeSimilar/code-sim/results/formal-v1/batch3/pairs/R00098/left/Main.java,/Users/liuziqi/Documents/西大Graduate/Project_base/Code/Meng_ProjectBased_DetectCodeSimilar/code-sim/results/formal-v1/batch3/pairs/R00098/right/Main.java
R00099,s550538206.java,p03470,/Users/liuziqi/Documents/西大Graduate/Project_base/Code/Meng_ProjectBased_DetectCodeSimilar/code-sim/results/formal-v1/batch3/pairs/R00099/left/Main.java,/Users/liuziqi/Documents/西大Graduate/Project_base/Code/Meng_ProjectBased_DetectCodeSimilar/code-sim/results/formal-v1/batch3/pairs/R00099/right/Main.java
R00100,s156429611.java,p02595,/Users/liuziqi/Documents/西大Graduate/Project_base/Code/Meng_ProjectBased_DetectCodeSimilar/code-sim/results/formal-v1/batch3/pairs/R00100/left/Main.java,/Users/liuziqi/Documents/西大Graduate/Project_base/Code/Meng_ProjectBased_DetectCodeSimilar/code-sim/results/formal-v1/batch3/pairs/R00100/right/Main.java
R00101,s816077298.java,p02578,/Users/liuziqi/Documents/西大Graduate/Project_base/Code/Meng_ProjectBased_DetectCodeSimilar/code-sim/results/formal-v1/batch3/pairs/R00101/left/Main.java,/Users/liuziqi/Documents/西大Graduate/Project_base/Code/Meng_ProjectBased_DetectCodeSimilar/code-sim/results/formal-v1/batch3/pairs/R00101/right/Main.java
R00102,s057294181.java,p02724,/Users/liuziqi/Documents/西大Graduate/Project_base/Code/Meng_ProjectBased_DetectCodeSimilar/code-sim/results/formal-v1/batch3/pairs/R00102/left/Main.java,/Users/liuziqi/Documents/西大Graduate/Project_base/Code/Meng_ProjectBased_DetectCodeSimilar/code-sim/results/formal-v1/batch3/pairs/R00102/right/Main.java
R00103,s817504358.java,p02880,/Users/liuziqi/Documents/西大Graduate/Project_base/Code/Meng_ProjectBased_DetectCodeSimilar/code-sim/results/formal-v1/batch3/pairs/R00103/left/Main.java,/Users/liuziqi/Documents/西大Graduate/Project_base/Code/Meng_ProjectBased_DetectCodeSimilar/code-sim/results/formal-v1/batch3/pairs/R00103/right/Main.java
R00104,s890042009.java,p02988,/Users/liuziqi/Documents/西大Graduate/Project_base/Code/Meng_ProjectBased_DetectCodeSimilar/code-sim/results/formal-v1/batch3/pairs/R00104/left/Main.java,/Users/liuziqi/Documents/西大Graduate/Project_base/Code/Meng_ProjectBased_DetectCodeSimilar/code-sim/results/formal-v1/batch3/pairs/R00104/right/Main.java
R00105,s364324892.java,p02260,/Users/liuziqi/Documents/西大Graduate/Project_base/Code/Meng_ProjectBased_DetectCodeSimilar/code-sim/results/formal-v1/batch3/pairs/R00105/left/Main.java,/Users/liuziqi/Documents/西大Graduate/Project_base/Code/Meng_ProjectBased_DetectCodeSimilar/code-sim/results/formal-v1/batch3/pairs/R00105/right/Main.java
R00106,s301558476.java,p03308,/Users/liuziqi/Documents/西大Graduate/Project_base/Code/Meng_ProjectBased_DetectCodeSimilar/code-sim/results/formal-v1/batch3/pairs/R00106/left/Main.java,/Users/liuziqi/Documents/西大Graduate/Project_base/Code/Meng_ProjectBased_DetectCodeSimilar/code-sim/results/formal-v1/batch3/pairs/R00106/right/Main.java
R00107,s474780525.java,p02595,/Users/liuziqi/Documents/西大Graduate/Project_base/Code/Meng_ProjectBased_DetectCodeSimilar/code-sim/results/formal-v1/batch3/pairs/R00107/left/Main.java,/Users/liuziqi/Documents/西大Graduate/Project_base/Code/Meng_ProjectBased_DetectCodeSimilar/code-sim/results/formal-v1/batch3/pairs/R00107/right/Main.java
R00108,s382172463.java,p02819,/Users/liuziqi/Documents/西大Graduate/Project_base/Code/Meng_ProjectBased_DetectCodeSimilar/code-sim/results/formal-v1/batch3/pairs/R00108/left/Main.java,/Users/liuziqi/Documents/西大Graduate/Project_base/Code/Meng_ProjectBased_DetectCodeSimilar/code-sim/results/formal-v1/batch3/pairs/R00108/right/Main.java
R00109,s598382937.java,p02953,/Users/liuziqi/Documents/西大Graduate/Project_base/Code/Meng_ProjectBased_DetectCodeSimilar/code-sim/results/formal-v1/batch3/pairs/R00109/left/Main.java,/Users/liuziqi/Documents/西大Graduate/Project_base/Code/Meng_ProjectBased_DetectCodeSimilar/code-sim/results/formal-v1/batch3/pairs/R00109/right/Main.java
R00110,s501162010.java,p02730,/Users/liuziqi/Documents/西大Graduate/Project_base/Code/Meng_ProjectBased_DetectCodeSimilar/code-sim/results/formal-v1/batch3/pairs/R00110/left/Main.java,/Users/liuziqi/Documents/西大Graduate/Project_base/Code/Meng_ProjectBased_DetectCodeSimilar/code-sim/results/formal-v1/batch3/pairs/R00110/right/Main.java
R00111,s337559832.java,p02413,/Users/liuziqi/Documents/西大Graduate/Project_base/Code/Meng_ProjectBased_DetectCodeSimilar/code-sim/results/formal-v1/batch3/pairs/R00111/left/Main.java,/Users/liuziqi/Documents/西大Graduate/Project_base/Code/Meng_ProjectBased_DetectCodeSimilar/code-sim/results/formal-v1/batch3/pairs/R00111/right/Main.java
R00112,s894337414.java,p02658,/Users/liuziqi/Documents/西大Graduate/Project_base/Code/Meng_ProjectBased_DetectCodeSimilar/code-sim/results/formal-v1/batch3/pairs/R00112/left/Main.java,/Users/liuziqi/Documents/西大Graduate/Project_base/Code/Meng_ProjectBased_DetectCodeSimilar/code-sim/results/formal-v1/batch3/pairs/R00112/right/Main.java
R00113,s818297996.java,p02935,/Users/liuziqi/Documents/西大Graduate/Project_base/Code/Meng_ProjectBased_DetectCodeSimilar/code-sim/results/formal-v1/batch3/pairs/R00113/left/Main.java,/Users/liuziqi/Documents/西大Graduate/Project_base/Code/Meng_ProjectBased_DetectCodeSimilar/code-sim/results/formal-v1/batch3/pairs/R00113/right/Main.java
R00114,s701187232.java,p03455,/Users/liuziqi/Documents/西大Graduate/Project_base/Code/Meng_ProjectBased_DetectCodeSimilar/code-sim/results/formal-v1/batch3/pairs/R00114/left/Main.java,/Users/liuziqi/Documents/西大Graduate/Project_base/Code/Meng_ProjectBased_DetectCodeSimilar/code-sim/results/formal-v1/batch3/pairs/R00114/right/Main.java
R00115,s081515880.java,p02773,/Users/liuziqi/Documents/西大Graduate/Project_base/Code/Meng_ProjectBased_DetectCodeSimilar/code-sim/results/formal-v1/batch3/pairs/R00115/left/Main.java,/Users/liuziqi/Documents/西大Graduate/Project_base/Code/Meng_ProjectBased_DetectCodeSimilar/code-sim/results/formal-v1/batch3/pairs/R00115/right/Main.java
R00116,s494309137.java,p02779,/Users/liuziqi/Documents/西大Graduate/Project_base/Code/Meng_ProjectBased_DetectCodeSimilar/code-sim/results/formal-v1/batch3/pairs/R00116/left/Main.java,/Users/liuziqi/Documents/西大Graduate/Project_base/Code/Meng_ProjectBased_DetectCodeSimilar/code-sim/results/formal-v1/batch3/pairs/R00116/right/Main.java
R00117,s890491007.java,p02641,/Users/liuziqi/Documents/西大Graduate/Project_base/Code/Meng_ProjectBased_DetectCodeSimilar/code-sim/results/formal-v1/batch3/pairs/R00117/left/Main.java,/Users/liuziqi/Documents/西大Graduate/Project_base/Code/Meng_ProjectBased_DetectCodeSimilar/code-sim/results/formal-v1/batch3/pairs/R00117/right/Main.java
R00118,s384040085.java,p02983,/Users/liuziqi/Documents/西大Graduate/Project_base/Code/Meng_ProjectBased_DetectCodeSimilar/code-sim/results/formal-v1/batch3/pairs/R00118/left/Main.java,/Users/liuziqi/Documents/西大Graduate/Project_base/Code/Meng_ProjectBased_DetectCodeSimilar/code-sim/results/formal-v1/batch3/pairs/R00118/right/Main.java
R00119,s345911724.java,p02785,/Users/liuziqi/Documents/西大Graduate/Project_base/Code/Meng_ProjectBased_DetectCodeSimilar/code-sim/results/formal-v1/batch3/pairs/R00119/left/Main.java,/Users/liuziqi/Documents/西大Graduate/Project_base/Code/Meng_ProjectBased_DetectCodeSimilar/code-sim/results/formal-v1/batch3/pairs/R00119/right/Main.java
R00120,s232255341.java,p02409,/Users/liuziqi/Documents/西大Graduate/Project_base/Code/Meng_ProjectBased_DetectCodeSimilar/code-sim/results/formal-v1/batch3/pairs/R00120/left/Main.java,/Users/liuziqi/Documents/西大Graduate/Project_base/Code/Meng_ProjectBased_DetectCodeSimilar/code-sim/results/formal-v1/batch3/pairs/R00120/right/Main.java
R00121,s506380474.java,p03494,/Users/liuziqi/Documents/西大Graduate/Project_base/Code/Meng_ProjectBased_DetectCodeSimilar/code-sim/results/formal-v1/batch3/pairs/R00121/left/Main.java,/Users/liuziqi/Documents/西大Graduate/Project_base/Code/Meng_ProjectBased_DetectCodeSimilar/code-sim/results/formal-v1/batch3/pairs/R00121/right/Main.java
R00122,s869122190.java,p04044,/Users/liuziqi/Documents/西大Graduate/Project_base/Code/Meng_ProjectBased_DetectCodeSimilar/code-sim/results/formal-v1/batch3/pairs/R00122/left/Main.java,/Users/liuziqi/Documents/西大Graduate/Project_base/Code/Meng_ProjectBased_DetectCodeSimilar/code-sim/results/formal-v1/batch3/pairs/R00122/right/Main.java
R00123,s155337351.java,p02547,/Users/liuziqi/Documents/西大Graduate/Project_base/Code/Meng_ProjectBased_DetectCodeSimilar/code-sim/results/formal-v1/batch3/pairs/R00123/left/Main.java,/Users/liuziqi/Documents/西大Graduate/Project_base/Code/Meng_ProjectBased_DetectCodeSimilar/code-sim/results/formal-v1/batch3/pairs/R00123/right/Main.java
R00124,s160817523.java,p02947,/Users/liuziqi/Documents/西大Graduate/Project_base/Code/Meng_ProjectBased_DetectCodeSimilar/code-sim/results/formal-v1/batch3/pairs/R00124/left/Main.java,/Users/liuziqi/Documents/西大Graduate/Project_base/Code/Meng_ProjectBased_DetectCodeSimilar/code-sim/results/formal-v1/batch3/pairs/R00124/right/Main.java
R00125,s442814265.java,p02886,/Users/liuziqi/Documents/西大Graduate/Project_base/Code/Meng_ProjectBased_DetectCodeSimilar/code-sim/results/formal-v1/batch3/pairs/R00125/left/Main.java,/Users/liuziqi/Documents/西大Graduate/Project_base/Code/Meng_ProjectBased_DetectCodeSimilar/code-sim/results/formal-v1/batch3/pairs/R00125/right/Main.java
R00126,s750465163.java,p02790,/Users/liuziqi/Documents/西大Graduate/Project_base/Code/Meng_ProjectBased_DetectCodeSimilar/code-sim/results/formal-v1/batch3/pairs/R00126/left/Main.java,/Users/liuziqi/Documents/西大Graduate/Project_base/Code/Meng_ProjectBased_DetectCodeSimilar/code-sim/results/formal-v1/batch3/pairs/R00126/right/Main.java
R00127,s533459739.java,p02260,/Users/liuziqi/Documents/西大Graduate/Project_base/Code/Meng_ProjectBased_DetectCodeSimilar/code-sim/results/formal-v1/batch3/pairs/R00127/left/Main.java,/Users/liuziqi/Documents/西大Graduate/Project_base/Code/Meng_ProjectBased_DetectCodeSimilar/code-sim/results/formal-v1/batch3/pairs/R00127/right/Main.java
R00128,s317045477.java,p02613,/Users/liuziqi/Documents/西大Graduate/Project_base/Code/Meng_ProjectBased_DetectCodeSimilar/code-sim/results/formal-v1/batch3/pairs/R00128/left/Main.java,/Users/liuziqi/Documents/西大Graduate/Project_base/Code/Meng_ProjectBased_DetectCodeSimilar/code-sim/results/formal-v1/batch3/pairs/R00128/right/Main.java
R00129,s286886183.java,p02553,/Users/liuziqi/Documents/西大Graduate/Project_base/Code/Meng_ProjectBased_DetectCodeSimilar/code-sim/results/formal-v1/batch3/pairs/R00129/left/SpaceCharFilter.java,/Users/liuziqi/Documents/西大Graduate/Project_base/Code/Meng_ProjectBased_DetectCodeSimilar/code-sim/results/formal-v1/batch3/pairs/R00129/right/SpaceCharFilter.java
R00130,s444665091.java,p03285,/Users/liuziqi/Documents/西大Graduate/Project_base/Code/Meng_ProjectBased_DetectCodeSimilar/code-sim/results/formal-v1/batch3/pairs/R00130/left/Main.java,/Users/liuziqi/Documents/西大Graduate/Project_base/Code/Meng_ProjectBased_DetectCodeSimilar/code-sim/results/formal-v1/batch3/pairs/R00130/right/Main.java
R00131,s328941512.java,p04044,/Users/liuziqi/Documents/西大Graduate/Project_base/Code/Meng_ProjectBased_DetectCodeSimilar/code-sim/results/formal-v1/batch3/pairs/R00131/left/Main.java,/Users/liuziqi/Documents/西大Graduate/Project_base/Code/Meng_ProjectBased_DetectCodeSimilar/code-sim/results/formal-v1/batch3/pairs/R00131/right/Main.java
R00132,s409280596.java,p02779,/Users/liuziqi/Documents/西大Graduate/Project_base/Code/Meng_ProjectBased_DetectCodeSimilar/code-sim/results/formal-v1/batch3/pairs/R00132/left/Main.java,/Users/liuziqi/Documents/西大Graduate/Project_base/Code/Meng_ProjectBased_DetectCodeSimilar/code-sim/results/formal-v1/batch3/pairs/R00132/right/Main.java
R00133,s536111000.java,p02953,/Users/liuziqi/Documents/西大Graduate/Project_base/Code/Meng_ProjectBased_DetectCodeSimilar/code-sim/results/formal-v1/batch3/pairs/R00133/left/Main.java,/Users/liuziqi/Documents/西大Graduate/Project_base/Code/Meng_ProjectBased_DetectCodeSimilar/code-sim/results/formal-v1/batch3/pairs/R00133/right/Main.java
R00134,s171540643.java,p03292,/Users/liuziqi/Documents/西大Graduate/Project_base/Code/Meng_ProjectBased_DetectCodeSimilar/code-sim/results/formal-v1/batch3/pairs/R00134/left/Main.java,/Users/liuziqi/Documents/西大Graduate/Project_base/Code/Meng_ProjectBased_DetectCodeSimilar/code-sim/results/formal-v1/batch3/pairs/R00134/right/Main.java
R00135,s986525715.java,p02409,/Users/liuziqi/Documents/西大Graduate/Project_base/Code/Meng_ProjectBased_DetectCodeSimilar/code-sim/results/formal-v1/batch3/pairs/R00135/left/Main.java,/Users/liuziqi/Documents/西大Graduate/Project_base/Code/Meng_ProjectBased_DetectCodeSimilar/code-sim/results/formal-v1/batch3/pairs/R00135/right/Main.java
R00136,s158181968.java,p02628,/Users/liuziqi/Documents/西大Graduate/Project_base/Code/Meng_ProjectBased_DetectCodeSimilar/code-sim/results/formal-v1/batch3/pairs/R00136/left/Main.java,/Users/liuziqi/Documents/西大Graduate/Project_base/Code/Meng_ProjectBased_DetectCodeSimilar/code-sim/results/formal-v1/batch3/pairs/R00136/right/Main.java
R00137,s268096837.java,p03434,/Users/liuziqi/Documents/西大Graduate/Project_base/Code/Meng_ProjectBased_DetectCodeSimilar/code-sim/results/formal-v1/batch3/pairs/R00137/left/Main.java,/Users/liuziqi/Documents/西大Graduate/Project_base/Code/Meng_ProjectBased_DetectCodeSimilar/code-sim/results/formal-v1/batch3/pairs/R00137/right/Main.java
R00138,s652149842.java,p03457,/Users/liuziqi/Documents/西大Graduate/Project_base/Code/Meng_ProjectBased_DetectCodeSimilar/code-sim/results/formal-v1/batch3/pairs/R00138/left/Main.java,/Users/liuziqi/Documents/西大Graduate/Project_base/Code/Meng_ProjectBased_DetectCodeSimilar/code-sim/results/formal-v1/batch3/pairs/R00138/right/Main.java
R00139,s493856854.java,p02421,/Users/liuziqi/Documents/西大Graduate/Project_base/Code/Meng_ProjectBased_DetectCodeSimilar/code-sim/results/formal-v1/batch3/pairs/R00139/left/Main.java,/Users/liuziqi/Documents/西大Graduate/Project_base/Code/Meng_ProjectBased_DetectCodeSimilar/code-sim/results/formal-v1/batch3/pairs/R00139/right/Main.java
R00140,s108462544.java,p02946,/Users/liuziqi/Documents/西大Graduate/Project_base/Code/Meng_ProjectBased_DetectCodeSimilar/code-sim/results/formal-v1/batch3/pairs/R00140/left/Main.java,/Users/liuziqi/Documents/西大Graduate/Project_base/Code/Meng_ProjectBased_DetectCodeSimilar/code-sim/results/formal-v1/batch3/pairs/R00140/right/Main.java
R00141,s098012576.java,p03126,/Users/liuziqi/Documents/西大Graduate/Project_base/Code/Meng_ProjectBased_DetectCodeSimilar/code-sim/results/formal-v1/batch3/pairs/R00141/left/Main.java,/Users/liuziqi/Documents/西大Graduate/Project_base/Code/Meng_ProjectBased_DetectCodeSimilar/code-sim/results/formal-v1/batch3/pairs/R00141/right/Main.java
R00142,s888891388.java,p02394,/Users/liuziqi/Documents/西大Graduate/Project_base/Code/Meng_ProjectBased_DetectCodeSimilar/code-sim/results/formal-v1/batch3/pairs/R00142/left/Main.java,/Users/liuziqi/Documents/西大Graduate/Project_base/Code/Meng_ProjectBased_DetectCodeSimilar/code-sim/results/formal-v1/batch3/pairs/R00142/right/Main.java
R00143,s949840460.java,p02958,/Users/liuziqi/Documents/西大Graduate/Project_base/Code/Meng_ProjectBased_DetectCodeSimilar/code-sim/results/formal-v1/batch3/pairs/R00143/left/Main.java,/Users/liuziqi/Documents/西大Graduate/Project_base/Code/Meng_ProjectBased_DetectCodeSimilar/code-sim/results/formal-v1/batch3/pairs/R00143/right/Main.java
R00144,s536926107.java,p02712,/Users/liuziqi/Documents/西大Graduate/Project_base/Code/Meng_ProjectBased_DetectCodeSimilar/code-sim/results/formal-v1/batch3/pairs/R00144/left/Main.java,/Users/liuziqi/Documents/西大Graduate/Project_base/Code/Meng_ProjectBased_DetectCodeSimilar/code-sim/results/formal-v1/batch3/pairs/R00144/right/Main.java
R00145,s620565511.java,p02407,/Users/liuziqi/Documents/西大Graduate/Project_base/Code/Meng_ProjectBased_DetectCodeSimilar/code-sim/results/formal-v1/batch3/pairs/R00145/left/Main.java,/Users/liuziqi/Documents/西大Graduate/Project_base/Code/Meng_ProjectBased_DetectCodeSimilar/code-sim/results/formal-v1/batch3/pairs/R00145/right/Main.java
R00146,s633906673.java,p02402,/Users/liuziqi/Documents/西大Graduate/Project_base/Code/Meng_ProjectBased_DetectCodeSimilar/code-sim/results/formal-v1/batch3/pairs/R00146/left/Main.java,/Users/liuziqi/Documents/西大Graduate/Project_base/Code/Meng_ProjectBased_DetectCodeSimilar/code-sim/results/formal-v1/batch3/pairs/R00146/right/Main.java
R00147,s826487864.java,p02411,/Users/liuziqi/Documents/西大Graduate/Project_base/Code/Meng_ProjectBased_DetectCodeSimilar/code-sim/results/formal-v1/batch3/pairs/R00147/left/Main.java,/Users/liuziqi/Documents/西大Graduate/Project_base/Code/Meng_ProjectBased_DetectCodeSimilar/code-sim/results/formal-v1/batch3/pairs/R00147/right/Main.java
R00148,s418210858.java,p03126,/Users/liuziqi/Documents/西大Graduate/Project_base/Code/Meng_ProjectBased_DetectCodeSimilar/code-sim/results/formal-v1/batch3/pairs/R00148/left/Main.java,/Users/liuziqi/Documents/西大Graduate/Project_base/Code/Meng_ProjectBased_DetectCodeSimilar/code-sim/results/formal-v1/batch3/pairs/R00148/right/Main.java
R00149,s224760162.java,p02260,/Users/liuziqi/Documents/西大Graduate/Project_base/Code/Meng_ProjectBased_DetectCodeSimilar/code-sim/results/formal-v1/batch3/pairs/R00149/left/Main.java,/Users/liuziqi/Documents/西大Graduate/Project_base/Code/Meng_ProjectBased_DetectCodeSimilar/code-sim/results/formal-v1/batch3/pairs/R00149/right/Main.java
R00150,s342598701.java,p02923,/Users/liuziqi/Documents/西大Graduate/Project_base/Code/Meng_ProjectBased_DetectCodeSimilar/code-sim/results/formal-v1/batch3/pairs/R00150/left/Main.java,/Users/liuziqi/Documents/西大Graduate/Project_base/Code/Meng_ProjectBased_DetectCodeSimilar/code-sim/results/formal-v1/batch3/pairs/R00150/right/Main.java
R00151,s756177508.java,p03060,/Users/liuziqi/Documents/西大Graduate/Project_base/Code/Meng_ProjectBased_DetectCodeSimilar/code-sim/results/formal-v1/batch3/pairs/R00151/left/Main.java,/Users/liuziqi/Documents/西大Graduate/Project_base/Code/Meng_ProjectBased_DetectCodeSimilar/code-sim/results/formal-v1/batch3/pairs/R00151/right/Main.java
R00152,s743947266.java,p02945,/Users/liuziqi/Documents/西大Graduate/Project_base/Code/Meng_ProjectBased_DetectCodeSimilar/code-sim/results/formal-v1/batch3/pairs/R00152/left/Main.java,/Users/liuziqi/Documents/西大Graduate/Project_base/Code/Meng_ProjectBased_DetectCodeSimilar/code-sim/results/formal-v1/batch3/pairs/R00152/right/Main.java
R00153,s365316622.java,p02802,/Users/liuziqi/Documents/西大Graduate/Project_base/Code/Meng_ProjectBased_DetectCodeSimilar/code-sim/results/formal-v1/batch3/pairs/R00153/left/Main.java,/Users/liuziqi/Documents/西大Graduate/Project_base/Code/Meng_ProjectBased_DetectCodeSimilar/code-sim/results/formal-v1/batch3/pairs/R00153/right/Main.java
R00154,s654527324.java,p03720,/Users/liuziqi/Documents/西大Graduate/Project_base/Code/Meng_ProjectBased_DetectCodeSimilar/code-sim/results/formal-v1/batch3/pairs/R00154/left/Main.java,/Users/liuziqi/Documents/西大Graduate/Project_base/Code/Meng_ProjectBased_DetectCodeSimilar/code-sim/results/formal-v1/batch3/pairs/R00154/right/Main.java
R00155,s774531539.java,p02260,/Users/liuziqi/Documents/西大Graduate/Project_base/Code/Meng_ProjectBased_DetectCodeSimilar/code-sim/results/formal-v1/batch3/pairs/R00155/left/Main.java,/Users/liuziqi/Documents/西大Graduate/Project_base/Code/Meng_ProjectBased_DetectCodeSimilar/code-sim/results/formal-v1/batch3/pairs/R00155/right/Main.java
R00156,s262056840.java,p03042,/Users/liuziqi/Documents/西大Graduate/Project_base/Code/Meng_ProjectBased_DetectCodeSimilar/code-sim/results/formal-v1/batch3/pairs/R00156/left/Main.java,/Users/liuziqi/Documents/西大Graduate/Project_base/Code/Meng_ProjectBased_DetectCodeSimilar/code-sim/results/formal-v1/batch3/pairs/R00156/right/Main.java
R00157,s185425488.java,p02829,/Users/liuziqi/Documents/西大Graduate/Project_base/Code/Meng_ProjectBased_DetectCodeSimilar/code-sim/results/formal-v1/batch3/pairs/R00157/left/Main.java,/Users/liuziqi/Documents/西大Graduate/Project_base/Code/Meng_ProjectBased_DetectCodeSimilar/code-sim/results/formal-v1/batch3/pairs/R00157/right/Main.java
R00158,s201703554.java,p03160,/Users/liuziqi/Documents/西大Graduate/Project_base/Code/Meng_ProjectBased_DetectCodeSimilar/code-sim/results/formal-v1/batch3/pairs/R00158/left/Main.java,/Users/liuziqi/Documents/西大Graduate/Project_base/Code/Meng_ProjectBased_DetectCodeSimilar/code-sim/results/formal-v1/batch3/pairs/R00158/right/Main.java
R00159,s986999980.java,p00001,/Users/liuziqi/Documents/西大Graduate/Project_base/Code/Meng_ProjectBased_DetectCodeSimilar/code-sim/results/formal-v1/batch3/pairs/R00159/left/Main.java,/Users/liuziqi/Documents/西大Graduate/Project_base/Code/Meng_ProjectBased_DetectCodeSimilar/code-sim/results/formal-v1/batch3/pairs/R00159/right/Main.java
R00160,s095789362.java,p02946,/Users/liuziqi/Documents/西大Graduate/Project_base/Code/Meng_ProjectBased_DetectCodeSimilar/code-sim/results/formal-v1/batch3/pairs/R00160/left/Main.java,/Users/liuziqi/Documents/西大Graduate/Project_base/Code/Meng_ProjectBased_DetectCodeSimilar/code-sim/results/formal-v1/batch3/pairs/R00160/right/Main.java
R00161,s738523866.java,p02772,/Users/liuziqi/Documents/西大Graduate/Project_base/Code/Meng_ProjectBased_DetectCodeSimilar/code-sim/results/formal-v1/batch3/pairs/R00161/left/Main.java,/Users/liuziqi/Documents/西大Graduate/Project_base/Code/Meng_ProjectBased_DetectCodeSimilar/code-sim/results/formal-v1/batch3/pairs/R00161/right/Main.java
R00162,s923263917.java,p02812,/Users/liuziqi/Documents/西大Graduate/Project_base/Code/Meng_ProjectBased_DetectCodeSimilar/code-sim/results/formal-v1/batch3/pairs/R00162/left/Main.java,/Users/liuziqi/Documents/西大Graduate/Project_base/Code/Meng_ProjectBased_DetectCodeSimilar/code-sim/results/formal-v1/batch3/pairs/R00162/right/Main.java
R00163,s080674166.java,p03086,/Users/liuziqi/Documents/西大Graduate/Project_base/Code/Meng_ProjectBased_DetectCodeSimilar/code-sim/results/formal-v1/batch3/pairs/R00163/left/Main.java,/Users/liuziqi/Documents/西大Graduate/Project_base/Code/Meng_ProjectBased_DetectCodeSimilar/code-sim/results/formal-v1/batch3/pairs/R00163/right/Main.java
R00164,s816208802.java,p02408,/Users/liuziqi/Documents/西大Graduate/Project_base/Code/Meng_ProjectBased_DetectCodeSimilar/code-sim/results/formal-v1/batch3/pairs/R00164/left/Main.java,/Users/liuziqi/Documents/西大Graduate/Project_base/Code/Meng_ProjectBased_DetectCodeSimilar/code-sim/results/formal-v1/batch3/pairs/R00164/right/Main.java
R00165,s633851584.java,p02706,/Users/liuziqi/Documents/西大Graduate/Project_base/Code/Meng_ProjectBased_DetectCodeSimilar/code-sim/results/formal-v1/batch3/pairs/R00165/left/Main.java,/Users/liuziqi/Documents/西大Graduate/Project_base/Code/Meng_ProjectBased_DetectCodeSimilar/code-sim/results/formal-v1/batch3/pairs/R00165/right/Main.java
R00166,s915078161.java,p02413,/Users/liuziqi/Documents/西大Graduate/Project_base/Code/Meng_ProjectBased_DetectCodeSimilar/code-sim/results/formal-v1/batch3/pairs/R00166/left/Main.java,/Users/liuziqi/Documents/西大Graduate/Project_base/Code/Meng_ProjectBased_DetectCodeSimilar/code-sim/results/formal-v1/batch3/pairs/R00166/right/Main.java
R00167,s391547953.java,p04030,/Users/liuziqi/Documents/西大Graduate/Project_base/Code/Meng_ProjectBased_DetectCodeSimilar/code-sim/results/formal-v1/batch3/pairs/R00167/left/Main.java,/Users/liuziqi/Documents/西大Graduate/Project_base/Code/Meng_ProjectBased_DetectCodeSimilar/code-sim/results/formal-v1/batch3/pairs/R00167/right/Main.java
R00168,s651655281.java,p02724,/Users/liuziqi/Documents/西大Graduate/Project_base/Code/Meng_ProjectBased_DetectCodeSimilar/code-sim/results/formal-v1/batch3/pairs/R00168/left/Main.java,/Users/liuziqi/Documents/西大Graduate/Project_base/Code/Meng_ProjectBased_DetectCodeSimilar/code-sim/results/formal-v1/batch3/pairs/R00168/right/Main.java
R00169,s283528048.java,p02971,/Users/liuziqi/Documents/西大Graduate/Project_base/Code/Meng_ProjectBased_DetectCodeSimilar/code-sim/results/formal-v1/batch3/pairs/R00169/left/Main.java,/Users/liuziqi/Documents/西大Graduate/Project_base/Code/Meng_ProjectBased_DetectCodeSimilar/code-sim/results/formal-v1/batch3/pairs/R00169/right/Main.java
R00170,s526307348.java,p04030,/Users/liuziqi/Documents/西大Graduate/Project_base/Code/Meng_ProjectBased_DetectCodeSimilar/code-sim/results/formal-v1/batch3/pairs/R00170/left/Main.java,/Users/liuziqi/Documents/西大Graduate/Project_base/Code/Meng_ProjectBased_DetectCodeSimilar/code-sim/results/formal-v1/batch3/pairs/R00170/right/Main.java
R00171,s254719332.java,p02881,/Users/liuziqi/Documents/西大Graduate/Project_base/Code/Meng_ProjectBased_DetectCodeSimilar/code-sim/results/formal-v1/batch3/pairs/R00171/left/Main.java,/Users/liuziqi/Documents/西大Graduate/Project_base/Code/Meng_ProjectBased_DetectCodeSimilar/code-sim/results/formal-v1/batch3/pairs/R00171/right/Main.java
R00172,s622971215.java,p03281,/Users/liuziqi/Documents/西大Graduate/Project_base/Code/Meng_ProjectBased_DetectCodeSimilar/code-sim/results/formal-v1/batch3/pairs/R00172/left/Main.java,/Users/liuziqi/Documents/西大Graduate/Project_base/Code/Meng_ProjectBased_DetectCodeSimilar/code-sim/results/formal-v1/batch3/pairs/R00172/right/Main.java
R00173,s916797393.java,p03360,/Users/liuziqi/Documents/西大Graduate/Project_base/Code/Meng_ProjectBased_DetectCodeSimilar/code-sim/results/formal-v1/batch3/pairs/R00173/left/Main.java,/Users/liuziqi/Documents/西大Graduate/Project_base/Code/Meng_ProjectBased_DetectCodeSimilar/code-sim/results/formal-v1/batch3/pairs/R00173/right/Main.java
R00174,s951594586.java,p03060,/Users/liuziqi/Documents/西大Graduate/Project_base/Code/Meng_ProjectBased_DetectCodeSimilar/code-sim/results/formal-v1/batch3/pairs/R00174/left/Main.java,/Users/liuziqi/Documents/西大Graduate/Project_base/Code/Meng_ProjectBased_DetectCodeSimilar/code-sim/results/formal-v1/batch3/pairs/R00174/right/Main.java
R00175,s643884741.java,p02547,/Users/liuziqi/Documents/西大Graduate/Project_base/Code/Meng_ProjectBased_DetectCodeSimilar/code-sim/results/formal-v1/batch3/pairs/R00175/left/Main.java,/Users/liuziqi/Documents/西大Graduate/Project_base/Code/Meng_ProjectBased_DetectCodeSimilar/code-sim/results/formal-v1/batch3/pairs/R00175/right/Main.java
R00176,s479820869.java,p03293,/Users/liuziqi/Documents/西大Graduate/Project_base/Code/Meng_ProjectBased_DetectCodeSimilar/code-sim/results/formal-v1/batch3/pairs/R00176/left/Main.java,/Users/liuziqi/Documents/西大Graduate/Project_base/Code/Meng_ProjectBased_DetectCodeSimilar/code-sim/results/formal-v1/batch3/pairs/R00176/right/Main.java
R00177,s567171528.java,p03285,/Users/liuziqi/Documents/西大Graduate/Project_base/Code/Meng_ProjectBased_DetectCodeSimilar/code-sim/results/formal-v1/batch3/pairs/R00177/left/Main.java,/Users/liuziqi/Documents/西大Graduate/Project_base/Code/Meng_ProjectBased_DetectCodeSimilar/code-sim/results/formal-v1/batch3/pairs/R00177/right/Main.java
R00178,s604979080.java,p02553,/Users/liuziqi/Documents/西大Graduate/Project_base/Code/Meng_ProjectBased_DetectCodeSimilar/code-sim/results/formal-v1/batch3/pairs/R00178/left/Main.java,/Users/liuziqi/Documents/西大Graduate/Project_base/Code/Meng_ProjectBased_DetectCodeSimilar/code-sim/results/formal-v1/batch3/pairs/R00178/right/Main.java
R00179,s617155188.java,p03161,/Users/liuziqi/Documents/西大Graduate/Project_base/Code/Meng_ProjectBased_DetectCodeSimilar/code-sim/results/formal-v1/batch3/pairs/R00179/left/Main.java,/Users/liuziqi/Documents/西大Graduate/Project_base/Code/Meng_ProjectBased_DetectCodeSimilar/code-sim/results/formal-v1/batch3/pairs/R00179/right/Main.java
R00180,s658384075.java,p02417,/Users/liuziqi/Documents/西大Graduate/Project_base/Code/Meng_ProjectBased_DetectCodeSimilar/code-sim/results/formal-v1/batch3/pairs/R00180/left/Main.java,/Users/liuziqi/Documents/西大Graduate/Project_base/Code/Meng_ProjectBased_DetectCodeSimilar/code-sim/results/formal-v1/batch3/pairs/R00180/right/Main.java
R00181,s969034755.java,p02725,/Users/liuziqi/Documents/西大Graduate/Project_base/Code/Meng_ProjectBased_DetectCodeSimilar/code-sim/results/formal-v1/batch3/pairs/R00181/left/Main.java,/Users/liuziqi/Documents/西大Graduate/Project_base/Code/Meng_ProjectBased_DetectCodeSimilar/code-sim/results/formal-v1/batch3/pairs/R00181/right/Main.java
R00182,s116003135.java,p03471,/Users/liuziqi/Documents/西大Graduate/Project_base/Code/Meng_ProjectBased_DetectCodeSimilar/code-sim/results/formal-v1/batch3/pairs/R00182/left/Main.java,/Users/liuziqi/Documents/西大Graduate/Project_base/Code/Meng_ProjectBased_DetectCodeSimilar/code-sim/results/formal-v1/batch3/pairs/R00182/right/Main.java
R00183,s075626583.java,p03285,/Users/liuziqi/Documents/西大Graduate/Project_base/Code/Meng_ProjectBased_DetectCodeSimilar/code-sim/results/formal-v1/batch3/pairs/R00183/left/Main.java,/Users/liuziqi/Documents/西大Graduate/Project_base/Code/Meng_ProjectBased_DetectCodeSimilar/code-sim/results/formal-v1/batch3/pairs/R00183/right/Main.java
R00184,s367481590.java,p03126,/Users/liuziqi/Documents/西大Graduate/Project_base/Code/Meng_ProjectBased_DetectCodeSimilar/code-sim/results/formal-v1/batch3/pairs/R00184/left/Main.java,/Users/liuziqi/Documents/西大Graduate/Project_base/Code/Meng_ProjectBased_DetectCodeSimilar/code-sim/results/formal-v1/batch3/pairs/R00184/right/Main.java
R00185,s234114914.java,p03013,/Users/liuziqi/Documents/西大Graduate/Project_base/Code/Meng_ProjectBased_DetectCodeSimilar/code-sim/results/formal-v1/batch3/pairs/R00185/left/Main.java,/Users/liuziqi/Documents/西大Graduate/Project_base/Code/Meng_ProjectBased_DetectCodeSimilar/code-sim/results/formal-v1/batch3/pairs/R00185/right/Main.java
R00186,s660726324.java,p02410,/Users/liuziqi/Documents/西大Graduate/Project_base/Code/Meng_ProjectBased_DetectCodeSimilar/code-sim/results/formal-v1/batch3/pairs/R00186/left/Main.java,/Users/liuziqi/Documents/西大Graduate/Project_base/Code/Meng_ProjectBased_DetectCodeSimilar/code-sim/results/formal-v1/batch3/pairs/R00186/right/Main.java
R00187,s468469534.java,p02791,/Users/liuziqi/Documents/西大Graduate/Project_base/Code/Meng_ProjectBased_DetectCodeSimilar/code-sim/results/formal-v1/batch3/pairs/R00187/left/Main.java,/Users/liuziqi/Documents/西大Graduate/Project_base/Code/Meng_ProjectBased_DetectCodeSimilar/code-sim/results/formal-v1/batch3/pairs/R00187/right/Main.java
R00188,s856526176.java,p03102,/Users/liuziqi/Documents/西大Graduate/Project_base/Code/Meng_ProjectBased_DetectCodeSimilar/code-sim/results/formal-v1/batch3/pairs/R00188/left/Main.java,/Users/liuziqi/Documents/西大Graduate/Project_base/Code/Meng_ProjectBased_DetectCodeSimilar/code-sim/results/formal-v1/batch3/pairs/R00188/right/Main.java
R00189,s211537530.java,p03073,/Users/liuziqi/Documents/西大Graduate/Project_base/Code/Meng_ProjectBased_DetectCodeSimilar/code-sim/results/formal-v1/batch3/pairs/R00189/left/Main.java,/Users/liuziqi/Documents/西大Graduate/Project_base/Code/Meng_ProjectBased_DetectCodeSimilar/code-sim/results/formal-v1/batch3/pairs/R00189/right/Main.java
R00190,s502867489.java,p02910,/Users/liuziqi/Documents/西大Graduate/Project_base/Code/Meng_ProjectBased_DetectCodeSimilar/code-sim/results/formal-v1/batch3/pairs/R00190/left/Main.java,/Users/liuziqi/Documents/西大Graduate/Project_base/Code/Meng_ProjectBased_DetectCodeSimilar/code-sim/results/formal-v1/batch3/pairs/R00190/right/Main.java
R00191,s608792489.java,p00002,/Users/liuziqi/Documents/西大Graduate/Project_base/Code/Meng_ProjectBased_DetectCodeSimilar/code-sim/results/formal-v1/batch3/pairs/R00191/left/Main.java,/Users/liuziqi/Documents/西大Graduate/Project_base/Code/Meng_ProjectBased_DetectCodeSimilar/code-sim/results/formal-v1/batch3/pairs/R00191/right/Main.java
R00192,s096914821.java,p02418,/Users/liuziqi/Documents/西大Graduate/Project_base/Code/Meng_ProjectBased_DetectCodeSimilar/code-sim/results/formal-v1/batch3/pairs/R00192/left/Main.java,/Users/liuziqi/Documents/西大Graduate/Project_base/Code/Meng_ProjectBased_DetectCodeSimilar/code-sim/results/formal-v1/batch3/pairs/R00192/right/Main.java
R00193,s146557671.java,p02989,/Users/liuziqi/Documents/西大Graduate/Project_base/Code/Meng_ProjectBased_DetectCodeSimilar/code-sim/results/formal-v1/batch3/pairs/R00193/left/Main.java,/Users/liuziqi/Documents/西大Graduate/Project_base/Code/Meng_ProjectBased_DetectCodeSimilar/code-sim/results/formal-v1/batch3/pairs/R00193/right/Main.java
R00194,s682583395.java,p02413,/Users/liuziqi/Documents/西大Graduate/Project_base/Code/Meng_ProjectBased_DetectCodeSimilar/code-sim/results/formal-v1/batch3/pairs/R00194/left/Main.java,/Users/liuziqi/Documents/西大Graduate/Project_base/Code/Meng_ProjectBased_DetectCodeSimilar/code-sim/results/formal-v1/batch3/pairs/R00194/right/Main.java
R00195,s201248755.java,p03289,/Users/liuziqi/Documents/西大Graduate/Project_base/Code/Meng_ProjectBased_DetectCodeSimilar/code-sim/results/formal-v1/batch3/pairs/R00195/left/Main.java,/Users/liuziqi/Documents/西大Graduate/Project_base/Code/Meng_ProjectBased_DetectCodeSimilar/code-sim/results/formal-v1/batch3/pairs/R00195/right/Main.java
R00196,s860968872.java,p02582,/Users/liuziqi/Documents/西大Graduate/Project_base/Code/Meng_ProjectBased_DetectCodeSimilar/code-sim/results/formal-v1/batch3/pairs/R00196/left/Main.java,/Users/liuziqi/Documents/西大Graduate/Project_base/Code/Meng_ProjectBased_DetectCodeSimilar/code-sim/results/formal-v1/batch3/pairs/R00196/right/Main.java
R00197,s808309307.java,p03360,/Users/liuziqi/Documents/西大Graduate/Project_base/Code/Meng_ProjectBased_DetectCodeSimilar/code-sim/results/formal-v1/batch3/pairs/R00197/left/Main.java,/Users/liuziqi/Documents/西大Graduate/Project_base/Code/Meng_ProjectBased_DetectCodeSimilar/code-sim/results/formal-v1/batch3/pairs/R00197/right/Main.java
R00198,s043214727.java,p03285,/Users/liuziqi/Documents/西大Graduate/Project_base/Code/Meng_ProjectBased_DetectCodeSimilar/code-sim/results/formal-v1/batch3/pairs/R00198/left/Main.java,/Users/liuziqi/Documents/西大Graduate/Project_base/Code/Meng_ProjectBased_DetectCodeSimilar/code-sim/results/formal-v1/batch3/pairs/R00198/right/Main.java
R00199,s884115197.java,p03325,/Users/liuziqi/Documents/西大Graduate/Project_base/Code/Meng_ProjectBased_DetectCodeSimilar/code-sim/results/formal-v1/batch3/pairs/R00199/left/Main.java,/Users/liuziqi/Documents/西大Graduate/Project_base/Code/Meng_ProjectBased_DetectCodeSimilar/code-sim/results/formal-v1/batch3/pairs/R00199/right/Main.java
R00200,s365937129.java,p03854,/Users/liuziqi/Documents/西大Graduate/Project_base/Code/Meng_ProjectBased_DetectCodeSimilar/code-sim/results/formal-v1/batch3/pairs/R00200/left/Main.java,/Users/liuziqi/Documents/西大Graduate/Project_base/Code/Meng_ProjectBased_DetectCodeSimilar/code-sim/results/formal-v1/batch3/pairs/R00200/right/Main.java
R00201,s104099970.java,p03471,/Users/liuziqi/Documents/西大Graduate/Project_base/Code/Meng_ProjectBased_DetectCodeSimilar/code-sim/results/formal-v1/batch3/pairs/R00201/left/Main.java,/Users/liuziqi/Documents/西大Graduate/Project_base/Code/Meng_ProjectBased_DetectCodeSimilar/code-sim/results/formal-v1/batch3/pairs/R00201/right/Main.java
R00202,s198886571.java,p02830,/Users/liuziqi/Documents/西大Graduate/Project_base/Code/Meng_ProjectBased_DetectCodeSimilar/code-sim/results/formal-v1/batch3/pairs/R00202/left/Main.java,/Users/liuziqi/Documents/西大Graduate/Project_base/Code/Meng_ProjectBased_DetectCodeSimilar/code-sim/results/formal-v1/batch3/pairs/R00202/right/Main.java
R00203,s344666980.java,p02773,/Users/liuziqi/Documents/西大Graduate/Project_base/Code/Meng_ProjectBased_DetectCodeSimilar/code-sim/results/formal-v1/batch3/pairs/R00203/left/Main.java,/Users/liuziqi/Documents/西大Graduate/Project_base/Code/Meng_ProjectBased_DetectCodeSimilar/code-sim/results/formal-v1/batch3/pairs/R00203/right/Main.java
R00204,s972931652.java,p03680,/Users/liuziqi/Documents/西大Graduate/Project_base/Code/Meng_ProjectBased_DetectCodeSimilar/code-sim/results/formal-v1/batch3/pairs/R00204/left/Main.java,/Users/liuziqi/Documents/西大Graduate/Project_base/Code/Meng_ProjectBased_DetectCodeSimilar/code-sim/results/formal-v1/batch3/pairs/R00204/right/Main.java
R00205,s498171311.java,p03086,/Users/liuziqi/Documents/西大Graduate/Project_base/Code/Meng_ProjectBased_DetectCodeSimilar/code-sim/results/formal-v1/batch3/pairs/R00205/left/Main.java,/Users/liuziqi/Documents/西大Graduate/Project_base/Code/Meng_ProjectBased_DetectCodeSimilar/code-sim/results/formal-v1/batch3/pairs/R00205/right/Main.java
R00206,s651087961.java,p03086,/Users/liuziqi/Documents/西大Graduate/Project_base/Code/Meng_ProjectBased_DetectCodeSimilar/code-sim/results/formal-v1/batch3/pairs/R00206/left/Main.java,/Users/liuziqi/Documents/西大Graduate/Project_base/Code/Meng_ProjectBased_DetectCodeSimilar/code-sim/results/formal-v1/batch3/pairs/R00206/right/Main.java
R00207,s303095266.java,p03998,/Users/liuziqi/Documents/西大Graduate/Project_base/Code/Meng_ProjectBased_DetectCodeSimilar/code-sim/results/formal-v1/batch3/pairs/R00207/left/Main.java,/Users/liuziqi/Documents/西大Graduate/Project_base/Code/Meng_ProjectBased_DetectCodeSimilar/code-sim/results/formal-v1/batch3/pairs/R00207/right/Main.java
R00208,s889879385.java,p02658,/Users/liuziqi/Documents/西大Graduate/Project_base/Code/Meng_ProjectBased_DetectCodeSimilar/code-sim/results/formal-v1/batch3/pairs/R00208/left/Main.java,/Users/liuziqi/Documents/西大Graduate/Project_base/Code/Meng_ProjectBased_DetectCodeSimilar/code-sim/results/formal-v1/batch3/pairs/R00208/right/Main.java
R00209,s681740420.java,p03370,/Users/liuziqi/Documents/西大Graduate/Project_base/Code/Meng_ProjectBased_DetectCodeSimilar/code-sim/results/formal-v1/batch3/pairs/R00209/left/Main.java,/Users/liuziqi/Documents/西大Graduate/Project_base/Code/Meng_ProjectBased_DetectCodeSimilar/code-sim/results/formal-v1/batch3/pairs/R00209/right/Main.java
R00210,s379741172.java,p02628,/Users/liuziqi/Documents/西大Graduate/Project_base/Code/Meng_ProjectBased_DetectCodeSimilar/code-sim/results/formal-v1/batch3/pairs/R00210/left/Main.java,/Users/liuziqi/Documents/西大Graduate/Project_base/Code/Meng_ProjectBased_DetectCodeSimilar/code-sim/results/formal-v1/batch3/pairs/R00210/right/Main.java
R00211,s716596688.java,p02658,/Users/liuziqi/Documents/西大Graduate/Project_base/Code/Meng_ProjectBased_DetectCodeSimilar/code-sim/results/formal-v1/batch3/pairs/R00211/left/Main.java,/Users/liuziqi/Documents/西大Graduate/Project_base/Code/Meng_ProjectBased_DetectCodeSimilar/code-sim/results/formal-v1/batch3/pairs/R00211/right/Main.java
R00212,s132628080.java,p03474,/Users/liuziqi/Documents/西大Graduate/Project_base/Code/Meng_ProjectBased_DetectCodeSimilar/code-sim/results/formal-v1/batch3/pairs/R00212/left/Main.java,/Users/liuziqi/Documents/西大Graduate/Project_base/Code/Meng_ProjectBased_DetectCodeSimilar/code-sim/results/formal-v1/batch3/pairs/R00212/right/Main.java
R00213,s830458174.java,p03448,/Users/liuziqi/Documents/西大Graduate/Project_base/Code/Meng_ProjectBased_DetectCodeSimilar/code-sim/results/formal-v1/batch3/pairs/R00213/left/Main.java,/Users/liuziqi/Documents/西大Graduate/Project_base/Code/Meng_ProjectBased_DetectCodeSimilar/code-sim/results/formal-v1/batch3/pairs/R00213/right/Main.java
R00214,s659055551.java,p02595,/Users/liuziqi/Documents/西大Graduate/Project_base/Code/Meng_ProjectBased_DetectCodeSimilar/code-sim/results/formal-v1/batch3/pairs/R00214/left/Main.java,/Users/liuziqi/Documents/西大Graduate/Project_base/Code/Meng_ProjectBased_DetectCodeSimilar/code-sim/results/formal-v1/batch3/pairs/R00214/right/Main.java
R00215,s298388747.java,p03720,/Users/liuziqi/Documents/西大Graduate/Project_base/Code/Meng_ProjectBased_DetectCodeSimilar/code-sim/results/formal-v1/batch3/pairs/R00215/left/Main.java,/Users/liuziqi/Documents/西大Graduate/Project_base/Code/Meng_ProjectBased_DetectCodeSimilar/code-sim/results/formal-v1/batch3/pairs/R00215/right/Main.java
R00216,s833096302.java,p02947,/Users/liuziqi/Documents/西大Graduate/Project_base/Code/Meng_ProjectBased_DetectCodeSimilar/code-sim/results/formal-v1/batch3/pairs/R00216/left/Main.java,/Users/liuziqi/Documents/西大Graduate/Project_base/Code/Meng_ProjectBased_DetectCodeSimilar/code-sim/results/formal-v1/batch3/pairs/R00216/right/Main.java
R00217,s113732837.java,p02688,/Users/liuziqi/Documents/西大Graduate/Project_base/Code/Meng_ProjectBased_DetectCodeSimilar/code-sim/results/formal-v1/batch3/pairs/R00217/left/Main.java,/Users/liuziqi/Documents/西大Graduate/Project_base/Code/Meng_ProjectBased_DetectCodeSimilar/code-sim/results/formal-v1/batch3/pairs/R00217/right/Main.java
R00218,s518875309.java,p03775,/Users/liuziqi/Documents/西大Graduate/Project_base/Code/Meng_ProjectBased_DetectCodeSimilar/code-sim/results/formal-v1/batch3/pairs/R00218/left/Main.java,/Users/liuziqi/Documents/西大Graduate/Project_base/Code/Meng_ProjectBased_DetectCodeSimilar/code-sim/results/formal-v1/batch3/pairs/R00218/right/Main.java
R00219,s079261232.java,p03220,/Users/liuziqi/Documents/西大Graduate/Project_base/Code/Meng_ProjectBased_DetectCodeSimilar/code-sim/results/formal-v1/batch3/pairs/R00219/left/Main.java,/Users/liuziqi/Documents/西大Graduate/Project_base/Code/Meng_ProjectBased_DetectCodeSimilar/code-sim/results/formal-v1/batch3/pairs/R00219/right/Main.java
R00220,s927127771.java,p03695,/Users/liuziqi/Documents/西大Graduate/Project_base/Code/Meng_ProjectBased_DetectCodeSimilar/code-sim/results/formal-v1/batch3/pairs/R00220/left/Main.java,/Users/liuziqi/Documents/西大Graduate/Project_base/Code/Meng_ProjectBased_DetectCodeSimilar/code-sim/results/formal-v1/batch3/pairs/R00220/right/Main.java
R00221,s472513080.java,p02401,/Users/liuziqi/Documents/西大Graduate/Project_base/Code/Meng_ProjectBased_DetectCodeSimilar/code-sim/results/formal-v1/batch3/pairs/R00221/left/Main.java,/Users/liuziqi/Documents/西大Graduate/Project_base/Code/Meng_ProjectBased_DetectCodeSimilar/code-sim/results/formal-v1/batch3/pairs/R00221/right/Main.java
R00222,s989712351.java,p03352,/Users/liuziqi/Documents/西大Graduate/Project_base/Code/Meng_ProjectBased_DetectCodeSimilar/code-sim/results/formal-v1/batch3/pairs/R00222/left/Main.java,/Users/liuziqi/Documents/西大Graduate/Project_base/Code/Meng_ProjectBased_DetectCodeSimilar/code-sim/results/formal-v1/batch3/pairs/R00222/right/Main.java
R00223,s933757237.java,p03814,/Users/liuziqi/Documents/西大Graduate/Project_base/Code/Meng_ProjectBased_DetectCodeSimilar/code-sim/results/formal-v1/batch3/pairs/R00223/left/Main.java,/Users/liuziqi/Documents/西大Graduate/Project_base/Code/Meng_ProjectBased_DetectCodeSimilar/code-sim/results/formal-v1/batch3/pairs/R00223/right/Main.java
R00224,s541354638.java,p02783,/Users/liuziqi/Documents/西大Graduate/Project_base/Code/Meng_ProjectBased_DetectCodeSimilar/code-sim/results/formal-v1/batch3/pairs/R00224/left/Main.java,/Users/liuziqi/Documents/西大Graduate/Project_base/Code/Meng_ProjectBased_DetectCodeSimilar/code-sim/results/formal-v1/batch3/pairs/R00224/right/Main.java
R00225,s606836094.java,p02773,/Users/liuziqi/Documents/西大Graduate/Project_base/Code/Meng_ProjectBased_DetectCodeSimilar/code-sim/results/formal-v1/batch3/pairs/R00225/left/Main.java,/Users/liuziqi/Documents/西大Graduate/Project_base/Code/Meng_ProjectBased_DetectCodeSimilar/code-sim/results/formal-v1/batch3/pairs/R00225/right/Main.java
R00226,s201020317.java,p03474,/Users/liuziqi/Documents/西大Graduate/Project_base/Code/Meng_ProjectBased_DetectCodeSimilar/code-sim/results/formal-v1/batch3/pairs/R00226/left/Main.java,/Users/liuziqi/Documents/西大Graduate/Project_base/Code/Meng_ProjectBased_DetectCodeSimilar/code-sim/results/formal-v1/batch3/pairs/R00226/right/Main.java
R00227,s064091718.java,p02570,/Users/liuziqi/Documents/西大Graduate/Project_base/Code/Meng_ProjectBased_DetectCodeSimilar/code-sim/results/formal-v1/batch3/pairs/R00227/left/Main.java,/Users/liuziqi/Documents/西大Graduate/Project_base/Code/Meng_ProjectBased_DetectCodeSimilar/code-sim/results/formal-v1/batch3/pairs/R00227/right/Main.java
R00228,s878926027.java,p02779,/Users/liuziqi/Documents/西大Graduate/Project_base/Code/Meng_ProjectBased_DetectCodeSimilar/code-sim/results/formal-v1/batch3/pairs/R00228/left/Main.java,/Users/liuziqi/Documents/西大Graduate/Project_base/Code/Meng_ProjectBased_DetectCodeSimilar/code-sim/results/formal-v1/batch3/pairs/R00228/right/Main.java
R00229,s329642863.java,p02730,/Users/liuziqi/Documents/西大Graduate/Project_base/Code/Meng_ProjectBased_DetectCodeSimilar/code-sim/results/formal-v1/batch3/pairs/R00229/left/Main.java,/Users/liuziqi/Documents/西大Graduate/Project_base/Code/Meng_ProjectBased_DetectCodeSimilar/code-sim/results/formal-v1/batch3/pairs/R00229/right/Main.java
R00230,s211124635.java,p02389,/Users/liuziqi/Documents/西大Graduate/Project_base/Code/Meng_ProjectBased_DetectCodeSimilar/code-sim/results/formal-v1/batch3/pairs/R00230/left/Main.java,/Users/liuziqi/Documents/西大Graduate/Project_base/Code/Meng_ProjectBased_DetectCodeSimilar/code-sim/results/formal-v1/batch3/pairs/R00230/right/Main.java
R00231,s912585104.java,p02777,/Users/liuziqi/Documents/西大Graduate/Project_base/Code/Meng_ProjectBased_DetectCodeSimilar/code-sim/results/formal-v1/batch3/pairs/R00231/left/Main.java,/Users/liuziqi/Documents/西大Graduate/Project_base/Code/Meng_ProjectBased_DetectCodeSimilar/code-sim/results/formal-v1/batch3/pairs/R00231/right/Main.java
R00232,s359439105.java,p04044,/Users/liuziqi/Documents/西大Graduate/Project_base/Code/Meng_ProjectBased_DetectCodeSimilar/code-sim/results/formal-v1/batch3/pairs/R00232/left/Main.java,/Users/liuziqi/Documents/西大Graduate/Project_base/Code/Meng_ProjectBased_DetectCodeSimilar/code-sim/results/formal-v1/batch3/pairs/R00232/right/Main.java
R00233,s459403183.java,p02694,/Users/liuziqi/Documents/西大Graduate/Project_base/Code/Meng_ProjectBased_DetectCodeSimilar/code-sim/results/formal-v1/batch3/pairs/R00233/left/Main.java,/Users/liuziqi/Documents/西大Graduate/Project_base/Code/Meng_ProjectBased_DetectCodeSimilar/code-sim/results/formal-v1/batch3/pairs/R00233/right/Main.java
R00234,s818056172.java,p03011,/Users/liuziqi/Documents/西大Graduate/Project_base/Code/Meng_ProjectBased_DetectCodeSimilar/code-sim/results/formal-v1/batch3/pairs/R00234/left/Main.java,/Users/liuziqi/Documents/西大Graduate/Project_base/Code/Meng_ProjectBased_DetectCodeSimilar/code-sim/results/formal-v1/batch3/pairs/R00234/right/Main.java
R00235,s328079243.java,p03000,/Users/liuziqi/Documents/西大Graduate/Project_base/Code/Meng_ProjectBased_DetectCodeSimilar/code-sim/results/formal-v1/batch3/pairs/R00235/left/Main.java,/Users/liuziqi/Documents/西大Graduate/Project_base/Code/Meng_ProjectBased_DetectCodeSimilar/code-sim/results/formal-v1/batch3/pairs/R00235/right/Main.java
R00236,s950970835.java,p03435,/Users/liuziqi/Documents/西大Graduate/Project_base/Code/Meng_ProjectBased_DetectCodeSimilar/code-sim/results/formal-v1/batch3/pairs/R00236/left/Main.java,/Users/liuziqi/Documents/西大Graduate/Project_base/Code/Meng_ProjectBased_DetectCodeSimilar/code-sim/results/formal-v1/batch3/pairs/R00236/right/Main.java
R00237,s026121321.java,p02982,/Users/liuziqi/Documents/西大Graduate/Project_base/Code/Meng_ProjectBased_DetectCodeSimilar/code-sim/results/formal-v1/batch3/pairs/R00237/left/Main.java,/Users/liuziqi/Documents/西大Graduate/Project_base/Code/Meng_ProjectBased_DetectCodeSimilar/code-sim/results/formal-v1/batch3/pairs/R00237/right/Main.java
R00238,s306713924.java,p02706,/Users/liuziqi/Documents/西大Graduate/Project_base/Code/Meng_ProjectBased_DetectCodeSimilar/code-sim/results/formal-v1/batch3/pairs/R00238/left/Main.java,/Users/liuziqi/Documents/西大Graduate/Project_base/Code/Meng_ProjectBased_DetectCodeSimilar/code-sim/results/formal-v1/batch3/pairs/R00238/right/Main.java
R00239,s680422244.java,p02397,/Users/liuziqi/Documents/西大Graduate/Project_base/Code/Meng_ProjectBased_DetectCodeSimilar/code-sim/results/formal-v1/batch3/pairs/R00239/left/Main.java,/Users/liuziqi/Documents/西大Graduate/Project_base/Code/Meng_ProjectBased_DetectCodeSimilar/code-sim/results/formal-v1/batch3/pairs/R00239/right/Main.java
R00240,s545270406.java,p02959,/Users/liuziqi/Documents/西大Graduate/Project_base/Code/Meng_ProjectBased_DetectCodeSimilar/code-sim/results/formal-v1/batch3/pairs/R00240/left/Main.java,/Users/liuziqi/Documents/西大Graduate/Project_base/Code/Meng_ProjectBased_DetectCodeSimilar/code-sim/results/formal-v1/batch3/pairs/R00240/right/Main.java
R00241,s431695939.java,p02641,/Users/liuziqi/Documents/西大Graduate/Project_base/Code/Meng_ProjectBased_DetectCodeSimilar/code-sim/results/formal-v1/batch3/pairs/R00241/left/Main.java,/Users/liuziqi/Documents/西大Graduate/Project_base/Code/Meng_ProjectBased_DetectCodeSimilar/code-sim/results/formal-v1/batch3/pairs/R00241/right/Main.java
R00242,s231276081.java,p02860,/Users/liuziqi/Documents/西大Graduate/Project_base/Code/Meng_ProjectBased_DetectCodeSimilar/code-sim/results/formal-v1/batch3/pairs/R00242/left/Main.java,/Users/liuziqi/Documents/西大Graduate/Project_base/Code/Meng_ProjectBased_DetectCodeSimilar/code-sim/results/formal-v1/batch3/pairs/R00242/right/Main.java
R00243,s659580457.java,p03001,/Users/liuziqi/Documents/西大Graduate/Project_base/Code/Meng_ProjectBased_DetectCodeSimilar/code-sim/results/formal-v1/batch3/pairs/R00243/left/Main.java,/Users/liuziqi/Documents/西大Graduate/Project_base/Code/Meng_ProjectBased_DetectCodeSimilar/code-sim/results/formal-v1/batch3/pairs/R00243/right/Main.java
R00244,s962621002.java,p02413,/Users/liuziqi/Documents/西大Graduate/Project_base/Code/Meng_ProjectBased_DetectCodeSimilar/code-sim/results/formal-v1/batch3/pairs/R00244/left/Main.java,/Users/liuziqi/Documents/西大Graduate/Project_base/Code/Meng_ProjectBased_DetectCodeSimilar/code-sim/results/formal-v1/batch3/pairs/R00244/right/Main.java
R00245,s418585142.java,p03416,/Users/liuziqi/Documents/西大Graduate/Project_base/Code/Meng_ProjectBased_DetectCodeSimilar/code-sim/results/formal-v1/batch3/pairs/R00245/left/Main.java,/Users/liuziqi/Documents/西大Graduate/Project_base/Code/Meng_ProjectBased_DetectCodeSimilar/code-sim/results/formal-v1/batch3/pairs/R00245/right/Main.java
R00246,s522548787.java,p03474,/Users/liuziqi/Documents/西大Graduate/Project_base/Code/Meng_ProjectBased_DetectCodeSimilar/code-sim/results/formal-v1/batch3/pairs/R00246/left/Main.java,/Users/liuziqi/Documents/西大Graduate/Project_base/Code/Meng_ProjectBased_DetectCodeSimilar/code-sim/results/formal-v1/batch3/pairs/R00246/right/Main.java
R00247,s568149874.java,p03644,/Users/liuziqi/Documents/西大Graduate/Project_base/Code/Meng_ProjectBased_DetectCodeSimilar/code-sim/results/formal-v1/batch3/pairs/R00247/left/Main.java,/Users/liuziqi/Documents/西大Graduate/Project_base/Code/Meng_ProjectBased_DetectCodeSimilar/code-sim/results/formal-v1/batch3/pairs/R00247/right/Main.java
R00248,s522128717.java,p03434,/Users/liuziqi/Documents/西大Graduate/Project_base/Code/Meng_ProjectBased_DetectCodeSimilar/code-sim/results/formal-v1/batch3/pairs/R00248/left/Main.java,/Users/liuziqi/Documents/西大Graduate/Project_base/Code/Meng_ProjectBased_DetectCodeSimilar/code-sim/results/formal-v1/batch3/pairs/R00248/right/Main.java
R00249,s740410899.java,p00011,/Users/liuziqi/Documents/西大Graduate/Project_base/Code/Meng_ProjectBased_DetectCodeSimilar/code-sim/results/formal-v1/batch3/pairs/R00249/left/Main.java,/Users/liuziqi/Documents/西大Graduate/Project_base/Code/Meng_ProjectBased_DetectCodeSimilar/code-sim/results/formal-v1/batch3/pairs/R00249/right/Main.java
R00250,s123254853.java,p03360,/Users/liuziqi/Documents/西大Graduate/Project_base/Code/Meng_ProjectBased_DetectCodeSimilar/code-sim/results/formal-v1/batch3/pairs/R00250/left/Main.java,/Users/liuziqi/Documents/西大Graduate/Project_base/Code/Meng_ProjectBased_DetectCodeSimilar/code-sim/results/formal-v1/batch3/pairs/R00250/right/Main.java
R00251,s627077839.java,p03545,/Users/liuziqi/Documents/西大Graduate/Project_base/Code/Meng_ProjectBased_DetectCodeSimilar/code-sim/results/formal-v1/batch3/pairs/R00251/left/Main.java,/Users/liuziqi/Documents/西大Graduate/Project_base/Code/Meng_ProjectBased_DetectCodeSimilar/code-sim/results/formal-v1/batch3/pairs/R00251/right/Main.java
R00252,s949129777.java,p02693,/Users/liuziqi/Documents/西大Graduate/Project_base/Code/Meng_ProjectBased_DetectCodeSimilar/code-sim/results/formal-v1/batch3/pairs/R00252/left/Main.java,/Users/liuziqi/Documents/西大Graduate/Project_base/Code/Meng_ProjectBased_DetectCodeSimilar/code-sim/results/formal-v1/batch3/pairs/R00252/right/Main.java
R00253,s758794141.java,p03037,/Users/liuziqi/Documents/西大Graduate/Project_base/Code/Meng_ProjectBased_DetectCodeSimilar/code-sim/results/formal-v1/batch3/pairs/R00253/left/Main.java,/Users/liuziqi/Documents/西大Graduate/Project_base/Code/Meng_ProjectBased_DetectCodeSimilar/code-sim/results/formal-v1/batch3/pairs/R00253/right/Main.java
R00254,s094929544.java,p02959,/Users/liuziqi/Documents/西大Graduate/Project_base/Code/Meng_ProjectBased_DetectCodeSimilar/code-sim/results/formal-v1/batch3/pairs/R00254/left/Main.java,/Users/liuziqi/Documents/西大Graduate/Project_base/Code/Meng_ProjectBased_DetectCodeSimilar/code-sim/results/formal-v1/batch3/pairs/R00254/right/Main.java
R00255,s069703765.java,p02260,/Users/liuziqi/Documents/西大Graduate/Project_base/Code/Meng_ProjectBased_DetectCodeSimilar/code-sim/results/formal-v1/batch3/pairs/R00255/left/Main.java,/Users/liuziqi/Documents/西大Graduate/Project_base/Code/Meng_ProjectBased_DetectCodeSimilar/code-sim/results/formal-v1/batch3/pairs/R00255/right/Main.java
R00256,s607710172.java,p03720,/Users/liuziqi/Documents/西大Graduate/Project_base/Code/Meng_ProjectBased_DetectCodeSimilar/code-sim/results/formal-v1/batch3/pairs/R00256/left/Main.java,/Users/liuziqi/Documents/西大Graduate/Project_base/Code/Meng_ProjectBased_DetectCodeSimilar/code-sim/results/formal-v1/batch3/pairs/R00256/right/Main.java
R00257,s119677946.java,p02688,/Users/liuziqi/Documents/西大Graduate/Project_base/Code/Meng_ProjectBased_DetectCodeSimilar/code-sim/results/formal-v1/batch3/pairs/R00257/left/Main.java,/Users/liuziqi/Documents/西大Graduate/Project_base/Code/Meng_ProjectBased_DetectCodeSimilar/code-sim/results/formal-v1/batch3/pairs/R00257/right/Main.java
R00258,s934912004.java,p03434,/Users/liuziqi/Documents/西大Graduate/Project_base/Code/Meng_ProjectBased_DetectCodeSimilar/code-sim/results/formal-v1/batch3/pairs/R00258/left/Main.java,/Users/liuziqi/Documents/西大Graduate/Project_base/Code/Meng_ProjectBased_DetectCodeSimilar/code-sim/results/formal-v1/batch3/pairs/R00258/right/Main.java
R00259,s063896018.java,p03126,/Users/liuziqi/Documents/西大Graduate/Project_base/Code/Meng_ProjectBased_DetectCodeSimilar/code-sim/results/formal-v1/batch3/pairs/R00259/left/Main.java,/Users/liuziqi/Documents/西大Graduate/Project_base/Code/Meng_ProjectBased_DetectCodeSimilar/code-sim/results/formal-v1/batch3/pairs/R00259/right/Main.java
R00260,s490852560.java,p03037,/Users/liuziqi/Documents/西大Graduate/Project_base/Code/Meng_ProjectBased_DetectCodeSimilar/code-sim/results/formal-v1/batch3/pairs/R00260/left/Main.java,/Users/liuziqi/Documents/西大Graduate/Project_base/Code/Meng_ProjectBased_DetectCodeSimilar/code-sim/results/formal-v1/batch3/pairs/R00260/right/Main.java
R00261,s337856840.java,p03456,/Users/liuziqi/Documents/西大Graduate/Project_base/Code/Meng_ProjectBased_DetectCodeSimilar/code-sim/results/formal-v1/batch3/pairs/R00261/left/Main.java,/Users/liuziqi/Documents/西大Graduate/Project_base/Code/Meng_ProjectBased_DetectCodeSimilar/code-sim/results/formal-v1/batch3/pairs/R00261/right/Main.java
R00262,s628370595.java,p03814,/Users/liuziqi/Documents/西大Graduate/Project_base/Code/Meng_ProjectBased_DetectCodeSimilar/code-sim/results/formal-v1/batch3/pairs/R00262/left/Main.java,/Users/liuziqi/Documents/西大Graduate/Project_base/Code/Meng_ProjectBased_DetectCodeSimilar/code-sim/results/formal-v1/batch3/pairs/R00262/right/Main.java
R00263,s017325287.java,p02394,/Users/liuziqi/Documents/西大Graduate/Project_base/Code/Meng_ProjectBased_DetectCodeSimilar/code-sim/results/formal-v1/batch3/pairs/R00263/left/Main.java,/Users/liuziqi/Documents/西大Graduate/Project_base/Code/Meng_ProjectBased_DetectCodeSimilar/code-sim/results/formal-v1/batch3/pairs/R00263/right/Main.java
R00264,s953142894.java,p02417,/Users/liuziqi/Documents/西大Graduate/Project_base/Code/Meng_ProjectBased_DetectCodeSimilar/code-sim/results/formal-v1/batch3/pairs/R00264/left/Main.java,/Users/liuziqi/Documents/西大Graduate/Project_base/Code/Meng_ProjectBased_DetectCodeSimilar/code-sim/results/formal-v1/batch3/pairs/R00264/right/Main.java
R00265,s840981243.java,p02628,/Users/liuziqi/Documents/西大Graduate/Project_base/Code/Meng_ProjectBased_DetectCodeSimilar/code-sim/results/formal-v1/batch3/pairs/R00265/left/Main.java,/Users/liuziqi/Documents/西大Graduate/Project_base/Code/Meng_ProjectBased_DetectCodeSimilar/code-sim/results/formal-v1/batch3/pairs/R00265/right/Main.java
R00266,s120703485.java,p02725,/Users/liuziqi/Documents/西大Graduate/Project_base/Code/Meng_ProjectBased_DetectCodeSimilar/code-sim/results/formal-v1/batch3/pairs/R00266/left/Main.java,/Users/liuziqi/Documents/西大Graduate/Project_base/Code/Meng_ProjectBased_DetectCodeSimilar/code-sim/results/formal-v1/batch3/pairs/R00266/right/Main.java
R00267,s442286018.java,p02628,/Users/liuziqi/Documents/西大Graduate/Project_base/Code/Meng_ProjectBased_DetectCodeSimilar/code-sim/results/formal-v1/batch3/pairs/R00267/left/Main.java,/Users/liuziqi/Documents/西大Graduate/Project_base/Code/Meng_ProjectBased_DetectCodeSimilar/code-sim/results/formal-v1/batch3/pairs/R00267/right/Main.java
R00268,s387997062.java,p02911,/Users/liuziqi/Documents/西大Graduate/Project_base/Code/Meng_ProjectBased_DetectCodeSimilar/code-sim/results/formal-v1/batch3/pairs/R00268/left/Main.java,/Users/liuziqi/Documents/西大Graduate/Project_base/Code/Meng_ProjectBased_DetectCodeSimilar/code-sim/results/formal-v1/batch3/pairs/R00268/right/Main.java
R00269,s721369035.java,p02571,/Users/liuziqi/Documents/西大Graduate/Project_base/Code/Meng_ProjectBased_DetectCodeSimilar/code-sim/results/formal-v1/batch3/pairs/R00269/left/Main.java,/Users/liuziqi/Documents/西大Graduate/Project_base/Code/Meng_ProjectBased_DetectCodeSimilar/code-sim/results/formal-v1/batch3/pairs/R00269/right/Main.java
R00270,s425414023.java,p02641,/Users/liuziqi/Documents/西大Graduate/Project_base/Code/Meng_ProjectBased_DetectCodeSimilar/code-sim/results/formal-v1/batch3/pairs/R00270/left/Main.java,/Users/liuziqi/Documents/西大Graduate/Project_base/Code/Meng_ProjectBased_DetectCodeSimilar/code-sim/results/formal-v1/batch3/pairs/R00270/right/Main.java
R00271,s813772395.java,p02719,/Users/liuziqi/Documents/西大Graduate/Project_base/Code/Meng_ProjectBased_DetectCodeSimilar/code-sim/results/formal-v1/batch3/pairs/R00271/left/Main.java,/Users/liuziqi/Documents/西大Graduate/Project_base/Code/Meng_ProjectBased_DetectCodeSimilar/code-sim/results/formal-v1/batch3/pairs/R00271/right/Main.java
R00272,s003422517.java,p03325,/Users/liuziqi/Documents/西大Graduate/Project_base/Code/Meng_ProjectBased_DetectCodeSimilar/code-sim/results/formal-v1/batch3/pairs/R00272/left/Main.java,/Users/liuziqi/Documents/西大Graduate/Project_base/Code/Meng_ProjectBased_DetectCodeSimilar/code-sim/results/formal-v1/batch3/pairs/R00272/right/Main.java
R00273,s278718276.java,p03854,/Users/liuziqi/Documents/西大Graduate/Project_base/Code/Meng_ProjectBased_DetectCodeSimilar/code-sim/results/formal-v1/batch3/pairs/R00273/left/Main.java,/Users/liuziqi/Documents/西大Graduate/Project_base/Code/Meng_ProjectBased_DetectCodeSimilar/code-sim/results/formal-v1/batch3/pairs/R00273/right/Main.java
R00274,s464513649.java,p03695,/Users/liuziqi/Documents/西大Graduate/Project_base/Code/Meng_ProjectBased_DetectCodeSimilar/code-sim/results/formal-v1/batch3/pairs/R00274/left/Main.java,/Users/liuziqi/Documents/西大Graduate/Project_base/Code/Meng_ProjectBased_DetectCodeSimilar/code-sim/results/formal-v1/batch3/pairs/R00274/right/Main.java
R00275,s920281507.java,p02818,/Users/liuziqi/Documents/西大Graduate/Project_base/Code/Meng_ProjectBased_DetectCodeSimilar/code-sim/results/formal-v1/batch3/pairs/R00275/left/Main.java,/Users/liuziqi/Documents/西大Graduate/Project_base/Code/Meng_ProjectBased_DetectCodeSimilar/code-sim/results/formal-v1/batch3/pairs/R00275/right/Main.java
R00276,s272153881.java,p02260,/Users/liuziqi/Documents/西大Graduate/Project_base/Code/Meng_ProjectBased_DetectCodeSimilar/code-sim/results/formal-v1/batch3/pairs/R00276/left/Main.java,/Users/liuziqi/Documents/西大Graduate/Project_base/Code/Meng_ProjectBased_DetectCodeSimilar/code-sim/results/formal-v1/batch3/pairs/R00276/right/Main.java
R00277,s287817369.java,p02755,/Users/liuziqi/Documents/西大Graduate/Project_base/Code/Meng_ProjectBased_DetectCodeSimilar/code-sim/results/formal-v1/batch3/pairs/R00277/left/Main.java,/Users/liuziqi/Documents/西大Graduate/Project_base/Code/Meng_ProjectBased_DetectCodeSimilar/code-sim/results/formal-v1/batch3/pairs/R00277/right/Main.java
R00278,s043936121.java,p02578,/Users/liuziqi/Documents/西大Graduate/Project_base/Code/Meng_ProjectBased_DetectCodeSimilar/code-sim/results/formal-v1/batch3/pairs/R00278/left/Main.java,/Users/liuziqi/Documents/西大Graduate/Project_base/Code/Meng_ProjectBased_DetectCodeSimilar/code-sim/results/formal-v1/batch3/pairs/R00278/right/Main.java
R00279,s284477125.java,p02988,/Users/liuziqi/Documents/西大Graduate/Project_base/Code/Meng_ProjectBased_DetectCodeSimilar/code-sim/results/formal-v1/batch3/pairs/R00279/left/Main.java,/Users/liuziqi/Documents/西大Graduate/Project_base/Code/Meng_ProjectBased_DetectCodeSimilar/code-sim/results/formal-v1/batch3/pairs/R00279/right/Main.java
R00280,s747410484.java,p03161,/Users/liuziqi/Documents/西大Graduate/Project_base/Code/Meng_ProjectBased_DetectCodeSimilar/code-sim/results/formal-v1/batch3/pairs/R00280/left/Main.java,/Users/liuziqi/Documents/西大Graduate/Project_base/Code/Meng_ProjectBased_DetectCodeSimilar/code-sim/results/formal-v1/batch3/pairs/R00280/right/Main.java
R00281,s752620693.java,p03545,/Users/liuziqi/Documents/西大Graduate/Project_base/Code/Meng_ProjectBased_DetectCodeSimilar/code-sim/results/formal-v1/batch3/pairs/R00281/left/Main.java,/Users/liuziqi/Documents/西大Graduate/Project_base/Code/Meng_ProjectBased_DetectCodeSimilar/code-sim/results/formal-v1/batch3/pairs/R00281/right/Main.java
R00282,s871898902.java,p02725,/Users/liuziqi/Documents/西大Graduate/Project_base/Code/Meng_ProjectBased_DetectCodeSimilar/code-sim/results/formal-v1/batch3/pairs/R00282/left/Main.java,/Users/liuziqi/Documents/西大Graduate/Project_base/Code/Meng_ProjectBased_DetectCodeSimilar/code-sim/results/formal-v1/batch3/pairs/R00282/right/Main.java
R00283,s342420294.java,p02677,/Users/liuziqi/Documents/西大Graduate/Project_base/Code/Meng_ProjectBased_DetectCodeSimilar/code-sim/results/formal-v1/batch3/pairs/R00283/left/Main.java,/Users/liuziqi/Documents/西大Graduate/Project_base/Code/Meng_ProjectBased_DetectCodeSimilar/code-sim/results/formal-v1/batch3/pairs/R00283/right/Main.java
R00284,s565346481.java,p03814,/Users/liuziqi/Documents/西大Graduate/Project_base/Code/Meng_ProjectBased_DetectCodeSimilar/code-sim/results/formal-v1/batch3/pairs/R00284/left/Main.java,/Users/liuziqi/Documents/西大Graduate/Project_base/Code/Meng_ProjectBased_DetectCodeSimilar/code-sim/results/formal-v1/batch3/pairs/R00284/right/Main.java
R00285,s205230163.java,p04012,/Users/liuziqi/Documents/西大Graduate/Project_base/Code/Meng_ProjectBased_DetectCodeSimilar/code-sim/results/formal-v1/batch3/pairs/R00285/left/Main.java,/Users/liuziqi/Documents/西大Graduate/Project_base/Code/Meng_ProjectBased_DetectCodeSimilar/code-sim/results/formal-v1/batch3/pairs/R00285/right/Main.java
R00286,s148058659.java,p03720,/Users/liuziqi/Documents/西大Graduate/Project_base/Code/Meng_ProjectBased_DetectCodeSimilar/code-sim/results/formal-v1/batch3/pairs/R00286/left/Main.java,/Users/liuziqi/Documents/西大Graduate/Project_base/Code/Meng_ProjectBased_DetectCodeSimilar/code-sim/results/formal-v1/batch3/pairs/R00286/right/Main.java
R00287,s660979811.java,p02802,/Users/liuziqi/Documents/西大Graduate/Project_base/Code/Meng_ProjectBased_DetectCodeSimilar/code-sim/results/formal-v1/batch3/pairs/R00287/left/Main.java,/Users/liuziqi/Documents/西大Graduate/Project_base/Code/Meng_ProjectBased_DetectCodeSimilar/code-sim/results/formal-v1/batch3/pairs/R00287/right/Main.java
R00288,s594005683.java,p02829,/Users/liuziqi/Documents/西大Graduate/Project_base/Code/Meng_ProjectBased_DetectCodeSimilar/code-sim/results/formal-v1/batch3/pairs/R00288/left/Main.java,/Users/liuziqi/Documents/西大Graduate/Project_base/Code/Meng_ProjectBased_DetectCodeSimilar/code-sim/results/formal-v1/batch3/pairs/R00288/right/Main.java
R00289,s514782720.java,p00007,/Users/liuziqi/Documents/西大Graduate/Project_base/Code/Meng_ProjectBased_DetectCodeSimilar/code-sim/results/formal-v1/batch3/pairs/R00289/left/Main.java,/Users/liuziqi/Documents/西大Graduate/Project_base/Code/Meng_ProjectBased_DetectCodeSimilar/code-sim/results/formal-v1/batch3/pairs/R00289/right/Main.java
R00290,s331860588.java,p02409,/Users/liuziqi/Documents/西大Graduate/Project_base/Code/Meng_ProjectBased_DetectCodeSimilar/code-sim/results/formal-v1/batch3/pairs/R00290/left/Main.java,/Users/liuziqi/Documents/西大Graduate/Project_base/Code/Meng_ProjectBased_DetectCodeSimilar/code-sim/results/formal-v1/batch3/pairs/R00290/right/Main.java
R00291,s138750984.java,p02786,/Users/liuziqi/Documents/西大Graduate/Project_base/Code/Meng_ProjectBased_DetectCodeSimilar/code-sim/results/formal-v1/batch3/pairs/R00291/left/Main.java,/Users/liuziqi/Documents/西大Graduate/Project_base/Code/Meng_ProjectBased_DetectCodeSimilar/code-sim/results/formal-v1/batch3/pairs/R00291/right/Main.java
R00292,s871054988.java,p02995,/Users/liuziqi/Documents/西大Graduate/Project_base/Code/Meng_ProjectBased_DetectCodeSimilar/code-sim/results/formal-v1/batch3/pairs/R00292/left/Main.java,/Users/liuziqi/Documents/西大Graduate/Project_base/Code/Meng_ProjectBased_DetectCodeSimilar/code-sim/results/formal-v1/batch3/pairs/R00292/right/Main.java
R00293,s882155217.java,p03293,/Users/liuziqi/Documents/西大Graduate/Project_base/Code/Meng_ProjectBased_DetectCodeSimilar/code-sim/results/formal-v1/batch3/pairs/R00293/left/Main.java,/Users/liuziqi/Documents/西大Graduate/Project_base/Code/Meng_ProjectBased_DetectCodeSimilar/code-sim/results/formal-v1/batch3/pairs/R00293/right/Main.java
R00294,s311878758.java,p02994,/Users/liuziqi/Documents/西大Graduate/Project_base/Code/Meng_ProjectBased_DetectCodeSimilar/code-sim/results/formal-v1/batch3/pairs/R00294/left/Main.java,/Users/liuziqi/Documents/西大Graduate/Project_base/Code/Meng_ProjectBased_DetectCodeSimilar/code-sim/results/formal-v1/batch3/pairs/R00294/right/Main.java
R00295,s131407051.java,p02713,/Users/liuziqi/Documents/西大Graduate/Project_base/Code/Meng_ProjectBased_DetectCodeSimilar/code-sim/results/formal-v1/batch3/pairs/R00295/left/Main.java,/Users/liuziqi/Documents/西大Graduate/Project_base/Code/Meng_ProjectBased_DetectCodeSimilar/code-sim/results/formal-v1/batch3/pairs/R00295/right/Main.java
R00296,s449188264.java,p02693,/Users/liuziqi/Documents/西大Graduate/Project_base/Code/Meng_ProjectBased_DetectCodeSimilar/code-sim/results/formal-v1/batch3/pairs/R00296/left/Main.java,/Users/liuziqi/Documents/西大Graduate/Project_base/Code/Meng_ProjectBased_DetectCodeSimilar/code-sim/results/formal-v1/batch3/pairs/R00296/right/Main.java
R00297,s272230674.java,p03037,/Users/liuziqi/Documents/西大Graduate/Project_base/Code/Meng_ProjectBased_DetectCodeSimilar/code-sim/results/formal-v1/batch3/pairs/R00297/left/Main.java,/Users/liuziqi/Documents/西大Graduate/Project_base/Code/Meng_ProjectBased_DetectCodeSimilar/code-sim/results/formal-v1/batch3/pairs/R00297/right/Main.java
R00298,s708875058.java,p02971,/Users/liuziqi/Documents/西大Graduate/Project_base/Code/Meng_ProjectBased_DetectCodeSimilar/code-sim/results/formal-v1/batch3/pairs/R00298/left/Main.java,/Users/liuziqi/Documents/西大Graduate/Project_base/Code/Meng_ProjectBased_DetectCodeSimilar/code-sim/results/formal-v1/batch3/pairs/R00298/right/Main.java
R00299,s697237238.java,p03474,/Users/liuziqi/Documents/西大Graduate/Project_base/Code/Meng_ProjectBased_DetectCodeSimilar/code-sim/results/formal-v1/batch3/pairs/R00299/left/Main.java,/Users/liuziqi/Documents/西大Graduate/Project_base/Code/Meng_ProjectBased_DetectCodeSimilar/code-sim/results/formal-v1/batch3/pairs/R00299/right/Main.java
R00300,s300318482.java,p04043,/Users/liuziqi/Documents/西大Graduate/Project_base/Code/Meng_ProjectBased_DetectCodeSimilar/code-sim/results/formal-v1/batch3/pairs/R00300/left/Main.java,/Users/liuziqi/Documents/西大Graduate/Project_base/Code/Meng_ProjectBased_DetectCodeSimilar/code-sim/results/formal-v1/batch3/pairs/R00300/right/Main.java
R00301,s715447065.java,p02260,/Users/liuziqi/Documents/西大Graduate/Project_base/Code/Meng_ProjectBased_DetectCodeSimilar/code-sim/results/formal-v1/batch3/pairs/R00301/left/Main.java,/Users/liuziqi/Documents/西大Graduate/Project_base/Code/Meng_ProjectBased_DetectCodeSimilar/code-sim/results/formal-v1/batch3/pairs/R00301/right/Main.java
R00302,s755300373.java,p02398,/Users/liuziqi/Documents/西大Graduate/Project_base/Code/Meng_ProjectBased_DetectCodeSimilar/code-sim/results/formal-v1/batch3/pairs/R00302/left/Main.java,/Users/liuziqi/Documents/西大Graduate/Project_base/Code/Meng_ProjectBased_DetectCodeSimilar/code-sim/results/formal-v1/batch3/pairs/R00302/right/Main.java
R00303,s250043054.java,p02393,/Users/liuziqi/Documents/西大Graduate/Project_base/Code/Meng_ProjectBased_DetectCodeSimilar/code-sim/results/formal-v1/batch3/pairs/R00303/left/Main.java,/Users/liuziqi/Documents/西大Graduate/Project_base/Code/Meng_ProjectBased_DetectCodeSimilar/code-sim/results/formal-v1/batch3/pairs/R00303/right/Main.java
R00304,s423816541.java,p02801,/Users/liuziqi/Documents/西大Graduate/Project_base/Code/Meng_ProjectBased_DetectCodeSimilar/code-sim/results/formal-v1/batch3/pairs/R00304/left/Main.java,/Users/liuziqi/Documents/西大Graduate/Project_base/Code/Meng_ProjectBased_DetectCodeSimilar/code-sim/results/formal-v1/batch3/pairs/R00304/right/Main.java
R00305,s795358852.java,p03371,/Users/liuziqi/Documents/西大Graduate/Project_base/Code/Meng_ProjectBased_DetectCodeSimilar/code-sim/results/formal-v1/batch3/pairs/R00305/left/Main.java,/Users/liuziqi/Documents/西大Graduate/Project_base/Code/Meng_ProjectBased_DetectCodeSimilar/code-sim/results/formal-v1/batch3/pairs/R00305/right/Main.java
R00306,s817220991.java,p02959,/Users/liuziqi/Documents/西大Graduate/Project_base/Code/Meng_ProjectBased_DetectCodeSimilar/code-sim/results/formal-v1/batch3/pairs/R00306/left/Main.java,/Users/liuziqi/Documents/西大Graduate/Project_base/Code/Meng_ProjectBased_DetectCodeSimilar/code-sim/results/formal-v1/batch3/pairs/R00306/right/Main.java
R00307,s546929553.java,p02921,/Users/liuziqi/Documents/西大Graduate/Project_base/Code/Meng_ProjectBased_DetectCodeSimilar/code-sim/results/formal-v1/batch3/pairs/R00307/left/Main.java,/Users/liuziqi/Documents/西大Graduate/Project_base/Code/Meng_ProjectBased_DetectCodeSimilar/code-sim/results/formal-v1/batch3/pairs/R00307/right/Main.java
R00308,s294542383.java,p02408,/Users/liuziqi/Documents/西大Graduate/Project_base/Code/Meng_ProjectBased_DetectCodeSimilar/code-sim/results/formal-v1/batch3/pairs/R00308/left/Main.java,/Users/liuziqi/Documents/西大Graduate/Project_base/Code/Meng_ProjectBased_DetectCodeSimilar/code-sim/results/formal-v1/batch3/pairs/R00308/right/Main.java
R00309,s605109948.java,p02394,/Users/liuziqi/Documents/西大Graduate/Project_base/Code/Meng_ProjectBased_DetectCodeSimilar/code-sim/results/formal-v1/batch3/pairs/R00309/left/Main.java,/Users/liuziqi/Documents/西大Graduate/Project_base/Code/Meng_ProjectBased_DetectCodeSimilar/code-sim/results/formal-v1/batch3/pairs/R00309/right/Main.java
R00310,s869739567.java,p03370,/Users/liuziqi/Documents/西大Graduate/Project_base/Code/Meng_ProjectBased_DetectCodeSimilar/code-sim/results/formal-v1/batch3/pairs/R00310/left/Main.java,/Users/liuziqi/Documents/西大Graduate/Project_base/Code/Meng_ProjectBased_DetectCodeSimilar/code-sim/results/formal-v1/batch3/pairs/R00310/right/Main.java
R00311,s116689865.java,p02412,/Users/liuziqi/Documents/西大Graduate/Project_base/Code/Meng_ProjectBased_DetectCodeSimilar/code-sim/results/formal-v1/batch3/pairs/R00311/left/Main.java,/Users/liuziqi/Documents/西大Graduate/Project_base/Code/Meng_ProjectBased_DetectCodeSimilar/code-sim/results/formal-v1/batch3/pairs/R00311/right/Main.java
R00312,s124267304.java,p03107,/Users/liuziqi/Documents/西大Graduate/Project_base/Code/Meng_ProjectBased_DetectCodeSimilar/code-sim/results/formal-v1/batch3/pairs/R00312/left/Main.java,/Users/liuziqi/Documents/西大Graduate/Project_base/Code/Meng_ProjectBased_DetectCodeSimilar/code-sim/results/formal-v1/batch3/pairs/R00312/right/Main.java
R00313,s262489976.java,p00001,/Users/liuziqi/Documents/西大Graduate/Project_base/Code/Meng_ProjectBased_DetectCodeSimilar/code-sim/results/formal-v1/batch3/pairs/R00313/left/Main.java,/Users/liuziqi/Documents/西大Graduate/Project_base/Code/Meng_ProjectBased_DetectCodeSimilar/code-sim/results/formal-v1/batch3/pairs/R00313/right/Main.java
R00314,s987830703.java,p02688,/Users/liuziqi/Documents/西大Graduate/Project_base/Code/Meng_ProjectBased_DetectCodeSimilar/code-sim/results/formal-v1/batch3/pairs/R00314/left/Main.java,/Users/liuziqi/Documents/西大Graduate/Project_base/Code/Meng_ProjectBased_DetectCodeSimilar/code-sim/results/formal-v1/batch3/pairs/R00314/right/Main.java
R00315,s901867214.java,p03434,/Users/liuziqi/Documents/西大Graduate/Project_base/Code/Meng_ProjectBased_DetectCodeSimilar/code-sim/results/formal-v1/batch3/pairs/R00315/left/Main.java,/Users/liuziqi/Documents/西大Graduate/Project_base/Code/Meng_ProjectBased_DetectCodeSimilar/code-sim/results/formal-v1/batch3/pairs/R00315/right/Main.java
R00316,s515434450.java,p02830,/Users/liuziqi/Documents/西大Graduate/Project_base/Code/Meng_ProjectBased_DetectCodeSimilar/code-sim/results/formal-v1/batch3/pairs/R00316/left/Main.java,/Users/liuziqi/Documents/西大Graduate/Project_base/Code/Meng_ProjectBased_DetectCodeSimilar/code-sim/results/formal-v1/batch3/pairs/R00316/right/Main.java
R00317,s575832834.java,p02880,/Users/liuziqi/Documents/西大Graduate/Project_base/Code/Meng_ProjectBased_DetectCodeSimilar/code-sim/results/formal-v1/batch3/pairs/R00317/left/Main.java,/Users/liuziqi/Documents/西大Graduate/Project_base/Code/Meng_ProjectBased_DetectCodeSimilar/code-sim/results/formal-v1/batch3/pairs/R00317/right/Main.java
R00318,s408150516.java,p03378,/Users/liuziqi/Documents/西大Graduate/Project_base/Code/Meng_ProjectBased_DetectCodeSimilar/code-sim/results/formal-v1/batch3/pairs/R00318/left/Main.java,/Users/liuziqi/Documents/西大Graduate/Project_base/Code/Meng_ProjectBased_DetectCodeSimilar/code-sim/results/formal-v1/batch3/pairs/R00318/right/Main.java
R00319,s360942657.java,p03370,/Users/liuziqi/Documents/西大Graduate/Project_base/Code/Meng_ProjectBased_DetectCodeSimilar/code-sim/results/formal-v1/batch3/pairs/R00319/left/Main.java,/Users/liuziqi/Documents/西大Graduate/Project_base/Code/Meng_ProjectBased_DetectCodeSimilar/code-sim/results/formal-v1/batch3/pairs/R00319/right/Main.java
R00320,s868552451.java,p03126,/Users/liuziqi/Documents/西大Graduate/Project_base/Code/Meng_ProjectBased_DetectCodeSimilar/code-sim/results/formal-v1/batch3/pairs/R00320/left/Main.java,/Users/liuziqi/Documents/西大Graduate/Project_base/Code/Meng_ProjectBased_DetectCodeSimilar/code-sim/results/formal-v1/batch3/pairs/R00320/right/Main.java
R00321,s885230774.java,p02622,/Users/liuziqi/Documents/西大Graduate/Project_base/Code/Meng_ProjectBased_DetectCodeSimilar/code-sim/results/formal-v1/batch3/pairs/R00321/left/Main.java,/Users/liuziqi/Documents/西大Graduate/Project_base/Code/Meng_ProjectBased_DetectCodeSimilar/code-sim/results/formal-v1/batch3/pairs/R00321/right/Main.java
R00322,s926602060.java,p02831,/Users/liuziqi/Documents/西大Graduate/Project_base/Code/Meng_ProjectBased_DetectCodeSimilar/code-sim/results/formal-v1/batch3/pairs/R00322/left/Main.java,/Users/liuziqi/Documents/西大Graduate/Project_base/Code/Meng_ProjectBased_DetectCodeSimilar/code-sim/results/formal-v1/batch3/pairs/R00322/right/Main.java
R00323,s934215991.java,p02264,/Users/liuziqi/Documents/西大Graduate/Project_base/Code/Meng_ProjectBased_DetectCodeSimilar/code-sim/results/formal-v1/batch3/pairs/R00323/left/Main.java,/Users/liuziqi/Documents/西大Graduate/Project_base/Code/Meng_ProjectBased_DetectCodeSimilar/code-sim/results/formal-v1/batch3/pairs/R00323/right/Main.java
R00324,s802600398.java,p03076,/Users/liuziqi/Documents/西大Graduate/Project_base/Code/Meng_ProjectBased_DetectCodeSimilar/code-sim/results/formal-v1/batch3/pairs/R00324/left/Main.java,/Users/liuziqi/Documents/西大Graduate/Project_base/Code/Meng_ProjectBased_DetectCodeSimilar/code-sim/results/formal-v1/batch3/pairs/R00324/right/Main.java
R00325,s493677000.java,p02418,/Users/liuziqi/Documents/西大Graduate/Project_base/Code/Meng_ProjectBased_DetectCodeSimilar/code-sim/results/formal-v1/batch3/pairs/R00325/left/Main.java,/Users/liuziqi/Documents/西大Graduate/Project_base/Code/Meng_ProjectBased_DetectCodeSimilar/code-sim/results/formal-v1/batch3/pairs/R00325/right/Main.java
R00326,s656688837.java,p02783,/Users/liuziqi/Documents/西大Graduate/Project_base/Code/Meng_ProjectBased_DetectCodeSimilar/code-sim/results/formal-v1/batch3/pairs/R00326/left/Main.java,/Users/liuziqi/Documents/西大Graduate/Project_base/Code/Meng_ProjectBased_DetectCodeSimilar/code-sim/results/formal-v1/batch3/pairs/R00326/right/Main.java
R00327,s210174737.java,p02754,/Users/liuziqi/Documents/西大Graduate/Project_base/Code/Meng_ProjectBased_DetectCodeSimilar/code-sim/results/formal-v1/batch3/pairs/R00327/left/Main.java,/Users/liuziqi/Documents/西大Graduate/Project_base/Code/Meng_ProjectBased_DetectCodeSimilar/code-sim/results/formal-v1/batch3/pairs/R00327/right/Main.java
R00328,s874492216.java,p02676,/Users/liuziqi/Documents/西大Graduate/Project_base/Code/Meng_ProjectBased_DetectCodeSimilar/code-sim/results/formal-v1/batch3/pairs/R00328/left/Main.java,/Users/liuziqi/Documents/西大Graduate/Project_base/Code/Meng_ProjectBased_DetectCodeSimilar/code-sim/results/formal-v1/batch3/pairs/R00328/right/Main.java
R00329,s452570090.java,p02917,/Users/liuziqi/Documents/西大Graduate/Project_base/Code/Meng_ProjectBased_DetectCodeSimilar/code-sim/results/formal-v1/batch3/pairs/R00329/left/Main.java,/Users/liuziqi/Documents/西大Graduate/Project_base/Code/Meng_ProjectBased_DetectCodeSimilar/code-sim/results/formal-v1/batch3/pairs/R00329/right/Main.java
R00330,s006038250.java,p03371,/Users/liuziqi/Documents/西大Graduate/Project_base/Code/Meng_ProjectBased_DetectCodeSimilar/code-sim/results/formal-v1/batch3/pairs/R00330/left/Main.java,/Users/liuziqi/Documents/西大Graduate/Project_base/Code/Meng_ProjectBased_DetectCodeSimilar/code-sim/results/formal-v1/batch3/pairs/R00330/right/Main.java
R00331,s257604088.java,p02802,/Users/liuziqi/Documents/西大Graduate/Project_base/Code/Meng_ProjectBased_DetectCodeSimilar/code-sim/results/formal-v1/batch3/pairs/R00331/left/Main.java,/Users/liuziqi/Documents/西大Graduate/Project_base/Code/Meng_ProjectBased_DetectCodeSimilar/code-sim/results/formal-v1/batch3/pairs/R00331/right/Main.java
R00332,s141424806.java,p02417,/Users/liuziqi/Documents/西大Graduate/Project_base/Code/Meng_ProjectBased_DetectCodeSimilar/code-sim/results/formal-v1/batch3/pairs/R00332/left/Main.java,/Users/liuziqi/Documents/西大Graduate/Project_base/Code/Meng_ProjectBased_DetectCodeSimilar/code-sim/results/formal-v1/batch3/pairs/R00332/right/Main.java
R00333,s077978695.java,p02945,/Users/liuziqi/Documents/西大Graduate/Project_base/Code/Meng_ProjectBased_DetectCodeSimilar/code-sim/results/formal-v1/batch3/pairs/R00333/left/Main.java,/Users/liuziqi/Documents/西大Graduate/Project_base/Code/Meng_ProjectBased_DetectCodeSimilar/code-sim/results/formal-v1/batch3/pairs/R00333/right/Main.java
R00334,s281356828.java,p02718,/Users/liuziqi/Documents/西大Graduate/Project_base/Code/Meng_ProjectBased_DetectCodeSimilar/code-sim/results/formal-v1/batch3/pairs/R00334/left/Main.java,/Users/liuziqi/Documents/西大Graduate/Project_base/Code/Meng_ProjectBased_DetectCodeSimilar/code-sim/results/formal-v1/batch3/pairs/R00334/right/Main.java
R00335,s096977876.java,p02934,/Users/liuziqi/Documents/西大Graduate/Project_base/Code/Meng_ProjectBased_DetectCodeSimilar/code-sim/results/formal-v1/batch3/pairs/R00335/left/Main.java,/Users/liuziqi/Documents/西大Graduate/Project_base/Code/Meng_ProjectBased_DetectCodeSimilar/code-sim/results/formal-v1/batch3/pairs/R00335/right/Main.java
R00336,s637909857.java,p02706,/Users/liuziqi/Documents/西大Graduate/Project_base/Code/Meng_ProjectBased_DetectCodeSimilar/code-sim/results/formal-v1/batch3/pairs/R00336/left/Main.java,/Users/liuziqi/Documents/西大Graduate/Project_base/Code/Meng_ProjectBased_DetectCodeSimilar/code-sim/results/formal-v1/batch3/pairs/R00336/right/Main.java
R00337,s161909170.java,p03161,/Users/liuziqi/Documents/西大Graduate/Project_base/Code/Meng_ProjectBased_DetectCodeSimilar/code-sim/results/formal-v1/batch3/pairs/R00337/left/Main.java,/Users/liuziqi/Documents/西大Graduate/Project_base/Code/Meng_ProjectBased_DetectCodeSimilar/code-sim/results/formal-v1/batch3/pairs/R00337/right/Main.java
R00338,s383393933.java,p02785,/Users/liuziqi/Documents/西大Graduate/Project_base/Code/Meng_ProjectBased_DetectCodeSimilar/code-sim/results/formal-v1/batch3/pairs/R00338/left/Main.java,/Users/liuziqi/Documents/西大Graduate/Project_base/Code/Meng_ProjectBased_DetectCodeSimilar/code-sim/results/formal-v1/batch3/pairs/R00338/right/Main.java
R00339,s766912518.java,p03136,/Users/liuziqi/Documents/西大Graduate/Project_base/Code/Meng_ProjectBased_DetectCodeSimilar/code-sim/results/formal-v1/batch3/pairs/R00339/left/Main.java,/Users/liuziqi/Documents/西大Graduate/Project_base/Code/Meng_ProjectBased_DetectCodeSimilar/code-sim/results/formal-v1/batch3/pairs/R00339/right/Main.java
R00340,s256521491.java,p02628,/Users/liuziqi/Documents/西大Graduate/Project_base/Code/Meng_ProjectBased_DetectCodeSimilar/code-sim/results/formal-v1/batch3/pairs/R00340/left/Main.java,/Users/liuziqi/Documents/西大Graduate/Project_base/Code/Meng_ProjectBased_DetectCodeSimilar/code-sim/results/formal-v1/batch3/pairs/R00340/right/Main.java
R00341,s567669930.java,p03041,/Users/liuziqi/Documents/西大Graduate/Project_base/Code/Meng_ProjectBased_DetectCodeSimilar/code-sim/results/formal-v1/batch3/pairs/R00341/left/Main.java,/Users/liuziqi/Documents/西大Graduate/Project_base/Code/Meng_ProjectBased_DetectCodeSimilar/code-sim/results/formal-v1/batch3/pairs/R00341/right/Main.java
R00342,s985709789.java,p02947,/Users/liuziqi/Documents/西大Graduate/Project_base/Code/Meng_ProjectBased_DetectCodeSimilar/code-sim/results/formal-v1/batch3/pairs/R00342/left/Main.java,/Users/liuziqi/Documents/西大Graduate/Project_base/Code/Meng_ProjectBased_DetectCodeSimilar/code-sim/results/formal-v1/batch3/pairs/R00342/right/Main.java
R00343,s823386500.java,p03146,/Users/liuziqi/Documents/西大Graduate/Project_base/Code/Meng_ProjectBased_DetectCodeSimilar/code-sim/results/formal-v1/batch3/pairs/R00343/left/Main.java,/Users/liuziqi/Documents/西大Graduate/Project_base/Code/Meng_ProjectBased_DetectCodeSimilar/code-sim/results/formal-v1/batch3/pairs/R00343/right/Main.java
R00344,s206538375.java,p02923,/Users/liuziqi/Documents/西大Graduate/Project_base/Code/Meng_ProjectBased_DetectCodeSimilar/code-sim/results/formal-v1/batch3/pairs/R00344/left/Main.java,/Users/liuziqi/Documents/西大Graduate/Project_base/Code/Meng_ProjectBased_DetectCodeSimilar/code-sim/results/formal-v1/batch3/pairs/R00344/right/Main.java
R00345,s786899874.java,p02725,/Users/liuziqi/Documents/西大Graduate/Project_base/Code/Meng_ProjectBased_DetectCodeSimilar/code-sim/results/formal-v1/batch3/pairs/R00345/left/Main.java,/Users/liuziqi/Documents/西大Graduate/Project_base/Code/Meng_ProjectBased_DetectCodeSimilar/code-sim/results/formal-v1/batch3/pairs/R00345/right/Main.java
R00346,s312453223.java,p02917,/Users/liuziqi/Documents/西大Graduate/Project_base/Code/Meng_ProjectBased_DetectCodeSimilar/code-sim/results/formal-v1/batch3/pairs/R00346/left/Main.java,/Users/liuziqi/Documents/西大Graduate/Project_base/Code/Meng_ProjectBased_DetectCodeSimilar/code-sim/results/formal-v1/batch3/pairs/R00346/right/Main.java
R00347,s680258798.java,p02923,/Users/liuziqi/Documents/西大Graduate/Project_base/Code/Meng_ProjectBased_DetectCodeSimilar/code-sim/results/formal-v1/batch3/pairs/R00347/left/Main.java,/Users/liuziqi/Documents/西大Graduate/Project_base/Code/Meng_ProjectBased_DetectCodeSimilar/code-sim/results/formal-v1/batch3/pairs/R00347/right/Main.java
R00348,s190688605.java,p02613,/Users/liuziqi/Documents/西大Graduate/Project_base/Code/Meng_ProjectBased_DetectCodeSimilar/code-sim/results/formal-v1/batch3/pairs/R00348/left/Main.java,/Users/liuziqi/Documents/西大Graduate/Project_base/Code/Meng_ProjectBased_DetectCodeSimilar/code-sim/results/formal-v1/batch3/pairs/R00348/right/Main.java
R00349,s705214524.java,p02887,/Users/liuziqi/Documents/西大Graduate/Project_base/Code/Meng_ProjectBased_DetectCodeSimilar/code-sim/results/formal-v1/batch3/pairs/R00349/left/Main.java,/Users/liuziqi/Documents/西大Graduate/Project_base/Code/Meng_ProjectBased_DetectCodeSimilar/code-sim/results/formal-v1/batch3/pairs/R00349/right/Main.java
R00350,s710211139.java,p02911,/Users/liuziqi/Documents/西大Graduate/Project_base/Code/Meng_ProjectBased_DetectCodeSimilar/code-sim/results/formal-v1/batch3/pairs/R00350/left/Main.java,/Users/liuziqi/Documents/西大Graduate/Project_base/Code/Meng_ProjectBased_DetectCodeSimilar/code-sim/results/formal-v1/batch3/pairs/R00350/right/Main.java
R00351,s621540561.java,p02416,/Users/liuziqi/Documents/西大Graduate/Project_base/Code/Meng_ProjectBased_DetectCodeSimilar/code-sim/results/formal-v1/batch3/pairs/R00351/left/Main.java,/Users/liuziqi/Documents/西大Graduate/Project_base/Code/Meng_ProjectBased_DetectCodeSimilar/code-sim/results/formal-v1/batch3/pairs/R00351/right/Main.java
R00352,s569550223.java,p03316,/Users/liuziqi/Documents/西大Graduate/Project_base/Code/Meng_ProjectBased_DetectCodeSimilar/code-sim/results/formal-v1/batch3/pairs/R00352/left/Main.java,/Users/liuziqi/Documents/西大Graduate/Project_base/Code/Meng_ProjectBased_DetectCodeSimilar/code-sim/results/formal-v1/batch3/pairs/R00352/right/Main.java
R00353,s644823044.java,p02802,/Users/liuziqi/Documents/西大Graduate/Project_base/Code/Meng_ProjectBased_DetectCodeSimilar/code-sim/results/formal-v1/batch3/pairs/R00353/left/Main.java,/Users/liuziqi/Documents/西大Graduate/Project_base/Code/Meng_ProjectBased_DetectCodeSimilar/code-sim/results/formal-v1/batch3/pairs/R00353/right/Main.java
R00354,s895260312.java,p02880,/Users/liuziqi/Documents/西大Graduate/Project_base/Code/Meng_ProjectBased_DetectCodeSimilar/code-sim/results/formal-v1/batch3/pairs/R00354/left/Main.java,/Users/liuziqi/Documents/西大Graduate/Project_base/Code/Meng_ProjectBased_DetectCodeSimilar/code-sim/results/formal-v1/batch3/pairs/R00354/right/Main.java
R00355,s051893460.java,p02553,/Users/liuziqi/Documents/西大Graduate/Project_base/Code/Meng_ProjectBased_DetectCodeSimilar/code-sim/results/formal-v1/batch3/pairs/R00355/left/Main.java,/Users/liuziqi/Documents/西大Graduate/Project_base/Code/Meng_ProjectBased_DetectCodeSimilar/code-sim/results/formal-v1/batch3/pairs/R00355/right/Main.java
R00356,s270176985.java,p02408,/Users/liuziqi/Documents/西大Graduate/Project_base/Code/Meng_ProjectBased_DetectCodeSimilar/code-sim/results/formal-v1/batch3/pairs/R00356/left/Main.java,/Users/liuziqi/Documents/西大Graduate/Project_base/Code/Meng_ProjectBased_DetectCodeSimilar/code-sim/results/formal-v1/batch3/pairs/R00356/right/Main.java
R00357,s548891139.java,p03087,/Users/liuziqi/Documents/西大Graduate/Project_base/Code/Meng_ProjectBased_DetectCodeSimilar/code-sim/results/formal-v1/batch3/pairs/R00357/left/Main.java,/Users/liuziqi/Documents/西大Graduate/Project_base/Code/Meng_ProjectBased_DetectCodeSimilar/code-sim/results/formal-v1/batch3/pairs/R00357/right/Main.java
R00358,s069962654.java,p02641,/Users/liuziqi/Documents/西大Graduate/Project_base/Code/Meng_ProjectBased_DetectCodeSimilar/code-sim/results/formal-v1/batch3/pairs/R00358/left/Main.java,/Users/liuziqi/Documents/西大Graduate/Project_base/Code/Meng_ProjectBased_DetectCodeSimilar/code-sim/results/formal-v1/batch3/pairs/R00358/right/Main.java
R00359,s576561312.java,p02971,/Users/liuziqi/Documents/西大Graduate/Project_base/Code/Meng_ProjectBased_DetectCodeSimilar/code-sim/results/formal-v1/batch3/pairs/R00359/left/Main.java,/Users/liuziqi/Documents/西大Graduate/Project_base/Code/Meng_ProjectBased_DetectCodeSimilar/code-sim/results/formal-v1/batch3/pairs/R00359/right/Main.java
R00360,s299895708.java,p02578,/Users/liuziqi/Documents/西大Graduate/Project_base/Code/Meng_ProjectBased_DetectCodeSimilar/code-sim/results/formal-v1/batch3/pairs/R00360/left/Main.java,/Users/liuziqi/Documents/西大Graduate/Project_base/Code/Meng_ProjectBased_DetectCodeSimilar/code-sim/results/formal-v1/batch3/pairs/R00360/right/Main.java
R00361,s485621057.java,p02718,/Users/liuziqi/Documents/西大Graduate/Project_base/Code/Meng_ProjectBased_DetectCodeSimilar/code-sim/results/formal-v1/batch3/pairs/R00361/left/Main.java,/Users/liuziqi/Documents/西大Graduate/Project_base/Code/Meng_ProjectBased_DetectCodeSimilar/code-sim/results/formal-v1/batch3/pairs/R00361/right/Main.java
R00362,s749492031.java,p02994,/Users/liuziqi/Documents/西大Graduate/Project_base/Code/Meng_ProjectBased_DetectCodeSimilar/code-sim/results/formal-v1/batch3/pairs/R00362/left/Main.java,/Users/liuziqi/Documents/西大Graduate/Project_base/Code/Meng_ProjectBased_DetectCodeSimilar/code-sim/results/formal-v1/batch3/pairs/R00362/right/Main.java
R00363,s031583652.java,p03220,/Users/liuziqi/Documents/西大Graduate/Project_base/Code/Meng_ProjectBased_DetectCodeSimilar/code-sim/results/formal-v1/batch3/pairs/R00363/left/Main.java,/Users/liuziqi/Documents/西大Graduate/Project_base/Code/Meng_ProjectBased_DetectCodeSimilar/code-sim/results/formal-v1/batch3/pairs/R00363/right/Main.java
R00364,s124109474.java,p02613,/Users/liuziqi/Documents/西大Graduate/Project_base/Code/Meng_ProjectBased_DetectCodeSimilar/code-sim/results/formal-v1/batch3/pairs/R00364/left/Main.java,/Users/liuziqi/Documents/西大Graduate/Project_base/Code/Meng_ProjectBased_DetectCodeSimilar/code-sim/results/formal-v1/batch3/pairs/R00364/right/Main.java
R00365,s487475913.java,p03457,/Users/liuziqi/Documents/西大Graduate/Project_base/Code/Meng_ProjectBased_DetectCodeSimilar/code-sim/results/formal-v1/batch3/pairs/R00365/left/Main.java,/Users/liuziqi/Documents/西大Graduate/Project_base/Code/Meng_ProjectBased_DetectCodeSimilar/code-sim/results/formal-v1/batch3/pairs/R00365/right/Main.java
R00366,s654767356.java,p02553,/Users/liuziqi/Documents/西大Graduate/Project_base/Code/Meng_ProjectBased_DetectCodeSimilar/code-sim/results/formal-v1/batch3/pairs/R00366/left/Main.java,/Users/liuziqi/Documents/西大Graduate/Project_base/Code/Meng_ProjectBased_DetectCodeSimilar/code-sim/results/formal-v1/batch3/pairs/R00366/right/Main.java
R00367,s340164831.java,p02767,/Users/liuziqi/Documents/西大Graduate/Project_base/Code/Meng_ProjectBased_DetectCodeSimilar/code-sim/results/formal-v1/batch3/pairs/R00367/left/Main.java,/Users/liuziqi/Documents/西大Graduate/Project_base/Code/Meng_ProjectBased_DetectCodeSimilar/code-sim/results/formal-v1/batch3/pairs/R00367/right/Main.java
R00368,s393991743.java,p03059,/Users/liuziqi/Documents/西大Graduate/Project_base/Code/Meng_ProjectBased_DetectCodeSimilar/code-sim/results/formal-v1/batch3/pairs/R00368/left/Main.java,/Users/liuziqi/Documents/西大Graduate/Project_base/Code/Meng_ProjectBased_DetectCodeSimilar/code-sim/results/formal-v1/batch3/pairs/R00368/right/Main.java
R00369,s284099377.java,p02681,/Users/liuziqi/Documents/西大Graduate/Project_base/Code/Meng_ProjectBased_DetectCodeSimilar/code-sim/results/formal-v1/batch3/pairs/R00369/left/Main.java,/Users/liuziqi/Documents/西大Graduate/Project_base/Code/Meng_ProjectBased_DetectCodeSimilar/code-sim/results/formal-v1/batch3/pairs/R00369/right/Main.java
R00370,s344800703.java,p02255,/Users/liuziqi/Documents/西大Graduate/Project_base/Code/Meng_ProjectBased_DetectCodeSimilar/code-sim/results/formal-v1/batch3/pairs/R00370/left/Main.java,/Users/liuziqi/Documents/西大Graduate/Project_base/Code/Meng_ProjectBased_DetectCodeSimilar/code-sim/results/formal-v1/batch3/pairs/R00370/right/Main.java
R00371,s231047494.java,p03011,/Users/liuziqi/Documents/西大Graduate/Project_base/Code/Meng_ProjectBased_DetectCodeSimilar/code-sim/results/formal-v1/batch3/pairs/R00371/left/Main.java,/Users/liuziqi/Documents/西大Graduate/Project_base/Code/Meng_ProjectBased_DetectCodeSimilar/code-sim/results/formal-v1/batch3/pairs/R00371/right/Main.java
R00372,s576252687.java,p02693,/Users/liuziqi/Documents/西大Graduate/Project_base/Code/Meng_ProjectBased_DetectCodeSimilar/code-sim/results/formal-v1/batch3/pairs/R00372/left/Main.java,/Users/liuziqi/Documents/西大Graduate/Project_base/Code/Meng_ProjectBased_DetectCodeSimilar/code-sim/results/formal-v1/batch3/pairs/R00372/right/Main.java
R00373,s668482745.java,p02725,/Users/liuziqi/Documents/西大Graduate/Project_base/Code/Meng_ProjectBased_DetectCodeSimilar/code-sim/results/formal-v1/batch3/pairs/R00373/left/Main.java,/Users/liuziqi/Documents/西大Graduate/Project_base/Code/Meng_ProjectBased_DetectCodeSimilar/code-sim/results/formal-v1/batch3/pairs/R00373/right/Main.java
R00374,s416238365.java,p03146,/Users/liuziqi/Documents/西大Graduate/Project_base/Code/Meng_ProjectBased_DetectCodeSimilar/code-sim/results/formal-v1/batch3/pairs/R00374/left/Main.java,/Users/liuziqi/Documents/西大Graduate/Project_base/Code/Meng_ProjectBased_DetectCodeSimilar/code-sim/results/formal-v1/batch3/pairs/R00374/right/Main.java
R00375,s907589414.java,p04044,/Users/liuziqi/Documents/西大Graduate/Project_base/Code/Meng_ProjectBased_DetectCodeSimilar/code-sim/results/formal-v1/batch3/pairs/R00375/left/Main.java,/Users/liuziqi/Documents/西大Graduate/Project_base/Code/Meng_ProjectBased_DetectCodeSimilar/code-sim/results/formal-v1/batch3/pairs/R00375/right/Main.java
R00376,s230671883.java,p02595,/Users/liuziqi/Documents/西大Graduate/Project_base/Code/Meng_ProjectBased_DetectCodeSimilar/code-sim/results/formal-v1/batch3/pairs/R00376/left/Main.java,/Users/liuziqi/Documents/西大Graduate/Project_base/Code/Meng_ProjectBased_DetectCodeSimilar/code-sim/results/formal-v1/batch3/pairs/R00376/right/Main.java
R00377,s680566100.java,p03695,/Users/liuziqi/Documents/西大Graduate/Project_base/Code/Meng_ProjectBased_DetectCodeSimilar/code-sim/results/formal-v1/batch3/pairs/R00377/left/Main.java,/Users/liuziqi/Documents/西大Graduate/Project_base/Code/Meng_ProjectBased_DetectCodeSimilar/code-sim/results/formal-v1/batch3/pairs/R00377/right/Main.java
R00378,s258972352.java,p03136,/Users/liuziqi/Documents/西大Graduate/Project_base/Code/Meng_ProjectBased_DetectCodeSimilar/code-sim/results/formal-v1/batch3/pairs/R00378/left/Main.java,/Users/liuziqi/Documents/西大Graduate/Project_base/Code/Meng_ProjectBased_DetectCodeSimilar/code-sim/results/formal-v1/batch3/pairs/R00378/right/Main.java
R00379,s919146658.java,p04044,/Users/liuziqi/Documents/西大Graduate/Project_base/Code/Meng_ProjectBased_DetectCodeSimilar/code-sim/results/formal-v1/batch3/pairs/R00379/left/Main.java,/Users/liuziqi/Documents/西大Graduate/Project_base/Code/Meng_ProjectBased_DetectCodeSimilar/code-sim/results/formal-v1/batch3/pairs/R00379/right/Main.java
R00380,s624117982.java,p03814,/Users/liuziqi/Documents/西大Graduate/Project_base/Code/Meng_ProjectBased_DetectCodeSimilar/code-sim/results/formal-v1/batch3/pairs/R00380/left/Main.java,/Users/liuziqi/Documents/西大Graduate/Project_base/Code/Meng_ProjectBased_DetectCodeSimilar/code-sim/results/formal-v1/batch3/pairs/R00380/right/Main.java
R00381,s293096628.java,p02785,/Users/liuziqi/Documents/西大Graduate/Project_base/Code/Meng_ProjectBased_DetectCodeSimilar/code-sim/results/formal-v1/batch3/pairs/R00381/left/Main.java,/Users/liuziqi/Documents/西大Graduate/Project_base/Code/Meng_ProjectBased_DetectCodeSimilar/code-sim/results/formal-v1/batch3/pairs/R00381/right/Main.java
R00382,s625849996.java,p02707,/Users/liuziqi/Documents/西大Graduate/Project_base/Code/Meng_ProjectBased_DetectCodeSimilar/code-sim/results/formal-v1/batch3/pairs/R00382/left/Main.java,/Users/liuziqi/Documents/西大Graduate/Project_base/Code/Meng_ProjectBased_DetectCodeSimilar/code-sim/results/formal-v1/batch3/pairs/R00382/right/Main.java
R00383,s356124845.java,p02971,/Users/liuziqi/Documents/西大Graduate/Project_base/Code/Meng_ProjectBased_DetectCodeSimilar/code-sim/results/formal-v1/batch3/pairs/R00383/left/Main.java,/Users/liuziqi/Documents/西大Graduate/Project_base/Code/Meng_ProjectBased_DetectCodeSimilar/code-sim/results/formal-v1/batch3/pairs/R00383/right/Main.java
R00384,s894431085.java,p02413,/Users/liuziqi/Documents/西大Graduate/Project_base/Code/Meng_ProjectBased_DetectCodeSimilar/code-sim/results/formal-v1/batch3/pairs/R00384/left/Main.java,/Users/liuziqi/Documents/西大Graduate/Project_base/Code/Meng_ProjectBased_DetectCodeSimilar/code-sim/results/formal-v1/batch3/pairs/R00384/right/Main.java
R00385,s107173712.java,p02971,/Users/liuziqi/Documents/西大Graduate/Project_base/Code/Meng_ProjectBased_DetectCodeSimilar/code-sim/results/formal-v1/batch3/pairs/R00385/left/Main.java,/Users/liuziqi/Documents/西大Graduate/Project_base/Code/Meng_ProjectBased_DetectCodeSimilar/code-sim/results/formal-v1/batch3/pairs/R00385/right/Main.java
R00386,s997570779.java,p02916,/Users/liuziqi/Documents/西大Graduate/Project_base/Code/Meng_ProjectBased_DetectCodeSimilar/code-sim/results/formal-v1/batch3/pairs/R00386/left/Main.java,/Users/liuziqi/Documents/西大Graduate/Project_base/Code/Meng_ProjectBased_DetectCodeSimilar/code-sim/results/formal-v1/batch3/pairs/R00386/right/Main.java
R00387,s564778416.java,p03470,/Users/liuziqi/Documents/西大Graduate/Project_base/Code/Meng_ProjectBased_DetectCodeSimilar/code-sim/results/formal-v1/batch3/pairs/R00387/left/Main.java,/Users/liuziqi/Documents/西大Graduate/Project_base/Code/Meng_ProjectBased_DetectCodeSimilar/code-sim/results/formal-v1/batch3/pairs/R00387/right/Main.java
R00388,s395343792.java,p02947,/Users/liuziqi/Documents/西大Graduate/Project_base/Code/Meng_ProjectBased_DetectCodeSimilar/code-sim/results/formal-v1/batch3/pairs/R00388/left/Main.java,/Users/liuziqi/Documents/西大Graduate/Project_base/Code/Meng_ProjectBased_DetectCodeSimilar/code-sim/results/formal-v1/batch3/pairs/R00388/right/Main.java
R00389,s277742664.java,p03161,/Users/liuziqi/Documents/西大Graduate/Project_base/Code/Meng_ProjectBased_DetectCodeSimilar/code-sim/results/formal-v1/batch3/pairs/R00389/left/Main.java,/Users/liuziqi/Documents/西大Graduate/Project_base/Code/Meng_ProjectBased_DetectCodeSimilar/code-sim/results/formal-v1/batch3/pairs/R00389/right/Main.java
R00390,s801602345.java,p02959,/Users/liuziqi/Documents/西大Graduate/Project_base/Code/Meng_ProjectBased_DetectCodeSimilar/code-sim/results/formal-v1/batch3/pairs/R00390/left/Main.java,/Users/liuziqi/Documents/西大Graduate/Project_base/Code/Meng_ProjectBased_DetectCodeSimilar/code-sim/results/formal-v1/batch3/pairs/R00390/right/Main.java
R00391,s978912820.java,p02688,/Users/liuziqi/Documents/西大Graduate/Project_base/Code/Meng_ProjectBased_DetectCodeSimilar/code-sim/results/formal-v1/batch3/pairs/R00391/left/Main.java,/Users/liuziqi/Documents/西大Graduate/Project_base/Code/Meng_ProjectBased_DetectCodeSimilar/code-sim/results/formal-v1/batch3/pairs/R00391/right/Main.java
R00392,s538954244.java,p02701,/Users/liuziqi/Documents/西大Graduate/Project_base/Code/Meng_ProjectBased_DetectCodeSimilar/code-sim/results/formal-v1/batch3/pairs/R00392/left/Main.java,/Users/liuziqi/Documents/西大Graduate/Project_base/Code/Meng_ProjectBased_DetectCodeSimilar/code-sim/results/formal-v1/batch3/pairs/R00392/right/Main.java
R00393,s439682844.java,p03360,/Users/liuziqi/Documents/西大Graduate/Project_base/Code/Meng_ProjectBased_DetectCodeSimilar/code-sim/results/formal-v1/batch3/pairs/R00393/left/Main.java,/Users/liuziqi/Documents/西大Graduate/Project_base/Code/Meng_ProjectBased_DetectCodeSimilar/code-sim/results/formal-v1/batch3/pairs/R00393/right/Main.java
R00394,s153184187.java,p02719,/Users/liuziqi/Documents/西大Graduate/Project_base/Code/Meng_ProjectBased_DetectCodeSimilar/code-sim/results/formal-v1/batch3/pairs/R00394/left/Main.java,/Users/liuziqi/Documents/西大Graduate/Project_base/Code/Meng_ProjectBased_DetectCodeSimilar/code-sim/results/formal-v1/batch3/pairs/R00394/right/Main.java
R00395,s878707457.java,p02832,/Users/liuziqi/Documents/西大Graduate/Project_base/Code/Meng_ProjectBased_DetectCodeSimilar/code-sim/results/formal-v1/batch3/pairs/R00395/left/Main.java,/Users/liuziqi/Documents/西大Graduate/Project_base/Code/Meng_ProjectBased_DetectCodeSimilar/code-sim/results/formal-v1/batch3/pairs/R00395/right/Main.java
R00396,s833632511.java,p03087,/Users/liuziqi/Documents/西大Graduate/Project_base/Code/Meng_ProjectBased_DetectCodeSimilar/code-sim/results/formal-v1/batch3/pairs/R00396/left/Main.java,/Users/liuziqi/Documents/西大Graduate/Project_base/Code/Meng_ProjectBased_DetectCodeSimilar/code-sim/results/formal-v1/batch3/pairs/R00396/right/Main.java
R00397,s610898344.java,p02413,/Users/liuziqi/Documents/西大Graduate/Project_base/Code/Meng_ProjectBased_DetectCodeSimilar/code-sim/results/formal-v1/batch3/pairs/R00397/left/Main.java,/Users/liuziqi/Documents/西大Graduate/Project_base/Code/Meng_ProjectBased_DetectCodeSimilar/code-sim/results/formal-v1/batch3/pairs/R00397/right/Main.java
R00398,s373041410.java,p02260,/Users/liuziqi/Documents/西大Graduate/Project_base/Code/Meng_ProjectBased_DetectCodeSimilar/code-sim/results/formal-v1/batch3/pairs/R00398/left/Main.java,/Users/liuziqi/Documents/西大Graduate/Project_base/Code/Meng_ProjectBased_DetectCodeSimilar/code-sim/results/formal-v1/batch3/pairs/R00398/right/Main.java
R00399,s633743090.java,p02802,/Users/liuziqi/Documents/西大Graduate/Project_base/Code/Meng_ProjectBased_DetectCodeSimilar/code-sim/results/formal-v1/batch3/pairs/R00399/left/Main.java,/Users/liuziqi/Documents/西大Graduate/Project_base/Code/Meng_ProjectBased_DetectCodeSimilar/code-sim/results/formal-v1/batch3/pairs/R00399/right/Main.java
R00400,s815736040.java,p02989,/Users/liuziqi/Documents/西大Graduate/Project_base/Code/Meng_ProjectBased_DetectCodeSimilar/code-sim/results/formal-v1/batch3/pairs/R00400/left/Main.java,/Users/liuziqi/Documents/西大Graduate/Project_base/Code/Meng_ProjectBased_DetectCodeSimilar/code-sim/results/formal-v1/batch3/pairs/R00400/right/Main.java
R00401,s777129180.java,p02958,/Users/liuziqi/Documents/西大Graduate/Project_base/Code/Meng_ProjectBased_DetectCodeSimilar/code-sim/results/formal-v1/batch3/pairs/R00401/left/Main.java,/Users/liuziqi/Documents/西大Graduate/Project_base/Code/Meng_ProjectBased_DetectCodeSimilar/code-sim/results/formal-v1/batch3/pairs/R00401/right/Main.java
R00402,s387253555.java,p02613,/Users/liuziqi/Documents/西大Graduate/Project_base/Code/Meng_ProjectBased_DetectCodeSimilar/code-sim/results/formal-v1/batch3/pairs/R00402/left/Main.java,/Users/liuziqi/Documents/西大Graduate/Project_base/Code/Meng_ProjectBased_DetectCodeSimilar/code-sim/results/formal-v1/batch3/pairs/R00402/right/Main.java
R00403,s574913836.java,p02578,/Users/liuziqi/Documents/西大Graduate/Project_base/Code/Meng_ProjectBased_DetectCodeSimilar/code-sim/results/formal-v1/batch3/pairs/R00403/left/Main.java,/Users/liuziqi/Documents/西大Graduate/Project_base/Code/Meng_ProjectBased_DetectCodeSimilar/code-sim/results/formal-v1/batch3/pairs/R00403/right/Main.java
R00404,s536008026.java,p02413,/Users/liuziqi/Documents/西大Graduate/Project_base/Code/Meng_ProjectBased_DetectCodeSimilar/code-sim/results/formal-v1/batch3/pairs/R00404/left/Main.java,/Users/liuziqi/Documents/西大Graduate/Project_base/Code/Meng_ProjectBased_DetectCodeSimilar/code-sim/results/formal-v1/batch3/pairs/R00404/right/Main.java
R00405,s354546094.java,p02613,/Users/liuziqi/Documents/西大Graduate/Project_base/Code/Meng_ProjectBased_DetectCodeSimilar/code-sim/results/formal-v1/batch3/pairs/R00405/left/Main.java,/Users/liuziqi/Documents/西大Graduate/Project_base/Code/Meng_ProjectBased_DetectCodeSimilar/code-sim/results/formal-v1/batch3/pairs/R00405/right/Main.java
R00406,s346803010.java,p02255,/Users/liuziqi/Documents/西大Graduate/Project_base/Code/Meng_ProjectBased_DetectCodeSimilar/code-sim/results/formal-v1/batch3/pairs/R00406/left/Main.java,/Users/liuziqi/Documents/西大Graduate/Project_base/Code/Meng_ProjectBased_DetectCodeSimilar/code-sim/results/formal-v1/batch3/pairs/R00406/right/Main.java
R00407,s850751178.java,p03282,/Users/liuziqi/Documents/西大Graduate/Project_base/Code/Meng_ProjectBased_DetectCodeSimilar/code-sim/results/formal-v1/batch3/pairs/R00407/left/Main.java,/Users/liuziqi/Documents/西大Graduate/Project_base/Code/Meng_ProjectBased_DetectCodeSimilar/code-sim/results/formal-v1/batch3/pairs/R00407/right/Main.java
R00408,s884710681.java,p03072,/Users/liuziqi/Documents/西大Graduate/Project_base/Code/Meng_ProjectBased_DetectCodeSimilar/code-sim/results/formal-v1/batch3/pairs/R00408/left/Main.java,/Users/liuziqi/Documents/西大Graduate/Project_base/Code/Meng_ProjectBased_DetectCodeSimilar/code-sim/results/formal-v1/batch3/pairs/R00408/right/Main.java
R00409,s069282686.java,p03457,/Users/liuziqi/Documents/西大Graduate/Project_base/Code/Meng_ProjectBased_DetectCodeSimilar/code-sim/results/formal-v1/batch3/pairs/R00409/left/Main.java,/Users/liuziqi/Documents/西大Graduate/Project_base/Code/Meng_ProjectBased_DetectCodeSimilar/code-sim/results/formal-v1/batch3/pairs/R00409/right/Main.java
R00410,s154301648.java,p02413,/Users/liuziqi/Documents/西大Graduate/Project_base/Code/Meng_ProjectBased_DetectCodeSimilar/code-sim/results/formal-v1/batch3/pairs/R00410/left/Main.java,/Users/liuziqi/Documents/西大Graduate/Project_base/Code/Meng_ProjectBased_DetectCodeSimilar/code-sim/results/formal-v1/batch3/pairs/R00410/right/Main.java
R00411,s249264474.java,p02409,/Users/liuziqi/Documents/西大Graduate/Project_base/Code/Meng_ProjectBased_DetectCodeSimilar/code-sim/results/formal-v1/batch3/pairs/R00411/left/Main.java,/Users/liuziqi/Documents/西大Graduate/Project_base/Code/Meng_ProjectBased_DetectCodeSimilar/code-sim/results/formal-v1/batch3/pairs/R00411/right/Main.java
R00412,s504517041.java,p03160,/Users/liuziqi/Documents/西大Graduate/Project_base/Code/Meng_ProjectBased_DetectCodeSimilar/code-sim/results/formal-v1/batch3/pairs/R00412/left/Main.java,/Users/liuziqi/Documents/西大Graduate/Project_base/Code/Meng_ProjectBased_DetectCodeSimilar/code-sim/results/formal-v1/batch3/pairs/R00412/right/Main.java
R00413,s109750604.java,p02989,/Users/liuziqi/Documents/西大Graduate/Project_base/Code/Meng_ProjectBased_DetectCodeSimilar/code-sim/results/formal-v1/batch3/pairs/R00413/left/Main.java,/Users/liuziqi/Documents/西大Graduate/Project_base/Code/Meng_ProjectBased_DetectCodeSimilar/code-sim/results/formal-v1/batch3/pairs/R00413/right/Main.java
R00414,s059461382.java,p02706,/Users/liuziqi/Documents/西大Graduate/Project_base/Code/Meng_ProjectBased_DetectCodeSimilar/code-sim/results/formal-v1/batch3/pairs/R00414/left/Main.java,/Users/liuziqi/Documents/西大Graduate/Project_base/Code/Meng_ProjectBased_DetectCodeSimilar/code-sim/results/formal-v1/batch3/pairs/R00414/right/Main.java
R00415,s505076204.java,p03161,/Users/liuziqi/Documents/西大Graduate/Project_base/Code/Meng_ProjectBased_DetectCodeSimilar/code-sim/results/formal-v1/batch3/pairs/R00415/left/Main.java,/Users/liuziqi/Documents/西大Graduate/Project_base/Code/Meng_ProjectBased_DetectCodeSimilar/code-sim/results/formal-v1/batch3/pairs/R00415/right/Main.java
R00416,s942901389.java,p02917,/Users/liuziqi/Documents/西大Graduate/Project_base/Code/Meng_ProjectBased_DetectCodeSimilar/code-sim/results/formal-v1/batch3/pairs/R00416/left/Main.java,/Users/liuziqi/Documents/西大Graduate/Project_base/Code/Meng_ProjectBased_DetectCodeSimilar/code-sim/results/formal-v1/batch3/pairs/R00416/right/Main.java
R00417,s189698017.java,p02773,/Users/liuziqi/Documents/西大Graduate/Project_base/Code/Meng_ProjectBased_DetectCodeSimilar/code-sim/results/formal-v1/batch3/pairs/R00417/left/Main.java,/Users/liuziqi/Documents/西大Graduate/Project_base/Code/Meng_ProjectBased_DetectCodeSimilar/code-sim/results/formal-v1/batch3/pairs/R00417/right/Main.java
R00418,s341990720.java,p03011,/Users/liuziqi/Documents/西大Graduate/Project_base/Code/Meng_ProjectBased_DetectCodeSimilar/code-sim/results/formal-v1/batch3/pairs/R00418/left/Main.java,/Users/liuziqi/Documents/西大Graduate/Project_base/Code/Meng_ProjectBased_DetectCodeSimilar/code-sim/results/formal-v1/batch3/pairs/R00418/right/Main.java
R00419,s789171863.java,p02268,/Users/liuziqi/Documents/西大Graduate/Project_base/Code/Meng_ProjectBased_DetectCodeSimilar/code-sim/results/formal-v1/batch3/pairs/R00419/left/Main.java,/Users/liuziqi/Documents/西大Graduate/Project_base/Code/Meng_ProjectBased_DetectCodeSimilar/code-sim/results/formal-v1/batch3/pairs/R00419/right/Main.java
R00420,s149954163.java,p02785,/Users/liuziqi/Documents/西大Graduate/Project_base/Code/Meng_ProjectBased_DetectCodeSimilar/code-sim/results/formal-v1/batch3/pairs/R00420/left/Main.java,/Users/liuziqi/Documents/西大Graduate/Project_base/Code/Meng_ProjectBased_DetectCodeSimilar/code-sim/results/formal-v1/batch3/pairs/R00420/right/Main.java
R00421,s053555758.java,p03042,/Users/liuziqi/Documents/西大Graduate/Project_base/Code/Meng_ProjectBased_DetectCodeSimilar/code-sim/results/formal-v1/batch3/pairs/R00421/left/Main.java,/Users/liuziqi/Documents/西大Graduate/Project_base/Code/Meng_ProjectBased_DetectCodeSimilar/code-sim/results/formal-v1/batch3/pairs/R00421/right/Main.java
R00422,s811404982.java,p02724,/Users/liuziqi/Documents/西大Graduate/Project_base/Code/Meng_ProjectBased_DetectCodeSimilar/code-sim/results/formal-v1/batch3/pairs/R00422/left/Main.java,/Users/liuziqi/Documents/西大Graduate/Project_base/Code/Meng_ProjectBased_DetectCodeSimilar/code-sim/results/formal-v1/batch3/pairs/R00422/right/Main.java
R00423,s095528991.java,p02622,/Users/liuziqi/Documents/西大Graduate/Project_base/Code/Meng_ProjectBased_DetectCodeSimilar/code-sim/results/formal-v1/batch3/pairs/R00423/left/Main.java,/Users/liuziqi/Documents/西大Graduate/Project_base/Code/Meng_ProjectBased_DetectCodeSimilar/code-sim/results/formal-v1/batch3/pairs/R00423/right/Main.java
R00424,s408363012.java,p02414,/Users/liuziqi/Documents/西大Graduate/Project_base/Code/Meng_ProjectBased_DetectCodeSimilar/code-sim/results/formal-v1/batch3/pairs/R00424/left/Main.java,/Users/liuziqi/Documents/西大Graduate/Project_base/Code/Meng_ProjectBased_DetectCodeSimilar/code-sim/results/formal-v1/batch3/pairs/R00424/right/Main.java
R00425,s281767054.java,p02260,/Users/liuziqi/Documents/西大Graduate/Project_base/Code/Meng_ProjectBased_DetectCodeSimilar/code-sim/results/formal-v1/batch3/pairs/R00425/left/Main.java,/Users/liuziqi/Documents/西大Graduate/Project_base/Code/Meng_ProjectBased_DetectCodeSimilar/code-sim/results/formal-v1/batch3/pairs/R00425/right/Main.java
R00426,s637624650.java,p03239,/Users/liuziqi/Documents/西大Graduate/Project_base/Code/Meng_ProjectBased_DetectCodeSimilar/code-sim/results/formal-v1/batch3/pairs/R00426/left/Main.java,/Users/liuziqi/Documents/西大Graduate/Project_base/Code/Meng_ProjectBased_DetectCodeSimilar/code-sim/results/formal-v1/batch3/pairs/R00426/right/Main.java
R00427,s662239719.java,p03478,/Users/liuziqi/Documents/西大Graduate/Project_base/Code/Meng_ProjectBased_DetectCodeSimilar/code-sim/results/formal-v1/batch3/pairs/R00427/left/Main.java,/Users/liuziqi/Documents/西大Graduate/Project_base/Code/Meng_ProjectBased_DetectCodeSimilar/code-sim/results/formal-v1/batch3/pairs/R00427/right/Main.java
R00428,s186651881.java,p02946,/Users/liuziqi/Documents/西大Graduate/Project_base/Code/Meng_ProjectBased_DetectCodeSimilar/code-sim/results/formal-v1/batch3/pairs/R00428/left/Main.java,/Users/liuziqi/Documents/西大Graduate/Project_base/Code/Meng_ProjectBased_DetectCodeSimilar/code-sim/results/formal-v1/batch3/pairs/R00428/right/Main.java
R00429,s596790189.java,p02989,/Users/liuziqi/Documents/西大Graduate/Project_base/Code/Meng_ProjectBased_DetectCodeSimilar/code-sim/results/formal-v1/batch3/pairs/R00429/left/Main.java,/Users/liuziqi/Documents/西大Graduate/Project_base/Code/Meng_ProjectBased_DetectCodeSimilar/code-sim/results/formal-v1/batch3/pairs/R00429/right/Main.java
R00430,s570511625.java,p03680,/Users/liuziqi/Documents/西大Graduate/Project_base/Code/Meng_ProjectBased_DetectCodeSimilar/code-sim/results/formal-v1/batch3/pairs/R00430/left/Main.java,/Users/liuziqi/Documents/西大Graduate/Project_base/Code/Meng_ProjectBased_DetectCodeSimilar/code-sim/results/formal-v1/batch3/pairs/R00430/right/Main.java
R00431,s975741089.java,p03449,/Users/liuziqi/Documents/西大Graduate/Project_base/Code/Meng_ProjectBased_DetectCodeSimilar/code-sim/results/formal-v1/batch3/pairs/R00431/left/Main.java,/Users/liuziqi/Documents/西大Graduate/Project_base/Code/Meng_ProjectBased_DetectCodeSimilar/code-sim/results/formal-v1/batch3/pairs/R00431/right/Main.java
R00432,s644025069.java,p00011,/Users/liuziqi/Documents/西大Graduate/Project_base/Code/Meng_ProjectBased_DetectCodeSimilar/code-sim/results/formal-v1/batch3/pairs/R00432/left/Main.java,/Users/liuziqi/Documents/西大Graduate/Project_base/Code/Meng_ProjectBased_DetectCodeSimilar/code-sim/results/formal-v1/batch3/pairs/R00432/right/Main.java
R00433,s335981468.java,p03160,/Users/liuziqi/Documents/西大Graduate/Project_base/Code/Meng_ProjectBased_DetectCodeSimilar/code-sim/results/formal-v1/batch3/pairs/R00433/left/Main.java,/Users/liuziqi/Documents/西大Graduate/Project_base/Code/Meng_ProjectBased_DetectCodeSimilar/code-sim/results/formal-v1/batch3/pairs/R00433/right/Main.java
R00434,s415443427.java,p03324,/Users/liuziqi/Documents/西大Graduate/Project_base/Code/Meng_ProjectBased_DetectCodeSimilar/code-sim/results/formal-v1/batch3/pairs/R00434/left/Main.java,/Users/liuziqi/Documents/西大Graduate/Project_base/Code/Meng_ProjectBased_DetectCodeSimilar/code-sim/results/formal-v1/batch3/pairs/R00434/right/Main.java
R00435,s795141870.java,p02628,/Users/liuziqi/Documents/西大Graduate/Project_base/Code/Meng_ProjectBased_DetectCodeSimilar/code-sim/results/formal-v1/batch3/pairs/R00435/left/Main.java,/Users/liuziqi/Documents/西大Graduate/Project_base/Code/Meng_ProjectBased_DetectCodeSimilar/code-sim/results/formal-v1/batch3/pairs/R00435/right/Main.java
R00436,s055641985.java,p03854,/Users/liuziqi/Documents/西大Graduate/Project_base/Code/Meng_ProjectBased_DetectCodeSimilar/code-sim/results/formal-v1/batch3/pairs/R00436/left/Main.java,/Users/liuziqi/Documents/西大Graduate/Project_base/Code/Meng_ProjectBased_DetectCodeSimilar/code-sim/results/formal-v1/batch3/pairs/R00436/right/Main.java
R00437,s131399564.java,p02255,/Users/liuziqi/Documents/西大Graduate/Project_base/Code/Meng_ProjectBased_DetectCodeSimilar/code-sim/results/formal-v1/batch3/pairs/R00437/left/Main.java,/Users/liuziqi/Documents/西大Graduate/Project_base/Code/Meng_ProjectBased_DetectCodeSimilar/code-sim/results/formal-v1/batch3/pairs/R00437/right/Main.java
R00438,s984803569.java,p02675,/Users/liuziqi/Documents/西大Graduate/Project_base/Code/Meng_ProjectBased_DetectCodeSimilar/code-sim/results/formal-v1/batch3/pairs/R00438/left/Main.java,/Users/liuziqi/Documents/西大Graduate/Project_base/Code/Meng_ProjectBased_DetectCodeSimilar/code-sim/results/formal-v1/batch3/pairs/R00438/right/Main.java
R00439,s177044380.java,p02848,/Users/liuziqi/Documents/西大Graduate/Project_base/Code/Meng_ProjectBased_DetectCodeSimilar/code-sim/results/formal-v1/batch3/pairs/R00439/left/Main.java,/Users/liuziqi/Documents/西大Graduate/Project_base/Code/Meng_ProjectBased_DetectCodeSimilar/code-sim/results/formal-v1/batch3/pairs/R00439/right/Main.java
R00440,s759447992.java,p03493,/Users/liuziqi/Documents/西大Graduate/Project_base/Code/Meng_ProjectBased_DetectCodeSimilar/code-sim/results/formal-v1/batch3/pairs/R00440/left/Main.java,/Users/liuziqi/Documents/西大Graduate/Project_base/Code/Meng_ProjectBased_DetectCodeSimilar/code-sim/results/formal-v1/batch3/pairs/R00440/right/Main.java
R00441,s128943180.java,p03360,/Users/liuziqi/Documents/西大Graduate/Project_base/Code/Meng_ProjectBased_DetectCodeSimilar/code-sim/results/formal-v1/batch3/pairs/R00441/left/Main.java,/Users/liuziqi/Documents/西大Graduate/Project_base/Code/Meng_ProjectBased_DetectCodeSimilar/code-sim/results/formal-v1/batch3/pairs/R00441/right/Main.java
R00442,s542444573.java,p02910,/Users/liuziqi/Documents/西大Graduate/Project_base/Code/Meng_ProjectBased_DetectCodeSimilar/code-sim/results/formal-v1/batch3/pairs/R00442/left/Main.java,/Users/liuziqi/Documents/西大Graduate/Project_base/Code/Meng_ProjectBased_DetectCodeSimilar/code-sim/results/formal-v1/batch3/pairs/R00442/right/Main.java
R00443,s270974007.java,p03378,/Users/liuziqi/Documents/西大Graduate/Project_base/Code/Meng_ProjectBased_DetectCodeSimilar/code-sim/results/formal-v1/batch3/pairs/R00443/left/Main.java,/Users/liuziqi/Documents/西大Graduate/Project_base/Code/Meng_ProjectBased_DetectCodeSimilar/code-sim/results/formal-v1/batch3/pairs/R00443/right/Main.java
R00444,s679041597.java,p03073,/Users/liuziqi/Documents/西大Graduate/Project_base/Code/Meng_ProjectBased_DetectCodeSimilar/code-sim/results/formal-v1/batch3/pairs/R00444/left/Main.java,/Users/liuziqi/Documents/西大Graduate/Project_base/Code/Meng_ProjectBased_DetectCodeSimilar/code-sim/results/formal-v1/batch3/pairs/R00444/right/Main.java
R00445,s789453200.java,p03106,/Users/liuziqi/Documents/西大Graduate/Project_base/Code/Meng_ProjectBased_DetectCodeSimilar/code-sim/results/formal-v1/batch3/pairs/R00445/left/Main.java,/Users/liuziqi/Documents/西大Graduate/Project_base/Code/Meng_ProjectBased_DetectCodeSimilar/code-sim/results/formal-v1/batch3/pairs/R00445/right/Main.java
R00446,s935204435.java,p03037,/Users/liuziqi/Documents/西大Graduate/Project_base/Code/Meng_ProjectBased_DetectCodeSimilar/code-sim/results/formal-v1/batch3/pairs/R00446/left/Main.java,/Users/liuziqi/Documents/西大Graduate/Project_base/Code/Meng_ProjectBased_DetectCodeSimilar/code-sim/results/formal-v1/batch3/pairs/R00446/right/Main.java
R00447,s433864671.java,p02773,/Users/liuziqi/Documents/西大Graduate/Project_base/Code/Meng_ProjectBased_DetectCodeSimilar/code-sim/results/formal-v1/batch3/pairs/R00447/left/Main.java,/Users/liuziqi/Documents/西大Graduate/Project_base/Code/Meng_ProjectBased_DetectCodeSimilar/code-sim/results/formal-v1/batch3/pairs/R00447/right/Main.java
R00448,s510877135.java,p02989,/Users/liuziqi/Documents/西大Graduate/Project_base/Code/Meng_ProjectBased_DetectCodeSimilar/code-sim/results/formal-v1/batch3/pairs/R00448/left/Main.java,/Users/liuziqi/Documents/西大Graduate/Project_base/Code/Meng_ProjectBased_DetectCodeSimilar/code-sim/results/formal-v1/batch3/pairs/R00448/right/Main.java
R00449,s230977441.java,p02268,/Users/liuziqi/Documents/西大Graduate/Project_base/Code/Meng_ProjectBased_DetectCodeSimilar/code-sim/results/formal-v1/batch3/pairs/R00449/left/Main.java,/Users/liuziqi/Documents/西大Graduate/Project_base/Code/Meng_ProjectBased_DetectCodeSimilar/code-sim/results/formal-v1/batch3/pairs/R00449/right/Main.java
R00450,s513968888.java,p03370,/Users/liuziqi/Documents/西大Graduate/Project_base/Code/Meng_ProjectBased_DetectCodeSimilar/code-sim/results/formal-v1/batch3/pairs/R00450/left/Main.java,/Users/liuziqi/Documents/西大Graduate/Project_base/Code/Meng_ProjectBased_DetectCodeSimilar/code-sim/results/formal-v1/batch3/pairs/R00450/right/Main.java
R00451,s547486689.java,p03160,/Users/liuziqi/Documents/西大Graduate/Project_base/Code/Meng_ProjectBased_DetectCodeSimilar/code-sim/results/formal-v1/batch3/pairs/R00451/left/Main.java,/Users/liuziqi/Documents/西大Graduate/Project_base/Code/Meng_ProjectBased_DetectCodeSimilar/code-sim/results/formal-v1/batch3/pairs/R00451/right/Main.java
R00452,s902867771.java,p02993,/Users/liuziqi/Documents/西大Graduate/Project_base/Code/Meng_ProjectBased_DetectCodeSimilar/code-sim/results/formal-v1/batch3/pairs/R00452/left/Main.java,/Users/liuziqi/Documents/西大Graduate/Project_base/Code/Meng_ProjectBased_DetectCodeSimilar/code-sim/results/formal-v1/batch3/pairs/R00452/right/Main.java
R00453,s392411751.java,p02832,/Users/liuziqi/Documents/西大Graduate/Project_base/Code/Meng_ProjectBased_DetectCodeSimilar/code-sim/results/formal-v1/batch3/pairs/R00453/left/Main.java,/Users/liuziqi/Documents/西大Graduate/Project_base/Code/Meng_ProjectBased_DetectCodeSimilar/code-sim/results/formal-v1/batch3/pairs/R00453/right/Main.java
R00454,s592886950.java,p03998,/Users/liuziqi/Documents/西大Graduate/Project_base/Code/Meng_ProjectBased_DetectCodeSimilar/code-sim/results/formal-v1/batch3/pairs/R00454/left/Main.java,/Users/liuziqi/Documents/西大Graduate/Project_base/Code/Meng_ProjectBased_DetectCodeSimilar/code-sim/results/formal-v1/batch3/pairs/R00454/right/Main.java
R00455,s519035105.java,p02627,/Users/liuziqi/Documents/西大Graduate/Project_base/Code/Meng_ProjectBased_DetectCodeSimilar/code-sim/results/formal-v1/batch3/pairs/R00455/left/Main.java,/Users/liuziqi/Documents/西大Graduate/Project_base/Code/Meng_ProjectBased_DetectCodeSimilar/code-sim/results/formal-v1/batch3/pairs/R00455/right/Main.java
R00456,s919088470.java,p03106,/Users/liuziqi/Documents/西大Graduate/Project_base/Code/Meng_ProjectBased_DetectCodeSimilar/code-sim/results/formal-v1/batch3/pairs/R00456/left/Main.java,/Users/liuziqi/Documents/西大Graduate/Project_base/Code/Meng_ProjectBased_DetectCodeSimilar/code-sim/results/formal-v1/batch3/pairs/R00456/right/Main.java
R00457,s522991852.java,p02418,/Users/liuziqi/Documents/西大Graduate/Project_base/Code/Meng_ProjectBased_DetectCodeSimilar/code-sim/results/formal-v1/batch3/pairs/R00457/left/Main.java,/Users/liuziqi/Documents/西大Graduate/Project_base/Code/Meng_ProjectBased_DetectCodeSimilar/code-sim/results/formal-v1/batch3/pairs/R00457/right/Main.java
R00458,s808746636.java,p02257,/Users/liuziqi/Documents/西大Graduate/Project_base/Code/Meng_ProjectBased_DetectCodeSimilar/code-sim/results/formal-v1/batch3/pairs/R00458/left/Main.java,/Users/liuziqi/Documents/西大Graduate/Project_base/Code/Meng_ProjectBased_DetectCodeSimilar/code-sim/results/formal-v1/batch3/pairs/R00458/right/Main.java
R00459,s839077974.java,p02393,/Users/liuziqi/Documents/西大Graduate/Project_base/Code/Meng_ProjectBased_DetectCodeSimilar/code-sim/results/formal-v1/batch3/pairs/R00459/left/Main.java,/Users/liuziqi/Documents/西大Graduate/Project_base/Code/Meng_ProjectBased_DetectCodeSimilar/code-sim/results/formal-v1/batch3/pairs/R00459/right/Main.java
R00460,s496503655.java,p02258,/Users/liuziqi/Documents/西大Graduate/Project_base/Code/Meng_ProjectBased_DetectCodeSimilar/code-sim/results/formal-v1/batch3/pairs/R00460/left/Main.java,/Users/liuziqi/Documents/西大Graduate/Project_base/Code/Meng_ProjectBased_DetectCodeSimilar/code-sim/results/formal-v1/batch3/pairs/R00460/right/Main.java
R00461,s086968303.java,p02785,/Users/liuziqi/Documents/西大Graduate/Project_base/Code/Meng_ProjectBased_DetectCodeSimilar/code-sim/results/formal-v1/batch3/pairs/R00461/left/Main.java,/Users/liuziqi/Documents/西大Graduate/Project_base/Code/Meng_ProjectBased_DetectCodeSimilar/code-sim/results/formal-v1/batch3/pairs/R00461/right/Main.java
R00462,s332304337.java,p02408,/Users/liuziqi/Documents/西大Graduate/Project_base/Code/Meng_ProjectBased_DetectCodeSimilar/code-sim/results/formal-v1/batch3/pairs/R00462/left/Main.java,/Users/liuziqi/Documents/西大Graduate/Project_base/Code/Meng_ProjectBased_DetectCodeSimilar/code-sim/results/formal-v1/batch3/pairs/R00462/right/Main.java
R00463,s572158649.java,p02860,/Users/liuziqi/Documents/西大Graduate/Project_base/Code/Meng_ProjectBased_DetectCodeSimilar/code-sim/results/formal-v1/batch3/pairs/R00463/left/Main.java,/Users/liuziqi/Documents/西大Graduate/Project_base/Code/Meng_ProjectBased_DetectCodeSimilar/code-sim/results/formal-v1/batch3/pairs/R00463/right/Main.java
R00464,s859471193.java,p02553,/Users/liuziqi/Documents/西大Graduate/Project_base/Code/Meng_ProjectBased_DetectCodeSimilar/code-sim/results/formal-v1/batch3/pairs/R00464/left/Main.java,/Users/liuziqi/Documents/西大Graduate/Project_base/Code/Meng_ProjectBased_DetectCodeSimilar/code-sim/results/formal-v1/batch3/pairs/R00464/right/Main.java
R00465,s551340495.java,p03378,/Users/liuziqi/Documents/西大Graduate/Project_base/Code/Meng_ProjectBased_DetectCodeSimilar/code-sim/results/formal-v1/batch3/pairs/R00465/left/Main.java,/Users/liuziqi/Documents/西大Graduate/Project_base/Code/Meng_ProjectBased_DetectCodeSimilar/code-sim/results/formal-v1/batch3/pairs/R00465/right/Main.java
R00466,s770938930.java,p03435,/Users/liuziqi/Documents/西大Graduate/Project_base/Code/Meng_ProjectBased_DetectCodeSimilar/code-sim/results/formal-v1/batch3/pairs/R00466/left/Main.java,/Users/liuziqi/Documents/西大Graduate/Project_base/Code/Meng_ProjectBased_DetectCodeSimilar/code-sim/results/formal-v1/batch3/pairs/R00466/right/Main.java
R00467,s343767760.java,p02407,/Users/liuziqi/Documents/西大Graduate/Project_base/Code/Meng_ProjectBased_DetectCodeSimilar/code-sim/results/formal-v1/batch3/pairs/R00467/left/Main.java,/Users/liuziqi/Documents/西大Graduate/Project_base/Code/Meng_ProjectBased_DetectCodeSimilar/code-sim/results/formal-v1/batch3/pairs/R00467/right/Main.java
R00468,s345460644.java,p02829,/Users/liuziqi/Documents/西大Graduate/Project_base/Code/Meng_ProjectBased_DetectCodeSimilar/code-sim/results/formal-v1/batch3/pairs/R00468/left/Main.java,/Users/liuziqi/Documents/西大Graduate/Project_base/Code/Meng_ProjectBased_DetectCodeSimilar/code-sim/results/formal-v1/batch3/pairs/R00468/right/Main.java
R00469,s825515119.java,p03012,/Users/liuziqi/Documents/西大Graduate/Project_base/Code/Meng_ProjectBased_DetectCodeSimilar/code-sim/results/formal-v1/batch3/pairs/R00469/left/Main.java,/Users/liuziqi/Documents/西大Graduate/Project_base/Code/Meng_ProjectBased_DetectCodeSimilar/code-sim/results/formal-v1/batch3/pairs/R00469/right/Main.java
R00470,s348338041.java,p02785,/Users/liuziqi/Documents/西大Graduate/Project_base/Code/Meng_ProjectBased_DetectCodeSimilar/code-sim/results/formal-v1/batch3/pairs/R00470/left/Main.java,/Users/liuziqi/Documents/西大Graduate/Project_base/Code/Meng_ProjectBased_DetectCodeSimilar/code-sim/results/formal-v1/batch3/pairs/R00470/right/Main.java
R00471,s109742303.java,p03456,/Users/liuziqi/Documents/西大Graduate/Project_base/Code/Meng_ProjectBased_DetectCodeSimilar/code-sim/results/formal-v1/batch3/pairs/R00471/left/Main.java,/Users/liuziqi/Documents/西大Graduate/Project_base/Code/Meng_ProjectBased_DetectCodeSimilar/code-sim/results/formal-v1/batch3/pairs/R00471/right/Main.java
R00472,s134143021.java,p02847,/Users/liuziqi/Documents/西大Graduate/Project_base/Code/Meng_ProjectBased_DetectCodeSimilar/code-sim/results/formal-v1/batch3/pairs/R00472/left/Main.java,/Users/liuziqi/Documents/西大Graduate/Project_base/Code/Meng_ProjectBased_DetectCodeSimilar/code-sim/results/formal-v1/batch3/pairs/R00472/right/Main.java
R00473,s143808056.java,p02707,/Users/liuziqi/Documents/西大Graduate/Project_base/Code/Meng_ProjectBased_DetectCodeSimilar/code-sim/results/formal-v1/batch3/pairs/R00473/left/Main.java,/Users/liuziqi/Documents/西大Graduate/Project_base/Code/Meng_ProjectBased_DetectCodeSimilar/code-sim/results/formal-v1/batch3/pairs/R00473/right/Main.java
R00474,s707486590.java,p02628,/Users/liuziqi/Documents/西大Graduate/Project_base/Code/Meng_ProjectBased_DetectCodeSimilar/code-sim/results/formal-v1/batch3/pairs/R00474/left/Main.java,/Users/liuziqi/Documents/西大Graduate/Project_base/Code/Meng_ProjectBased_DetectCodeSimilar/code-sim/results/formal-v1/batch3/pairs/R00474/right/Main.java
R00475,s048012785.java,p02400,/Users/liuziqi/Documents/西大Graduate/Project_base/Code/Meng_ProjectBased_DetectCodeSimilar/code-sim/results/formal-v1/batch3/pairs/R00475/left/Main.java,/Users/liuziqi/Documents/西大Graduate/Project_base/Code/Meng_ProjectBased_DetectCodeSimilar/code-sim/results/formal-v1/batch3/pairs/R00475/right/Main.java
R00476,s257219613.java,p02677,/Users/liuziqi/Documents/西大Graduate/Project_base/Code/Meng_ProjectBased_DetectCodeSimilar/code-sim/results/formal-v1/batch3/pairs/R00476/left/Main.java,/Users/liuziqi/Documents/西大Graduate/Project_base/Code/Meng_ProjectBased_DetectCodeSimilar/code-sim/results/formal-v1/batch3/pairs/R00476/right/Main.java
R00477,s903758723.java,p03220,/Users/liuziqi/Documents/西大Graduate/Project_base/Code/Meng_ProjectBased_DetectCodeSimilar/code-sim/results/formal-v1/batch3/pairs/R00477/left/Main.java,/Users/liuziqi/Documents/西大Graduate/Project_base/Code/Meng_ProjectBased_DetectCodeSimilar/code-sim/results/formal-v1/batch3/pairs/R00477/right/Main.java
R00478,s380102664.java,p02398,/Users/liuziqi/Documents/西大Graduate/Project_base/Code/Meng_ProjectBased_DetectCodeSimilar/code-sim/results/formal-v1/batch3/pairs/R00478/left/Main.java,/Users/liuziqi/Documents/西大Graduate/Project_base/Code/Meng_ProjectBased_DetectCodeSimilar/code-sim/results/formal-v1/batch3/pairs/R00478/right/Main.java
R00479,s281627222.java,p02988,/Users/liuziqi/Documents/西大Graduate/Project_base/Code/Meng_ProjectBased_DetectCodeSimilar/code-sim/results/formal-v1/batch3/pairs/R00479/left/Main.java,/Users/liuziqi/Documents/西大Graduate/Project_base/Code/Meng_ProjectBased_DetectCodeSimilar/code-sim/results/formal-v1/batch3/pairs/R00479/right/Main.java
R00480,s130182359.java,p02923,/Users/liuziqi/Documents/西大Graduate/Project_base/Code/Meng_ProjectBased_DetectCodeSimilar/code-sim/results/formal-v1/batch3/pairs/R00480/left/Main.java,/Users/liuziqi/Documents/西大Graduate/Project_base/Code/Meng_ProjectBased_DetectCodeSimilar/code-sim/results/formal-v1/batch3/pairs/R00480/right/Main.java
R00481,s128074259.java,p03680,/Users/liuziqi/Documents/西大Graduate/Project_base/Code/Meng_ProjectBased_DetectCodeSimilar/code-sim/results/formal-v1/batch3/pairs/R00481/left/Main.java,/Users/liuziqi/Documents/西大Graduate/Project_base/Code/Meng_ProjectBased_DetectCodeSimilar/code-sim/results/formal-v1/batch3/pairs/R00481/right/Main.java
R00482,s472644518.java,p02407,/Users/liuziqi/Documents/西大Graduate/Project_base/Code/Meng_ProjectBased_DetectCodeSimilar/code-sim/results/formal-v1/batch3/pairs/R00482/left/Main.java,/Users/liuziqi/Documents/西大Graduate/Project_base/Code/Meng_ProjectBased_DetectCodeSimilar/code-sim/results/formal-v1/batch3/pairs/R00482/right/Main.java
R00483,s202679752.java,p02785,/Users/liuziqi/Documents/西大Graduate/Project_base/Code/Meng_ProjectBased_DetectCodeSimilar/code-sim/results/formal-v1/batch3/pairs/R00483/left/Main.java,/Users/liuziqi/Documents/西大Graduate/Project_base/Code/Meng_ProjectBased_DetectCodeSimilar/code-sim/results/formal-v1/batch3/pairs/R00483/right/Main.java
R00484,s645853920.java,p02910,/Users/liuziqi/Documents/西大Graduate/Project_base/Code/Meng_ProjectBased_DetectCodeSimilar/code-sim/results/formal-v1/batch3/pairs/R00484/left/Main.java,/Users/liuziqi/Documents/西大Graduate/Project_base/Code/Meng_ProjectBased_DetectCodeSimilar/code-sim/results/formal-v1/batch3/pairs/R00484/right/Main.java
R00485,s718661867.java,p03076,/Users/liuziqi/Documents/西大Graduate/Project_base/Code/Meng_ProjectBased_DetectCodeSimilar/code-sim/results/formal-v1/batch3/pairs/R00485/left/Main.java,/Users/liuziqi/Documents/西大Graduate/Project_base/Code/Meng_ProjectBased_DetectCodeSimilar/code-sim/results/formal-v1/batch3/pairs/R00485/right/Main.java
R00486,s896478027.java,p03695,/Users/liuziqi/Documents/西大Graduate/Project_base/Code/Meng_ProjectBased_DetectCodeSimilar/code-sim/results/formal-v1/batch3/pairs/R00486/left/Main.java,/Users/liuziqi/Documents/西大Graduate/Project_base/Code/Meng_ProjectBased_DetectCodeSimilar/code-sim/results/formal-v1/batch3/pairs/R00486/right/Main.java
R00487,s045330572.java,p02995,/Users/liuziqi/Documents/西大Graduate/Project_base/Code/Meng_ProjectBased_DetectCodeSimilar/code-sim/results/formal-v1/batch3/pairs/R00487/left/Main.java,/Users/liuziqi/Documents/西大Graduate/Project_base/Code/Meng_ProjectBased_DetectCodeSimilar/code-sim/results/formal-v1/batch3/pairs/R00487/right/Main.java
R00488,s250365808.java,p03720,/Users/liuziqi/Documents/西大Graduate/Project_base/Code/Meng_ProjectBased_DetectCodeSimilar/code-sim/results/formal-v1/batch3/pairs/R00488/left/Main.java,/Users/liuziqi/Documents/西大Graduate/Project_base/Code/Meng_ProjectBased_DetectCodeSimilar/code-sim/results/formal-v1/batch3/pairs/R00488/right/Main.java
R00489,s665605000.java,p02886,/Users/liuziqi/Documents/西大Graduate/Project_base/Code/Meng_ProjectBased_DetectCodeSimilar/code-sim/results/formal-v1/batch3/pairs/R00489/left/Main.java,/Users/liuziqi/Documents/西大Graduate/Project_base/Code/Meng_ProjectBased_DetectCodeSimilar/code-sim/results/formal-v1/batch3/pairs/R00489/right/Main.java
R00490,s356567556.java,p02982,/Users/liuziqi/Documents/西大Graduate/Project_base/Code/Meng_ProjectBased_DetectCodeSimilar/code-sim/results/formal-v1/batch3/pairs/R00490/left/Main.java,/Users/liuziqi/Documents/西大Graduate/Project_base/Code/Meng_ProjectBased_DetectCodeSimilar/code-sim/results/formal-v1/batch3/pairs/R00490/right/Main.java
R00491,s564553084.java,p03037,/Users/liuziqi/Documents/西大Graduate/Project_base/Code/Meng_ProjectBased_DetectCodeSimilar/code-sim/results/formal-v1/batch3/pairs/R00491/left/Main.java,/Users/liuziqi/Documents/西大Graduate/Project_base/Code/Meng_ProjectBased_DetectCodeSimilar/code-sim/results/formal-v1/batch3/pairs/R00491/right/Main.java
R00492,s030361549.java,p02916,/Users/liuziqi/Documents/西大Graduate/Project_base/Code/Meng_ProjectBased_DetectCodeSimilar/code-sim/results/formal-v1/batch3/pairs/R00492/left/Main.java,/Users/liuziqi/Documents/西大Graduate/Project_base/Code/Meng_ProjectBased_DetectCodeSimilar/code-sim/results/formal-v1/batch3/pairs/R00492/right/Main.java
R00493,s358224099.java,p00001,/Users/liuziqi/Documents/西大Graduate/Project_base/Code/Meng_ProjectBased_DetectCodeSimilar/code-sim/results/formal-v1/batch3/pairs/R00493/left/Main.java,/Users/liuziqi/Documents/西大Graduate/Project_base/Code/Meng_ProjectBased_DetectCodeSimilar/code-sim/results/formal-v1/batch3/pairs/R00493/right/Main.java
R00494,s214724124.java,p02676,/Users/liuziqi/Documents/西大Graduate/Project_base/Code/Meng_ProjectBased_DetectCodeSimilar/code-sim/results/formal-v1/batch3/pairs/R00494/left/Main.java,/Users/liuziqi/Documents/西大Graduate/Project_base/Code/Meng_ProjectBased_DetectCodeSimilar/code-sim/results/formal-v1/batch3/pairs/R00494/right/Main.java
R00495,s028229884.java,p03102,/Users/liuziqi/Documents/西大Graduate/Project_base/Code/Meng_ProjectBased_DetectCodeSimilar/code-sim/results/formal-v1/batch3/pairs/R00495/left/Main.java,/Users/liuziqi/Documents/西大Graduate/Project_base/Code/Meng_ProjectBased_DetectCodeSimilar/code-sim/results/formal-v1/batch3/pairs/R00495/right/Main.java
R00496,s058763961.java,p02982,/Users/liuziqi/Documents/西大Graduate/Project_base/Code/Meng_ProjectBased_DetectCodeSimilar/code-sim/results/formal-v1/batch3/pairs/R00496/left/Main.java,/Users/liuziqi/Documents/西大Graduate/Project_base/Code/Meng_ProjectBased_DetectCodeSimilar/code-sim/results/formal-v1/batch3/pairs/R00496/right/Main.java
R00497,s364100792.java,p02595,/Users/liuziqi/Documents/西大Graduate/Project_base/Code/Meng_ProjectBased_DetectCodeSimilar/code-sim/results/formal-v1/batch3/pairs/R00497/left/Main.java,/Users/liuziqi/Documents/西大Graduate/Project_base/Code/Meng_ProjectBased_DetectCodeSimilar/code-sim/results/formal-v1/batch3/pairs/R00497/right/Main.java
R00498,s287383784.java,p02899,/Users/liuziqi/Documents/西大Graduate/Project_base/Code/Meng_ProjectBased_DetectCodeSimilar/code-sim/results/formal-v1/batch3/pairs/R00498/left/Main.java,/Users/liuziqi/Documents/西大Graduate/Project_base/Code/Meng_ProjectBased_DetectCodeSimilar/code-sim/results/formal-v1/batch3/pairs/R00498/right/Main.java
R00499,s826076844.java,p03106,/Users/liuziqi/Documents/西大Graduate/Project_base/Code/Meng_ProjectBased_DetectCodeSimilar/code-sim/results/formal-v1/batch3/pairs/R00499/left/Main.java,/Users/liuziqi/Documents/西大Graduate/Project_base/Code/Meng_ProjectBased_DetectCodeSimilar/code-sim/results/formal-v1/batch3/pairs/R00499/right/Main.java
R00500,s983152983.java,p02779,/Users/liuziqi/Documents/西大Graduate/Project_base/Code/Meng_ProjectBased_DetectCodeSimilar/code-sim/results/formal-v1/batch3/pairs/R00500/left/Main.java,/Users/liuziqi/Documents/西大Graduate/Project_base/Code/Meng_ProjectBased_DetectCodeSimilar/code-sim/results/formal-v1/batch3/pairs/R00500/right/Main.java
R00501,s426587475.java,p02832,/Users/liuziqi/Documents/西大Graduate/Project_base/Code/Meng_ProjectBased_DetectCodeSimilar/code-sim/results/formal-v1/batch3/pairs/R00501/left/Main.java,/Users/liuziqi/Documents/西大Graduate/Project_base/Code/Meng_ProjectBased_DetectCodeSimilar/code-sim/results/formal-v1/batch3/pairs/R00501/right/Main.java
R00502,s103780269.java,p02413,/Users/liuziqi/Documents/西大Graduate/Project_base/Code/Meng_ProjectBased_DetectCodeSimilar/code-sim/results/formal-v1/batch3/pairs/R00502/left/Main.java,/Users/liuziqi/Documents/西大Graduate/Project_base/Code/Meng_ProjectBased_DetectCodeSimilar/code-sim/results/formal-v1/batch3/pairs/R00502/right/Main.java
R00503,s670986272.java,p02982,/Users/liuziqi/Documents/西大Graduate/Project_base/Code/Meng_ProjectBased_DetectCodeSimilar/code-sim/results/formal-v1/batch3/pairs/R00503/left/Main.java,/Users/liuziqi/Documents/西大Graduate/Project_base/Code/Meng_ProjectBased_DetectCodeSimilar/code-sim/results/formal-v1/batch3/pairs/R00503/right/Main.java
R00504,s845312584.java,p02935,/Users/liuziqi/Documents/西大Graduate/Project_base/Code/Meng_ProjectBased_DetectCodeSimilar/code-sim/results/formal-v1/batch3/pairs/R00504/left/Main.java,/Users/liuziqi/Documents/西大Graduate/Project_base/Code/Meng_ProjectBased_DetectCodeSimilar/code-sim/results/formal-v1/batch3/pairs/R00504/right/Main.java
R00505,s760193461.java,p02394,/Users/liuziqi/Documents/西大Graduate/Project_base/Code/Meng_ProjectBased_DetectCodeSimilar/code-sim/results/formal-v1/batch3/pairs/R00505/left/Main.java,/Users/liuziqi/Documents/西大Graduate/Project_base/Code/Meng_ProjectBased_DetectCodeSimilar/code-sim/results/formal-v1/batch3/pairs/R00505/right/Main.java
R00506,s019790335.java,p02582,/Users/liuziqi/Documents/西大Graduate/Project_base/Code/Meng_ProjectBased_DetectCodeSimilar/code-sim/results/formal-v1/batch3/pairs/R00506/left/Main.java,/Users/liuziqi/Documents/西大Graduate/Project_base/Code/Meng_ProjectBased_DetectCodeSimilar/code-sim/results/formal-v1/batch3/pairs/R00506/right/Main.java
R00507,s275095889.java,p02730,/Users/liuziqi/Documents/西大Graduate/Project_base/Code/Meng_ProjectBased_DetectCodeSimilar/code-sim/results/formal-v1/batch3/pairs/R00507/left/Main.java,/Users/liuziqi/Documents/西大Graduate/Project_base/Code/Meng_ProjectBased_DetectCodeSimilar/code-sim/results/formal-v1/batch3/pairs/R00507/right/Main.java
R00508,s989139527.java,p03261,/Users/liuziqi/Documents/西大Graduate/Project_base/Code/Meng_ProjectBased_DetectCodeSimilar/code-sim/results/formal-v1/batch3/pairs/R00508/left/Main.java,/Users/liuziqi/Documents/西大Graduate/Project_base/Code/Meng_ProjectBased_DetectCodeSimilar/code-sim/results/formal-v1/batch3/pairs/R00508/right/Main.java
R00509,s614853703.java,p02677,/Users/liuziqi/Documents/西大Graduate/Project_base/Code/Meng_ProjectBased_DetectCodeSimilar/code-sim/results/formal-v1/batch3/pairs/R00509/left/Main.java,/Users/liuziqi/Documents/西大Graduate/Project_base/Code/Meng_ProjectBased_DetectCodeSimilar/code-sim/results/formal-v1/batch3/pairs/R00509/right/Main.java
R00510,s525999802.java,p03001,/Users/liuziqi/Documents/西大Graduate/Project_base/Code/Meng_ProjectBased_DetectCodeSimilar/code-sim/results/formal-v1/batch3/pairs/R00510/left/Main.java,/Users/liuziqi/Documents/西大Graduate/Project_base/Code/Meng_ProjectBased_DetectCodeSimilar/code-sim/results/formal-v1/batch3/pairs/R00510/right/Main.java
R00511,s071539542.java,p02681,/Users/liuziqi/Documents/西大Graduate/Project_base/Code/Meng_ProjectBased_DetectCodeSimilar/code-sim/results/formal-v1/batch3/pairs/R00511/left/Main.java,/Users/liuziqi/Documents/西大Graduate/Project_base/Code/Meng_ProjectBased_DetectCodeSimilar/code-sim/results/formal-v1/batch3/pairs/R00511/right/Main.java
R00512,s540209510.java,p02779,/Users/liuziqi/Documents/西大Graduate/Project_base/Code/Meng_ProjectBased_DetectCodeSimilar/code-sim/results/formal-v1/batch3/pairs/R00512/left/Main.java,/Users/liuziqi/Documents/西大Graduate/Project_base/Code/Meng_ProjectBased_DetectCodeSimilar/code-sim/results/formal-v1/batch3/pairs/R00512/right/Main.java
R00513,s455506960.java,p02547,/Users/liuziqi/Documents/西大Graduate/Project_base/Code/Meng_ProjectBased_DetectCodeSimilar/code-sim/results/formal-v1/batch3/pairs/R00513/left/Main.java,/Users/liuziqi/Documents/西大Graduate/Project_base/Code/Meng_ProjectBased_DetectCodeSimilar/code-sim/results/formal-v1/batch3/pairs/R00513/right/Main.java
R00514,s756996875.java,p03478,/Users/liuziqi/Documents/西大Graduate/Project_base/Code/Meng_ProjectBased_DetectCodeSimilar/code-sim/results/formal-v1/batch3/pairs/R00514/left/Main.java,/Users/liuziqi/Documents/西大Graduate/Project_base/Code/Meng_ProjectBased_DetectCodeSimilar/code-sim/results/formal-v1/batch3/pairs/R00514/right/Main.java
R00515,s510562496.java,p02628,/Users/liuziqi/Documents/西大Graduate/Project_base/Code/Meng_ProjectBased_DetectCodeSimilar/code-sim/results/formal-v1/batch3/pairs/R00515/left/Main.java,/Users/liuziqi/Documents/西大Graduate/Project_base/Code/Meng_ProjectBased_DetectCodeSimilar/code-sim/results/formal-v1/batch3/pairs/R00515/right/Main.java
R00516,s176928605.java,p03435,/Users/liuziqi/Documents/西大Graduate/Project_base/Code/Meng_ProjectBased_DetectCodeSimilar/code-sim/results/formal-v1/batch3/pairs/R00516/left/Main.java,/Users/liuziqi/Documents/西大Graduate/Project_base/Code/Meng_ProjectBased_DetectCodeSimilar/code-sim/results/formal-v1/batch3/pairs/R00516/right/Main.java
R00517,s631265654.java,p03072,/Users/liuziqi/Documents/西大Graduate/Project_base/Code/Meng_ProjectBased_DetectCodeSimilar/code-sim/results/formal-v1/batch3/pairs/R00517/left/Main.java,/Users/liuziqi/Documents/西大Graduate/Project_base/Code/Meng_ProjectBased_DetectCodeSimilar/code-sim/results/formal-v1/batch3/pairs/R00517/right/Main.java
R00518,s520182023.java,p02578,/Users/liuziqi/Documents/西大Graduate/Project_base/Code/Meng_ProjectBased_DetectCodeSimilar/code-sim/results/formal-v1/batch3/pairs/R00518/left/Main.java,/Users/liuziqi/Documents/西大Graduate/Project_base/Code/Meng_ProjectBased_DetectCodeSimilar/code-sim/results/formal-v1/batch3/pairs/R00518/right/Main.java
R00519,s900159810.java,p02393,/Users/liuziqi/Documents/西大Graduate/Project_base/Code/Meng_ProjectBased_DetectCodeSimilar/code-sim/results/formal-v1/batch3/pairs/R00519/left/Main.java,/Users/liuziqi/Documents/西大Graduate/Project_base/Code/Meng_ProjectBased_DetectCodeSimilar/code-sim/results/formal-v1/batch3/pairs/R00519/right/Main.java
R00520,s918577744.java,p02994,/Users/liuziqi/Documents/西大Graduate/Project_base/Code/Meng_ProjectBased_DetectCodeSimilar/code-sim/results/formal-v1/batch3/pairs/R00520/left/Main.java,/Users/liuziqi/Documents/西大Graduate/Project_base/Code/Meng_ProjectBased_DetectCodeSimilar/code-sim/results/formal-v1/batch3/pairs/R00520/right/Main.java
R00521,s514662761.java,p03102,/Users/liuziqi/Documents/西大Graduate/Project_base/Code/Meng_ProjectBased_DetectCodeSimilar/code-sim/results/formal-v1/batch3/pairs/R00521/left/Main.java,/Users/liuziqi/Documents/西大Graduate/Project_base/Code/Meng_ProjectBased_DetectCodeSimilar/code-sim/results/formal-v1/batch3/pairs/R00521/right/Main.java
R00522,s463903646.java,p02910,/Users/liuziqi/Documents/西大Graduate/Project_base/Code/Meng_ProjectBased_DetectCodeSimilar/code-sim/results/formal-v1/batch3/pairs/R00522/left/Main.java,/Users/liuziqi/Documents/西大Graduate/Project_base/Code/Meng_ProjectBased_DetectCodeSimilar/code-sim/results/formal-v1/batch3/pairs/R00522/right/Main.java
R00523,s599790566.java,p02812,/Users/liuziqi/Documents/西大Graduate/Project_base/Code/Meng_ProjectBased_DetectCodeSimilar/code-sim/results/formal-v1/batch3/pairs/R00523/left/Main.java,/Users/liuziqi/Documents/西大Graduate/Project_base/Code/Meng_ProjectBased_DetectCodeSimilar/code-sim/results/formal-v1/batch3/pairs/R00523/right/Main.java
R00524,s923214653.java,p02718,/Users/liuziqi/Documents/西大Graduate/Project_base/Code/Meng_ProjectBased_DetectCodeSimilar/code-sim/results/formal-v1/batch3/pairs/R00524/left/Main.java,/Users/liuziqi/Documents/西大Graduate/Project_base/Code/Meng_ProjectBased_DetectCodeSimilar/code-sim/results/formal-v1/batch3/pairs/R00524/right/Main.java
R00525,s906872650.java,p02754,/Users/liuziqi/Documents/西大Graduate/Project_base/Code/Meng_ProjectBased_DetectCodeSimilar/code-sim/results/formal-v1/batch3/pairs/R00525/left/Main.java,/Users/liuziqi/Documents/西大Graduate/Project_base/Code/Meng_ProjectBased_DetectCodeSimilar/code-sim/results/formal-v1/batch3/pairs/R00525/right/Main.java
R00526,s398474412.java,p02613,/Users/liuziqi/Documents/西大Graduate/Project_base/Code/Meng_ProjectBased_DetectCodeSimilar/code-sim/results/formal-v1/batch3/pairs/R00526/left/Main.java,/Users/liuziqi/Documents/西大Graduate/Project_base/Code/Meng_ProjectBased_DetectCodeSimilar/code-sim/results/formal-v1/batch3/pairs/R00526/right/Main.java
R00527,s486458764.java,p03012,/Users/liuziqi/Documents/西大Graduate/Project_base/Code/Meng_ProjectBased_DetectCodeSimilar/code-sim/results/formal-v1/batch3/pairs/R00527/left/Main.java,/Users/liuziqi/Documents/西大Graduate/Project_base/Code/Meng_ProjectBased_DetectCodeSimilar/code-sim/results/formal-v1/batch3/pairs/R00527/right/Main.java
R00528,s529741627.java,p02946,/Users/liuziqi/Documents/西大Graduate/Project_base/Code/Meng_ProjectBased_DetectCodeSimilar/code-sim/results/formal-v1/batch3/pairs/R00528/left/Main.java,/Users/liuziqi/Documents/西大Graduate/Project_base/Code/Meng_ProjectBased_DetectCodeSimilar/code-sim/results/formal-v1/batch3/pairs/R00528/right/Main.java
R00529,s188174671.java,p02417,/Users/liuziqi/Documents/西大Graduate/Project_base/Code/Meng_ProjectBased_DetectCodeSimilar/code-sim/results/formal-v1/batch3/pairs/R00529/left/Main.java,/Users/liuziqi/Documents/西大Graduate/Project_base/Code/Meng_ProjectBased_DetectCodeSimilar/code-sim/results/formal-v1/batch3/pairs/R00529/right/Main.java
R00530,s645619203.java,p02658,/Users/liuziqi/Documents/西大Graduate/Project_base/Code/Meng_ProjectBased_DetectCodeSimilar/code-sim/results/formal-v1/batch3/pairs/R00530/left/Main.java,/Users/liuziqi/Documents/西大Graduate/Project_base/Code/Meng_ProjectBased_DetectCodeSimilar/code-sim/results/formal-v1/batch3/pairs/R00530/right/Main.java
R00531,s268646077.java,p03147,/Users/liuziqi/Documents/西大Graduate/Project_base/Code/Meng_ProjectBased_DetectCodeSimilar/code-sim/results/formal-v1/batch3/pairs/R00531/left/Main.java,/Users/liuziqi/Documents/西大Graduate/Project_base/Code/Meng_ProjectBased_DetectCodeSimilar/code-sim/results/formal-v1/batch3/pairs/R00531/right/Main.java
R00532,s398898148.java,p04012,/Users/liuziqi/Documents/西大Graduate/Project_base/Code/Meng_ProjectBased_DetectCodeSimilar/code-sim/results/formal-v1/batch3/pairs/R00532/left/Main.java,/Users/liuziqi/Documents/西大Graduate/Project_base/Code/Meng_ProjectBased_DetectCodeSimilar/code-sim/results/formal-v1/batch3/pairs/R00532/right/Main.java
R00533,s082211567.java,p02408,/Users/liuziqi/Documents/西大Graduate/Project_base/Code/Meng_ProjectBased_DetectCodeSimilar/code-sim/results/formal-v1/batch3/pairs/R00533/left/Main.java,/Users/liuziqi/Documents/西大Graduate/Project_base/Code/Meng_ProjectBased_DetectCodeSimilar/code-sim/results/formal-v1/batch3/pairs/R00533/right/Main.java
R00534,s652864521.java,p03854,/Users/liuziqi/Documents/西大Graduate/Project_base/Code/Meng_ProjectBased_DetectCodeSimilar/code-sim/results/formal-v1/batch3/pairs/R00534/left/Main.java,/Users/liuziqi/Documents/西大Graduate/Project_base/Code/Meng_ProjectBased_DetectCodeSimilar/code-sim/results/formal-v1/batch3/pairs/R00534/right/Main.java
R00535,s729125013.java,p02772,/Users/liuziqi/Documents/西大Graduate/Project_base/Code/Meng_ProjectBased_DetectCodeSimilar/code-sim/results/formal-v1/batch3/pairs/R00535/left/Main.java,/Users/liuziqi/Documents/西大Graduate/Project_base/Code/Meng_ProjectBased_DetectCodeSimilar/code-sim/results/formal-v1/batch3/pairs/R00535/right/Main.java
R00536,s945633440.java,p03494,/Users/liuziqi/Documents/西大Graduate/Project_base/Code/Meng_ProjectBased_DetectCodeSimilar/code-sim/results/formal-v1/batch3/pairs/R00536/left/Main.java,/Users/liuziqi/Documents/西大Graduate/Project_base/Code/Meng_ProjectBased_DetectCodeSimilar/code-sim/results/formal-v1/batch3/pairs/R00536/right/Main.java
R00537,s573517300.java,p03470,/Users/liuziqi/Documents/西大Graduate/Project_base/Code/Meng_ProjectBased_DetectCodeSimilar/code-sim/results/formal-v1/batch3/pairs/R00537/left/Main.java,/Users/liuziqi/Documents/西大Graduate/Project_base/Code/Meng_ProjectBased_DetectCodeSimilar/code-sim/results/formal-v1/batch3/pairs/R00537/right/Main.java
R00538,s835772779.java,p02783,/Users/liuziqi/Documents/西大Graduate/Project_base/Code/Meng_ProjectBased_DetectCodeSimilar/code-sim/results/formal-v1/batch3/pairs/R00538/left/Main.java,/Users/liuziqi/Documents/西大Graduate/Project_base/Code/Meng_ProjectBased_DetectCodeSimilar/code-sim/results/formal-v1/batch3/pairs/R00538/right/Main.java
R00539,s568922933.java,p03160,/Users/liuziqi/Documents/西大Graduate/Project_base/Code/Meng_ProjectBased_DetectCodeSimilar/code-sim/results/formal-v1/batch3/pairs/R00539/left/Main.java,/Users/liuziqi/Documents/西大Graduate/Project_base/Code/Meng_ProjectBased_DetectCodeSimilar/code-sim/results/formal-v1/batch3/pairs/R00539/right/Main.java
R00540,s437294021.java,p03545,/Users/liuziqi/Documents/西大Graduate/Project_base/Code/Meng_ProjectBased_DetectCodeSimilar/code-sim/results/formal-v1/batch3/pairs/R00540/left/Main.java,/Users/liuziqi/Documents/西大Graduate/Project_base/Code/Meng_ProjectBased_DetectCodeSimilar/code-sim/results/formal-v1/batch3/pairs/R00540/right/Main.java
R00541,s504363098.java,p02417,/Users/liuziqi/Documents/西大Graduate/Project_base/Code/Meng_ProjectBased_DetectCodeSimilar/code-sim/results/formal-v1/batch3/pairs/R00541/left/Main.java,/Users/liuziqi/Documents/西大Graduate/Project_base/Code/Meng_ProjectBased_DetectCodeSimilar/code-sim/results/formal-v1/batch3/pairs/R00541/right/Main.java
R00542,s904940465.java,p02725,/Users/liuziqi/Documents/西大Graduate/Project_base/Code/Meng_ProjectBased_DetectCodeSimilar/code-sim/results/formal-v1/batch3/pairs/R00542/left/Main.java,/Users/liuziqi/Documents/西大Graduate/Project_base/Code/Meng_ProjectBased_DetectCodeSimilar/code-sim/results/formal-v1/batch3/pairs/R00542/right/Main.java
R00543,s433309207.java,p02687,/Users/liuziqi/Documents/西大Graduate/Project_base/Code/Meng_ProjectBased_DetectCodeSimilar/code-sim/results/formal-v1/batch3/pairs/R00543/left/Main.java,/Users/liuziqi/Documents/西大Graduate/Project_base/Code/Meng_ProjectBased_DetectCodeSimilar/code-sim/results/formal-v1/batch3/pairs/R00543/right/Main.java
R00544,s882675024.java,p04044,/Users/liuziqi/Documents/西大Graduate/Project_base/Code/Meng_ProjectBased_DetectCodeSimilar/code-sim/results/formal-v1/batch3/pairs/R00544/left/Main.java,/Users/liuziqi/Documents/西大Graduate/Project_base/Code/Meng_ProjectBased_DetectCodeSimilar/code-sim/results/formal-v1/batch3/pairs/R00544/right/Main.java
R00545,s733116077.java,p02712,/Users/liuziqi/Documents/西大Graduate/Project_base/Code/Meng_ProjectBased_DetectCodeSimilar/code-sim/results/formal-v1/batch3/pairs/R00545/left/Main.java,/Users/liuziqi/Documents/西大Graduate/Project_base/Code/Meng_ProjectBased_DetectCodeSimilar/code-sim/results/formal-v1/batch3/pairs/R00545/right/Main.java
R00546,s529109076.java,p02725,/Users/liuziqi/Documents/西大Graduate/Project_base/Code/Meng_ProjectBased_DetectCodeSimilar/code-sim/results/formal-v1/batch3/pairs/R00546/left/Main.java,/Users/liuziqi/Documents/西大Graduate/Project_base/Code/Meng_ProjectBased_DetectCodeSimilar/code-sim/results/formal-v1/batch3/pairs/R00546/right/Main.java
R00547,s527382352.java,p03835,/Users/liuziqi/Documents/西大Graduate/Project_base/Code/Meng_ProjectBased_DetectCodeSimilar/code-sim/results/formal-v1/batch3/pairs/R00547/left/Main.java,/Users/liuziqi/Documents/西大Graduate/Project_base/Code/Meng_ProjectBased_DetectCodeSimilar/code-sim/results/formal-v1/batch3/pairs/R00547/right/Main.java
R00548,s133771064.java,p03041,/Users/liuziqi/Documents/西大Graduate/Project_base/Code/Meng_ProjectBased_DetectCodeSimilar/code-sim/results/formal-v1/batch3/pairs/R00548/left/Main.java,/Users/liuziqi/Documents/西大Graduate/Project_base/Code/Meng_ProjectBased_DetectCodeSimilar/code-sim/results/formal-v1/batch3/pairs/R00548/right/Main.java
R00549,s671354146.java,p02832,/Users/liuziqi/Documents/西大Graduate/Project_base/Code/Meng_ProjectBased_DetectCodeSimilar/code-sim/results/formal-v1/batch3/pairs/R00549/left/Main.java,/Users/liuziqi/Documents/西大Graduate/Project_base/Code/Meng_ProjectBased_DetectCodeSimilar/code-sim/results/formal-v1/batch3/pairs/R00549/right/Main.java
R00550,s132920152.java,p02983,/Users/liuziqi/Documents/西大Graduate/Project_base/Code/Meng_ProjectBased_DetectCodeSimilar/code-sim/results/formal-v1/batch3/pairs/R00550/left/Main.java,/Users/liuziqi/Documents/西大Graduate/Project_base/Code/Meng_ProjectBased_DetectCodeSimilar/code-sim/results/formal-v1/batch3/pairs/R00550/right/Main.java
R00551,s469743225.java,p02773,/Users/liuziqi/Documents/西大Graduate/Project_base/Code/Meng_ProjectBased_DetectCodeSimilar/code-sim/results/formal-v1/batch3/pairs/R00551/left/Main.java,/Users/liuziqi/Documents/西大Graduate/Project_base/Code/Meng_ProjectBased_DetectCodeSimilar/code-sim/results/formal-v1/batch3/pairs/R00551/right/Main.java
R00552,s394159681.java,p03000,/Users/liuziqi/Documents/西大Graduate/Project_base/Code/Meng_ProjectBased_DetectCodeSimilar/code-sim/results/formal-v1/batch3/pairs/R00552/left/Main.java,/Users/liuziqi/Documents/西大Graduate/Project_base/Code/Meng_ProjectBased_DetectCodeSimilar/code-sim/results/formal-v1/batch3/pairs/R00552/right/Main.java
R00553,s163001651.java,p02717,/Users/liuziqi/Documents/西大Graduate/Project_base/Code/Meng_ProjectBased_DetectCodeSimilar/code-sim/results/formal-v1/batch3/pairs/R00553/left/Main.java,/Users/liuziqi/Documents/西大Graduate/Project_base/Code/Meng_ProjectBased_DetectCodeSimilar/code-sim/results/formal-v1/batch3/pairs/R00553/right/Main.java
R00554,s320532796.java,p03073,/Users/liuziqi/Documents/西大Graduate/Project_base/Code/Meng_ProjectBased_DetectCodeSimilar/code-sim/results/formal-v1/batch3/pairs/R00554/left/Main.java,/Users/liuziqi/Documents/西大Graduate/Project_base/Code/Meng_ProjectBased_DetectCodeSimilar/code-sim/results/formal-v1/batch3/pairs/R00554/right/Main.java
R00555,s740885547.java,p03000,/Users/liuziqi/Documents/西大Graduate/Project_base/Code/Meng_ProjectBased_DetectCodeSimilar/code-sim/results/formal-v1/batch3/pairs/R00555/left/Main.java,/Users/liuziqi/Documents/西大Graduate/Project_base/Code/Meng_ProjectBased_DetectCodeSimilar/code-sim/results/formal-v1/batch3/pairs/R00555/right/Main.java
R00556,s098604248.java,p02707,/Users/liuziqi/Documents/西大Graduate/Project_base/Code/Meng_ProjectBased_DetectCodeSimilar/code-sim/results/formal-v1/batch3/pairs/R00556/left/Main.java,/Users/liuziqi/Documents/西大Graduate/Project_base/Code/Meng_ProjectBased_DetectCodeSimilar/code-sim/results/formal-v1/batch3/pairs/R00556/right/Main.java
R00557,s473280834.java,p02772,/Users/liuziqi/Documents/西大Graduate/Project_base/Code/Meng_ProjectBased_DetectCodeSimilar/code-sim/results/formal-v1/batch3/pairs/R00557/left/Main.java,/Users/liuziqi/Documents/西大Graduate/Project_base/Code/Meng_ProjectBased_DetectCodeSimilar/code-sim/results/formal-v1/batch3/pairs/R00557/right/Main.java
R00558,s573774141.java,p03071,/Users/liuziqi/Documents/西大Graduate/Project_base/Code/Meng_ProjectBased_DetectCodeSimilar/code-sim/results/formal-v1/batch3/pairs/R00558/left/Main.java,/Users/liuziqi/Documents/西大Graduate/Project_base/Code/Meng_ProjectBased_DetectCodeSimilar/code-sim/results/formal-v1/batch3/pairs/R00558/right/Main.java
R00559,s494620980.java,p02413,/Users/liuziqi/Documents/西大Graduate/Project_base/Code/Meng_ProjectBased_DetectCodeSimilar/code-sim/results/formal-v1/batch3/pairs/R00559/left/Main.java,/Users/liuziqi/Documents/西大Graduate/Project_base/Code/Meng_ProjectBased_DetectCodeSimilar/code-sim/results/formal-v1/batch3/pairs/R00559/right/Main.java
R00560,s185041684.java,p03325,/Users/liuziqi/Documents/西大Graduate/Project_base/Code/Meng_ProjectBased_DetectCodeSimilar/code-sim/results/formal-v1/batch3/pairs/R00560/left/Main.java,/Users/liuziqi/Documents/西大Graduate/Project_base/Code/Meng_ProjectBased_DetectCodeSimilar/code-sim/results/formal-v1/batch3/pairs/R00560/right/Main.java
R00561,s879239594.java,p02959,/Users/liuziqi/Documents/西大Graduate/Project_base/Code/Meng_ProjectBased_DetectCodeSimilar/code-sim/results/formal-v1/batch3/pairs/R00561/left/Main.java,/Users/liuziqi/Documents/西大Graduate/Project_base/Code/Meng_ProjectBased_DetectCodeSimilar/code-sim/results/formal-v1/batch3/pairs/R00561/right/Main.java
R00562,s146694455.java,p03000,/Users/liuziqi/Documents/西大Graduate/Project_base/Code/Meng_ProjectBased_DetectCodeSimilar/code-sim/results/formal-v1/batch3/pairs/R00562/left/Main.java,/Users/liuziqi/Documents/西大Graduate/Project_base/Code/Meng_ProjectBased_DetectCodeSimilar/code-sim/results/formal-v1/batch3/pairs/R00562/right/Main.java
R00563,s734294963.java,p03695,/Users/liuziqi/Documents/西大Graduate/Project_base/Code/Meng_ProjectBased_DetectCodeSimilar/code-sim/results/formal-v1/batch3/pairs/R00563/left/Main.java,/Users/liuziqi/Documents/西大Graduate/Project_base/Code/Meng_ProjectBased_DetectCodeSimilar/code-sim/results/formal-v1/batch3/pairs/R00563/right/Main.java
R00564,s477835669.java,p02417,/Users/liuziqi/Documents/西大Graduate/Project_base/Code/Meng_ProjectBased_DetectCodeSimilar/code-sim/results/formal-v1/batch3/pairs/R00564/left/Main.java,/Users/liuziqi/Documents/西大Graduate/Project_base/Code/Meng_ProjectBased_DetectCodeSimilar/code-sim/results/formal-v1/batch3/pairs/R00564/right/Main.java
R00565,s536313375.java,p03435,/Users/liuziqi/Documents/西大Graduate/Project_base/Code/Meng_ProjectBased_DetectCodeSimilar/code-sim/results/formal-v1/batch3/pairs/R00565/left/Main.java,/Users/liuziqi/Documents/西大Graduate/Project_base/Code/Meng_ProjectBased_DetectCodeSimilar/code-sim/results/formal-v1/batch3/pairs/R00565/right/Main.java
R00566,s867975401.java,p02413,/Users/liuziqi/Documents/西大Graduate/Project_base/Code/Meng_ProjectBased_DetectCodeSimilar/code-sim/results/formal-v1/batch3/pairs/R00566/left/Main.java,/Users/liuziqi/Documents/西大Graduate/Project_base/Code/Meng_ProjectBased_DetectCodeSimilar/code-sim/results/formal-v1/batch3/pairs/R00566/right/Main.java
R00567,s521472446.java,p03449,/Users/liuziqi/Documents/西大Graduate/Project_base/Code/Meng_ProjectBased_DetectCodeSimilar/code-sim/results/formal-v1/batch3/pairs/R00567/left/Main.java,/Users/liuziqi/Documents/西大Graduate/Project_base/Code/Meng_ProjectBased_DetectCodeSimilar/code-sim/results/formal-v1/batch3/pairs/R00567/right/Main.java
R00568,s085039368.java,p02947,/Users/liuziqi/Documents/西大Graduate/Project_base/Code/Meng_ProjectBased_DetectCodeSimilar/code-sim/results/formal-v1/batch3/pairs/R00568/left/Main.java,/Users/liuziqi/Documents/西大Graduate/Project_base/Code/Meng_ProjectBased_DetectCodeSimilar/code-sim/results/formal-v1/batch3/pairs/R00568/right/Main.java
R00569,s811105381.java,p02899,/Users/liuziqi/Documents/西大Graduate/Project_base/Code/Meng_ProjectBased_DetectCodeSimilar/code-sim/results/formal-v1/batch3/pairs/R00569/left/Main.java,/Users/liuziqi/Documents/西大Graduate/Project_base/Code/Meng_ProjectBased_DetectCodeSimilar/code-sim/results/formal-v1/batch3/pairs/R00569/right/Main.java
R00570,s175950143.java,p03147,/Users/liuziqi/Documents/西大Graduate/Project_base/Code/Meng_ProjectBased_DetectCodeSimilar/code-sim/results/formal-v1/batch3/pairs/R00570/left/Main.java,/Users/liuziqi/Documents/西大Graduate/Project_base/Code/Meng_ProjectBased_DetectCodeSimilar/code-sim/results/formal-v1/batch3/pairs/R00570/right/Main.java
R00571,s681261598.java,p02414,/Users/liuziqi/Documents/西大Graduate/Project_base/Code/Meng_ProjectBased_DetectCodeSimilar/code-sim/results/formal-v1/batch3/pairs/R00571/left/Main.java,/Users/liuziqi/Documents/西大Graduate/Project_base/Code/Meng_ProjectBased_DetectCodeSimilar/code-sim/results/formal-v1/batch3/pairs/R00571/right/Main.java
R00572,s549738658.java,p02832,/Users/liuziqi/Documents/西大Graduate/Project_base/Code/Meng_ProjectBased_DetectCodeSimilar/code-sim/results/formal-v1/batch3/pairs/R00572/left/Main.java,/Users/liuziqi/Documents/西大Graduate/Project_base/Code/Meng_ProjectBased_DetectCodeSimilar/code-sim/results/formal-v1/batch3/pairs/R00572/right/Main.java
R00573,s965061253.java,p02613,/Users/liuziqi/Documents/西大Graduate/Project_base/Code/Meng_ProjectBased_DetectCodeSimilar/code-sim/results/formal-v1/batch3/pairs/R00573/left/Main.java,/Users/liuziqi/Documents/西大Graduate/Project_base/Code/Meng_ProjectBased_DetectCodeSimilar/code-sim/results/formal-v1/batch3/pairs/R00573/right/Main.java
R00574,s659414306.java,p03037,/Users/liuziqi/Documents/西大Graduate/Project_base/Code/Meng_ProjectBased_DetectCodeSimilar/code-sim/results/formal-v1/batch3/pairs/R00574/left/Main.java,/Users/liuziqi/Documents/西大Graduate/Project_base/Code/Meng_ProjectBased_DetectCodeSimilar/code-sim/results/formal-v1/batch3/pairs/R00574/right/Main.java
R00575,s912974852.java,p04012,/Users/liuziqi/Documents/西大Graduate/Project_base/Code/Meng_ProjectBased_DetectCodeSimilar/code-sim/results/formal-v1/batch3/pairs/R00575/left/Main.java,/Users/liuziqi/Documents/西大Graduate/Project_base/Code/Meng_ProjectBased_DetectCodeSimilar/code-sim/results/formal-v1/batch3/pairs/R00575/right/Main.java
R00576,s266546479.java,p02887,/Users/liuziqi/Documents/西大Graduate/Project_base/Code/Meng_ProjectBased_DetectCodeSimilar/code-sim/results/formal-v1/batch3/pairs/R00576/left/Main.java,/Users/liuziqi/Documents/西大Graduate/Project_base/Code/Meng_ProjectBased_DetectCodeSimilar/code-sim/results/formal-v1/batch3/pairs/R00576/right/Main.java
R00577,s588785822.java,p03471,/Users/liuziqi/Documents/西大Graduate/Project_base/Code/Meng_ProjectBased_DetectCodeSimilar/code-sim/results/formal-v1/batch3/pairs/R00577/left/Main.java,/Users/liuziqi/Documents/西大Graduate/Project_base/Code/Meng_ProjectBased_DetectCodeSimilar/code-sim/results/formal-v1/batch3/pairs/R00577/right/Main.java
R00578,s078464359.java,p02916,/Users/liuziqi/Documents/西大Graduate/Project_base/Code/Meng_ProjectBased_DetectCodeSimilar/code-sim/results/formal-v1/batch3/pairs/R00578/left/Main.java,/Users/liuziqi/Documents/西大Graduate/Project_base/Code/Meng_ProjectBased_DetectCodeSimilar/code-sim/results/formal-v1/batch3/pairs/R00578/right/Main.java
R00579,s621972263.java,p02268,/Users/liuziqi/Documents/西大Graduate/Project_base/Code/Meng_ProjectBased_DetectCodeSimilar/code-sim/results/formal-v1/batch3/pairs/R00579/left/Main.java,/Users/liuziqi/Documents/西大Graduate/Project_base/Code/Meng_ProjectBased_DetectCodeSimilar/code-sim/results/formal-v1/batch3/pairs/R00579/right/Main.java
R00580,s127761876.java,p02402,/Users/liuziqi/Documents/西大Graduate/Project_base/Code/Meng_ProjectBased_DetectCodeSimilar/code-sim/results/formal-v1/batch3/pairs/R00580/left/Main.java,/Users/liuziqi/Documents/西大Graduate/Project_base/Code/Meng_ProjectBased_DetectCodeSimilar/code-sim/results/formal-v1/batch3/pairs/R00580/right/Main.java
R00581,s847313992.java,p03695,/Users/liuziqi/Documents/西大Graduate/Project_base/Code/Meng_ProjectBased_DetectCodeSimilar/code-sim/results/formal-v1/batch3/pairs/R00581/left/Main.java,/Users/liuziqi/Documents/西大Graduate/Project_base/Code/Meng_ProjectBased_DetectCodeSimilar/code-sim/results/formal-v1/batch3/pairs/R00581/right/Main.java
R00582,s176660881.java,p02258,/Users/liuziqi/Documents/西大Graduate/Project_base/Code/Meng_ProjectBased_DetectCodeSimilar/code-sim/results/formal-v1/batch3/pairs/R00582/left/Main.java,/Users/liuziqi/Documents/西大Graduate/Project_base/Code/Meng_ProjectBased_DetectCodeSimilar/code-sim/results/formal-v1/batch3/pairs/R00582/right/Main.java
R00583,s562775516.java,p03471,/Users/liuziqi/Documents/西大Graduate/Project_base/Code/Meng_ProjectBased_DetectCodeSimilar/code-sim/results/formal-v1/batch3/pairs/R00583/left/Main.java,/Users/liuziqi/Documents/西大Graduate/Project_base/Code/Meng_ProjectBased_DetectCodeSimilar/code-sim/results/formal-v1/batch3/pairs/R00583/right/Main.java
R00584,s211618282.java,p03160,/Users/liuziqi/Documents/西大Graduate/Project_base/Code/Meng_ProjectBased_DetectCodeSimilar/code-sim/results/formal-v1/batch3/pairs/R00584/left/Main.java,/Users/liuziqi/Documents/西大Graduate/Project_base/Code/Meng_ProjectBased_DetectCodeSimilar/code-sim/results/formal-v1/batch3/pairs/R00584/right/Main.java
R00585,s659551221.java,p02767,/Users/liuziqi/Documents/西大Graduate/Project_base/Code/Meng_ProjectBased_DetectCodeSimilar/code-sim/results/formal-v1/batch3/pairs/R00585/left/Main.java,/Users/liuziqi/Documents/西大Graduate/Project_base/Code/Meng_ProjectBased_DetectCodeSimilar/code-sim/results/formal-v1/batch3/pairs/R00585/right/Main.java
R00586,s782485491.java,p02700,/Users/liuziqi/Documents/西大Graduate/Project_base/Code/Meng_ProjectBased_DetectCodeSimilar/code-sim/results/formal-v1/batch3/pairs/R00586/left/Main.java,/Users/liuziqi/Documents/西大Graduate/Project_base/Code/Meng_ProjectBased_DetectCodeSimilar/code-sim/results/formal-v1/batch3/pairs/R00586/right/Main.java
R00587,s293965678.java,p02953,/Users/liuziqi/Documents/西大Graduate/Project_base/Code/Meng_ProjectBased_DetectCodeSimilar/code-sim/results/formal-v1/batch3/pairs/R00587/left/Main.java,/Users/liuziqi/Documents/西大Graduate/Project_base/Code/Meng_ProjectBased_DetectCodeSimilar/code-sim/results/formal-v1/batch3/pairs/R00587/right/Main.java
R00588,s287773655.java,p02790,/Users/liuziqi/Documents/西大Graduate/Project_base/Code/Meng_ProjectBased_DetectCodeSimilar/code-sim/results/formal-v1/batch3/pairs/R00588/left/Main.java,/Users/liuziqi/Documents/西大Graduate/Project_base/Code/Meng_ProjectBased_DetectCodeSimilar/code-sim/results/formal-v1/batch3/pairs/R00588/right/Main.java
R00589,s550807611.java,p03720,/Users/liuziqi/Documents/西大Graduate/Project_base/Code/Meng_ProjectBased_DetectCodeSimilar/code-sim/results/formal-v1/batch3/pairs/R00589/left/Main.java,/Users/liuziqi/Documents/西大Graduate/Project_base/Code/Meng_ProjectBased_DetectCodeSimilar/code-sim/results/formal-v1/batch3/pairs/R00589/right/Main.java
R00590,s784199544.java,p02767,/Users/liuziqi/Documents/西大Graduate/Project_base/Code/Meng_ProjectBased_DetectCodeSimilar/code-sim/results/formal-v1/batch3/pairs/R00590/left/Main.java,/Users/liuziqi/Documents/西大Graduate/Project_base/Code/Meng_ProjectBased_DetectCodeSimilar/code-sim/results/formal-v1/batch3/pairs/R00590/right/Main.java
R00591,s593105880.java,p02959,/Users/liuziqi/Documents/西大Graduate/Project_base/Code/Meng_ProjectBased_DetectCodeSimilar/code-sim/results/formal-v1/batch3/pairs/R00591/left/Main.java,/Users/liuziqi/Documents/西大Graduate/Project_base/Code/Meng_ProjectBased_DetectCodeSimilar/code-sim/results/formal-v1/batch3/pairs/R00591/right/Main.java
R00592,s077778015.java,p02987,/Users/liuziqi/Documents/西大Graduate/Project_base/Code/Meng_ProjectBased_DetectCodeSimilar/code-sim/results/formal-v1/batch3/pairs/R00592/left/Main.java,/Users/liuziqi/Documents/西大Graduate/Project_base/Code/Meng_ProjectBased_DetectCodeSimilar/code-sim/results/formal-v1/batch3/pairs/R00592/right/Main.java
R00593,s822181212.java,p03161,/Users/liuziqi/Documents/西大Graduate/Project_base/Code/Meng_ProjectBased_DetectCodeSimilar/code-sim/results/formal-v1/batch3/pairs/R00593/left/Main.java,/Users/liuziqi/Documents/西大Graduate/Project_base/Code/Meng_ProjectBased_DetectCodeSimilar/code-sim/results/formal-v1/batch3/pairs/R00593/right/Main.java
R00594,s143545332.java,p02675,/Users/liuziqi/Documents/西大Graduate/Project_base/Code/Meng_ProjectBased_DetectCodeSimilar/code-sim/results/formal-v1/batch3/pairs/R00594/left/Main.java,/Users/liuziqi/Documents/西大Graduate/Project_base/Code/Meng_ProjectBased_DetectCodeSimilar/code-sim/results/formal-v1/batch3/pairs/R00594/right/Main.java
R00595,s167135598.java,p03775,/Users/liuziqi/Documents/西大Graduate/Project_base/Code/Meng_ProjectBased_DetectCodeSimilar/code-sim/results/formal-v1/batch3/pairs/R00595/left/Main.java,/Users/liuziqi/Documents/西大Graduate/Project_base/Code/Meng_ProjectBased_DetectCodeSimilar/code-sim/results/formal-v1/batch3/pairs/R00595/right/Main.java
R00596,s682330611.java,p03000,/Users/liuziqi/Documents/西大Graduate/Project_base/Code/Meng_ProjectBased_DetectCodeSimilar/code-sim/results/formal-v1/batch3/pairs/R00596/left/Main.java,/Users/liuziqi/Documents/西大Graduate/Project_base/Code/Meng_ProjectBased_DetectCodeSimilar/code-sim/results/formal-v1/batch3/pairs/R00596/right/Main.java
R00597,s612259545.java,p02612,/Users/liuziqi/Documents/西大Graduate/Project_base/Code/Meng_ProjectBased_DetectCodeSimilar/code-sim/results/formal-v1/batch3/pairs/R00597/left/Main.java,/Users/liuziqi/Documents/西大Graduate/Project_base/Code/Meng_ProjectBased_DetectCodeSimilar/code-sim/results/formal-v1/batch3/pairs/R00597/right/Main.java
R00598,s064803635.java,p02417,/Users/liuziqi/Documents/西大Graduate/Project_base/Code/Meng_ProjectBased_DetectCodeSimilar/code-sim/results/formal-v1/batch3/pairs/R00598/left/Main.java,/Users/liuziqi/Documents/西大Graduate/Project_base/Code/Meng_ProjectBased_DetectCodeSimilar/code-sim/results/formal-v1/batch3/pairs/R00598/right/Main.java
R00599,s258493129.java,p03370,/Users/liuziqi/Documents/西大Graduate/Project_base/Code/Meng_ProjectBased_DetectCodeSimilar/code-sim/results/formal-v1/batch3/pairs/R00599/left/Main.java,/Users/liuziqi/Documents/西大Graduate/Project_base/Code/Meng_ProjectBased_DetectCodeSimilar/code-sim/results/formal-v1/batch3/pairs/R00599/right/Main.java
R00600,s427673347.java,p02406,/Users/liuziqi/Documents/西大Graduate/Project_base/Code/Meng_ProjectBased_DetectCodeSimilar/code-sim/results/formal-v1/batch3/pairs/R00600/left/Main.java,/Users/liuziqi/Documents/西大Graduate/Project_base/Code/Meng_ProjectBased_DetectCodeSimilar/code-sim/results/formal-v1/batch3/pairs/R00600/right/Main.java
R00601,s880880329.java,p02547,/Users/liuziqi/Documents/西大Graduate/Project_base/Code/Meng_ProjectBased_DetectCodeSimilar/code-sim/results/formal-v1/batch3/pairs/R00601/left/Main.java,/Users/liuziqi/Documents/西大Graduate/Project_base/Code/Meng_ProjectBased_DetectCodeSimilar/code-sim/results/formal-v1/batch3/pairs/R00601/right/Main.java
R00602,s778429893.java,p02718,/Users/liuziqi/Documents/西大Graduate/Project_base/Code/Meng_ProjectBased_DetectCodeSimilar/code-sim/results/formal-v1/batch3/pairs/R00602/left/Main.java,/Users/liuziqi/Documents/西大Graduate/Project_base/Code/Meng_ProjectBased_DetectCodeSimilar/code-sim/results/formal-v1/batch3/pairs/R00602/right/Main.java
R00603,s595144976.java,p02718,/Users/liuziqi/Documents/西大Graduate/Project_base/Code/Meng_ProjectBased_DetectCodeSimilar/code-sim/results/formal-v1/batch3/pairs/R00603/left/Main.java,/Users/liuziqi/Documents/西大Graduate/Project_base/Code/Meng_ProjectBased_DetectCodeSimilar/code-sim/results/formal-v1/batch3/pairs/R00603/right/Main.java
R00604,s004462337.java,p03037,/Users/liuziqi/Documents/西大Graduate/Project_base/Code/Meng_ProjectBased_DetectCodeSimilar/code-sim/results/formal-v1/batch3/pairs/R00604/left/Main.java,/Users/liuziqi/Documents/西大Graduate/Project_base/Code/Meng_ProjectBased_DetectCodeSimilar/code-sim/results/formal-v1/batch3/pairs/R00604/right/Main.java
R00605,s780442180.java,p02693,/Users/liuziqi/Documents/西大Graduate/Project_base/Code/Meng_ProjectBased_DetectCodeSimilar/code-sim/results/formal-v1/batch3/pairs/R00605/left/Main.java,/Users/liuziqi/Documents/西大Graduate/Project_base/Code/Meng_ProjectBased_DetectCodeSimilar/code-sim/results/formal-v1/batch3/pairs/R00605/right/Main.java
R00606,s210439350.java,p00001,/Users/liuziqi/Documents/西大Graduate/Project_base/Code/Meng_ProjectBased_DetectCodeSimilar/code-sim/results/formal-v1/batch3/pairs/R00606/left/Main.java,/Users/liuziqi/Documents/西大Graduate/Project_base/Code/Meng_ProjectBased_DetectCodeSimilar/code-sim/results/formal-v1/batch3/pairs/R00606/right/Main.java
R00607,s332156994.java,p03086,/Users/liuziqi/Documents/西大Graduate/Project_base/Code/Meng_ProjectBased_DetectCodeSimilar/code-sim/results/formal-v1/batch3/pairs/R00607/left/Main.java,/Users/liuziqi/Documents/西大Graduate/Project_base/Code/Meng_ProjectBased_DetectCodeSimilar/code-sim/results/formal-v1/batch3/pairs/R00607/right/Main.java
R00608,s893815124.java,p02256,/Users/liuziqi/Documents/西大Graduate/Project_base/Code/Meng_ProjectBased_DetectCodeSimilar/code-sim/results/formal-v1/batch3/pairs/R00608/left/Main.java,/Users/liuziqi/Documents/西大Graduate/Project_base/Code/Meng_ProjectBased_DetectCodeSimilar/code-sim/results/formal-v1/batch3/pairs/R00608/right/Main.java
R00609,s197373821.java,p02413,/Users/liuziqi/Documents/西大Graduate/Project_base/Code/Meng_ProjectBased_DetectCodeSimilar/code-sim/results/formal-v1/batch3/pairs/R00609/left/Main.java,/Users/liuziqi/Documents/西大Graduate/Project_base/Code/Meng_ProjectBased_DetectCodeSimilar/code-sim/results/formal-v1/batch3/pairs/R00609/right/Main.java
R00610,s745104432.java,p02916,/Users/liuziqi/Documents/西大Graduate/Project_base/Code/Meng_ProjectBased_DetectCodeSimilar/code-sim/results/formal-v1/batch3/pairs/R00610/left/Main.java,/Users/liuziqi/Documents/西大Graduate/Project_base/Code/Meng_ProjectBased_DetectCodeSimilar/code-sim/results/formal-v1/batch3/pairs/R00610/right/Main.java
R00611,s827544239.java,p03720,/Users/liuziqi/Documents/西大Graduate/Project_base/Code/Meng_ProjectBased_DetectCodeSimilar/code-sim/results/formal-v1/batch3/pairs/R00611/left/Main.java,/Users/liuziqi/Documents/西大Graduate/Project_base/Code/Meng_ProjectBased_DetectCodeSimilar/code-sim/results/formal-v1/batch3/pairs/R00611/right/Main.java
R00612,s602454263.java,p02916,/Users/liuziqi/Documents/西大Graduate/Project_base/Code/Meng_ProjectBased_DetectCodeSimilar/code-sim/results/formal-v1/batch3/pairs/R00612/left/Main.java,/Users/liuziqi/Documents/西大Graduate/Project_base/Code/Meng_ProjectBased_DetectCodeSimilar/code-sim/results/formal-v1/batch3/pairs/R00612/right/Main.java
R00613,s236359745.java,p02771,/Users/liuziqi/Documents/西大Graduate/Project_base/Code/Meng_ProjectBased_DetectCodeSimilar/code-sim/results/formal-v1/batch3/pairs/R00613/left/Main.java,/Users/liuziqi/Documents/西大Graduate/Project_base/Code/Meng_ProjectBased_DetectCodeSimilar/code-sim/results/formal-v1/batch3/pairs/R00613/right/Main.java
R00614,s022886137.java,p02711,/Users/liuziqi/Documents/西大Graduate/Project_base/Code/Meng_ProjectBased_DetectCodeSimilar/code-sim/results/formal-v1/batch3/pairs/R00614/left/Main.java,/Users/liuziqi/Documents/西大Graduate/Project_base/Code/Meng_ProjectBased_DetectCodeSimilar/code-sim/results/formal-v1/batch3/pairs/R00614/right/Main.java
R00615,s790102553.java,p03371,/Users/liuziqi/Documents/西大Graduate/Project_base/Code/Meng_ProjectBased_DetectCodeSimilar/code-sim/results/formal-v1/batch3/pairs/R00615/left/Main.java,/Users/liuziqi/Documents/西大Graduate/Project_base/Code/Meng_ProjectBased_DetectCodeSimilar/code-sim/results/formal-v1/batch3/pairs/R00615/right/Main.java
R00616,s374951900.java,p03854,/Users/liuziqi/Documents/西大Graduate/Project_base/Code/Meng_ProjectBased_DetectCodeSimilar/code-sim/results/formal-v1/batch3/pairs/R00616/left/Main.java,/Users/liuziqi/Documents/西大Graduate/Project_base/Code/Meng_ProjectBased_DetectCodeSimilar/code-sim/results/formal-v1/batch3/pairs/R00616/right/Main.java
R00617,s350713478.java,p02982,/Users/liuziqi/Documents/西大Graduate/Project_base/Code/Meng_ProjectBased_DetectCodeSimilar/code-sim/results/formal-v1/batch3/pairs/R00617/left/Main.java,/Users/liuziqi/Documents/西大Graduate/Project_base/Code/Meng_ProjectBased_DetectCodeSimilar/code-sim/results/formal-v1/batch3/pairs/R00617/right/Main.java
R00618,s698656004.java,p02706,/Users/liuziqi/Documents/西大Graduate/Project_base/Code/Meng_ProjectBased_DetectCodeSimilar/code-sim/results/formal-v1/batch3/pairs/R00618/left/Main.java,/Users/liuziqi/Documents/西大Graduate/Project_base/Code/Meng_ProjectBased_DetectCodeSimilar/code-sim/results/formal-v1/batch3/pairs/R00618/right/Main.java
R00619,s565989895.java,p03378,/Users/liuziqi/Documents/西大Graduate/Project_base/Code/Meng_ProjectBased_DetectCodeSimilar/code-sim/results/formal-v1/batch3/pairs/R00619/left/Main.java,/Users/liuziqi/Documents/西大Graduate/Project_base/Code/Meng_ProjectBased_DetectCodeSimilar/code-sim/results/formal-v1/batch3/pairs/R00619/right/Main.java
R00620,s802205400.java,p02959,/Users/liuziqi/Documents/西大Graduate/Project_base/Code/Meng_ProjectBased_DetectCodeSimilar/code-sim/results/formal-v1/batch3/pairs/R00620/left/Main.java,/Users/liuziqi/Documents/西大Graduate/Project_base/Code/Meng_ProjectBased_DetectCodeSimilar/code-sim/results/formal-v1/batch3/pairs/R00620/right/Main.java
R00621,s790933124.java,p02729,/Users/liuziqi/Documents/西大Graduate/Project_base/Code/Meng_ProjectBased_DetectCodeSimilar/code-sim/results/formal-v1/batch3/pairs/R00621/left/Main.java,/Users/liuziqi/Documents/西大Graduate/Project_base/Code/Meng_ProjectBased_DetectCodeSimilar/code-sim/results/formal-v1/batch3/pairs/R00621/right/Main.java
R00622,s602902944.java,p02414,/Users/liuziqi/Documents/西大Graduate/Project_base/Code/Meng_ProjectBased_DetectCodeSimilar/code-sim/results/formal-v1/batch3/pairs/R00622/left/Main.java,/Users/liuziqi/Documents/西大Graduate/Project_base/Code/Meng_ProjectBased_DetectCodeSimilar/code-sim/results/formal-v1/batch3/pairs/R00622/right/Main.java
R00623,s994795200.java,p02771,/Users/liuziqi/Documents/西大Graduate/Project_base/Code/Meng_ProjectBased_DetectCodeSimilar/code-sim/results/formal-v1/batch3/pairs/R00623/left/Main.java,/Users/liuziqi/Documents/西大Graduate/Project_base/Code/Meng_ProjectBased_DetectCodeSimilar/code-sim/results/formal-v1/batch3/pairs/R00623/right/Main.java
R00624,s921691172.java,p02693,/Users/liuziqi/Documents/西大Graduate/Project_base/Code/Meng_ProjectBased_DetectCodeSimilar/code-sim/results/formal-v1/batch3/pairs/R00624/left/Main.java,/Users/liuziqi/Documents/西大Graduate/Project_base/Code/Meng_ProjectBased_DetectCodeSimilar/code-sim/results/formal-v1/batch3/pairs/R00624/right/Main.java
R00625,s612344580.java,p02641,/Users/liuziqi/Documents/西大Graduate/Project_base/Code/Meng_ProjectBased_DetectCodeSimilar/code-sim/results/formal-v1/batch3/pairs/R00625/left/Main.java,/Users/liuziqi/Documents/西大Graduate/Project_base/Code/Meng_ProjectBased_DetectCodeSimilar/code-sim/results/formal-v1/batch3/pairs/R00625/right/Main.java
R00626,s837012014.java,p02640,/Users/liuziqi/Documents/西大Graduate/Project_base/Code/Meng_ProjectBased_DetectCodeSimilar/code-sim/results/formal-v1/batch3/pairs/R00626/left/Main.java,/Users/liuziqi/Documents/西大Graduate/Project_base/Code/Meng_ProjectBased_DetectCodeSimilar/code-sim/results/formal-v1/batch3/pairs/R00626/right/Main.java
R00627,s584720499.java,p02613,/Users/liuziqi/Documents/西大Graduate/Project_base/Code/Meng_ProjectBased_DetectCodeSimilar/code-sim/results/formal-v1/batch3/pairs/R00627/left/Main.java,/Users/liuziqi/Documents/西大Graduate/Project_base/Code/Meng_ProjectBased_DetectCodeSimilar/code-sim/results/formal-v1/batch3/pairs/R00627/right/Main.java
R00628,s230194556.java,p02730,/Users/liuziqi/Documents/西大Graduate/Project_base/Code/Meng_ProjectBased_DetectCodeSimilar/code-sim/results/formal-v1/batch3/pairs/R00628/left/Main.java,/Users/liuziqi/Documents/西大Graduate/Project_base/Code/Meng_ProjectBased_DetectCodeSimilar/code-sim/results/formal-v1/batch3/pairs/R00628/right/Main.java
R00629,s462358913.java,p02848,/Users/liuziqi/Documents/西大Graduate/Project_base/Code/Meng_ProjectBased_DetectCodeSimilar/code-sim/results/formal-v1/batch3/pairs/R00629/left/Main.java,/Users/liuziqi/Documents/西大Graduate/Project_base/Code/Meng_ProjectBased_DetectCodeSimilar/code-sim/results/formal-v1/batch3/pairs/R00629/right/Main.java
R00630,s082625807.java,p02994,/Users/liuziqi/Documents/西大Graduate/Project_base/Code/Meng_ProjectBased_DetectCodeSimilar/code-sim/results/formal-v1/batch3/pairs/R00630/left/Main.java,/Users/liuziqi/Documents/西大Graduate/Project_base/Code/Meng_ProjectBased_DetectCodeSimilar/code-sim/results/formal-v1/batch3/pairs/R00630/right/Main.java
R00631,s008139190.java,p03370,/Users/liuziqi/Documents/西大Graduate/Project_base/Code/Meng_ProjectBased_DetectCodeSimilar/code-sim/results/formal-v1/batch3/pairs/R00631/left/Main.java,/Users/liuziqi/Documents/西大Graduate/Project_base/Code/Meng_ProjectBased_DetectCodeSimilar/code-sim/results/formal-v1/batch3/pairs/R00631/right/Main.java
R00632,s715613041.java,p02953,/Users/liuziqi/Documents/西大Graduate/Project_base/Code/Meng_ProjectBased_DetectCodeSimilar/code-sim/results/formal-v1/batch3/pairs/R00632/left/Main.java,/Users/liuziqi/Documents/西大Graduate/Project_base/Code/Meng_ProjectBased_DetectCodeSimilar/code-sim/results/formal-v1/batch3/pairs/R00632/right/Main.java
R00633,s076160915.java,p02391,/Users/liuziqi/Documents/西大Graduate/Project_base/Code/Meng_ProjectBased_DetectCodeSimilar/code-sim/results/formal-v1/batch3/pairs/R00633/left/Main.java,/Users/liuziqi/Documents/西大Graduate/Project_base/Code/Meng_ProjectBased_DetectCodeSimilar/code-sim/results/formal-v1/batch3/pairs/R00633/right/Main.java
R00634,s418638942.java,p02952,/Users/liuziqi/Documents/西大Graduate/Project_base/Code/Meng_ProjectBased_DetectCodeSimilar/code-sim/results/formal-v1/batch3/pairs/R00634/left/Main.java,/Users/liuziqi/Documents/西大Graduate/Project_base/Code/Meng_ProjectBased_DetectCodeSimilar/code-sim/results/formal-v1/batch3/pairs/R00634/right/Main.java
R00635,s103207318.java,p03109,/Users/liuziqi/Documents/西大Graduate/Project_base/Code/Meng_ProjectBased_DetectCodeSimilar/code-sim/results/formal-v1/batch3/pairs/R00635/left/Main.java,/Users/liuziqi/Documents/西大Graduate/Project_base/Code/Meng_ProjectBased_DetectCodeSimilar/code-sim/results/formal-v1/batch3/pairs/R00635/right/Main.java
R00636,s457282704.java,p02947,/Users/liuziqi/Documents/西大Graduate/Project_base/Code/Meng_ProjectBased_DetectCodeSimilar/code-sim/results/formal-v1/batch3/pairs/R00636/left/Main.java,/Users/liuziqi/Documents/西大Graduate/Project_base/Code/Meng_ProjectBased_DetectCodeSimilar/code-sim/results/formal-v1/batch3/pairs/R00636/right/Main.java
R00637,s098316647.java,p02982,/Users/liuziqi/Documents/西大Graduate/Project_base/Code/Meng_ProjectBased_DetectCodeSimilar/code-sim/results/formal-v1/batch3/pairs/R00637/left/Main.java,/Users/liuziqi/Documents/西大Graduate/Project_base/Code/Meng_ProjectBased_DetectCodeSimilar/code-sim/results/formal-v1/batch3/pairs/R00637/right/Main.java
R00638,s611989917.java,p02408,/Users/liuziqi/Documents/西大Graduate/Project_base/Code/Meng_ProjectBased_DetectCodeSimilar/code-sim/results/formal-v1/batch3/pairs/R00638/left/Main.java,/Users/liuziqi/Documents/西大Graduate/Project_base/Code/Meng_ProjectBased_DetectCodeSimilar/code-sim/results/formal-v1/batch3/pairs/R00638/right/Main.java
R00639,s978921447.java,p03282,/Users/liuziqi/Documents/西大Graduate/Project_base/Code/Meng_ProjectBased_DetectCodeSimilar/code-sim/results/formal-v1/batch3/pairs/R00639/left/Main.java,/Users/liuziqi/Documents/西大Graduate/Project_base/Code/Meng_ProjectBased_DetectCodeSimilar/code-sim/results/formal-v1/batch3/pairs/R00639/right/Main.java
R00640,s589158056.java,p03282,/Users/liuziqi/Documents/西大Graduate/Project_base/Code/Meng_ProjectBased_DetectCodeSimilar/code-sim/results/formal-v1/batch3/pairs/R00640/left/Main.java,/Users/liuziqi/Documents/西大Graduate/Project_base/Code/Meng_ProjectBased_DetectCodeSimilar/code-sim/results/formal-v1/batch3/pairs/R00640/right/Main.java
R00641,s543164455.java,p02832,/Users/liuziqi/Documents/西大Graduate/Project_base/Code/Meng_ProjectBased_DetectCodeSimilar/code-sim/results/formal-v1/batch3/pairs/R00641/left/Main.java,/Users/liuziqi/Documents/西大Graduate/Project_base/Code/Meng_ProjectBased_DetectCodeSimilar/code-sim/results/formal-v1/batch3/pairs/R00641/right/Main.java
R00642,s468199286.java,p02982,/Users/liuziqi/Documents/西大Graduate/Project_base/Code/Meng_ProjectBased_DetectCodeSimilar/code-sim/results/formal-v1/batch3/pairs/R00642/left/Main.java,/Users/liuziqi/Documents/西大Graduate/Project_base/Code/Meng_ProjectBased_DetectCodeSimilar/code-sim/results/formal-v1/batch3/pairs/R00642/right/Main.java
R00643,s447141004.java,p02784,/Users/liuziqi/Documents/西大Graduate/Project_base/Code/Meng_ProjectBased_DetectCodeSimilar/code-sim/results/formal-v1/batch3/pairs/R00643/left/Main.java,/Users/liuziqi/Documents/西大Graduate/Project_base/Code/Meng_ProjectBased_DetectCodeSimilar/code-sim/results/formal-v1/batch3/pairs/R00643/right/Main.java
R00644,s519029415.java,p03160,/Users/liuziqi/Documents/西大Graduate/Project_base/Code/Meng_ProjectBased_DetectCodeSimilar/code-sim/results/formal-v1/batch3/pairs/R00644/left/Main.java,/Users/liuziqi/Documents/西大Graduate/Project_base/Code/Meng_ProjectBased_DetectCodeSimilar/code-sim/results/formal-v1/batch3/pairs/R00644/right/Main.java
R00645,s231197363.java,p03075,/Users/liuziqi/Documents/西大Graduate/Project_base/Code/Meng_ProjectBased_DetectCodeSimilar/code-sim/results/formal-v1/batch3/pairs/R00645/left/Main.java,/Users/liuziqi/Documents/西大Graduate/Project_base/Code/Meng_ProjectBased_DetectCodeSimilar/code-sim/results/formal-v1/batch3/pairs/R00645/right/Main.java
R00646,s270783839.java,p02935,/Users/liuziqi/Documents/西大Graduate/Project_base/Code/Meng_ProjectBased_DetectCodeSimilar/code-sim/results/formal-v1/batch3/pairs/R00646/left/Main.java,/Users/liuziqi/Documents/西大Graduate/Project_base/Code/Meng_ProjectBased_DetectCodeSimilar/code-sim/results/formal-v1/batch3/pairs/R00646/right/Main.java
R00647,s731294880.java,p02886,/Users/liuziqi/Documents/西大Graduate/Project_base/Code/Meng_ProjectBased_DetectCodeSimilar/code-sim/results/formal-v1/batch3/pairs/R00647/left/Main.java,/Users/liuziqi/Documents/西大Graduate/Project_base/Code/Meng_ProjectBased_DetectCodeSimilar/code-sim/results/formal-v1/batch3/pairs/R00647/right/Main.java
R00648,s662512833.java,p02711,/Users/liuziqi/Documents/西大Graduate/Project_base/Code/Meng_ProjectBased_DetectCodeSimilar/code-sim/results/formal-v1/batch3/pairs/R00648/left/Main.java,/Users/liuziqi/Documents/西大Graduate/Project_base/Code/Meng_ProjectBased_DetectCodeSimilar/code-sim/results/formal-v1/batch3/pairs/R00648/right/Main.java
R00649,s935128151.java,p02628,/Users/liuziqi/Documents/西大Graduate/Project_base/Code/Meng_ProjectBased_DetectCodeSimilar/code-sim/results/formal-v1/batch3/pairs/R00649/left/Main.java,/Users/liuziqi/Documents/西大Graduate/Project_base/Code/Meng_ProjectBased_DetectCodeSimilar/code-sim/results/formal-v1/batch3/pairs/R00649/right/Main.java
R00650,s449024766.java,p02952,/Users/liuziqi/Documents/西大Graduate/Project_base/Code/Meng_ProjectBased_DetectCodeSimilar/code-sim/results/formal-v1/batch3/pairs/R00650/left/Main.java,/Users/liuziqi/Documents/西大Graduate/Project_base/Code/Meng_ProjectBased_DetectCodeSimilar/code-sim/results/formal-v1/batch3/pairs/R00650/right/Main.java
R00651,s779112769.java,p02397,/Users/liuziqi/Documents/西大Graduate/Project_base/Code/Meng_ProjectBased_DetectCodeSimilar/code-sim/results/formal-v1/batch3/pairs/R00651/left/Main.java,/Users/liuziqi/Documents/西大Graduate/Project_base/Code/Meng_ProjectBased_DetectCodeSimilar/code-sim/results/formal-v1/batch3/pairs/R00651/right/Main.java
R00652,s105112776.java,p02718,/Users/liuziqi/Documents/西大Graduate/Project_base/Code/Meng_ProjectBased_DetectCodeSimilar/code-sim/results/formal-v1/batch3/pairs/R00652/left/Main.java,/Users/liuziqi/Documents/西大Graduate/Project_base/Code/Meng_ProjectBased_DetectCodeSimilar/code-sim/results/formal-v1/batch3/pairs/R00652/right/Main.java
R00653,s248436647.java,p00011,/Users/liuziqi/Documents/西大Graduate/Project_base/Code/Meng_ProjectBased_DetectCodeSimilar/code-sim/results/formal-v1/batch3/pairs/R00653/left/Main.java,/Users/liuziqi/Documents/西大Graduate/Project_base/Code/Meng_ProjectBased_DetectCodeSimilar/code-sim/results/formal-v1/batch3/pairs/R00653/right/Main.java
R00654,s785251175.java,p03281,/Users/liuziqi/Documents/西大Graduate/Project_base/Code/Meng_ProjectBased_DetectCodeSimilar/code-sim/results/formal-v1/batch3/pairs/R00654/left/Main.java,/Users/liuziqi/Documents/西大Graduate/Project_base/Code/Meng_ProjectBased_DetectCodeSimilar/code-sim/results/formal-v1/batch3/pairs/R00654/right/Main.java
R00655,s317507884.java,p03370,/Users/liuziqi/Documents/西大Graduate/Project_base/Code/Meng_ProjectBased_DetectCodeSimilar/code-sim/results/formal-v1/batch3/pairs/R00655/left/Main.java,/Users/liuziqi/Documents/西大Graduate/Project_base/Code/Meng_ProjectBased_DetectCodeSimilar/code-sim/results/formal-v1/batch3/pairs/R00655/right/Main.java
R00656,s798499488.java,p02994,/Users/liuziqi/Documents/西大Graduate/Project_base/Code/Meng_ProjectBased_DetectCodeSimilar/code-sim/results/formal-v1/batch3/pairs/R00656/left/Main.java,/Users/liuziqi/Documents/西大Graduate/Project_base/Code/Meng_ProjectBased_DetectCodeSimilar/code-sim/results/formal-v1/batch3/pairs/R00656/right/Main.java
R00657,s380933025.java,p02773,/Users/liuziqi/Documents/西大Graduate/Project_base/Code/Meng_ProjectBased_DetectCodeSimilar/code-sim/results/formal-v1/batch3/pairs/R00657/left/Main.java,/Users/liuziqi/Documents/西大Graduate/Project_base/Code/Meng_ProjectBased_DetectCodeSimilar/code-sim/results/formal-v1/batch3/pairs/R00657/right/Main.java
R00658,s468142600.java,p02264,/Users/liuziqi/Documents/西大Graduate/Project_base/Code/Meng_ProjectBased_DetectCodeSimilar/code-sim/results/formal-v1/batch3/pairs/R00658/left/Main.java,/Users/liuziqi/Documents/西大Graduate/Project_base/Code/Meng_ProjectBased_DetectCodeSimilar/code-sim/results/formal-v1/batch3/pairs/R00658/right/Main.java
R00659,s735196718.java,p03449,/Users/liuziqi/Documents/西大Graduate/Project_base/Code/Meng_ProjectBased_DetectCodeSimilar/code-sim/results/formal-v1/batch3/pairs/R00659/left/Main.java,/Users/liuziqi/Documents/西大Graduate/Project_base/Code/Meng_ProjectBased_DetectCodeSimilar/code-sim/results/formal-v1/batch3/pairs/R00659/right/Main.java
R00660,s290364194.java,p02767,/Users/liuziqi/Documents/西大Graduate/Project_base/Code/Meng_ProjectBased_DetectCodeSimilar/code-sim/results/formal-v1/batch3/pairs/R00660/left/Main.java,/Users/liuziqi/Documents/西大Graduate/Project_base/Code/Meng_ProjectBased_DetectCodeSimilar/code-sim/results/formal-v1/batch3/pairs/R00660/right/Main.java
R00661,s494043281.java,p03072,/Users/liuziqi/Documents/西大Graduate/Project_base/Code/Meng_ProjectBased_DetectCodeSimilar/code-sim/results/formal-v1/batch3/pairs/R00661/left/Main.java,/Users/liuziqi/Documents/西大Graduate/Project_base/Code/Meng_ProjectBased_DetectCodeSimilar/code-sim/results/formal-v1/batch3/pairs/R00661/right/Main.java
R00662,s080117493.java,p02259,/Users/liuziqi/Documents/西大Graduate/Project_base/Code/Meng_ProjectBased_DetectCodeSimilar/code-sim/results/formal-v1/batch3/pairs/R00662/left/Main.java,/Users/liuziqi/Documents/西大Graduate/Project_base/Code/Meng_ProjectBased_DetectCodeSimilar/code-sim/results/formal-v1/batch3/pairs/R00662/right/Main.java
R00663,s155354940.java,p02268,/Users/liuziqi/Documents/西大Graduate/Project_base/Code/Meng_ProjectBased_DetectCodeSimilar/code-sim/results/formal-v1/batch3/pairs/R00663/left/Main.java,/Users/liuziqi/Documents/西大Graduate/Project_base/Code/Meng_ProjectBased_DetectCodeSimilar/code-sim/results/formal-v1/batch3/pairs/R00663/right/Main.java
R00664,s996851123.java,p03360,/Users/liuziqi/Documents/西大Graduate/Project_base/Code/Meng_ProjectBased_DetectCodeSimilar/code-sim/results/formal-v1/batch3/pairs/R00664/left/Main.java,/Users/liuziqi/Documents/西大Graduate/Project_base/Code/Meng_ProjectBased_DetectCodeSimilar/code-sim/results/formal-v1/batch3/pairs/R00664/right/Main.java
R00665,s767453308.java,p02622,/Users/liuziqi/Documents/西大Graduate/Project_base/Code/Meng_ProjectBased_DetectCodeSimilar/code-sim/results/formal-v1/batch3/pairs/R00665/left/SpaceCharFilter.java,/Users/liuziqi/Documents/西大Graduate/Project_base/Code/Meng_ProjectBased_DetectCodeSimilar/code-sim/results/formal-v1/batch3/pairs/R00665/right/SpaceCharFilter.java
R00666,s241289889.java,p02268,/Users/liuziqi/Documents/西大Graduate/Project_base/Code/Meng_ProjectBased_DetectCodeSimilar/code-sim/results/formal-v1/batch3/pairs/R00666/left/Main.java,/Users/liuziqi/Documents/西大Graduate/Project_base/Code/Meng_ProjectBased_DetectCodeSimilar/code-sim/results/formal-v1/batch3/pairs/R00666/right/Main.java
R00667,s375201042.java,p02255,/Users/liuziqi/Documents/西大Graduate/Project_base/Code/Meng_ProjectBased_DetectCodeSimilar/code-sim/results/formal-v1/batch3/pairs/R00667/left/Main.java,/Users/liuziqi/Documents/西大Graduate/Project_base/Code/Meng_ProjectBased_DetectCodeSimilar/code-sim/results/formal-v1/batch3/pairs/R00667/right/Main.java
R00668,s786932390.java,p03293,/Users/liuziqi/Documents/西大Graduate/Project_base/Code/Meng_ProjectBased_DetectCodeSimilar/code-sim/results/formal-v1/batch3/pairs/R00668/left/Main.java,/Users/liuziqi/Documents/西大Graduate/Project_base/Code/Meng_ProjectBased_DetectCodeSimilar/code-sim/results/formal-v1/batch3/pairs/R00668/right/Main.java
R00669,s948769230.java,p03292,/Users/liuziqi/Documents/西大Graduate/Project_base/Code/Meng_ProjectBased_DetectCodeSimilar/code-sim/results/formal-v1/batch3/pairs/R00669/left/Main.java,/Users/liuziqi/Documents/西大Graduate/Project_base/Code/Meng_ProjectBased_DetectCodeSimilar/code-sim/results/formal-v1/batch3/pairs/R00669/right/Main.java
R00670,s947564101.java,p02391,/Users/liuziqi/Documents/西大Graduate/Project_base/Code/Meng_ProjectBased_DetectCodeSimilar/code-sim/results/formal-v1/batch3/pairs/R00670/left/Main.java,/Users/liuziqi/Documents/西大Graduate/Project_base/Code/Meng_ProjectBased_DetectCodeSimilar/code-sim/results/formal-v1/batch3/pairs/R00670/right/Main.java
R00671,s007303456.java,p02911,/Users/liuziqi/Documents/西大Graduate/Project_base/Code/Meng_ProjectBased_DetectCodeSimilar/code-sim/results/formal-v1/batch3/pairs/R00671/left/Main.java,/Users/liuziqi/Documents/西大Graduate/Project_base/Code/Meng_ProjectBased_DetectCodeSimilar/code-sim/results/formal-v1/batch3/pairs/R00671/right/Main.java
R00672,s091705965.java,p02995,/Users/liuziqi/Documents/西大Graduate/Project_base/Code/Meng_ProjectBased_DetectCodeSimilar/code-sim/results/formal-v1/batch3/pairs/R00672/left/Main.java,/Users/liuziqi/Documents/西大Graduate/Project_base/Code/Meng_ProjectBased_DetectCodeSimilar/code-sim/results/formal-v1/batch3/pairs/R00672/right/Main.java
R00673,s811807131.java,p03013,/Users/liuziqi/Documents/西大Graduate/Project_base/Code/Meng_ProjectBased_DetectCodeSimilar/code-sim/results/formal-v1/batch3/pairs/R00673/left/Main.java,/Users/liuziqi/Documents/西大Graduate/Project_base/Code/Meng_ProjectBased_DetectCodeSimilar/code-sim/results/formal-v1/batch3/pairs/R00673/right/Main.java
R00674,s171549650.java,p03146,/Users/liuziqi/Documents/西大Graduate/Project_base/Code/Meng_ProjectBased_DetectCodeSimilar/code-sim/results/formal-v1/batch3/pairs/R00674/left/Main.java,/Users/liuziqi/Documents/西大Graduate/Project_base/Code/Meng_ProjectBased_DetectCodeSimilar/code-sim/results/formal-v1/batch3/pairs/R00674/right/Main.java
R00675,s385957319.java,p02547,/Users/liuziqi/Documents/西大Graduate/Project_base/Code/Meng_ProjectBased_DetectCodeSimilar/code-sim/results/formal-v1/batch3/pairs/R00675/left/Main.java,/Users/liuziqi/Documents/西大Graduate/Project_base/Code/Meng_ProjectBased_DetectCodeSimilar/code-sim/results/formal-v1/batch3/pairs/R00675/right/Main.java
R00676,s095932240.java,p02717,/Users/liuziqi/Documents/西大Graduate/Project_base/Code/Meng_ProjectBased_DetectCodeSimilar/code-sim/results/formal-v1/batch3/pairs/R00676/left/Main.java,/Users/liuziqi/Documents/西大Graduate/Project_base/Code/Meng_ProjectBased_DetectCodeSimilar/code-sim/results/formal-v1/batch3/pairs/R00676/right/Main.java
R00677,s495314395.java,p03012,/Users/liuziqi/Documents/西大Graduate/Project_base/Code/Meng_ProjectBased_DetectCodeSimilar/code-sim/results/formal-v1/batch3/pairs/R00677/left/Main.java,/Users/liuziqi/Documents/西大Graduate/Project_base/Code/Meng_ProjectBased_DetectCodeSimilar/code-sim/results/formal-v1/batch3/pairs/R00677/right/Main.java
R00678,s406766965.java,p03371,/Users/liuziqi/Documents/西大Graduate/Project_base/Code/Meng_ProjectBased_DetectCodeSimilar/code-sim/results/formal-v1/batch3/pairs/R00678/left/Main.java,/Users/liuziqi/Documents/西大Graduate/Project_base/Code/Meng_ProjectBased_DetectCodeSimilar/code-sim/results/formal-v1/batch3/pairs/R00678/right/Main.java
R00679,s160932152.java,p03316,/Users/liuziqi/Documents/西大Graduate/Project_base/Code/Meng_ProjectBased_DetectCodeSimilar/code-sim/results/formal-v1/batch3/pairs/R00679/left/Main.java,/Users/liuziqi/Documents/西大Graduate/Project_base/Code/Meng_ProjectBased_DetectCodeSimilar/code-sim/results/formal-v1/batch3/pairs/R00679/right/Main.java
R00680,s833932659.java,p03449,/Users/liuziqi/Documents/西大Graduate/Project_base/Code/Meng_ProjectBased_DetectCodeSimilar/code-sim/results/formal-v1/batch3/pairs/R00680/left/Main.java,/Users/liuziqi/Documents/西大Graduate/Project_base/Code/Meng_ProjectBased_DetectCodeSimilar/code-sim/results/formal-v1/batch3/pairs/R00680/right/Main.java
R00681,s634885179.java,p02641,/Users/liuziqi/Documents/西大Graduate/Project_base/Code/Meng_ProjectBased_DetectCodeSimilar/code-sim/results/formal-v1/batch3/pairs/R00681/left/Main.java,/Users/liuziqi/Documents/西大Graduate/Project_base/Code/Meng_ProjectBased_DetectCodeSimilar/code-sim/results/formal-v1/batch3/pairs/R00681/right/Main.java
R00682,s932624789.java,p02613,/Users/liuziqi/Documents/西大Graduate/Project_base/Code/Meng_ProjectBased_DetectCodeSimilar/code-sim/results/formal-v1/batch3/pairs/R00682/left/Main.java,/Users/liuziqi/Documents/西大Graduate/Project_base/Code/Meng_ProjectBased_DetectCodeSimilar/code-sim/results/formal-v1/batch3/pairs/R00682/right/Main.java
R00683,s260068599.java,p02755,/Users/liuziqi/Documents/西大Graduate/Project_base/Code/Meng_ProjectBased_DetectCodeSimilar/code-sim/results/formal-v1/batch3/pairs/R00683/left/Main.java,/Users/liuziqi/Documents/西大Graduate/Project_base/Code/Meng_ProjectBased_DetectCodeSimilar/code-sim/results/formal-v1/batch3/pairs/R00683/right/Main.java
R00684,s813954057.java,p02682,/Users/liuziqi/Documents/西大Graduate/Project_base/Code/Meng_ProjectBased_DetectCodeSimilar/code-sim/results/formal-v1/batch3/pairs/R00684/left/Main.java,/Users/liuziqi/Documents/西大Graduate/Project_base/Code/Meng_ProjectBased_DetectCodeSimilar/code-sim/results/formal-v1/batch3/pairs/R00684/right/Main.java
R00685,s337923699.java,p02831,/Users/liuziqi/Documents/西大Graduate/Project_base/Code/Meng_ProjectBased_DetectCodeSimilar/code-sim/results/formal-v1/batch3/pairs/R00685/left/Main.java,/Users/liuziqi/Documents/西大Graduate/Project_base/Code/Meng_ProjectBased_DetectCodeSimilar/code-sim/results/formal-v1/batch3/pairs/R00685/right/Main.java
R00686,s402778221.java,p02399,/Users/liuziqi/Documents/西大Graduate/Project_base/Code/Meng_ProjectBased_DetectCodeSimilar/code-sim/results/formal-v1/batch3/pairs/R00686/left/Main.java,/Users/liuziqi/Documents/西大Graduate/Project_base/Code/Meng_ProjectBased_DetectCodeSimilar/code-sim/results/formal-v1/batch3/pairs/R00686/right/Main.java
R00687,s643044238.java,p02723,/Users/liuziqi/Documents/西大Graduate/Project_base/Code/Meng_ProjectBased_DetectCodeSimilar/code-sim/results/formal-v1/batch3/pairs/R00687/left/Main.java,/Users/liuziqi/Documents/西大Graduate/Project_base/Code/Meng_ProjectBased_DetectCodeSimilar/code-sim/results/formal-v1/batch3/pairs/R00687/right/Main.java
R00688,s026886487.java,p03494,/Users/liuziqi/Documents/西大Graduate/Project_base/Code/Meng_ProjectBased_DetectCodeSimilar/code-sim/results/formal-v1/batch3/pairs/R00688/left/Main.java,/Users/liuziqi/Documents/西大Graduate/Project_base/Code/Meng_ProjectBased_DetectCodeSimilar/code-sim/results/formal-v1/batch3/pairs/R00688/right/Main.java
R00689,s810734206.java,p02399,/Users/liuziqi/Documents/西大Graduate/Project_base/Code/Meng_ProjectBased_DetectCodeSimilar/code-sim/results/formal-v1/batch3/pairs/R00689/left/Main.java,/Users/liuziqi/Documents/西大Graduate/Project_base/Code/Meng_ProjectBased_DetectCodeSimilar/code-sim/results/formal-v1/batch3/pairs/R00689/right/Main.java
R00690,s752465825.java,p02988,/Users/liuziqi/Documents/西大Graduate/Project_base/Code/Meng_ProjectBased_DetectCodeSimilar/code-sim/results/formal-v1/batch3/pairs/R00690/left/Main.java,/Users/liuziqi/Documents/西大Graduate/Project_base/Code/Meng_ProjectBased_DetectCodeSimilar/code-sim/results/formal-v1/batch3/pairs/R00690/right/Main.java
R00691,s778037736.java,p03494,/Users/liuziqi/Documents/西大Graduate/Project_base/Code/Meng_ProjectBased_DetectCodeSimilar/code-sim/results/formal-v1/batch3/pairs/R00691/left/Main.java,/Users/liuziqi/Documents/西大Graduate/Project_base/Code/Meng_ProjectBased_DetectCodeSimilar/code-sim/results/formal-v1/batch3/pairs/R00691/right/Main.java
R00692,s679489251.java,p03239,/Users/liuziqi/Documents/西大Graduate/Project_base/Code/Meng_ProjectBased_DetectCodeSimilar/code-sim/results/formal-v1/batch3/pairs/R00692/left/Main.java,/Users/liuziqi/Documents/西大Graduate/Project_base/Code/Meng_ProjectBased_DetectCodeSimilar/code-sim/results/formal-v1/batch3/pairs/R00692/right/Main.java
R00693,s472168413.java,p02407,/Users/liuziqi/Documents/西大Graduate/Project_base/Code/Meng_ProjectBased_DetectCodeSimilar/code-sim/results/formal-v1/batch3/pairs/R00693/left/Main.java,/Users/liuziqi/Documents/西大Graduate/Project_base/Code/Meng_ProjectBased_DetectCodeSimilar/code-sim/results/formal-v1/batch3/pairs/R00693/right/Main.java
R00694,s707119304.java,p02264,/Users/liuziqi/Documents/西大Graduate/Project_base/Code/Meng_ProjectBased_DetectCodeSimilar/code-sim/results/formal-v1/batch3/pairs/R00694/left/Main.java,/Users/liuziqi/Documents/西大Graduate/Project_base/Code/Meng_ProjectBased_DetectCodeSimilar/code-sim/results/formal-v1/batch3/pairs/R00694/right/Main.java
R00695,s860017870.java,p02417,/Users/liuziqi/Documents/西大Graduate/Project_base/Code/Meng_ProjectBased_DetectCodeSimilar/code-sim/results/formal-v1/batch3/pairs/R00695/left/Main.java,/Users/liuziqi/Documents/西大Graduate/Project_base/Code/Meng_ProjectBased_DetectCodeSimilar/code-sim/results/formal-v1/batch3/pairs/R00695/right/Main.java
R00696,s404561425.java,p02886,/Users/liuziqi/Documents/西大Graduate/Project_base/Code/Meng_ProjectBased_DetectCodeSimilar/code-sim/results/formal-v1/batch3/pairs/R00696/left/Main.java,/Users/liuziqi/Documents/西大Graduate/Project_base/Code/Meng_ProjectBased_DetectCodeSimilar/code-sim/results/formal-v1/batch3/pairs/R00696/right/Main.java
R00697,s447464780.java,p02772,/Users/liuziqi/Documents/西大Graduate/Project_base/Code/Meng_ProjectBased_DetectCodeSimilar/code-sim/results/formal-v1/batch3/pairs/R00697/left/Main.java,/Users/liuziqi/Documents/西大Graduate/Project_base/Code/Meng_ProjectBased_DetectCodeSimilar/code-sim/results/formal-v1/batch3/pairs/R00697/right/Main.java
R00698,s294425524.java,p02898,/Users/liuziqi/Documents/西大Graduate/Project_base/Code/Meng_ProjectBased_DetectCodeSimilar/code-sim/results/formal-v1/batch3/pairs/R00698/left/Main.java,/Users/liuziqi/Documents/西大Graduate/Project_base/Code/Meng_ProjectBased_DetectCodeSimilar/code-sim/results/formal-v1/batch3/pairs/R00698/right/Main.java
R00699,s364626226.java,p03680,/Users/liuziqi/Documents/西大Graduate/Project_base/Code/Meng_ProjectBased_DetectCodeSimilar/code-sim/results/formal-v1/batch3/pairs/R00699/left/Main.java,/Users/liuziqi/Documents/西大Graduate/Project_base/Code/Meng_ProjectBased_DetectCodeSimilar/code-sim/results/formal-v1/batch3/pairs/R00699/right/Main.java
R00700,s598993040.java,p02639,/Users/liuziqi/Documents/西大Graduate/Project_base/Code/Meng_ProjectBased_DetectCodeSimilar/code-sim/results/formal-v1/batch3/pairs/R00700/left/Main.java,/Users/liuziqi/Documents/西大Graduate/Project_base/Code/Meng_ProjectBased_DetectCodeSimilar/code-sim/results/formal-v1/batch3/pairs/R00700/right/Main.java
R00701,s633102287.java,p02971,/Users/liuziqi/Documents/西大Graduate/Project_base/Code/Meng_ProjectBased_DetectCodeSimilar/code-sim/results/formal-v1/batch3/pairs/R00701/left/Main.java,/Users/liuziqi/Documents/西大Graduate/Project_base/Code/Meng_ProjectBased_DetectCodeSimilar/code-sim/results/formal-v1/batch3/pairs/R00701/right/Main.java
R00702,s255832060.java,p02717,/Users/liuziqi/Documents/西大Graduate/Project_base/Code/Meng_ProjectBased_DetectCodeSimilar/code-sim/results/formal-v1/batch3/pairs/R00702/left/Main.java,/Users/liuziqi/Documents/西大Graduate/Project_base/Code/Meng_ProjectBased_DetectCodeSimilar/code-sim/results/formal-v1/batch3/pairs/R00702/right/Main.java
R00703,s406954441.java,p03106,/Users/liuziqi/Documents/西大Graduate/Project_base/Code/Meng_ProjectBased_DetectCodeSimilar/code-sim/results/formal-v1/batch3/pairs/R00703/left/Main.java,/Users/liuziqi/Documents/西大Graduate/Project_base/Code/Meng_ProjectBased_DetectCodeSimilar/code-sim/results/formal-v1/batch3/pairs/R00703/right/Main.java
R00704,s915115685.java,p02832,/Users/liuziqi/Documents/西大Graduate/Project_base/Code/Meng_ProjectBased_DetectCodeSimilar/code-sim/results/formal-v1/batch3/pairs/R00704/left/Main.java,/Users/liuziqi/Documents/西大Graduate/Project_base/Code/Meng_ProjectBased_DetectCodeSimilar/code-sim/results/formal-v1/batch3/pairs/R00704/right/Main.java
R00705,s954899137.java,p02410,/Users/liuziqi/Documents/西大Graduate/Project_base/Code/Meng_ProjectBased_DetectCodeSimilar/code-sim/results/formal-v1/batch3/pairs/R00705/left/Main.java,/Users/liuziqi/Documents/西大Graduate/Project_base/Code/Meng_ProjectBased_DetectCodeSimilar/code-sim/results/formal-v1/batch3/pairs/R00705/right/Main.java
R00706,s261573154.java,p02268,/Users/liuziqi/Documents/西大Graduate/Project_base/Code/Meng_ProjectBased_DetectCodeSimilar/code-sim/results/formal-v1/batch3/pairs/R00706/left/Main.java,/Users/liuziqi/Documents/西大Graduate/Project_base/Code/Meng_ProjectBased_DetectCodeSimilar/code-sim/results/formal-v1/batch3/pairs/R00706/right/Main.java
R00707,s633698068.java,p02398,/Users/liuziqi/Documents/西大Graduate/Project_base/Code/Meng_ProjectBased_DetectCodeSimilar/code-sim/results/formal-v1/batch3/pairs/R00707/left/Main.java,/Users/liuziqi/Documents/西大Graduate/Project_base/Code/Meng_ProjectBased_DetectCodeSimilar/code-sim/results/formal-v1/batch3/pairs/R00707/right/Main.java
R00708,s384316352.java,p02417,/Users/liuziqi/Documents/西大Graduate/Project_base/Code/Meng_ProjectBased_DetectCodeSimilar/code-sim/results/formal-v1/batch3/pairs/R00708/left/Main.java,/Users/liuziqi/Documents/西大Graduate/Project_base/Code/Meng_ProjectBased_DetectCodeSimilar/code-sim/results/formal-v1/batch3/pairs/R00708/right/Main.java
R00709,s013306723.java,p00011,/Users/liuziqi/Documents/西大Graduate/Project_base/Code/Meng_ProjectBased_DetectCodeSimilar/code-sim/results/formal-v1/batch3/pairs/R00709/left/Main.java,/Users/liuziqi/Documents/西大Graduate/Project_base/Code/Meng_ProjectBased_DetectCodeSimilar/code-sim/results/formal-v1/batch3/pairs/R00709/right/Main.java
R00710,s166805318.java,p03126,/Users/liuziqi/Documents/西大Graduate/Project_base/Code/Meng_ProjectBased_DetectCodeSimilar/code-sim/results/formal-v1/batch3/pairs/R00710/left/Main.java,/Users/liuziqi/Documents/西大Graduate/Project_base/Code/Meng_ProjectBased_DetectCodeSimilar/code-sim/results/formal-v1/batch3/pairs/R00710/right/Main.java
R00711,s578116054.java,p03001,/Users/liuziqi/Documents/西大Graduate/Project_base/Code/Meng_ProjectBased_DetectCodeSimilar/code-sim/results/formal-v1/batch3/pairs/R00711/left/Main.java,/Users/liuziqi/Documents/西大Graduate/Project_base/Code/Meng_ProjectBased_DetectCodeSimilar/code-sim/results/formal-v1/batch3/pairs/R00711/right/Main.java
R00712,s396383992.java,p02629,/Users/liuziqi/Documents/西大Graduate/Project_base/Code/Meng_ProjectBased_DetectCodeSimilar/code-sim/results/formal-v1/batch3/pairs/R00712/left/Main.java,/Users/liuziqi/Documents/西大Graduate/Project_base/Code/Meng_ProjectBased_DetectCodeSimilar/code-sim/results/formal-v1/batch3/pairs/R00712/right/Main.java
R00713,s070294074.java,p02693,/Users/liuziqi/Documents/西大Graduate/Project_base/Code/Meng_ProjectBased_DetectCodeSimilar/code-sim/results/formal-v1/batch3/pairs/R00713/left/Main.java,/Users/liuziqi/Documents/西大Graduate/Project_base/Code/Meng_ProjectBased_DetectCodeSimilar/code-sim/results/formal-v1/batch3/pairs/R00713/right/Main.java
R00714,s336472910.java,p03087,/Users/liuziqi/Documents/西大Graduate/Project_base/Code/Meng_ProjectBased_DetectCodeSimilar/code-sim/results/formal-v1/batch3/pairs/R00714/left/Main.java,/Users/liuziqi/Documents/西大Graduate/Project_base/Code/Meng_ProjectBased_DetectCodeSimilar/code-sim/results/formal-v1/batch3/pairs/R00714/right/Main.java
R00715,s294553424.java,p02983,/Users/liuziqi/Documents/西大Graduate/Project_base/Code/Meng_ProjectBased_DetectCodeSimilar/code-sim/results/formal-v1/batch3/pairs/R00715/left/Main.java,/Users/liuziqi/Documents/西大Graduate/Project_base/Code/Meng_ProjectBased_DetectCodeSimilar/code-sim/results/formal-v1/batch3/pairs/R00715/right/Main.java
R00716,s229769987.java,p02921,/Users/liuziqi/Documents/西大Graduate/Project_base/Code/Meng_ProjectBased_DetectCodeSimilar/code-sim/results/formal-v1/batch3/pairs/R00716/left/Main.java,/Users/liuziqi/Documents/西大Graduate/Project_base/Code/Meng_ProjectBased_DetectCodeSimilar/code-sim/results/formal-v1/batch3/pairs/R00716/right/Main.java
R00717,s015801895.java,p03285,/Users/liuziqi/Documents/西大Graduate/Project_base/Code/Meng_ProjectBased_DetectCodeSimilar/code-sim/results/formal-v1/batch3/pairs/R00717/left/Main.java,/Users/liuziqi/Documents/西大Graduate/Project_base/Code/Meng_ProjectBased_DetectCodeSimilar/code-sim/results/formal-v1/batch3/pairs/R00717/right/Main.java
R00718,s238663477.java,p02989,/Users/liuziqi/Documents/西大Graduate/Project_base/Code/Meng_ProjectBased_DetectCodeSimilar/code-sim/results/formal-v1/batch3/pairs/R00718/left/Main.java,/Users/liuziqi/Documents/西大Graduate/Project_base/Code/Meng_ProjectBased_DetectCodeSimilar/code-sim/results/formal-v1/batch3/pairs/R00718/right/Main.java
R00719,s984525121.java,p02953,/Users/liuziqi/Documents/西大Graduate/Project_base/Code/Meng_ProjectBased_DetectCodeSimilar/code-sim/results/formal-v1/batch3/pairs/R00719/left/Main.java,/Users/liuziqi/Documents/西大Graduate/Project_base/Code/Meng_ProjectBased_DetectCodeSimilar/code-sim/results/formal-v1/batch3/pairs/R00719/right/Main.java
R00720,s623446060.java,p03072,/Users/liuziqi/Documents/西大Graduate/Project_base/Code/Meng_ProjectBased_DetectCodeSimilar/code-sim/results/formal-v1/batch3/pairs/R00720/left/Main.java,/Users/liuziqi/Documents/西大Graduate/Project_base/Code/Meng_ProjectBased_DetectCodeSimilar/code-sim/results/formal-v1/batch3/pairs/R00720/right/Main.java
R00721,s408471681.java,p02409,/Users/liuziqi/Documents/西大Graduate/Project_base/Code/Meng_ProjectBased_DetectCodeSimilar/code-sim/results/formal-v1/batch3/pairs/R00721/left/Main.java,/Users/liuziqi/Documents/西大Graduate/Project_base/Code/Meng_ProjectBased_DetectCodeSimilar/code-sim/results/formal-v1/batch3/pairs/R00721/right/Main.java
R00722,s283867898.java,p02790,/Users/liuziqi/Documents/西大Graduate/Project_base/Code/Meng_ProjectBased_DetectCodeSimilar/code-sim/results/formal-v1/batch3/pairs/R00722/left/Main.java,/Users/liuziqi/Documents/西大Graduate/Project_base/Code/Meng_ProjectBased_DetectCodeSimilar/code-sim/results/formal-v1/batch3/pairs/R00722/right/Main.java
R00723,s178588782.java,p04030,/Users/liuziqi/Documents/西大Graduate/Project_base/Code/Meng_ProjectBased_DetectCodeSimilar/code-sim/results/formal-v1/batch3/pairs/R00723/left/Main.java,/Users/liuziqi/Documents/西大Graduate/Project_base/Code/Meng_ProjectBased_DetectCodeSimilar/code-sim/results/formal-v1/batch3/pairs/R00723/right/Main.java
R00724,s280174843.java,p02392,/Users/liuziqi/Documents/西大Graduate/Project_base/Code/Meng_ProjectBased_DetectCodeSimilar/code-sim/results/formal-v1/batch3/pairs/R00724/left/Main.java,/Users/liuziqi/Documents/西大Graduate/Project_base/Code/Meng_ProjectBased_DetectCodeSimilar/code-sim/results/formal-v1/batch3/pairs/R00724/right/Main.java
R00725,s980559975.java,p00001,/Users/liuziqi/Documents/西大Graduate/Project_base/Code/Meng_ProjectBased_DetectCodeSimilar/code-sim/results/formal-v1/batch3/pairs/R00725/left/Main.java,/Users/liuziqi/Documents/西大Graduate/Project_base/Code/Meng_ProjectBased_DetectCodeSimilar/code-sim/results/formal-v1/batch3/pairs/R00725/right/Main.java
R00726,s251238259.java,p02790,/Users/liuziqi/Documents/西大Graduate/Project_base/Code/Meng_ProjectBased_DetectCodeSimilar/code-sim/results/formal-v1/batch3/pairs/R00726/left/Main.java,/Users/liuziqi/Documents/西大Graduate/Project_base/Code/Meng_ProjectBased_DetectCodeSimilar/code-sim/results/formal-v1/batch3/pairs/R00726/right/Main.java
R00727,s543662067.java,p02785,/Users/liuziqi/Documents/西大Graduate/Project_base/Code/Meng_ProjectBased_DetectCodeSimilar/code-sim/results/formal-v1/batch3/pairs/R00727/left/Main.java,/Users/liuziqi/Documents/西大Graduate/Project_base/Code/Meng_ProjectBased_DetectCodeSimilar/code-sim/results/formal-v1/batch3/pairs/R00727/right/Main.java
R00728,s768566903.java,p03160,/Users/liuziqi/Documents/西大Graduate/Project_base/Code/Meng_ProjectBased_DetectCodeSimilar/code-sim/results/formal-v1/batch3/pairs/R00728/left/Main.java,/Users/liuziqi/Documents/西大Graduate/Project_base/Code/Meng_ProjectBased_DetectCodeSimilar/code-sim/results/formal-v1/batch3/pairs/R00728/right/Main.java
R00729,s369773563.java,p03324,/Users/liuziqi/Documents/西大Graduate/Project_base/Code/Meng_ProjectBased_DetectCodeSimilar/code-sim/results/formal-v1/batch3/pairs/R00729/left/Main.java,/Users/liuziqi/Documents/西大Graduate/Project_base/Code/Meng_ProjectBased_DetectCodeSimilar/code-sim/results/formal-v1/batch3/pairs/R00729/right/Main.java
R00730,s854890933.java,p03106,/Users/liuziqi/Documents/西大Graduate/Project_base/Code/Meng_ProjectBased_DetectCodeSimilar/code-sim/results/formal-v1/batch3/pairs/R00730/left/Main.java,/Users/liuziqi/Documents/西大Graduate/Project_base/Code/Meng_ProjectBased_DetectCodeSimilar/code-sim/results/formal-v1/batch3/pairs/R00730/right/Main.java
R00731,s266788683.java,p02911,/Users/liuziqi/Documents/西大Graduate/Project_base/Code/Meng_ProjectBased_DetectCodeSimilar/code-sim/results/formal-v1/batch3/pairs/R00731/left/Main.java,/Users/liuziqi/Documents/西大Graduate/Project_base/Code/Meng_ProjectBased_DetectCodeSimilar/code-sim/results/formal-v1/batch3/pairs/R00731/right/Main.java
R00732,s463308518.java,p02402,/Users/liuziqi/Documents/西大Graduate/Project_base/Code/Meng_ProjectBased_DetectCodeSimilar/code-sim/results/formal-v1/batch3/pairs/R00732/left/Main.java,/Users/liuziqi/Documents/西大Graduate/Project_base/Code/Meng_ProjectBased_DetectCodeSimilar/code-sim/results/formal-v1/batch3/pairs/R00732/right/Main.java
R00733,s124827839.java,p03000,/Users/liuziqi/Documents/西大Graduate/Project_base/Code/Meng_ProjectBased_DetectCodeSimilar/code-sim/results/formal-v1/batch3/pairs/R00733/left/Main.java,/Users/liuziqi/Documents/西大Graduate/Project_base/Code/Meng_ProjectBased_DetectCodeSimilar/code-sim/results/formal-v1/batch3/pairs/R00733/right/Main.java
R00734,s915790474.java,p02414,/Users/liuziqi/Documents/西大Graduate/Project_base/Code/Meng_ProjectBased_DetectCodeSimilar/code-sim/results/formal-v1/batch3/pairs/R00734/left/Main.java,/Users/liuziqi/Documents/西大Graduate/Project_base/Code/Meng_ProjectBased_DetectCodeSimilar/code-sim/results/formal-v1/batch3/pairs/R00734/right/Main.java
R00735,s098592708.java,p03434,/Users/liuziqi/Documents/西大Graduate/Project_base/Code/Meng_ProjectBased_DetectCodeSimilar/code-sim/results/formal-v1/batch3/pairs/R00735/left/Main.java,/Users/liuziqi/Documents/西大Graduate/Project_base/Code/Meng_ProjectBased_DetectCodeSimilar/code-sim/results/formal-v1/batch3/pairs/R00735/right/Main.java
R00736,s156902928.java,p02658,/Users/liuziqi/Documents/西大Graduate/Project_base/Code/Meng_ProjectBased_DetectCodeSimilar/code-sim/results/formal-v1/batch3/pairs/R00736/left/Main.java,/Users/liuziqi/Documents/西大Graduate/Project_base/Code/Meng_ProjectBased_DetectCodeSimilar/code-sim/results/formal-v1/batch3/pairs/R00736/right/Main.java
R00737,s734744062.java,p02628,/Users/liuziqi/Documents/西大Graduate/Project_base/Code/Meng_ProjectBased_DetectCodeSimilar/code-sim/results/formal-v1/batch3/pairs/R00737/left/Main.java,/Users/liuziqi/Documents/西大Graduate/Project_base/Code/Meng_ProjectBased_DetectCodeSimilar/code-sim/results/formal-v1/batch3/pairs/R00737/right/Main.java
R00738,s928087254.java,p03474,/Users/liuziqi/Documents/西大Graduate/Project_base/Code/Meng_ProjectBased_DetectCodeSimilar/code-sim/results/formal-v1/batch3/pairs/R00738/left/Main.java,/Users/liuziqi/Documents/西大Graduate/Project_base/Code/Meng_ProjectBased_DetectCodeSimilar/code-sim/results/formal-v1/batch3/pairs/R00738/right/Main.java
R00739,s280758566.java,p03161,/Users/liuziqi/Documents/西大Graduate/Project_base/Code/Meng_ProjectBased_DetectCodeSimilar/code-sim/results/formal-v1/batch3/pairs/R00739/left/Main.java,/Users/liuziqi/Documents/西大Graduate/Project_base/Code/Meng_ProjectBased_DetectCodeSimilar/code-sim/results/formal-v1/batch3/pairs/R00739/right/Main.java
R00740,s744549789.java,p03000,/Users/liuziqi/Documents/西大Graduate/Project_base/Code/Meng_ProjectBased_DetectCodeSimilar/code-sim/results/formal-v1/batch3/pairs/R00740/left/Main.java,/Users/liuziqi/Documents/西大Graduate/Project_base/Code/Meng_ProjectBased_DetectCodeSimilar/code-sim/results/formal-v1/batch3/pairs/R00740/right/Main.java
R00741,s126529433.java,p03106,/Users/liuziqi/Documents/西大Graduate/Project_base/Code/Meng_ProjectBased_DetectCodeSimilar/code-sim/results/formal-v1/batch3/pairs/R00741/left/Main.java,/Users/liuziqi/Documents/西大Graduate/Project_base/Code/Meng_ProjectBased_DetectCodeSimilar/code-sim/results/formal-v1/batch3/pairs/R00741/right/Main.java
R00742,s753965487.java,p03632,/Users/liuziqi/Documents/西大Graduate/Project_base/Code/Meng_ProjectBased_DetectCodeSimilar/code-sim/results/formal-v1/batch3/pairs/R00742/left/Main.java,/Users/liuziqi/Documents/西大Graduate/Project_base/Code/Meng_ProjectBased_DetectCodeSimilar/code-sim/results/formal-v1/batch3/pairs/R00742/right/Main.java
R00743,s537073212.java,p02693,/Users/liuziqi/Documents/西大Graduate/Project_base/Code/Meng_ProjectBased_DetectCodeSimilar/code-sim/results/formal-v1/batch3/pairs/R00743/left/Main.java,/Users/liuziqi/Documents/西大Graduate/Project_base/Code/Meng_ProjectBased_DetectCodeSimilar/code-sim/results/formal-v1/batch3/pairs/R00743/right/Main.java
R00744,s350656273.java,p02718,/Users/liuziqi/Documents/西大Graduate/Project_base/Code/Meng_ProjectBased_DetectCodeSimilar/code-sim/results/formal-v1/batch3/pairs/R00744/left/Main.java,/Users/liuziqi/Documents/西大Graduate/Project_base/Code/Meng_ProjectBased_DetectCodeSimilar/code-sim/results/formal-v1/batch3/pairs/R00744/right/Main.java
R00745,s530969908.java,p02257,/Users/liuziqi/Documents/西大Graduate/Project_base/Code/Meng_ProjectBased_DetectCodeSimilar/code-sim/results/formal-v1/batch3/pairs/R00745/left/Main.java,/Users/liuziqi/Documents/西大Graduate/Project_base/Code/Meng_ProjectBased_DetectCodeSimilar/code-sim/results/formal-v1/batch3/pairs/R00745/right/Main.java
R00746,s148007689.java,p00001,/Users/liuziqi/Documents/西大Graduate/Project_base/Code/Meng_ProjectBased_DetectCodeSimilar/code-sim/results/formal-v1/batch3/pairs/R00746/left/Main.java,/Users/liuziqi/Documents/西大Graduate/Project_base/Code/Meng_ProjectBased_DetectCodeSimilar/code-sim/results/formal-v1/batch3/pairs/R00746/right/Main.java
R00747,s449988447.java,p03146,/Users/liuziqi/Documents/西大Graduate/Project_base/Code/Meng_ProjectBased_DetectCodeSimilar/code-sim/results/formal-v1/batch3/pairs/R00747/left/Main.java,/Users/liuziqi/Documents/西大Graduate/Project_base/Code/Meng_ProjectBased_DetectCodeSimilar/code-sim/results/formal-v1/batch3/pairs/R00747/right/Main.java
R00748,s984985546.java,p03042,/Users/liuziqi/Documents/西大Graduate/Project_base/Code/Meng_ProjectBased_DetectCodeSimilar/code-sim/results/formal-v1/batch3/pairs/R00748/left/Main.java,/Users/liuziqi/Documents/西大Graduate/Project_base/Code/Meng_ProjectBased_DetectCodeSimilar/code-sim/results/formal-v1/batch3/pairs/R00748/right/Main.java
R00749,s672325109.java,p03457,/Users/liuziqi/Documents/西大Graduate/Project_base/Code/Meng_ProjectBased_DetectCodeSimilar/code-sim/results/formal-v1/batch3/pairs/R00749/left/Main.java,/Users/liuziqi/Documents/西大Graduate/Project_base/Code/Meng_ProjectBased_DetectCodeSimilar/code-sim/results/formal-v1/batch3/pairs/R00749/right/Main.java
R00750,s303539147.java,p02723,/Users/liuziqi/Documents/西大Graduate/Project_base/Code/Meng_ProjectBased_DetectCodeSimilar/code-sim/results/formal-v1/batch3/pairs/R00750/left/Main.java,/Users/liuziqi/Documents/西大Graduate/Project_base/Code/Meng_ProjectBased_DetectCodeSimilar/code-sim/results/formal-v1/batch3/pairs/R00750/right/Main.java
R00751,s049207444.java,p04012,/Users/liuziqi/Documents/西大Graduate/Project_base/Code/Meng_ProjectBased_DetectCodeSimilar/code-sim/results/formal-v1/batch3/pairs/R00751/left/Main.java,/Users/liuziqi/Documents/西大Graduate/Project_base/Code/Meng_ProjectBased_DetectCodeSimilar/code-sim/results/formal-v1/batch3/pairs/R00751/right/Main.java
R00752,s083637041.java,p02547,/Users/liuziqi/Documents/西大Graduate/Project_base/Code/Meng_ProjectBased_DetectCodeSimilar/code-sim/results/formal-v1/batch3/pairs/R00752/left/Main.java,/Users/liuziqi/Documents/西大Graduate/Project_base/Code/Meng_ProjectBased_DetectCodeSimilar/code-sim/results/formal-v1/batch3/pairs/R00752/right/Main.java
R00753,s802715178.java,p03493,/Users/liuziqi/Documents/西大Graduate/Project_base/Code/Meng_ProjectBased_DetectCodeSimilar/code-sim/results/formal-v1/batch3/pairs/R00753/left/Main.java,/Users/liuziqi/Documents/西大Graduate/Project_base/Code/Meng_ProjectBased_DetectCodeSimilar/code-sim/results/formal-v1/batch3/pairs/R00753/right/Main.java
R00754,s306447694.java,p03106,/Users/liuziqi/Documents/西大Graduate/Project_base/Code/Meng_ProjectBased_DetectCodeSimilar/code-sim/results/formal-v1/batch3/pairs/R00754/left/Main.java,/Users/liuziqi/Documents/西大Graduate/Project_base/Code/Meng_ProjectBased_DetectCodeSimilar/code-sim/results/formal-v1/batch3/pairs/R00754/right/Main.java
R00755,s049109789.java,p03285,/Users/liuziqi/Documents/西大Graduate/Project_base/Code/Meng_ProjectBased_DetectCodeSimilar/code-sim/results/formal-v1/batch3/pairs/R00755/left/Main.java,/Users/liuziqi/Documents/西大Graduate/Project_base/Code/Meng_ProjectBased_DetectCodeSimilar/code-sim/results/formal-v1/batch3/pairs/R00755/right/Main.java
R00756,s851177370.java,p03695,/Users/liuziqi/Documents/西大Graduate/Project_base/Code/Meng_ProjectBased_DetectCodeSimilar/code-sim/results/formal-v1/batch3/pairs/R00756/left/Main.java,/Users/liuziqi/Documents/西大Graduate/Project_base/Code/Meng_ProjectBased_DetectCodeSimilar/code-sim/results/formal-v1/batch3/pairs/R00756/right/Main.java
R00757,s027865070.java,p02718,/Users/liuziqi/Documents/西大Graduate/Project_base/Code/Meng_ProjectBased_DetectCodeSimilar/code-sim/results/formal-v1/batch3/pairs/R00757/left/Main.java,/Users/liuziqi/Documents/西大Graduate/Project_base/Code/Meng_ProjectBased_DetectCodeSimilar/code-sim/results/formal-v1/batch3/pairs/R00757/right/Main.java
R00758,s354747244.java,p02553,/Users/liuziqi/Documents/西大Graduate/Project_base/Code/Meng_ProjectBased_DetectCodeSimilar/code-sim/results/formal-v1/batch3/pairs/R00758/left/Main.java,/Users/liuziqi/Documents/西大Graduate/Project_base/Code/Meng_ProjectBased_DetectCodeSimilar/code-sim/results/formal-v1/batch3/pairs/R00758/right/Main.java
R00759,s063144352.java,p03126,/Users/liuziqi/Documents/西大Graduate/Project_base/Code/Meng_ProjectBased_DetectCodeSimilar/code-sim/results/formal-v1/batch3/pairs/R00759/left/Main.java,/Users/liuziqi/Documents/西大Graduate/Project_base/Code/Meng_ProjectBased_DetectCodeSimilar/code-sim/results/formal-v1/batch3/pairs/R00759/right/Main.java
R00760,s782653481.java,p02790,/Users/liuziqi/Documents/西大Graduate/Project_base/Code/Meng_ProjectBased_DetectCodeSimilar/code-sim/results/formal-v1/batch3/pairs/R00760/left/Main.java,/Users/liuziqi/Documents/西大Graduate/Project_base/Code/Meng_ProjectBased_DetectCodeSimilar/code-sim/results/formal-v1/batch3/pairs/R00760/right/Main.java
R00761,s906761888.java,p03072,/Users/liuziqi/Documents/西大Graduate/Project_base/Code/Meng_ProjectBased_DetectCodeSimilar/code-sim/results/formal-v1/batch3/pairs/R00761/left/Main.java,/Users/liuziqi/Documents/西大Graduate/Project_base/Code/Meng_ProjectBased_DetectCodeSimilar/code-sim/results/formal-v1/batch3/pairs/R00761/right/Main.java
R00762,s063686997.java,p02409,/Users/liuziqi/Documents/西大Graduate/Project_base/Code/Meng_ProjectBased_DetectCodeSimilar/code-sim/results/formal-v1/batch3/pairs/R00762/left/Main.java,/Users/liuziqi/Documents/西大Graduate/Project_base/Code/Meng_ProjectBased_DetectCodeSimilar/code-sim/results/formal-v1/batch3/pairs/R00762/right/Main.java
R00763,s186375460.java,p02982,/Users/liuziqi/Documents/西大Graduate/Project_base/Code/Meng_ProjectBased_DetectCodeSimilar/code-sim/results/formal-v1/batch3/pairs/R00763/left/Main.java,/Users/liuziqi/Documents/西大Graduate/Project_base/Code/Meng_ProjectBased_DetectCodeSimilar/code-sim/results/formal-v1/batch3/pairs/R00763/right/Main.java
R00764,s226882200.java,p02701,/Users/liuziqi/Documents/西大Graduate/Project_base/Code/Meng_ProjectBased_DetectCodeSimilar/code-sim/results/formal-v1/batch3/pairs/R00764/left/Main.java,/Users/liuziqi/Documents/西大Graduate/Project_base/Code/Meng_ProjectBased_DetectCodeSimilar/code-sim/results/formal-v1/batch3/pairs/R00764/right/Main.java
R00765,s705863900.java,p03071,/Users/liuziqi/Documents/西大Graduate/Project_base/Code/Meng_ProjectBased_DetectCodeSimilar/code-sim/results/formal-v1/batch3/pairs/R00765/left/Main.java,/Users/liuziqi/Documents/西大Graduate/Project_base/Code/Meng_ProjectBased_DetectCodeSimilar/code-sim/results/formal-v1/batch3/pairs/R00765/right/Main.java
R00766,s614831500.java,p02911,/Users/liuziqi/Documents/西大Graduate/Project_base/Code/Meng_ProjectBased_DetectCodeSimilar/code-sim/results/formal-v1/batch3/pairs/R00766/left/Main.java,/Users/liuziqi/Documents/西大Graduate/Project_base/Code/Meng_ProjectBased_DetectCodeSimilar/code-sim/results/formal-v1/batch3/pairs/R00766/right/Main.java
R00767,s438393244.java,p03835,/Users/liuziqi/Documents/西大Graduate/Project_base/Code/Meng_ProjectBased_DetectCodeSimilar/code-sim/results/formal-v1/batch3/pairs/R00767/left/Main.java,/Users/liuziqi/Documents/西大Graduate/Project_base/Code/Meng_ProjectBased_DetectCodeSimilar/code-sim/results/formal-v1/batch3/pairs/R00767/right/Main.java
R00768,s214892213.java,p02971,/Users/liuziqi/Documents/西大Graduate/Project_base/Code/Meng_ProjectBased_DetectCodeSimilar/code-sim/results/formal-v1/batch3/pairs/R00768/left/Main.java,/Users/liuziqi/Documents/西大Graduate/Project_base/Code/Meng_ProjectBased_DetectCodeSimilar/code-sim/results/formal-v1/batch3/pairs/R00768/right/Main.java
R00769,s169861503.java,p03000,/Users/liuziqi/Documents/西大Graduate/Project_base/Code/Meng_ProjectBased_DetectCodeSimilar/code-sim/results/formal-v1/batch3/pairs/R00769/left/Main.java,/Users/liuziqi/Documents/西大Graduate/Project_base/Code/Meng_ProjectBased_DetectCodeSimilar/code-sim/results/formal-v1/batch3/pairs/R00769/right/Main.java
R00770,s820306844.java,p04030,/Users/liuziqi/Documents/西大Graduate/Project_base/Code/Meng_ProjectBased_DetectCodeSimilar/code-sim/results/formal-v1/batch3/pairs/R00770/left/Main.java,/Users/liuziqi/Documents/西大Graduate/Project_base/Code/Meng_ProjectBased_DetectCodeSimilar/code-sim/results/formal-v1/batch3/pairs/R00770/right/Main.java
R00771,s011853798.java,p03360,/Users/liuziqi/Documents/西大Graduate/Project_base/Code/Meng_ProjectBased_DetectCodeSimilar/code-sim/results/formal-v1/batch3/pairs/R00771/left/Main.java,/Users/liuziqi/Documents/西大Graduate/Project_base/Code/Meng_ProjectBased_DetectCodeSimilar/code-sim/results/formal-v1/batch3/pairs/R00771/right/Main.java
R00772,s665119283.java,p03013,/Users/liuziqi/Documents/西大Graduate/Project_base/Code/Meng_ProjectBased_DetectCodeSimilar/code-sim/results/formal-v1/batch3/pairs/R00772/left/Main.java,/Users/liuziqi/Documents/西大Graduate/Project_base/Code/Meng_ProjectBased_DetectCodeSimilar/code-sim/results/formal-v1/batch3/pairs/R00772/right/Main.java
R00773,s521989089.java,p03720,/Users/liuziqi/Documents/西大Graduate/Project_base/Code/Meng_ProjectBased_DetectCodeSimilar/code-sim/results/formal-v1/batch3/pairs/R00773/left/Main.java,/Users/liuziqi/Documents/西大Graduate/Project_base/Code/Meng_ProjectBased_DetectCodeSimilar/code-sim/results/formal-v1/batch3/pairs/R00773/right/Main.java
R00774,s096753283.java,p02829,/Users/liuziqi/Documents/西大Graduate/Project_base/Code/Meng_ProjectBased_DetectCodeSimilar/code-sim/results/formal-v1/batch3/pairs/R00774/left/Main.java,/Users/liuziqi/Documents/西大Graduate/Project_base/Code/Meng_ProjectBased_DetectCodeSimilar/code-sim/results/formal-v1/batch3/pairs/R00774/right/Main.java
R00775,s338634892.java,p02802,/Users/liuziqi/Documents/西大Graduate/Project_base/Code/Meng_ProjectBased_DetectCodeSimilar/code-sim/results/formal-v1/batch3/pairs/R00775/left/Main.java,/Users/liuziqi/Documents/西大Graduate/Project_base/Code/Meng_ProjectBased_DetectCodeSimilar/code-sim/results/formal-v1/batch3/pairs/R00775/right/Main.java
R00776,s069392436.java,p03076,/Users/liuziqi/Documents/西大Graduate/Project_base/Code/Meng_ProjectBased_DetectCodeSimilar/code-sim/results/formal-v1/batch3/pairs/R00776/left/Main.java,/Users/liuziqi/Documents/西大Graduate/Project_base/Code/Meng_ProjectBased_DetectCodeSimilar/code-sim/results/formal-v1/batch3/pairs/R00776/right/Main.java
R00777,s437797183.java,p02393,/Users/liuziqi/Documents/西大Graduate/Project_base/Code/Meng_ProjectBased_DetectCodeSimilar/code-sim/results/formal-v1/batch3/pairs/R00777/left/Main.java,/Users/liuziqi/Documents/西大Graduate/Project_base/Code/Meng_ProjectBased_DetectCodeSimilar/code-sim/results/formal-v1/batch3/pairs/R00777/right/Main.java
R00778,s695877882.java,p03470,/Users/liuziqi/Documents/西大Graduate/Project_base/Code/Meng_ProjectBased_DetectCodeSimilar/code-sim/results/formal-v1/batch3/pairs/R00778/left/Main.java,/Users/liuziqi/Documents/西大Graduate/Project_base/Code/Meng_ProjectBased_DetectCodeSimilar/code-sim/results/formal-v1/batch3/pairs/R00778/right/Main.java
R00779,s100568457.java,p04044,/Users/liuziqi/Documents/西大Graduate/Project_base/Code/Meng_ProjectBased_DetectCodeSimilar/code-sim/results/formal-v1/batch3/pairs/R00779/left/Main.java,/Users/liuziqi/Documents/西大Graduate/Project_base/Code/Meng_ProjectBased_DetectCodeSimilar/code-sim/results/formal-v1/batch3/pairs/R00779/right/Main.java
R00780,s818488959.java,p02971,/Users/liuziqi/Documents/西大Graduate/Project_base/Code/Meng_ProjectBased_DetectCodeSimilar/code-sim/results/formal-v1/batch3/pairs/R00780/left/Main.java,/Users/liuziqi/Documents/西大Graduate/Project_base/Code/Meng_ProjectBased_DetectCodeSimilar/code-sim/results/formal-v1/batch3/pairs/R00780/right/Main.java
R00781,s559861446.java,p02802,/Users/liuziqi/Documents/西大Graduate/Project_base/Code/Meng_ProjectBased_DetectCodeSimilar/code-sim/results/formal-v1/batch3/pairs/R00781/left/Main.java,/Users/liuziqi/Documents/西大Graduate/Project_base/Code/Meng_ProjectBased_DetectCodeSimilar/code-sim/results/formal-v1/batch3/pairs/R00781/right/Main.java
R00782,s719254461.java,p03147,/Users/liuziqi/Documents/西大Graduate/Project_base/Code/Meng_ProjectBased_DetectCodeSimilar/code-sim/results/formal-v1/batch3/pairs/R00782/left/Main.java,/Users/liuziqi/Documents/西大Graduate/Project_base/Code/Meng_ProjectBased_DetectCodeSimilar/code-sim/results/formal-v1/batch3/pairs/R00782/right/Main.java
R00783,s437528669.java,p02917,/Users/liuziqi/Documents/西大Graduate/Project_base/Code/Meng_ProjectBased_DetectCodeSimilar/code-sim/results/formal-v1/batch3/pairs/R00783/left/Main.java,/Users/liuziqi/Documents/西大Graduate/Project_base/Code/Meng_ProjectBased_DetectCodeSimilar/code-sim/results/formal-v1/batch3/pairs/R00783/right/Main.java
R00784,s483320649.java,p02993,/Users/liuziqi/Documents/西大Graduate/Project_base/Code/Meng_ProjectBased_DetectCodeSimilar/code-sim/results/formal-v1/batch3/pairs/R00784/left/Main.java,/Users/liuziqi/Documents/西大Graduate/Project_base/Code/Meng_ProjectBased_DetectCodeSimilar/code-sim/results/formal-v1/batch3/pairs/R00784/right/Main.java
R00785,s844439263.java,p02772,/Users/liuziqi/Documents/西大Graduate/Project_base/Code/Meng_ProjectBased_DetectCodeSimilar/code-sim/results/formal-v1/batch3/pairs/R00785/left/Main.java,/Users/liuziqi/Documents/西大Graduate/Project_base/Code/Meng_ProjectBased_DetectCodeSimilar/code-sim/results/formal-v1/batch3/pairs/R00785/right/Main.java
R00786,s323390327.java,p04030,/Users/liuziqi/Documents/西大Graduate/Project_base/Code/Meng_ProjectBased_DetectCodeSimilar/code-sim/results/formal-v1/batch3/pairs/R00786/left/Main.java,/Users/liuziqi/Documents/西大Graduate/Project_base/Code/Meng_ProjectBased_DetectCodeSimilar/code-sim/results/formal-v1/batch3/pairs/R00786/right/Main.java
R00787,s027457459.java,p00001,/Users/liuziqi/Documents/西大Graduate/Project_base/Code/Meng_ProjectBased_DetectCodeSimilar/code-sim/results/formal-v1/batch3/pairs/R00787/left/Main.java,/Users/liuziqi/Documents/西大Graduate/Project_base/Code/Meng_ProjectBased_DetectCodeSimilar/code-sim/results/formal-v1/batch3/pairs/R00787/right/Main.java
R00788,s230389363.java,p02785,/Users/liuziqi/Documents/西大Graduate/Project_base/Code/Meng_ProjectBased_DetectCodeSimilar/code-sim/results/formal-v1/batch3/pairs/R00788/left/Main.java,/Users/liuziqi/Documents/西大Graduate/Project_base/Code/Meng_ProjectBased_DetectCodeSimilar/code-sim/results/formal-v1/batch3/pairs/R00788/right/Main.java
R00789,s873644572.java,p00001,/Users/liuziqi/Documents/西大Graduate/Project_base/Code/Meng_ProjectBased_DetectCodeSimilar/code-sim/results/formal-v1/batch3/pairs/R00789/left/Main.java,/Users/liuziqi/Documents/西大Graduate/Project_base/Code/Meng_ProjectBased_DetectCodeSimilar/code-sim/results/formal-v1/batch3/pairs/R00789/right/Main.java
R00790,s755189693.java,p02923,/Users/liuziqi/Documents/西大Graduate/Project_base/Code/Meng_ProjectBased_DetectCodeSimilar/code-sim/results/formal-v1/batch3/pairs/R00790/left/Main.java,/Users/liuziqi/Documents/西大Graduate/Project_base/Code/Meng_ProjectBased_DetectCodeSimilar/code-sim/results/formal-v1/batch3/pairs/R00790/right/Main.java
R00791,s448289553.java,p03289,/Users/liuziqi/Documents/西大Graduate/Project_base/Code/Meng_ProjectBased_DetectCodeSimilar/code-sim/results/formal-v1/batch3/pairs/R00791/left/Main.java,/Users/liuziqi/Documents/西大Graduate/Project_base/Code/Meng_ProjectBased_DetectCodeSimilar/code-sim/results/formal-v1/batch3/pairs/R00791/right/Main.java
R00792,s284140352.java,p04044,/Users/liuziqi/Documents/西大Graduate/Project_base/Code/Meng_ProjectBased_DetectCodeSimilar/code-sim/results/formal-v1/batch3/pairs/R00792/left/Main.java,/Users/liuziqi/Documents/西大Graduate/Project_base/Code/Meng_ProjectBased_DetectCodeSimilar/code-sim/results/formal-v1/batch3/pairs/R00792/right/Main.java
R00793,s766427486.java,p02934,/Users/liuziqi/Documents/西大Graduate/Project_base/Code/Meng_ProjectBased_DetectCodeSimilar/code-sim/results/formal-v1/batch3/pairs/R00793/left/Main.java,/Users/liuziqi/Documents/西大Graduate/Project_base/Code/Meng_ProjectBased_DetectCodeSimilar/code-sim/results/formal-v1/batch3/pairs/R00793/right/Main.java
R00794,s895802573.java,p03041,/Users/liuziqi/Documents/西大Graduate/Project_base/Code/Meng_ProjectBased_DetectCodeSimilar/code-sim/results/formal-v1/batch3/pairs/R00794/left/Main.java,/Users/liuziqi/Documents/西大Graduate/Project_base/Code/Meng_ProjectBased_DetectCodeSimilar/code-sim/results/formal-v1/batch3/pairs/R00794/right/Main.java
R00795,s421153642.java,p02613,/Users/liuziqi/Documents/西大Graduate/Project_base/Code/Meng_ProjectBased_DetectCodeSimilar/code-sim/results/formal-v1/batch3/pairs/R00795/left/Main.java,/Users/liuziqi/Documents/西大Graduate/Project_base/Code/Meng_ProjectBased_DetectCodeSimilar/code-sim/results/formal-v1/batch3/pairs/R00795/right/Main.java
R00796,s337138021.java,p03457,/Users/liuziqi/Documents/西大Graduate/Project_base/Code/Meng_ProjectBased_DetectCodeSimilar/code-sim/results/formal-v1/batch3/pairs/R00796/left/Main.java,/Users/liuziqi/Documents/西大Graduate/Project_base/Code/Meng_ProjectBased_DetectCodeSimilar/code-sim/results/formal-v1/batch3/pairs/R00796/right/Main.java
R00797,s134706128.java,p03136,/Users/liuziqi/Documents/西大Graduate/Project_base/Code/Meng_ProjectBased_DetectCodeSimilar/code-sim/results/formal-v1/batch3/pairs/R00797/left/Main.java,/Users/liuziqi/Documents/西大Graduate/Project_base/Code/Meng_ProjectBased_DetectCodeSimilar/code-sim/results/formal-v1/batch3/pairs/R00797/right/Main.java
R00798,s288215072.java,p02595,/Users/liuziqi/Documents/西大Graduate/Project_base/Code/Meng_ProjectBased_DetectCodeSimilar/code-sim/results/formal-v1/batch3/pairs/R00798/left/Main.java,/Users/liuziqi/Documents/西大Graduate/Project_base/Code/Meng_ProjectBased_DetectCodeSimilar/code-sim/results/formal-v1/batch3/pairs/R00798/right/Main.java
R00799,s077560417.java,p02404,/Users/liuziqi/Documents/西大Graduate/Project_base/Code/Meng_ProjectBased_DetectCodeSimilar/code-sim/results/formal-v1/batch3/pairs/R00799/left/Main.java,/Users/liuziqi/Documents/西大Graduate/Project_base/Code/Meng_ProjectBased_DetectCodeSimilar/code-sim/results/formal-v1/batch3/pairs/R00799/right/Main.java
R00800,s882710540.java,p03060,/Users/liuziqi/Documents/西大Graduate/Project_base/Code/Meng_ProjectBased_DetectCodeSimilar/code-sim/results/formal-v1/batch3/pairs/R00800/left/Main.java,/Users/liuziqi/Documents/西大Graduate/Project_base/Code/Meng_ProjectBased_DetectCodeSimilar/code-sim/results/formal-v1/batch3/pairs/R00800/right/Main.java
R00801,s870789401.java,p03011,/Users/liuziqi/Documents/西大Graduate/Project_base/Code/Meng_ProjectBased_DetectCodeSimilar/code-sim/results/formal-v1/batch3/pairs/R00801/left/Main.java,/Users/liuziqi/Documents/西大Graduate/Project_base/Code/Meng_ProjectBased_DetectCodeSimilar/code-sim/results/formal-v1/batch3/pairs/R00801/right/Main.java
R00802,s455207491.java,p02399,/Users/liuziqi/Documents/西大Graduate/Project_base/Code/Meng_ProjectBased_DetectCodeSimilar/code-sim/results/formal-v1/batch3/pairs/R00802/left/Main.java,/Users/liuziqi/Documents/西大Graduate/Project_base/Code/Meng_ProjectBased_DetectCodeSimilar/code-sim/results/formal-v1/batch3/pairs/R00802/right/Main.java
R00803,s498733956.java,p02959,/Users/liuziqi/Documents/西大Graduate/Project_base/Code/Meng_ProjectBased_DetectCodeSimilar/code-sim/results/formal-v1/batch3/pairs/R00803/left/Main.java,/Users/liuziqi/Documents/西大Graduate/Project_base/Code/Meng_ProjectBased_DetectCodeSimilar/code-sim/results/formal-v1/batch3/pairs/R00803/right/Main.java
R00804,s093014459.java,p03261,/Users/liuziqi/Documents/西大Graduate/Project_base/Code/Meng_ProjectBased_DetectCodeSimilar/code-sim/results/formal-v1/batch3/pairs/R00804/left/Main.java,/Users/liuziqi/Documents/西大Graduate/Project_base/Code/Meng_ProjectBased_DetectCodeSimilar/code-sim/results/formal-v1/batch3/pairs/R00804/right/Main.java
R00805,s151028460.java,p02415,/Users/liuziqi/Documents/西大Graduate/Project_base/Code/Meng_ProjectBased_DetectCodeSimilar/code-sim/results/formal-v1/batch3/pairs/R00805/left/Main.java,/Users/liuziqi/Documents/西大Graduate/Project_base/Code/Meng_ProjectBased_DetectCodeSimilar/code-sim/results/formal-v1/batch3/pairs/R00805/right/Main.java
R00806,s668248527.java,p02899,/Users/liuziqi/Documents/西大Graduate/Project_base/Code/Meng_ProjectBased_DetectCodeSimilar/code-sim/results/formal-v1/batch3/pairs/R00806/left/Main.java,/Users/liuziqi/Documents/西大Graduate/Project_base/Code/Meng_ProjectBased_DetectCodeSimilar/code-sim/results/formal-v1/batch3/pairs/R00806/right/Main.java
R00807,s865224994.java,p02687,/Users/liuziqi/Documents/西大Graduate/Project_base/Code/Meng_ProjectBased_DetectCodeSimilar/code-sim/results/formal-v1/batch3/pairs/R00807/left/Main.java,/Users/liuziqi/Documents/西大Graduate/Project_base/Code/Meng_ProjectBased_DetectCodeSimilar/code-sim/results/formal-v1/batch3/pairs/R00807/right/Main.java
R00808,s447323377.java,p02407,/Users/liuziqi/Documents/西大Graduate/Project_base/Code/Meng_ProjectBased_DetectCodeSimilar/code-sim/results/formal-v1/batch3/pairs/R00808/left/Main.java,/Users/liuziqi/Documents/西大Graduate/Project_base/Code/Meng_ProjectBased_DetectCodeSimilar/code-sim/results/formal-v1/batch3/pairs/R00808/right/Main.java
R00809,s561091925.java,p02983,/Users/liuziqi/Documents/西大Graduate/Project_base/Code/Meng_ProjectBased_DetectCodeSimilar/code-sim/results/formal-v1/batch3/pairs/R00809/left/Main.java,/Users/liuziqi/Documents/西大Graduate/Project_base/Code/Meng_ProjectBased_DetectCodeSimilar/code-sim/results/formal-v1/batch3/pairs/R00809/right/Main.java
R00810,s992513891.java,p02771,/Users/liuziqi/Documents/西大Graduate/Project_base/Code/Meng_ProjectBased_DetectCodeSimilar/code-sim/results/formal-v1/batch3/pairs/R00810/left/Main.java,/Users/liuziqi/Documents/西大Graduate/Project_base/Code/Meng_ProjectBased_DetectCodeSimilar/code-sim/results/formal-v1/batch3/pairs/R00810/right/Main.java
R00811,s588596946.java,p00001,/Users/liuziqi/Documents/西大Graduate/Project_base/Code/Meng_ProjectBased_DetectCodeSimilar/code-sim/results/formal-v1/batch3/pairs/R00811/left/Main.java,/Users/liuziqi/Documents/西大Graduate/Project_base/Code/Meng_ProjectBased_DetectCodeSimilar/code-sim/results/formal-v1/batch3/pairs/R00811/right/Main.java
R00812,s550042090.java,p02987,/Users/liuziqi/Documents/西大Graduate/Project_base/Code/Meng_ProjectBased_DetectCodeSimilar/code-sim/results/formal-v1/batch3/pairs/R00812/left/Main.java,/Users/liuziqi/Documents/西大Graduate/Project_base/Code/Meng_ProjectBased_DetectCodeSimilar/code-sim/results/formal-v1/batch3/pairs/R00812/right/Main.java
R00813,s483459381.java,p02413,/Users/liuziqi/Documents/西大Graduate/Project_base/Code/Meng_ProjectBased_DetectCodeSimilar/code-sim/results/formal-v1/batch3/pairs/R00813/left/Main.java,/Users/liuziqi/Documents/西大Graduate/Project_base/Code/Meng_ProjectBased_DetectCodeSimilar/code-sim/results/formal-v1/batch3/pairs/R00813/right/Main.java
R00814,s852999069.java,p03471,/Users/liuziqi/Documents/西大Graduate/Project_base/Code/Meng_ProjectBased_DetectCodeSimilar/code-sim/results/formal-v1/batch3/pairs/R00814/left/Main.java,/Users/liuziqi/Documents/西大Graduate/Project_base/Code/Meng_ProjectBased_DetectCodeSimilar/code-sim/results/formal-v1/batch3/pairs/R00814/right/Main.java
R00815,s303172888.java,p02790,/Users/liuziqi/Documents/西大Graduate/Project_base/Code/Meng_ProjectBased_DetectCodeSimilar/code-sim/results/formal-v1/batch3/pairs/R00815/left/Main.java,/Users/liuziqi/Documents/西大Graduate/Project_base/Code/Meng_ProjectBased_DetectCodeSimilar/code-sim/results/formal-v1/batch3/pairs/R00815/right/Main.java
R00816,s073373897.java,p02398,/Users/liuziqi/Documents/西大Graduate/Project_base/Code/Meng_ProjectBased_DetectCodeSimilar/code-sim/results/formal-v1/batch3/pairs/R00816/left/Main.java,/Users/liuziqi/Documents/西大Graduate/Project_base/Code/Meng_ProjectBased_DetectCodeSimilar/code-sim/results/formal-v1/batch3/pairs/R00816/right/Main.java
R00817,s032273128.java,p03106,/Users/liuziqi/Documents/西大Graduate/Project_base/Code/Meng_ProjectBased_DetectCodeSimilar/code-sim/results/formal-v1/batch3/pairs/R00817/left/Main.java,/Users/liuziqi/Documents/西大Graduate/Project_base/Code/Meng_ProjectBased_DetectCodeSimilar/code-sim/results/formal-v1/batch3/pairs/R00817/right/Main.java
R00818,s099473460.java,p03471,/Users/liuziqi/Documents/西大Graduate/Project_base/Code/Meng_ProjectBased_DetectCodeSimilar/code-sim/results/formal-v1/batch3/pairs/R00818/left/Main.java,/Users/liuziqi/Documents/西大Graduate/Project_base/Code/Meng_ProjectBased_DetectCodeSimilar/code-sim/results/formal-v1/batch3/pairs/R00818/right/Main.java
R00819,s979180253.java,p03136,/Users/liuziqi/Documents/西大Graduate/Project_base/Code/Meng_ProjectBased_DetectCodeSimilar/code-sim/results/formal-v1/batch3/pairs/R00819/left/Main.java,/Users/liuziqi/Documents/西大Graduate/Project_base/Code/Meng_ProjectBased_DetectCodeSimilar/code-sim/results/formal-v1/batch3/pairs/R00819/right/Main.java
R00820,s345813272.java,p02628,/Users/liuziqi/Documents/西大Graduate/Project_base/Code/Meng_ProjectBased_DetectCodeSimilar/code-sim/results/formal-v1/batch3/pairs/R00820/left/Main.java,/Users/liuziqi/Documents/西大Graduate/Project_base/Code/Meng_ProjectBased_DetectCodeSimilar/code-sim/results/formal-v1/batch3/pairs/R00820/right/Main.java
R00821,s212329521.java,p03042,/Users/liuziqi/Documents/西大Graduate/Project_base/Code/Meng_ProjectBased_DetectCodeSimilar/code-sim/results/formal-v1/batch3/pairs/R00821/left/Main.java,/Users/liuziqi/Documents/西大Graduate/Project_base/Code/Meng_ProjectBased_DetectCodeSimilar/code-sim/results/formal-v1/batch3/pairs/R00821/right/Main.java
R00822,s930260985.java,p02730,/Users/liuziqi/Documents/西大Graduate/Project_base/Code/Meng_ProjectBased_DetectCodeSimilar/code-sim/results/formal-v1/batch3/pairs/R00822/left/Main.java,/Users/liuziqi/Documents/西大Graduate/Project_base/Code/Meng_ProjectBased_DetectCodeSimilar/code-sim/results/formal-v1/batch3/pairs/R00822/right/Main.java
R00823,s558526517.java,p03012,/Users/liuziqi/Documents/西大Graduate/Project_base/Code/Meng_ProjectBased_DetectCodeSimilar/code-sim/results/formal-v1/batch3/pairs/R00823/left/Main.java,/Users/liuziqi/Documents/西大Graduate/Project_base/Code/Meng_ProjectBased_DetectCodeSimilar/code-sim/results/formal-v1/batch3/pairs/R00823/right/Main.java
R00824,s872309212.java,p02910,/Users/liuziqi/Documents/西大Graduate/Project_base/Code/Meng_ProjectBased_DetectCodeSimilar/code-sim/results/formal-v1/batch3/pairs/R00824/left/Main.java,/Users/liuziqi/Documents/西大Graduate/Project_base/Code/Meng_ProjectBased_DetectCodeSimilar/code-sim/results/formal-v1/batch3/pairs/R00824/right/Main.java
R00825,s511882964.java,p02687,/Users/liuziqi/Documents/西大Graduate/Project_base/Code/Meng_ProjectBased_DetectCodeSimilar/code-sim/results/formal-v1/batch3/pairs/R00825/left/Main.java,/Users/liuziqi/Documents/西大Graduate/Project_base/Code/Meng_ProjectBased_DetectCodeSimilar/code-sim/results/formal-v1/batch3/pairs/R00825/right/Main.java
R00826,s086702661.java,p03220,/Users/liuziqi/Documents/西大Graduate/Project_base/Code/Meng_ProjectBased_DetectCodeSimilar/code-sim/results/formal-v1/batch3/pairs/R00826/left/Main.java,/Users/liuziqi/Documents/西大Graduate/Project_base/Code/Meng_ProjectBased_DetectCodeSimilar/code-sim/results/formal-v1/batch3/pairs/R00826/right/Main.java
R00827,s245521763.java,p03360,/Users/liuziqi/Documents/西大Graduate/Project_base/Code/Meng_ProjectBased_DetectCodeSimilar/code-sim/results/formal-v1/batch3/pairs/R00827/left/Main.java,/Users/liuziqi/Documents/西大Graduate/Project_base/Code/Meng_ProjectBased_DetectCodeSimilar/code-sim/results/formal-v1/batch3/pairs/R00827/right/Main.java
R00828,s546738426.java,p02785,/Users/liuziqi/Documents/西大Graduate/Project_base/Code/Meng_ProjectBased_DetectCodeSimilar/code-sim/results/formal-v1/batch3/pairs/R00828/left/Main.java,/Users/liuziqi/Documents/西大Graduate/Project_base/Code/Meng_ProjectBased_DetectCodeSimilar/code-sim/results/formal-v1/batch3/pairs/R00828/right/Main.java
R00829,s336008313.java,p02935,/Users/liuziqi/Documents/西大Graduate/Project_base/Code/Meng_ProjectBased_DetectCodeSimilar/code-sim/results/formal-v1/batch3/pairs/R00829/left/Main.java,/Users/liuziqi/Documents/西大Graduate/Project_base/Code/Meng_ProjectBased_DetectCodeSimilar/code-sim/results/formal-v1/batch3/pairs/R00829/right/Main.java
R00830,s571607463.java,p03308,/Users/liuziqi/Documents/西大Graduate/Project_base/Code/Meng_ProjectBased_DetectCodeSimilar/code-sim/results/formal-v1/batch3/pairs/R00830/left/Main.java,/Users/liuziqi/Documents/西大Graduate/Project_base/Code/Meng_ProjectBased_DetectCodeSimilar/code-sim/results/formal-v1/batch3/pairs/R00830/right/Main.java
R00831,s566270651.java,p03680,/Users/liuziqi/Documents/西大Graduate/Project_base/Code/Meng_ProjectBased_DetectCodeSimilar/code-sim/results/formal-v1/batch3/pairs/R00831/left/Main.java,/Users/liuziqi/Documents/西大Graduate/Project_base/Code/Meng_ProjectBased_DetectCodeSimilar/code-sim/results/formal-v1/batch3/pairs/R00831/right/Main.java
R00832,s643347625.java,p02773,/Users/liuziqi/Documents/西大Graduate/Project_base/Code/Meng_ProjectBased_DetectCodeSimilar/code-sim/results/formal-v1/batch3/pairs/R00832/left/Main.java,/Users/liuziqi/Documents/西大Graduate/Project_base/Code/Meng_ProjectBased_DetectCodeSimilar/code-sim/results/formal-v1/batch3/pairs/R00832/right/Main.java
R00833,s138439900.java,p02922,/Users/liuziqi/Documents/西大Graduate/Project_base/Code/Meng_ProjectBased_DetectCodeSimilar/code-sim/results/formal-v1/batch3/pairs/R00833/left/Main.java,/Users/liuziqi/Documents/西大Graduate/Project_base/Code/Meng_ProjectBased_DetectCodeSimilar/code-sim/results/formal-v1/batch3/pairs/R00833/right/Main.java
R00834,s181961156.java,p02414,/Users/liuziqi/Documents/西大Graduate/Project_base/Code/Meng_ProjectBased_DetectCodeSimilar/code-sim/results/formal-v1/batch3/pairs/R00834/left/Main.java,/Users/liuziqi/Documents/西大Graduate/Project_base/Code/Meng_ProjectBased_DetectCodeSimilar/code-sim/results/formal-v1/batch3/pairs/R00834/right/Main.java
R00835,s499283441.java,p02725,/Users/liuziqi/Documents/西大Graduate/Project_base/Code/Meng_ProjectBased_DetectCodeSimilar/code-sim/results/formal-v1/batch3/pairs/R00835/left/Main.java,/Users/liuziqi/Documents/西大Graduate/Project_base/Code/Meng_ProjectBased_DetectCodeSimilar/code-sim/results/formal-v1/batch3/pairs/R00835/right/Main.java
R00836,s082209106.java,p03282,/Users/liuziqi/Documents/西大Graduate/Project_base/Code/Meng_ProjectBased_DetectCodeSimilar/code-sim/results/formal-v1/batch3/pairs/R00836/left/Main.java,/Users/liuziqi/Documents/西大Graduate/Project_base/Code/Meng_ProjectBased_DetectCodeSimilar/code-sim/results/formal-v1/batch3/pairs/R00836/right/Main.java
R00837,s188115195.java,p02724,/Users/liuziqi/Documents/西大Graduate/Project_base/Code/Meng_ProjectBased_DetectCodeSimilar/code-sim/results/formal-v1/batch3/pairs/R00837/left/Main.java,/Users/liuziqi/Documents/西大Graduate/Project_base/Code/Meng_ProjectBased_DetectCodeSimilar/code-sim/results/formal-v1/batch3/pairs/R00837/right/Main.java
R00838,s439541986.java,p03041,/Users/liuziqi/Documents/西大Graduate/Project_base/Code/Meng_ProjectBased_DetectCodeSimilar/code-sim/results/formal-v1/batch3/pairs/R00838/left/Main.java,/Users/liuziqi/Documents/西大Graduate/Project_base/Code/Meng_ProjectBased_DetectCodeSimilar/code-sim/results/formal-v1/batch3/pairs/R00838/right/Main.java
R00839,s501979922.java,p02725,/Users/liuziqi/Documents/西大Graduate/Project_base/Code/Meng_ProjectBased_DetectCodeSimilar/code-sim/results/formal-v1/batch3/pairs/R00839/left/Main.java,/Users/liuziqi/Documents/西大Graduate/Project_base/Code/Meng_ProjectBased_DetectCodeSimilar/code-sim/results/formal-v1/batch3/pairs/R00839/right/Main.java
R00840,s324441249.java,p04043,/Users/liuziqi/Documents/西大Graduate/Project_base/Code/Meng_ProjectBased_DetectCodeSimilar/code-sim/results/formal-v1/batch3/pairs/R00840/left/Main.java,/Users/liuziqi/Documents/西大Graduate/Project_base/Code/Meng_ProjectBased_DetectCodeSimilar/code-sim/results/formal-v1/batch3/pairs/R00840/right/Main.java
R00841,s374398699.java,p02784,/Users/liuziqi/Documents/西大Graduate/Project_base/Code/Meng_ProjectBased_DetectCodeSimilar/code-sim/results/formal-v1/batch3/pairs/R00841/left/Main.java,/Users/liuziqi/Documents/西大Graduate/Project_base/Code/Meng_ProjectBased_DetectCodeSimilar/code-sim/results/formal-v1/batch3/pairs/R00841/right/Main.java
R00842,s365262415.java,p02712,/Users/liuziqi/Documents/西大Graduate/Project_base/Code/Meng_ProjectBased_DetectCodeSimilar/code-sim/results/formal-v1/batch3/pairs/R00842/left/Main.java,/Users/liuziqi/Documents/西大Graduate/Project_base/Code/Meng_ProjectBased_DetectCodeSimilar/code-sim/results/formal-v1/batch3/pairs/R00842/right/Main.java
R00843,s844134351.java,p02547,/Users/liuziqi/Documents/西大Graduate/Project_base/Code/Meng_ProjectBased_DetectCodeSimilar/code-sim/results/formal-v1/batch3/pairs/R00843/left/Main.java,/Users/liuziqi/Documents/西大Graduate/Project_base/Code/Meng_ProjectBased_DetectCodeSimilar/code-sim/results/formal-v1/batch3/pairs/R00843/right/Main.java
R00844,s952312283.java,p03242,/Users/liuziqi/Documents/西大Graduate/Project_base/Code/Meng_ProjectBased_DetectCodeSimilar/code-sim/results/formal-v1/batch3/pairs/R00844/left/Main.java,/Users/liuziqi/Documents/西大Graduate/Project_base/Code/Meng_ProjectBased_DetectCodeSimilar/code-sim/results/formal-v1/batch3/pairs/R00844/right/Main.java
R00845,s781183752.java,p00003,/Users/liuziqi/Documents/西大Graduate/Project_base/Code/Meng_ProjectBased_DetectCodeSimilar/code-sim/results/formal-v1/batch3/pairs/R00845/left/Main.java,/Users/liuziqi/Documents/西大Graduate/Project_base/Code/Meng_ProjectBased_DetectCodeSimilar/code-sim/results/formal-v1/batch3/pairs/R00845/right/Main.java
R00846,s642529428.java,p03059,/Users/liuziqi/Documents/西大Graduate/Project_base/Code/Meng_ProjectBased_DetectCodeSimilar/code-sim/results/formal-v1/batch3/pairs/R00846/left/Main.java,/Users/liuziqi/Documents/西大Graduate/Project_base/Code/Meng_ProjectBased_DetectCodeSimilar/code-sim/results/formal-v1/batch3/pairs/R00846/right/Main.java
R00847,s907181245.java,p02755,/Users/liuziqi/Documents/西大Graduate/Project_base/Code/Meng_ProjectBased_DetectCodeSimilar/code-sim/results/formal-v1/batch3/pairs/R00847/left/Main.java,/Users/liuziqi/Documents/西大Graduate/Project_base/Code/Meng_ProjectBased_DetectCodeSimilar/code-sim/results/formal-v1/batch3/pairs/R00847/right/Main.java
R00848,s207930814.java,p03073,/Users/liuziqi/Documents/西大Graduate/Project_base/Code/Meng_ProjectBased_DetectCodeSimilar/code-sim/results/formal-v1/batch3/pairs/R00848/left/Main.java,/Users/liuziqi/Documents/西大Graduate/Project_base/Code/Meng_ProjectBased_DetectCodeSimilar/code-sim/results/formal-v1/batch3/pairs/R00848/right/Main.java
R00849,s714431574.java,p02951,/Users/liuziqi/Documents/西大Graduate/Project_base/Code/Meng_ProjectBased_DetectCodeSimilar/code-sim/results/formal-v1/batch3/pairs/R00849/left/Main.java,/Users/liuziqi/Documents/西大Graduate/Project_base/Code/Meng_ProjectBased_DetectCodeSimilar/code-sim/results/formal-v1/batch3/pairs/R00849/right/Main.java
R00850,s487493237.java,p02613,/Users/liuziqi/Documents/西大Graduate/Project_base/Code/Meng_ProjectBased_DetectCodeSimilar/code-sim/results/formal-v1/batch3/pairs/R00850/left/Main.java,/Users/liuziqi/Documents/西大Graduate/Project_base/Code/Meng_ProjectBased_DetectCodeSimilar/code-sim/results/formal-v1/batch3/pairs/R00850/right/Main.java
R00851,s934638466.java,p03695,/Users/liuziqi/Documents/西大Graduate/Project_base/Code/Meng_ProjectBased_DetectCodeSimilar/code-sim/results/formal-v1/batch3/pairs/R00851/left/Main.java,/Users/liuziqi/Documents/西大Graduate/Project_base/Code/Meng_ProjectBased_DetectCodeSimilar/code-sim/results/formal-v1/batch3/pairs/R00851/right/Main.java
R00852,s176955939.java,p02410,/Users/liuziqi/Documents/西大Graduate/Project_base/Code/Meng_ProjectBased_DetectCodeSimilar/code-sim/results/formal-v1/batch3/pairs/R00852/left/Main.java,/Users/liuziqi/Documents/西大Graduate/Project_base/Code/Meng_ProjectBased_DetectCodeSimilar/code-sim/results/formal-v1/batch3/pairs/R00852/right/Main.java
R00853,s937124695.java,p02717,/Users/liuziqi/Documents/西大Graduate/Project_base/Code/Meng_ProjectBased_DetectCodeSimilar/code-sim/results/formal-v1/batch3/pairs/R00853/left/Main.java,/Users/liuziqi/Documents/西大Graduate/Project_base/Code/Meng_ProjectBased_DetectCodeSimilar/code-sim/results/formal-v1/batch3/pairs/R00853/right/Main.java
R00854,s373911196.java,p02260,/Users/liuziqi/Documents/西大Graduate/Project_base/Code/Meng_ProjectBased_DetectCodeSimilar/code-sim/results/formal-v1/batch3/pairs/R00854/left/Main.java,/Users/liuziqi/Documents/西大Graduate/Project_base/Code/Meng_ProjectBased_DetectCodeSimilar/code-sim/results/formal-v1/batch3/pairs/R00854/right/Main.java
R00855,s539332614.java,p02754,/Users/liuziqi/Documents/西大Graduate/Project_base/Code/Meng_ProjectBased_DetectCodeSimilar/code-sim/results/formal-v1/batch3/pairs/R00855/left/Main.java,/Users/liuziqi/Documents/西大Graduate/Project_base/Code/Meng_ProjectBased_DetectCodeSimilar/code-sim/results/formal-v1/batch3/pairs/R00855/right/Main.java
R00856,s608223837.java,p02832,/Users/liuziqi/Documents/西大Graduate/Project_base/Code/Meng_ProjectBased_DetectCodeSimilar/code-sim/results/formal-v1/batch3/pairs/R00856/left/Main.java,/Users/liuziqi/Documents/西大Graduate/Project_base/Code/Meng_ProjectBased_DetectCodeSimilar/code-sim/results/formal-v1/batch3/pairs/R00856/right/Main.java
R00857,s868773844.java,p02268,/Users/liuziqi/Documents/西大Graduate/Project_base/Code/Meng_ProjectBased_DetectCodeSimilar/code-sim/results/formal-v1/batch3/pairs/R00857/left/Main.java,/Users/liuziqi/Documents/西大Graduate/Project_base/Code/Meng_ProjectBased_DetectCodeSimilar/code-sim/results/formal-v1/batch3/pairs/R00857/right/Main.java
R00858,s748300002.java,p03075,/Users/liuziqi/Documents/西大Graduate/Project_base/Code/Meng_ProjectBased_DetectCodeSimilar/code-sim/results/formal-v1/batch3/pairs/R00858/left/Main.java,/Users/liuziqi/Documents/西大Graduate/Project_base/Code/Meng_ProjectBased_DetectCodeSimilar/code-sim/results/formal-v1/batch3/pairs/R00858/right/Main.java
R00859,s424333611.java,p03160,/Users/liuziqi/Documents/西大Graduate/Project_base/Code/Meng_ProjectBased_DetectCodeSimilar/code-sim/results/formal-v1/batch3/pairs/R00859/left/Main.java,/Users/liuziqi/Documents/西大Graduate/Project_base/Code/Meng_ProjectBased_DetectCodeSimilar/code-sim/results/formal-v1/batch3/pairs/R00859/right/Main.java
R00860,s167931508.java,p02613,/Users/liuziqi/Documents/西大Graduate/Project_base/Code/Meng_ProjectBased_DetectCodeSimilar/code-sim/results/formal-v1/batch3/pairs/R00860/left/Main.java,/Users/liuziqi/Documents/西大Graduate/Project_base/Code/Meng_ProjectBased_DetectCodeSimilar/code-sim/results/formal-v1/batch3/pairs/R00860/right/Main.java
R00861,s921494399.java,p02958,/Users/liuziqi/Documents/西大Graduate/Project_base/Code/Meng_ProjectBased_DetectCodeSimilar/code-sim/results/formal-v1/batch3/pairs/R00861/left/Main.java,/Users/liuziqi/Documents/西大Graduate/Project_base/Code/Meng_ProjectBased_DetectCodeSimilar/code-sim/results/formal-v1/batch3/pairs/R00861/right/Main.java
R00862,s309320196.java,p02880,/Users/liuziqi/Documents/西大Graduate/Project_base/Code/Meng_ProjectBased_DetectCodeSimilar/code-sim/results/formal-v1/batch3/pairs/R00862/left/Main.java,/Users/liuziqi/Documents/西大Graduate/Project_base/Code/Meng_ProjectBased_DetectCodeSimilar/code-sim/results/formal-v1/batch3/pairs/R00862/right/Main.java
R00863,s862694563.java,p02899,/Users/liuziqi/Documents/西大Graduate/Project_base/Code/Meng_ProjectBased_DetectCodeSimilar/code-sim/results/formal-v1/batch3/pairs/R00863/left/Main.java,/Users/liuziqi/Documents/西大Graduate/Project_base/Code/Meng_ProjectBased_DetectCodeSimilar/code-sim/results/formal-v1/batch3/pairs/R00863/right/Main.java
R00864,s192606239.java,p02264,/Users/liuziqi/Documents/西大Graduate/Project_base/Code/Meng_ProjectBased_DetectCodeSimilar/code-sim/results/formal-v1/batch3/pairs/R00864/left/Main.java,/Users/liuziqi/Documents/西大Graduate/Project_base/Code/Meng_ProjectBased_DetectCodeSimilar/code-sim/results/formal-v1/batch3/pairs/R00864/right/Main.java
R00865,s723585464.java,p03325,/Users/liuziqi/Documents/西大Graduate/Project_base/Code/Meng_ProjectBased_DetectCodeSimilar/code-sim/results/formal-v1/batch3/pairs/R00865/left/Main.java,/Users/liuziqi/Documents/西大Graduate/Project_base/Code/Meng_ProjectBased_DetectCodeSimilar/code-sim/results/formal-v1/batch3/pairs/R00865/right/Main.java
R00866,s912354296.java,p02417,/Users/liuziqi/Documents/西大Graduate/Project_base/Code/Meng_ProjectBased_DetectCodeSimilar/code-sim/results/formal-v1/batch3/pairs/R00866/left/Main.java,/Users/liuziqi/Documents/西大Graduate/Project_base/Code/Meng_ProjectBased_DetectCodeSimilar/code-sim/results/formal-v1/batch3/pairs/R00866/right/Main.java
R00867,s186207248.java,p02946,/Users/liuziqi/Documents/西大Graduate/Project_base/Code/Meng_ProjectBased_DetectCodeSimilar/code-sim/results/formal-v1/batch3/pairs/R00867/left/Main.java,/Users/liuziqi/Documents/西大Graduate/Project_base/Code/Meng_ProjectBased_DetectCodeSimilar/code-sim/results/formal-v1/batch3/pairs/R00867/right/Main.java
R00868,s784650394.java,p03470,/Users/liuziqi/Documents/西大Graduate/Project_base/Code/Meng_ProjectBased_DetectCodeSimilar/code-sim/results/formal-v1/batch3/pairs/R00868/left/Main.java,/Users/liuziqi/Documents/西大Graduate/Project_base/Code/Meng_ProjectBased_DetectCodeSimilar/code-sim/results/formal-v1/batch3/pairs/R00868/right/Main.java
R00869,s899404244.java,p02578,/Users/liuziqi/Documents/西大Graduate/Project_base/Code/Meng_ProjectBased_DetectCodeSimilar/code-sim/results/formal-v1/batch3/pairs/R00869/left/Main.java,/Users/liuziqi/Documents/西大Graduate/Project_base/Code/Meng_ProjectBased_DetectCodeSimilar/code-sim/results/formal-v1/batch3/pairs/R00869/right/Main.java
R00870,s251771459.java,p02582,/Users/liuziqi/Documents/西大Graduate/Project_base/Code/Meng_ProjectBased_DetectCodeSimilar/code-sim/results/formal-v1/batch3/pairs/R00870/left/Main.java,/Users/liuziqi/Documents/西大Graduate/Project_base/Code/Meng_ProjectBased_DetectCodeSimilar/code-sim/results/formal-v1/batch3/pairs/R00870/right/Main.java
R00871,s668926448.java,p03013,/Users/liuziqi/Documents/西大Graduate/Project_base/Code/Meng_ProjectBased_DetectCodeSimilar/code-sim/results/formal-v1/batch3/pairs/R00871/left/Main.java,/Users/liuziqi/Documents/西大Graduate/Project_base/Code/Meng_ProjectBased_DetectCodeSimilar/code-sim/results/formal-v1/batch3/pairs/R00871/right/Main.java
R00872,s763149310.java,p02681,/Users/liuziqi/Documents/西大Graduate/Project_base/Code/Meng_ProjectBased_DetectCodeSimilar/code-sim/results/formal-v1/batch3/pairs/R00872/left/Main.java,/Users/liuziqi/Documents/西大Graduate/Project_base/Code/Meng_ProjectBased_DetectCodeSimilar/code-sim/results/formal-v1/batch3/pairs/R00872/right/Main.java
R00873,s418998392.java,p02419,/Users/liuziqi/Documents/西大Graduate/Project_base/Code/Meng_ProjectBased_DetectCodeSimilar/code-sim/results/formal-v1/batch3/pairs/R00873/left/Main.java,/Users/liuziqi/Documents/西大Graduate/Project_base/Code/Meng_ProjectBased_DetectCodeSimilar/code-sim/results/formal-v1/batch3/pairs/R00873/right/Main.java
R00874,s549485765.java,p03060,/Users/liuziqi/Documents/西大Graduate/Project_base/Code/Meng_ProjectBased_DetectCodeSimilar/code-sim/results/formal-v1/batch3/pairs/R00874/left/Main.java,/Users/liuziqi/Documents/西大Graduate/Project_base/Code/Meng_ProjectBased_DetectCodeSimilar/code-sim/results/formal-v1/batch3/pairs/R00874/right/Main.java
R00875,s567113495.java,p02923,/Users/liuziqi/Documents/西大Graduate/Project_base/Code/Meng_ProjectBased_DetectCodeSimilar/code-sim/results/formal-v1/batch3/pairs/R00875/left/Main.java,/Users/liuziqi/Documents/西大Graduate/Project_base/Code/Meng_ProjectBased_DetectCodeSimilar/code-sim/results/formal-v1/batch3/pairs/R00875/right/Main.java
R00876,s038800703.java,p03493,/Users/liuziqi/Documents/西大Graduate/Project_base/Code/Meng_ProjectBased_DetectCodeSimilar/code-sim/results/formal-v1/batch3/pairs/R00876/left/Main.java,/Users/liuziqi/Documents/西大Graduate/Project_base/Code/Meng_ProjectBased_DetectCodeSimilar/code-sim/results/formal-v1/batch3/pairs/R00876/right/Main.java
R00877,s640061695.java,p03494,/Users/liuziqi/Documents/西大Graduate/Project_base/Code/Meng_ProjectBased_DetectCodeSimilar/code-sim/results/formal-v1/batch3/pairs/R00877/left/Main.java,/Users/liuziqi/Documents/西大Graduate/Project_base/Code/Meng_ProjectBased_DetectCodeSimilar/code-sim/results/formal-v1/batch3/pairs/R00877/right/Main.java
R00878,s838980397.java,p02994,/Users/liuziqi/Documents/西大Graduate/Project_base/Code/Meng_ProjectBased_DetectCodeSimilar/code-sim/results/formal-v1/batch3/pairs/R00878/left/Main.java,/Users/liuziqi/Documents/西大Graduate/Project_base/Code/Meng_ProjectBased_DetectCodeSimilar/code-sim/results/formal-v1/batch3/pairs/R00878/right/Main.java
R00879,s624304737.java,p02779,/Users/liuziqi/Documents/西大Graduate/Project_base/Code/Meng_ProjectBased_DetectCodeSimilar/code-sim/results/formal-v1/batch3/pairs/R00879/left/Main.java,/Users/liuziqi/Documents/西大Graduate/Project_base/Code/Meng_ProjectBased_DetectCodeSimilar/code-sim/results/formal-v1/batch3/pairs/R00879/right/Main.java
R00880,s663057529.java,p03493,/Users/liuziqi/Documents/西大Graduate/Project_base/Code/Meng_ProjectBased_DetectCodeSimilar/code-sim/results/formal-v1/batch3/pairs/R00880/left/Main.java,/Users/liuziqi/Documents/西大Graduate/Project_base/Code/Meng_ProjectBased_DetectCodeSimilar/code-sim/results/formal-v1/batch3/pairs/R00880/right/Main.java
R00881,s829480444.java,p02700,/Users/liuziqi/Documents/西大Graduate/Project_base/Code/Meng_ProjectBased_DetectCodeSimilar/code-sim/results/formal-v1/batch3/pairs/R00881/left/Main.java,/Users/liuziqi/Documents/西大Graduate/Project_base/Code/Meng_ProjectBased_DetectCodeSimilar/code-sim/results/formal-v1/batch3/pairs/R00881/right/Main.java
R00882,s642823582.java,p02628,/Users/liuziqi/Documents/西大Graduate/Project_base/Code/Meng_ProjectBased_DetectCodeSimilar/code-sim/results/formal-v1/batch3/pairs/R00882/left/Main.java,/Users/liuziqi/Documents/西大Graduate/Project_base/Code/Meng_ProjectBased_DetectCodeSimilar/code-sim/results/formal-v1/batch3/pairs/R00882/right/Main.java
R00883,s592319759.java,p02958,/Users/liuziqi/Documents/西大Graduate/Project_base/Code/Meng_ProjectBased_DetectCodeSimilar/code-sim/results/formal-v1/batch3/pairs/R00883/left/Main.java,/Users/liuziqi/Documents/西大Graduate/Project_base/Code/Meng_ProjectBased_DetectCodeSimilar/code-sim/results/formal-v1/batch3/pairs/R00883/right/Main.java
R00884,s141733714.java,p03315,/Users/liuziqi/Documents/西大Graduate/Project_base/Code/Meng_ProjectBased_DetectCodeSimilar/code-sim/results/formal-v1/batch3/pairs/R00884/left/Main.java,/Users/liuziqi/Documents/西大Graduate/Project_base/Code/Meng_ProjectBased_DetectCodeSimilar/code-sim/results/formal-v1/batch3/pairs/R00884/right/Main.java
R00885,s295461846.java,p02779,/Users/liuziqi/Documents/西大Graduate/Project_base/Code/Meng_ProjectBased_DetectCodeSimilar/code-sim/results/formal-v1/batch3/pairs/R00885/left/Main.java,/Users/liuziqi/Documents/西大Graduate/Project_base/Code/Meng_ProjectBased_DetectCodeSimilar/code-sim/results/formal-v1/batch3/pairs/R00885/right/Main.java
R00886,s642478669.java,p03087,/Users/liuziqi/Documents/西大Graduate/Project_base/Code/Meng_ProjectBased_DetectCodeSimilar/code-sim/results/formal-v1/batch3/pairs/R00886/left/Main.java,/Users/liuziqi/Documents/西大Graduate/Project_base/Code/Meng_ProjectBased_DetectCodeSimilar/code-sim/results/formal-v1/batch3/pairs/R00886/right/Main.java
R00887,s809793787.java,p02399,/Users/liuziqi/Documents/西大Graduate/Project_base/Code/Meng_ProjectBased_DetectCodeSimilar/code-sim/results/formal-v1/batch3/pairs/R00887/left/Main.java,/Users/liuziqi/Documents/西大Graduate/Project_base/Code/Meng_ProjectBased_DetectCodeSimilar/code-sim/results/formal-v1/batch3/pairs/R00887/right/Main.java
R00888,s337328989.java,p02988,/Users/liuziqi/Documents/西大Graduate/Project_base/Code/Meng_ProjectBased_DetectCodeSimilar/code-sim/results/formal-v1/batch3/pairs/R00888/left/Main.java,/Users/liuziqi/Documents/西大Graduate/Project_base/Code/Meng_ProjectBased_DetectCodeSimilar/code-sim/results/formal-v1/batch3/pairs/R00888/right/Main.java
R00889,s716990222.java,p03434,/Users/liuziqi/Documents/西大Graduate/Project_base/Code/Meng_ProjectBased_DetectCodeSimilar/code-sim/results/formal-v1/batch3/pairs/R00889/left/Main.java,/Users/liuziqi/Documents/西大Graduate/Project_base/Code/Meng_ProjectBased_DetectCodeSimilar/code-sim/results/formal-v1/batch3/pairs/R00889/right/Main.java
R00890,s617952754.java,p03013,/Users/liuziqi/Documents/西大Graduate/Project_base/Code/Meng_ProjectBased_DetectCodeSimilar/code-sim/results/formal-v1/batch3/pairs/R00890/left/Main.java,/Users/liuziqi/Documents/西大Graduate/Project_base/Code/Meng_ProjectBased_DetectCodeSimilar/code-sim/results/formal-v1/batch3/pairs/R00890/right/Main.java
R00891,s498300364.java,p02627,/Users/liuziqi/Documents/西大Graduate/Project_base/Code/Meng_ProjectBased_DetectCodeSimilar/code-sim/results/formal-v1/batch3/pairs/R00891/left/Main.java,/Users/liuziqi/Documents/西大Graduate/Project_base/Code/Meng_ProjectBased_DetectCodeSimilar/code-sim/results/formal-v1/batch3/pairs/R00891/right/Main.java
R00892,s033831294.java,p02911,/Users/liuziqi/Documents/西大Graduate/Project_base/Code/Meng_ProjectBased_DetectCodeSimilar/code-sim/results/formal-v1/batch3/pairs/R00892/left/Main.java,/Users/liuziqi/Documents/西大Graduate/Project_base/Code/Meng_ProjectBased_DetectCodeSimilar/code-sim/results/formal-v1/batch3/pairs/R00892/right/Main.java
R00893,s678734791.java,p02264,/Users/liuziqi/Documents/西大Graduate/Project_base/Code/Meng_ProjectBased_DetectCodeSimilar/code-sim/results/formal-v1/batch3/pairs/R00893/left/Main.java,/Users/liuziqi/Documents/西大Graduate/Project_base/Code/Meng_ProjectBased_DetectCodeSimilar/code-sim/results/formal-v1/batch3/pairs/R00893/right/Main.java
R00894,s004844559.java,p02421,/Users/liuziqi/Documents/西大Graduate/Project_base/Code/Meng_ProjectBased_DetectCodeSimilar/code-sim/results/formal-v1/batch3/pairs/R00894/left/Main.java,/Users/liuziqi/Documents/西大Graduate/Project_base/Code/Meng_ProjectBased_DetectCodeSimilar/code-sim/results/formal-v1/batch3/pairs/R00894/right/Main.java
R00895,s868475437.java,p02935,/Users/liuziqi/Documents/西大Graduate/Project_base/Code/Meng_ProjectBased_DetectCodeSimilar/code-sim/results/formal-v1/batch3/pairs/R00895/left/Main.java,/Users/liuziqi/Documents/西大Graduate/Project_base/Code/Meng_ProjectBased_DetectCodeSimilar/code-sim/results/formal-v1/batch3/pairs/R00895/right/Main.java
R00896,s736382930.java,p02959,/Users/liuziqi/Documents/西大Graduate/Project_base/Code/Meng_ProjectBased_DetectCodeSimilar/code-sim/results/formal-v1/batch3/pairs/R00896/left/Main.java,/Users/liuziqi/Documents/西大Graduate/Project_base/Code/Meng_ProjectBased_DetectCodeSimilar/code-sim/results/formal-v1/batch3/pairs/R00896/right/Main.java
R00897,s406607663.java,p02718,/Users/liuziqi/Documents/西大Graduate/Project_base/Code/Meng_ProjectBased_DetectCodeSimilar/code-sim/results/formal-v1/batch3/pairs/R00897/left/Main.java,/Users/liuziqi/Documents/西大Graduate/Project_base/Code/Meng_ProjectBased_DetectCodeSimilar/code-sim/results/formal-v1/batch3/pairs/R00897/right/Main.java
R00898,s384163066.java,p02707,/Users/liuziqi/Documents/西大Graduate/Project_base/Code/Meng_ProjectBased_DetectCodeSimilar/code-sim/results/formal-v1/batch3/pairs/R00898/left/Main.java,/Users/liuziqi/Documents/西大Graduate/Project_base/Code/Meng_ProjectBased_DetectCodeSimilar/code-sim/results/formal-v1/batch3/pairs/R00898/right/Main.java
R00899,s332958584.java,p03456,/Users/liuziqi/Documents/西大Graduate/Project_base/Code/Meng_ProjectBased_DetectCodeSimilar/code-sim/results/formal-v1/batch3/pairs/R00899/left/Main.java,/Users/liuziqi/Documents/西大Graduate/Project_base/Code/Meng_ProjectBased_DetectCodeSimilar/code-sim/results/formal-v1/batch3/pairs/R00899/right/Main.java
R00900,s978421348.java,p02411,/Users/liuziqi/Documents/西大Graduate/Project_base/Code/Meng_ProjectBased_DetectCodeSimilar/code-sim/results/formal-v1/batch3/pairs/R00900/left/Main.java,/Users/liuziqi/Documents/西大Graduate/Project_base/Code/Meng_ProjectBased_DetectCodeSimilar/code-sim/results/formal-v1/batch3/pairs/R00900/right/Main.java
R00901,s007555598.java,p02982,/Users/liuziqi/Documents/西大Graduate/Project_base/Code/Meng_ProjectBased_DetectCodeSimilar/code-sim/results/formal-v1/batch3/pairs/R00901/left/Main.java,/Users/liuziqi/Documents/西大Graduate/Project_base/Code/Meng_ProjectBased_DetectCodeSimilar/code-sim/results/formal-v1/batch3/pairs/R00901/right/Main.java
R00902,s967638198.java,p03147,/Users/liuziqi/Documents/西大Graduate/Project_base/Code/Meng_ProjectBased_DetectCodeSimilar/code-sim/results/formal-v1/batch3/pairs/R00902/left/Main.java,/Users/liuziqi/Documents/西大Graduate/Project_base/Code/Meng_ProjectBased_DetectCodeSimilar/code-sim/results/formal-v1/batch3/pairs/R00902/right/Main.java
R00903,s104130404.java,p02982,/Users/liuziqi/Documents/西大Graduate/Project_base/Code/Meng_ProjectBased_DetectCodeSimilar/code-sim/results/formal-v1/batch3/pairs/R00903/left/Main.java,/Users/liuziqi/Documents/西大Graduate/Project_base/Code/Meng_ProjectBased_DetectCodeSimilar/code-sim/results/formal-v1/batch3/pairs/R00903/right/Main.java
R00904,s743873196.java,p03161,/Users/liuziqi/Documents/西大Graduate/Project_base/Code/Meng_ProjectBased_DetectCodeSimilar/code-sim/results/formal-v1/batch3/pairs/R00904/left/Main.java,/Users/liuziqi/Documents/西大Graduate/Project_base/Code/Meng_ProjectBased_DetectCodeSimilar/code-sim/results/formal-v1/batch3/pairs/R00904/right/Main.java
R00905,s280426946.java,p03814,/Users/liuziqi/Documents/西大Graduate/Project_base/Code/Meng_ProjectBased_DetectCodeSimilar/code-sim/results/formal-v1/batch3/pairs/R00905/left/Main.java,/Users/liuziqi/Documents/西大Graduate/Project_base/Code/Meng_ProjectBased_DetectCodeSimilar/code-sim/results/formal-v1/batch3/pairs/R00905/right/Main.java
R00906,s987949906.java,p03136,/Users/liuziqi/Documents/西大Graduate/Project_base/Code/Meng_ProjectBased_DetectCodeSimilar/code-sim/results/formal-v1/batch3/pairs/R00906/left/Main.java,/Users/liuziqi/Documents/西大Graduate/Project_base/Code/Meng_ProjectBased_DetectCodeSimilar/code-sim/results/formal-v1/batch3/pairs/R00906/right/Main.java
R00907,s812674171.java,p02681,/Users/liuziqi/Documents/西大Graduate/Project_base/Code/Meng_ProjectBased_DetectCodeSimilar/code-sim/results/formal-v1/batch3/pairs/R00907/left/Main.java,/Users/liuziqi/Documents/西大Graduate/Project_base/Code/Meng_ProjectBased_DetectCodeSimilar/code-sim/results/formal-v1/batch3/pairs/R00907/right/Main.java
R00908,s086767942.java,p03037,/Users/liuziqi/Documents/西大Graduate/Project_base/Code/Meng_ProjectBased_DetectCodeSimilar/code-sim/results/formal-v1/batch3/pairs/R00908/left/Main.java,/Users/liuziqi/Documents/西大Graduate/Project_base/Code/Meng_ProjectBased_DetectCodeSimilar/code-sim/results/formal-v1/batch3/pairs/R00908/right/Main.java
R00909,s971958171.java,p02707,/Users/liuziqi/Documents/西大Graduate/Project_base/Code/Meng_ProjectBased_DetectCodeSimilar/code-sim/results/formal-v1/batch3/pairs/R00909/left/Main.java,/Users/liuziqi/Documents/西大Graduate/Project_base/Code/Meng_ProjectBased_DetectCodeSimilar/code-sim/results/formal-v1/batch3/pairs/R00909/right/Main.java
R00910,s108883591.java,p02707,/Users/liuziqi/Documents/西大Graduate/Project_base/Code/Meng_ProjectBased_DetectCodeSimilar/code-sim/results/formal-v1/batch3/pairs/R00910/left/Main.java,/Users/liuziqi/Documents/西大Graduate/Project_base/Code/Meng_ProjectBased_DetectCodeSimilar/code-sim/results/formal-v1/batch3/pairs/R00910/right/Main.java
R00911,s321181572.java,p02951,/Users/liuziqi/Documents/西大Graduate/Project_base/Code/Meng_ProjectBased_DetectCodeSimilar/code-sim/results/formal-v1/batch3/pairs/R00911/left/Main.java,/Users/liuziqi/Documents/西大Graduate/Project_base/Code/Meng_ProjectBased_DetectCodeSimilar/code-sim/results/formal-v1/batch3/pairs/R00911/right/Main.java
R00912,s418994032.java,p02935,/Users/liuziqi/Documents/西大Graduate/Project_base/Code/Meng_ProjectBased_DetectCodeSimilar/code-sim/results/formal-v1/batch3/pairs/R00912/left/Main.java,/Users/liuziqi/Documents/西大Graduate/Project_base/Code/Meng_ProjectBased_DetectCodeSimilar/code-sim/results/formal-v1/batch3/pairs/R00912/right/Main.java
R00913,s187987726.java,p02880,/Users/liuziqi/Documents/西大Graduate/Project_base/Code/Meng_ProjectBased_DetectCodeSimilar/code-sim/results/formal-v1/batch3/pairs/R00913/left/Main.java,/Users/liuziqi/Documents/西大Graduate/Project_base/Code/Meng_ProjectBased_DetectCodeSimilar/code-sim/results/formal-v1/batch3/pairs/R00913/right/Main.java
R00914,s404200669.java,p03086,/Users/liuziqi/Documents/西大Graduate/Project_base/Code/Meng_ProjectBased_DetectCodeSimilar/code-sim/results/formal-v1/batch3/pairs/R00914/left/Main.java,/Users/liuziqi/Documents/西大Graduate/Project_base/Code/Meng_ProjectBased_DetectCodeSimilar/code-sim/results/formal-v1/batch3/pairs/R00914/right/Main.java
R00915,s942992974.java,p02911,/Users/liuziqi/Documents/西大Graduate/Project_base/Code/Meng_ProjectBased_DetectCodeSimilar/code-sim/results/formal-v1/batch3/pairs/R00915/left/Main.java,/Users/liuziqi/Documents/西大Graduate/Project_base/Code/Meng_ProjectBased_DetectCodeSimilar/code-sim/results/formal-v1/batch3/pairs/R00915/right/Main.java
R00916,s519764052.java,p02971,/Users/liuziqi/Documents/西大Graduate/Project_base/Code/Meng_ProjectBased_DetectCodeSimilar/code-sim/results/formal-v1/batch3/pairs/R00916/left/Main.java,/Users/liuziqi/Documents/西大Graduate/Project_base/Code/Meng_ProjectBased_DetectCodeSimilar/code-sim/results/formal-v1/batch3/pairs/R00916/right/Main.java
R00917,s142637154.java,p02640,/Users/liuziqi/Documents/西大Graduate/Project_base/Code/Meng_ProjectBased_DetectCodeSimilar/code-sim/results/formal-v1/batch3/pairs/R00917/left/Main.java,/Users/liuziqi/Documents/西大Graduate/Project_base/Code/Meng_ProjectBased_DetectCodeSimilar/code-sim/results/formal-v1/batch3/pairs/R00917/right/Main.java
R00918,s302525402.java,p02886,/Users/liuziqi/Documents/西大Graduate/Project_base/Code/Meng_ProjectBased_DetectCodeSimilar/code-sim/results/formal-v1/batch3/pairs/R00918/left/Main.java,/Users/liuziqi/Documents/西大Graduate/Project_base/Code/Meng_ProjectBased_DetectCodeSimilar/code-sim/results/formal-v1/batch3/pairs/R00918/right/Main.java
R00919,s236495326.java,p03474,/Users/liuziqi/Documents/西大Graduate/Project_base/Code/Meng_ProjectBased_DetectCodeSimilar/code-sim/results/formal-v1/batch3/pairs/R00919/left/Main.java,/Users/liuziqi/Documents/西大Graduate/Project_base/Code/Meng_ProjectBased_DetectCodeSimilar/code-sim/results/formal-v1/batch3/pairs/R00919/right/Main.java
R00920,s455236912.java,p02773,/Users/liuziqi/Documents/西大Graduate/Project_base/Code/Meng_ProjectBased_DetectCodeSimilar/code-sim/results/formal-v1/batch3/pairs/R00920/left/Main.java,/Users/liuziqi/Documents/西大Graduate/Project_base/Code/Meng_ProjectBased_DetectCodeSimilar/code-sim/results/formal-v1/batch3/pairs/R00920/right/Main.java
R00921,s657993578.java,p03136,/Users/liuziqi/Documents/西大Graduate/Project_base/Code/Meng_ProjectBased_DetectCodeSimilar/code-sim/results/formal-v1/batch3/pairs/R00921/left/Main.java,/Users/liuziqi/Documents/西大Graduate/Project_base/Code/Meng_ProjectBased_DetectCodeSimilar/code-sim/results/formal-v1/batch3/pairs/R00921/right/Main.java
R00922,s345625809.java,p02802,/Users/liuziqi/Documents/西大Graduate/Project_base/Code/Meng_ProjectBased_DetectCodeSimilar/code-sim/results/formal-v1/batch3/pairs/R00922/left/Main.java,/Users/liuziqi/Documents/西大Graduate/Project_base/Code/Meng_ProjectBased_DetectCodeSimilar/code-sim/results/formal-v1/batch3/pairs/R00922/right/Main.java
R00923,s522002497.java,p02994,/Users/liuziqi/Documents/西大Graduate/Project_base/Code/Meng_ProjectBased_DetectCodeSimilar/code-sim/results/formal-v1/batch3/pairs/R00923/left/Main.java,/Users/liuziqi/Documents/西大Graduate/Project_base/Code/Meng_ProjectBased_DetectCodeSimilar/code-sim/results/formal-v1/batch3/pairs/R00923/right/Main.java
R00924,s292825590.java,p03378,/Users/liuziqi/Documents/西大Graduate/Project_base/Code/Meng_ProjectBased_DetectCodeSimilar/code-sim/results/formal-v1/batch3/pairs/R00924/left/Main.java,/Users/liuziqi/Documents/西大Graduate/Project_base/Code/Meng_ProjectBased_DetectCodeSimilar/code-sim/results/formal-v1/batch3/pairs/R00924/right/Main.java
R00925,s560732415.java,p02410,/Users/liuziqi/Documents/西大Graduate/Project_base/Code/Meng_ProjectBased_DetectCodeSimilar/code-sim/results/formal-v1/batch3/pairs/R00925/left/Main.java,/Users/liuziqi/Documents/西大Graduate/Project_base/Code/Meng_ProjectBased_DetectCodeSimilar/code-sim/results/formal-v1/batch3/pairs/R00925/right/Main.java
R00926,s912995254.java,p02910,/Users/liuziqi/Documents/西大Graduate/Project_base/Code/Meng_ProjectBased_DetectCodeSimilar/code-sim/results/formal-v1/batch3/pairs/R00926/left/Main.java,/Users/liuziqi/Documents/西大Graduate/Project_base/Code/Meng_ProjectBased_DetectCodeSimilar/code-sim/results/formal-v1/batch3/pairs/R00926/right/Main.java
R00927,s885833455.java,p03076,/Users/liuziqi/Documents/西大Graduate/Project_base/Code/Meng_ProjectBased_DetectCodeSimilar/code-sim/results/formal-v1/batch3/pairs/R00927/left/Main.java,/Users/liuziqi/Documents/西大Graduate/Project_base/Code/Meng_ProjectBased_DetectCodeSimilar/code-sim/results/formal-v1/batch3/pairs/R00927/right/Main.java
R00928,s927380459.java,p02836,/Users/liuziqi/Documents/西大Graduate/Project_base/Code/Meng_ProjectBased_DetectCodeSimilar/code-sim/results/formal-v1/batch3/pairs/R00928/left/Main.java,/Users/liuziqi/Documents/西大Graduate/Project_base/Code/Meng_ProjectBased_DetectCodeSimilar/code-sim/results/formal-v1/batch3/pairs/R00928/right/Main.java
R00929,s582998348.java,p02629,/Users/liuziqi/Documents/西大Graduate/Project_base/Code/Meng_ProjectBased_DetectCodeSimilar/code-sim/results/formal-v1/batch3/pairs/R00929/left/Main.java,/Users/liuziqi/Documents/西大Graduate/Project_base/Code/Meng_ProjectBased_DetectCodeSimilar/code-sim/results/formal-v1/batch3/pairs/R00929/right/Main.java
R00930,s312343283.java,p02268,/Users/liuziqi/Documents/西大Graduate/Project_base/Code/Meng_ProjectBased_DetectCodeSimilar/code-sim/results/formal-v1/batch3/pairs/R00930/left/Main.java,/Users/liuziqi/Documents/西大Graduate/Project_base/Code/Meng_ProjectBased_DetectCodeSimilar/code-sim/results/formal-v1/batch3/pairs/R00930/right/Main.java
R00931,s402636182.java,p02958,/Users/liuziqi/Documents/西大Graduate/Project_base/Code/Meng_ProjectBased_DetectCodeSimilar/code-sim/results/formal-v1/batch3/pairs/R00931/left/Main.java,/Users/liuziqi/Documents/西大Graduate/Project_base/Code/Meng_ProjectBased_DetectCodeSimilar/code-sim/results/formal-v1/batch3/pairs/R00931/right/Main.java
R00932,s672506440.java,p02700,/Users/liuziqi/Documents/西大Graduate/Project_base/Code/Meng_ProjectBased_DetectCodeSimilar/code-sim/results/formal-v1/batch3/pairs/R00932/left/Main.java,/Users/liuziqi/Documents/西大Graduate/Project_base/Code/Meng_ProjectBased_DetectCodeSimilar/code-sim/results/formal-v1/batch3/pairs/R00932/right/Main.java
R00933,s849603964.java,p02916,/Users/liuziqi/Documents/西大Graduate/Project_base/Code/Meng_ProjectBased_DetectCodeSimilar/code-sim/results/formal-v1/batch3/pairs/R00933/left/Main.java,/Users/liuziqi/Documents/西大Graduate/Project_base/Code/Meng_ProjectBased_DetectCodeSimilar/code-sim/results/formal-v1/batch3/pairs/R00933/right/Main.java
R00934,s617597993.java,p02947,/Users/liuziqi/Documents/西大Graduate/Project_base/Code/Meng_ProjectBased_DetectCodeSimilar/code-sim/results/formal-v1/batch3/pairs/R00934/left/Main.java,/Users/liuziqi/Documents/西大Graduate/Project_base/Code/Meng_ProjectBased_DetectCodeSimilar/code-sim/results/formal-v1/batch3/pairs/R00934/right/Main.java
R00935,s339579650.java,p03243,/Users/liuziqi/Documents/西大Graduate/Project_base/Code/Meng_ProjectBased_DetectCodeSimilar/code-sim/results/formal-v1/batch3/pairs/R00935/left/Main.java,/Users/liuziqi/Documents/西大Graduate/Project_base/Code/Meng_ProjectBased_DetectCodeSimilar/code-sim/results/formal-v1/batch3/pairs/R00935/right/Main.java
R00936,s607562444.java,p02393,/Users/liuziqi/Documents/西大Graduate/Project_base/Code/Meng_ProjectBased_DetectCodeSimilar/code-sim/results/formal-v1/batch3/pairs/R00936/left/Main.java,/Users/liuziqi/Documents/西大Graduate/Project_base/Code/Meng_ProjectBased_DetectCodeSimilar/code-sim/results/formal-v1/batch3/pairs/R00936/right/Main.java
R00937,s337952116.java,p03072,/Users/liuziqi/Documents/西大Graduate/Project_base/Code/Meng_ProjectBased_DetectCodeSimilar/code-sim/results/formal-v1/batch3/pairs/R00937/left/Main.java,/Users/liuziqi/Documents/西大Graduate/Project_base/Code/Meng_ProjectBased_DetectCodeSimilar/code-sim/results/formal-v1/batch3/pairs/R00937/right/Main.java
R00938,s847514323.java,p03352,/Users/liuziqi/Documents/西大Graduate/Project_base/Code/Meng_ProjectBased_DetectCodeSimilar/code-sim/results/formal-v1/batch3/pairs/R00938/left/Main.java,/Users/liuziqi/Documents/西大Graduate/Project_base/Code/Meng_ProjectBased_DetectCodeSimilar/code-sim/results/formal-v1/batch3/pairs/R00938/right/Main.java
R00939,s353235760.java,p03013,/Users/liuziqi/Documents/西大Graduate/Project_base/Code/Meng_ProjectBased_DetectCodeSimilar/code-sim/results/formal-v1/batch3/pairs/R00939/left/Main.java,/Users/liuziqi/Documents/西大Graduate/Project_base/Code/Meng_ProjectBased_DetectCodeSimilar/code-sim/results/formal-v1/batch3/pairs/R00939/right/Main.java
R00940,s864984634.java,p02880,/Users/liuziqi/Documents/西大Graduate/Project_base/Code/Meng_ProjectBased_DetectCodeSimilar/code-sim/results/formal-v1/batch3/pairs/R00940/left/Main.java,/Users/liuziqi/Documents/西大Graduate/Project_base/Code/Meng_ProjectBased_DetectCodeSimilar/code-sim/results/formal-v1/batch3/pairs/R00940/right/Main.java
R00941,s611319797.java,p02701,/Users/liuziqi/Documents/西大Graduate/Project_base/Code/Meng_ProjectBased_DetectCodeSimilar/code-sim/results/formal-v1/batch3/pairs/R00941/left/Main.java,/Users/liuziqi/Documents/西大Graduate/Project_base/Code/Meng_ProjectBased_DetectCodeSimilar/code-sim/results/formal-v1/batch3/pairs/R00941/right/Main.java
R00942,s587595979.java,p02779,/Users/liuziqi/Documents/西大Graduate/Project_base/Code/Meng_ProjectBased_DetectCodeSimilar/code-sim/results/formal-v1/batch3/pairs/R00942/left/Main.java,/Users/liuziqi/Documents/西大Graduate/Project_base/Code/Meng_ProjectBased_DetectCodeSimilar/code-sim/results/formal-v1/batch3/pairs/R00942/right/Main.java
R00943,s235729765.java,p02899,/Users/liuziqi/Documents/西大Graduate/Project_base/Code/Meng_ProjectBased_DetectCodeSimilar/code-sim/results/formal-v1/batch3/pairs/R00943/left/Main.java,/Users/liuziqi/Documents/西大Graduate/Project_base/Code/Meng_ProjectBased_DetectCodeSimilar/code-sim/results/formal-v1/batch3/pairs/R00943/right/Main.java
R00944,s979248501.java,p02784,/Users/liuziqi/Documents/西大Graduate/Project_base/Code/Meng_ProjectBased_DetectCodeSimilar/code-sim/results/formal-v1/batch3/pairs/R00944/left/Main.java,/Users/liuziqi/Documents/西大Graduate/Project_base/Code/Meng_ProjectBased_DetectCodeSimilar/code-sim/results/formal-v1/batch3/pairs/R00944/right/Main.java
R00945,s416451854.java,p02935,/Users/liuziqi/Documents/西大Graduate/Project_base/Code/Meng_ProjectBased_DetectCodeSimilar/code-sim/results/formal-v1/batch3/pairs/R00945/left/Main.java,/Users/liuziqi/Documents/西大Graduate/Project_base/Code/Meng_ProjectBased_DetectCodeSimilar/code-sim/results/formal-v1/batch3/pairs/R00945/right/Main.java
R00946,s829539065.java,p02981,/Users/liuziqi/Documents/西大Graduate/Project_base/Code/Meng_ProjectBased_DetectCodeSimilar/code-sim/results/formal-v1/batch3/pairs/R00946/left/Main.java,/Users/liuziqi/Documents/西大Graduate/Project_base/Code/Meng_ProjectBased_DetectCodeSimilar/code-sim/results/formal-v1/batch3/pairs/R00946/right/Main.java
R00947,s526008623.java,p02420,/Users/liuziqi/Documents/西大Graduate/Project_base/Code/Meng_ProjectBased_DetectCodeSimilar/code-sim/results/formal-v1/batch3/pairs/R00947/left/Main.java,/Users/liuziqi/Documents/西大Graduate/Project_base/Code/Meng_ProjectBased_DetectCodeSimilar/code-sim/results/formal-v1/batch3/pairs/R00947/right/Main.java
R00948,s099087452.java,p03434,/Users/liuziqi/Documents/西大Graduate/Project_base/Code/Meng_ProjectBased_DetectCodeSimilar/code-sim/results/formal-v1/batch3/pairs/R00948/left/Main.java,/Users/liuziqi/Documents/西大Graduate/Project_base/Code/Meng_ProjectBased_DetectCodeSimilar/code-sim/results/formal-v1/batch3/pairs/R00948/right/Main.java
R00949,s429745620.java,p02416,/Users/liuziqi/Documents/西大Graduate/Project_base/Code/Meng_ProjectBased_DetectCodeSimilar/code-sim/results/formal-v1/batch3/pairs/R00949/left/Main.java,/Users/liuziqi/Documents/西大Graduate/Project_base/Code/Meng_ProjectBased_DetectCodeSimilar/code-sim/results/formal-v1/batch3/pairs/R00949/right/Main.java
R00950,s888226384.java,p02268,/Users/liuziqi/Documents/西大Graduate/Project_base/Code/Meng_ProjectBased_DetectCodeSimilar/code-sim/results/formal-v1/batch3/pairs/R00950/left/Main.java,/Users/liuziqi/Documents/西大Graduate/Project_base/Code/Meng_ProjectBased_DetectCodeSimilar/code-sim/results/formal-v1/batch3/pairs/R00950/right/Main.java
R00951,s695089812.java,p02706,/Users/liuziqi/Documents/西大Graduate/Project_base/Code/Meng_ProjectBased_DetectCodeSimilar/code-sim/results/formal-v1/batch3/pairs/R00951/left/Main.java,/Users/liuziqi/Documents/西大Graduate/Project_base/Code/Meng_ProjectBased_DetectCodeSimilar/code-sim/results/formal-v1/batch3/pairs/R00951/right/Main.java
R00952,s386054266.java,p02394,/Users/liuziqi/Documents/西大Graduate/Project_base/Code/Meng_ProjectBased_DetectCodeSimilar/code-sim/results/formal-v1/batch3/pairs/R00952/left/Main.java,/Users/liuziqi/Documents/西大Graduate/Project_base/Code/Meng_ProjectBased_DetectCodeSimilar/code-sim/results/formal-v1/batch3/pairs/R00952/right/Main.java
R00953,s899238238.java,p03043,/Users/liuziqi/Documents/西大Graduate/Project_base/Code/Meng_ProjectBased_DetectCodeSimilar/code-sim/results/formal-v1/batch3/pairs/R00953/left/Main.java,/Users/liuziqi/Documents/西大Graduate/Project_base/Code/Meng_ProjectBased_DetectCodeSimilar/code-sim/results/formal-v1/batch3/pairs/R00953/right/Main.java
R00954,s732291907.java,p00011,/Users/liuziqi/Documents/西大Graduate/Project_base/Code/Meng_ProjectBased_DetectCodeSimilar/code-sim/results/formal-v1/batch3/pairs/R00954/left/Main.java,/Users/liuziqi/Documents/西大Graduate/Project_base/Code/Meng_ProjectBased_DetectCodeSimilar/code-sim/results/formal-v1/batch3/pairs/R00954/right/Main.java
R00955,s992474103.java,p03474,/Users/liuziqi/Documents/西大Graduate/Project_base/Code/Meng_ProjectBased_DetectCodeSimilar/code-sim/results/formal-v1/batch3/pairs/R00955/left/Main.java,/Users/liuziqi/Documents/西大Graduate/Project_base/Code/Meng_ProjectBased_DetectCodeSimilar/code-sim/results/formal-v1/batch3/pairs/R00955/right/Main.java
R00956,s082345602.java,p02408,/Users/liuziqi/Documents/西大Graduate/Project_base/Code/Meng_ProjectBased_DetectCodeSimilar/code-sim/results/formal-v1/batch3/pairs/R00956/left/Main.java,/Users/liuziqi/Documents/西大Graduate/Project_base/Code/Meng_ProjectBased_DetectCodeSimilar/code-sim/results/formal-v1/batch3/pairs/R00956/right/Main.java
R00957,s324827402.java,p02389,/Users/liuziqi/Documents/西大Graduate/Project_base/Code/Meng_ProjectBased_DetectCodeSimilar/code-sim/results/formal-v1/batch3/pairs/R00957/left/Main.java,/Users/liuziqi/Documents/西大Graduate/Project_base/Code/Meng_ProjectBased_DetectCodeSimilar/code-sim/results/formal-v1/batch3/pairs/R00957/right/Main.java
R00958,s349888697.java,p03102,/Users/liuziqi/Documents/西大Graduate/Project_base/Code/Meng_ProjectBased_DetectCodeSimilar/code-sim/results/formal-v1/batch3/pairs/R00958/left/Main.java,/Users/liuziqi/Documents/西大Graduate/Project_base/Code/Meng_ProjectBased_DetectCodeSimilar/code-sim/results/formal-v1/batch3/pairs/R00958/right/Main.java
R00959,s251035894.java,p03292,/Users/liuziqi/Documents/西大Graduate/Project_base/Code/Meng_ProjectBased_DetectCodeSimilar/code-sim/results/formal-v1/batch3/pairs/R00959/left/Main.java,/Users/liuziqi/Documents/西大Graduate/Project_base/Code/Meng_ProjectBased_DetectCodeSimilar/code-sim/results/formal-v1/batch3/pairs/R00959/right/Main.java
R00960,s551749316.java,p03075,/Users/liuziqi/Documents/西大Graduate/Project_base/Code/Meng_ProjectBased_DetectCodeSimilar/code-sim/results/formal-v1/batch3/pairs/R00960/left/Main.java,/Users/liuziqi/Documents/西大Graduate/Project_base/Code/Meng_ProjectBased_DetectCodeSimilar/code-sim/results/formal-v1/batch3/pairs/R00960/right/Main.java
R00961,s566108338.java,p02777,/Users/liuziqi/Documents/西大Graduate/Project_base/Code/Meng_ProjectBased_DetectCodeSimilar/code-sim/results/formal-v1/batch3/pairs/R00961/left/Main.java,/Users/liuziqi/Documents/西大Graduate/Project_base/Code/Meng_ProjectBased_DetectCodeSimilar/code-sim/results/formal-v1/batch3/pairs/R00961/right/Main.java
R00962,s964218012.java,p03011,/Users/liuziqi/Documents/西大Graduate/Project_base/Code/Meng_ProjectBased_DetectCodeSimilar/code-sim/results/formal-v1/batch3/pairs/R00962/left/Main.java,/Users/liuziqi/Documents/西大Graduate/Project_base/Code/Meng_ProjectBased_DetectCodeSimilar/code-sim/results/formal-v1/batch3/pairs/R00962/right/Main.java
R00963,s897907927.java,p02935,/Users/liuziqi/Documents/西大Graduate/Project_base/Code/Meng_ProjectBased_DetectCodeSimilar/code-sim/results/formal-v1/batch3/pairs/R00963/left/Main.java,/Users/liuziqi/Documents/西大Graduate/Project_base/Code/Meng_ProjectBased_DetectCodeSimilar/code-sim/results/formal-v1/batch3/pairs/R00963/right/Main.java
R00964,s027177220.java,p02417,/Users/liuziqi/Documents/西大Graduate/Project_base/Code/Meng_ProjectBased_DetectCodeSimilar/code-sim/results/formal-v1/batch3/pairs/R00964/left/Main.java,/Users/liuziqi/Documents/西大Graduate/Project_base/Code/Meng_ProjectBased_DetectCodeSimilar/code-sim/results/formal-v1/batch3/pairs/R00964/right/Main.java
R00965,s227679925.java,p03434,/Users/liuziqi/Documents/西大Graduate/Project_base/Code/Meng_ProjectBased_DetectCodeSimilar/code-sim/results/formal-v1/batch3/pairs/R00965/left/Main.java,/Users/liuziqi/Documents/西大Graduate/Project_base/Code/Meng_ProjectBased_DetectCodeSimilar/code-sim/results/formal-v1/batch3/pairs/R00965/right/Main.java
R00966,s235929374.java,p03292,/Users/liuziqi/Documents/西大Graduate/Project_base/Code/Meng_ProjectBased_DetectCodeSimilar/code-sim/results/formal-v1/batch3/pairs/R00966/left/Main.java,/Users/liuziqi/Documents/西大Graduate/Project_base/Code/Meng_ProjectBased_DetectCodeSimilar/code-sim/results/formal-v1/batch3/pairs/R00966/right/Main.java
R00967,s874143090.java,p02935,/Users/liuziqi/Documents/西大Graduate/Project_base/Code/Meng_ProjectBased_DetectCodeSimilar/code-sim/results/formal-v1/batch3/pairs/R00967/left/Main.java,/Users/liuziqi/Documents/西大Graduate/Project_base/Code/Meng_ProjectBased_DetectCodeSimilar/code-sim/results/formal-v1/batch3/pairs/R00967/right/Main.java
R00968,s519401109.java,p02831,/Users/liuziqi/Documents/西大Graduate/Project_base/Code/Meng_ProjectBased_DetectCodeSimilar/code-sim/results/formal-v1/batch3/pairs/R00968/left/Main.java,/Users/liuziqi/Documents/西大Graduate/Project_base/Code/Meng_ProjectBased_DetectCodeSimilar/code-sim/results/formal-v1/batch3/pairs/R00968/right/Main.java
R00969,s329533703.java,p02802,/Users/liuziqi/Documents/西大Graduate/Project_base/Code/Meng_ProjectBased_DetectCodeSimilar/code-sim/results/formal-v1/batch3/pairs/R00969/left/Main.java,/Users/liuziqi/Documents/西大Graduate/Project_base/Code/Meng_ProjectBased_DetectCodeSimilar/code-sim/results/formal-v1/batch3/pairs/R00969/right/Main.java
R00970,s491949413.java,p00011,/Users/liuziqi/Documents/西大Graduate/Project_base/Code/Meng_ProjectBased_DetectCodeSimilar/code-sim/results/formal-v1/batch3/pairs/R00970/left/Main.java,/Users/liuziqi/Documents/西大Graduate/Project_base/Code/Meng_ProjectBased_DetectCodeSimilar/code-sim/results/formal-v1/batch3/pairs/R00970/right/Main.java
R00971,s011655818.java,p03435,/Users/liuziqi/Documents/西大Graduate/Project_base/Code/Meng_ProjectBased_DetectCodeSimilar/code-sim/results/formal-v1/batch3/pairs/R00971/left/Main.java,/Users/liuziqi/Documents/西大Graduate/Project_base/Code/Meng_ProjectBased_DetectCodeSimilar/code-sim/results/formal-v1/batch3/pairs/R00971/right/Main.java
R00972,s201929524.java,p03042,/Users/liuziqi/Documents/西大Graduate/Project_base/Code/Meng_ProjectBased_DetectCodeSimilar/code-sim/results/formal-v1/batch3/pairs/R00972/left/Main.java,/Users/liuziqi/Documents/西大Graduate/Project_base/Code/Meng_ProjectBased_DetectCodeSimilar/code-sim/results/formal-v1/batch3/pairs/R00972/right/Main.java
R00973,s897172532.java,p02408,/Users/liuziqi/Documents/西大Graduate/Project_base/Code/Meng_ProjectBased_DetectCodeSimilar/code-sim/results/formal-v1/batch3/pairs/R00973/left/Main.java,/Users/liuziqi/Documents/西大Graduate/Project_base/Code/Meng_ProjectBased_DetectCodeSimilar/code-sim/results/formal-v1/batch3/pairs/R00973/right/Main.java
R00974,s361034416.java,p02916,/Users/liuziqi/Documents/西大Graduate/Project_base/Code/Meng_ProjectBased_DetectCodeSimilar/code-sim/results/formal-v1/batch3/pairs/R00974/left/Main.java,/Users/liuziqi/Documents/西大Graduate/Project_base/Code/Meng_ProjectBased_DetectCodeSimilar/code-sim/results/formal-v1/batch3/pairs/R00974/right/Main.java
R00975,s807863900.java,p02582,/Users/liuziqi/Documents/西大Graduate/Project_base/Code/Meng_ProjectBased_DetectCodeSimilar/code-sim/results/formal-v1/batch3/pairs/R00975/left/Main.java,/Users/liuziqi/Documents/西大Graduate/Project_base/Code/Meng_ProjectBased_DetectCodeSimilar/code-sim/results/formal-v1/batch3/pairs/R00975/right/Main.java
R00976,s118046952.java,p02628,/Users/liuziqi/Documents/西大Graduate/Project_base/Code/Meng_ProjectBased_DetectCodeSimilar/code-sim/results/formal-v1/batch3/pairs/R00976/left/Main.java,/Users/liuziqi/Documents/西大Graduate/Project_base/Code/Meng_ProjectBased_DetectCodeSimilar/code-sim/results/formal-v1/batch3/pairs/R00976/right/Main.java
R00977,s672318693.java,p04043,/Users/liuziqi/Documents/西大Graduate/Project_base/Code/Meng_ProjectBased_DetectCodeSimilar/code-sim/results/formal-v1/batch3/pairs/R00977/left/Main.java,/Users/liuziqi/Documents/西大Graduate/Project_base/Code/Meng_ProjectBased_DetectCodeSimilar/code-sim/results/formal-v1/batch3/pairs/R00977/right/Main.java
R00978,s172049542.java,p02971,/Users/liuziqi/Documents/西大Graduate/Project_base/Code/Meng_ProjectBased_DetectCodeSimilar/code-sim/results/formal-v1/batch3/pairs/R00978/left/Main.java,/Users/liuziqi/Documents/西大Graduate/Project_base/Code/Meng_ProjectBased_DetectCodeSimilar/code-sim/results/formal-v1/batch3/pairs/R00978/right/Main.java
R00979,s127735553.java,p02612,/Users/liuziqi/Documents/西大Graduate/Project_base/Code/Meng_ProjectBased_DetectCodeSimilar/code-sim/results/formal-v1/batch3/pairs/R00979/left/Main.java,/Users/liuziqi/Documents/西大Graduate/Project_base/Code/Meng_ProjectBased_DetectCodeSimilar/code-sim/results/formal-v1/batch3/pairs/R00979/right/Main.java
R00980,s328083762.java,p02730,/Users/liuziqi/Documents/西大Graduate/Project_base/Code/Meng_ProjectBased_DetectCodeSimilar/code-sim/results/formal-v1/batch3/pairs/R00980/left/Main.java,/Users/liuziqi/Documents/西大Graduate/Project_base/Code/Meng_ProjectBased_DetectCodeSimilar/code-sim/results/formal-v1/batch3/pairs/R00980/right/Main.java
R00981,s891779797.java,p02881,/Users/liuziqi/Documents/西大Graduate/Project_base/Code/Meng_ProjectBased_DetectCodeSimilar/code-sim/results/formal-v1/batch3/pairs/R00981/left/Main.java,/Users/liuziqi/Documents/西大Graduate/Project_base/Code/Meng_ProjectBased_DetectCodeSimilar/code-sim/results/formal-v1/batch3/pairs/R00981/right/Main.java
R00982,s255737322.java,p02790,/Users/liuziqi/Documents/西大Graduate/Project_base/Code/Meng_ProjectBased_DetectCodeSimilar/code-sim/results/formal-v1/batch3/pairs/R00982/left/Main.java,/Users/liuziqi/Documents/西大Graduate/Project_base/Code/Meng_ProjectBased_DetectCodeSimilar/code-sim/results/formal-v1/batch3/pairs/R00982/right/Main.java
R00983,s417177714.java,p00001,/Users/liuziqi/Documents/西大Graduate/Project_base/Code/Meng_ProjectBased_DetectCodeSimilar/code-sim/results/formal-v1/batch3/pairs/R00983/left/Main.java,/Users/liuziqi/Documents/西大Graduate/Project_base/Code/Meng_ProjectBased_DetectCodeSimilar/code-sim/results/formal-v1/batch3/pairs/R00983/right/Main.java
R00984,s913681450.java,p03998,/Users/liuziqi/Documents/西大Graduate/Project_base/Code/Meng_ProjectBased_DetectCodeSimilar/code-sim/results/formal-v1/batch3/pairs/R00984/left/Main.java,/Users/liuziqi/Documents/西大Graduate/Project_base/Code/Meng_ProjectBased_DetectCodeSimilar/code-sim/results/formal-v1/batch3/pairs/R00984/right/Main.java
R00985,s717247534.java,p03680,/Users/liuziqi/Documents/西大Graduate/Project_base/Code/Meng_ProjectBased_DetectCodeSimilar/code-sim/results/formal-v1/batch3/pairs/R00985/left/Main.java,/Users/liuziqi/Documents/西大Graduate/Project_base/Code/Meng_ProjectBased_DetectCodeSimilar/code-sim/results/formal-v1/batch3/pairs/R00985/right/Main.java
R00986,s537843916.java,p02773,/Users/liuziqi/Documents/西大Graduate/Project_base/Code/Meng_ProjectBased_DetectCodeSimilar/code-sim/results/formal-v1/batch3/pairs/R00986/left/Main.java,/Users/liuziqi/Documents/西大Graduate/Project_base/Code/Meng_ProjectBased_DetectCodeSimilar/code-sim/results/formal-v1/batch3/pairs/R00986/right/Main.java
R00987,s803843040.java,p02724,/Users/liuziqi/Documents/西大Graduate/Project_base/Code/Meng_ProjectBased_DetectCodeSimilar/code-sim/results/formal-v1/batch3/pairs/R00987/left/Main.java,/Users/liuziqi/Documents/西大Graduate/Project_base/Code/Meng_ProjectBased_DetectCodeSimilar/code-sim/results/formal-v1/batch3/pairs/R00987/right/Main.java
R00988,s762808438.java,p03471,/Users/liuziqi/Documents/西大Graduate/Project_base/Code/Meng_ProjectBased_DetectCodeSimilar/code-sim/results/formal-v1/batch3/pairs/R00988/left/Main.java,/Users/liuziqi/Documents/西大Graduate/Project_base/Code/Meng_ProjectBased_DetectCodeSimilar/code-sim/results/formal-v1/batch3/pairs/R00988/right/Main.java
R00989,s632424528.java,p02777,/Users/liuziqi/Documents/西大Graduate/Project_base/Code/Meng_ProjectBased_DetectCodeSimilar/code-sim/results/formal-v1/batch3/pairs/R00989/left/Main.java,/Users/liuziqi/Documents/西大Graduate/Project_base/Code/Meng_ProjectBased_DetectCodeSimilar/code-sim/results/formal-v1/batch3/pairs/R00989/right/Main.java
R00990,s135376115.java,p02911,/Users/liuziqi/Documents/西大Graduate/Project_base/Code/Meng_ProjectBased_DetectCodeSimilar/code-sim/results/formal-v1/batch3/pairs/R00990/left/Main.java,/Users/liuziqi/Documents/西大Graduate/Project_base/Code/Meng_ProjectBased_DetectCodeSimilar/code-sim/results/formal-v1/batch3/pairs/R00990/right/Main.java
R00991,s621484599.java,p00001,/Users/liuziqi/Documents/西大Graduate/Project_base/Code/Meng_ProjectBased_DetectCodeSimilar/code-sim/results/formal-v1/batch3/pairs/R00991/left/Main.java,/Users/liuziqi/Documents/西大Graduate/Project_base/Code/Meng_ProjectBased_DetectCodeSimilar/code-sim/results/formal-v1/batch3/pairs/R00991/right/Main.java
R00992,s320200156.java,p02717,/Users/liuziqi/Documents/西大Graduate/Project_base/Code/Meng_ProjectBased_DetectCodeSimilar/code-sim/results/formal-v1/batch3/pairs/R00992/left/Main.java,/Users/liuziqi/Documents/西大Graduate/Project_base/Code/Meng_ProjectBased_DetectCodeSimilar/code-sim/results/formal-v1/batch3/pairs/R00992/right/Main.java
R00993,s037035967.java,p03545,/Users/liuziqi/Documents/西大Graduate/Project_base/Code/Meng_ProjectBased_DetectCodeSimilar/code-sim/results/formal-v1/batch3/pairs/R00993/left/Main.java,/Users/liuziqi/Documents/西大Graduate/Project_base/Code/Meng_ProjectBased_DetectCodeSimilar/code-sim/results/formal-v1/batch3/pairs/R00993/right/Main.java
R00994,s431924941.java,p03146,/Users/liuziqi/Documents/西大Graduate/Project_base/Code/Meng_ProjectBased_DetectCodeSimilar/code-sim/results/formal-v1/batch3/pairs/R00994/left/Main.java,/Users/liuziqi/Documents/西大Graduate/Project_base/Code/Meng_ProjectBased_DetectCodeSimilar/code-sim/results/formal-v1/batch3/pairs/R00994/right/Main.java
R00995,s005012563.java,p02408,/Users/liuziqi/Documents/西大Graduate/Project_base/Code/Meng_ProjectBased_DetectCodeSimilar/code-sim/results/formal-v1/batch3/pairs/R00995/left/Main.java,/Users/liuziqi/Documents/西大Graduate/Project_base/Code/Meng_ProjectBased_DetectCodeSimilar/code-sim/results/formal-v1/batch3/pairs/R00995/right/Main.java
R00996,s077558269.java,p02777,/Users/liuziqi/Documents/西大Graduate/Project_base/Code/Meng_ProjectBased_DetectCodeSimilar/code-sim/results/formal-v1/batch3/pairs/R00996/left/Main.java,/Users/liuziqi/Documents/西大Graduate/Project_base/Code/Meng_ProjectBased_DetectCodeSimilar/code-sim/results/formal-v1/batch3/pairs/R00996/right/Main.java
R00997,s236076911.java,p02779,/Users/liuziqi/Documents/西大Graduate/Project_base/Code/Meng_ProjectBased_DetectCodeSimilar/code-sim/results/formal-v1/batch3/pairs/R00997/left/Main.java,/Users/liuziqi/Documents/西大Graduate/Project_base/Code/Meng_ProjectBased_DetectCodeSimilar/code-sim/results/formal-v1/batch3/pairs/R00997/right/Main.java
R00998,s883464417.java,p04044,/Users/liuziqi/Documents/西大Graduate/Project_base/Code/Meng_ProjectBased_DetectCodeSimilar/code-sim/results/formal-v1/batch3/pairs/R00998/left/Main.java,/Users/liuziqi/Documents/西大Graduate/Project_base/Code/Meng_ProjectBased_DetectCodeSimilar/code-sim/results/formal-v1/batch3/pairs/R00998/right/Main.java
R00999,s072086673.java,p02613,/Users/liuziqi/Documents/西大Graduate/Project_base/Code/Meng_ProjectBased_DetectCodeSimilar/code-sim/results/formal-v1/batch3/pairs/R00999/left/Main.java,/Users/liuziqi/Documents/西大Graduate/Project_base/Code/Meng_ProjectBased_DetectCodeSimilar/code-sim/results/formal-v1/batch3/pairs/R00999/right/Main.java
