pair_id,ref_index,range_index,kind,clone_type,operator,left_begin,left_end,right_begin,right_end
R00000,0,0,CLONE_INTERVAL,T1,t1_add_eol_comment,6,11,6,11
R00000,1,0,MUTATION,T1,t1_add_eol_comment,11,11,11,11
R00000,2,1,CLONE_INTERVAL,T2,t2_change_int_literal,20,27,20,27
R00000,3,1,MUTATION,T2,t2_change_int_literal,20,20,20,20
R00000,4,-1,UNTOUCHED,T1,none,3,5,3,5
R00000,5,-1,UNTOUCHED,T1,none,12,19,12,19
R00000,6,-1,UNTOUCHED,T1,none,28,33,28,33
R00001,0,0,CLONE_INTERVAL,T1,t1_reindent,7,13,7,13
R00001,1,0,MUTATION,T1,t1_reindent,7,13,7,13
R00001,2,1,CLONE_INTERVAL,T2,t2_change_string_literal,17,23,17,23
R00001,3,1,MUTATION,T2,t2_change_string_literal,18,18,18,18
R00001,4,-1,UNTOUCHED,T1,none,3,6,3,6
R00001,5,-1,UNTOUCHED,T1,none,14,16,14,16
R00001,6,-1,UNTOUCHED,T1,none,24,27,24,27
R00002,0,0,CLONE_INTERVAL,T3,t3_wrap_statement,10,19,10,20
R00002,1,0,MUTATION,T3,t3_wrap_statement,,,14,14
R00002,2,1,CLONE_INTERVAL,T2,t2_change_string_literal,28,39,30,41
R00002,3,1,MUTATION,T2,t2_change_string_literal,35,35,37,37
R00002,4,-1,UNTOUCHED,T1,none,5,9,5,9
R00002,5,-1,UNTOUCHED,T1,none,20,20,21,21
R00002,6,-1,UNTOUCHED,T1,none,21,27,23,29
R00002,7,-1,UNTOUCHED,T1,none,40,42,42,44
R00003,0,0,CLONE_INTERVAL,T3,t3_wrap_statement,9,14,9,16
R00003,1,0,MUTATION,T3,t3_wrap_statement,,,12,12
R00003,2,1,CLONE_INTERVAL,T1,t1_add_blank_line,233,239,235,242
R00003,3,1,MUTATION,T1,t1_add_blank_line,,,236,236
R00003,4,-1,UNTOUCHED,T1,none,5,8,5,8
R00003,5,-1,UNTOUCHED,T1,none,15,17,17,19
R00003,6,-1,UNTOUCHED,T1,none,226,232,228,234
R00003,7,-1,UNTOUCHED,T1,none,240,251,243,254
R00004,0,0,CLONE_INTERVAL,T3,t3_delete_statement,29,34,28,32
R00004,1,0,MUTATION,T3,t3_delete_statement,29,29,,
R00004,2,1,CLONE_INTERVAL,T1,t1_reindent,97,104,95,102
R00004,3,1,MUTATION,T1,t1_reindent,97,104,95,102
R00004,4,-1,UNTOUCHED,T1,none,26,28,25,27
R00004,5,-1,UNTOUCHED,T1,none,35,39,33,37
R00004,6,-1,UNTOUCHED,T1,none,91,96,89,94
R00004,7,-1,UNTOUCHED,T1,none,105,116,103,114
R00005,0,0,CLONE_INTERVAL,T1,t1_add_blank_line,27,32,27,33
R00005,1,0,MUTATION,T1,t1_add_blank_line,,,29,29
R00005,2,1,CLONE_INTERVAL,T3,t3_insert_statement,40,45,41,47
R00005,3,1,MUTATION,T3,t3_insert_statement,,,45,45
R00005,4,-1,UNTOUCHED,T1,none,22,26,22,26
R00005,5,-1,UNTOUCHED,T1,none,33,39,34,40
R00005,6,-1,UNTOUCHED,T1,none,46,49,48,51
R00006,0,0,CLONE_INTERVAL,T3,t3_delete_statement,16,21,16,20
R00006,1,0,MUTATION,T3,t3_delete_statement,16,16,,
R00006,2,1,CLONE_INTERVAL,T1,t1_add_blank_line,93,98,92,98
R00006,3,1,MUTATION,T1,t1_add_blank_line,,,97,97
R00006,4,-1,UNTOUCHED,T1,none,13,15,13,15
R00006,5,-1,UNTOUCHED,T1,none,22,30,21,29
R00006,6,-1,UNTOUCHED,T1,none,88,92,87,91
R00006,7,-1,UNTOUCHED,T1,none,99,108,99,108
R00007,0,0,CLONE_INTERVAL,T2,t2_change_string_literal,10,21,10,21
R00007,1,0,MUTATION,T2,t2_change_string_literal,21,21,21,21
R00007,2,1,CLONE_INTERVAL,T2,t2_change_int_literal,25,32,25,32
R00007,3,1,MUTATION,T2,t2_change_int_literal,25,25,25,25
R00007,4,-1,UNTOUCHED,T1,none,7,9,7,9
R00007,5,-1,UNTOUCHED,T1,none,22,24,22,24
R00007,6,-1,UNTOUCHED,T1,none,33,37,33,37
R00008,0,0,CLONE_INTERVAL,T2,t2_change_int_literal,12,17,11,16
R00008,1,0,MUTATION,T2,t2_change_int_literal,12,12,11,11
R00008,2,1,CLONE_INTERVAL,T3,t3_delete_statement,22,30,17,24
R00008,3,1,MUTATION,T3,t3_delete_statement,22,22,,
R00008,4,-1,UNTOUCHED,T1,none,4,11,3,10
R00008,5,-1,UNTOUCHED,T1,none,31,48,25,42
R00009,0,0,CLONE_INTERVAL,T1,t1_reindent,89,97,89,97
R00009,1,0,MUTATION,T1,t1_reindent,89,91,89,91
R00009,2,0,MUTATION,T1,t1_reindent,93,97,93,97
R00009,3,1,CLONE_INTERVAL,T1,t1_reindent,113,121,113,121
R00009,4,1,MUTATION,T1,t1_reindent,113,115,113,115
R00009,5,1,MUTATION,T1,t1_reindent,117,121,117,121
R00009,6,-1,UNTOUCHED,T1,none,85,88,85,88
R00009,7,-1,UNTOUCHED,T1,none,98,107,98,107
R00009,8,-1,UNTOUCHED,T1,none,109,112,109,112
R00009,9,-1,UNTOUCHED,T1,none,122,131,122,131
R00010,0,0,CLONE_INTERVAL,T1,t1_add_eol_comment,6,14,6,14
R00010,1,0,MUTATION,T1,t1_add_eol_comment,10,10,10,10
R00010,2,1,CLONE_INTERVAL,T1,t1_add_block_comment,21,28,21,29
R00010,3,1,MUTATION,T1,t1_add_block_comment,,,28,28
R00010,4,-1,UNTOUCHED,T1,none,3,5,3,5
R00010,5,-1,UNTOUCHED,T1,none,15,20,15,20
R00010,6,-1,UNTOUCHED,T1,none,29,34,30,35
R00011,0,0,CLONE_INTERVAL,T2,t2_change_string_literal,8,15,8,15
R00011,1,0,MUTATION,T2,t2_change_string_literal,8,8,8,8
R00011,2,1,CLONE_INTERVAL,T3,t3_insert_statement,26,32,26,32
R00011,3,1,MUTATION,T3,t3_insert_statement,,,33,33
R00011,4,-1,UNTOUCHED,T1,none,5,7,5,7
R00011,5,-1,UNTOUCHED,T1,none,16,25,16,25
R00011,6,-1,UNTOUCHED,T1,none,33,35,34,36
R00012,0,0,CLONE_INTERVAL,T1,t1_add_block_comment,13,25,13,26
R00012,1,0,MUTATION,T1,t1_add_block_comment,,,20,20
R00012,2,1,CLONE_INTERVAL,T3,t3_insert_statement,31,40,32,42
R00012,3,1,MUTATION,T3,t3_insert_statement,,,37,37
R00012,4,-1,UNTOUCHED,T1,none,3,12,3,12
R00012,5,-1,UNTOUCHED,T1,none,26,30,27,31
R00012,6,-1,UNTOUCHED,T1,none,41,46,43,48
R00013,0,0,CLONE_INTERVAL,T1,t1_add_blank_line,7,13,7,14
R00013,1,0,MUTATION,T1,t1_add_blank_line,,,10,10
R00013,2,1,CLONE_INTERVAL,T2,t2_change_string_literal,30,37,31,38
R00013,3,1,MUTATION,T2,t2_change_string_literal,31,31,32,32
R00013,4,-1,UNTOUCHED,T1,none,3,6,3,6
R00013,5,-1,UNTOUCHED,T1,none,14,29,15,30
R00013,6,-1,UNTOUCHED,T1,none,38,42,39,43
R00014,0,0,CLONE_INTERVAL,T1,t1_add_eol_comment,15,21,15,21
R00014,1,0,MUTATION,T1,t1_add_eol_comment,19,19,19,19
R00014,2,1,CLONE_INTERVAL,T2,t2_rename_local_x3,25,56,25,56
R00014,3,1,MUTATION,T2,t2_rename_local_x3,25,27,25,27
R00014,4,1,MUTATION,T2,t2_rename_local_x3,29,30,29,30
R00014,5,1,MUTATION,T2,t2_rename_local_x3,32,32,32,32
R00014,6,1,MUTATION,T2,t2_rename_local_x3,36,38,36,38
R00014,7,1,MUTATION,T2,t2_rename_local_x3,43,43,43,43
R00014,8,1,MUTATION,T2,t2_rename_local_x3,47,47,47,47
R00014,9,1,MUTATION,T2,t2_rename_local_x3,49,50,49,50
R00014,10,1,MUTATION,T2,t2_rename_local_x3,52,52,52,52
R00014,11,-1,UNTOUCHED,T1,none,12,14,12,14
R00014,12,-1,UNTOUCHED,T1,none,22,24,22,24
R00014,13,-1,UNTOUCHED,T1,none,57,60,57,60
R00015,0,0,CLONE_INTERVAL,T3,t3_wrap_statement,12,18,12,20
R00015,1,0,MUTATION,T3,t3_wrap_statement,,,12,12
R00015,2,1,CLONE_INTERVAL,T2,t2_change_string_literal,22,28,24,30
R00015,3,1,MUTATION,T2,t2_change_string_literal,22,22,24,24
R00015,4,-1,UNTOUCHED,T1,none,5,11,5,11
R00015,5,-1,UNTOUCHED,T1,none,19,21,21,23
R00015,6,-1,UNTOUCHED,T1,none,29,38,31,40
R00016,0,0,CLONE_INTERVAL,T2,t2_change_string_literal,19,26,19,26
R00016,1,0,MUTATION,T2,t2_change_string_literal,23,23,23,23
R00016,2,1,CLONE_INTERVAL,T1,t1_reindent,176,181,176,181
R00016,3,1,MUTATION,T1,t1_reindent,176,181,176,181
R00016,4,-1,UNTOUCHED,T1,none,13,18,13,18
R00016,5,-1,UNTOUCHED,T1,none,27,30,27,30
R00016,6,-1,UNTOUCHED,T1,none,161,175,161,175
R00016,7,-1,UNTOUCHED,T1,none,182,185,182,185
R00017,0,0,CLONE_INTERVAL,T2,t2_rename_local_x2,6,11,6,11
R00017,1,0,MUTATION,T2,t2_rename_local_x2,7,10,7,10
R00017,2,1,CLONE_INTERVAL,T2,t2_change_int_literal,19,41,19,41
R00017,3,1,MUTATION,T2,t2_change_int_literal,19,19,19,19
R00017,4,-1,UNTOUCHED,T1,none,3,5,3,5
R00017,5,-1,UNTOUCHED,T1,none,12,18,12,18
R00017,6,-1,UNTOUCHED,T1,none,42,83,42,83
R00018,0,0,CLONE_INTERVAL,T3,t3_wrap_statement,7,15,7,17
R00018,1,0,MUTATION,T3,t3_wrap_statement,,,9,9
R00018,2,1,CLONE_INTERVAL,T1,t1_add_eol_comment,23,29,25,31
R00018,3,1,MUTATION,T1,t1_add_eol_comment,27,27,29,29
R00018,4,-1,UNTOUCHED,T1,none,3,6,3,6
R00018,5,-1,UNTOUCHED,T1,none,16,22,18,24
R00018,6,-1,UNTOUCHED,T1,none,30,33,32,35
R00019,0,0,CLONE_INTERVAL,T2,t2_change_int_literal,50,55,50,55
R00019,1,0,MUTATION,T2,t2_change_int_literal,54,54,54,54
R00019,2,1,CLONE_INTERVAL,T2,t2_change_int_literal,92,99,92,99
R00019,3,1,MUTATION,T2,t2_change_int_literal,93,93,93,93
R00019,4,-1,UNTOUCHED,T1,none,43,49,43,49
R00019,5,-1,UNTOUCHED,T1,none,56,60,56,60
R00019,6,-1,UNTOUCHED,T1,none,81,91,81,91
R00019,7,-1,UNTOUCHED,T1,none,100,104,100,104
R00020,0,0,CLONE_INTERVAL,T1,t1_reindent,9,14,9,14
R00020,1,0,MUTATION,T1,t1_reindent,9,14,9,14
R00020,2,1,CLONE_INTERVAL,T2,t2_change_string_literal,23,31,23,31
R00020,3,1,MUTATION,T2,t2_change_string_literal,29,29,29,29
R00020,4,-1,UNTOUCHED,T1,none,3,8,3,8
R00020,5,-1,UNTOUCHED,T1,none,15,22,15,22
R00020,6,-1,UNTOUCHED,T1,none,32,34,32,34
R00021,0,0,CLONE_INTERVAL,T3,t3_wrap_statement,7,13,7,15
R00021,1,0,MUTATION,T3,t3_wrap_statement,,,10,10
R00021,2,1,CLONE_INTERVAL,T1,t1_add_eol_comment,25,46,27,48
R00021,3,1,MUTATION,T1,t1_add_eol_comment,26,26,28,28
R00021,4,-1,UNTOUCHED,T1,none,3,6,3,6
R00021,5,-1,UNTOUCHED,T1,none,14,24,16,26
R00021,6,-1,UNTOUCHED,T1,none,47,63,49,65
R00022,0,0,CLONE_INTERVAL,T2,t2_change_string_literal,21,26,21,26
R00022,1,0,MUTATION,T2,t2_change_string_literal,24,24,24,24
R00022,2,1,CLONE_INTERVAL,T3,t3_delete_statement,32,37,32,36
R00022,3,1,MUTATION,T3,t3_delete_statement,37,37,,
R00022,4,-1,UNTOUCHED,T1,none,4,20,4,20
R00022,5,-1,UNTOUCHED,T1,none,27,31,27,31
R00022,6,-1,UNTOUCHED,T1,none,38,40,37,39
R00023,0,0,CLONE_INTERVAL,T2,t2_change_string_literal,8,15,8,15
R00023,1,0,MUTATION,T2,t2_change_string_literal,11,11,11,11
R00023,2,1,CLONE_INTERVAL,T1,t1_add_block_comment,19,27,19,28
R00023,3,1,MUTATION,T1,t1_add_block_comment,,,21,21
R00023,4,-1,UNTOUCHED,T1,none,5,7,5,7
R00023,5,-1,UNTOUCHED,T1,none,16,18,16,18
R00023,6,-1,UNTOUCHED,T1,none,28,38,29,39
R00024,0,0,CLONE_INTERVAL,T3,t3_insert_statement,9,14,9,15
R00024,1,0,MUTATION,T3,t3_insert_statement,,,13,13
R00024,2,1,CLONE_INTERVAL,T3,t3_wrap_statement,21,29,22,32
R00024,3,1,MUTATION,T3,t3_wrap_statement,,,22,22
R00024,4,-1,UNTOUCHED,T1,none,5,8,5,8
R00024,5,-1,UNTOUCHED,T1,none,15,20,16,21
R00024,6,-1,UNTOUCHED,T1,none,30,32,33,35
R00025,0,0,CLONE_INTERVAL,T1,t1_reindent,7,12,7,12
R00025,1,0,MUTATION,T1,t1_reindent,7,12,7,12
R00025,2,1,CLONE_INTERVAL,T1,t1_add_eol_comment,16,26,16,26
R00025,3,1,MUTATION,T1,t1_add_eol_comment,23,23,23,23
R00025,4,-1,UNTOUCHED,T1,none,3,6,3,6
R00025,5,-1,UNTOUCHED,T1,none,13,15,13,15
R00025,6,-1,UNTOUCHED,T1,none,27,30,27,30
R00026,0,0,CLONE_INTERVAL,T2,t2_change_int_literal,7,12,7,12
R00026,1,0,MUTATION,T2,t2_change_int_literal,9,9,9,9
R00026,2,1,CLONE_INTERVAL,T1,t1_add_blank_line,16,21,16,22
R00026,3,1,MUTATION,T1,t1_add_blank_line,,,18,18
R00026,4,-1,UNTOUCHED,T1,none,3,6,3,6
R00026,5,-1,UNTOUCHED,T1,none,13,15,13,15
R00026,6,-1,UNTOUCHED,T1,none,22,33,23,34
R00027,0,0,CLONE_INTERVAL,T3,t3_insert_statement,141,146,141,147
R00027,1,0,MUTATION,T3,t3_insert_statement,,,142,142
R00027,2,1,CLONE_INTERVAL,T1,t1_add_block_comment,160,165,161,167
R00027,3,1,MUTATION,T1,t1_add_block_comment,,,165,165
R00027,4,-1,UNTOUCHED,T1,none,138,140,138,140
R00027,5,-1,UNTOUCHED,T1,none,147,155,148,156
R00027,6,-1,UNTOUCHED,T1,none,157,159,158,160
R00027,7,-1,UNTOUCHED,T1,none,166,174,168,176
R00028,0,0,CLONE_INTERVAL,T1,t1_add_block_comment,23,30,23,31
R00028,1,0,MUTATION,T1,t1_add_block_comment,,,27,27
R00028,2,1,CLONE_INTERVAL,T1,t1_reindent,42,50,43,51
R00028,3,1,MUTATION,T1,t1_reindent,42,50,43,51
R00028,4,-1,UNTOUCHED,T1,none,8,22,8,22
R00028,5,-1,UNTOUCHED,T1,none,31,41,32,42
R00028,6,-1,UNTOUCHED,T1,none,51,53,52,54
R00029,0,0,CLONE_INTERVAL,T3,t3_insert_statement,85,90,85,91
R00029,1,0,MUTATION,T3,t3_insert_statement,,,88,88
R00029,2,1,CLONE_INTERVAL,T1,t1_add_blank_line,124,129,125,131
R00029,3,1,MUTATION,T1,t1_add_blank_line,,,126,126
R00029,4,-1,UNTOUCHED,T1,none,78,84,78,84
R00029,5,-1,UNTOUCHED,T1,none,91,95,92,96
R00029,6,-1,UNTOUCHED,T1,none,116,123,117,124
R00029,7,-1,UNTOUCHED,T1,none,130,139,132,141
R00030,0,0,CLONE_INTERVAL,T2,t2_rename_local_x2,27,34,27,34
R00030,1,0,MUTATION,T2,t2_rename_local_x2,27,29,27,29
R00030,2,1,CLONE_INTERVAL,T1,t1_add_block_comment,94,99,94,100
R00030,3,1,MUTATION,T1,t1_add_block_comment,,,96,96
R00030,4,-1,UNTOUCHED,T1,none,24,26,24,26
R00030,5,-1,UNTOUCHED,T1,none,35,40,35,40
R00030,6,-1,UNTOUCHED,T1,none,89,93,89,93
R00030,7,-1,UNTOUCHED,T1,none,100,105,101,106
R00031,0,0,CLONE_INTERVAL,T2,t2_change_string_literal,101,106,101,106
R00031,1,0,MUTATION,T2,t2_change_string_literal,106,106,106,106
R00031,2,1,CLONE_INTERVAL,T3,t3_insert_statement,190,198,190,199
R00031,3,1,MUTATION,T3,t3_insert_statement,,,191,191
R00031,4,-1,UNTOUCHED,T1,none,98,100,98,100
R00031,5,-1,UNTOUCHED,T1,none,107,109,107,109
R00031,6,-1,UNTOUCHED,T1,none,186,189,186,189
R00031,7,-1,UNTOUCHED,T1,none,199,208,200,209
R00032,0,0,CLONE_INTERVAL,T1,t1_add_blank_line,10,19,10,20
R00032,1,0,MUTATION,T1,t1_add_blank_line,,,18,18
R00032,2,1,CLONE_INTERVAL,T3,t3_wrap_statement,26,32,27,35
R00032,3,1,MUTATION,T3,t3_wrap_statement,,,27,27
R00032,4,-1,UNTOUCHED,T1,none,5,9,5,9
R00032,5,-1,UNTOUCHED,T1,none,20,25,21,26
R00032,6,-1,UNTOUCHED,T1,none,33,39,36,42
R00033,0,0,CLONE_INTERVAL,T1,t1_add_block_comment,6,11,6,12
R00033,1,0,MUTATION,T1,t1_add_block_comment,,,10,10
R00033,2,1,CLONE_INTERVAL,T2,t2_rename_local_x2,17,27,18,28
R00033,3,1,MUTATION,T2,t2_rename_local_x2,17,20,18,21
R00033,4,1,MUTATION,T2,t2_rename_local_x2,23,24,24,25
R00033,5,-1,UNTOUCHED,T1,none,3,5,3,5
R00033,6,-1,UNTOUCHED,T1,none,12,16,13,17
R00033,7,-1,UNTOUCHED,T1,none,28,30,29,31
R00034,0,0,CLONE_INTERVAL,T2,t2_change_string_literal,8,13,8,13
R00034,1,0,MUTATION,T2,t2_change_string_literal,8,8,8,8
R00034,2,1,CLONE_INTERVAL,T1,t1_add_eol_comment,17,23,17,23
R00034,3,1,MUTATION,T1,t1_add_eol_comment,21,21,21,21
R00034,4,-1,UNTOUCHED,T1,none,5,7,5,7
R00034,5,-1,UNTOUCHED,T1,none,14,16,14,16
R00034,6,-1,UNTOUCHED,T1,none,24,36,24,36
R00035,0,0,CLONE_INTERVAL,T2,t2_rename_local_x1,7,13,7,13
R00035,1,0,MUTATION,T2,t2_rename_local_x1,8,9,8,9
R00035,2,1,CLONE_INTERVAL,T3,t3_delete_statement,18,23,18,22
R00035,3,1,MUTATION,T3,t3_delete_statement,19,19,,
R00035,4,-1,UNTOUCHED,T1,none,3,6,3,6
R00035,5,-1,UNTOUCHED,T1,none,14,17,14,17
R00035,6,-1,UNTOUCHED,T1,none,24,28,23,27
R00036,0,0,CLONE_INTERVAL,T2,t2_change_int_literal,9,14,9,14
R00036,1,0,MUTATION,T2,t2_change_int_literal,9,9,9,9
R00036,2,1,CLONE_INTERVAL,T1,t1_add_block_comment,24,29,24,30
R00036,3,1,MUTATION,T1,t1_add_block_comment,,,28,28
R00036,4,-1,UNTOUCHED,T1,none,4,8,4,8
R00036,5,-1,UNTOUCHED,T1,none,15,23,15,23
R00036,6,-1,UNTOUCHED,T1,none,30,33,31,34
R00037,0,0,CLONE_INTERVAL,T1,t1_reindent,24,32,24,32
R00037,1,0,MUTATION,T1,t1_reindent,24,32,24,32
R00037,2,1,CLONE_INTERVAL,T3,t3_insert_statement,103,109,103,110
R00037,3,1,MUTATION,T3,t3_insert_statement,,,105,105
R00037,4,-1,UNTOUCHED,T1,none,21,23,21,23
R00037,5,-1,UNTOUCHED,T1,none,33,35,33,35
R00037,6,-1,UNTOUCHED,T1,none,99,102,99,102
R00037,7,-1,UNTOUCHED,T1,none,110,124,111,125
R00038,0,0,CLONE_INTERVAL,T3,t3_delete_statement,11,18,11,17
R00038,1,0,MUTATION,T3,t3_delete_statement,12,12,,
R00038,2,1,CLONE_INTERVAL,T3,t3_delete_statement,22,27,21,25
R00038,3,1,MUTATION,T3,t3_delete_statement,22,22,,
R00038,4,-1,UNTOUCHED,T1,none,4,10,4,10
R00038,5,-1,UNTOUCHED,T1,none,19,21,18,20
R00038,6,-1,UNTOUCHED,T1,none,28,40,26,38
R00039,0,0,CLONE_INTERVAL,T1,t1_add_block_comment,27,32,27,33
R00039,1,0,MUTATION,T1,t1_add_block_comment,,,30,30
R00039,2,1,CLONE_INTERVAL,T1,t1_add_block_comment,36,42,37,44
R00039,3,1,MUTATION,T1,t1_add_block_comment,,,39,39
R00039,4,-1,UNTOUCHED,T1,none,24,26,24,26
R00039,5,-1,UNTOUCHED,T1,none,33,35,34,36
R00039,6,-1,UNTOUCHED,T1,none,43,61,45,63
R00040,0,0,CLONE_INTERVAL,T1,t1_add_blank_line,37,42,37,43
R00040,1,0,MUTATION,T1,t1_add_blank_line,,,38,38
R00040,2,1,CLONE_INTERVAL,T3,t3_delete_statement,50,58,51,58
R00040,3,1,MUTATION,T3,t3_delete_statement,53,53,,
R00040,4,-1,UNTOUCHED,T1,none,33,36,33,36
R00040,5,-1,UNTOUCHED,T1,none,43,49,44,50
R00040,6,-1,UNTOUCHED,T1,none,59,101,59,101
R00041,0,0,CLONE_INTERVAL,T1,t1_reindent,8,17,8,17
R00041,1,0,MUTATION,T1,t1_reindent,8,17,8,17
R00041,2,1,CLONE_INTERVAL,T2,t2_change_string_literal,22,30,22,30
R00041,3,1,MUTATION,T2,t2_change_string_literal,24,24,24,24
R00041,4,-1,UNTOUCHED,T1,none,3,7,3,7
R00041,5,-1,UNTOUCHED,T1,none,18,21,18,21
R00041,6,-1,UNTOUCHED,T1,none,31,34,31,34
R00042,0,0,CLONE_INTERVAL,T1,t1_add_block_comment,122,127,122,128
R00042,1,0,MUTATION,T1,t1_add_block_comment,,,127,127
R00042,2,1,CLONE_INTERVAL,T1,t1_add_eol_comment,141,146,142,147
R00042,3,1,MUTATION,T1,t1_add_eol_comment,143,143,144,144
R00042,4,-1,UNTOUCHED,T1,none,119,121,119,121
R00042,5,-1,UNTOUCHED,T1,none,128,136,129,137
R00042,6,-1,UNTOUCHED,T1,none,138,140,139,141
R00042,7,-1,UNTOUCHED,T1,none,147,155,148,156
R00043,0,0,CLONE_INTERVAL,T2,t2_change_int_literal,6,11,6,11
R00043,1,0,MUTATION,T2,t2_change_int_literal,8,8,8,8
R00043,2,1,CLONE_INTERVAL,T1,t1_reindent,27,34,27,34
R00043,3,1,MUTATION,T1,t1_reindent,27,34,27,34
R00043,4,-1,UNTOUCHED,T1,none,3,5,3,5
R00043,5,-1,UNTOUCHED,T1,none,12,26,12,26
R00043,6,-1,UNTOUCHED,T1,none,35,37,35,37
R00044,0,0,CLONE_INTERVAL,T3,t3_wrap_statement,8,13,8,15
R00044,1,0,MUTATION,T3,t3_wrap_statement,,,9,9
R00044,2,1,CLONE_INTERVAL,T2,t2_change_int_literal,18,23,20,25
R00044,3,1,MUTATION,T2,t2_change_int_literal,19,19,21,21
R00044,4,-1,UNTOUCHED,T1,none,3,7,3,7
R00044,5,-1,UNTOUCHED,T1,none,14,17,16,19
R00044,6,-1,UNTOUCHED,T1,none,24,31,26,33
R00045,0,0,CLONE_INTERVAL,T1,t1_reindent,7,12,7,12
R00045,1,0,MUTATION,T1,t1_reindent,7,12,7,12
R00045,2,1,CLONE_INTERVAL,T3,t3_insert_statement,20,31,20,31
R00045,3,1,MUTATION,T3,t3_insert_statement,,,32,32
R00045,4,-1,UNTOUCHED,T1,none,3,6,3,6
R00045,5,-1,UNTOUCHED,T1,none,13,19,13,19
R00045,6,-1,UNTOUCHED,T1,none,32,34,33,35
R00046,0,0,CLONE_INTERVAL,T1,t1_add_block_comment,74,82,74,83
R00046,1,0,MUTATION,T1,t1_add_block_comment,,,75,75
R00046,2,1,CLONE_INTERVAL,T1,t1_add_eol_comment,90,97,91,98
R00046,3,1,MUTATION,T1,t1_add_eol_comment,97,97,98,98
R00046,4,-1,UNTOUCHED,T1,none,69,73,69,73
R00046,5,-1,UNTOUCHED,T1,none,83,89,84,90
R00046,6,-1,UNTOUCHED,T1,none,98,105,99,106
R00047,0,0,CLONE_INTERVAL,T2,t2_rename_local_x1,9,14,9,14
R00047,1,0,MUTATION,T2,t2_rename_local_x1,11,11,11,11
R00047,2,1,CLONE_INTERVAL,T2,t2_change_int_literal,18,26,18,26
R00047,3,1,MUTATION,T2,t2_change_int_literal,20,20,20,20
R00047,4,-1,UNTOUCHED,T1,none,4,8,4,8
R00047,5,-1,UNTOUCHED,T1,none,15,17,15,17
R00047,6,-1,UNTOUCHED,T1,none,27,33,27,33
R00048,0,0,CLONE_INTERVAL,T1,t1_add_block_comment,21,33,21,34
R00048,1,0,MUTATION,T1,t1_add_block_comment,,,26,26
R00048,2,1,CLONE_INTERVAL,T2,t2_rename_local_x3,94,99,95,100
R00048,3,1,MUTATION,T2,t2_rename_local_x3,94,98,95,99
R00048,4,-1,UNTOUCHED,T1,none,11,20,11,20
R00048,5,-1,UNTOUCHED,T1,none,34,36,35,37
R00048,6,-1,UNTOUCHED,T1,none,91,93,92,94
R00048,7,-1,UNTOUCHED,T1,none,100,114,101,115
R00049,0,0,CLONE_INTERVAL,T3,t3_delete_statement,63,82,63,81
R00049,1,0,MUTATION,T3,t3_delete_statement,64,64,,
R00049,2,1,CLONE_INTERVAL,T1,t1_add_block_comment,210,216,209,216
R00049,3,1,MUTATION,T1,t1_add_block_comment,,,212,212
R00049,4,-1,UNTOUCHED,T1,none,60,62,60,62
R00049,5,-1,UNTOUCHED,T1,none,83,85,82,84
R00049,6,-1,UNTOUCHED,T1,none,206,209,205,208
R00049,7,-1,UNTOUCHED,T1,none,217,231,217,231
R00050,0,0,CLONE_INTERVAL,T1,t1_reindent,7,15,7,15
R00050,1,0,MUTATION,T1,t1_reindent,7,15,7,15
R00050,2,1,CLONE_INTERVAL,T2,t2_rename_local_x1,27,33,27,33
R00050,3,1,MUTATION,T2,t2_rename_local_x1,29,29,29,29
R00050,4,1,MUTATION,T2,t2_rename_local_x1,31,31,31,31
R00050,5,1,MUTATION,T2,t2_rename_local_x1,33,33,33,33
R00050,6,-1,UNTOUCHED,T1,none,3,6,3,6
R00050,7,-1,UNTOUCHED,T1,none,16,22,16,22
R00050,8,-1,UNTOUCHED,T1,none,24,26,24,26
R00050,9,-1,UNTOUCHED,T1,none,34,41,34,41
R00051,0,0,CLONE_INTERVAL,T2,t2_rename_local_x2,9,14,9,14
R00051,1,0,MUTATION,T2,t2_rename_local_x2,9,10,9,10
R00051,2,1,CLONE_INTERVAL,T2,t2_rename_local_x2,20,38,20,38
R00051,3,1,MUTATION,T2,t2_rename_local_x2,24,25,24,25
R00051,4,1,MUTATION,T2,t2_rename_local_x2,29,30,29,30
R00051,5,1,MUTATION,T2,t2_rename_local_x2,34,35,34,35
R00051,6,-1,UNTOUCHED,T1,none,3,8,3,8
R00051,7,-1,UNTOUCHED,T1,none,15,19,15,19
R00051,8,-1,UNTOUCHED,T1,none,39,42,39,42
R00052,0,0,CLONE_INTERVAL,T1,t1_add_blank_line,51,56,51,57
R00052,1,0,MUTATION,T1,t1_add_blank_line,,,53,53
R00052,2,1,CLONE_INTERVAL,T3,t3_wrap_statement,70,75,71,78
R00052,3,1,MUTATION,T3,t3_wrap_statement,,,71,71
R00052,4,-1,UNTOUCHED,T1,none,48,50,48,50
R00052,5,-1,UNTOUCHED,T1,none,57,65,58,66
R00052,6,-1,UNTOUCHED,T1,none,67,69,68,70
R00052,7,-1,UNTOUCHED,T1,none,76,90,79,93
R00053,0,0,CLONE_INTERVAL,T3,t3_insert_statement,7,12,7,13
R00053,1,0,MUTATION,T3,t3_insert_statement,,,10,10
R00053,2,1,CLONE_INTERVAL,T3,t3_insert_statement,16,21,17,23
R00053,3,1,MUTATION,T3,t3_insert_statement,,,20,20
R00053,4,-1,UNTOUCHED,T1,none,3,6,3,6
R00053,5,-1,UNTOUCHED,T1,none,13,15,14,16
R00053,6,-1,UNTOUCHED,T1,none,22,27,24,29
R00054,0,0,CLONE_INTERVAL,T1,t1_add_blank_line,8,15,8,16
R00054,1,0,MUTATION,T1,t1_add_blank_line,,,13,13
R00054,2,1,CLONE_INTERVAL,T1,t1_add_eol_comment,19,24,20,25
R00054,3,1,MUTATION,T1,t1_add_eol_comment,23,23,24,24
R00054,4,-1,UNTOUCHED,T1,none,3,7,3,7
R00054,5,-1,UNTOUCHED,T1,none,16,18,17,19
R00054,6,-1,UNTOUCHED,T1,none,25,27,26,28
R00055,0,0,CLONE_INTERVAL,T1,t1_reindent,6,26,6,26
R00055,1,0,MUTATION,T1,t1_reindent,6,26,6,26
R00055,2,1,CLONE_INTERVAL,T2,t2_rename_local_x1,36,44,36,44
R00055,3,1,MUTATION,T2,t2_rename_local_x1,41,42,41,42
R00055,4,-1,UNTOUCHED,T1,none,3,5,3,5
R00055,5,-1,UNTOUCHED,T1,none,27,29,27,29
R00055,6,-1,UNTOUCHED,T1,none,31,35,31,35
R00055,7,-1,UNTOUCHED,T1,none,45,51,45,51
R00056,0,0,CLONE_INTERVAL,T3,t3_delete_statement,9,14,9,13
R00056,1,0,MUTATION,T3,t3_delete_statement,9,9,,
R00056,2,1,CLONE_INTERVAL,T2,t2_change_int_literal,28,33,27,32
R00056,3,1,MUTATION,T2,t2_change_int_literal,28,28,27,27
R00056,4,-1,UNTOUCHED,T1,none,3,8,3,8
R00056,5,-1,UNTOUCHED,T1,none,15,27,14,26
R00056,6,-1,UNTOUCHED,T1,none,34,40,33,39
R00057,0,0,CLONE_INTERVAL,T1,t1_reindent,14,19,14,19
R00057,1,0,MUTATION,T1,t1_reindent,14,16,14,16
R00057,2,0,MUTATION,T1,t1_reindent,19,19,19,19
R00057,3,1,CLONE_INTERVAL,T1,t1_add_block_comment,108,113,108,114
R00057,4,1,MUTATION,T1,t1_add_block_comment,,,109,109
R00057,5,-1,UNTOUCHED,T1,none,11,13,11,13
R00057,6,-1,UNTOUCHED,T1,none,20,26,20,26
R00057,7,-1,UNTOUCHED,T1,none,100,107,100,107
R00057,8,-1,UNTOUCHED,T1,none,114,122,115,123
R00058,0,0,CLONE_INTERVAL,T1,t1_add_eol_comment,8,13,8,13
R00058,1,0,MUTATION,T1,t1_add_eol_comment,11,11,11,11
R00058,2,1,CLONE_INTERVAL,T1,t1_reindent,30,37,30,37
R00058,3,1,MUTATION,T1,t1_reindent,30,37,30,37
R00058,4,-1,UNTOUCHED,T1,none,5,7,5,7
R00058,5,-1,UNTOUCHED,T1,none,14,29,14,29
R00058,6,-1,UNTOUCHED,T1,none,38,40,38,40
R00059,0,0,CLONE_INTERVAL,T2,t2_change_int_literal,9,18,9,18
R00059,1,0,MUTATION,T2,t2_change_int_literal,9,9,9,9
R00059,2,1,CLONE_INTERVAL,T1,t1_reindent,29,34,29,34
R00059,3,1,MUTATION,T1,t1_reindent,29,34,29,34
R00059,4,-1,UNTOUCHED,T1,none,3,8,3,8
R00059,5,-1,UNTOUCHED,T1,none,19,28,19,28
R00059,6,-1,UNTOUCHED,T1,none,35,37,35,37
R00060,0,0,CLONE_INTERVAL,T2,t2_rename_local_x5,9,14,9,14
R00060,1,0,MUTATION,T2,t2_rename_local_x5,9,13,9,13
R00060,2,1,CLONE_INTERVAL,T1,t1_add_blank_line,24,31,24,32
R00060,3,1,MUTATION,T1,t1_add_blank_line,,,27,27
R00060,4,-1,UNTOUCHED,T1,none,3,8,3,8
R00060,5,-1,UNTOUCHED,T1,none,15,23,15,23
R00060,6,-1,UNTOUCHED,T1,none,32,38,33,39
R00061,0,0,CLONE_INTERVAL,T2,t2_change_int_literal,6,16,6,16
R00061,1,0,MUTATION,T2,t2_change_int_literal,8,8,8,8
R00061,2,1,CLONE_INTERVAL,T1,t1_add_eol_comment,37,54,37,54
R00061,3,1,MUTATION,T1,t1_add_eol_comment,53,53,53,53
R00061,4,-1,UNTOUCHED,T1,none,3,5,3,5
R00061,5,-1,UNTOUCHED,T1,none,17,22,17,22
R00061,6,-1,UNTOUCHED,T1,none,32,36,32,36
R00061,7,-1,UNTOUCHED,T1,none,55,57,55,57
R00062,0,0,CLONE_INTERVAL,T1,t1_add_eol_comment,12,17,12,17
R00062,1,0,MUTATION,T1,t1_add_eol_comment,16,16,16,16
R00062,2,1,CLONE_INTERVAL,T1,t1_add_blank_line,21,29,21,30
R00062,3,1,MUTATION,T1,t1_add_blank_line,,,29,29
R00062,4,-1,UNTOUCHED,T1,none,3,11,3,11
R00062,5,-1,UNTOUCHED,T1,none,18,20,18,20
R00062,6,-1,UNTOUCHED,T1,none,30,51,31,52
R00063,0,0,CLONE_INTERVAL,T3,t3_delete_statement,9,14,9,13
R00063,1,0,MUTATION,T3,t3_delete_statement,9,9,,
R00063,2,1,CLONE_INTERVAL,T3,t3_wrap_statement,20,25,19,26
R00063,3,1,MUTATION,T3,t3_wrap_statement,,,20,20
R00063,4,-1,UNTOUCHED,T1,none,4,8,4,8
R00063,5,-1,UNTOUCHED,T1,none,15,19,14,18
R00063,6,-1,UNTOUCHED,T1,none,26,32,27,33
R00064,0,0,CLONE_INTERVAL,T1,t1_add_eol_comment,76,81,76,81
R00064,1,0,MUTATION,T1,t1_add_eol_comment,79,79,79,79
R00064,2,1,CLONE_INTERVAL,T3,t3_wrap_statement,103,108,103,110
R00064,3,1,MUTATION,T3,t3_wrap_statement,,,104,104
R00064,4,-1,UNTOUCHED,T1,none,73,75,73,75
R00064,5,-1,UNTOUCHED,T1,none,82,90,82,90
R00064,6,-1,UNTOUCHED,T1,none,100,102,100,102
R00064,7,-1,UNTOUCHED,T1,none,109,117,111,119
R00065,0,0,CLONE_INTERVAL,T1,t1_add_blank_line,8,13,8,14
R00065,1,0,MUTATION,T1,t1_add_blank_line,,,12,12
R00065,2,1,CLONE_INTERVAL,T2,t2_rename_local_x1,21,27,22,28
R00065,3,1,MUTATION,T2,t2_rename_local_x1,23,25,24,26
R00065,4,-1,UNTOUCHED,T1,none,3,7,3,7
R00065,5,-1,UNTOUCHED,T1,none,14,20,15,21
R00065,6,-1,UNTOUCHED,T1,none,28,33,29,34
R00066,0,0,CLONE_INTERVAL,T1,t1_reindent,10,15,10,15
R00066,1,0,MUTATION,T1,t1_reindent,10,15,10,15
R00066,2,1,CLONE_INTERVAL,T1,t1_add_eol_comment,48,53,48,53
R00066,3,1,MUTATION,T1,t1_add_eol_comment,48,48,48,48
R00066,4,-1,UNTOUCHED,T1,none,7,9,7,9
R00066,5,-1,UNTOUCHED,T1,none,16,47,16,47
R00066,6,-1,UNTOUCHED,T1,none,54,60,54,60
R00067,0,0,CLONE_INTERVAL,T2,t2_change_int_literal,15,20,15,20
R00067,1,0,MUTATION,T2,t2_change_int_literal,15,15,15,15
R00067,2,1,CLONE_INTERVAL,T1,t1_reindent,44,49,44,49
R00067,3,1,MUTATION,T1,t1_reindent,44,49,44,49
R00067,4,-1,UNTOUCHED,T1,none,12,14,12,14
R00067,5,-1,UNTOUCHED,T1,none,21,23,21,23
R00067,6,-1,UNTOUCHED,T1,none,39,43,39,43
R00067,7,-1,UNTOUCHED,T1,none,50,63,50,63
R00068,0,0,CLONE_INTERVAL,T1,t1_reindent,7,12,7,12
R00068,1,0,MUTATION,T1,t1_reindent,7,12,7,12
R00068,2,1,CLONE_INTERVAL,T1,t1_add_eol_comment,23,29,23,29
R00068,3,1,MUTATION,T1,t1_add_eol_comment,28,28,28,28
R00068,4,-1,UNTOUCHED,T1,none,3,6,3,6
R00068,5,-1,UNTOUCHED,T1,none,13,22,13,22
R00068,6,-1,UNTOUCHED,T1,none,30,35,30,35
R00069,0,0,CLONE_INTERVAL,T3,t3_delete_statement,6,11,5,9
R00069,1,0,MUTATION,T3,t3_delete_statement,6,6,,
R00069,2,1,CLONE_INTERVAL,T3,t3_delete_statement,15,24,13,21
R00069,3,1,MUTATION,T3,t3_delete_statement,15,15,,
R00069,4,-1,UNTOUCHED,T1,none,3,4,3,4
R00069,5,-1,UNTOUCHED,T1,none,12,14,10,12
R00069,6,-1,UNTOUCHED,T1,none,25,37,22,34
R00070,0,0,CLONE_INTERVAL,T3,t3_insert_statement,6,11,6,12
R00070,1,0,MUTATION,T3,t3_insert_statement,,,11,11
R00070,2,1,CLONE_INTERVAL,T2,t2_rename_local_x2,17,27,18,28
R00070,3,1,MUTATION,T2,t2_rename_local_x2,19,23,20,24
R00070,4,-1,UNTOUCHED,T1,none,3,5,3,5
R00070,5,-1,UNTOUCHED,T1,none,12,16,13,17
R00070,6,-1,UNTOUCHED,T1,none,28,36,29,37
R00071,0,0,CLONE_INTERVAL,T3,t3_insert_statement,8,15,8,15
R00071,1,0,MUTATION,T3,t3_insert_statement,,,16,16
R00071,2,1,CLONE_INTERVAL,T2,t2_change_int_literal,19,27,20,28
R00071,3,1,MUTATION,T2,t2_change_int_literal,19,19,20,20
R00071,4,-1,UNTOUCHED,T1,none,3,7,3,7
R00071,5,-1,UNTOUCHED,T1,none,16,18,17,19
R00071,6,-1,UNTOUCHED,T1,none,28,38,29,39
R00072,0,0,CLONE_INTERVAL,T1,t1_add_blank_line,9,14,9,15
R00072,1,0,MUTATION,T1,t1_add_blank_line,,,14,14
R00072,2,1,CLONE_INTERVAL,T2,t2_change_string_literal,19,24,20,25
R00072,3,1,MUTATION,T2,t2_change_string_literal,20,20,21,21
R00072,4,-1,UNTOUCHED,T1,none,5,8,5,8
R00072,5,-1,UNTOUCHED,T1,none,15,18,16,19
R00072,6,-1,UNTOUCHED,T1,none,25,35,26,36
R00073,0,0,CLONE_INTERVAL,T2,t2_rename_local_x1,7,12,7,12
R00073,1,0,MUTATION,T2,t2_rename_local_x1,7,8,7,8
R00073,2,1,CLONE_INTERVAL,T3,t3_delete_statement,16,23,16,22
R00073,3,1,MUTATION,T3,t3_delete_statement,17,17,,
R00073,4,-1,UNTOUCHED,T1,none,3,6,3,6
R00073,5,-1,UNTOUCHED,T1,none,13,15,13,15
R00073,6,-1,UNTOUCHED,T1,none,24,35,23,34
R00074,0,0,CLONE_INTERVAL,T3,t3_delete_statement,6,11,6,10
R00074,1,0,MUTATION,T3,t3_delete_statement,11,11,,
R00074,2,1,CLONE_INTERVAL,T3,t3_insert_statement,17,22,16,22
R00074,3,1,MUTATION,T3,t3_insert_statement,,,21,21
R00074,4,-1,UNTOUCHED,T1,none,3,5,3,5
R00074,5,-1,UNTOUCHED,T1,none,12,16,11,15
R00074,6,-1,UNTOUCHED,T1,none,23,30,23,30
R00075,0,0,CLONE_INTERVAL,T3,t3_insert_statement,55,60,55,61
R00075,1,0,MUTATION,T3,t3_insert_statement,,,58,58
R00075,2,1,CLONE_INTERVAL,T3,t3_wrap_statement,74,79,75,82
R00075,3,1,MUTATION,T3,t3_wrap_statement,,,78,78
R00075,4,-1,UNTOUCHED,T1,none,48,54,48,54
R00075,5,-1,UNTOUCHED,T1,none,61,65,62,66
R00075,6,-1,UNTOUCHED,T1,none,67,73,68,74
R00075,7,-1,UNTOUCHED,T1,none,80,84,83,87
R00076,0,0,CLONE_INTERVAL,T2,t2_rename_local_x3,88,97,88,97
R00076,1,0,MUTATION,T2,t2_rename_local_x3,88,91,88,91
R00076,2,0,MUTATION,T2,t2_rename_local_x3,93,94,93,94
R00076,3,0,MUTATION,T2,t2_rename_local_x3,96,96,96,96
R00076,4,1,CLONE_INTERVAL,T2,t2_change_int_literal,160,168,160,168
R00076,5,1,MUTATION,T2,t2_change_int_literal,160,160,160,160
R00076,6,-1,UNTOUCHED,T1,none,84,87,84,87
R00076,7,-1,UNTOUCHED,T1,none,98,100,98,100
R00076,8,-1,UNTOUCHED,T1,none,157,159,157,159
R00076,9,-1,UNTOUCHED,T1,none,169,183,169,183
R00077,0,0,CLONE_INTERVAL,T1,t1_add_eol_comment,45,51,45,51
R00077,1,0,MUTATION,T1,t1_add_eol_comment,51,51,51,51
R00077,2,1,CLONE_INTERVAL,T1,t1_add_block_comment,85,90,85,91
R00077,3,1,MUTATION,T1,t1_add_block_comment,,,88,88
R00077,4,-1,UNTOUCHED,T1,none,39,44,39,44
R00077,5,-1,UNTOUCHED,T1,none,52,55,52,55
R00077,6,-1,UNTOUCHED,T1,none,77,84,77,84
R00077,7,-1,UNTOUCHED,T1,none,91,99,92,100
R00078,0,0,CLONE_INTERVAL,T2,t2_change_string_literal,15,20,15,20
R00078,1,0,MUTATION,T2,t2_change_string_literal,18,18,18,18
R00078,2,1,CLONE_INTERVAL,T2,t2_change_string_literal,27,33,27,33
R00078,3,1,MUTATION,T2,t2_change_string_literal,28,28,28,28
R00078,4,-1,UNTOUCHED,T1,none,5,14,5,14
R00078,5,-1,UNTOUCHED,T1,none,21,26,21,26
R00078,6,-1,UNTOUCHED,T1,none,34,47,34,47
R00079,0,0,CLONE_INTERVAL,T1,t1_reindent,7,12,7,12
R00079,1,0,MUTATION,T1,t1_reindent,7,12,7,12
R00079,2,1,CLONE_INTERVAL,T1,t1_reindent,18,27,18,27
R00079,3,1,MUTATION,T1,t1_reindent,18,27,18,27
R00079,4,-1,UNTOUCHED,T1,none,3,6,3,6
R00079,5,-1,UNTOUCHED,T1,none,13,17,13,17
R00079,6,-1,UNTOUCHED,T1,none,28,31,28,31
R00080,0,0,CLONE_INTERVAL,T1,t1_reindent,14,19,14,19
R00080,1,0,MUTATION,T1,t1_reindent,14,19,14,19
R00080,2,1,CLONE_INTERVAL,T3,t3_delete_statement,26,37,26,36
R00080,3,1,MUTATION,T3,t3_delete_statement,27,27,,
R00080,4,-1,UNTOUCHED,T1,none,11,13,11,13
R00080,5,-1,UNTOUCHED,T1,none,20,25,20,25
R00080,6,-1,UNTOUCHED,T1,none,38,40,37,39
R00081,0,0,CLONE_INTERVAL,T1,t1_add_blank_line,7,12,7,13
R00081,1,0,MUTATION,T1,t1_add_blank_line,,,8,8
R00081,2,1,CLONE_INTERVAL,T1,t1_add_blank_line,16,21,17,23
R00081,3,1,MUTATION,T1,t1_add_blank_line,,,20,20
R00081,4,-1,UNTOUCHED,T1,none,3,6,3,6
R00081,5,-1,UNTOUCHED,T1,none,13,15,14,16
R00081,6,-1,UNTOUCHED,T1,none,22,28,24,30
R00082,0,0,CLONE_INTERVAL,T3,t3_wrap_statement,8,13,8,15
R00082,1,0,MUTATION,T3,t3_wrap_statement,,,9,9
R00082,2,1,CLONE_INTERVAL,T2,t2_rename_local_x1,24,55,26,57
R00082,3,1,MUTATION,T2,t2_rename_local_x1,25,25,27,27
R00082,4,1,MUTATION,T2,t2_rename_local_x1,39,39,41,41
R00082,5,1,MUTATION,T2,t2_rename_local_x1,41,41,43,43
R00082,6,1,MUTATION,T2,t2_rename_local_x1,52,52,54,54
R00082,7,-1,UNTOUCHED,T1,none,4,7,4,7
R00082,8,-1,UNTOUCHED,T1,none,14,23,16,25
R00082,9,-1,UNTOUCHED,T1,none,56,61,58,63
R00083,0,0,CLONE_INTERVAL,T3,t3_insert_statement,7,12,7,13
R00083,1,0,MUTATION,T3,t3_insert_statement,,,8,8
R00083,2,1,CLONE_INTERVAL,T2,t2_change_int_literal,16,21,17,22
R00083,3,1,MUTATION,T2,t2_change_int_literal,16,16,17,17
R00083,4,-1,UNTOUCHED,T1,none,3,6,3,6
R00083,5,-1,UNTOUCHED,T1,none,13,15,14,16
R00083,6,-1,UNTOUCHED,T1,none,22,28,23,29
R00084,0,0,CLONE_INTERVAL,T3,t3_wrap_statement,18,23,18,25
R00084,1,0,MUTATION,T3,t3_wrap_statement,,,18,18
R00084,2,1,CLONE_INTERVAL,T2,t2_rename_local_x1,112,118,114,120
R00084,3,1,MUTATION,T2,t2_rename_local_x1,114,115,116,117
R00084,4,-1,UNTOUCHED,T1,none,13,17,13,17
R00084,5,-1,UNTOUCHED,T1,none,24,48,26,50
R00084,6,-1,UNTOUCHED,T1,none,108,111,110,113
R00084,7,-1,UNTOUCHED,T1,none,119,124,121,126
R00085,0,0,CLONE_INTERVAL,T1,t1_reindent,7,12,7,12
R00085,1,0,MUTATION,T1,t1_reindent,7,12,7,12
R00085,2,1,CLONE_INTERVAL,T3,t3_insert_statement,16,26,16,26
R00085,3,1,MUTATION,T3,t3_insert_statement,,,27,27
R00085,4,-1,UNTOUCHED,T1,none,3,6,3,6
R00085,5,-1,UNTOUCHED,T1,none,13,15,13,15
R00085,6,-1,UNTOUCHED,T1,none,27,31,28,32
R00086,0,0,CLONE_INTERVAL,T3,t3_insert_statement,55,60,54,60
R00086,1,0,MUTATION,T3,t3_insert_statement,,,55,55
R00086,2,1,CLONE_INTERVAL,T1,t1_add_eol_comment,77,82,77,82
R00086,3,1,MUTATION,T1,t1_add_eol_comment,80,80,80,80
R00086,4,-1,UNTOUCHED,T1,none,50,54,49,53
R00086,5,-1,UNTOUCHED,T1,none,61,70,61,70
R00086,6,-1,UNTOUCHED,T1,none,72,76,72,76
R00086,7,-1,UNTOUCHED,T1,none,83,92,83,92
R00087,0,0,CLONE_INTERVAL,T3,t3_delete_statement,13,18,13,17
R00087,1,0,MUTATION,T3,t3_delete_statement,18,18,,
R00087,2,1,CLONE_INTERVAL,T1,t1_add_blank_line,34,43,33,43
R00087,3,1,MUTATION,T1,t1_add_blank_line,,,38,38
R00087,4,-1,UNTOUCHED,T1,none,5,12,5,12
R00087,5,-1,UNTOUCHED,T1,none,19,33,18,32
R00087,6,-1,UNTOUCHED,T1,none,44,53,44,53
R00088,0,0,CLONE_INTERVAL,T2,t2_rename_local_x1,21,27,21,27
R00088,1,0,MUTATION,T2,t2_rename_local_x1,21,23,21,23
R00088,2,1,CLONE_INTERVAL,T2,t2_rename_local_x3,121,126,121,126
R00088,3,1,MUTATION,T2,t2_rename_local_x3,121,125,121,125
R00088,4,-1,UNTOUCHED,T1,none,11,20,11,20
R00088,5,-1,UNTOUCHED,T1,none,28,34,28,34
R00088,6,-1,UNTOUCHED,T1,none,118,120,118,120
R00088,7,-1,UNTOUCHED,T1,none,127,140,127,140
R00089,0,0,CLONE_INTERVAL,T3,t3_delete_statement,28,34,28,33
R00089,1,0,MUTATION,T3,t3_delete_statement,34,34,,
R00089,2,1,CLONE_INTERVAL,T3,t3_insert_statement,111,119,110,119
R00089,3,1,MUTATION,T3,t3_insert_statement,,,111,111
R00089,4,-1,UNTOUCHED,T1,none,25,27,25,27
R00089,5,-1,UNTOUCHED,T1,none,35,37,34,36
R00089,6,-1,UNTOUCHED,T1,none,107,110,106,109
R00089,7,-1,UNTOUCHED,T1,none,120,122,120,122
R00090,0,0,CLONE_INTERVAL,T1,t1_reindent,10,16,10,16
R00090,1,0,MUTATION,T1,t1_reindent,10,16,10,16
R00090,2,1,CLONE_INTERVAL,T2,t2_rename_local_x1,22,29,22,29
R00090,3,1,MUTATION,T2,t2_rename_local_x1,22,22,22,22
R00090,4,-1,UNTOUCHED,T1,none,3,9,3,9
R00090,5,-1,UNTOUCHED,T1,none,17,21,17,21
R00090,6,-1,UNTOUCHED,T1,none,30,35,30,35
R00091,0,0,CLONE_INTERVAL,T2,t2_rename_local_x3,44,49,44,49
R00091,1,0,MUTATION,T2,t2_rename_local_x3,44,48,44,48
R00091,2,1,CLONE_INTERVAL,T1,t1_add_eol_comment,63,68,63,68
R00091,3,1,MUTATION,T1,t1_add_eol_comment,68,68,68,68
R00091,4,-1,UNTOUCHED,T1,none,41,43,41,43
R00091,5,-1,UNTOUCHED,T1,none,50,58,50,58
R00091,6,-1,UNTOUCHED,T1,none,60,62,60,62
R00091,7,-1,UNTOUCHED,T1,none,69,76,69,76
R00092,0,0,CLONE_INTERVAL,T3,t3_wrap_statement,13,19,13,21
R00092,1,0,MUTATION,T3,t3_wrap_statement,,,16,16
R00092,2,1,CLONE_INTERVAL,T3,t3_insert_statement,23,28,25,30
R00092,3,1,MUTATION,T3,t3_insert_statement,,,31,31
R00092,4,-1,UNTOUCHED,T1,none,10,12,10,12
R00092,5,-1,UNTOUCHED,T1,none,20,22,22,24
R00092,6,-1,UNTOUCHED,T1,none,29,31,32,34
R00093,0,0,CLONE_INTERVAL,T3,t3_delete_statement,10,15,10,14
R00093,1,0,MUTATION,T3,t3_delete_statement,12,12,,
R00093,2,1,CLONE_INTERVAL,T1,t1_add_blank_line,19,26,18,26
R00093,3,1,MUTATION,T1,t1_add_blank_line,,,19,19
R00093,4,-1,UNTOUCHED,T1,none,7,9,7,9
R00093,5,-1,UNTOUCHED,T1,none,16,18,15,17
R00093,6,-1,UNTOUCHED,T1,none,27,33,27,33
R00094,0,0,CLONE_INTERVAL,T3,t3_wrap_statement,28,33,28,35
R00094,1,0,MUTATION,T3,t3_wrap_statement,,,29,29
R00094,2,1,CLONE_INTERVAL,T2,t2_change_string_literal,193,208,195,210
R00094,3,1,MUTATION,T2,t2_change_string_literal,201,201,203,203
R00094,4,-1,UNTOUCHED,T1,none,25,27,25,27
R00094,5,-1,UNTOUCHED,T1,none,34,37,36,39
R00094,6,-1,UNTOUCHED,T1,none,186,192,188,194
R00094,7,-1,UNTOUCHED,T1,none,209,212,211,214
R00095,0,0,CLONE_INTERVAL,T1,t1_add_block_comment,114,120,114,121
R00095,1,0,MUTATION,T1,t1_add_block_comment,,,115,115
R00095,2,1,CLONE_INTERVAL,T1,t1_add_block_comment,126,131,127,133
R00095,3,1,MUTATION,T1,t1_add_block_comment,,,131,131
R00095,4,-1,UNTOUCHED,T1,none,111,113,111,113
R00095,5,-1,UNTOUCHED,T1,none,121,125,122,126
R00095,6,-1,UNTOUCHED,T1,none,132,138,134,140
R00096,0,0,CLONE_INTERVAL,T1,t1_add_blank_line,155,160,155,161
R00096,1,0,MUTATION,T1,t1_add_blank_line,,,160,160
R00096,2,1,CLONE_INTERVAL,T2,t2_change_int_literal,174,179,175,180
R00096,3,1,MUTATION,T2,t2_change_int_literal,175,175,176,176
R00096,4,-1,UNTOUCHED,T1,none,152,154,152,154
R00096,5,-1,UNTOUCHED,T1,none,161,169,162,170
R00096,6,-1,UNTOUCHED,T1,none,171,173,172,174
R00096,7,-1,UNTOUCHED,T1,none,180,188,181,189
R00097,0,0,CLONE_INTERVAL,T2,t2_rename_local_x2,22,27,22,27
R00097,1,0,MUTATION,T2,t2_rename_local_x2,24,26,24,26
R00097,2,1,CLONE_INTERVAL,T2,t2_rename_local_x1,31,48,31,48
R00097,3,1,MUTATION,T2,t2_rename_local_x1,33,34,33,34
R00097,4,-1,UNTOUCHED,T1,none,19,21,19,21
R00097,5,-1,UNTOUCHED,T1,none,28,30,28,30
R00097,6,-1,UNTOUCHED,T1,none,49,53,49,53
R00098,0,0,CLONE_INTERVAL,T1,t1_add_block_comment,8,14,8,15
R00098,1,0,MUTATION,T1,t1_add_block_comment,,,14,14
R00098,2,1,CLONE_INTERVAL,T1,t1_add_blank_line,18,24,19,26
R00098,3,1,MUTATION,T1,t1_add_blank_line,,,25,25
R00098,4,-1,UNTOUCHED,T1,none,3,7,3,7
R00098,5,-1,UNTOUCHED,T1,none,15,17,16,18
R00098,6,-1,UNTOUCHED,T1,none,25,28,27,30
R00099,0,0,CLONE_INTERVAL,T1,t1_add_eol_comment,16,24,16,24
R00099,1,0,MUTATION,T1,t1_add_eol_comment,19,19,19,19
R00099,2,1,CLONE_INTERVAL,T2,t2_rename_local_x3,89,94,89,94
R00099,3,1,MUTATION,T2,t2_rename_local_x3,89,93,89,93
R00099,4,-1,UNTOUCHED,T1,none,11,15,11,15
R00099,5,-1,UNTOUCHED,T1,none,25,27,25,27
R00099,6,-1,UNTOUCHED,T1,none,86,88,86,88
R00099,7,-1,UNTOUCHED,T1,none,95,109,95,109
R00100,0,0,CLONE_INTERVAL,T1,t1_reindent,13,20,13,20
R00100,1,0,MUTATION,T1,t1_reindent,13,14,13,14
R00100,2,0,MUTATION,T1,t1_reindent,16,20,16,20
R00100,3,1,CLONE_INTERVAL,T2,t2_rename_local_x1,26,32,26,32
R00100,4,1,MUTATION,T2,t2_rename_local_x1,26,26,26,26
R00100,5,1,MUTATION,T2,t2_rename_local_x1,29,29,29,29
R00100,6,-1,UNTOUCHED,T1,none,3,12,3,12
R00100,7,-1,UNTOUCHED,T1,none,21,25,21,25
R00100,8,-1,UNTOUCHED,T1,none,33,38,33,38
R00101,0,0,CLONE_INTERVAL,T3,t3_insert_statement,81,86,81,87
R00101,1,0,MUTATION,T3,t3_insert_statement,,,82,82
R00101,2,1,CLONE_INTERVAL,T1,t1_reindent,103,108,104,109
R00101,3,1,MUTATION,T1,t1_reindent,103,108,104,109
R00101,4,-1,UNTOUCHED,T1,none,76,80,76,80
R00101,5,-1,UNTOUCHED,T1,none,87,96,88,97
R00101,6,-1,UNTOUCHED,T1,none,98,102,99,103
R00101,7,-1,UNTOUCHED,T1,none,109,118,110,119
R00102,0,0,CLONE_INTERVAL,T2,t2_change_int_literal,6,11,6,11
R00102,1,0,MUTATION,T2,t2_change_int_literal,8,8,8,8
R00102,2,1,CLONE_INTERVAL,T1,t1_add_block_comment,16,21,16,22
R00102,3,1,MUTATION,T1,t1_add_block_comment,,,19,19
R00102,4,-1,UNTOUCHED,T1,none,3,5,3,5
R00102,5,-1,UNTOUCHED,T1,none,12,15,12,15
R00102,6,-1,UNTOUCHED,T1,none,22,25,23,26
R00103,0,0,CLONE_INTERVAL,T2,t2_change_string_literal,6,13,6,13
R00103,1,0,MUTATION,T2,t2_change_string_literal,7,7,7,7
R00103,2,1,CLONE_INTERVAL,T1,t1_add_blank_line,25,32,25,33
R00103,3,1,MUTATION,T1,t1_add_blank_line,,,29,29
R00103,4,-1,UNTOUCHED,T1,none,3,5,3,5
R00103,5,-1,UNTOUCHED,T1,none,14,24,14,24
R00103,6,-1,UNTOUCHED,T1,none,33,39,34,40
R00104,0,0,CLONE_INTERVAL,T1,t1_add_block_comment,7,12,7,13
R00104,1,0,MUTATION,T1,t1_add_block_comment,,,12,12
R00104,2,1,CLONE_INTERVAL,T1,t1_add_eol_comment,16,21,17,22
R00104,3,1,MUTATION,T1,t1_add_eol_comment,20,20,21,21
R00104,4,-1,UNTOUCHED,T1,none,3,6,3,6
R00104,5,-1,UNTOUCHED,T1,none,13,15,14,16
R00104,6,-1,UNTOUCHED,T1,none,22,39,23,40
R00105,0,0,CLONE_INTERVAL,T2,t2_change_int_literal,7,16,7,16
R00105,1,0,MUTATION,T2,t2_change_int_literal,8,8,8,8
R00105,2,1,CLONE_INTERVAL,T3,t3_wrap_statement,24,29,24,31
R00105,3,1,MUTATION,T3,t3_wrap_statement,,,24,24
R00105,4,-1,UNTOUCHED,T1,none,3,6,3,6
R00105,5,-1,UNTOUCHED,T1,none,17,23,17,23
R00105,6,-1,UNTOUCHED,T1,none,30,34,32,36
R00106,0,0,CLONE_INTERVAL,T2,t2_change_string_literal,20,28,20,28
R00106,1,0,MUTATION,T2,t2_change_string_literal,23,23,23,23
R00106,2,1,CLONE_INTERVAL,T2,t2_rename_local_x3,118,123,118,123
R00106,3,1,MUTATION,T2,t2_rename_local_x3,118,122,118,122
R00106,4,-1,UNTOUCHED,T1,none,11,19,11,19
R00106,5,-1,UNTOUCHED,T1,none,29,31,29,31
R00106,6,-1,UNTOUCHED,T1,none,115,117,115,117
R00106,7,-1,UNTOUCHED,T1,none,124,137,124,137
R00107,0,0,CLONE_INTERVAL,T2,t2_change_int_literal,28,36,28,36
R00107,1,0,MUTATION,T2,t2_change_int_literal,28,28,28,28
R00107,2,1,CLONE_INTERVAL,T3,t3_insert_statement,40,45,40,46
R00107,3,1,MUTATION,T3,t3_insert_statement,,,45,45
R00107,4,-1,UNTOUCHED,T1,none,25,27,25,27
R00107,5,-1,UNTOUCHED,T1,none,37,39,37,39
R00107,6,-1,UNTOUCHED,T1,none,46,62,47,63
R00108,0,0,CLONE_INTERVAL,T3,t3_delete_statement,11,17,11,16
R00108,1,0,MUTATION,T3,t3_delete_statement,12,12,,
R00108,2,1,CLONE_INTERVAL,T2,t2_rename_local_x2,22,31,21,30
R00108,3,1,MUTATION,T2,t2_rename_local_x2,23,25,22,24
R00108,4,-1,UNTOUCHED,T1,none,3,10,3,10
R00108,5,-1,UNTOUCHED,T1,none,18,21,17,20
R00108,6,-1,UNTOUCHED,T1,none,32,38,31,37
R00109,0,0,CLONE_INTERVAL,T1,t1_add_block_comment,60,65,60,66
R00109,1,0,MUTATION,T1,t1_add_block_comment,,,65,65
R00109,2,1,CLONE_INTERVAL,T3,t3_wrap_statement,79,84,80,88
R00109,3,1,MUTATION,T3,t3_wrap_statement,,,84,84
R00109,4,-1,UNTOUCHED,T1,none,57,59,57,59
R00109,5,-1,UNTOUCHED,T1,none,66,74,67,75
R00109,6,-1,UNTOUCHED,T1,none,76,78,77,79
R00109,7,-1,UNTOUCHED,T1,none,86,93,89,96
R00110,0,0,CLONE_INTERVAL,T1,t1_add_blank_line,183,188,183,189
R00110,1,0,MUTATION,T1,t1_add_blank_line,,,187,187
R00110,2,1,CLONE_INTERVAL,T3,t3_insert_statement,226,231,227,233
R00110,3,1,MUTATION,T3,t3_insert_statement,,,230,230
R00110,4,-1,UNTOUCHED,T1,none,180,182,180,182
R00110,5,-1,UNTOUCHED,T1,none,189,197,190,198
R00110,6,-1,UNTOUCHED,T1,none,218,225,219,226
R00110,7,-1,UNTOUCHED,T1,none,232,241,234,243
R00111,0,0,CLONE_INTERVAL,T1,t1_add_block_comment,8,13,8,14
R00111,1,0,MUTATION,T1,t1_add_block_comment,,,12,12
R00111,2,1,CLONE_INTERVAL,T1,t1_add_block_comment,28,45,29,47
R00111,3,1,MUTATION,T1,t1_add_block_comment,,,32,32
R00111,4,-1,UNTOUCHED,T1,none,4,7,4,7
R00111,5,-1,UNTOUCHED,T1,none,14,27,15,28
R00111,6,-1,UNTOUCHED,T1,none,46,48,48,50
R00112,0,0,CLONE_INTERVAL,T3,t3_delete_statement,10,15,10,14
R00112,1,0,MUTATION,T3,t3_delete_statement,12,12,,
R00112,2,1,CLONE_INTERVAL,T3,t3_insert_statement,19,26,18,26
R00112,3,1,MUTATION,T3,t3_insert_statement,,,23,23
R00112,4,-1,UNTOUCHED,T1,none,7,9,7,9
R00112,5,-1,UNTOUCHED,T1,none,16,18,15,17
R00112,6,-1,UNTOUCHED,T1,none,27,33,27,33
R00113,0,0,CLONE_INTERVAL,T2,t2_rename_local_x4,29,45,29,45
R00113,1,0,MUTATION,T2,t2_rename_local_x4,30,33,30,33
R00113,2,0,MUTATION,T2,t2_rename_local_x4,35,35,35,35
R00113,3,0,MUTATION,T2,t2_rename_local_x4,38,39,38,39
R00113,4,0,MUTATION,T2,t2_rename_local_x4,44,44,44,44
R00113,5,1,CLONE_INTERVAL,T3,t3_insert_statement,90,95,90,96
R00113,6,1,MUTATION,T3,t3_insert_statement,,,91,91
R00113,7,-1,UNTOUCHED,T1,none,26,28,26,28
R00113,8,-1,UNTOUCHED,T1,none,46,49,46,49
R00113,9,-1,UNTOUCHED,T1,none,85,89,85,89
R00113,10,-1,UNTOUCHED,T1,none,96,105,97,106
R00114,0,0,CLONE_INTERVAL,T1,t1_add_eol_comment,10,17,10,17
R00114,1,0,MUTATION,T1,t1_add_eol_comment,16,16,16,16
R00114,2,1,CLONE_INTERVAL,T3,t3_wrap_statement,21,27,21,29
R00114,3,1,MUTATION,T3,t3_wrap_statement,,,21,21
R00114,4,-1,UNTOUCHED,T1,none,3,9,3,9
R00114,5,-1,UNTOUCHED,T1,none,18,20,18,20
R00114,6,-1,UNTOUCHED,T1,none,28,33,30,35
R00115,0,0,CLONE_INTERVAL,T3,t3_insert_statement,87,101,87,101
R00115,1,0,MUTATION,T3,t3_insert_statement,,,102,102
R00115,2,1,CLONE_INTERVAL,T1,t1_add_eol_comment,109,120,110,121
R00115,3,1,MUTATION,T1,t1_add_eol_comment,118,118,119,119
R00115,4,-1,UNTOUCHED,T1,none,79,86,79,86
R00115,5,-1,UNTOUCHED,T1,none,102,104,103,105
R00115,6,-1,UNTOUCHED,T1,none,106,108,107,109
R00115,7,-1,UNTOUCHED,T1,none,121,137,122,138
R00116,0,0,CLONE_INTERVAL,T3,t3_insert_statement,41,48,41,49
R00116,1,0,MUTATION,T3,t3_insert_statement,,,45,45
R00116,2,1,CLONE_INTERVAL,T3,t3_delete_statement,108,113,109,113
R00116,3,1,MUTATION,T3,t3_delete_statement,108,108,,
R00116,4,-1,UNTOUCHED,T1,none,37,40,37,40
R00116,5,-1,UNTOUCHED,T1,none,49,51,50,52
R00116,6,-1,UNTOUCHED,T1,none,99,107,100,108
R00116,7,-1,UNTOUCHED,T1,none,114,119,114,119
R00117,0,0,CLONE_INTERVAL,T2,t2_change_string_literal,44,49,44,49
R00117,1,0,MUTATION,T2,t2_change_string_literal,44,44,44,44
R00117,2,1,CLONE_INTERVAL,T2,t2_change_string_literal,55,60,55,60
R00117,3,1,MUTATION,T2,t2_change_string_literal,55,55,55,55
R00117,4,-1,UNTOUCHED,T1,none,39,43,39,43
R00117,5,-1,UNTOUCHED,T1,none,50,54,50,54
R00117,6,-1,UNTOUCHED,T1,none,61,67,61,67
R00118,0,0,CLONE_INTERVAL,T1,t1_add_eol_comment,10,15,10,15
R00118,1,0,MUTATION,T1,t1_add_eol_comment,13,13,13,13
R00118,2,1,CLONE_INTERVAL,T2,t2_rename_local_x3,19,34,19,34
R00118,3,1,MUTATION,T2,t2_rename_local_x3,20,22,20,22
R00118,4,1,MUTATION,T2,t2_rename_local_x3,25,32,25,32
R00118,5,-1,UNTOUCHED,T1,none,3,9,3,9
R00118,6,-1,UNTOUCHED,T1,none,16,18,16,18
R00118,7,-1,UNTOUCHED,T1,none,35,70,35,70
R00119,0,0,CLONE_INTERVAL,T1,t1_reindent,25,32,25,32
R00119,1,0,MUTATION,T1,t1_reindent,25,26,25,26
R00119,2,0,MUTATION,T1,t1_reindent,28,32,28,32
R00119,3,1,CLONE_INTERVAL,T1,t1_reindent,107,113,107,113
R00119,4,1,MUTATION,T1,t1_reindent,107,113,107,113
R00119,5,-1,UNTOUCHED,T1,none,21,24,21,24
R00119,6,-1,UNTOUCHED,T1,none,33,35,33,35
R00119,7,-1,UNTOUCHED,T1,none,103,106,103,106
R00119,8,-1,UNTOUCHED,T1,none,114,128,114,128
R00120,0,0,CLONE_INTERVAL,T3,t3_delete_statement,54,65,54,64
R00120,1,0,MUTATION,T3,t3_delete_statement,54,54,,
R00120,2,1,CLONE_INTERVAL,T1,t1_add_eol_comment,112,117,111,116
R00120,3,1,MUTATION,T1,t1_add_eol_comment,114,114,113,113
R00120,4,-1,UNTOUCHED,T1,none,49,53,49,53
R00120,5,-1,UNTOUCHED,T1,none,66,68,65,67
R00120,6,-1,UNTOUCHED,T1,none,103,111,102,110
R00120,7,-1,UNTOUCHED,T1,none,118,120,117,119
R00121,0,0,CLONE_INTERVAL,T2,t2_rename_local_x2,12,17,12,17
R00121,1,0,MUTATION,T2,t2_rename_local_x2,12,12,12,12
R00121,2,0,MUTATION,T2,t2_rename_local_x2,16,17,16,17
R00121,3,1,CLONE_INTERVAL,T2,t2_rename_local_x2,22,27,22,27
R00121,4,1,MUTATION,T2,t2_rename_local_x2,24,26,24,26
R00121,5,-1,UNTOUCHED,T1,none,8,11,8,11
R00121,6,-1,UNTOUCHED,T1,none,18,21,18,21
R00121,7,-1,UNTOUCHED,T1,none,28,31,28,31
R00122,0,0,CLONE_INTERVAL,T1,t1_add_blank_line,23,29,23,30
R00122,1,0,MUTATION,T1,t1_add_blank_line,,,28,28
R00122,2,1,CLONE_INTERVAL,T1,t1_add_block_comment,108,114,109,116
R00122,3,1,MUTATION,T1,t1_add_block_comment,,,113,113
R00122,4,-1,UNTOUCHED,T1,none,19,22,19,22
R00122,5,-1,UNTOUCHED,T1,none,30,36,31,37
R00122,6,-1,UNTOUCHED,T1,none,101,107,102,108
R00122,7,-1,UNTOUCHED,T1,none,115,126,117,128
R00123,0,0,CLONE_INTERVAL,T1,t1_reindent,9,14,9,14
R00123,1,0,MUTATION,T1,t1_reindent,9,14,9,14
R00123,2,1,CLONE_INTERVAL,T2,t2_change_string_literal,25,33,25,33
R00123,3,1,MUTATION,T2,t2_change_string_literal,29,29,29,29
R00123,4,-1,UNTOUCHED,T1,none,4,8,4,8
R00123,5,-1,UNTOUCHED,T1,none,15,24,15,24
R00123,6,-1,UNTOUCHED,T1,none,34,42,34,42
R00124,0,0,CLONE_INTERVAL,T1,t1_add_eol_comment,57,62,57,62
R00124,1,0,MUTATION,T1,t1_add_eol_comment,57,57,57,57
R00124,2,1,CLONE_INTERVAL,T3,t3_wrap_statement,76,81,76,83
R00124,3,1,MUTATION,T3,t3_wrap_statement,,,76,76
R00124,4,-1,UNTOUCHED,T1,none,54,56,54,56
R00124,5,-1,UNTOUCHED,T1,none,63,71,63,71
R00124,6,-1,UNTOUCHED,T1,none,73,75,73,75
R00124,7,-1,UNTOUCHED,T1,none,82,89,84,91
R00125,0,0,CLONE_INTERVAL,T2,t2_change_string_literal,76,82,76,82
R00125,1,0,MUTATION,T2,t2_change_string_literal,77,77,77,77
R00125,2,1,CLONE_INTERVAL,T1,t1_add_blank_line,188,194,188,195
R00125,3,1,MUTATION,T1,t1_add_blank_line,,,192,192
R00125,4,-1,UNTOUCHED,T1,none,62,75,62,75
R00125,5,-1,UNTOUCHED,T1,none,83,85,83,85
R00125,6,-1,UNTOUCHED,T1,none,185,187,185,187
R00125,7,-1,UNTOUCHED,T1,none,195,208,196,209
R00126,0,0,CLONE_INTERVAL,T3,t3_insert_statement,9,14,9,15
R00126,1,0,MUTATION,T3,t3_insert_statement,,,10,10
R00126,2,1,CLONE_INTERVAL,T1,t1_add_blank_line,89,95,90,97
R00126,3,1,MUTATION,T1,t1_add_blank_line,,,96,96
R00126,4,-1,UNTOUCHED,T1,none,4,8,4,8
R00126,5,-1,UNTOUCHED,T1,none,15,22,16,23
R00126,6,-1,UNTOUCHED,T1,none,82,88,83,89
R00126,7,-1,UNTOUCHED,T1,none,96,107,98,109
R00127,0,0,CLONE_INTERVAL,T2,t2_rename_local_x1,8,15,8,15
R00127,1,0,MUTATION,T2,t2_rename_local_x1,9,11,9,11
R00127,2,0,MUTATION,T2,t2_rename_local_x1,13,13,13,13
R00127,3,1,CLONE_INTERVAL,T3,t3_wrap_statement,23,28,23,30
R00127,4,1,MUTATION,T3,t3_wrap_statement,,,23,23
R00127,5,-1,UNTOUCHED,T1,none,3,7,3,7
R00127,6,-1,UNTOUCHED,T1,none,16,22,16,22
R00127,7,-1,UNTOUCHED,T1,none,29,32,31,34
R00128,0,0,CLONE_INTERVAL,T1,t1_add_eol_comment,102,110,102,110
R00128,1,0,MUTATION,T1,t1_add_eol_comment,106,106,106,106
R00128,2,1,CLONE_INTERVAL,T1,t1_add_block_comment,126,134,126,135
R00128,3,1,MUTATION,T1,t1_add_block_comment,,,127,127
R00128,4,-1,UNTOUCHED,T1,none,98,101,98,101
R00128,5,-1,UNTOUCHED,T1,none,111,120,111,120
R00128,6,-1,UNTOUCHED,T1,none,122,125,122,125
R00128,7,-1,UNTOUCHED,T1,none,135,144,136,145
R00129,0,0,CLONE_INTERVAL,T2,t2_change_string_literal,7,12,7,12
R00129,1,0,MUTATION,T2,t2_change_string_literal,8,8,8,8
R00129,2,1,CLONE_INTERVAL,T3,t3_delete_statement,35,45,35,44
R00129,3,1,MUTATION,T3,t3_delete_statement,39,39,,
R00129,4,-1,UNTOUCHED,T1,none,4,6,4,6
R00129,5,-1,UNTOUCHED,T1,none,13,34,13,34
R00129,6,-1,UNTOUCHED,T1,none,46,48,45,47
R00130,0,0,CLONE_INTERVAL,T2,t2_rename_local_x1,31,36,31,36
R00130,1,0,MUTATION,T2,t2_rename_local_x1,34,35,34,35
R00130,2,1,CLONE_INTERVAL,T1,t1_add_blank_line,63,74,63,75
R00130,3,1,MUTATION,T1,t1_add_blank_line,,,71,71
R00130,4,-1,UNTOUCHED,T1,none,27,30,27,30
R00130,5,-1,UNTOUCHED,T1,none,37,41,37,41
R00130,6,-1,UNTOUCHED,T1,none,59,62,59,62
R00130,7,-1,UNTOUCHED,T1,none,75,80,76,81
R00131,0,0,CLONE_INTERVAL,T2,t2_rename_local_x2,6,11,6,11
R00131,1,0,MUTATION,T2,t2_rename_local_x2,7,9,7,9
R00131,2,1,CLONE_INTERVAL,T3,t3_wrap_statement,15,20,15,22
R00131,3,1,MUTATION,T3,t3_wrap_statement,,,15,15
R00131,4,-1,UNTOUCHED,T1,none,3,5,3,5
R00131,5,-1,UNTOUCHED,T1,none,12,14,12,14
R00131,6,-1,UNTOUCHED,T1,none,21,29,23,31
R00132,0,0,CLONE_INTERVAL,T1,t1_add_block_comment,6,11,6,12
R00132,1,0,MUTATION,T1,t1_add_block_comment,,,11,11
R00132,2,1,CLONE_INTERVAL,T1,t1_add_block_comment,19,24,20,26
R00132,3,1,MUTATION,T1,t1_add_block_comment,,,22,22
R00132,4,-1,UNTOUCHED,T1,none,3,5,3,5
R00132,5,-1,UNTOUCHED,T1,none,12,18,13,19
R00132,6,-1,UNTOUCHED,T1,none,25,29,27,31
R00133,0,0,CLONE_INTERVAL,T1,t1_add_block_comment,42,54,42,55
R00133,1,0,MUTATION,T1,t1_add_block_comment,,,48,48
R00133,2,1,CLONE_INTERVAL,T1,t1_add_eol_comment,114,120,115,121
R00133,3,1,MUTATION,T1,t1_add_eol_comment,117,117,118,118
R00133,4,-1,UNTOUCHED,T1,none,38,41,38,41
R00133,5,-1,UNTOUCHED,T1,none,55,61,56,62
R00133,6,-1,UNTOUCHED,T1,none,110,113,111,114
R00133,7,-1,UNTOUCHED,T1,none,121,126,122,127
R00134,0,0,CLONE_INTERVAL,T3,t3_wrap_statement,16,23,16,25
R00134,1,0,MUTATION,T3,t3_wrap_statement,,,18,18
R00134,2,1,CLONE_INTERVAL,T3,t3_insert_statement,118,123,120,126
R00134,3,1,MUTATION,T3,t3_insert_statement,,,122,122
R00134,4,-1,UNTOUCHED,T1,none,8,15,8,15
R00134,5,-1,UNTOUCHED,T1,none,24,53,26,55
R00134,6,-1,UNTOUCHED,T1,none,113,117,115,119
R00134,7,-1,UNTOUCHED,T1,none,124,138,127,141
R00135,0,0,CLONE_INTERVAL,T1,t1_add_eol_comment,7,12,7,12
R00135,1,0,MUTATION,T1,t1_add_eol_comment,11,11,11,11
R00135,2,1,CLONE_INTERVAL,T1,t1_add_eol_comment,22,27,22,27
R00135,3,1,MUTATION,T1,t1_add_eol_comment,22,22,22,22
R00135,4,-1,UNTOUCHED,T1,none,3,6,3,6
R00135,5,-1,UNTOUCHED,T1,none,13,17,13,17
R00135,6,-1,UNTOUCHED,T1,none,19,21,19,21
R00135,7,-1,UNTOUCHED,T1,none,28,33,28,33
R00136,0,0,CLONE_INTERVAL,T1,t1_add_blank_line,8,13,8,14
R00136,1,0,MUTATION,T1,t1_add_blank_line,,,9,9
R00136,2,1,CLONE_INTERVAL,T1,t1_add_block_comment,17,26,18,28
R00136,3,1,MUTATION,T1,t1_add_block_comment,,,19,19
R00136,4,-1,UNTOUCHED,T1,none,3,7,3,7
R00136,5,-1,UNTOUCHED,T1,none,14,16,15,17
R00136,6,-1,UNTOUCHED,T1,none,27,29,29,31
R00137,0,0,CLONE_INTERVAL,T2,t2_rename_local_x1,6,11,6,11
R00137,1,0,MUTATION,T2,t2_rename_local_x1,8,9,8,9
R00137,2,1,CLONE_INTERVAL,T2,t2_rename_local_x3,15,39,15,39
R00137,3,1,MUTATION,T2,t2_rename_local_x3,15,16,15,16
R00137,4,1,MUTATION,T2,t2_rename_local_x3,18,20,18,20
R00137,5,1,MUTATION,T2,t2_rename_local_x3,27,28,27,28
R00137,6,1,MUTATION,T2,t2_rename_local_x3,30,30,30,30
R00137,7,1,MUTATION,T2,t2_rename_local_x3,33,33,33,33
R00137,8,1,MUTATION,T2,t2_rename_local_x3,36,37,36,37
R00137,9,-1,UNTOUCHED,T1,none,3,5,3,5
R00137,10,-1,UNTOUCHED,T1,none,12,14,12,14
R00137,11,-1,UNTOUCHED,T1,none,40,42,40,42
R00138,0,0,CLONE_INTERVAL,T3,t3_insert_statement,109,116,109,117
R00138,1,0,MUTATION,T3,t3_insert_statement,,,110,110
R00138,2,1,CLONE_INTERVAL,T3,t3_wrap_statement,121,131,122,134
R00138,3,1,MUTATION,T3,t3_wrap_statement,,,125,125
R00138,4,-1,UNTOUCHED,T1,none,103,108,103,108
R00138,5,-1,UNTOUCHED,T1,none,117,120,118,121
R00138,6,-1,UNTOUCHED,T1,none,132,139,135,142
R00139,0,0,CLONE_INTERVAL,T1,t1_add_block_comment,8,23,8,24
R00139,1,0,MUTATION,T1,t1_add_block_comment,,,17,17
R00139,2,1,CLONE_INTERVAL,T2,t2_change_int_literal,29,38,30,39
R00139,3,1,MUTATION,T2,t2_change_int_literal,29,29,30,30
R00139,4,-1,UNTOUCHED,T1,none,5,7,5,7
R00139,5,-1,UNTOUCHED,T1,none,24,28,25,29
R00139,6,-1,UNTOUCHED,T1,none,39,44,40,45
R00140,0,0,CLONE_INTERVAL,T1,t1_reindent,14,27,14,27
R00140,1,0,MUTATION,T1,t1_reindent,14,27,14,27
R00140,2,1,CLONE_INTERVAL,T1,t1_add_eol_comment,31,38,31,38
R00140,3,1,MUTATION,T1,t1_add_eol_comment,38,38,38,38
R00140,4,-1,UNTOUCHED,T1,none,8,13,8,13
R00140,5,-1,UNTOUCHED,T1,none,28,30,28,30
R00140,6,-1,UNTOUCHED,T1,none,39,48,39,48
R00141,0,0,CLONE_INTERVAL,T2,t2_rename_local_x2,28,37,28,37
R00141,1,0,MUTATION,T2,t2_rename_local_x2,29,34,29,34
R00141,2,1,CLONE_INTERVAL,T1,t1_add_block_comment,114,119,114,120
R00141,3,1,MUTATION,T1,t1_add_block_comment,,,115,115
R00141,4,-1,UNTOUCHED,T1,none,25,27,25,27
R00141,5,-1,UNTOUCHED,T1,none,38,43,38,43
R00141,6,-1,UNTOUCHED,T1,none,109,113,109,113
R00141,7,-1,UNTOUCHED,T1,none,120,129,121,130
R00142,0,0,CLONE_INTERVAL,T1,t1_reindent,7,12,7,12
R00142,1,0,MUTATION,T1,t1_reindent,7,12,7,12
R00142,2,1,CLONE_INTERVAL,T1,t1_reindent,16,21,16,21
R00142,3,1,MUTATION,T1,t1_reindent,16,21,16,21
R00142,4,-1,UNTOUCHED,T1,none,3,6,3,6
R00142,5,-1,UNTOUCHED,T1,none,13,15,13,15
R00142,6,-1,UNTOUCHED,T1,none,22,25,22,25
R00143,0,0,CLONE_INTERVAL,T2,t2_change_int_literal,63,69,63,69
R00143,1,0,MUTATION,T2,t2_change_int_literal,63,63,63,63
R00143,2,1,CLONE_INTERVAL,T1,t1_add_block_comment,142,147,142,148
R00143,3,1,MUTATION,T1,t1_add_block_comment,,,147,147
R00143,4,-1,UNTOUCHED,T1,none,59,62,59,62
R00143,5,-1,UNTOUCHED,T1,none,70,78,70,78
R00143,6,-1,UNTOUCHED,T1,none,136,141,136,141
R00143,7,-1,UNTOUCHED,T1,none,148,162,149,163
R00144,0,0,CLONE_INTERVAL,T1,t1_add_block_comment,7,12,7,13
R00144,1,0,MUTATION,T1,t1_add_block_comment,,,9,9
R00144,2,1,CLONE_INTERVAL,T3,t3_insert_statement,19,26,20,28
R00144,3,1,MUTATION,T3,t3_insert_statement,,,23,23
R00144,4,-1,UNTOUCHED,T1,none,3,6,3,6
R00144,5,-1,UNTOUCHED,T1,none,13,18,14,19
R00144,6,-1,UNTOUCHED,T1,none,27,36,29,38
R00145,0,0,CLONE_INTERVAL,T1,t1_add_block_comment,53,58,53,59
R00145,1,0,MUTATION,T1,t1_add_block_comment,,,54,54
R00145,2,1,CLONE_INTERVAL,T2,t2_change_int_literal,62,68,63,69
R00145,3,1,MUTATION,T2,t2_change_int_literal,62,62,63,63
R00145,4,-1,UNTOUCHED,T1,none,48,52,48,52
R00145,5,-1,UNTOUCHED,T1,none,59,61,60,62
R00145,6,-1,UNTOUCHED,T1,none,69,72,70,73
R00146,0,0,CLONE_INTERVAL,T2,t2_change_int_literal,34,40,34,40
R00146,1,0,MUTATION,T2,t2_change_int_literal,37,37,37,37
R00146,2,1,CLONE_INTERVAL,T1,t1_add_block_comment,217,222,217,223
R00146,3,1,MUTATION,T1,t1_add_block_comment,,,218,218
R00146,4,-1,UNTOUCHED,T1,none,27,33,27,33
R00146,5,-1,UNTOUCHED,T1,none,41,45,41,45
R00146,6,-1,UNTOUCHED,T1,none,213,216,213,216
R00146,7,-1,UNTOUCHED,T1,none,223,232,224,233
R00147,0,0,CLONE_INTERVAL,T1,t1_reindent,7,14,7,14
R00147,1,0,MUTATION,T1,t1_reindent,7,12,7,12
R00147,2,0,MUTATION,T1,t1_reindent,14,14,14,14
R00147,3,1,CLONE_INTERVAL,T1,t1_add_block_comment,79,84,79,85
R00147,4,1,MUTATION,T1,t1_add_block_comment,,,83,83
R00147,5,-1,UNTOUCHED,T1,none,4,6,4,6
R00147,6,-1,UNTOUCHED,T1,none,15,17,15,17
R00147,7,-1,UNTOUCHED,T1,none,74,78,74,78
R00147,8,-1,UNTOUCHED,T1,none,85,94,86,95
R00148,0,0,CLONE_INTERVAL,T3,t3_wrap_statement,11,16,11,18
R00148,1,0,MUTATION,T3,t3_wrap_statement,,,11,11
R00148,2,1,CLONE_INTERVAL,T3,t3_insert_statement,20,34,22,36
R00148,3,1,MUTATION,T3,t3_insert_statement,,,37,37
R00148,4,-1,UNTOUCHED,T1,none,5,10,5,10
R00148,5,-1,UNTOUCHED,T1,none,17,19,19,21
R00148,6,-1,UNTOUCHED,T1,none,35,39,38,42
R00149,0,0,CLONE_INTERVAL,T1,t1_add_blank_line,13,19,13,20
R00149,1,0,MUTATION,T1,t1_add_blank_line,,,15,15
R00149,2,1,CLONE_INTERVAL,T3,t3_wrap_statement,23,31,24,34
R00149,3,1,MUTATION,T3,t3_wrap_statement,,,24,24
R00149,4,-1,UNTOUCHED,T1,none,8,12,8,12
R00149,5,-1,UNTOUCHED,T1,none,20,22,21,23
R00149,6,-1,UNTOUCHED,T1,none,32,45,35,48
R00150,0,0,CLONE_INTERVAL,T1,t1_reindent,14,20,14,20
R00150,1,0,MUTATION,T1,t1_reindent,14,20,14,20
R00150,2,1,CLONE_INTERVAL,T3,t3_delete_statement,25,30,25,29
R00150,3,1,MUTATION,T3,t3_delete_statement,30,30,,
R00150,4,-1,UNTOUCHED,T1,none,9,13,9,13
R00150,5,-1,UNTOUCHED,T1,none,21,24,21,24
R00150,6,-1,UNTOUCHED,T1,none,31,57,30,56
R00151,0,0,CLONE_INTERVAL,T1,t1_add_block_comment,6,15,6,16
R00151,1,0,MUTATION,T1,t1_add_block_comment,,,7,7
R00151,2,1,CLONE_INTERVAL,T3,t3_insert_statement,21,27,22,28
R00151,3,1,MUTATION,T3,t3_insert_statement,,,29,29
R00151,4,-1,UNTOUCHED,T1,none,3,5,3,5
R00151,5,-1,UNTOUCHED,T1,none,16,20,17,21
R00151,6,-1,UNTOUCHED,T1,none,28,38,30,40
R00152,0,0,CLONE_INTERVAL,T1,t1_add_block_comment,46,58,46,59
R00152,1,0,MUTATION,T1,t1_add_block_comment,,,48,48
R00152,2,1,CLONE_INTERVAL,T1,t1_add_block_comment,146,151,147,153
R00152,3,1,MUTATION,T1,t1_add_block_comment,,,149,149
R00152,4,-1,UNTOUCHED,T1,none,35,45,35,45
R00152,5,-1,UNTOUCHED,T1,none,59,69,60,70
R00152,6,-1,UNTOUCHED,T1,none,141,145,142,146
R00152,7,-1,UNTOUCHED,T1,none,152,161,154,163
R00153,0,0,CLONE_INTERVAL,T1,t1_reindent,94,100,94,100
R00153,1,0,MUTATION,T1,t1_reindent,94,100,94,100
R00153,2,1,CLONE_INTERVAL,T1,t1_add_blank_line,192,205,192,206
R00153,3,1,MUTATION,T1,t1_add_blank_line,,,197,197
R00153,4,-1,UNTOUCHED,T1,none,87,93,87,93
R00153,5,-1,UNTOUCHED,T1,none,101,112,101,112
R00153,6,-1,UNTOUCHED,T1,none,189,191,189,191
R00153,7,-1,UNTOUCHED,T1,none,206,208,207,209
R00154,0,0,CLONE_INTERVAL,T2,t2_change_string_literal,8,13,8,13
R00154,1,0,MUTATION,T2,t2_change_string_literal,11,11,11,11
R00154,2,1,CLONE_INTERVAL,T1,t1_add_eol_comment,92,99,92,99
R00154,3,1,MUTATION,T1,t1_add_eol_comment,94,94,94,94
R00154,4,-1,UNTOUCHED,T1,none,5,7,5,7
R00154,5,-1,UNTOUCHED,T1,none,14,21,14,21
R00154,6,-1,UNTOUCHED,T1,none,86,91,86,91
R00154,7,-1,UNTOUCHED,T1,none,100,111,100,111
R00155,0,0,CLONE_INTERVAL,T1,t1_reindent,24,29,24,29
R00155,1,0,MUTATION,T1,t1_reindent,24,25,24,25
R00155,2,0,MUTATION,T1,t1_reindent,27,29,27,29
R00155,3,1,CLONE_INTERVAL,T1,t1_add_block_comment,33,38,33,39
R00155,4,1,MUTATION,T1,t1_add_block_comment,,,38,38
R00155,5,-1,UNTOUCHED,T1,none,18,23,18,23
R00155,6,-1,UNTOUCHED,T1,none,30,32,30,32
R00155,7,-1,UNTOUCHED,T1,none,39,69,40,70
R00156,0,0,CLONE_INTERVAL,T1,t1_reindent,8,13,8,13
R00156,1,0,MUTATION,T1,t1_reindent,8,13,8,13
R00156,2,1,CLONE_INTERVAL,T3,t3_insert_statement,89,95,89,95
R00156,3,1,MUTATION,T3,t3_insert_statement,,,96,96
R00156,4,-1,UNTOUCHED,T1,none,5,7,5,7
R00156,5,-1,UNTOUCHED,T1,none,14,20,14,20
R00156,6,-1,UNTOUCHED,T1,none,85,88,85,88
R00156,7,-1,UNTOUCHED,T1,none,96,110,97,111
R00157,0,0,CLONE_INTERVAL,T2,t2_change_int_literal,27,32,27,32
R00157,1,0,MUTATION,T2,t2_change_int_literal,27,27,27,27
R00157,2,1,CLONE_INTERVAL,T1,t1_add_block_comment,85,90,85,91
R00157,3,1,MUTATION,T1,t1_add_block_comment,,,87,87
R00157,4,-1,UNTOUCHED,T1,none,24,26,24,26
R00157,5,-1,UNTOUCHED,T1,none,33,44,33,44
R00157,6,-1,UNTOUCHED,T1,none,80,84,80,84
R00157,7,-1,UNTOUCHED,T1,none,91,100,92,101
R00158,0,0,CLONE_INTERVAL,T1,t1_add_block_comment,22,27,22,28
R00158,1,0,MUTATION,T1,t1_add_block_comment,,,27,27
R00158,2,1,CLONE_INTERVAL,T3,t3_insert_statement,50,55,51,57
R00158,3,1,MUTATION,T3,t3_insert_statement,,,53,53
R00158,4,-1,UNTOUCHED,T1,none,4,21,4,21
R00158,5,-1,UNTOUCHED,T1,none,28,49,29,50
R00158,6,-1,UNTOUCHED,T1,none,56,61,58,63
R00159,0,0,CLONE_INTERVAL,T3,t3_insert_statement,6,11,6,12
R00159,1,0,MUTATION,T3,t3_insert_statement,,,10,10
R00159,2,1,CLONE_INTERVAL,T3,t3_delete_statement,18,23,19,23
R00159,3,1,MUTATION,T3,t3_delete_statement,19,19,,
R00159,4,-1,UNTOUCHED,T1,none,3,5,3,5
R00159,5,-1,UNTOUCHED,T1,none,12,17,13,18
R00159,6,-1,UNTOUCHED,T1,none,24,37,24,37
R00160,0,0,CLONE_INTERVAL,T2,t2_change_string_literal,16,21,15,20
R00160,1,0,MUTATION,T2,t2_change_string_literal,16,16,15,15
R00160,2,1,CLONE_INTERVAL,T3,t3_delete_statement,25,30,24,28
R00160,3,1,MUTATION,T3,t3_delete_statement,28,28,,
R00160,4,-1,UNTOUCHED,T1,none,12,15,11,14
R00160,5,-1,UNTOUCHED,T1,none,22,24,21,23
R00160,6,-1,UNTOUCHED,T1,none,31,38,29,36
R00161,0,0,CLONE_INTERVAL,T1,t1_add_blank_line,95,103,95,104
R00161,1,0,MUTATION,T1,t1_add_blank_line,,,97,97
R00161,2,1,CLONE_INTERVAL,T2,t2_rename_local_x1,107,118,108,119
R00161,3,1,MUTATION,T2,t2_rename_local_x1,110,110,111,111
R00161,4,1,MUTATION,T2,t2_rename_local_x1,113,114,114,115
R00161,5,-1,UNTOUCHED,T1,none,90,94,90,94
R00161,6,-1,UNTOUCHED,T1,none,104,106,105,107
R00161,7,-1,UNTOUCHED,T1,none,119,126,120,127
R00162,0,0,CLONE_INTERVAL,T1,t1_add_block_comment,22,30,22,31
R00162,1,0,MUTATION,T1,t1_add_block_comment,,,24,24
R00162,2,1,CLONE_INTERVAL,T1,t1_add_eol_comment,72,77,73,78
R00162,3,1,MUTATION,T1,t1_add_eol_comment,72,72,73,73
R00162,4,-1,UNTOUCHED,T1,none,3,21,3,21
R00162,5,-1,UNTOUCHED,T1,none,31,63,32,64
R00162,6,-1,UNTOUCHED,T1,none,67,71,68,72
R00162,7,-1,UNTOUCHED,T1,none,78,82,79,83
R00163,0,0,CLONE_INTERVAL,T1,t1_add_blank_line,10,17,10,18
R00163,1,0,MUTATION,T1,t1_add_blank_line,,,13,13
R00163,2,1,CLONE_INTERVAL,T3,t3_wrap_statement,97,102,98,105
R00163,3,1,MUTATION,T3,t3_wrap_statement,,,100,100
R00163,4,-1,UNTOUCHED,T1,none,7,9,7,9
R00163,5,-1,UNTOUCHED,T1,none,18,20,19,21
R00163,6,-1,UNTOUCHED,T1,none,92,96,93,97
R00163,7,-1,UNTOUCHED,T1,none,103,117,106,120
R00164,0,0,CLONE_INTERVAL,T3,t3_wrap_statement,69,74,69,76
R00164,1,0,MUTATION,T3,t3_wrap_statement,,,70,70
R00164,2,1,CLONE_INTERVAL,T3,t3_insert_statement,110,120,112,122
R00164,3,1,MUTATION,T3,t3_insert_statement,,,123,123
R00164,4,-1,UNTOUCHED,T1,none,64,68,64,68
R00164,5,-1,UNTOUCHED,T1,none,75,84,77,86
R00164,6,-1,UNTOUCHED,T1,none,99,109,101,111
R00164,7,-1,UNTOUCHED,T1,none,121,137,124,140
R00165,0,0,CLONE_INTERVAL,T1,t1_reindent,22,30,22,30
R00165,1,0,MUTATION,T1,t1_reindent,22,30,22,30
R00165,2,1,CLONE_INTERVAL,T2,t2_rename_local_x1,320,332,320,332
R00165,3,1,MUTATION,T2,t2_rename_local_x1,324,326,324,326
R00165,4,-1,UNTOUCHED,T1,none,19,21,19,21
R00165,5,-1,UNTOUCHED,T1,none,31,38,31,38
R00165,6,-1,UNTOUCHED,T1,none,317,319,317,319
R00165,7,-1,UNTOUCHED,T1,none,333,337,333,337
R00166,0,0,CLONE_INTERVAL,T1,t1_add_eol_comment,14,26,14,26
R00166,1,0,MUTATION,T1,t1_add_eol_comment,26,26,26,26
R00166,2,1,CLONE_INTERVAL,T1,t1_add_blank_line,104,110,104,111
R00166,3,1,MUTATION,T1,t1_add_blank_line,,,108,108
R00166,4,-1,UNTOUCHED,T1,none,10,13,10,13
R00166,5,-1,UNTOUCHED,T1,none,27,33,27,33
R00166,6,-1,UNTOUCHED,T1,none,97,103,97,103
R00166,7,-1,UNTOUCHED,T1,none,111,122,112,123
R00167,0,0,CLONE_INTERVAL,T3,t3_wrap_statement,6,13,6,15
R00167,1,0,MUTATION,T3,t3_wrap_statement,,,7,7
R00167,2,1,CLONE_INTERVAL,T2,t2_change_int_literal,21,26,23,28
R00167,3,1,MUTATION,T2,t2_change_int_literal,21,21,23,23
R00167,4,-1,UNTOUCHED,T1,none,3,5,3,5
R00167,5,-1,UNTOUCHED,T1,none,14,20,16,22
R00167,6,-1,UNTOUCHED,T1,none,27,47,29,49
R00168,0,0,CLONE_INTERVAL,T3,t3_delete_statement,21,26,21,25
R00168,1,0,MUTATION,T3,t3_delete_statement,21,21,,
R00168,2,1,CLONE_INTERVAL,T1,t1_add_eol_comment,49,54,48,53
R00168,3,1,MUTATION,T1,t1_add_eol_comment,51,51,50,50
R00168,4,-1,UNTOUCHED,T1,none,4,20,4,20
R00168,5,-1,UNTOUCHED,T1,none,27,48,26,47
R00168,6,-1,UNTOUCHED,T1,none,55,102,54,101
R00169,0,0,CLONE_INTERVAL,T1,t1_reindent,15,22,15,22
R00169,1,0,MUTATION,T1,t1_reindent,15,22,15,22
R00169,2,1,CLONE_INTERVAL,T1,t1_add_eol_comment,28,36,28,36
R00169,3,1,MUTATION,T1,t1_add_eol_comment,33,33,33,33
R00169,4,-1,UNTOUCHED,T1,none,11,14,11,14
R00169,5,-1,UNTOUCHED,T1,none,23,27,23,27
R00169,6,-1,UNTOUCHED,T1,none,37,40,37,40
R00170,0,0,CLONE_INTERVAL,T2,t2_change_int_literal,11,21,11,21
R00170,1,0,MUTATION,T2,t2_change_int_literal,11,11,11,11
R00170,2,1,CLONE_INTERVAL,T3,t3_wrap_statement,90,97,90,99
R00170,3,1,MUTATION,T3,t3_wrap_statement,,,91,91
R00170,4,-1,UNTOUCHED,T1,none,6,10,6,10
R00170,5,-1,UNTOUCHED,T1,none,22,24,22,24
R00170,6,-1,UNTOUCHED,T1,none,84,89,84,89
R00170,7,-1,UNTOUCHED,T1,none,98,109,100,111
R00171,0,0,CLONE_INTERVAL,T3,t3_delete_statement,7,12,7,10
R00171,1,0,MUTATION,T3,t3_delete_statement,11,12,,
R00171,2,1,CLONE_INTERVAL,T2,t2_change_int_literal,16,37,14,35
R00171,3,1,MUTATION,T2,t2_change_int_literal,16,16,14,14
R00171,4,-1,UNTOUCHED,T1,none,3,6,3,6
R00171,5,-1,UNTOUCHED,T1,none,13,15,11,13
R00171,6,-1,UNTOUCHED,T1,none,38,48,36,46
R00172,0,0,CLONE_INTERVAL,T3,t3_delete_statement,16,21,16,20
R00172,1,0,MUTATION,T3,t3_delete_statement,21,21,,
R00172,2,1,CLONE_INTERVAL,T1,t1_add_block_comment,114,119,113,119
R00172,3,1,MUTATION,T1,t1_add_block_comment,,,118,118
R00172,4,-1,UNTOUCHED,T1,none,12,15,12,15
R00172,5,-1,UNTOUCHED,T1,none,22,37,21,36
R00172,6,-1,UNTOUCHED,T1,none,109,113,108,112
R00172,7,-1,UNTOUCHED,T1,none,120,122,120,122
R00173,0,0,CLONE_INTERVAL,T3,t3_insert_statement,129,134,129,135
R00173,1,0,MUTATION,T3,t3_insert_statement,,,131,131
R00173,2,1,CLONE_INTERVAL,T1,t1_reindent,148,153,149,154
R00173,3,1,MUTATION,T1,t1_reindent,148,153,149,154
R00173,4,-1,UNTOUCHED,T1,none,126,128,126,128
R00173,5,-1,UNTOUCHED,T1,none,135,143,136,144
R00173,6,-1,UNTOUCHED,T1,none,145,147,146,148
R00173,7,-1,UNTOUCHED,T1,none,154,162,155,163
R00174,0,0,CLONE_INTERVAL,T3,t3_insert_statement,6,11,6,12
R00174,1,0,MUTATION,T3,t3_insert_statement,,,11,11
R00174,2,1,CLONE_INTERVAL,T2,t2_change_string_literal,24,42,25,43
R00174,3,1,MUTATION,T2,t2_change_string_literal,37,37,38,38
R00174,4,-1,UNTOUCHED,T1,none,3,5,3,5
R00174,5,-1,UNTOUCHED,T1,none,12,23,13,24
R00174,6,-1,UNTOUCHED,T1,none,43,45,44,46
R00175,0,0,CLONE_INTERVAL,T2,t2_change_int_literal,9,14,9,14
R00175,1,0,MUTATION,T2,t2_change_int_literal,9,9,9,9
R00175,2,1,CLONE_INTERVAL,T1,t1_add_block_comment,34,48,34,49
R00175,3,1,MUTATION,T1,t1_add_block_comment,,,40,40
R00175,4,-1,UNTOUCHED,T1,none,5,8,5,8
R00175,5,-1,UNTOUCHED,T1,none,15,28,15,28
R00175,6,-1,UNTOUCHED,T1,none,30,33,30,33
R00175,7,-1,UNTOUCHED,T1,none,49,51,50,52
R00176,0,0,CLONE_INTERVAL,T1,t1_add_eol_comment,76,82,76,82
R00176,1,0,MUTATION,T1,t1_add_eol_comment,77,77,77,77
R00176,2,1,CLONE_INTERVAL,T2,t2_change_int_literal,100,107,100,107
R00176,3,1,MUTATION,T2,t2_change_int_literal,101,101,101,101
R00176,4,-1,UNTOUCHED,T1,none,70,75,70,75
R00176,5,-1,UNTOUCHED,T1,none,83,87,83,87
R00176,6,-1,UNTOUCHED,T1,none,89,99,89,99
R00176,7,-1,UNTOUCHED,T1,none,108,112,108,112
R00177,0,0,CLONE_INTERVAL,T2,t2_rename_local_x1,12,20,12,20
R00177,1,0,MUTATION,T2,t2_rename_local_x1,12,12,12,12
R00177,2,0,MUTATION,T2,t2_rename_local_x1,14,14,14,14
R00177,3,0,MUTATION,T2,t2_rename_local_x1,17,17,17,17
R00177,4,0,MUTATION,T2,t2_rename_local_x1,19,19,19,19
R00177,5,1,CLONE_INTERVAL,T2,t2_rename_local_x1,32,40,32,40
R00177,6,1,MUTATION,T2,t2_rename_local_x1,32,32,32,32
R00177,7,1,MUTATION,T2,t2_rename_local_x1,34,34,34,34
R00177,8,1,MUTATION,T2,t2_rename_local_x1,37,37,37,37
R00177,9,1,MUTATION,T2,t2_rename_local_x1,39,39,39,39
R00177,10,-1,UNTOUCHED,T1,none,3,11,3,11
R00177,11,-1,UNTOUCHED,T1,none,21,31,21,31
R00177,12,-1,UNTOUCHED,T1,none,41,43,41,43
R00178,0,0,CLONE_INTERVAL,T2,t2_change_int_literal,36,42,36,42
R00178,1,0,MUTATION,T2,t2_change_int_literal,36,36,36,36
R00178,2,1,CLONE_INTERVAL,T1,t1_add_blank_line,109,114,109,115
R00178,3,1,MUTATION,T1,t1_add_blank_line,,,114,114
R00178,4,-1,UNTOUCHED,T1,none,31,35,31,35
R00178,5,-1,UNTOUCHED,T1,none,43,50,43,50
R00178,6,-1,UNTOUCHED,T1,none,104,108,104,108
R00178,7,-1,UNTOUCHED,T1,none,115,124,116,125
R00179,0,0,CLONE_INTERVAL,T3,t3_delete_statement,8,13,8,12
R00179,1,0,MUTATION,T3,t3_delete_statement,10,10,,
R00179,2,1,CLONE_INTERVAL,T3,t3_delete_statement,17,24,16,22
R00179,3,1,MUTATION,T3,t3_delete_statement,17,17,,
R00179,4,-1,UNTOUCHED,T1,none,5,7,5,7
R00179,5,-1,UNTOUCHED,T1,none,14,16,13,15
R00179,6,-1,UNTOUCHED,T1,none,25,33,23,31
R00180,0,0,CLONE_INTERVAL,T1,t1_add_block_comment,13,21,13,22
R00180,1,0,MUTATION,T1,t1_add_block_comment,,,21,21
R00180,2,1,CLONE_INTERVAL,T3,t3_delete_statement,55,60,56,60
R00180,3,1,MUTATION,T3,t3_delete_statement,55,55,,
R00180,4,-1,UNTOUCHED,T1,none,10,12,10,12
R00180,5,-1,UNTOUCHED,T1,none,22,30,23,31
R00180,6,-1,UNTOUCHED,T1,none,51,54,52,55
R00180,7,-1,UNTOUCHED,T1,none,61,63,61,63
R00181,0,0,CLONE_INTERVAL,T2,t2_change_int_literal,8,16,8,16
R00181,1,0,MUTATION,T2,t2_change_int_literal,8,8,8,8
R00181,2,1,CLONE_INTERVAL,T2,t2_change_int_literal,83,89,83,89
R00181,3,1,MUTATION,T2,t2_change_int_literal,83,83,83,83
R00181,4,-1,UNTOUCHED,T1,none,4,7,4,7
R00181,5,-1,UNTOUCHED,T1,none,17,19,17,19
R00181,6,-1,UNTOUCHED,T1,none,79,82,79,82
R00181,7,-1,UNTOUCHED,T1,none,90,104,90,104
R00182,0,0,CLONE_INTERVAL,T3,t3_wrap_statement,8,19,8,21
R00182,1,0,MUTATION,T3,t3_wrap_statement,,,8,8
R00182,2,1,CLONE_INTERVAL,T3,t3_insert_statement,26,32,28,35
R00182,3,1,MUTATION,T3,t3_insert_statement,,,29,29
R00182,4,-1,UNTOUCHED,T1,none,3,7,3,7
R00182,5,-1,UNTOUCHED,T1,none,20,25,22,27
R00182,6,-1,UNTOUCHED,T1,none,33,41,36,44
R00183,0,0,CLONE_INTERVAL,T3,t3_insert_statement,11,16,11,17
R00183,1,0,MUTATION,T3,t3_insert_statement,,,13,13
R00183,2,1,CLONE_INTERVAL,T2,t2_change_string_literal,20,29,21,30
R00183,3,1,MUTATION,T2,t2_change_string_literal,21,21,22,22
R00183,4,-1,UNTOUCHED,T1,none,4,10,4,10
R00183,5,-1,UNTOUCHED,T1,none,17,19,18,20
R00183,6,-1,UNTOUCHED,T1,none,30,37,31,38
R00184,0,0,CLONE_INTERVAL,T1,t1_add_block_comment,6,13,6,14
R00184,1,0,MUTATION,T1,t1_add_block_comment,,,13,13
R00184,2,1,CLONE_INTERVAL,T2,t2_rename_local_x2,17,24,18,25
R00184,3,1,MUTATION,T2,t2_rename_local_x2,17,17,18,18
R00184,4,1,MUTATION,T2,t2_rename_local_x2,22,23,23,24
R00184,5,-1,UNTOUCHED,T1,none,3,5,3,5
R00184,6,-1,UNTOUCHED,T1,none,14,16,15,17
R00184,7,-1,UNTOUCHED,T1,none,25,32,26,33
R00185,0,0,CLONE_INTERVAL,T2,t2_change_int_literal,55,60,55,60
R00185,1,0,MUTATION,T2,t2_change_int_literal,58,58,58,58
R00185,2,1,CLONE_INTERVAL,T1,t1_add_blank_line,140,145,140,146
R00185,3,1,MUTATION,T1,t1_add_blank_line,,,141,141
R00185,4,-1,UNTOUCHED,T1,none,52,54,52,54
R00185,5,-1,UNTOUCHED,T1,none,61,73,61,73
R00185,6,-1,UNTOUCHED,T1,none,137,139,137,139
R00185,7,-1,UNTOUCHED,T1,none,146,153,147,154
R00186,0,0,CLONE_INTERVAL,T2,t2_change_string_literal,10,18,10,18
R00186,1,0,MUTATION,T2,t2_change_string_literal,12,12,12,12
R00186,2,1,CLONE_INTERVAL,T2,t2_change_string_literal,31,38,31,38
R00186,3,1,MUTATION,T2,t2_change_string_literal,32,32,32,32
R00186,4,-1,UNTOUCHED,T1,none,3,9,3,9
R00186,5,-1,UNTOUCHED,T1,none,19,30,19,30
R00186,6,-1,UNTOUCHED,T1,none,39,43,39,43
R00187,0,0,CLONE_INTERVAL,T1,t1_add_blank_line,64,69,64,70
R00187,1,0,MUTATION,T1,t1_add_blank_line,,,68,68
R00187,2,1,CLONE_INTERVAL,T1,t1_reindent,201,208,202,209
R00187,3,1,MUTATION,T1,t1_reindent,201,208,202,209
R00187,4,-1,UNTOUCHED,T1,none,59,63,59,63
R00187,5,-1,UNTOUCHED,T1,none,70,79,71,80
R00187,6,-1,UNTOUCHED,T1,none,198,200,199,201
R00187,7,-1,UNTOUCHED,T1,none,209,212,210,213
R00188,0,0,CLONE_INTERVAL,T3,t3_delete_statement,48,54,48,53
R00188,1,0,MUTATION,T3,t3_delete_statement,48,48,,
R00188,2,1,CLONE_INTERVAL,T2,t2_change_int_literal,277,282,276,281
R00188,3,1,MUTATION,T2,t2_change_int_literal,277,277,276,276
R00188,4,-1,UNTOUCHED,T1,none,44,47,44,47
R00188,5,-1,UNTOUCHED,T1,none,55,58,54,57
R00188,6,-1,UNTOUCHED,T1,none,270,276,269,275
R00188,7,-1,UNTOUCHED,T1,none,283,286,282,285
R00189,0,0,CLONE_INTERVAL,T1,t1_add_blank_line,19,25,19,26
R00189,1,0,MUTATION,T1,t1_add_blank_line,,,23,23
R00189,2,1,CLONE_INTERVAL,T1,t1_add_eol_comment,30,40,31,41
R00189,3,1,MUTATION,T1,t1_add_eol_comment,33,33,34,34
R00189,4,-1,UNTOUCHED,T1,none,5,18,5,18
R00189,5,-1,UNTOUCHED,T1,none,26,29,27,30
R00189,6,-1,UNTOUCHED,T1,none,41,47,42,48
R00190,0,0,CLONE_INTERVAL,T2,t2_change_string_literal,6,11,6,11
R00190,1,0,MUTATION,T2,t2_change_string_literal,7,7,7,7
R00190,2,1,CLONE_INTERVAL,T1,t1_add_block_comment,16,23,16,24
R00190,3,1,MUTATION,T1,t1_add_block_comment,,,19,19
R00190,4,-1,UNTOUCHED,T1,none,3,5,3,5
R00190,5,-1,UNTOUCHED,T1,none,12,15,12,15
R00190,6,-1,UNTOUCHED,T1,none,24,26,25,27
R00191,0,0,CLONE_INTERVAL,T3,t3_insert_statement,10,21,10,21
R00191,1,0,MUTATION,T3,t3_insert_statement,,,22,22
R00191,2,1,CLONE_INTERVAL,T2,t2_rename_local_x2,30,35,31,36
R00191,3,1,MUTATION,T2,t2_rename_local_x2,30,31,31,32
R00191,4,1,MUTATION,T2,t2_rename_local_x2,33,34,34,35
R00191,5,-1,UNTOUCHED,T1,none,7,9,7,9
R00191,6,-1,UNTOUCHED,T1,none,22,25,23,26
R00191,7,-1,UNTOUCHED,T1,none,27,29,28,30
R00191,8,-1,UNTOUCHED,T1,none,36,38,37,39
R00192,0,0,CLONE_INTERVAL,T1,t1_reindent,52,57,52,57
R00192,1,0,MUTATION,T1,t1_reindent,52,57,52,57
R00192,2,1,CLONE_INTERVAL,T2,t2_change_int_literal,71,76,71,76
R00192,3,1,MUTATION,T2,t2_change_int_literal,71,71,71,71
R00192,4,-1,UNTOUCHED,T1,none,47,51,47,51
R00192,5,-1,UNTOUCHED,T1,none,58,64,58,64
R00192,6,-1,UNTOUCHED,T1,none,66,70,66,70
R00192,7,-1,UNTOUCHED,T1,none,77,83,77,83
R00193,0,0,CLONE_INTERVAL,T3,t3_wrap_statement,10,28,10,30
R00193,1,0,MUTATION,T3,t3_wrap_statement,,,12,12
R00193,2,1,CLONE_INTERVAL,T1,t1_add_block_comment,101,108,103,111
R00193,3,1,MUTATION,T1,t1_add_block_comment,,,110,110
R00193,4,-1,UNTOUCHED,T1,none,6,9,6,9
R00193,5,-1,UNTOUCHED,T1,none,29,35,31,37
R00193,6,-1,UNTOUCHED,T1,none,95,100,97,102
R00193,7,-1,UNTOUCHED,T1,none,109,120,112,123
R00194,0,0,CLONE_INTERVAL,T1,t1_add_block_comment,9,14,9,15
R00194,1,0,MUTATION,T1,t1_add_block_comment,,,14,14
R00194,2,1,CLONE_INTERVAL,T2,t2_change_string_literal,30,35,31,36
R00194,3,1,MUTATION,T2,t2_change_string_literal,30,30,31,31
R00194,4,-1,UNTOUCHED,T1,none,5,8,5,8
R00194,5,-1,UNTOUCHED,T1,none,15,29,16,30
R00194,6,-1,UNTOUCHED,T1,none,36,70,37,71
R00195,0,0,CLONE_INTERVAL,T1,t1_add_eol_comment,7,13,7,13
R00195,1,0,MUTATION,T1,t1_add_eol_comment,13,13,13,13
R00195,2,1,CLONE_INTERVAL,T1,t1_add_blank_line,17,40,17,41
R00195,3,1,MUTATION,T1,t1_add_blank_line,29,29,,
R00195,4,1,MUTATION,T1,t1_add_blank_line,,,30,30
R00195,5,1,MUTATION,T1,t1_add_blank_line,,,34,34
R00195,6,1,MUTATION,T1,t1_add_blank_line,38,38,,
R00195,7,1,MUTATION,T1,t1_add_blank_line,,,40,40
R00195,8,-1,UNTOUCHED,T1,none,3,6,3,6
R00195,9,-1,UNTOUCHED,T1,none,14,16,14,16
R00195,10,-1,UNTOUCHED,T1,none,41,43,42,44
R00196,0,0,CLONE_INTERVAL,T2,t2_change_int_literal,9,14,9,14
R00196,1,0,MUTATION,T2,t2_change_int_literal,9,9,9,9
R00196,2,1,CLONE_INTERVAL,T1,t1_add_block_comment,27,33,27,34
R00196,3,1,MUTATION,T1,t1_add_block_comment,,,29,29
R00196,4,-1,UNTOUCHED,T1,none,3,8,3,8
R00196,5,-1,UNTOUCHED,T1,none,15,18,15,18
R00196,6,-1,UNTOUCHED,T1,none,20,26,20,26
R00196,7,-1,UNTOUCHED,T1,none,34,37,35,38
R00197,0,0,CLONE_INTERVAL,T3,t3_insert_statement,6,11,6,11
R00197,1,0,MUTATION,T3,t3_insert_statement,,,12,12
R00197,2,1,CLONE_INTERVAL,T2,t2_rename_local_x1,17,25,18,26
R00197,3,1,MUTATION,T2,t2_rename_local_x1,21,22,22,23
R00197,4,-1,UNTOUCHED,T1,none,3,5,3,5
R00197,5,-1,UNTOUCHED,T1,none,12,16,13,17
R00197,6,-1,UNTOUCHED,T1,none,26,32,27,33
R00198,0,0,CLONE_INTERVAL,T2,t2_change_int_literal,27,32,27,32
R00198,1,0,MUTATION,T2,t2_change_int_literal,27,27,27,27
R00198,2,1,CLONE_INTERVAL,T3,t3_delete_statement,48,53,48,52
R00198,3,1,MUTATION,T3,t3_delete_statement,53,53,,
R00198,4,-1,UNTOUCHED,T1,none,24,26,24,26
R00198,5,-1,UNTOUCHED,T1,none,33,41,33,41
R00198,6,-1,UNTOUCHED,T1,none,45,47,45,47
R00198,7,-1,UNTOUCHED,T1,none,54,58,53,57
R00199,0,0,CLONE_INTERVAL,T2,t2_rename_local_x5,13,23,13,23
R00199,1,0,MUTATION,T2,t2_rename_local_x5,13,13,13,13
R00199,2,0,MUTATION,T2,t2_rename_local_x5,15,20,15,20
R00199,3,0,MUTATION,T2,t2_rename_local_x5,22,22,22,22
R00199,4,1,CLONE_INTERVAL,T3,t3_wrap_statement,110,115,110,117
R00199,5,1,MUTATION,T3,t3_wrap_statement,,,110,110
R00199,6,-1,UNTOUCHED,T1,none,9,12,9,12
R00199,7,-1,UNTOUCHED,T1,none,24,26,24,26
R00199,8,-1,UNTOUCHED,T1,none,107,109,107,109
R00199,9,-1,UNTOUCHED,T1,none,116,124,118,126
R00200,0,0,CLONE_INTERVAL,T1,t1_reindent,6,16,6,16
R00200,1,0,MUTATION,T1,t1_reindent,6,14,6,14
R00200,2,0,MUTATION,T1,t1_reindent,16,16,16,16
R00200,3,1,CLONE_INTERVAL,T1,t1_add_eol_comment,20,27,20,27
R00200,4,1,MUTATION,T1,t1_add_eol_comment,21,21,21,21
R00200,5,-1,UNTOUCHED,T1,none,3,5,3,5
R00200,6,-1,UNTOUCHED,T1,none,17,19,17,19
R00200,7,-1,UNTOUCHED,T1,none,28,34,28,34
R00201,0,0,CLONE_INTERVAL,T1,t1_add_eol_comment,10,18,10,18
R00201,1,0,MUTATION,T1,t1_add_eol_comment,18,18,18,18
R00201,2,1,CLONE_INTERVAL,T3,t3_wrap_statement,94,99,94,101
R00201,3,1,MUTATION,T3,t3_wrap_statement,,,95,95
R00201,4,-1,UNTOUCHED,T1,none,6,9,6,9
R00201,5,-1,UNTOUCHED,T1,none,19,21,19,21
R00201,6,-1,UNTOUCHED,T1,none,89,93,89,93
R00201,7,-1,UNTOUCHED,T1,none,100,106,102,108
R00202,0,0,CLONE_INTERVAL,T2,t2_change_string_literal,8,13,8,13
R00202,1,0,MUTATION,T2,t2_change_string_literal,8,8,8,8
R00202,2,1,CLONE_INTERVAL,T3,t3_delete_statement,17,22,17,21
R00202,3,1,MUTATION,T3,t3_delete_statement,17,17,,
R00202,4,-1,UNTOUCHED,T1,none,5,7,5,7
R00202,5,-1,UNTOUCHED,T1,none,14,16,14,16
R00202,6,-1,UNTOUCHED,T1,none,23,35,22,34
R00203,0,0,CLONE_INTERVAL,T3,t3_delete_statement,41,51,41,50
R00203,1,0,MUTATION,T3,t3_delete_statement,41,41,,
R00203,2,1,CLONE_INTERVAL,T2,t2_change_string_literal,100,105,99,104
R00203,3,1,MUTATION,T2,t2_change_string_literal,101,101,100,100
R00203,4,-1,UNTOUCHED,T1,none,36,40,36,40
R00203,5,-1,UNTOUCHED,T1,none,52,59,51,58
R00203,6,-1,UNTOUCHED,T1,none,86,99,85,98
R00203,7,-1,UNTOUCHED,T1,none,106,122,105,121
R00204,0,0,CLONE_INTERVAL,T2,t2_rename_local_x2,13,23,12,22
R00204,1,0,MUTATION,T2,t2_rename_local_x2,16,16,15,15
R00204,2,0,MUTATION,T2,t2_rename_local_x2,21,22,20,21
R00204,3,1,CLONE_INTERVAL,T3,t3_delete_statement,32,37,31,35
R00204,4,1,MUTATION,T3,t3_delete_statement,36,36,,
R00204,5,-1,UNTOUCHED,T1,none,4,12,3,11
R00204,6,-1,UNTOUCHED,T1,none,24,26,23,25
R00204,7,-1,UNTOUCHED,T1,none,28,31,27,30
R00204,8,-1,UNTOUCHED,T1,none,38,43,36,41
R00205,0,0,CLONE_INTERVAL,T1,t1_reindent,12,17,11,16
R00205,1,0,MUTATION,T1,t1_reindent,12,17,11,16
R00205,2,1,CLONE_INTERVAL,T3,t3_delete_statement,29,34,28,32
R00205,3,1,MUTATION,T3,t3_delete_statement,34,34,,
R00205,4,-1,UNTOUCHED,T1,none,7,11,6,10
R00205,5,-1,UNTOUCHED,T1,none,18,28,17,27
R00205,6,-1,UNTOUCHED,T1,none,35,38,33,36
R00206,0,0,CLONE_INTERVAL,T1,t1_add_eol_comment,7,14,7,14
R00206,1,0,MUTATION,T1,t1_add_eol_comment,13,13,13,13
R00206,2,1,CLONE_INTERVAL,T1,t1_add_block_comment,23,30,23,31
R00206,3,1,MUTATION,T1,t1_add_block_comment,,,26,26
R00206,4,-1,UNTOUCHED,T1,none,3,6,3,6
R00206,5,-1,UNTOUCHED,T1,none,15,22,15,22
R00206,6,-1,UNTOUCHED,T1,none,31,41,32,42
R00207,0,0,CLONE_INTERVAL,T2,t2_rename_local_x1,55,62,55,62
R00207,1,0,MUTATION,T2,t2_rename_local_x1,55,59,55,59
R00207,2,0,MUTATION,T2,t2_rename_local_x1,61,61,61,61
R00207,3,1,CLONE_INTERVAL,T2,t2_change_string_literal,172,187,172,187
R00207,4,1,MUTATION,T2,t2_change_string_literal,180,180,180,180
R00207,5,-1,UNTOUCHED,T1,none,51,54,51,54
R00207,6,-1,UNTOUCHED,T1,none,63,65,63,65
R00207,7,-1,UNTOUCHED,T1,none,67,67,66,66
R00207,8,-1,UNTOUCHED,T1,none,68,69,68,69
R00207,9,-1,UNTOUCHED,T1,none,165,171,165,171
R00207,10,-1,UNTOUCHED,T1,none,188,191,188,191
R00208,0,0,CLONE_INTERVAL,T3,t3_wrap_statement,39,51,39,53
R00208,1,0,MUTATION,T3,t3_wrap_statement,,,41,41
R00208,2,1,CLONE_INTERVAL,T1,t1_add_block_comment,102,109,104,112
R00208,3,1,MUTATION,T1,t1_add_block_comment,,,111,111
R00208,4,-1,UNTOUCHED,T1,none,36,38,36,38
R00208,5,-1,UNTOUCHED,T1,none,52,54,54,56
R00208,6,-1,UNTOUCHED,T1,none,81,101,83,103
R00208,7,-1,UNTOUCHED,T1,none,110,117,113,120
R00209,0,0,CLONE_INTERVAL,T3,t3_insert_statement,21,31,21,31
R00209,1,0,MUTATION,T3,t3_insert_statement,,,32,32
R00209,2,1,CLONE_INTERVAL,T1,t1_add_blank_line,36,41,37,43
R00209,3,1,MUTATION,T1,t1_add_blank_line,,,42,42
R00209,4,-1,UNTOUCHED,T1,none,17,20,17,20
R00209,5,-1,UNTOUCHED,T1,none,32,35,33,36
R00209,6,-1,UNTOUCHED,T1,none,42,53,44,55
R00210,0,0,CLONE_INTERVAL,T3,t3_delete_statement,6,11,6,10
R00210,1,0,MUTATION,T3,t3_delete_statement,10,10,,
R00210,2,1,CLONE_INTERVAL,T2,t2_rename_local_x1,25,35,24,34
R00210,3,1,MUTATION,T2,t2_rename_local_x1,32,33,31,32
R00210,4,-1,UNTOUCHED,T1,none,3,5,3,5
R00210,5,-1,UNTOUCHED,T1,none,12,20,11,19
R00210,6,-1,UNTOUCHED,T1,none,22,24,21,23
R00210,7,-1,UNTOUCHED,T1,none,36,42,35,41
R00211,0,0,CLONE_INTERVAL,T2,t2_change_string_literal,14,19,14,19
R00211,1,0,MUTATION,T2,t2_change_string_literal,17,17,17,17
R00211,2,1,CLONE_INTERVAL,T3,t3_insert_statement,23,28,23,28
R00211,3,1,MUTATION,T3,t3_insert_statement,,,29,29
R00211,4,-1,UNTOUCHED,T1,none,11,13,11,13
R00211,5,-1,UNTOUCHED,T1,none,20,22,20,22
R00211,6,-1,UNTOUCHED,T1,none,29,41,30,42
R00212,0,0,CLONE_INTERVAL,T3,t3_delete_statement,10,21,10,11
R00212,1,0,MUTATION,T3,t3_delete_statement,12,21,,
R00212,2,1,CLONE_INTERVAL,T3,t3_insert_statement,40,49,30,39
R00212,3,1,MUTATION,T3,t3_insert_statement,,,40,40
R00212,4,-1,UNTOUCHED,T1,none,3,9,3,9
R00212,5,-1,UNTOUCHED,T1,none,22,39,12,29
R00212,6,-1,UNTOUCHED,T1,none,50,53,41,44
R00213,0,0,CLONE_INTERVAL,T2,t2_rename_local_x2,7,13,7,13
R00213,1,0,MUTATION,T2,t2_rename_local_x2,10,11,10,11
R00213,2,0,MUTATION,T2,t2_rename_local_x2,13,13,13,13
R00213,3,1,CLONE_INTERVAL,T1,t1_add_eol_comment,17,26,17,26
R00213,4,1,MUTATION,T1,t1_add_eol_comment,22,22,22,22
R00213,5,-1,UNTOUCHED,T1,none,3,6,3,6
R00213,6,-1,UNTOUCHED,T1,none,14,16,14,16
R00213,7,-1,UNTOUCHED,T1,none,27,29,27,29
R00214,0,0,CLONE_INTERVAL,T3,t3_delete_statement,102,108,102,107
R00214,1,0,MUTATION,T3,t3_delete_statement,104,104,,
R00214,2,1,CLONE_INTERVAL,T2,t2_rename_local_x2,116,145,115,144
R00214,3,1,MUTATION,T2,t2_rename_local_x2,121,121,120,120
R00214,4,1,MUTATION,T2,t2_rename_local_x2,123,124,122,123
R00214,5,-1,UNTOUCHED,T1,none,80,101,80,101
R00214,6,-1,UNTOUCHED,T1,none,109,115,108,114
R00214,7,-1,UNTOUCHED,T1,none,146,149,145,148
R00215,0,0,CLONE_INTERVAL,T1,t1_add_eol_comment,8,15,8,15
R00215,1,0,MUTATION,T1,t1_add_eol_comment,15,15,15,15
R00215,2,1,CLONE_INTERVAL,T1,t1_reindent,19,24,19,24
R00215,3,1,MUTATION,T1,t1_reindent,19,24,19,24
R00215,4,-1,UNTOUCHED,T1,none,3,7,3,7
R00215,5,-1,UNTOUCHED,T1,none,16,18,16,18
R00215,6,-1,UNTOUCHED,T1,none,25,32,25,32
R00216,0,0,CLONE_INTERVAL,T1,t1_reindent,114,119,114,119
R00216,1,0,MUTATION,T1,t1_reindent,114,119,114,119
R00216,2,1,CLONE_INTERVAL,T1,t1_add_block_comment,131,137,131,138
R00216,3,1,MUTATION,T1,t1_add_block_comment,,,133,133
R00216,4,-1,UNTOUCHED,T1,none,109,113,109,113
R00216,5,-1,UNTOUCHED,T1,none,120,125,120,125
R00216,6,-1,UNTOUCHED,T1,none,127,130,127,130
R00216,7,-1,UNTOUCHED,T1,none,138,143,139,144
R00217,0,0,CLONE_INTERVAL,T3,t3_insert_statement,34,43,34,44
R00217,1,0,MUTATION,T3,t3_insert_statement,,,38,38
R00217,2,1,CLONE_INTERVAL,T1,t1_reindent,125,134,126,135
R00217,3,1,MUTATION,T1,t1_reindent,125,134,126,135
R00217,4,-1,UNTOUCHED,T1,none,30,33,30,33
R00217,5,-1,UNTOUCHED,T1,none,44,64,45,65
R00217,6,-1,UNTOUCHED,T1,none,106,124,107,125
R00217,7,-1,UNTOUCHED,T1,none,135,142,136,143
R00218,0,0,CLONE_INTERVAL,T1,t1_add_eol_comment,6,11,6,11
R00218,1,0,MUTATION,T1,t1_add_eol_comment,8,8,8,8
R00218,2,1,CLONE_INTERVAL,T3,t3_insert_statement,19,24,19,25
R00218,3,1,MUTATION,T3,t3_insert_statement,,,21,21
R00218,4,-1,UNTOUCHED,T1,none,3,5,3,5
R00218,5,-1,UNTOUCHED,T1,none,12,18,12,18
R00218,6,-1,UNTOUCHED,T1,none,25,29,26,30
R00219,0,0,CLONE_INTERVAL,T1,t1_add_blank_line,8,13,8,14
R00219,1,0,MUTATION,T1,t1_add_blank_line,,,10,10
R00219,2,1,CLONE_INTERVAL,T3,t3_insert_statement,19,28,20,30
R00219,3,1,MUTATION,T3,t3_insert_statement,,,23,23
R00219,4,-1,UNTOUCHED,T1,none,3,7,3,7
R00219,5,-1,UNTOUCHED,T1,none,14,18,15,19
R00219,6,-1,UNTOUCHED,T1,none,29,34,31,36
R00220,0,0,CLONE_INTERVAL,T3,t3_wrap_statement,52,59,52,61
R00220,1,0,MUTATION,T3,t3_wrap_statement,,,56,56
R00220,2,1,CLONE_INTERVAL,T1,t1_add_block_comment,321,327,323,330
R00220,3,1,MUTATION,T1,t1_add_block_comment,,,326,326
R00220,4,-1,UNTOUCHED,T1,none,49,51,49,51
R00220,5,-1,UNTOUCHED,T1,none,60,76,62,78
R00220,6,-1,UNTOUCHED,T1,none,317,320,319,322
R00220,7,-1,UNTOUCHED,T1,none,328,342,331,345
R00221,0,0,CLONE_INTERVAL,T3,t3_wrap_statement,10,15,10,17
R00221,1,0,MUTATION,T3,t3_wrap_statement,,,10,10
R00221,2,1,CLONE_INTERVAL,T2,t2_change_string_literal,38,47,40,49
R00221,3,1,MUTATION,T2,t2_change_string_literal,40,40,42,42
R00221,4,-1,UNTOUCHED,T1,none,3,9,3,9
R00221,5,-1,UNTOUCHED,T1,none,16,37,18,39
R00221,6,-1,UNTOUCHED,T1,none,48,53,50,55
R00222,0,0,CLONE_INTERVAL,T2,t2_change_int_literal,46,53,46,53
R00222,1,0,MUTATION,T2,t2_change_int_literal,51,51,51,51
R00222,2,1,CLONE_INTERVAL,T1,t1_add_eol_comment,81,86,81,86
R00222,3,1,MUTATION,T1,t1_add_eol_comment,81,81,81,81
R00222,4,-1,UNTOUCHED,T1,none,40,45,40,45
R00222,5,-1,UNTOUCHED,T1,none,54,56,54,56
R00222,6,-1,UNTOUCHED,T1,none,76,80,76,80
R00222,7,-1,UNTOUCHED,T1,none,87,94,87,94
R00223,0,0,CLONE_INTERVAL,T1,t1_reindent,9,14,9,14
R00223,1,0,MUTATION,T1,t1_reindent,9,12,9,12
R00223,2,0,MUTATION,T1,t1_reindent,14,14,14,14
R00223,3,1,CLONE_INTERVAL,T3,t3_wrap_statement,21,27,21,29
R00223,4,1,MUTATION,T3,t3_wrap_statement,,,21,21
R00223,5,-1,UNTOUCHED,T1,none,5,8,5,8
R00223,6,-1,UNTOUCHED,T1,none,15,20,15,20
R00223,7,-1,UNTOUCHED,T1,none,28,31,30,33
R00224,0,0,CLONE_INTERVAL,T3,t3_delete_statement,69,74,69,73
R00224,1,0,MUTATION,T3,t3_delete_statement,74,74,,
R00224,2,1,CLONE_INTERVAL,T3,t3_insert_statement,98,103,97,103
R00224,3,1,MUTATION,T3,t3_insert_statement,,,98,98
R00224,4,-1,UNTOUCHED,T1,none,66,68,66,68
R00224,5,-1,UNTOUCHED,T1,none,75,78,74,77
R00224,6,-1,UNTOUCHED,T1,none,95,97,94,96
R00224,7,-1,UNTOUCHED,T1,none,104,112,104,112
R00225,0,0,CLONE_INTERVAL,T1,t1_add_blank_line,12,18,12,19
R00225,1,0,MUTATION,T1,t1_add_blank_line,,,17,17
R00225,2,1,CLONE_INTERVAL,T3,t3_delete_statement,23,28,24,28
R00225,3,1,MUTATION,T3,t3_delete_statement,23,23,,
R00225,4,-1,UNTOUCHED,T1,none,6,11,6,11
R00225,5,-1,UNTOUCHED,T1,none,19,22,20,23
R00225,6,-1,UNTOUCHED,T1,none,29,37,29,37
R00226,0,0,CLONE_INTERVAL,T1,t1_add_blank_line,9,14,8,14
R00226,1,0,MUTATION,T1,t1_add_blank_line,,,9,9
R00226,2,1,CLONE_INTERVAL,T3,t3_delete_statement,19,26,19,24
R00226,3,1,MUTATION,T3,t3_delete_statement,22,23,,
R00226,4,-1,UNTOUCHED,T1,none,6,8,5,7
R00226,5,-1,UNTOUCHED,T1,none,15,18,15,18
R00226,6,-1,UNTOUCHED,T1,none,27,39,25,37
R00227,0,0,CLONE_INTERVAL,T2,t2_rename_local_x1,8,13,8,13
R00227,1,0,MUTATION,T2,t2_rename_local_x1,9,9,9,9
R00227,2,0,MUTATION,T2,t2_rename_local_x1,11,11,11,11
R00227,3,1,CLONE_INTERVAL,T1,t1_reindent,24,29,24,29
R00227,4,1,MUTATION,T1,t1_reindent,24,29,24,29
R00227,5,-1,UNTOUCHED,T1,none,5,7,5,7
R00227,6,-1,UNTOUCHED,T1,none,14,23,14,23
R00227,7,-1,UNTOUCHED,T1,none,30,32,30,32
R00228,0,0,CLONE_INTERVAL,T2,t2_change_int_literal,7,12,7,12
R00228,1,0,MUTATION,T2,t2_change_int_literal,7,7,7,7
R00228,2,1,CLONE_INTERVAL,T2,t2_rename_local_x1,20,25,20,25
R00228,3,1,MUTATION,T2,t2_rename_local_x1,21,23,21,23
R00228,4,-1,UNTOUCHED,T1,none,3,6,3,6
R00228,5,-1,UNTOUCHED,T1,none,13,19,13,19
R00228,6,-1,UNTOUCHED,T1,none,26,28,26,28
R00229,0,0,CLONE_INTERVAL,T2,t2_change_int_literal,26,40,26,40
R00229,1,0,MUTATION,T2,t2_change_int_literal,26,26,26,26
R00229,2,1,CLONE_INTERVAL,T3,t3_delete_statement,47,53,47,52
R00229,3,1,MUTATION,T3,t3_delete_statement,47,47,,
R00229,4,-1,UNTOUCHED,T1,none,3,25,3,25
R00229,5,-1,UNTOUCHED,T1,none,41,46,41,46
R00229,6,-1,UNTOUCHED,T1,none,54,68,53,67
R00230,0,0,CLONE_INTERVAL,T3,t3_wrap_statement,8,13,8,15
R00230,1,0,MUTATION,T3,t3_wrap_statement,,,10,10
R00230,2,1,CLONE_INTERVAL,T2,t2_rename_local_x1,36,41,38,43
R00230,3,1,MUTATION,T2,t2_rename_local_x1,36,37,38,39
R00230,4,-1,UNTOUCHED,T1,none,3,7,3,7
R00230,5,-1,UNTOUCHED,T1,none,14,35,16,37
R00230,6,-1,UNTOUCHED,T1,none,42,46,44,48
R00231,0,0,CLONE_INTERVAL,T3,t3_delete_statement,15,20,15,19
R00231,1,0,MUTATION,T3,t3_delete_statement,15,15,,
R00231,2,1,CLONE_INTERVAL,T2,t2_change_int_literal,29,36,28,35
R00231,3,1,MUTATION,T2,t2_change_int_literal,29,29,28,28
R00231,4,-1,UNTOUCHED,T1,none,9,14,9,14
R00231,5,-1,UNTOUCHED,T1,none,21,23,20,22
R00231,6,-1,UNTOUCHED,T1,none,25,28,24,27
R00231,7,-1,UNTOUCHED,T1,none,37,39,36,38
R00232,0,0,CLONE_INTERVAL,T1,t1_reindent,9,14,9,14
R00232,1,0,MUTATION,T1,t1_reindent,9,14,9,14
R00232,2,1,CLONE_INTERVAL,T2,t2_rename_local_x1,21,26,21,26
R00232,3,1,MUTATION,T2,t2_rename_local_x1,21,22,21,22
R00232,4,-1,UNTOUCHED,T1,none,3,8,3,8
R00232,5,-1,UNTOUCHED,T1,none,15,20,15,20
R00232,6,-1,UNTOUCHED,T1,none,27,32,27,32
R00233,0,0,CLONE_INTERVAL,T1,t1_add_blank_line,6,11,6,12
R00233,1,0,MUTATION,T1,t1_add_blank_line,,,8,8
R00233,2,1,CLONE_INTERVAL,T1,t1_add_block_comment,35,41,36,43
R00233,3,1,MUTATION,T1,t1_add_block_comment,,,38,38
R00233,4,-1,UNTOUCHED,T1,none,3,5,3,5
R00233,5,-1,UNTOUCHED,T1,none,12,20,13,21
R00233,6,-1,UNTOUCHED,T1,none,32,34,33,35
R00233,7,-1,UNTOUCHED,T1,none,42,53,44,55
R00234,0,0,CLONE_INTERVAL,T3,t3_wrap_statement,14,26,14,28
R00234,1,0,MUTATION,T3,t3_wrap_statement,,,14,14
R00234,2,1,CLONE_INTERVAL,T1,t1_reindent,98,103,100,105
R00234,3,1,MUTATION,T1,t1_reindent,98,103,100,105
R00234,4,-1,UNTOUCHED,T1,none,10,13,10,13
R00234,5,-1,UNTOUCHED,T1,none,27,29,29,31
R00234,6,-1,UNTOUCHED,T1,none,93,97,95,99
R00234,7,-1,UNTOUCHED,T1,none,104,118,106,120
R00235,0,0,CLONE_INTERVAL,T1,t1_add_eol_comment,16,22,16,22
R00235,1,0,MUTATION,T1,t1_add_eol_comment,19,19,19,19
R00235,2,1,CLONE_INTERVAL,T3,t3_wrap_statement,26,31,26,33
R00235,3,1,MUTATION,T3,t3_wrap_statement,,,27,27
R00235,4,-1,UNTOUCHED,T1,none,9,15,9,15
R00235,5,-1,UNTOUCHED,T1,none,23,25,23,25
R00235,6,-1,UNTOUCHED,T1,none,32,35,34,37
R00236,0,0,CLONE_INTERVAL,T3,t3_wrap_statement,10,15,10,17
R00236,1,0,MUTATION,T3,t3_wrap_statement,,,12,12
R00236,2,1,CLONE_INTERVAL,T1,t1_add_blank_line,19,33,21,36
R00236,3,1,MUTATION,T1,t1_add_blank_line,,,27,27
R00236,4,-1,UNTOUCHED,T1,none,6,9,6,9
R00236,5,-1,UNTOUCHED,T1,none,16,18,18,20
R00236,6,-1,UNTOUCHED,T1,none,34,39,37,42
R00237,0,0,CLONE_INTERVAL,T3,t3_wrap_statement,6,11,6,13
R00237,1,0,MUTATION,T3,t3_wrap_statement,,,7,7
R00237,2,1,CLONE_INTERVAL,T2,t2_change_string_literal,15,27,17,29
R00237,3,1,MUTATION,T2,t2_change_string_literal,16,16,18,18
R00237,4,-1,UNTOUCHED,T1,none,3,5,3,5
R00237,5,-1,UNTOUCHED,T1,none,12,14,14,16
R00237,6,-1,UNTOUCHED,T1,none,28,30,30,32
R00238,0,0,CLONE_INTERVAL,T1,t1_reindent,31,37,31,37
R00238,1,0,MUTATION,T1,t1_reindent,31,37,31,37
R00238,2,1,CLONE_INTERVAL,T2,t2_rename_local_x1,44,50,44,50
R00238,3,1,MUTATION,T2,t2_rename_local_x1,45,47,45,47
R00238,4,-1,UNTOUCHED,T1,none,27,30,27,30
R00238,5,-1,UNTOUCHED,T1,none,38,43,38,43
R00238,6,-1,UNTOUCHED,T1,none,51,58,51,58
R00239,0,0,CLONE_INTERVAL,T3,t3_delete_statement,7,13,7,12
R00239,1,0,MUTATION,T3,t3_delete_statement,7,7,,
R00239,2,1,CLONE_INTERVAL,T2,t2_change_int_literal,19,30,18,29
R00239,3,1,MUTATION,T2,t2_change_int_literal,20,20,19,19
R00239,4,-1,UNTOUCHED,T1,none,3,6,3,6
R00239,5,-1,UNTOUCHED,T1,none,14,18,13,17
R00239,6,-1,UNTOUCHED,T1,none,31,38,30,37
R00240,0,0,CLONE_INTERVAL,T3,t3_wrap_statement,93,100,93,102
R00240,1,0,MUTATION,T3,t3_wrap_statement,,,94,94
R00240,2,1,CLONE_INTERVAL,T2,t2_rename_local_x3,181,190,183,192
R00240,3,1,MUTATION,T2,t2_rename_local_x3,181,184,183,186
R00240,4,1,MUTATION,T2,t2_rename_local_x3,187,187,189,189
R00240,5,-1,UNTOUCHED,T1,none,87,92,87,92
R00240,6,-1,UNTOUCHED,T1,none,101,112,103,114
R00240,7,-1,UNTOUCHED,T1,none,178,180,180,182
R00240,8,-1,UNTOUCHED,T1,none,191,193,193,195
R00241,0,0,CLONE_INTERVAL,T1,t1_add_eol_comment,8,16,8,16
R00241,1,0,MUTATION,T1,t1_add_eol_comment,10,10,10,10
R00241,2,1,CLONE_INTERVAL,T2,t2_rename_local_x1,24,30,24,30
R00241,3,1,MUTATION,T2,t2_rename_local_x1,26,27,26,27
R00241,4,-1,UNTOUCHED,T1,none,3,7,3,7
R00241,5,-1,UNTOUCHED,T1,none,17,23,17,23
R00241,6,-1,UNTOUCHED,T1,none,31,42,31,42
R00242,0,0,CLONE_INTERVAL,T2,t2_change_string_literal,17,22,17,22
R00242,1,0,MUTATION,T2,t2_change_string_literal,17,17,17,17
R00242,2,1,CLONE_INTERVAL,T2,t2_change_string_literal,28,33,28,33
R00242,3,1,MUTATION,T2,t2_change_string_literal,28,28,28,28
R00242,4,-1,UNTOUCHED,T1,none,3,16,3,16
R00242,5,-1,UNTOUCHED,T1,none,23,27,23,27
R00242,6,-1,UNTOUCHED,T1,none,34,42,34,42
R00243,0,0,CLONE_INTERVAL,T2,t2_rename_local_x2,8,13,8,13
R00243,1,0,MUTATION,T2,t2_rename_local_x2,8,12,8,12
R00243,2,1,CLONE_INTERVAL,T1,t1_add_block_comment,22,27,22,28
R00243,3,1,MUTATION,T1,t1_add_block_comment,,,26,26
R00243,4,-1,UNTOUCHED,T1,none,5,7,5,7
R00243,5,-1,UNTOUCHED,T1,none,14,21,14,21
R00243,6,-1,UNTOUCHED,T1,none,28,33,29,34
R00244,0,0,CLONE_INTERVAL,T2,t2_change_string_literal,11,18,11,18
R00244,1,0,MUTATION,T2,t2_change_string_literal,15,15,15,15
R00244,2,1,CLONE_INTERVAL,T1,t1_add_eol_comment,25,30,25,30
R00244,3,1,MUTATION,T1,t1_add_eol_comment,30,30,30,30
R00244,4,-1,UNTOUCHED,T1,none,4,10,4,10
R00244,5,-1,UNTOUCHED,T1,none,19,24,19,24
R00244,6,-1,UNTOUCHED,T1,none,31,40,31,40
R00245,0,0,CLONE_INTERVAL,T1,t1_add_block_comment,6,11,6,12
R00245,1,0,MUTATION,T1,t1_add_block_comment,,,8,8
R00245,2,1,CLONE_INTERVAL,T1,t1_add_blank_line,16,25,17,27
R00245,3,1,MUTATION,T1,t1_add_blank_line,,,26,26
R00245,4,-1,UNTOUCHED,T1,none,3,5,3,5
R00245,5,-1,UNTOUCHED,T1,none,12,15,13,16
R00245,6,-1,UNTOUCHED,T1,none,26,31,28,33
R00246,0,0,CLONE_INTERVAL,T1,t1_add_block_comment,6,13,6,14
R00246,1,0,MUTATION,T1,t1_add_block_comment,,,8,8
R00246,2,1,CLONE_INTERVAL,T1,t1_add_eol_comment,18,30,19,31
R00246,3,1,MUTATION,T1,t1_add_eol_comment,20,20,21,21
R00246,4,-1,UNTOUCHED,T1,none,3,5,3,5
R00246,5,-1,UNTOUCHED,T1,none,14,17,15,18
R00246,6,-1,UNTOUCHED,T1,none,31,36,32,37
R00247,0,0,CLONE_INTERVAL,T3,t3_delete_statement,32,37,32,36
R00247,1,0,MUTATION,T3,t3_delete_statement,37,37,,
R00247,2,1,CLONE_INTERVAL,T2,t2_change_int_literal,87,92,86,91
R00247,3,1,MUTATION,T2,t2_change_int_literal,87,87,86,86
R00247,4,-1,UNTOUCHED,T1,none,27,31,27,31
R00247,5,-1,UNTOUCHED,T1,none,38,46,37,45
R00247,6,-1,UNTOUCHED,T1,none,82,86,81,85
R00247,7,-1,UNTOUCHED,T1,none,93,102,92,101
R00248,0,0,CLONE_INTERVAL,T1,t1_add_block_comment,11,16,11,17
R00248,1,0,MUTATION,T1,t1_add_block_comment,,,13,13
R00248,2,1,CLONE_INTERVAL,T3,t3_delete_statement,20,25,21,25
R00248,3,1,MUTATION,T3,t3_delete_statement,23,23,,
R00248,4,-1,UNTOUCHED,T1,none,3,10,3,10
R00248,5,-1,UNTOUCHED,T1,none,17,19,18,20
R00248,6,-1,UNTOUCHED,T1,none,26,38,26,38
R00249,0,0,CLONE_INTERVAL,T1,t1_reindent,11,16,11,16
R00249,1,0,MUTATION,T1,t1_reindent,11,16,11,16
R00249,2,1,CLONE_INTERVAL,T1,t1_add_block_comment,20,28,20,29
R00249,3,1,MUTATION,T1,t1_add_block_comment,,,24,24
R00249,4,-1,UNTOUCHED,T1,none,3,10,3,10
R00249,5,-1,UNTOUCHED,T1,none,17,19,17,19
R00249,6,-1,UNTOUCHED,T1,none,29,31,30,32
R00250,0,0,CLONE_INTERVAL,T2,t2_rename_local_x3,21,34,21,34
R00250,1,0,MUTATION,T2,t2_rename_local_x3,21,30,21,30
R00250,2,0,MUTATION,T2,t2_rename_local_x3,32,32,32,32
R00250,3,1,CLONE_INTERVAL,T2,t2_change_string_literal,40,49,40,49
R00250,4,1,MUTATION,T2,t2_change_string_literal,41,41,41,41
R00250,5,-1,UNTOUCHED,T1,none,3,20,3,20
R00250,6,-1,UNTOUCHED,T1,none,35,39,35,39
R00250,7,-1,UNTOUCHED,T1,none,50,55,50,55
R00251,0,0,CLONE_INTERVAL,T1,t1_add_block_comment,9,14,9,15
R00251,1,0,MUTATION,T1,t1_add_block_comment,,,11,11
R00251,2,1,CLONE_INTERVAL,T3,t3_wrap_statement,25,31,26,34
R00251,3,1,MUTATION,T3,t3_wrap_statement,,,26,26
R00251,4,-1,UNTOUCHED,T1,none,3,8,3,8
R00251,5,-1,UNTOUCHED,T1,none,15,24,16,25
R00251,6,-1,UNTOUCHED,T1,none,32,40,35,43
R00252,0,0,CLONE_INTERVAL,T2,t2_change_int_literal,6,11,6,11
R00252,1,0,MUTATION,T2,t2_change_int_literal,10,10,10,10
R00252,2,1,CLONE_INTERVAL,T2,t2_rename_local_x1,15,41,15,41
R00252,3,1,MUTATION,T2,t2_rename_local_x1,18,18,18,18
R00252,4,1,MUTATION,T2,t2_rename_local_x1,20,23,20,23
R00252,5,1,MUTATION,T2,t2_rename_local_x1,28,28,28,28
R00252,6,1,MUTATION,T2,t2_rename_local_x1,35,35,35,35
R00252,7,1,MUTATION,T2,t2_rename_local_x1,38,38,38,38
R00252,8,-1,UNTOUCHED,T1,none,3,5,3,5
R00252,9,-1,UNTOUCHED,T1,none,12,14,12,14
R00252,10,-1,UNTOUCHED,T1,none,42,44,42,44
R00253,0,0,CLONE_INTERVAL,T1,t1_add_blank_line,149,157,149,158
R00253,1,0,MUTATION,T1,t1_add_blank_line,,,156,156
R00253,2,1,CLONE_INTERVAL,T1,t1_add_block_comment,174,181,175,183
R00253,3,1,MUTATION,T1,t1_add_block_comment,,,180,180
R00253,4,-1,UNTOUCHED,T1,none,145,148,145,148
R00253,5,-1,UNTOUCHED,T1,none,158,167,159,168
R00253,6,-1,UNTOUCHED,T1,none,169,173,170,174
R00253,7,-1,UNTOUCHED,T1,none,182,191,184,193
R00254,0,0,CLONE_INTERVAL,T3,t3_wrap_statement,7,12,7,14
R00254,1,0,MUTATION,T3,t3_wrap_statement,,,7,7
R00254,2,1,CLONE_INTERVAL,T1,t1_add_blank_line,16,24,18,27
R00254,3,1,MUTATION,T1,t1_add_blank_line,,,19,19
R00254,4,-1,UNTOUCHED,T1,none,3,6,3,6
R00254,5,-1,UNTOUCHED,T1,none,13,15,15,17
R00254,6,-1,UNTOUCHED,T1,none,25,27,28,30
R00255,0,0,CLONE_INTERVAL,T3,t3_insert_statement,10,15,10,15
R00255,1,0,MUTATION,T3,t3_insert_statement,,,16,16
R00255,2,1,CLONE_INTERVAL,T2,t2_change_int_literal,21,26,22,27
R00255,3,1,MUTATION,T2,t2_change_int_literal,21,21,22,22
R00255,4,-1,UNTOUCHED,T1,none,5,9,5,9
R00255,5,-1,UNTOUCHED,T1,none,16,20,17,21
R00255,6,-1,UNTOUCHED,T1,none,27,32,28,33
R00256,0,0,CLONE_INTERVAL,T3,t3_delete_statement,13,18,13,17
R00256,1,0,MUTATION,T3,t3_delete_statement,14,14,,
R00256,2,1,CLONE_INTERVAL,T1,t1_reindent,49,54,48,53
R00256,3,1,MUTATION,T1,t1_reindent,49,54,48,53
R00256,4,-1,UNTOUCHED,T1,none,3,12,3,12
R00256,5,-1,UNTOUCHED,T1,none,19,48,18,47
R00256,6,-1,UNTOUCHED,T1,none,55,59,54,58
R00257,0,0,CLONE_INTERVAL,T2,t2_change_string_literal,20,31,20,31
R00257,1,0,MUTATION,T2,t2_change_string_literal,25,25,25,25
R00257,2,1,CLONE_INTERVAL,T1,t1_reindent,161,166,161,166
R00257,3,1,MUTATION,T1,t1_reindent,161,166,161,166
R00257,4,-1,UNTOUCHED,T1,none,17,19,17,19
R00257,5,-1,UNTOUCHED,T1,none,32,39,32,39
R00257,6,-1,UNTOUCHED,T1,none,158,160,158,160
R00257,7,-1,UNTOUCHED,T1,none,167,175,167,175
R00258,0,0,CLONE_INTERVAL,T1,t1_add_eol_comment,22,34,22,34
R00258,1,0,MUTATION,T1,t1_add_eol_comment,32,32,32,32
R00258,2,1,CLONE_INTERVAL,T3,t3_delete_statement,43,53,43,52
R00258,3,1,MUTATION,T3,t3_delete_statement,43,43,,
R00258,4,-1,UNTOUCHED,T1,none,19,21,19,21
R00258,5,-1,UNTOUCHED,T1,none,35,38,35,38
R00258,6,-1,UNTOUCHED,T1,none,40,42,40,42
R00258,7,-1,UNTOUCHED,T1,none,54,63,53,62
R00259,0,0,CLONE_INTERVAL,T3,t3_wrap_statement,21,27,21,29
R00259,1,0,MUTATION,T3,t3_wrap_statement,,,25,25
R00259,2,1,CLONE_INTERVAL,T1,t1_reindent,149,154,151,156
R00259,3,1,MUTATION,T1,t1_reindent,149,154,151,156
R00259,4,-1,UNTOUCHED,T1,none,17,20,17,20
R00259,5,-1,UNTOUCHED,T1,none,28,31,30,33
R00259,6,-1,UNTOUCHED,T1,none,146,148,148,150
R00259,7,-1,UNTOUCHED,T1,none,155,163,157,165
R00260,0,0,CLONE_INTERVAL,T3,t3_wrap_statement,7,12,7,14
R00260,1,0,MUTATION,T3,t3_wrap_statement,,,12,12
R00260,2,1,CLONE_INTERVAL,T1,t1_add_eol_comment,19,24,21,26
R00260,3,1,MUTATION,T1,t1_add_eol_comment,22,22,24,24
R00260,4,-1,UNTOUCHED,T1,none,3,6,3,6
R00260,5,-1,UNTOUCHED,T1,none,13,18,15,20
R00260,6,-1,UNTOUCHED,T1,none,25,30,27,32
R00261,0,0,CLONE_INTERVAL,T1,t1_add_eol_comment,13,19,13,19
R00261,1,0,MUTATION,T1,t1_add_eol_comment,13,13,13,13
R00261,2,1,CLONE_INTERVAL,T1,t1_reindent,23,33,23,33
R00261,3,1,MUTATION,T1,t1_reindent,23,33,23,33
R00261,4,-1,UNTOUCHED,T1,none,8,12,8,12
R00261,5,-1,UNTOUCHED,T1,none,20,22,20,22
R00261,6,-1,UNTOUCHED,T1,none,34,48,34,48
R00262,0,0,CLONE_INTERVAL,T3,t3_wrap_statement,9,14,9,16
R00262,1,0,MUTATION,T3,t3_wrap_statement,,,9,9
R00262,2,1,CLONE_INTERVAL,T3,t3_wrap_statement,28,33,30,37
R00262,3,1,MUTATION,T3,t3_wrap_statement,,,35,35
R00262,4,-1,UNTOUCHED,T1,none,5,8,5,8
R00262,5,-1,UNTOUCHED,T1,none,15,18,17,20
R00262,6,-1,UNTOUCHED,T1,none,24,27,26,29
R00262,7,-1,UNTOUCHED,T1,none,34,36,38,40
R00263,0,0,CLONE_INTERVAL,T1,t1_reindent,7,12,7,12
R00263,1,0,MUTATION,T1,t1_reindent,7,12,7,12
R00263,2,1,CLONE_INTERVAL,T3,t3_insert_statement,19,26,19,27
R00263,3,1,MUTATION,T3,t3_insert_statement,,,22,22
R00263,4,-1,UNTOUCHED,T1,none,3,6,3,6
R00263,5,-1,UNTOUCHED,T1,none,13,18,13,18
R00263,6,-1,UNTOUCHED,T1,none,27,32,28,33
R00264,0,0,CLONE_INTERVAL,T1,t1_reindent,6,13,6,13
R00264,1,0,MUTATION,T1,t1_reindent,6,13,6,13
R00264,2,1,CLONE_INTERVAL,T3,t3_wrap_statement,24,29,24,31
R00264,3,1,MUTATION,T3,t3_wrap_statement,,,25,25
R00264,4,-1,UNTOUCHED,T1,none,3,5,3,5
R00264,5,-1,UNTOUCHED,T1,none,14,18,14,18
R00264,6,-1,UNTOUCHED,T1,none,20,23,20,23
R00264,7,-1,UNTOUCHED,T1,none,30,36,32,38
R00265,0,0,CLONE_INTERVAL,T3,t3_insert_statement,124,129,124,129
R00265,1,0,MUTATION,T3,t3_insert_statement,,,130,130
R00265,2,1,CLONE_INTERVAL,T1,t1_add_block_comment,143,148,144,150
R00265,3,1,MUTATION,T1,t1_add_block_comment,,,148,148
R00265,4,-1,UNTOUCHED,T1,none,121,123,121,123
R00265,5,-1,UNTOUCHED,T1,none,130,138,131,139
R00265,6,-1,UNTOUCHED,T1,none,140,142,141,143
R00265,7,-1,UNTOUCHED,T1,none,149,157,151,159
R00266,0,0,CLONE_INTERVAL,T2,t2_change_int_literal,7,15,7,15
R00266,1,0,MUTATION,T2,t2_change_int_literal,8,8,8,8
R00266,2,1,CLONE_INTERVAL,T1,t1_add_blank_line,94,100,94,101
R00266,3,1,MUTATION,T1,t1_add_blank_line,,,100,100
R00266,4,-1,UNTOUCHED,T1,none,4,6,4,6
R00266,5,-1,UNTOUCHED,T1,none,16,30,16,30
R00266,6,-1,UNTOUCHED,T1,none,90,93,90,93
R00266,7,-1,UNTOUCHED,T1,none,101,115,102,116
R00267,0,0,CLONE_INTERVAL,T1,t1_reindent,9,15,9,15
R00267,1,0,MUTATION,T1,t1_reindent,9,15,9,15
R00267,2,1,CLONE_INTERVAL,T1,t1_add_block_comment,32,37,32,38
R00267,3,1,MUTATION,T1,t1_add_block_comment,,,37,37
R00267,4,-1,UNTOUCHED,T1,none,5,8,5,8
R00267,5,-1,UNTOUCHED,T1,none,16,26,16,26
R00267,6,-1,UNTOUCHED,T1,none,28,31,28,31
R00267,7,-1,UNTOUCHED,T1,none,38,42,39,43
R00268,0,0,CLONE_INTERVAL,T2,t2_change_string_literal,42,47,42,47
R00268,1,0,MUTATION,T2,t2_change_string_literal,42,42,42,42
R00268,2,1,CLONE_INTERVAL,T2,t2_change_string_literal,83,88,83,88
R00268,3,1,MUTATION,T2,t2_change_string_literal,83,83,83,83
R00268,4,-1,UNTOUCHED,T1,none,38,41,38,41
R00268,5,-1,UNTOUCHED,T1,none,48,82,48,82
R00268,6,-1,UNTOUCHED,T1,none,89,92,89,92
R00269,0,0,CLONE_INTERVAL,T1,t1_add_blank_line,39,45,39,46
R00269,1,0,MUTATION,T1,t1_add_blank_line,,,40,40
R00269,2,1,CLONE_INTERVAL,T3,t3_insert_statement,95,100,96,101
R00269,3,1,MUTATION,T3,t3_insert_statement,,,102,102
R00269,4,-1,UNTOUCHED,T1,none,36,38,36,38
R00269,5,-1,UNTOUCHED,T1,none,46,48,47,49
R00269,6,-1,UNTOUCHED,T1,none,81,94,82,95
R00269,7,-1,UNTOUCHED,T1,none,101,117,103,119
R00270,0,0,CLONE_INTERVAL,T1,t1_add_eol_comment,8,13,8,13
R00270,1,0,MUTATION,T1,t1_add_eol_comment,13,13,13,13
R00270,2,1,CLONE_INTERVAL,T2,t2_rename_local_x1,17,27,17,27
R00270,3,1,MUTATION,T2,t2_rename_local_x1,17,18,17,18
R00270,4,1,MUTATION,T2,t2_rename_local_x1,20,20,20,20
R00270,5,1,MUTATION,T2,t2_rename_local_x1,22,22,22,22
R00270,6,1,MUTATION,T2,t2_rename_local_x1,24,24,24,24
R00270,7,-1,UNTOUCHED,T1,none,5,7,5,7
R00270,8,-1,UNTOUCHED,T1,none,14,16,14,16
R00270,9,-1,UNTOUCHED,T1,none,28,32,28,32
R00271,0,0,CLONE_INTERVAL,T3,t3_wrap_statement,92,97,92,99
R00271,1,0,MUTATION,T3,t3_wrap_statement,,,94,94
R00271,2,1,CLONE_INTERVAL,T3,t3_insert_statement,111,116,113,119
R00271,3,1,MUTATION,T3,t3_insert_statement,,,115,115
R00271,4,-1,UNTOUCHED,T1,none,89,91,89,91
R00271,5,-1,UNTOUCHED,T1,none,98,106,100,108
R00271,6,-1,UNTOUCHED,T1,none,108,110,110,112
R00271,7,-1,UNTOUCHED,T1,none,117,125,120,128
R00272,0,0,CLONE_INTERVAL,T2,t2_change_string_literal,6,11,6,11
R00272,1,0,MUTATION,T2,t2_change_string_literal,6,6,6,6
R00272,2,1,CLONE_INTERVAL,T1,t1_reindent,15,20,15,20
R00272,3,1,MUTATION,T1,t1_reindent,15,20,15,20
R00272,4,-1,UNTOUCHED,T1,none,3,5,3,5
R00272,5,-1,UNTOUCHED,T1,none,12,14,12,14
R00272,6,-1,UNTOUCHED,T1,none,21,23,21,23
R00273,0,0,CLONE_INTERVAL,T2,t2_change_int_literal,9,16,9,16
R00273,1,0,MUTATION,T2,t2_change_int_literal,11,11,11,11
R00273,2,1,CLONE_INTERVAL,T1,t1_reindent,20,29,20,29
R00273,3,1,MUTATION,T1,t1_reindent,20,29,20,29
R00273,4,-1,UNTOUCHED,T1,none,4,8,4,8
R00273,5,-1,UNTOUCHED,T1,none,17,19,17,19
R00273,6,-1,UNTOUCHED,T1,none,30,32,30,32
R00274,0,0,CLONE_INTERVAL,T1,t1_reindent,13,22,13,22
R00274,1,0,MUTATION,T1,t1_reindent,13,22,13,22
R00274,2,1,CLONE_INTERVAL,T2,t2_rename_local_x3,28,33,28,33
R00274,3,1,MUTATION,T2,t2_rename_local_x3,28,33,28,33
R00274,4,-1,UNTOUCHED,T1,none,3,12,3,12
R00274,5,-1,UNTOUCHED,T1,none,23,27,23,27
R00274,6,-1,UNTOUCHED,T1,none,34,36,34,36
R00275,0,0,CLONE_INTERVAL,T2,t2_change_string_literal,12,17,12,17
R00275,1,0,MUTATION,T2,t2_change_string_literal,17,17,17,17
R00275,2,1,CLONE_INTERVAL,T3,t3_delete_statement,32,37,32,36
R00275,3,1,MUTATION,T3,t3_delete_statement,37,37,,
R00275,4,-1,UNTOUCHED,T1,none,9,11,9,11
R00275,5,-1,UNTOUCHED,T1,none,18,31,18,31
R00275,6,-1,UNTOUCHED,T1,none,38,43,37,42
R00276,0,0,CLONE_INTERVAL,T2,t2_change_string_literal,7,15,7,15
R00276,1,0,MUTATION,T2,t2_change_string_literal,11,11,11,11
R00276,2,1,CLONE_INTERVAL,T2,t2_rename_local_x2,28,37,28,37
R00276,3,1,MUTATION,T2,t2_rename_local_x2,28,28,28,28
R00276,4,1,MUTATION,T2,t2_rename_local_x2,30,32,30,32
R00276,5,-1,UNTOUCHED,T1,none,4,6,4,6
R00276,6,-1,UNTOUCHED,T1,none,16,27,16,27
R00276,7,-1,UNTOUCHED,T1,none,38,40,38,40
R00277,0,0,CLONE_INTERVAL,T2,t2_change_int_literal,7,12,7,12
R00277,1,0,MUTATION,T2,t2_change_int_literal,9,9,9,9
R00277,2,1,CLONE_INTERVAL,T3,t3_wrap_statement,19,26,19,28
R00277,3,1,MUTATION,T3,t3_wrap_statement,,,21,21
R00277,4,-1,UNTOUCHED,T1,none,3,6,3,6
R00277,5,-1,UNTOUCHED,T1,none,13,18,13,18
R00277,6,-1,UNTOUCHED,T1,none,27,30,29,32
R00278,0,0,CLONE_INTERVAL,T1,t1_add_eol_comment,7,12,7,12
R00278,1,0,MUTATION,T1,t1_add_eol_comment,9,9,9,9
R00278,2,1,CLONE_INTERVAL,T3,t3_wrap_statement,31,47,31,49
R00278,3,1,MUTATION,T3,t3_wrap_statement,,,33,33
R00278,4,-1,UNTOUCHED,T1,none,3,6,3,6
R00278,5,-1,UNTOUCHED,T1,none,13,23,13,23
R00278,6,-1,UNTOUCHED,T1,none,25,30,25,30
R00278,7,-1,UNTOUCHED,T1,none,48,50,50,52
R00279,0,0,CLONE_INTERVAL,T3,t3_insert_statement,16,22,16,23
R00279,1,0,MUTATION,T3,t3_insert_statement,,,17,17
R00279,2,1,CLONE_INTERVAL,T3,t3_insert_statement,32,38,33,39
R00279,3,1,MUTATION,T3,t3_insert_statement,,,40,40
R00279,4,-1,UNTOUCHED,T1,none,9,15,9,15
R00279,5,-1,UNTOUCHED,T1,none,23,31,24,32
R00279,6,-1,UNTOUCHED,T1,none,39,55,41,57
R00280,0,0,CLONE_INTERVAL,T3,t3_insert_statement,6,11,6,11
R00280,1,0,MUTATION,T3,t3_insert_statement,,,12,12
R00280,2,1,CLONE_INTERVAL,T2,t2_change_string_literal,18,24,19,25
R00280,3,1,MUTATION,T2,t2_change_string_literal,19,19,20,20
R00280,4,-1,UNTOUCHED,T1,none,3,5,3,5
R00280,5,-1,UNTOUCHED,T1,none,12,17,13,18
R00280,6,-1,UNTOUCHED,T1,none,25,32,26,33
R00281,0,0,CLONE_INTERVAL,T1,t1_add_blank_line,6,12,6,13
R00281,1,0,MUTATION,T1,t1_add_blank_line,,,12,12
R00281,2,1,CLONE_INTERVAL,T2,t2_change_int_literal,25,36,26,37
R00281,3,1,MUTATION,T2,t2_change_int_literal,25,25,26,26
R00281,4,-1,UNTOUCHED,T1,none,3,5,3,5
R00281,5,-1,UNTOUCHED,T1,none,13,24,14,25
R00281,6,-1,UNTOUCHED,T1,none,37,40,38,41
R00282,0,0,CLONE_INTERVAL,T3,t3_insert_statement,230,235,230,236
R00282,1,0,MUTATION,T3,t3_insert_statement,,,233,233
R00282,2,1,CLONE_INTERVAL,T3,t3_delete_statement,255,263,256,263
R00282,3,1,MUTATION,T3,t3_delete_statement,255,255,,
R00282,4,-1,UNTOUCHED,T1,none,226,229,226,229
R00282,5,-1,UNTOUCHED,T1,none,236,247,237,248
R00282,6,-1,UNTOUCHED,T1,none,252,254,253,255
R00282,7,-1,UNTOUCHED,T1,none,264,270,264,270
R00283,0,0,CLONE_INTERVAL,T3,t3_delete_statement,184,189,184,188
R00283,1,0,MUTATION,T3,t3_delete_statement,189,189,,
R00283,2,1,CLONE_INTERVAL,T1,t1_add_eol_comment,273,278,272,277
R00283,3,1,MUTATION,T1,t1_add_eol_comment,274,274,273,273
R00283,4,-1,UNTOUCHED,T1,none,175,183,175,183
R00283,5,-1,UNTOUCHED,T1,none,190,196,189,195
R00283,6,-1,UNTOUCHED,T1,none,269,272,268,271
R00283,7,-1,UNTOUCHED,T1,none,279,283,278,282
R00284,0,0,CLONE_INTERVAL,T1,t1_reindent,29,34,29,34
R00284,1,0,MUTATION,T1,t1_reindent,29,34,29,34
R00284,2,1,CLONE_INTERVAL,T1,t1_reindent,82,87,82,87
R00284,3,1,MUTATION,T1,t1_reindent,82,87,82,87
R00284,4,-1,UNTOUCHED,T1,none,24,28,24,28
R00284,5,-1,UNTOUCHED,T1,none,35,41,35,41
R00284,6,-1,UNTOUCHED,T1,none,77,81,77,81
R00284,7,-1,UNTOUCHED,T1,none,88,97,88,97
R00285,0,0,CLONE_INTERVAL,T1,t1_add_blank_line,7,12,7,13
R00285,1,0,MUTATION,T1,t1_add_blank_line,,,9,9
R00285,2,1,CLONE_INTERVAL,T1,t1_add_block_comment,19,24,20,26
R00285,3,1,MUTATION,T1,t1_add_block_comment,,,24,24
R00285,4,-1,UNTOUCHED,T1,none,3,6,3,6
R00285,5,-1,UNTOUCHED,T1,none,13,18,14,19
R00285,6,-1,UNTOUCHED,T1,none,25,30,27,32
R00286,0,0,CLONE_INTERVAL,T1,t1_add_eol_comment,15,20,15,20
R00286,1,0,MUTATION,T1,t1_add_eol_comment,16,16,16,16
R00286,2,1,CLONE_INTERVAL,T1,t1_reindent,145,150,145,150
R00286,3,1,MUTATION,T1,t1_reindent,145,150,145,150
R00286,4,-1,UNTOUCHED,T1,none,10,14,10,14
R00286,5,-1,UNTOUCHED,T1,none,21,49,21,49
R00286,6,-1,UNTOUCHED,T1,none,140,144,140,144
R00286,7,-1,UNTOUCHED,T1,none,151,165,151,165
R00287,0,0,CLONE_INTERVAL,T3,t3_delete_statement,8,13,8,11
R00287,1,0,MUTATION,T3,t3_delete_statement,12,13,,
R00287,2,1,CLONE_INTERVAL,T2,t2_rename_local_x1,17,28,15,26
R00287,3,1,MUTATION,T2,t2_rename_local_x1,18,18,16,16
R00287,4,1,MUTATION,T2,t2_rename_local_x1,20,20,18,18
R00287,5,1,MUTATION,T2,t2_rename_local_x1,24,24,22,22
R00287,6,-1,UNTOUCHED,T1,none,3,7,3,7
R00287,7,-1,UNTOUCHED,T1,none,14,16,12,14
R00287,8,-1,UNTOUCHED,T1,none,29,31,27,29
R00288,0,0,CLONE_INTERVAL,T3,t3_wrap_statement,15,34,15,36
R00288,1,0,MUTATION,T3,t3_wrap_statement,,,17,17
R00288,2,1,CLONE_INTERVAL,T1,t1_add_block_comment,83,90,85,93
R00288,3,1,MUTATION,T1,t1_add_block_comment,,,91,91
R00288,4,-1,UNTOUCHED,T1,none,7,14,7,14
R00288,5,-1,UNTOUCHED,T1,none,35,38,37,40
R00288,6,-1,UNTOUCHED,T1,none,77,82,79,84
R00288,7,-1,UNTOUCHED,T1,none,91,94,94,97
R00289,0,0,CLONE_INTERVAL,T1,t1_add_eol_comment,7,15,7,15
R00289,1,0,MUTATION,T1,t1_add_eol_comment,10,10,10,10
R00289,2,1,CLONE_INTERVAL,T2,t2_rename_local_x1,21,27,21,27
R00289,3,1,MUTATION,T2,t2_rename_local_x1,23,24,23,24
R00289,4,-1,UNTOUCHED,T1,none,3,6,3,6
R00289,5,-1,UNTOUCHED,T1,none,16,20,16,20
R00289,6,-1,UNTOUCHED,T1,none,28,34,28,34
R00290,0,0,CLONE_INTERVAL,T1,t1_reindent,18,25,18,25
R00290,1,0,MUTATION,T1,t1_reindent,18,25,18,25
R00290,2,1,CLONE_INTERVAL,T2,t2_rename_local_x2,37,58,37,58
R00290,3,1,MUTATION,T2,t2_rename_local_x2,37,37,37,37
R00290,4,1,MUTATION,T2,t2_rename_local_x2,39,39,39,39
R00290,5,1,MUTATION,T2,t2_rename_local_x2,44,45,44,45
R00290,6,1,MUTATION,T2,t2_rename_local_x2,51,51,51,51
R00290,7,-1,UNTOUCHED,T1,none,9,17,9,17
R00290,8,-1,UNTOUCHED,T1,none,26,36,26,36
R00290,9,-1,UNTOUCHED,T1,none,59,64,59,64
R00291,0,0,CLONE_INTERVAL,T1,t1_add_blank_line,7,12,7,13
R00291,1,0,MUTATION,T1,t1_add_blank_line,,,11,11
R00291,2,1,CLONE_INTERVAL,T1,t1_reindent,19,43,20,44
R00291,3,1,MUTATION,T1,t1_reindent,19,43,20,44
R00291,4,-1,UNTOUCHED,T1,none,3,6,3,6
R00291,5,-1,UNTOUCHED,T1,none,13,18,14,19
R00291,6,-1,UNTOUCHED,T1,none,44,49,45,50
R00292,0,0,CLONE_INTERVAL,T3,t3_insert_statement,9,14,9,15
R00292,1,0,MUTATION,T3,t3_insert_statement,,,14,14
R00292,2,1,CLONE_INTERVAL,T2,t2_rename_local_x1,26,31,27,32
R00292,3,1,MUTATION,T2,t2_rename_local_x1,26,27,27,28
R00292,4,-1,UNTOUCHED,T1,none,3,8,3,8
R00292,5,-1,UNTOUCHED,T1,none,15,25,16,26
R00292,6,-1,UNTOUCHED,T1,none,32,37,33,38
R00293,0,0,CLONE_INTERVAL,T2,t2_rename_local_x2,8,27,8,27
R00293,1,0,MUTATION,T2,t2_rename_local_x2,11,11,11,11
R00293,2,0,MUTATION,T2,t2_rename_local_x2,13,25,13,25
R00293,3,1,CLONE_INTERVAL,T2,t2_change_int_literal,33,42,33,42
R00293,4,1,MUTATION,T2,t2_change_int_literal,33,33,33,33
R00293,5,-1,UNTOUCHED,T1,none,3,7,3,7
R00293,6,-1,UNTOUCHED,T1,none,28,32,28,32
R00293,7,-1,UNTOUCHED,T1,none,43,48,43,48
R00294,0,0,CLONE_INTERVAL,T1,t1_add_block_comment,15,20,15,21
R00294,1,0,MUTATION,T1,t1_add_block_comment,,,20,20
R00294,2,1,CLONE_INTERVAL,T1,t1_add_blank_line,26,31,27,33
R00294,3,1,MUTATION,T1,t1_add_blank_line,,,31,31
R00294,4,-1,UNTOUCHED,T1,none,8,14,8,14
R00294,5,-1,UNTOUCHED,T1,none,21,25,22,26
R00294,6,-1,UNTOUCHED,T1,none,32,47,34,49
R00295,0,0,CLONE_INTERVAL,T1,t1_add_blank_line,11,16,11,17
R00295,1,0,MUTATION,T1,t1_add_blank_line,,,16,16
R00295,2,1,CLONE_INTERVAL,T2,t2_change_string_literal,29,34,30,35
R00295,3,1,MUTATION,T2,t2_change_string_literal,31,31,32,32
R00295,4,-1,UNTOUCHED,T1,none,5,10,5,10
R00295,5,-1,UNTOUCHED,T1,none,17,28,18,29
R00295,6,-1,UNTOUCHED,T1,none,35,38,36,39
R00296,0,0,CLONE_INTERVAL,T1,t1_add_blank_line,102,113,102,114
R00296,1,0,MUTATION,T1,t1_add_blank_line,,,105,105
R00296,2,1,CLONE_INTERVAL,T1,t1_add_eol_comment,190,195,191,196
R00296,3,1,MUTATION,T1,t1_add_eol_comment,192,192,193,193
R00296,4,-1,UNTOUCHED,T1,none,92,101,92,101
R00296,5,-1,UNTOUCHED,T1,none,114,130,115,131
R00296,6,-1,UNTOUCHED,T1,none,186,189,187,190
R00296,7,-1,UNTOUCHED,T1,none,196,219,197,220
R00297,0,0,CLONE_INTERVAL,T1,t1_add_eol_comment,7,14,7,14
R00297,1,0,MUTATION,T1,t1_add_eol_comment,10,10,10,10
R00297,2,1,CLONE_INTERVAL,T1,t1_add_blank_line,19,26,19,27
R00297,3,1,MUTATION,T1,t1_add_blank_line,,,22,22
R00297,4,-1,UNTOUCHED,T1,none,3,6,3,6
R00297,5,-1,UNTOUCHED,T1,none,15,18,15,18
R00297,6,-1,UNTOUCHED,T1,none,27,32,28,33
R00298,0,0,CLONE_INTERVAL,T1,t1_reindent,20,25,20,25
R00298,1,0,MUTATION,T1,t1_reindent,20,25,20,25
R00298,2,1,CLONE_INTERVAL,T3,t3_insert_statement,164,169,164,170
R00298,3,1,MUTATION,T3,t3_insert_statement,,,165,165
R00298,4,-1,UNTOUCHED,T1,none,17,19,17,19
R00298,5,-1,UNTOUCHED,T1,none,26,32,26,32
R00298,6,-1,UNTOUCHED,T1,none,161,163,161,163
R00298,7,-1,UNTOUCHED,T1,none,170,178,171,179
R00299,0,0,CLONE_INTERVAL,T2,t2_change_string_literal,8,13,8,13
R00299,1,0,MUTATION,T2,t2_change_string_literal,12,12,12,12
R00299,2,1,CLONE_INTERVAL,T2,t2_change_string_literal,30,55,30,55
R00299,3,1,MUTATION,T2,t2_change_string_literal,33,33,33,33
R00299,4,-1,UNTOUCHED,T1,none,3,7,3,7
R00299,5,-1,UNTOUCHED,T1,none,14,29,14,29
R00299,6,-1,UNTOUCHED,T1,none,56,58,56,58
R00300,0,0,CLONE_INTERVAL,T1,t1_add_block_comment,9,15,9,16
R00300,1,0,MUTATION,T1,t1_add_block_comment,,,14,14
R00300,2,1,CLONE_INTERVAL,T1,t1_add_blank_line,30,35,31,37
R00300,3,1,MUTATION,T1,t1_add_blank_line,,,35,35
R00300,4,-1,UNTOUCHED,T1,none,5,8,5,8
R00300,5,-1,UNTOUCHED,T1,none,16,25,17,26
R00300,6,-1,UNTOUCHED,T1,none,27,29,28,30
R00300,7,-1,UNTOUCHED,T1,none,36,38,38,40
R00301,0,0,CLONE_INTERVAL,T2,t2_change_string_literal,10,15,10,15
R00301,1,0,MUTATION,T2,t2_change_string_literal,12,12,12,12
R00301,2,1,CLONE_INTERVAL,T2,t2_rename_local_x2,21,30,21,30
R00301,3,1,MUTATION,T2,t2_rename_local_x2,21,21,21,21
R00301,4,1,MUTATION,T2,t2_rename_local_x2,23,27,23,27
R00301,5,-1,UNTOUCHED,T1,none,5,9,5,9
R00301,6,-1,UNTOUCHED,T1,none,16,20,16,20
R00301,7,-1,UNTOUCHED,T1,none,31,35,31,35
R00302,0,0,CLONE_INTERVAL,T3,t3_wrap_statement,13,20,13,22
R00302,1,0,MUTATION,T3,t3_wrap_statement,,,13,13
R00302,2,1,CLONE_INTERVAL,T3,t3_delete_statement,33,39,35,40
R00302,3,1,MUTATION,T3,t3_delete_statement,39,39,,
R00302,4,-1,UNTOUCHED,T1,none,5,12,5,12
R00302,5,-1,UNTOUCHED,T1,none,21,24,23,26
R00302,6,-1,UNTOUCHED,T1,none,30,32,32,34
R00302,7,-1,UNTOUCHED,T1,none,40,42,41,43
R00303,0,0,CLONE_INTERVAL,T2,t2_rename_local_x1,6,11,6,11
R00303,1,0,MUTATION,T2,t2_rename_local_x1,7,8,7,8
R00303,2,1,CLONE_INTERVAL,T2,t2_change_string_literal,26,33,26,33
R00303,3,1,MUTATION,T2,t2_change_string_literal,31,31,31,31
R00303,4,-1,UNTOUCHED,T1,none,3,5,3,5
R00303,5,-1,UNTOUCHED,T1,none,12,25,12,25
R00303,6,-1,UNTOUCHED,T1,none,34,36,34,36
R00304,0,0,CLONE_INTERVAL,T1,t1_reindent,78,83,78,83
R00304,1,0,MUTATION,T1,t1_reindent,78,83,78,83
R00304,2,1,CLONE_INTERVAL,T3,t3_insert_statement,118,123,118,124
R00304,3,1,MUTATION,T3,t3_insert_statement,,,123,123
R00304,4,-1,UNTOUCHED,T1,none,73,77,73,77
R00304,5,-1,UNTOUCHED,T1,none,84,111,84,111
R00304,6,-1,UNTOUCHED,T1,none,113,117,113,117
R00304,7,-1,UNTOUCHED,T1,none,124,133,125,134
R00305,0,0,CLONE_INTERVAL,T1,t1_reindent,42,49,42,49
R00305,1,0,MUTATION,T1,t1_reindent,42,49,42,49
R00305,2,1,CLONE_INTERVAL,T1,t1_reindent,77,82,77,82
R00305,3,1,MUTATION,T1,t1_reindent,77,82,77,82
R00305,4,-1,UNTOUCHED,T1,none,36,41,36,41
R00305,5,-1,UNTOUCHED,T1,none,50,52,50,52
R00305,6,-1,UNTOUCHED,T1,none,72,76,72,76
R00305,7,-1,UNTOUCHED,T1,none,83,90,83,90
R00306,0,0,CLONE_INTERVAL,T3,t3_delete_statement,30,35,30,34
R00306,1,0,MUTATION,T3,t3_delete_statement,30,30,,
R00306,2,1,CLONE_INTERVAL,T3,t3_wrap_statement,79,84,78,85
R00306,3,1,MUTATION,T3,t3_wrap_statement,,,79,79
R00306,4,-1,UNTOUCHED,T1,none,23,29,23,29
R00306,5,-1,UNTOUCHED,T1,none,36,40,35,39
R00306,6,-1,UNTOUCHED,T1,none,74,78,73,77
R00306,7,-1,UNTOUCHED,T1,none,85,91,86,92
R00307,0,0,CLONE_INTERVAL,T2,t2_change_int_literal,47,53,47,53
R00307,1,0,MUTATION,T2,t2_change_int_literal,48,48,48,48
R00307,2,1,CLONE_INTERVAL,T1,t1_reindent,133,140,133,140
R00307,3,1,MUTATION,T1,t1_reindent,133,140,133,140
R00307,4,-1,UNTOUCHED,T1,none,39,46,39,46
R00307,5,-1,UNTOUCHED,T1,none,54,58,54,58
R00307,6,-1,UNTOUCHED,T1,none,128,132,128,132
R00307,7,-1,UNTOUCHED,T1,none,141,143,141,143
R00308,0,0,CLONE_INTERVAL,T1,t1_add_blank_line,14,19,14,20
R00308,1,0,MUTATION,T1,t1_add_blank_line,,,17,17
R00308,2,1,CLONE_INTERVAL,T3,t3_insert_statement,88,93,89,94
R00308,3,1,MUTATION,T3,t3_insert_statement,,,95,95
R00308,4,-1,UNTOUCHED,T1,none,9,13,9,13
R00308,5,-1,UNTOUCHED,T1,none,20,34,21,35
R00308,6,-1,UNTOUCHED,T1,none,85,87,86,88
R00308,7,-1,UNTOUCHED,T1,none,94,101,96,103
R00309,0,0,CLONE_INTERVAL,T2,t2_change_int_literal,8,16,8,16
R00309,1,0,MUTATION,T2,t2_change_int_literal,13,13,13,13
R00309,2,1,CLONE_INTERVAL,T2,t2_rename_local_x2,25,33,25,33
R00309,3,1,MUTATION,T2,t2_rename_local_x2,25,25,25,25
R00309,4,1,MUTATION,T2,t2_rename_local_x2,28,30,28,30
R00309,5,-1,UNTOUCHED,T1,none,3,7,3,7
R00309,6,-1,UNTOUCHED,T1,none,17,24,17,24
R00309,7,-1,UNTOUCHED,T1,none,34,36,34,36
R00310,0,0,CLONE_INTERVAL,T2,t2_change_int_literal,8,14,8,14
R00310,1,0,MUTATION,T2,t2_change_int_literal,10,10,10,10
R00310,2,1,CLONE_INTERVAL,T1,t1_add_eol_comment,27,33,27,33
R00310,3,1,MUTATION,T1,t1_add_eol_comment,29,29,29,29
R00310,4,-1,UNTOUCHED,T1,none,3,7,3,7
R00310,5,-1,UNTOUCHED,T1,none,15,26,15,26
R00310,6,-1,UNTOUCHED,T1,none,34,36,34,36
R00311,0,0,CLONE_INTERVAL,T3,t3_wrap_statement,8,16,8,18
R00311,1,0,MUTATION,T3,t3_wrap_statement,,,9,9
R00311,2,1,CLONE_INTERVAL,T3,t3_delete_statement,49,55,51,56
R00311,3,1,MUTATION,T3,t3_delete_statement,49,49,,
R00311,4,-1,UNTOUCHED,T1,none,3,7,3,7
R00311,5,-1,UNTOUCHED,T1,none,17,48,19,50
R00311,6,-1,UNTOUCHED,T1,none,56,63,57,64
R00312,0,0,CLONE_INTERVAL,T3,t3_wrap_statement,37,49,37,51
R00312,1,0,MUTATION,T3,t3_wrap_statement,,,38,38
R00312,2,1,CLONE_INTERVAL,T1,t1_add_eol_comment,57,73,59,75
R00312,3,1,MUTATION,T1,t1_add_eol_comment,73,73,75,75
R00312,4,-1,UNTOUCHED,T1,none,34,36,34,36
R00312,5,-1,UNTOUCHED,T1,none,50,52,52,54
R00312,6,-1,UNTOUCHED,T1,none,54,56,56,58
R00312,7,-1,UNTOUCHED,T1,none,74,76,76,78
R00313,0,0,CLONE_INTERVAL,T3,t3_insert_statement,6,11,6,12
R00313,1,0,MUTATION,T3,t3_insert_statement,,,8,8
R00313,2,1,CLONE_INTERVAL,T1,t1_add_blank_line,22,31,23,33
R00313,3,1,MUTATION,T1,t1_add_blank_line,,,32,32
R00313,4,-1,UNTOUCHED,T1,none,3,5,3,5
R00313,5,-1,UNTOUCHED,T1,none,12,14,13,15
R00313,6,-1,UNTOUCHED,T1,none,16,16,16,16
R00313,7,-1,UNTOUCHED,T1,none,17,21,18,22
R00313,8,-1,UNTOUCHED,T1,none,32,38,34,40
R00314,0,0,CLONE_INTERVAL,T2,t2_change_string_literal,9,19,9,19
R00314,1,0,MUTATION,T2,t2_change_string_literal,15,15,15,15
R00314,2,1,CLONE_INTERVAL,T1,t1_add_block_comment,32,37,32,38
R00314,3,1,MUTATION,T1,t1_add_block_comment,,,35,35
R00314,4,-1,UNTOUCHED,T1,none,4,8,4,8
R00314,5,-1,UNTOUCHED,T1,none,20,31,20,31
R00314,6,-1,UNTOUCHED,T1,none,38,41,39,42
R00315,0,0,CLONE_INTERVAL,T3,t3_insert_statement,8,13,8,14
R00315,1,0,MUTATION,T3,t3_insert_statement,,,9,9
R00315,2,1,CLONE_INTERVAL,T3,t3_delete_statement,32,43,33,43
R00315,3,1,MUTATION,T3,t3_delete_statement,35,35,,
R00315,4,-1,UNTOUCHED,T1,none,3,7,3,7
R00315,5,-1,UNTOUCHED,T1,none,14,31,15,32
R00315,6,-1,UNTOUCHED,T1,none,44,46,44,46
R00316,0,0,CLONE_INTERVAL,T2,t2_change_string_literal,7,12,7,12
R00316,1,0,MUTATION,T2,t2_change_string_literal,11,11,11,11
R00316,2,1,CLONE_INTERVAL,T1,t1_add_eol_comment,16,24,16,24
R00316,3,1,MUTATION,T1,t1_add_eol_comment,19,19,19,19
R00316,4,-1,UNTOUCHED,T1,none,3,6,3,6
R00316,5,-1,UNTOUCHED,T1,none,13,15,13,15
R00316,6,-1,UNTOUCHED,T1,none,25,34,25,34
R00317,0,0,CLONE_INTERVAL,T1,t1_reindent,76,83,76,83
R00317,1,0,MUTATION,T1,t1_reindent,76,83,76,83
R00317,2,1,CLONE_INTERVAL,T2,t2_change_string_literal,117,122,117,122
R00317,3,1,MUTATION,T2,t2_change_string_literal,120,120,120,120
R00317,4,-1,UNTOUCHED,T1,none,70,75,70,75
R00317,5,-1,UNTOUCHED,T1,none,84,95,84,95
R00317,6,-1,UNTOUCHED,T1,none,114,116,114,116
R00317,7,-1,UNTOUCHED,T1,none,123,125,123,125
R00318,0,0,CLONE_INTERVAL,T2,t2_change_int_literal,7,14,7,14
R00318,1,0,MUTATION,T2,t2_change_int_literal,7,7,7,7
R00318,2,1,CLONE_INTERVAL,T3,t3_wrap_statement,24,31,24,33
R00318,3,1,MUTATION,T3,t3_wrap_statement,,,25,25
R00318,4,-1,UNTOUCHED,T1,none,3,6,3,6
R00318,5,-1,UNTOUCHED,T1,none,15,23,15,23
R00318,6,-1,UNTOUCHED,T1,none,32,36,34,38
R00319,0,0,CLONE_INTERVAL,T3,t3_insert_statement,7,13,7,14
R00319,1,0,MUTATION,T3,t3_insert_statement,,,8,8
R00319,2,1,CLONE_INTERVAL,T3,t3_wrap_statement,58,63,59,66
R00319,3,1,MUTATION,T3,t3_wrap_statement,,,60,60
R00319,4,-1,UNTOUCHED,T1,none,4,6,4,6
R00319,5,-1,UNTOUCHED,T1,none,14,18,15,19
R00319,6,-1,UNTOUCHED,T1,none,53,57,54,58
R00319,7,-1,UNTOUCHED,T1,none,64,73,67,76
R00320,0,0,CLONE_INTERVAL,T3,t3_wrap_statement,8,14,8,16
R00320,1,0,MUTATION,T3,t3_wrap_statement,,,11,11
R00320,2,1,CLONE_INTERVAL,T1,t1_add_block_comment,18,26,20,29
R00320,3,1,MUTATION,T1,t1_add_block_comment,,,28,28
R00320,4,-1,UNTOUCHED,T1,none,5,7,5,7
R00320,5,-1,UNTOUCHED,T1,none,15,17,17,19
R00320,6,-1,UNTOUCHED,T1,none,27,32,30,35
R00321,0,0,CLONE_INTERVAL,T2,t2_change_string_literal,7,22,7,22
R00321,1,0,MUTATION,T2,t2_change_string_literal,18,18,18,18
R00321,2,1,CLONE_INTERVAL,T1,t1_reindent,103,108,103,108
R00321,3,1,MUTATION,T1,t1_reindent,103,108,103,108
R00321,4,-1,UNTOUCHED,T1,none,3,6,3,6
R00321,5,-1,UNTOUCHED,T1,none,23,26,23,26
R00321,6,-1,UNTOUCHED,T1,none,99,102,99,102
R00321,7,-1,UNTOUCHED,T1,none,109,115,109,115
R00322,0,0,CLONE_INTERVAL,T2,t2_rename_local_x1,6,15,6,15
R00322,1,0,MUTATION,T2,t2_rename_local_x1,6,6,6,6
R00322,2,0,MUTATION,T2,t2_rename_local_x1,8,11,8,11
R00322,3,1,CLONE_INTERVAL,T2,t2_change_int_literal,19,25,19,25
R00322,4,1,MUTATION,T2,t2_change_int_literal,19,19,19,19
R00322,5,-1,UNTOUCHED,T1,none,3,5,3,5
R00322,6,-1,UNTOUCHED,T1,none,16,18,16,18
R00322,7,-1,UNTOUCHED,T1,none,26,29,26,29
R00323,0,0,CLONE_INTERVAL,T2,t2_rename_local_x1,14,19,14,19
R00323,1,0,MUTATION,T2,t2_rename_local_x1,16,17,16,17
R00323,2,1,CLONE_INTERVAL,T2,t2_rename_local_x1,143,148,143,148
R00323,3,1,MUTATION,T2,t2_rename_local_x1,146,147,146,147
R00323,4,-1,UNTOUCHED,T1,none,11,13,11,13
R00323,5,-1,UNTOUCHED,T1,none,20,31,20,31
R00323,6,-1,UNTOUCHED,T1,none,136,142,136,142
R00323,7,-1,UNTOUCHED,T1,none,149,152,149,152
R00324,0,0,CLONE_INTERVAL,T1,t1_add_blank_line,10,15,10,16
R00324,1,0,MUTATION,T1,t1_add_blank_line,,,13,13
R00324,2,1,CLONE_INTERVAL,T2,t2_rename_local_x2,27,38,28,39
R00324,3,1,MUTATION,T2,t2_rename_local_x2,29,33,30,34
R00324,4,-1,UNTOUCHED,T1,none,7,9,7,9
R00324,5,-1,UNTOUCHED,T1,none,16,26,17,27
R00324,6,-1,UNTOUCHED,T1,none,39,47,40,48
R00325,0,0,CLONE_INTERVAL,T2,t2_change_int_literal,7,15,7,15
R00325,1,0,MUTATION,T2,t2_change_int_literal,7,7,7,7
R00325,2,1,CLONE_INTERVAL,T1,t1_add_block_comment,24,31,24,32
R00325,3,1,MUTATION,T1,t1_add_block_comment,,,31,31
R00325,4,-1,UNTOUCHED,T1,none,3,6,3,6
R00325,5,-1,UNTOUCHED,T1,none,16,23,16,23
R00325,6,-1,UNTOUCHED,T1,none,32,46,33,47
R00326,0,0,CLONE_INTERVAL,T3,t3_delete_statement,6,12,6,11
R00326,1,0,MUTATION,T3,t3_delete_statement,6,6,,
R00326,2,1,CLONE_INTERVAL,T2,t2_change_string_literal,17,24,16,23
R00326,3,1,MUTATION,T2,t2_change_string_literal,18,18,17,17
R00326,4,-1,UNTOUCHED,T1,none,3,5,3,5
R00326,5,-1,UNTOUCHED,T1,none,13,16,12,15
R00326,6,-1,UNTOUCHED,T1,none,25,35,24,34
R00327,0,0,CLONE_INTERVAL,T2,t2_rename_local_x1,31,37,31,37
R00327,1,0,MUTATION,T2,t2_rename_local_x1,31,33,31,33
R00327,2,0,MUTATION,T2,t2_rename_local_x1,35,35,35,35
R00327,3,1,CLONE_INTERVAL,T1,t1_add_eol_comment,62,73,62,73
R00327,4,1,MUTATION,T1,t1_add_eol_comment,70,70,70,70
R00327,5,-1,UNTOUCHED,T1,none,26,30,26,30
R00327,6,-1,UNTOUCHED,T1,none,38,40,38,40
R00327,7,-1,UNTOUCHED,T1,none,58,61,58,61
R00327,8,-1,UNTOUCHED,T1,none,74,79,74,79
R00328,0,0,CLONE_INTERVAL,T3,t3_wrap_statement,7,15,7,17
R00328,1,0,MUTATION,T3,t3_wrap_statement,,,8,8
R00328,2,1,CLONE_INTERVAL,T3,t3_delete_statement,22,27,24,28
R00328,3,1,MUTATION,T3,t3_delete_statement,27,27,,
R00328,4,-1,UNTOUCHED,T1,none,3,6,3,6
R00328,5,-1,UNTOUCHED,T1,none,16,21,18,23
R00328,6,-1,UNTOUCHED,T1,none,28,31,29,32
R00329,0,0,CLONE_INTERVAL,T3,t3_wrap_statement,17,23,17,25
R00329,1,0,MUTATION,T3,t3_wrap_statement,,,17,17
R00329,2,1,CLONE_INTERVAL,T2,t2_change_string_literal,39,48,41,50
R00329,3,1,MUTATION,T2,t2_change_string_literal,44,44,46,46
R00329,4,-1,UNTOUCHED,T1,none,8,16,8,16
R00329,5,-1,UNTOUCHED,T1,none,24,26,26,28
R00329,6,-1,UNTOUCHED,T1,none,36,38,38,40
R00329,7,-1,UNTOUCHED,T1,none,49,51,51,53
R00330,0,0,CLONE_INTERVAL,T3,t3_insert_statement,12,19,12,19
R00330,1,0,MUTATION,T3,t3_insert_statement,,,20,20
R00330,2,1,CLONE_INTERVAL,T1,t1_add_block_comment,24,41,25,43
R00330,3,1,MUTATION,T1,t1_add_block_comment,,,27,27
R00330,4,-1,UNTOUCHED,T1,none,4,11,4,11
R00330,5,-1,UNTOUCHED,T1,none,20,23,21,24
R00330,6,-1,UNTOUCHED,T1,none,42,48,44,50
R00331,0,0,CLONE_INTERVAL,T1,t1_add_block_comment,7,12,7,13
R00331,1,0,MUTATION,T1,t1_add_block_comment,,,11,11
R00331,2,1,CLONE_INTERVAL,T3,t3_insert_statement,17,22,18,24
R00331,3,1,MUTATION,T3,t3_insert_statement,,,19,19
R00331,4,-1,UNTOUCHED,T1,none,3,6,3,6
R00331,5,-1,UNTOUCHED,T1,none,13,16,14,17
R00331,6,-1,UNTOUCHED,T1,none,23,35,25,37
R00332,0,0,CLONE_INTERVAL,T3,t3_delete_statement,16,21,16,20
R00332,1,0,MUTATION,T3,t3_delete_statement,18,18,,
R00332,2,1,CLONE_INTERVAL,T2,t2_rename_local_x2,30,42,29,41
R00332,3,1,MUTATION,T2,t2_rename_local_x2,31,35,30,34
R00332,4,1,MUTATION,T2,t2_rename_local_x2,39,39,38,38
R00332,5,-1,UNTOUCHED,T1,none,7,15,7,15
R00332,6,-1,UNTOUCHED,T1,none,22,25,21,24
R00332,7,-1,UNTOUCHED,T1,none,27,29,26,28
R00332,8,-1,UNTOUCHED,T1,none,43,46,42,45
R00333,0,0,CLONE_INTERVAL,T2,t2_change_string_literal,8,13,8,13
R00333,1,0,MUTATION,T2,t2_change_string_literal,9,9,9,9
R00333,2,1,CLONE_INTERVAL,T3,t3_wrap_statement,26,33,26,35
R00333,3,1,MUTATION,T3,t3_wrap_statement,,,26,26
R00333,4,-1,UNTOUCHED,T1,none,3,7,3,7
R00333,5,-1,UNTOUCHED,T1,none,14,25,14,25
R00333,6,-1,UNTOUCHED,T1,none,34,38,36,40
R00334,0,0,CLONE_INTERVAL,T2,t2_change_int_literal,9,15,9,15
R00334,1,0,MUTATION,T2,t2_change_int_literal,9,9,9,9
R00334,2,1,CLONE_INTERVAL,T2,t2_change_int_literal,25,30,25,30
R00334,3,1,MUTATION,T2,t2_change_int_literal,25,25,25,25
R00334,4,-1,UNTOUCHED,T1,none,3,8,3,8
R00334,5,-1,UNTOUCHED,T1,none,16,24,16,24
R00334,6,-1,UNTOUCHED,T1,none,31,38,31,38
R00335,0,0,CLONE_INTERVAL,T1,t1_add_eol_comment,7,12,7,12
R00335,1,0,MUTATION,T1,t1_add_eol_comment,11,11,11,11
R00335,2,1,CLONE_INTERVAL,T2,t2_rename_local_x1,17,34,17,34
R00335,3,1,MUTATION,T2,t2_rename_local_x1,30,31,30,31
R00335,4,-1,UNTOUCHED,T1,none,3,6,3,6
R00335,5,-1,UNTOUCHED,T1,none,13,16,13,16
R00335,6,-1,UNTOUCHED,T1,none,35,37,35,37
R00336,0,0,CLONE_INTERVAL,T1,t1_add_blank_line,13,18,13,19
R00336,1,0,MUTATION,T1,t1_add_blank_line,,,15,15
R00336,2,1,CLONE_INTERVAL,T3,t3_delete_statement,22,29,23,29
R00336,3,1,MUTATION,T3,t3_delete_statement,23,23,,
R00336,4,-1,UNTOUCHED,T1,none,6,12,6,12
R00336,5,-1,UNTOUCHED,T1,none,19,21,20,22
R00336,6,-1,UNTOUCHED,T1,none,30,37,30,37
R00337,0,0,CLONE_INTERVAL,T2,t2_change_string_literal,21,38,21,38
R00337,1,0,MUTATION,T2,t2_change_string_literal,23,23,23,23
R00337,2,1,CLONE_INTERVAL,T3,t3_delete_statement,48,53,48,52
R00337,3,1,MUTATION,T3,t3_delete_statement,53,53,,
R00337,4,-1,UNTOUCHED,T1,none,15,20,15,20
R00337,5,-1,UNTOUCHED,T1,none,39,47,39,47
R00337,6,-1,UNTOUCHED,T1,none,54,63,53,62
R00338,0,0,CLONE_INTERVAL,T3,t3_wrap_statement,9,17,9,19
R00338,1,0,MUTATION,T3,t3_wrap_statement,,,13,13
R00338,2,1,CLONE_INTERVAL,T2,t2_rename_local_x1,23,29,25,31
R00338,3,1,MUTATION,T2,t2_rename_local_x1,25,26,27,28
R00338,4,-1,UNTOUCHED,T1,none,4,8,4,8
R00338,5,-1,UNTOUCHED,T1,none,18,22,20,24
R00338,6,-1,UNTOUCHED,T1,none,30,37,32,39
R00339,0,0,CLONE_INTERVAL,T2,t2_rename_local_x3,30,41,30,41
R00339,1,0,MUTATION,T2,t2_rename_local_x3,32,32,32,32
R00339,2,0,MUTATION,T2,t2_rename_local_x3,34,36,34,36
R00339,3,0,MUTATION,T2,t2_rename_local_x3,38,38,38,38
R00339,4,0,MUTATION,T2,t2_rename_local_x3,40,40,40,40
R00339,5,1,CLONE_INTERVAL,T2,t2_rename_local_x1,74,84,74,84
R00339,6,1,MUTATION,T2,t2_rename_local_x1,74,75,74,75
R00339,7,1,MUTATION,T2,t2_rename_local_x1,77,77,77,77
R00339,8,1,MUTATION,T2,t2_rename_local_x1,79,79,79,79
R00339,9,1,MUTATION,T2,t2_rename_local_x1,81,81,81,81
R00339,10,1,MUTATION,T2,t2_rename_local_x1,83,83,83,83
R00339,11,-1,UNTOUCHED,T1,none,26,29,26,29
R00339,12,-1,UNTOUCHED,T1,none,42,45,42,45
R00339,13,-1,UNTOUCHED,T1,none,70,73,70,73
R00339,14,-1,UNTOUCHED,T1,none,85,87,85,87
R00340,0,0,CLONE_INTERVAL,T3,t3_wrap_statement,30,37,30,39
R00340,1,0,MUTATION,T3,t3_wrap_statement,,,31,31
R00340,2,1,CLONE_INTERVAL,T3,t3_wrap_statement,57,63,57,67
R00340,3,1,MUTATION,T3,t3_wrap_statement,,,57,57
R00340,4,-1,UNTOUCHED,T1,none,26,29,26,29
R00340,5,-1,UNTOUCHED,T1,none,38,54,40,56
R00340,6,-1,UNTOUCHED,T1,none,64,70,68,74
R00341,0,0,CLONE_INTERVAL,T1,t1_reindent,10,15,10,15
R00341,1,0,MUTATION,T1,t1_reindent,10,15,10,15
R00341,2,1,CLONE_INTERVAL,T2,t2_change_int_literal,19,27,19,27
R00341,3,1,MUTATION,T2,t2_change_int_literal,20,20,20,20
R00341,4,-1,UNTOUCHED,T1,none,7,9,7,9
R00341,5,-1,UNTOUCHED,T1,none,16,18,16,18
R00341,6,-1,UNTOUCHED,T1,none,28,45,28,45
R00342,0,0,CLONE_INTERVAL,T3,t3_wrap_statement,11,16,11,18
R00342,1,0,MUTATION,T3,t3_wrap_statement,,,12,12
R00342,2,1,CLONE_INTERVAL,T2,t2_change_string_literal,30,39,32,41
R00342,3,1,MUTATION,T2,t2_change_string_literal,32,32,34,34
R00342,4,-1,UNTOUCHED,T1,none,5,10,5,10
R00342,5,-1,UNTOUCHED,T1,none,17,29,19,31
R00342,6,-1,UNTOUCHED,T1,none,40,50,42,52
R00343,0,0,CLONE_INTERVAL,T1,t1_add_blank_line,7,12,7,13
R00343,1,0,MUTATION,T1,t1_add_blank_line,,,10,10
R00343,2,1,CLONE_INTERVAL,T3,t3_insert_statement,36,41,37,42
R00343,3,1,MUTATION,T3,t3_insert_statement,,,43,43
R00343,4,-1,UNTOUCHED,T1,none,3,6,3,6
R00343,5,-1,UNTOUCHED,T1,none,13,35,14,36
R00343,6,-1,UNTOUCHED,T1,none,42,57,44,59
R00344,0,0,CLONE_INTERVAL,T1,t1_add_block_comment,96,101,96,102
R00344,1,0,MUTATION,T1,t1_add_block_comment,,,99,99
R00344,2,1,CLONE_INTERVAL,T3,t3_delete_statement,108,113,109,113
R00344,3,1,MUTATION,T3,t3_delete_statement,108,108,,
R00344,4,-1,UNTOUCHED,T1,none,80,95,80,95
R00344,5,-1,UNTOUCHED,T1,none,102,107,103,108
R00344,6,-1,UNTOUCHED,T1,none,114,156,114,156
R00345,0,0,CLONE_INTERVAL,T1,t1_add_blank_line,9,14,9,15
R00345,1,0,MUTATION,T1,t1_add_blank_line,,,13,13
R00345,2,1,CLONE_INTERVAL,T3,t3_insert_statement,46,53,47,54
R00345,3,1,MUTATION,T3,t3_insert_statement,,,55,55
R00345,4,-1,UNTOUCHED,T1,none,6,8,6,8
R00345,5,-1,UNTOUCHED,T1,none,15,17,16,18
R00345,6,-1,UNTOUCHED,T1,none,43,45,44,46
R00345,7,-1,UNTOUCHED,T1,none,54,58,56,60
R00346,0,0,CLONE_INTERVAL,T3,t3_wrap_statement,6,11,6,13
R00346,1,0,MUTATION,T3,t3_wrap_statement,,,8,8
R00346,2,1,CLONE_INTERVAL,T1,t1_add_block_comment,16,21,18,24
R00346,3,1,MUTATION,T1,t1_add_block_comment,,,19,19
R00346,4,-1,UNTOUCHED,T1,none,3,5,3,5
R00346,5,-1,UNTOUCHED,T1,none,12,15,14,17
R00346,6,-1,UNTOUCHED,T1,none,22,24,25,27
R00347,0,0,CLONE_INTERVAL,T2,t2_rename_local_x3,101,115,101,115
R00347,1,0,MUTATION,T2,t2_rename_local_x3,101,101,101,101
R00347,2,0,MUTATION,T2,t2_rename_local_x3,103,105,103,105
R00347,3,0,MUTATION,T2,t2_rename_local_x3,107,107,107,107
R00347,4,0,MUTATION,T2,t2_rename_local_x3,109,110,109,110
R00347,5,0,MUTATION,T2,t2_rename_local_x3,112,114,112,114
R00347,6,1,CLONE_INTERVAL,T3,t3_delete_statement,152,157,152,156
R00347,7,1,MUTATION,T3,t3_delete_statement,157,157,,
R00347,8,-1,UNTOUCHED,T1,none,98,100,98,100
R00347,9,-1,UNTOUCHED,T1,none,116,121,116,121
R00347,10,-1,UNTOUCHED,T1,none,149,151,149,151
R00347,11,-1,UNTOUCHED,T1,none,158,163,157,162
R00348,0,0,CLONE_INTERVAL,T3,t3_wrap_statement,65,71,65,73
R00348,1,0,MUTATION,T3,t3_wrap_statement,,,66,66
R00348,2,1,CLONE_INTERVAL,T3,t3_delete_statement,148,153,150,154
R00348,3,1,MUTATION,T3,t3_delete_statement,153,153,,
R00348,4,-1,UNTOUCHED,T1,none,59,64,59,64
R00348,5,-1,UNTOUCHED,T1,none,72,76,74,78
R00348,6,-1,UNTOUCHED,T1,none,125,147,127,149
R00348,7,-1,UNTOUCHED,T1,none,154,156,155,157
R00349,0,0,CLONE_INTERVAL,T2,t2_change_int_literal,8,13,8,13
R00349,1,0,MUTATION,T2,t2_change_int_literal,8,8,8,8
R00349,2,1,CLONE_INTERVAL,T2,t2_change_string_literal,19,28,19,28
R00349,3,1,MUTATION,T2,t2_change_string_literal,21,21,21,21
R00349,4,-1,UNTOUCHED,T1,none,3,7,3,7
R00349,5,-1,UNTOUCHED,T1,none,14,18,14,18
R00349,6,-1,UNTOUCHED,T1,none,29,33,29,33
R00350,0,0,CLONE_INTERVAL,T1,t1_add_blank_line,9,20,9,21
R00350,1,0,MUTATION,T1,t1_add_blank_line,,,15,15
R00350,2,1,CLONE_INTERVAL,T1,t1_reindent,31,38,32,39
R00350,3,1,MUTATION,T1,t1_reindent,31,38,32,39
R00350,4,-1,UNTOUCHED,T1,none,5,8,5,8
R00350,5,-1,UNTOUCHED,T1,none,21,30,22,31
R00350,6,-1,UNTOUCHED,T1,none,39,41,40,42
R00351,0,0,CLONE_INTERVAL,T1,t1_add_eol_comment,8,13,8,13
R00351,1,0,MUTATION,T1,t1_add_eol_comment,10,10,10,10
R00351,2,1,CLONE_INTERVAL,T1,t1_reindent,18,24,18,24
R00351,3,1,MUTATION,T1,t1_reindent,18,24,18,24
R00351,4,-1,UNTOUCHED,T1,none,3,7,3,7
R00351,5,-1,UNTOUCHED,T1,none,14,17,14,17
R00351,6,-1,UNTOUCHED,T1,none,25,28,25,28
R00352,0,0,CLONE_INTERVAL,T3,t3_insert_statement,134,139,134,140
R00352,1,0,MUTATION,T3,t3_insert_statement,,,136,136
R00352,2,1,CLONE_INTERVAL,T1,t1_add_block_comment,153,158,154,160
R00352,3,1,MUTATION,T1,t1_add_block_comment,,,156,156
R00352,4,-1,UNTOUCHED,T1,none,131,133,131,133
R00352,5,-1,UNTOUCHED,T1,none,140,148,141,149
R00352,6,-1,UNTOUCHED,T1,none,150,152,151,153
R00352,7,-1,UNTOUCHED,T1,none,159,167,161,169
R00353,0,0,CLONE_INTERVAL,T3,t3_delete_statement,8,14,8,11
R00353,1,0,MUTATION,T3,t3_delete_statement,12,14,,
R00353,2,1,CLONE_INTERVAL,T2,t2_change_int_literal,46,59,43,56
R00353,3,1,MUTATION,T2,t2_change_int_literal,48,48,45,45
R00353,4,-1,UNTOUCHED,T1,none,3,7,3,7
R00353,5,-1,UNTOUCHED,T1,none,15,19,12,16
R00353,6,-1,UNTOUCHED,T1,none,40,45,37,42
R00353,7,-1,UNTOUCHED,T1,none,60,62,57,59
R00354,0,0,CLONE_INTERVAL,T1,t1_add_eol_comment,46,54,46,54
R00354,1,0,MUTATION,T1,t1_add_eol_comment,47,47,47,47
R00354,2,1,CLONE_INTERVAL,T3,t3_delete_statement,63,68,63,67
R00354,3,1,MUTATION,T3,t3_delete_statement,63,63,,
R00354,4,-1,UNTOUCHED,T1,none,29,45,29,45
R00354,5,-1,UNTOUCHED,T1,none,55,62,55,62
R00354,6,-1,UNTOUCHED,T1,none,69,77,68,76
R00355,0,0,CLONE_INTERVAL,T1,t1_add_blank_line,13,19,13,20
R00355,1,0,MUTATION,T1,t1_add_blank_line,,,14,14
R00355,2,1,CLONE_INTERVAL,T2,t2_change_int_literal,90,95,91,96
R00355,3,1,MUTATION,T2,t2_change_int_literal,90,90,91,91
R00355,4,-1,UNTOUCHED,T1,none,9,12,9,12
R00355,5,-1,UNTOUCHED,T1,none,20,22,21,23
R00355,6,-1,UNTOUCHED,T1,none,85,89,86,90
R00355,7,-1,UNTOUCHED,T1,none,96,105,97,106
R00356,0,0,CLONE_INTERVAL,T2,t2_change_int_literal,26,31,26,31
R00356,1,0,MUTATION,T2,t2_change_int_literal,29,29,29,29
R00356,2,1,CLONE_INTERVAL,T3,t3_insert_statement,50,60,50,60
R00356,3,1,MUTATION,T3,t3_insert_statement,,,61,61
R00356,4,-1,UNTOUCHED,T1,none,19,25,19,25
R00356,5,-1,UNTOUCHED,T1,none,32,38,32,38
R00356,6,-1,UNTOUCHED,T1,none,44,49,44,49
R00356,7,-1,UNTOUCHED,T1,none,61,68,62,69
R00357,0,0,CLONE_INTERVAL,T3,t3_delete_statement,7,12,7,11
R00357,1,0,MUTATION,T3,t3_delete_statement,11,11,,
R00357,2,1,CLONE_INTERVAL,T3,t3_wrap_statement,16,22,15,23
R00357,3,1,MUTATION,T3,t3_wrap_statement,,,15,15
R00357,4,-1,UNTOUCHED,T1,none,4,6,4,6
R00357,5,-1,UNTOUCHED,T1,none,13,15,12,14
R00357,6,-1,UNTOUCHED,T1,none,23,25,24,26
R00358,0,0,CLONE_INTERVAL,T1,t1_add_block_comment,25,32,25,33
R00358,1,0,MUTATION,T1,t1_add_block_comment,,,29,29
R00358,2,1,CLONE_INTERVAL,T1,t1_add_block_comment,131,136,132,138
R00358,3,1,MUTATION,T1,t1_add_block_comment,,,135,135
R00358,4,-1,UNTOUCHED,T1,none,15,24,15,24
R00358,5,-1,UNTOUCHED,T1,none,33,52,34,53
R00358,6,-1,UNTOUCHED,T1,none,126,130,127,131
R00358,7,-1,UNTOUCHED,T1,none,137,146,139,148
R00359,0,0,CLONE_INTERVAL,T3,t3_wrap_statement,6,13,6,15
R00359,1,0,MUTATION,T3,t3_wrap_statement,,,11,11
R00359,2,1,CLONE_INTERVAL,T3,t3_insert_statement,31,36,33,38
R00359,3,1,MUTATION,T3,t3_insert_statement,,,39,39
R00359,4,-1,UNTOUCHED,T1,none,3,5,3,5
R00359,5,-1,UNTOUCHED,T1,none,14,30,16,32
R00359,6,-1,UNTOUCHED,T1,none,37,39,40,42
R00360,0,0,CLONE_INTERVAL,T3,t3_wrap_statement,75,80,74,81
R00360,1,0,MUTATION,T3,t3_wrap_statement,,,75,75
R00360,2,1,CLONE_INTERVAL,T1,t1_add_eol_comment,97,102,98,103
R00360,3,1,MUTATION,T1,t1_add_eol_comment,98,98,99,99
R00360,4,-1,UNTOUCHED,T1,none,70,74,69,73
R00360,5,-1,UNTOUCHED,T1,none,81,90,82,91
R00360,6,-1,UNTOUCHED,T1,none,92,96,93,97
R00360,7,-1,UNTOUCHED,T1,none,103,112,104,113
R00361,0,0,CLONE_INTERVAL,T2,t2_change_string_literal,8,15,8,15
R00361,1,0,MUTATION,T2,t2_change_string_literal,15,15,15,15
R00361,2,1,CLONE_INTERVAL,T3,t3_insert_statement,19,24,19,25
R00361,3,1,MUTATION,T3,t3_insert_statement,,,20,20
R00361,4,-1,UNTOUCHED,T1,none,5,7,5,7
R00361,5,-1,UNTOUCHED,T1,none,16,18,16,18
R00361,6,-1,UNTOUCHED,T1,none,25,38,26,39
R00361,7,-1,UNTOUCHED,T1,none,40,42,41,43
R00362,0,0,CLONE_INTERVAL,T2,t2_change_int_literal,9,16,9,16
R00362,1,0,MUTATION,T2,t2_change_int_literal,9,9,9,9
R00362,2,1,CLONE_INTERVAL,T2,t2_rename_local_x1,40,46,40,46
R00362,3,1,MUTATION,T2,t2_rename_local_x1,40,41,40,41
R00362,4,-1,UNTOUCHED,T1,none,5,8,5,8
R00362,5,-1,UNTOUCHED,T1,none,17,25,17,25
R00362,6,-1,UNTOUCHED,T1,none,31,39,31,39
R00362,7,-1,UNTOUCHED,T1,none,47,49,47,49
R00363,0,0,CLONE_INTERVAL,T1,t1_add_block_comment,77,84,77,85
R00363,1,0,MUTATION,T1,t1_add_block_comment,,,82,82
R00363,2,1,CLONE_INTERVAL,T3,t3_wrap_statement,242,247,243,250
R00363,3,1,MUTATION,T3,t3_wrap_statement,,,247,247
R00363,4,-1,UNTOUCHED,T1,none,71,76,71,76
R00363,5,-1,UNTOUCHED,T1,none,85,96,86,97
R00363,6,-1,UNTOUCHED,T1,none,238,241,239,242
R00363,7,-1,UNTOUCHED,T1,none,248,253,251,256
R00364,0,0,CLONE_INTERVAL,T1,t1_add_blank_line,7,12,7,13
R00364,1,0,MUTATION,T1,t1_add_blank_line,,,10,10
R00364,2,1,CLONE_INTERVAL,T2,t2_change_int_literal,16,25,17,26
R00364,3,1,MUTATION,T2,t2_change_int_literal,17,17,18,18
R00364,4,-1,UNTOUCHED,T1,none,3,6,3,6
R00364,5,-1,UNTOUCHED,T1,none,13,15,14,16
R00364,6,-1,UNTOUCHED,T1,none,26,38,27,39
R00365,0,0,CLONE_INTERVAL,T3,t3_insert_statement,11,16,11,17
R00365,1,0,MUTATION,T3,t3_insert_statement,,,12,12
R00365,2,1,CLONE_INTERVAL,T1,t1_add_block_comment,21,49,22,51
R00365,3,1,MUTATION,T1,t1_add_block_comment,,,42,42
R00365,4,-1,UNTOUCHED,T1,none,4,10,4,10
R00365,5,-1,UNTOUCHED,T1,none,17,20,18,21
R00365,6,-1,UNTOUCHED,T1,none,50,53,52,55
R00366,0,0,CLONE_INTERVAL,T2,t2_change_string_literal,12,17,12,17
R00366,1,0,MUTATION,T2,t2_change_string_literal,15,15,15,15
R00366,2,1,CLONE_INTERVAL,T2,t2_change_string_literal,23,29,23,29
R00366,3,1,MUTATION,T2,t2_change_string_literal,23,23,23,23
R00366,4,-1,UNTOUCHED,T1,none,3,11,3,11
R00366,5,-1,UNTOUCHED,T1,none,18,22,18,22
R00366,6,-1,UNTOUCHED,T1,none,30,32,30,32
R00367,0,0,CLONE_INTERVAL,T3,t3_insert_statement,6,19,6,20
R00367,1,0,MUTATION,T3,t3_insert_statement,,,7,7
R00367,2,1,CLONE_INTERVAL,T2,t2_rename_local_x2,28,51,29,52
R00367,3,1,MUTATION,T2,t2_rename_local_x2,39,39,40,40
R00367,4,1,MUTATION,T2,t2_rename_local_x2,41,41,42,42
R00367,5,1,MUTATION,T2,t2_rename_local_x2,43,43,44,44
R00367,6,1,MUTATION,T2,t2_rename_local_x2,46,46,47,47
R00367,7,1,MUTATION,T2,t2_rename_local_x2,50,50,51,51
R00367,8,-1,UNTOUCHED,T1,none,3,5,3,5
R00367,9,-1,UNTOUCHED,T1,none,20,27,21,28
R00367,10,-1,UNTOUCHED,T1,none,52,54,53,55
R00368,0,0,CLONE_INTERVAL,T1,t1_add_eol_comment,99,104,99,104
R00368,1,0,MUTATION,T1,t1_add_eol_comment,100,100,100,100
R00368,2,1,CLONE_INTERVAL,T2,t2_change_int_literal,145,152,145,152
R00368,3,1,MUTATION,T2,t2_change_int_literal,146,146,146,146
R00368,4,-1,UNTOUCHED,T1,none,96,98,96,98
R00368,5,-1,UNTOUCHED,T1,none,105,113,105,113
R00368,6,-1,UNTOUCHED,T1,none,134,144,134,144
R00368,7,-1,UNTOUCHED,T1,none,153,157,153,157
R00369,0,0,CLONE_INTERVAL,T3,t3_delete_statement,16,22,16,21
R00369,1,0,MUTATION,T3,t3_delete_statement,16,16,,
R00369,2,1,CLONE_INTERVAL,T1,t1_add_blank_line,175,181,174,181
R00369,3,1,MUTATION,T1,t1_add_blank_line,,,178,178
R00369,4,-1,UNTOUCHED,T1,none,13,15,13,15
R00369,5,-1,UNTOUCHED,T1,none,23,31,22,30
R00369,6,-1,UNTOUCHED,T1,none,161,174,160,173
R00369,7,-1,UNTOUCHED,T1,none,182,185,182,185
R00370,0,0,CLONE_INTERVAL,T2,t2_change_string_literal,10,15,10,15
R00370,1,0,MUTATION,T2,t2_change_string_literal,10,10,10,10
R00370,2,1,CLONE_INTERVAL,T1,t1_add_eol_comment,19,24,19,24
R00370,3,1,MUTATION,T1,t1_add_eol_comment,24,24,24,24
R00370,4,-1,UNTOUCHED,T1,none,7,9,7,9
R00370,5,-1,UNTOUCHED,T1,none,16,18,16,18
R00370,6,-1,UNTOUCHED,T1,none,25,42,25,42
R00371,0,0,CLONE_INTERVAL,T3,t3_delete_statement,7,12,7,11
R00371,1,0,MUTATION,T3,t3_delete_statement,7,7,,
R00371,2,1,CLONE_INTERVAL,T3,t3_insert_statement,22,27,21,26
R00371,3,1,MUTATION,T3,t3_insert_statement,,,27,27
R00371,4,-1,UNTOUCHED,T1,none,3,6,3,6
R00371,5,-1,UNTOUCHED,T1,none,13,21,12,20
R00371,6,-1,UNTOUCHED,T1,none,28,30,28,30
R00372,0,0,CLONE_INTERVAL,T1,t1_add_eol_comment,99,105,99,105
R00372,1,0,MUTATION,T1,t1_add_eol_comment,105,105,105,105
R00372,2,1,CLONE_INTERVAL,T2,t2_change_int_literal,109,120,109,120
R00372,3,1,MUTATION,T2,t2_change_int_literal,109,109,109,109
R00372,4,-1,UNTOUCHED,T1,none,92,98,92,98
R00372,5,-1,UNTOUCHED,T1,none,106,108,106,108
R00372,6,-1,UNTOUCHED,T1,none,121,128,121,128
R00373,0,0,CLONE_INTERVAL,T1,t1_add_eol_comment,28,33,28,33
R00373,1,0,MUTATION,T1,t1_add_eol_comment,31,31,31,31
R00373,2,1,CLONE_INTERVAL,T1,t1_add_block_comment,84,89,84,90
R00373,3,1,MUTATION,T1,t1_add_block_comment,,,85,85
R00373,4,-1,UNTOUCHED,T1,none,24,27,24,27
R00373,5,-1,UNTOUCHED,T1,none,34,43,34,43
R00373,6,-1,UNTOUCHED,T1,none,79,83,79,83
R00373,7,-1,UNTOUCHED,T1,none,90,99,91,100
R00374,0,0,CLONE_INTERVAL,T1,t1_reindent,6,11,6,11
R00374,1,0,MUTATION,T1,t1_reindent,6,11,6,11
R00374,2,1,CLONE_INTERVAL,T1,t1_add_eol_comment,15,20,15,20
R00374,3,1,MUTATION,T1,t1_add_eol_comment,17,17,17,17
R00374,4,-1,UNTOUCHED,T1,none,3,5,3,5
R00374,5,-1,UNTOUCHED,T1,none,12,14,12,14
R00374,6,-1,UNTOUCHED,T1,none,21,31,21,31
R00375,0,0,CLONE_INTERVAL,T1,t1_reindent,8,14,8,14
R00375,1,0,MUTATION,T1,t1_reindent,8,14,8,14
R00375,2,1,CLONE_INTERVAL,T1,t1_add_blank_line,18,23,18,24
R00375,3,1,MUTATION,T1,t1_add_blank_line,,,22,22
R00375,4,-1,UNTOUCHED,T1,none,3,7,3,7
R00375,5,-1,UNTOUCHED,T1,none,15,17,15,17
R00375,6,-1,UNTOUCHED,T1,none,24,26,25,27
R00376,0,0,CLONE_INTERVAL,T1,t1_reindent,6,11,6,11
R00376,1,0,MUTATION,T1,t1_reindent,6,11,6,11
R00376,2,1,CLONE_INTERVAL,T3,t3_wrap_statement,25,37,25,39
R00376,3,1,MUTATION,T3,t3_wrap_statement,,,26,26
R00376,4,-1,UNTOUCHED,T1,none,3,5,3,5
R00376,5,-1,UNTOUCHED,T1,none,12,24,12,24
R00376,6,-1,UNTOUCHED,T1,none,38,44,40,46
R00377,0,0,CLONE_INTERVAL,T1,t1_add_blank_line,7,13,7,14
R00377,1,0,MUTATION,T1,t1_add_blank_line,,,9,9
R00377,2,1,CLONE_INTERVAL,T2,t2_change_int_literal,30,40,31,41
R00377,3,1,MUTATION,T2,t2_change_int_literal,30,30,31,31
R00377,4,-1,UNTOUCHED,T1,none,3,6,3,6
R00377,5,-1,UNTOUCHED,T1,none,14,29,15,30
R00377,6,-1,UNTOUCHED,T1,none,41,43,42,44
R00378,0,0,CLONE_INTERVAL,T2,t2_change_int_literal,11,16,11,16
R00378,1,0,MUTATION,T2,t2_change_int_literal,14,14,14,14
R00378,2,1,CLONE_INTERVAL,T2,t2_change_int_literal,32,37,32,37
R00378,3,1,MUTATION,T2,t2_change_int_literal,32,32,32,32
R00378,4,-1,UNTOUCHED,T1,none,3,10,3,10
R00378,5,-1,UNTOUCHED,T1,none,17,31,17,31
R00378,6,-1,UNTOUCHED,T1,none,38,52,38,52
R00379,0,0,CLONE_INTERVAL,T2,t2_change_string_literal,13,25,13,25
R00379,1,0,MUTATION,T2,t2_change_string_literal,20,20,20,20
R00379,2,1,CLONE_INTERVAL,T1,t1_add_eol_comment,42,48,42,48
R00379,3,1,MUTATION,T1,t1_add_eol_comment,42,42,42,42
R00379,4,-1,UNTOUCHED,T1,none,5,12,5,12
R00379,5,-1,UNTOUCHED,T1,none,26,41,26,41
R00379,6,-1,UNTOUCHED,T1,none,49,58,49,58
R00380,0,0,CLONE_INTERVAL,T1,t1_add_block_comment,7,12,7,13
R00380,1,0,MUTATION,T1,t1_add_block_comment,,,8,8
R00380,2,1,CLONE_INTERVAL,T3,t3_insert_statement,31,37,32,39
R00380,3,1,MUTATION,T3,t3_insert_statement,,,33,33
R00380,4,-1,UNTOUCHED,T1,none,3,6,3,6
R00380,5,-1,UNTOUCHED,T1,none,13,30,14,31
R00380,6,-1,UNTOUCHED,T1,none,38,44,40,46
R00381,0,0,CLONE_INTERVAL,T3,t3_wrap_statement,27,32,27,34
R00381,1,0,MUTATION,T3,t3_wrap_statement,,,29,29
R00381,2,1,CLONE_INTERVAL,T3,t3_insert_statement,84,89,86,92
R00381,3,1,MUTATION,T3,t3_insert_statement,,,87,87
R00381,4,-1,UNTOUCHED,T1,none,24,26,24,26
R00381,5,-1,UNTOUCHED,T1,none,33,43,35,45
R00381,6,-1,UNTOUCHED,T1,none,79,83,81,85
R00381,7,-1,UNTOUCHED,T1,none,90,99,93,102
R00382,0,0,CLONE_INTERVAL,T3,t3_insert_statement,7,12,7,13
R00382,1,0,MUTATION,T3,t3_insert_statement,,,8,8
R00382,2,1,CLONE_INTERVAL,T1,t1_add_eol_comment,16,27,17,28
R00382,3,1,MUTATION,T1,t1_add_eol_comment,17,17,18,18
R00382,4,-1,UNTOUCHED,T1,none,4,6,4,6
R00382,5,-1,UNTOUCHED,T1,none,13,15,14,16
R00382,6,-1,UNTOUCHED,T1,none,28,36,29,37
R00383,0,0,CLONE_INTERVAL,T2,t2_change_string_literal,6,11,6,11
R00383,1,0,MUTATION,T2,t2_change_string_literal,6,6,6,6
R00383,2,1,CLONE_INTERVAL,T1,t1_add_eol_comment,16,26,16,26
R00383,3,1,MUTATION,T1,t1_add_eol_comment,24,24,24,24
R00383,4,-1,UNTOUCHED,T1,none,3,5,3,5
R00383,5,-1,UNTOUCHED,T1,none,12,15,12,15
R00383,6,-1,UNTOUCHED,T1,none,27,33,27,33
R00384,0,0,CLONE_INTERVAL,T1,t1_add_block_comment,11,16,11,17
R00384,1,0,MUTATION,T1,t1_add_block_comment,,,16,16
R00384,2,1,CLONE_INTERVAL,T1,t1_add_block_comment,21,27,22,29
R00384,3,1,MUTATION,T1,t1_add_block_comment,,,27,27
R00384,4,-1,UNTOUCHED,T1,none,3,10,3,10
R00384,5,-1,UNTOUCHED,T1,none,17,20,18,21
R00384,6,-1,UNTOUCHED,T1,none,28,31,30,33
R00385,0,0,CLONE_INTERVAL,T2,t2_change_string_literal,6,11,6,11
R00385,1,0,MUTATION,T2,t2_change_string_literal,6,6,6,6
R00385,2,1,CLONE_INTERVAL,T2,t2_rename_local_x1,22,34,22,34
R00385,3,1,MUTATION,T2,t2_rename_local_x1,22,24,22,24
R00385,4,1,MUTATION,T2,t2_rename_local_x1,29,29,29,29
R00385,5,-1,UNTOUCHED,T1,none,3,5,3,5
R00385,6,-1,UNTOUCHED,T1,none,12,21,12,21
R00385,7,-1,UNTOUCHED,T1,none,35,48,35,48
R00386,0,0,CLONE_INTERVAL,T3,t3_insert_statement,15,20,15,21
R00386,1,0,MUTATION,T3,t3_insert_statement,,,17,17
R00386,2,1,CLONE_INTERVAL,T2,t2_change_int_literal,89,94,90,95
R00386,3,1,MUTATION,T2,t2_change_int_literal,89,89,90,90
R00386,4,-1,UNTOUCHED,T1,none,11,14,11,14
R00386,5,-1,UNTOUCHED,T1,none,21,27,22,28
R00386,6,-1,UNTOUCHED,T1,none,86,88,87,89
R00386,7,-1,UNTOUCHED,T1,none,95,109,96,110
R00387,0,0,CLONE_INTERVAL,T3,t3_delete_statement,9,14,9,13
R00387,1,0,MUTATION,T3,t3_delete_statement,14,14,,
R00387,2,1,CLONE_INTERVAL,T2,t2_change_string_literal,19,24,18,23
R00387,3,1,MUTATION,T2,t2_change_string_literal,19,19,18,18
R00387,4,-1,UNTOUCHED,T1,none,3,8,3,8
R00387,5,-1,UNTOUCHED,T1,none,15,18,14,17
R00387,6,-1,UNTOUCHED,T1,none,25,35,24,34
R00388,0,0,CLONE_INTERVAL,T1,t1_add_eol_comment,13,18,13,18
R00388,1,0,MUTATION,T1,t1_add_eol_comment,14,14,14,14
R00388,2,1,CLONE_INTERVAL,T2,t2_change_string_literal,26,31,26,31
R00388,3,1,MUTATION,T2,t2_change_string_literal,27,27,27,27
R00388,4,-1,UNTOUCHED,T1,none,5,12,5,12
R00388,5,-1,UNTOUCHED,T1,none,19,25,19,25
R00388,6,-1,UNTOUCHED,T1,none,32,54,32,54
R00389,0,0,CLONE_INTERVAL,T1,t1_add_eol_comment,6,13,6,13
R00389,1,0,MUTATION,T1,t1_add_eol_comment,11,11,11,11
R00389,2,1,CLONE_INTERVAL,T1,t1_reindent,17,22,17,22
R00389,3,1,MUTATION,T1,t1_reindent,17,22,17,22
R00389,4,-1,UNTOUCHED,T1,none,3,5,3,5
R00389,5,-1,UNTOUCHED,T1,none,14,16,14,16
R00389,6,-1,UNTOUCHED,T1,none,23,25,23,25
R00390,0,0,CLONE_INTERVAL,T1,t1_add_block_comment,10,20,10,21
R00390,1,0,MUTATION,T1,t1_add_block_comment,,,17,17
R00390,2,1,CLONE_INTERVAL,T3,t3_delete_statement,62,67,63,67
R00390,3,1,MUTATION,T3,t3_delete_statement,67,67,,
R00390,4,-1,UNTOUCHED,T1,none,6,9,6,9
R00390,5,-1,UNTOUCHED,T1,none,21,39,22,40
R00390,6,-1,UNTOUCHED,T1,none,56,61,57,62
R00390,7,-1,UNTOUCHED,T1,none,68,74,68,74
R00391,0,0,CLONE_INTERVAL,T1,t1_reindent,44,49,44,49
R00391,1,0,MUTATION,T1,t1_reindent,44,49,44,49
R00391,2,1,CLONE_INTERVAL,T1,t1_add_eol_comment,67,72,67,72
R00391,3,1,MUTATION,T1,t1_add_eol_comment,71,71,71,71
R00391,4,-1,UNTOUCHED,T1,none,41,43,41,43
R00391,5,-1,UNTOUCHED,T1,none,50,52,50,52
R00391,6,-1,UNTOUCHED,T1,none,63,66,63,66
R00391,7,-1,UNTOUCHED,T1,none,73,78,73,78
R00392,0,0,CLONE_INTERVAL,T3,t3_wrap_statement,6,11,6,13
R00392,1,0,MUTATION,T3,t3_wrap_statement,,,6,6
R00392,2,1,CLONE_INTERVAL,T2,t2_change_int_literal,15,20,17,22
R00392,3,1,MUTATION,T2,t2_change_int_literal,15,15,17,17
R00392,4,-1,UNTOUCHED,T1,none,3,5,3,5
R00392,5,-1,UNTOUCHED,T1,none,12,14,14,16
R00392,6,-1,UNTOUCHED,T1,none,21,23,23,25
R00393,0,0,CLONE_INTERVAL,T3,t3_insert_statement,6,11,6,12
R00393,1,0,MUTATION,T3,t3_insert_statement,,,11,11
R00393,2,1,CLONE_INTERVAL,T1,t1_add_blank_line,20,27,21,29
R00393,3,1,MUTATION,T1,t1_add_blank_line,,,24,24
R00393,4,-1,UNTOUCHED,T1,none,3,5,3,5
R00393,5,-1,UNTOUCHED,T1,none,12,19,13,20
R00393,6,-1,UNTOUCHED,T1,none,28,37,30,39
R00394,0,0,CLONE_INTERVAL,T2,t2_change_string_literal,16,26,16,26
R00394,1,0,MUTATION,T2,t2_change_string_literal,17,17,17,17
R00394,2,1,CLONE_INTERVAL,T2,t2_change_int_literal,90,95,90,95
R00394,3,1,MUTATION,T2,t2_change_int_literal,90,90,90,90
R00394,4,-1,UNTOUCHED,T1,none,11,15,11,15
R00394,5,-1,UNTOUCHED,T1,none,27,29,27,29
R00394,6,-1,UNTOUCHED,T1,none,87,89,87,89
R00394,7,-1,UNTOUCHED,T1,none,96,110,96,110
R00395,0,0,CLONE_INTERVAL,T1,t1_add_blank_line,53,63,53,64
R00395,1,0,MUTATION,T1,t1_add_blank_line,,,54,54
R00395,2,1,CLONE_INTERVAL,T1,t1_add_blank_line,129,137,130,139
R00395,3,1,MUTATION,T1,t1_add_blank_line,,,138,138
R00395,4,-1,UNTOUCHED,T1,none,48,52,48,52
R00395,5,-1,UNTOUCHED,T1,none,64,66,65,67
R00395,6,-1,UNTOUCHED,T1,none,104,128,105,129
R00395,7,-1,UNTOUCHED,T1,none,138,140,140,142
R00396,0,0,CLONE_INTERVAL,T3,t3_insert_statement,6,12,6,12
R00396,1,0,MUTATION,T3,t3_insert_statement,,,13,13
R00396,2,1,CLONE_INTERVAL,T1,t1_reindent,20,26,21,27
R00396,3,1,MUTATION,T1,t1_reindent,20,26,21,27
R00396,4,-1,UNTOUCHED,T1,none,3,5,3,5
R00396,5,-1,UNTOUCHED,T1,none,13,19,14,20
R00396,6,-1,UNTOUCHED,T1,none,27,37,28,38
R00397,0,0,CLONE_INTERVAL,T2,t2_change_int_literal,19,24,19,24
R00397,1,0,MUTATION,T2,t2_change_int_literal,19,19,19,19
R00397,2,1,CLONE_INTERVAL,T1,t1_add_blank_line,134,142,134,143
R00397,3,1,MUTATION,T1,t1_add_blank_line,,,138,138
R00397,4,-1,UNTOUCHED,T1,none,16,18,16,18
R00397,5,-1,UNTOUCHED,T1,none,25,32,25,32
R00397,6,-1,UNTOUCHED,T1,none,130,133,130,133
R00397,7,-1,UNTOUCHED,T1,none,143,152,144,153
R00398,0,0,CLONE_INTERVAL,T2,t2_rename_local_x1,12,17,12,17
R00398,1,0,MUTATION,T2,t2_rename_local_x1,12,12,12,12
R00398,2,0,MUTATION,T2,t2_rename_local_x1,17,17,17,17
R00398,3,1,CLONE_INTERVAL,T3,t3_delete_statement,30,35,30,34
R00398,4,1,MUTATION,T3,t3_delete_statement,32,32,,
R00398,5,-1,UNTOUCHED,T1,none,9,11,9,11
R00398,6,-1,UNTOUCHED,T1,none,18,29,18,29
R00398,7,-1,UNTOUCHED,T1,none,36,41,35,40
R00399,0,0,CLONE_INTERVAL,T3,t3_delete_statement,7,17,7,14
R00399,1,0,MUTATION,T3,t3_delete_statement,8,10,,
R00399,2,1,CLONE_INTERVAL,T3,t3_insert_statement,23,31,20,28
R00399,3,1,MUTATION,T3,t3_insert_statement,,,29,29
R00399,4,-1,UNTOUCHED,T1,none,4,6,4,6
R00399,5,-1,UNTOUCHED,T1,none,18,22,15,19
R00399,6,-1,UNTOUCHED,T1,none,32,37,30,35
R00400,0,0,CLONE_INTERVAL,T1,t1_add_blank_line,7,16,7,17
R00400,1,0,MUTATION,T1,t1_add_blank_line,,,12,12
R00400,2,1,CLONE_INTERVAL,T3,t3_delete_statement,22,27,23,27
R00400,3,1,MUTATION,T3,t3_delete_statement,27,27,,
R00400,4,-1,UNTOUCHED,T1,none,3,6,3,6
R00400,5,-1,UNTOUCHED,T1,none,17,21,18,22
R00400,6,-1,UNTOUCHED,T1,none,28,31,28,31
R00401,0,0,CLONE_INTERVAL,T3,t3_insert_statement,10,15,10,15
R00401,1,0,MUTATION,T3,t3_insert_statement,,,16,16
R00401,2,1,CLONE_INTERVAL,T3,t3_insert_statement,31,40,32,42
R00401,3,1,MUTATION,T3,t3_insert_statement,,,37,37
R00401,4,-1,UNTOUCHED,T1,none,3,9,3,9
R00401,5,-1,UNTOUCHED,T1,none,16,30,17,31
R00401,6,-1,UNTOUCHED,T1,none,41,51,43,53
R00402,0,0,CLONE_INTERVAL,T1,t1_add_blank_line,12,17,12,18
R00402,1,0,MUTATION,T1,t1_add_blank_line,,,17,17
R00402,2,1,CLONE_INTERVAL,T2,t2_change_string_literal,22,27,23,28
R00402,3,1,MUTATION,T2,t2_change_string_literal,23,23,24,24
R00402,4,-1,UNTOUCHED,T1,none,4,11,4,11
R00402,5,-1,UNTOUCHED,T1,none,18,21,19,22
R00402,6,-1,UNTOUCHED,T1,none,28,33,29,34
R00403,0,0,CLONE_INTERVAL,T2,t2_rename_local_x2,14,20,14,20
R00403,1,0,MUTATION,T2,t2_rename_local_x2,14,14,14,14
R00403,2,0,MUTATION,T2,t2_rename_local_x2,16,17,16,17
R00403,3,1,CLONE_INTERVAL,T2,t2_rename_local_x3,88,93,88,93
R00403,4,1,MUTATION,T2,t2_rename_local_x3,88,92,88,92
R00403,5,-1,UNTOUCHED,T1,none,10,13,10,13
R00403,6,-1,UNTOUCHED,T1,none,21,23,21,23
R00403,7,-1,UNTOUCHED,T1,none,85,87,85,87
R00403,8,-1,UNTOUCHED,T1,none,94,105,94,105
R00404,0,0,CLONE_INTERVAL,T1,t1_add_blank_line,11,16,11,17
R00404,1,0,MUTATION,T1,t1_add_blank_line,,,12,12
R00404,2,1,CLONE_INTERVAL,T2,t2_change_string_literal,39,46,40,47
R00404,3,1,MUTATION,T2,t2_change_string_literal,41,41,42,42
R00404,4,-1,UNTOUCHED,T1,none,6,10,6,10
R00404,5,-1,UNTOUCHED,T1,none,17,38,18,39
R00404,6,-1,UNTOUCHED,T1,none,47,54,48,55
R00405,0,0,CLONE_INTERVAL,T2,t2_rename_local_x1,147,168,147,168
R00405,1,0,MUTATION,T2,t2_rename_local_x1,161,163,161,163
R00405,2,0,MUTATION,T2,t2_rename_local_x1,165,165,165,165
R00405,3,1,CLONE_INTERVAL,T3,t3_insert_statement,243,249,243,249
R00405,4,1,MUTATION,T3,t3_insert_statement,,,250,250
R00405,5,-1,UNTOUCHED,T1,none,143,146,143,146
R00405,6,-1,UNTOUCHED,T1,none,169,171,169,171
R00405,7,-1,UNTOUCHED,T1,none,236,242,236,242
R00405,8,-1,UNTOUCHED,T1,none,250,261,251,262
R00406,0,0,CLONE_INTERVAL,T1,t1_add_block_comment,102,113,102,114
R00406,1,0,MUTATION,T1,t1_add_block_comment,,,105,105
R00406,2,1,CLONE_INTERVAL,T1,t1_add_blank_line,194,204,195,206
R00406,3,1,MUTATION,T1,t1_add_blank_line,,,199,199
R00406,4,-1,UNTOUCHED,T1,none,92,101,92,101
R00406,5,-1,UNTOUCHED,T1,none,114,130,115,131
R00406,6,-1,UNTOUCHED,T1,none,186,193,187,194
R00406,7,-1,UNTOUCHED,T1,none,205,207,207,209
R00407,0,0,CLONE_INTERVAL,T2,t2_rename_local_x2,7,14,7,14
R00407,1,0,MUTATION,T2,t2_rename_local_x2,7,10,7,10
R00407,2,0,MUTATION,T2,t2_rename_local_x2,12,12,12,12
R00407,3,1,CLONE_INTERVAL,T1,t1_add_blank_line,19,30,19,31
R00407,4,1,MUTATION,T1,t1_add_blank_line,,,22,22
R00407,5,-1,UNTOUCHED,T1,none,3,6,3,6
R00407,6,-1,UNTOUCHED,T1,none,15,18,15,18
R00407,7,-1,UNTOUCHED,T1,none,31,51,32,52
R00408,0,0,CLONE_INTERVAL,T1,t1_reindent,100,107,100,107
R00408,1,0,MUTATION,T1,t1_reindent,100,101,100,101
R00408,2,0,MUTATION,T1,t1_reindent,103,107,103,107
R00408,3,1,CLONE_INTERVAL,T2,t2_change_int_literal,127,132,127,132
R00408,4,1,MUTATION,T2,t2_change_int_literal,132,132,132,132
R00408,5,-1,UNTOUCHED,T1,none,95,99,95,99
R00408,6,-1,UNTOUCHED,T1,none,108,117,108,117
R00408,7,-1,UNTOUCHED,T1,none,119,126,119,126
R00408,8,-1,UNTOUCHED,T1,none,133,141,133,141
R00409,0,0,CLONE_INTERVAL,T3,t3_insert_statement,11,19,11,19
R00409,1,0,MUTATION,T3,t3_insert_statement,,,20,20
R00409,2,1,CLONE_INTERVAL,T3,t3_delete_statement,24,31,25,31
R00409,3,1,MUTATION,T3,t3_delete_statement,24,24,,
R00409,4,-1,UNTOUCHED,T1,none,5,10,5,10
R00409,5,-1,UNTOUCHED,T1,none,20,23,21,24
R00409,6,-1,UNTOUCHED,T1,none,32,53,32,53
R00410,0,0,CLONE_INTERVAL,T2,t2_change_string_literal,6,11,6,11
R00410,1,0,MUTATION,T2,t2_change_string_literal,8,8,8,8
R00410,2,1,CLONE_INTERVAL,T1,t1_reindent,19,31,19,31
R00410,3,1,MUTATION,T1,t1_reindent,19,31,19,31
R00410,4,-1,UNTOUCHED,T1,none,3,5,3,5
R00410,5,-1,UNTOUCHED,T1,none,12,18,12,18
R00410,6,-1,UNTOUCHED,T1,none,32,34,32,34
R00411,0,0,CLONE_INTERVAL,T2,t2_change_int_literal,10,15,10,15
R00411,1,0,MUTATION,T2,t2_change_int_literal,11,11,11,11
R00411,2,1,CLONE_INTERVAL,T1,t1_add_block_comment,20,25,20,26
R00411,3,1,MUTATION,T1,t1_add_block_comment,,,25,25
R00411,4,-1,UNTOUCHED,T1,none,3,9,3,9
R00411,5,-1,UNTOUCHED,T1,none,16,19,16,19
R00411,6,-1,UNTOUCHED,T1,none,26,32,27,33
R00412,0,0,CLONE_INTERVAL,T2,t2_change_int_literal,6,12,6,12
R00412,1,0,MUTATION,T2,t2_change_int_literal,6,6,6,6
R00412,2,1,CLONE_INTERVAL,T1,t1_add_blank_line,18,29,18,30
R00412,3,1,MUTATION,T1,t1_add_blank_line,,,23,23
R00412,4,-1,UNTOUCHED,T1,none,3,5,3,5
R00412,5,-1,UNTOUCHED,T1,none,13,17,13,17
R00412,6,-1,UNTOUCHED,T1,none,30,35,31,36
R00413,0,0,CLONE_INTERVAL,T2,t2_change_string_literal,9,24,9,24
R00413,1,0,MUTATION,T2,t2_change_string_literal,15,15,15,15
R00413,2,1,CLONE_INTERVAL,T3,t3_insert_statement,30,39,30,40
R00413,3,1,MUTATION,T3,t3_insert_statement,,,35,35
R00413,4,-1,UNTOUCHED,T1,none,3,8,3,8
R00413,5,-1,UNTOUCHED,T1,none,25,29,25,29
R00413,6,-1,UNTOUCHED,T1,none,40,45,41,46
R00414,0,0,CLONE_INTERVAL,T1,t1_reindent,13,18,13,18
R00414,1,0,MUTATION,T1,t1_reindent,13,18,13,18
R00414,2,1,CLONE_INTERVAL,T2,t2_rename_local_x1,51,57,51,57
R00414,3,1,MUTATION,T2,t2_rename_local_x1,52,54,52,54
R00414,4,-1,UNTOUCHED,T1,none,10,12,10,12
R00414,5,-1,UNTOUCHED,T1,none,19,21,19,21
R00414,6,-1,UNTOUCHED,T1,none,37,50,37,50
R00414,7,-1,UNTOUCHED,T1,none,58,61,58,61
R00415,0,0,CLONE_INTERVAL,T2,t2_change_int_literal,7,15,7,15
R00415,1,0,MUTATION,T2,t2_change_int_literal,11,11,11,11
R00415,2,1,CLONE_INTERVAL,T2,t2_change_int_literal,23,31,23,31
R00415,3,1,MUTATION,T2,t2_change_int_literal,25,25,25,25
R00415,4,-1,UNTOUCHED,T1,none,3,6,3,6
R00415,5,-1,UNTOUCHED,T1,none,16,22,16,22
R00415,6,-1,UNTOUCHED,T1,none,32,37,32,37
R00416,0,0,CLONE_INTERVAL,T3,t3_delete_statement,10,15,10,14
R00416,1,0,MUTATION,T3,t3_delete_statement,10,10,,
R00416,2,1,CLONE_INTERVAL,T2,t2_change_string_literal,26,34,25,33
R00416,3,1,MUTATION,T2,t2_change_string_literal,28,28,27,27
R00416,4,-1,UNTOUCHED,T1,none,4,9,4,9
R00416,5,-1,UNTOUCHED,T1,none,16,25,15,24
R00416,6,-1,UNTOUCHED,T1,none,35,37,34,36
R00417,0,0,CLONE_INTERVAL,T3,t3_wrap_statement,6,13,6,15
R00417,1,0,MUTATION,T3,t3_wrap_statement,,,6,6
R00417,2,1,CLONE_INTERVAL,T3,t3_wrap_statement,17,22,19,26
R00417,3,1,MUTATION,T3,t3_wrap_statement,,,19,19
R00417,4,-1,UNTOUCHED,T1,none,3,5,3,5
R00417,5,-1,UNTOUCHED,T1,none,14,16,16,18
R00417,6,-1,UNTOUCHED,T1,none,23,26,27,30
R00418,0,0,CLONE_INTERVAL,T1,t1_add_eol_comment,7,12,7,12
R00418,1,0,MUTATION,T1,t1_add_eol_comment,11,11,11,11
R00418,2,1,CLONE_INTERVAL,T3,t3_insert_statement,21,26,21,27
R00418,3,1,MUTATION,T3,t3_insert_statement,,,22,22
R00418,4,-1,UNTOUCHED,T1,none,4,6,4,6
R00418,5,-1,UNTOUCHED,T1,none,13,15,13,15
R00418,6,-1,UNTOUCHED,T1,none,18,20,18,20
R00418,7,-1,UNTOUCHED,T1,none,27,35,28,36
R00419,0,0,CLONE_INTERVAL,T1,t1_add_block_comment,8,13,8,14
R00419,1,0,MUTATION,T1,t1_add_block_comment,,,12,12
R00419,2,1,CLONE_INTERVAL,T3,t3_insert_statement,17,36,18,37
R00419,3,1,MUTATION,T3,t3_insert_statement,,,38,38
R00419,4,-1,UNTOUCHED,T1,none,3,7,3,7
R00419,5,-1,UNTOUCHED,T1,none,14,16,15,17
R00419,6,-1,UNTOUCHED,T1,none,37,62,39,64
R00420,0,0,CLONE_INTERVAL,T1,t1_add_blank_line,7,12,7,13
R00420,1,0,MUTATION,T1,t1_add_blank_line,,,9,9
R00420,2,1,CLONE_INTERVAL,T3,t3_insert_statement,21,28,22,29
R00420,3,1,MUTATION,T3,t3_insert_statement,,,30,30
R00420,4,-1,UNTOUCHED,T1,none,3,6,3,6
R00420,5,-1,UNTOUCHED,T1,none,13,15,14,16
R00420,6,-1,UNTOUCHED,T1,none,17,20,18,21
R00420,7,-1,UNTOUCHED,T1,none,29,31,31,33
R00421,0,0,CLONE_INTERVAL,T1,t1_add_eol_comment,55,60,55,60
R00421,1,0,MUTATION,T1,t1_add_eol_comment,57,57,57,57
R00421,2,1,CLONE_INTERVAL,T1,t1_add_block_comment,77,82,77,83
R00421,3,1,MUTATION,T1,t1_add_block_comment,,,80,80
R00421,4,-1,UNTOUCHED,T1,none,50,54,50,54
R00421,5,-1,UNTOUCHED,T1,none,61,70,61,70
R00421,6,-1,UNTOUCHED,T1,none,72,76,72,76
R00421,7,-1,UNTOUCHED,T1,none,83,92,84,93
R00422,0,0,CLONE_INTERVAL,T1,t1_add_block_comment,7,13,7,14
R00422,1,0,MUTATION,T1,t1_add_block_comment,,,10,10
R00422,2,1,CLONE_INTERVAL,T3,t3_delete_statement,19,24,20,24
R00422,3,1,MUTATION,T3,t3_delete_statement,24,24,,
R00422,4,-1,UNTOUCHED,T1,none,3,6,3,6
R00422,5,-1,UNTOUCHED,T1,none,14,18,15,19
R00422,6,-1,UNTOUCHED,T1,none,25,29,25,29
R00423,0,0,CLONE_INTERVAL,T2,t2_rename_local_x2,65,71,65,71
R00423,1,0,MUTATION,T2,t2_rename_local_x2,67,68,67,68
R00423,2,0,MUTATION,T2,t2_rename_local_x2,70,71,70,71
R00423,3,1,CLONE_INTERVAL,T1,t1_reindent,80,87,80,87
R00423,4,1,MUTATION,T1,t1_reindent,80,85,80,85
R00423,5,1,MUTATION,T1,t1_reindent,87,87,87,87
R00423,6,-1,UNTOUCHED,T1,none,60,64,60,64
R00423,7,-1,UNTOUCHED,T1,none,72,74,72,74
R00423,8,-1,UNTOUCHED,T1,none,76,79,76,79
R00423,9,-1,UNTOUCHED,T1,none,88,95,88,95
R00424,0,0,CLONE_INTERVAL,T3,t3_insert_statement,44,57,44,58
R00424,1,0,MUTATION,T3,t3_insert_statement,,,45,45
R00424,2,1,CLONE_INTERVAL,T1,t1_add_block_comment,114,119,115,121
R00424,3,1,MUTATION,T1,t1_add_block_comment,,,119,119
R00424,4,-1,UNTOUCHED,T1,none,38,43,38,43
R00424,5,-1,UNTOUCHED,T1,none,58,63,59,64
R00424,6,-1,UNTOUCHED,T1,none,100,113,101,114
R00424,7,-1,UNTOUCHED,T1,none,120,136,122,138
R00425,0,0,CLONE_INTERVAL,T3,t3_wrap_statement,9,26,9,28
R00425,1,0,MUTATION,T3,t3_wrap_statement,,,14,14
R00425,2,1,CLONE_INTERVAL,T2,t2_change_string_literal,32,41,34,43
R00425,3,1,MUTATION,T2,t2_change_string_literal,34,34,36,36
R00425,4,-1,UNTOUCHED,T1,none,5,8,5,8
R00425,5,-1,UNTOUCHED,T1,none,27,31,29,33
R00425,6,-1,UNTOUCHED,T1,none,42,47,44,49
R00426,0,0,CLONE_INTERVAL,T3,t3_wrap_statement,78,84,78,86
R00426,1,0,MUTATION,T3,t3_wrap_statement,,,78,78
R00426,2,1,CLONE_INTERVAL,T3,t3_delete_statement,278,284,280,285
R00426,3,1,MUTATION,T3,t3_delete_statement,280,280,,
R00426,4,-1,UNTOUCHED,T1,none,71,77,71,77
R00426,5,-1,UNTOUCHED,T1,none,85,96,87,98
R00426,6,-1,UNTOUCHED,T1,none,275,277,277,279
R00426,7,-1,UNTOUCHED,T1,none,285,300,286,301
R00427,0,0,CLONE_INTERVAL,T2,t2_change_int_literal,10,15,10,15
R00427,1,0,MUTATION,T2,t2_change_int_literal,10,10,10,10
R00427,2,1,CLONE_INTERVAL,T1,t1_reindent,27,35,27,35
R00427,3,1,MUTATION,T1,t1_reindent,27,35,27,35
R00427,4,-1,UNTOUCHED,T1,none,5,9,5,9
R00427,5,-1,UNTOUCHED,T1,none,16,22,16,22
R00427,6,-1,UNTOUCHED,T1,none,24,26,24,26
R00427,7,-1,UNTOUCHED,T1,none,36,38,36,38
R00428,0,0,CLONE_INTERVAL,T1,t1_add_eol_comment,133,138,133,138
R00428,1,0,MUTATION,T1,t1_add_eol_comment,133,133,133,133
R00428,2,1,CLONE_INTERVAL,T2,t2_change_int_literal,152,157,152,157
R00428,3,1,MUTATION,T2,t2_change_int_literal,153,153,153,153
R00428,4,-1,UNTOUCHED,T1,none,130,132,130,132
R00428,5,-1,UNTOUCHED,T1,none,139,147,139,147
R00428,6,-1,UNTOUCHED,T1,none,149,151,149,151
R00428,7,-1,UNTOUCHED,T1,none,158,166,158,166
R00429,0,0,CLONE_INTERVAL,T1,t1_reindent,11,16,11,16
R00429,1,0,MUTATION,T1,t1_reindent,11,14,11,14
R00429,2,0,MUTATION,T1,t1_reindent,16,16,16,16
R00429,3,1,CLONE_INTERVAL,T1,t1_reindent,25,31,25,31
R00429,4,1,MUTATION,T1,t1_reindent,25,26,25,26
R00429,5,1,MUTATION,T1,t1_reindent,28,29,28,29
R00429,6,1,MUTATION,T1,t1_reindent,31,31,31,31
R00429,7,-1,UNTOUCHED,T1,none,8,10,8,10
R00429,8,-1,UNTOUCHED,T1,none,17,19,17,19
R00429,9,-1,UNTOUCHED,T1,none,21,24,21,24
R00429,10,-1,UNTOUCHED,T1,none,32,38,32,38
R00430,0,0,CLONE_INTERVAL,T3,t3_wrap_statement,19,24,19,26
R00430,1,0,MUTATION,T3,t3_wrap_statement,,,20,20
R00430,2,1,CLONE_INTERVAL,T3,t3_delete_statement,34,39,36,40
R00430,3,1,MUTATION,T3,t3_delete_statement,38,38,,
R00430,4,-1,UNTOUCHED,T1,none,7,18,7,18
R00430,5,-1,UNTOUCHED,T1,none,25,33,27,35
R00430,6,-1,UNTOUCHED,T1,none,40,45,41,46
R00431,0,0,CLONE_INTERVAL,T1,t1_add_blank_line,11,18,11,19
R00431,1,0,MUTATION,T1,t1_add_blank_line,,,13,13
R00431,2,1,CLONE_INTERVAL,T1,t1_add_block_comment,24,32,25,34
R00431,3,1,MUTATION,T1,t1_add_block_comment,,,31,31
R00431,4,-1,UNTOUCHED,T1,none,3,10,3,10
R00431,5,-1,UNTOUCHED,T1,none,19,23,20,24
R00431,6,-1,UNTOUCHED,T1,none,33,42,35,44
R00432,0,0,CLONE_INTERVAL,T1,t1_add_block_comment,14,26,14,27
R00432,1,0,MUTATION,T1,t1_add_block_comment,,,16,16
R00432,2,1,CLONE_INTERVAL,T1,t1_add_blank_line,83,88,84,90
R00432,3,1,MUTATION,T1,t1_add_blank_line,,,86,86
R00432,4,-1,UNTOUCHED,T1,none,10,13,10,13
R00432,5,-1,UNTOUCHED,T1,none,27,29,28,30
R00432,6,-1,UNTOUCHED,T1,none,78,82,79,83
R00432,7,-1,UNTOUCHED,T1,none,89,95,91,97
R00433,0,0,CLONE_INTERVAL,T1,t1_add_blank_line,6,11,6,12
R00433,1,0,MUTATION,T1,t1_add_blank_line,,,8,8
R00433,2,1,CLONE_INTERVAL,T3,t3_insert_statement,15,20,16,21
R00433,3,1,MUTATION,T3,t3_insert_statement,,,22,22
R00433,4,-1,UNTOUCHED,T1,none,3,5,3,5
R00433,5,-1,UNTOUCHED,T1,none,12,14,13,15
R00433,6,-1,UNTOUCHED,T1,none,21,26,23,28
R00434,0,0,CLONE_INTERVAL,T1,t1_reindent,55,62,55,62
R00434,1,0,MUTATION,T1,t1_reindent,55,62,55,62
R00434,2,1,CLONE_INTERVAL,T3,t3_delete_statement,90,95,90,94
R00434,3,1,MUTATION,T3,t3_delete_statement,90,90,,
R00434,4,-1,UNTOUCHED,T1,none,49,54,49,54
R00434,5,-1,UNTOUCHED,T1,none,63,65,63,65
R00434,6,-1,UNTOUCHED,T1,none,85,89,85,89
R00434,7,-1,UNTOUCHED,T1,none,96,103,95,102
R00435,0,0,CLONE_INTERVAL,T3,t3_wrap_statement,10,16,10,18
R00435,1,0,MUTATION,T3,t3_wrap_statement,,,12,12
R00435,2,1,CLONE_INTERVAL,T1,t1_add_blank_line,21,26,23,29
R00435,3,1,MUTATION,T1,t1_add_blank_line,,,26,26
R00435,4,-1,UNTOUCHED,T1,none,3,9,3,9
R00435,5,-1,UNTOUCHED,T1,none,17,20,19,22
R00435,6,-1,UNTOUCHED,T1,none,27,32,30,35
R00436,0,0,CLONE_INTERVAL,T2,t2_change_int_literal,16,34,16,34
R00436,1,0,MUTATION,T2,t2_change_int_literal,19,19,19,19
R00436,2,1,CLONE_INTERVAL,T2,t2_change_string_literal,52,60,52,60
R00436,3,1,MUTATION,T2,t2_change_string_literal,52,52,52,52
R00436,4,-1,UNTOUCHED,T1,none,3,15,3,15
R00436,5,-1,UNTOUCHED,T1,none,35,51,35,51
R00436,6,-1,UNTOUCHED,T1,none,61,70,61,70
R00437,0,0,CLONE_INTERVAL,T2,t2_change_string_literal,12,17,12,17
R00437,1,0,MUTATION,T2,t2_change_string_literal,17,17,17,17
R00437,2,1,CLONE_INTERVAL,T3,t3_delete_statement,23,28,23,26
R00437,3,1,MUTATION,T3,t3_delete_statement,24,25,,
R00437,4,-1,UNTOUCHED,T1,none,7,11,7,11
R00437,5,-1,UNTOUCHED,T1,none,18,22,18,22
R00437,6,-1,UNTOUCHED,T1,none,29,39,27,37
R00438,0,0,CLONE_INTERVAL,T2,t2_rename_local_x1,27,32,27,32
R00438,1,0,MUTATION,T2,t2_rename_local_x1,27,27,27,27
R00438,2,0,MUTATION,T2,t2_rename_local_x1,29,29,29,29
R00438,3,1,CLONE_INTERVAL,T3,t3_insert_statement,110,117,110,118
R00438,4,1,MUTATION,T3,t3_insert_statement,,,111,111
R00438,5,-1,UNTOUCHED,T1,none,23,26,23,26
R00438,6,-1,UNTOUCHED,T1,none,33,35,33,35
R00438,7,-1,UNTOUCHED,T1,none,105,109,105,109
R00438,8,-1,UNTOUCHED,T1,none,118,120,119,121
R00439,0,0,CLONE_INTERVAL,T2,t2_rename_local_x1,7,12,7,12
R00439,1,0,MUTATION,T2,t2_rename_local_x1,8,8,8,8
R00439,2,0,MUTATION,T2,t2_rename_local_x1,10,11,10,11
R00439,3,1,CLONE_INTERVAL,T2,t2_change_string_literal,20,25,20,25
R00439,4,1,MUTATION,T2,t2_change_string_literal,20,20,20,20
R00439,5,-1,UNTOUCHED,T1,none,3,6,3,6
R00439,6,-1,UNTOUCHED,T1,none,13,19,13,19
R00439,7,-1,UNTOUCHED,T1,none,26,59,26,59
R00440,0,0,CLONE_INTERVAL,T1,t1_add_block_comment,6,11,6,12
R00440,1,0,MUTATION,T1,t1_add_block_comment,,,9,9
R00440,2,1,CLONE_INTERVAL,T2,t2_change_string_literal,20,27,21,28
R00440,3,1,MUTATION,T2,t2_change_string_literal,23,23,24,24
R00440,4,-1,UNTOUCHED,T1,none,3,5,3,5
R00440,5,-1,UNTOUCHED,T1,none,12,19,13,20
R00440,6,-1,UNTOUCHED,T1,none,28,37,29,38
R00441,0,0,CLONE_INTERVAL,T3,t3_delete_statement,11,16,11,15
R00441,1,0,MUTATION,T3,t3_delete_statement,16,16,,
R00441,2,1,CLONE_INTERVAL,T2,t2_rename_local_x3,22,27,21,26
R00441,3,1,MUTATION,T2,t2_rename_local_x3,22,26,21,25
R00441,4,-1,UNTOUCHED,T1,none,8,10,8,10
R00441,5,-1,UNTOUCHED,T1,none,17,21,16,20
R00441,6,-1,UNTOUCHED,T1,none,28,37,27,36
R00442,0,0,CLONE_INTERVAL,T3,t3_delete_statement,6,11,6,10
R00442,1,0,MUTATION,T3,t3_delete_statement,8,8,,
R00442,2,1,CLONE_INTERVAL,T3,t3_delete_statement,32,40,31,38
R00442,3,1,MUTATION,T3,t3_delete_statement,32,32,,
R00442,4,-1,UNTOUCHED,T1,none,3,5,3,5
R00442,5,-1,UNTOUCHED,T1,none,12,25,11,24
R00442,6,-1,UNTOUCHED,T1,none,27,31,26,30
R00442,7,-1,UNTOUCHED,T1,none,41,46,39,44
R00443,0,0,CLONE_INTERVAL,T1,t1_add_eol_comment,118,123,118,123
R00443,1,0,MUTATION,T1,t1_add_eol_comment,118,118,118,118
R00443,2,1,CLONE_INTERVAL,T3,t3_insert_statement,137,142,137,143
R00443,3,1,MUTATION,T3,t3_insert_statement,,,139,139
R00443,4,-1,UNTOUCHED,T1,none,115,117,115,117
R00443,5,-1,UNTOUCHED,T1,none,124,132,124,132
R00443,6,-1,UNTOUCHED,T1,none,134,136,134,136
R00443,7,-1,UNTOUCHED,T1,none,143,151,144,152
R00444,0,0,CLONE_INTERVAL,T1,t1_reindent,6,12,6,12
R00444,1,0,MUTATION,T1,t1_reindent,6,12,6,12
R00444,2,1,CLONE_INTERVAL,T2,t2_change_string_literal,16,23,16,23
R00444,3,1,MUTATION,T2,t2_change_string_literal,18,18,18,18
R00444,4,-1,UNTOUCHED,T1,none,3,5,3,5
R00444,5,-1,UNTOUCHED,T1,none,13,15,13,15
R00444,6,-1,UNTOUCHED,T1,none,24,32,24,32
R00445,0,0,CLONE_INTERVAL,T1,t1_add_eol_comment,84,89,84,89
R00445,1,0,MUTATION,T1,t1_add_eol_comment,84,84,84,84
R00445,2,1,CLONE_INTERVAL,T1,t1_add_blank_line,151,161,151,162
R00445,3,1,MUTATION,T1,t1_add_blank_line,,,161,161
R00445,4,-1,UNTOUCHED,T1,none,80,83,80,83
R00445,5,-1,UNTOUCHED,T1,none,90,92,90,92
R00445,6,-1,UNTOUCHED,T1,none,139,150,139,150
R00445,7,-1,UNTOUCHED,T1,none,162,165,163,166
R00446,0,0,CLONE_INTERVAL,T2,t2_change_int_literal,9,15,9,15
R00446,1,0,MUTATION,T2,t2_change_int_literal,11,11,11,11
R00446,2,1,CLONE_INTERVAL,T2,t2_rename_local_x1,21,27,21,27
R00446,3,1,MUTATION,T2,t2_rename_local_x1,23,24,23,24
R00446,4,-1,UNTOUCHED,T1,none,3,8,3,8
R00446,5,-1,UNTOUCHED,T1,none,16,20,16,20
R00446,6,-1,UNTOUCHED,T1,none,28,37,28,37
R00447,0,0,CLONE_INTERVAL,T2,t2_rename_local_x2,13,39,13,39
R00447,1,0,MUTATION,T2,t2_rename_local_x2,15,18,15,18
R00447,2,0,MUTATION,T2,t2_rename_local_x2,20,20,20,20
R00447,3,0,MUTATION,T2,t2_rename_local_x2,22,22,22,22
R00447,4,0,MUTATION,T2,t2_rename_local_x2,24,24,24,24
R00447,5,0,MUTATION,T2,t2_rename_local_x2,26,26,26,26
R00447,6,0,MUTATION,T2,t2_rename_local_x2,28,28,28,28
R00447,7,0,MUTATION,T2,t2_rename_local_x2,30,30,30,30
R00447,8,0,MUTATION,T2,t2_rename_local_x2,32,32,32,32
R00447,9,0,MUTATION,T2,t2_rename_local_x2,34,34,34,34
R00447,10,0,MUTATION,T2,t2_rename_local_x2,36,36,36,36
R00447,11,1,CLONE_INTERVAL,T3,t3_insert_statement,49,54,49,54
R00447,12,1,MUTATION,T3,t3_insert_statement,,,55,55
R00447,13,-1,UNTOUCHED,T1,none,4,12,4,12
R00447,14,-1,UNTOUCHED,T1,none,40,48,40,48
R00447,15,-1,UNTOUCHED,T1,none,55,57,56,58
R00448,0,0,CLONE_INTERVAL,T2,t2_change_int_literal,10,15,10,15
R00448,1,0,MUTATION,T2,t2_change_int_literal,10,10,10,10
R00448,2,1,CLONE_INTERVAL,T1,t1_add_blank_line,63,68,63,69
R00448,3,1,MUTATION,T1,t1_add_blank_line,,,67,67
R00448,4,-1,UNTOUCHED,T1,none,5,9,5,9
R00448,5,-1,UNTOUCHED,T1,none,16,23,16,23
R00448,6,-1,UNTOUCHED,T1,none,58,62,58,62
R00448,7,-1,UNTOUCHED,T1,none,69,78,70,79
R00449,0,0,CLONE_INTERVAL,T1,t1_add_block_comment,10,22,10,23
R00449,1,0,MUTATION,T1,t1_add_block_comment,,,17,17
R00449,2,1,CLONE_INTERVAL,T2,t2_change_string_literal,32,38,33,39
R00449,3,1,MUTATION,T2,t2_change_string_literal,35,35,36,36
R00449,4,-1,UNTOUCHED,T1,none,4,9,4,9
R00449,5,-1,UNTOUCHED,T1,none,23,31,24,32
R00449,6,-1,UNTOUCHED,T1,none,39,47,40,48
R00450,0,0,CLONE_INTERVAL,T3,t3_insert_statement,8,13,8,14
R00450,1,0,MUTATION,T3,t3_insert_statement,,,13,13
R00450,2,1,CLONE_INTERVAL,T2,t2_rename_local_x1,34,51,35,52
R00450,3,1,MUTATION,T2,t2_rename_local_x1,36,36,37,37
R00450,4,1,MUTATION,T2,t2_rename_local_x1,45,45,46,46
R00450,5,1,MUTATION,T2,t2_rename_local_x1,47,47,48,48
R00450,6,-1,UNTOUCHED,T1,none,3,7,3,7
R00450,7,-1,UNTOUCHED,T1,none,14,27,15,28
R00450,8,-1,UNTOUCHED,T1,none,29,33,30,34
R00450,9,-1,UNTOUCHED,T1,none,52,56,53,57
R00451,0,0,CLONE_INTERVAL,T3,t3_wrap_statement,7,12,7,14
R00451,1,0,MUTATION,T3,t3_wrap_statement,,,10,10
R00451,2,1,CLONE_INTERVAL,T2,t2_rename_local_x1,21,27,23,29
R00451,3,1,MUTATION,T2,t2_rename_local_x1,24,26,26,28
R00451,4,-1,UNTOUCHED,T1,none,3,6,3,6
R00451,5,-1,UNTOUCHED,T1,none,13,15,15,17
R00451,6,-1,UNTOUCHED,T1,none,17,20,19,22
R00451,7,-1,UNTOUCHED,T1,none,28,31,30,33
R00452,0,0,CLONE_INTERVAL,T2,t2_change_string_literal,30,47,30,47
R00452,1,0,MUTATION,T2,t2_change_string_literal,32,32,32,32
R00452,2,1,CLONE_INTERVAL,T1,t1_add_eol_comment,72,83,72,83
R00452,3,1,MUTATION,T1,t1_add_eol_comment,78,78,78,78
R00452,4,-1,UNTOUCHED,T1,none,26,29,26,29
R00452,5,-1,UNTOUCHED,T1,none,48,50,48,50
R00452,6,-1,UNTOUCHED,T1,none,68,71,68,71
R00452,7,-1,UNTOUCHED,T1,none,84,89,84,89
R00453,0,0,CLONE_INTERVAL,T3,t3_insert_statement,230,236,230,237
R00453,1,0,MUTATION,T3,t3_insert_statement,,,234,234
R00453,2,1,CLONE_INTERVAL,T3,t3_delete_statement,251,259,252,259
R00453,3,1,MUTATION,T3,t3_delete_statement,251,251,,
R00453,4,-1,UNTOUCHED,T1,none,222,229,222,229
R00453,5,-1,UNTOUCHED,T1,none,237,243,238,244
R00453,6,-1,UNTOUCHED,T1,none,248,250,249,251
R00453,7,-1,UNTOUCHED,T1,none,260,266,260,266
R00454,0,0,CLONE_INTERVAL,T2,t2_rename_local_x3,37,42,37,42
R00454,1,0,MUTATION,T2,t2_rename_local_x3,37,40,37,40
R00454,2,1,CLONE_INTERVAL,T1,t1_add_eol_comment,61,71,61,71
R00454,3,1,MUTATION,T1,t1_add_eol_comment,63,63,63,63
R00454,4,-1,UNTOUCHED,T1,none,33,36,33,36
R00454,5,-1,UNTOUCHED,T1,none,43,54,43,54
R00454,6,-1,UNTOUCHED,T1,none,56,60,56,60
R00454,7,-1,UNTOUCHED,T1,none,72,80,72,80
R00455,0,0,CLONE_INTERVAL,T1,t1_add_eol_comment,129,134,129,134
R00455,1,0,MUTATION,T1,t1_add_eol_comment,134,134,134,134
R00455,2,1,CLONE_INTERVAL,T1,t1_reindent,148,153,148,153
R00455,3,1,MUTATION,T1,t1_reindent,148,153,148,153
R00455,4,-1,UNTOUCHED,T1,none,126,128,126,128
R00455,5,-1,UNTOUCHED,T1,none,135,143,135,143
R00455,6,-1,UNTOUCHED,T1,none,145,147,145,147
R00455,7,-1,UNTOUCHED,T1,none,154,162,154,162
R00456,0,0,CLONE_INTERVAL,T1,t1_add_eol_comment,15,20,15,20
R00456,1,0,MUTATION,T1,t1_add_eol_comment,17,17,17,17
R00456,2,1,CLONE_INTERVAL,T2,t2_change_int_literal,27,33,27,33
R00456,3,1,MUTATION,T2,t2_change_int_literal,27,27,27,27
R00456,4,-1,UNTOUCHED,T1,none,3,14,3,14
R00456,5,-1,UNTOUCHED,T1,none,21,26,21,26
R00456,6,-1,UNTOUCHED,T1,none,34,47,34,47
R00457,0,0,CLONE_INTERVAL,T2,t2_change_string_literal,6,16,6,16
R00457,1,0,MUTATION,T2,t2_change_string_literal,13,13,13,13
R00457,2,1,CLONE_INTERVAL,T2,t2_change_string_literal,20,25,20,25
R00457,3,1,MUTATION,T2,t2_change_string_literal,22,22,22,22
R00457,4,-1,UNTOUCHED,T1,none,3,5,3,5
R00457,5,-1,UNTOUCHED,T1,none,17,19,17,19
R00457,6,-1,UNTOUCHED,T1,none,26,30,26,30
R00458,0,0,CLONE_INTERVAL,T1,t1_add_eol_comment,21,27,21,27
R00458,1,0,MUTATION,T1,t1_add_eol_comment,21,21,21,21
R00458,2,1,CLONE_INTERVAL,T3,t3_delete_statement,33,63,33,62
R00458,3,1,MUTATION,T3,t3_delete_statement,33,33,,
R00458,4,-1,UNTOUCHED,T1,none,11,20,11,20
R00458,5,-1,UNTOUCHED,T1,none,28,32,28,32
R00458,6,-1,UNTOUCHED,T1,none,64,73,63,72
R00459,0,0,CLONE_INTERVAL,T3,t3_wrap_statement,19,26,19,28
R00459,1,0,MUTATION,T3,t3_wrap_statement,,,20,20
R00459,2,1,CLONE_INTERVAL,T2,t2_change_int_literal,30,36,32,38
R00459,3,1,MUTATION,T2,t2_change_int_literal,34,34,36,36
R00459,4,-1,UNTOUCHED,T1,none,3,18,3,18
R00459,5,-1,UNTOUCHED,T1,none,27,29,29,31
R00459,6,-1,UNTOUCHED,T1,none,37,40,39,42
R00460,0,0,CLONE_INTERVAL,T2,t2_change_string_literal,9,16,9,16
R00460,1,0,MUTATION,T2,t2_change_string_literal,10,10,10,10
R00460,2,1,CLONE_INTERVAL,T1,t1_add_eol_comment,20,31,20,31
R00460,3,1,MUTATION,T1,t1_add_eol_comment,23,23,23,23
R00460,4,-1,UNTOUCHED,T1,none,5,8,5,8
R00460,5,-1,UNTOUCHED,T1,none,17,19,17,19
R00460,6,-1,UNTOUCHED,T1,none,32,36,32,36
R00461,0,0,CLONE_INTERVAL,T1,t1_add_block_comment,7,13,7,14
R00461,1,0,MUTATION,T1,t1_add_block_comment,,,10,10
R00461,2,1,CLONE_INTERVAL,T1,t1_add_block_comment,19,26,20,28
R00461,3,1,MUTATION,T1,t1_add_block_comment,,,24,24
R00461,4,-1,UNTOUCHED,T1,none,3,6,3,6
R00461,5,-1,UNTOUCHED,T1,none,14,18,15,19
R00461,6,-1,UNTOUCHED,T1,none,27,30,29,32
R00462,0,0,CLONE_INTERVAL,T2,t2_change_string_literal,15,22,15,22
R00462,1,0,MUTATION,T2,t2_change_string_literal,20,20,20,20
R00462,2,1,CLONE_INTERVAL,T1,t1_reindent,86,91,86,91
R00462,3,1,MUTATION,T1,t1_reindent,86,91,86,91
R00462,4,-1,UNTOUCHED,T1,none,9,14,9,14
R00462,5,-1,UNTOUCHED,T1,none,23,25,23,25
R00462,6,-1,UNTOUCHED,T1,none,83,85,83,85
R00462,7,-1,UNTOUCHED,T1,none,92,106,92,106
R00463,0,0,CLONE_INTERVAL,T2,t2_change_string_literal,8,13,8,13
R00463,1,0,MUTATION,T2,t2_change_string_literal,12,12,12,12
R00463,2,1,CLONE_INTERVAL,T1,t1_add_eol_comment,29,34,29,34
R00463,3,1,MUTATION,T1,t1_add_eol_comment,33,33,33,33
R00463,4,-1,UNTOUCHED,T1,none,3,7,3,7
R00463,5,-1,UNTOUCHED,T1,none,14,28,14,28
R00463,6,-1,UNTOUCHED,T1,none,35,38,35,38
R00464,0,0,CLONE_INTERVAL,T1,t1_add_block_comment,16,21,16,22
R00464,1,0,MUTATION,T1,t1_add_block_comment,,,18,18
R00464,2,1,CLONE_INTERVAL,T2,t2_change_int_literal,131,137,132,138
R00464,3,1,MUTATION,T2,t2_change_int_literal,136,136,137,137
R00464,4,-1,UNTOUCHED,T1,none,12,15,12,15
R00464,5,-1,UNTOUCHED,T1,none,22,33,23,34
R00464,6,-1,UNTOUCHED,T1,none,125,130,126,131
R00464,7,-1,UNTOUCHED,T1,none,138,142,139,143
R00465,0,0,CLONE_INTERVAL,T1,t1_add_block_comment,36,43,36,44
R00465,1,0,MUTATION,T1,t1_add_block_comment,,,43,43
R00465,2,1,CLONE_INTERVAL,T2,t2_rename_local_x5,51,64,52,65
R00465,3,1,MUTATION,T2,t2_rename_local_x5,53,55,54,56
R00465,4,1,MUTATION,T2,t2_rename_local_x5,57,60,58,61
R00465,5,1,MUTATION,T2,t2_rename_local_x5,62,62,63,63
R00465,6,-1,UNTOUCHED,T1,none,32,35,32,35
R00465,7,-1,UNTOUCHED,T1,none,44,46,45,47
R00465,8,-1,UNTOUCHED,T1,none,48,50,49,51
R00465,9,-1,UNTOUCHED,T1,none,65,67,66,68
R00466,0,0,CLONE_INTERVAL,T3,t3_delete_statement,8,13,8,12
R00466,1,0,MUTATION,T3,t3_delete_statement,13,13,,
R00466,2,1,CLONE_INTERVAL,T1,t1_reindent,17,24,16,23
R00466,3,1,MUTATION,T1,t1_reindent,17,24,16,23
R00466,4,-1,UNTOUCHED,T1,none,5,7,5,7
R00466,5,-1,UNTOUCHED,T1,none,14,16,13,15
R00466,6,-1,UNTOUCHED,T1,none,25,49,24,48
R00467,0,0,CLONE_INTERVAL,T2,t2_rename_local_x1,12,17,12,17
R00467,1,0,MUTATION,T2,t2_rename_local_x1,12,13,12,13
R00467,2,0,MUTATION,T2,t2_rename_local_x1,17,17,17,17
R00467,3,1,CLONE_INTERVAL,T3,t3_wrap_statement,24,44,23,46
R00467,4,1,MUTATION,T3,t3_wrap_statement,,,23,23
R00467,5,-1,UNTOUCHED,T1,none,8,11,8,11
R00467,6,-1,UNTOUCHED,T1,none,18,22,18,22
R00467,7,-1,UNTOUCHED,T1,none,45,53,47,55
R00468,0,0,CLONE_INTERVAL,T1,t1_add_blank_line,11,17,11,18
R00468,1,0,MUTATION,T1,t1_add_blank_line,,,16,16
R00468,2,1,CLONE_INTERVAL,T2,t2_change_int_literal,22,29,23,30
R00468,3,1,MUTATION,T2,t2_change_int_literal,22,22,23,23
R00468,4,-1,UNTOUCHED,T1,none,4,10,4,10
R00468,5,-1,UNTOUCHED,T1,none,18,21,19,22
R00468,6,-1,UNTOUCHED,T1,none,30,34,31,35
R00469,0,0,CLONE_INTERVAL,T1,t1_add_eol_comment,8,13,8,13
R00469,1,0,MUTATION,T1,t1_add_eol_comment,13,13,13,13
R00469,2,1,CLONE_INTERVAL,T1,t1_add_block_comment,21,27,21,28
R00469,3,1,MUTATION,T1,t1_add_block_comment,,,25,25
R00469,4,-1,UNTOUCHED,T1,none,3,7,3,7
R00469,5,-1,UNTOUCHED,T1,none,14,20,14,20
R00469,6,-1,UNTOUCHED,T1,none,28,46,29,47
R00470,0,0,CLONE_INTERVAL,T2,t2_rename_local_x2,9,14,9,14
R00470,1,0,MUTATION,T2,t2_rename_local_x2,10,12,10,12
R00470,2,1,CLONE_INTERVAL,T3,t3_delete_statement,22,31,22,30
R00470,3,1,MUTATION,T3,t3_delete_statement,22,22,,
R00470,4,-1,UNTOUCHED,T1,none,3,8,3,8
R00470,5,-1,UNTOUCHED,T1,none,15,21,15,21
R00470,6,-1,UNTOUCHED,T1,none,32,42,31,41
R00471,0,0,CLONE_INTERVAL,T3,t3_wrap_statement,55,60,55,62
R00471,1,0,MUTATION,T3,t3_wrap_statement,,,56,56
R00471,2,1,CLONE_INTERVAL,T1,t1_add_eol_comment,74,79,76,81
R00471,3,1,MUTATION,T1,t1_add_eol_comment,76,76,78,78
R00471,4,-1,UNTOUCHED,T1,none,50,54,50,54
R00471,5,-1,UNTOUCHED,T1,none,61,67,63,69
R00471,6,-1,UNTOUCHED,T1,none,69,73,71,75
R00471,7,-1,UNTOUCHED,T1,none,80,86,82,88
R00472,0,0,CLONE_INTERVAL,T1,t1_add_block_comment,85,90,85,91
R00472,1,0,MUTATION,T1,t1_add_block_comment,,,90,90
R00472,2,1,CLONE_INTERVAL,T2,t2_rename_local_x3,94,99,95,100
R00472,3,1,MUTATION,T2,t2_rename_local_x3,94,98,95,99
R00472,4,-1,UNTOUCHED,T1,none,79,84,79,84
R00472,5,-1,UNTOUCHED,T1,none,91,93,92,94
R00472,6,-1,UNTOUCHED,T1,none,100,102,101,103
R00473,0,0,CLONE_INTERVAL,T1,t1_reindent,6,11,6,11
R00473,1,0,MUTATION,T1,t1_reindent,6,11,6,11
R00473,2,1,CLONE_INTERVAL,T3,t3_delete_statement,19,26,19,25
R00473,3,1,MUTATION,T3,t3_delete_statement,19,19,,
R00473,4,-1,UNTOUCHED,T1,none,3,5,3,5
R00473,5,-1,UNTOUCHED,T1,none,12,18,12,18
R00473,6,-1,UNTOUCHED,T1,none,27,29,26,28
R00474,0,0,CLONE_INTERVAL,T3,t3_delete_statement,7,13,7,12
R00474,1,0,MUTATION,T3,t3_delete_statement,7,7,,
R00474,2,1,CLONE_INTERVAL,T3,t3_wrap_statement,19,25,18,27
R00474,3,1,MUTATION,T3,t3_wrap_statement,,,23,23
R00474,4,-1,UNTOUCHED,T1,none,3,6,3,6
R00474,5,-1,UNTOUCHED,T1,none,14,18,13,17
R00474,6,-1,UNTOUCHED,T1,none,27,49,28,50
R00475,0,0,CLONE_INTERVAL,T1,t1_reindent,11,16,11,16
R00475,1,0,MUTATION,T1,t1_reindent,11,16,11,16
R00475,2,1,CLONE_INTERVAL,T1,t1_reindent,89,96,89,96
R00475,3,1,MUTATION,T1,t1_reindent,89,96,89,96
R00475,4,-1,UNTOUCHED,T1,none,6,10,6,10
R00475,5,-1,UNTOUCHED,T1,none,17,19,17,19
R00475,6,-1,UNTOUCHED,T1,none,83,88,83,88
R00475,7,-1,UNTOUCHED,T1,none,97,108,97,108
R00476,0,0,CLONE_INTERVAL,T3,t3_delete_statement,14,19,14,18
R00476,1,0,MUTATION,T3,t3_delete_statement,19,19,,
R00476,2,1,CLONE_INTERVAL,T1,t1_add_blank_line,38,48,37,48
R00476,3,1,MUTATION,T1,t1_add_blank_line,,,41,41
R00476,4,-1,UNTOUCHED,T1,none,4,13,4,13
R00476,5,-1,UNTOUCHED,T1,none,20,37,19,36
R00476,6,-1,UNTOUCHED,T1,none,49,54,49,54
R00477,0,0,CLONE_INTERVAL,T2,t2_rename_local_x1,9,19,8,18
R00477,1,0,MUTATION,T2,t2_rename_local_x1,12,13,11,12
R00477,2,0,MUTATION,T2,t2_rename_local_x1,15,15,14,14
R00477,3,1,CLONE_INTERVAL,T1,t1_add_blank_line,23,30,22,30
R00477,4,1,MUTATION,T1,t1_add_blank_line,,,28,28
R00477,5,-1,UNTOUCHED,T1,none,4,8,3,7
R00477,6,-1,UNTOUCHED,T1,none,20,22,19,21
R00477,7,-1,UNTOUCHED,T1,none,31,36,31,36
R00478,0,0,CLONE_INTERVAL,T1,t1_reindent,7,20,7,20
R00478,1,0,MUTATION,T1,t1_reindent,7,20,7,20
R00478,2,1,CLONE_INTERVAL,T1,t1_add_block_comment,30,35,30,36
R00478,3,1,MUTATION,T1,t1_add_block_comment,,,34,34
R00478,4,-1,UNTOUCHED,T1,none,3,6,3,6
R00478,5,-1,UNTOUCHED,T1,none,21,29,21,29
R00478,6,-1,UNTOUCHED,T1,none,36,39,37,40
R00479,0,0,CLONE_INTERVAL,T3,t3_wrap_statement,6,13,6,15
R00479,1,0,MUTATION,T3,t3_wrap_statement,,,11,11
R00479,2,1,CLONE_INTERVAL,T3,t3_delete_statement,21,26,23,27
R00479,3,1,MUTATION,T3,t3_delete_statement,21,21,,
R00479,4,-1,UNTOUCHED,T1,none,3,5,3,5
R00479,5,-1,UNTOUCHED,T1,none,14,16,16,18
R00479,6,-1,UNTOUCHED,T1,none,18,20,20,22
R00479,7,-1,UNTOUCHED,T1,none,27,35,28,36
R00480,0,0,CLONE_INTERVAL,T3,t3_insert_statement,9,14,9,14
R00480,1,0,MUTATION,T3,t3_insert_statement,,,15,15
R00480,2,1,CLONE_INTERVAL,T3,t3_delete_statement,27,32,28,32
R00480,3,1,MUTATION,T3,t3_delete_statement,32,32,,
R00480,4,-1,UNTOUCHED,T1,none,5,8,5,8
R00480,5,-1,UNTOUCHED,T1,none,15,20,16,21
R00480,6,-1,UNTOUCHED,T1,none,22,26,23,27
R00480,7,-1,UNTOUCHED,T1,none,33,35,33,35
R00481,0,0,CLONE_INTERVAL,T2,t2_rename_local_x2,37,43,37,43
R00481,1,0,MUTATION,T2,t2_rename_local_x2,37,37,37,37
R00481,2,0,MUTATION,T2,t2_rename_local_x2,39,39,39,39
R00481,3,0,MUTATION,T2,t2_rename_local_x2,42,42,42,42
R00481,4,1,CLONE_INTERVAL,T1,t1_add_blank_line,130,135,130,136
R00481,5,1,MUTATION,T1,t1_add_blank_line,,,132,132
R00481,6,-1,UNTOUCHED,T1,none,34,36,34,36
R00481,7,-1,UNTOUCHED,T1,none,44,57,44,57
R00481,8,-1,UNTOUCHED,T1,none,125,129,125,129
R00481,9,-1,UNTOUCHED,T1,none,136,145,137,146
R00482,0,0,CLONE_INTERVAL,T1,t1_add_block_comment,22,28,10,17
R00482,1,0,MUTATION,T1,t1_add_block_comment,,,11,11
R00482,2,1,CLONE_INTERVAL,T1,t1_add_eol_comment,39,44,28,33
R00482,3,1,MUTATION,T1,t1_add_eol_comment,42,42,31,31
R00482,4,-1,UNTOUCHED,T1,none,17,21,5,9
R00482,5,-1,UNTOUCHED,T1,none,29,34,18,23
R00482,6,-1,UNTOUCHED,T1,none,36,38,25,27
R00482,7,-1,UNTOUCHED,T1,none,45,52,34,41
R00483,0,0,CLONE_INTERVAL,T3,t3_insert_statement,8,14,8,14
R00483,1,0,MUTATION,T3,t3_insert_statement,,,15,15
R00483,2,1,CLONE_INTERVAL,T2,t2_change_string_literal,18,23,19,24
R00483,3,1,MUTATION,T2,t2_change_string_literal,20,20,21,21
R00483,4,-1,UNTOUCHED,T1,none,3,7,3,7
R00483,5,-1,UNTOUCHED,T1,none,15,17,16,18
R00483,6,-1,UNTOUCHED,T1,none,24,26,25,27
R00484,0,0,CLONE_INTERVAL,T2,t2_change_int_literal,6,11,6,11
R00484,1,0,MUTATION,T2,t2_change_int_literal,8,8,8,8
R00484,2,1,CLONE_INTERVAL,T2,t2_change_string_literal,15,30,15,30
R00484,3,1,MUTATION,T2,t2_change_string_literal,17,17,17,17
R00484,4,-1,UNTOUCHED,T1,none,3,5,3,5
R00484,5,-1,UNTOUCHED,T1,none,12,14,12,14
R00484,6,-1,UNTOUCHED,T1,none,31,35,31,35
R00485,0,0,CLONE_INTERVAL,T1,t1_add_blank_line,14,19,14,20
R00485,1,0,MUTATION,T1,t1_add_blank_line,,,18,18
R00485,2,1,CLONE_INTERVAL,T3,t3_insert_statement,25,32,26,34
R00485,3,1,MUTATION,T3,t3_insert_statement,,,29,29
R00485,4,-1,UNTOUCHED,T1,none,5,13,5,13
R00485,5,-1,UNTOUCHED,T1,none,20,24,21,25
R00485,6,-1,UNTOUCHED,T1,none,33,37,35,39
R00486,0,0,CLONE_INTERVAL,T2,t2_change_int_literal,6,13,6,13
R00486,1,0,MUTATION,T2,t2_change_int_literal,8,8,8,8
R00486,2,1,CLONE_INTERVAL,T1,t1_reindent,18,24,18,24
R00486,3,1,MUTATION,T1,t1_reindent,18,22,18,22
R00486,4,1,MUTATION,T1,t1_reindent,24,24,24,24
R00486,5,-1,UNTOUCHED,T1,none,3,5,3,5
R00486,6,-1,UNTOUCHED,T1,none,14,17,14,17
R00486,7,-1,UNTOUCHED,T1,none,25,27,25,27
R00487,0,0,CLONE_INTERVAL,T1,t1_reindent,14,49,14,49
R00487,1,0,MUTATION,T1,t1_reindent,14,49,14,49
R00487,2,1,CLONE_INTERVAL,T1,t1_reindent,61,68,61,68
R00487,3,1,MUTATION,T1,t1_reindent,61,68,61,68
R00487,4,-1,UNTOUCHED,T1,none,3,13,3,13
R00487,5,-1,UNTOUCHED,T1,none,50,60,50,60
R00487,6,-1,UNTOUCHED,T1,none,69,94,69,94
R00488,0,0,CLONE_INTERVAL,T2,t2_change_int_literal,9,14,9,14
R00488,1,0,MUTATION,T2,t2_change_int_literal,9,9,9,9
R00488,2,1,CLONE_INTERVAL,T1,t1_add_blank_line,20,25,20,26
R00488,3,1,MUTATION,T1,t1_add_blank_line,,,22,22
R00488,4,-1,UNTOUCHED,T1,none,4,8,4,8
R00488,5,-1,UNTOUCHED,T1,none,15,19,15,19
R00488,6,-1,UNTOUCHED,T1,none,26,33,27,34
R00489,0,0,CLONE_INTERVAL,T1,t1_add_blank_line,6,14,6,15
R00489,1,0,MUTATION,T1,t1_add_blank_line,,,8,8
R00489,2,1,CLONE_INTERVAL,T3,t3_wrap_statement,21,27,22,30
R00489,3,1,MUTATION,T3,t3_wrap_statement,,,22,22
R00489,4,-1,UNTOUCHED,T1,none,3,5,3,5
R00489,5,-1,UNTOUCHED,T1,none,15,20,16,21
R00489,6,-1,UNTOUCHED,T1,none,28,34,31,37
R00490,0,0,CLONE_INTERVAL,T3,t3_insert_statement,7,13,7,14
R00490,1,0,MUTATION,T3,t3_insert_statement,,,11,11
R00490,2,1,CLONE_INTERVAL,T3,t3_wrap_statement,37,45,38,48
R00490,3,1,MUTATION,T3,t3_wrap_statement,,,39,39
R00490,4,-1,UNTOUCHED,T1,none,3,6,3,6
R00490,5,-1,UNTOUCHED,T1,none,14,36,15,37
R00490,6,-1,UNTOUCHED,T1,none,46,51,49,54
R00491,0,0,CLONE_INTERVAL,T1,t1_add_blank_line,7,12,7,13
R00491,1,0,MUTATION,T1,t1_add_blank_line,,,10,10
R00491,2,1,CLONE_INTERVAL,T3,t3_wrap_statement,16,23,17,26
R00491,3,1,MUTATION,T3,t3_wrap_statement,,,20,20
R00491,4,-1,UNTOUCHED,T1,none,3,6,3,6
R00491,5,-1,UNTOUCHED,T1,none,13,15,14,16
R00491,6,-1,UNTOUCHED,T1,none,24,41,27,44
R00492,0,0,CLONE_INTERVAL,T1,t1_add_block_comment,6,19,6,20
R00492,1,0,MUTATION,T1,t1_add_block_comment,,,12,12
R00492,2,1,CLONE_INTERVAL,T3,t3_wrap_statement,24,29,25,32
R00492,3,1,MUTATION,T3,t3_wrap_statement,,,26,26
R00492,4,-1,UNTOUCHED,T1,none,3,5,3,5
R00492,5,-1,UNTOUCHED,T1,none,20,23,21,24
R00492,6,-1,UNTOUCHED,T1,none,30,32,33,35
R00493,0,0,CLONE_INTERVAL,T3,t3_wrap_statement,7,13,7,11
R00493,1,0,MUTATION,T3,t3_wrap_statement,,,10,10
R00493,2,1,CLONE_INTERVAL,T1,t1_reindent,23,31,16,24
R00493,3,1,MUTATION,T1,t1_reindent,23,23,16,16
R00493,4,1,MUTATION,T1,t1_reindent,,,25,33
R00493,5,-1,UNTOUCHED,T1,none,3,6,3,6
R00493,6,-1,UNTOUCHED,T1,none,19,22,12,15
R00493,7,-1,UNTOUCHED,T1,none,32,35,34,37
R00494,0,0,CLONE_INTERVAL,T3,t3_wrap_statement,6,14,6,16
R00494,1,0,MUTATION,T3,t3_wrap_statement,,,10,10
R00494,2,1,CLONE_INTERVAL,T2,t2_change_string_literal,24,38,26,40
R00494,3,1,MUTATION,T2,t2_change_string_literal,25,25,27,27
R00494,4,-1,UNTOUCHED,T1,none,3,5,3,5
R00494,5,-1,UNTOUCHED,T1,none,15,23,17,25
R00494,6,-1,UNTOUCHED,T1,none,39,43,41,45
R00495,0,0,CLONE_INTERVAL,T3,t3_wrap_statement,7,12,7,14
R00495,1,0,MUTATION,T3,t3_wrap_statement,,,12,12
R00495,2,1,CLONE_INTERVAL,T2,t2_change_int_literal,17,22,19,24
R00495,3,1,MUTATION,T2,t2_change_int_literal,17,17,19,19
R00495,4,-1,UNTOUCHED,T1,none,4,6,4,6
R00495,5,-1,UNTOUCHED,T1,none,13,16,15,18
R00495,6,-1,UNTOUCHED,T1,none,23,32,25,34
R00496,0,0,CLONE_INTERVAL,T2,t2_change_int_literal,11,18,11,18
R00496,1,0,MUTATION,T2,t2_change_int_literal,14,14,14,14
R00496,2,1,CLONE_INTERVAL,T3,t3_wrap_statement,24,38,24,40
R00496,3,1,MUTATION,T3,t3_wrap_statement,,,24,24
R00496,4,-1,UNTOUCHED,T1,none,3,10,3,10
R00496,5,-1,UNTOUCHED,T1,none,19,23,19,23
R00496,6,-1,UNTOUCHED,T1,none,39,45,41,47
