pair_id,seed_file,left_path,right_path
R00000,s827308507.java,/Users/liuziqi/Documents/西大Graduate/Project_base/Code/Meng_ProjectBased_DetectCodeSimilar/code-sim/results/formal-v1/batch2/pairs/R00000/left/Main.java,/Users/liuziqi/Documents/西大Graduate/Project_base/Code/Meng_ProjectBased_DetectCodeSimilar/code-sim/results/formal-v1/batch2/pairs/R00000/right/Main.java
R00001,s888554727.java,/Users/liuziqi/Documents/西大Graduate/Project_base/Code/Meng_ProjectBased_DetectCodeSimilar/code-sim/results/formal-v1/batch2/pairs/R00001/left/Main.java,/Users/liuziqi/Documents/西大Graduate/Project_base/Code/Meng_ProjectBased_DetectCodeSimilar/code-sim/results/formal-v1/batch2/pairs/R00001/right/Main.java
R00002,s685458567.java,/Users/liuziqi/Documents/西大Graduate/Project_base/Code/Meng_ProjectBased_DetectCodeSimilar/code-sim/results/formal-v1/batch2/pairs/R00002/left/Main.java,/Users/liuziqi/Documents/西大Graduate/Project_base/Code/Meng_ProjectBased_DetectCodeSimilar/code-sim/results/formal-v1/batch2/pairs/R00002/right/Main.java
R00003,s360958725.java,/Users/liuziqi/Documents/西大Graduate/Project_base/Code/Meng_ProjectBased_DetectCodeSimilar/code-sim/results/formal-v1/batch2/pairs/R00003/left/Main.java,/Users/liuziqi/Documents/西大Graduate/Project_base/Code/Meng_ProjectBased_DetectCodeSimilar/code-sim/results/formal-v1/batch2/pairs/R00003/right/Main.java
R00004,s677098144.java,/Users/liuziqi/Documents/西大Graduate/Project_base/Code/Meng_ProjectBased_DetectCodeSimilar/code-sim/results/formal-v1/batch2/pairs/R00004/left/Main.java,/Users/liuziqi/Documents/西大Graduate/Project_base/Code/Meng_ProjectBased_DetectCodeSimilar/code-sim/results/formal-v1/batch2/pairs/R00004/right/Main.java
R00005,s871023123.java,/Users/liuziqi/Documents/西大Graduate/Project_base/Code/Meng_ProjectBased_DetectCodeSimilar/code-sim/results/formal-v1/batch2/pairs/R00005/left/Main.java,/Users/liuziqi/Documents/西大Graduate/Project_base/Code/Meng_ProjectBased_DetectCodeSimilar/code-sim/results/formal-v1/batch2/pairs/R00005/right/Main.java
R00006,s386102858.java,/Users/liuziqi/Documents/西大Graduate/Project_base/Code/Meng_ProjectBased_DetectCodeSimilar/code-sim/results/formal-v1/batch2/pairs/R00006/left/Main.java,/Users/liuziqi/Documents/西大Graduate/Project_base/Code/Meng_ProjectBased_DetectCodeSimilar/code-sim/results/formal-v1/batch2/pairs/R00006/right/Main.java
R00007,s865587585.java,/Users/liuziqi/Documents/西大Graduate/Project_base/Code/Meng_ProjectBased_DetectCodeSimilar/code-sim/results/formal-v1/batch2/pairs/R00007/left/Main.java,/Users/liuziqi/Documents/西大Graduate/Project_base/Code/Meng_ProjectBased_DetectCodeSimilar/code-sim/results/formal-v1/batch2/pairs/R00007/right/Main.java
R00008,s152906190.java,/Users/liuziqi/Documents/西大Graduate/Project_base/Code/Meng_ProjectBased_DetectCodeSimilar/code-sim/results/formal-v1/batch2/pairs/R00008/left/Main.java,/Users/liuziqi/Documents/西大Graduate/Project_base/Code/Meng_ProjectBased_DetectCodeSimilar/code-sim/results/formal-v1/batch2/pairs/R00008/right/Main.java
R00009,s147934738.java,/Users/liuziqi/Documents/西大Graduate/Project_base/Code/Meng_ProjectBased_DetectCodeSimilar/code-sim/results/formal-v1/batch2/pairs/R00009/left/Main.java,/Users/liuziqi/Documents/西大Graduate/Project_base/Code/Meng_ProjectBased_DetectCodeSimilar/code-sim/results/formal-v1/batch2/pairs/R00009/right/Main.java
R00010,s273079928.java,/Users/liuziqi/Documents/西大Graduate/Project_base/Code/Meng_ProjectBased_DetectCodeSimilar/code-sim/results/formal-v1/batch2/pairs/R00010/left/Main.java,/Users/liuziqi/Documents/西大Graduate/Project_base/Code/Meng_ProjectBased_DetectCodeSimilar/code-sim/results/formal-v1/batch2/pairs/R00010/right/Main.java
R00011,s867686807.java,/Users/liuziqi/Documents/西大Graduate/Project_base/Code/Meng_ProjectBased_DetectCodeSimilar/code-sim/results/formal-v1/batch2/pairs/R00011/left/Main.java,/Users/liuziqi/Documents/西大Graduate/Project_base/Code/Meng_ProjectBased_DetectCodeSimilar/code-sim/results/formal-v1/batch2/pairs/R00011/right/Main.java
R00012,s131375116.java,/Users/liuziqi/Documents/西大Graduate/Project_base/Code/Meng_ProjectBased_DetectCodeSimilar/code-sim/results/formal-v1/batch2/pairs/R00012/left/Main.java,/Users/liuziqi/Documents/西大Graduate/Project_base/Code/Meng_ProjectBased_DetectCodeSimilar/code-sim/results/formal-v1/batch2/pairs/R00012/right/Main.java
R00013,s406391452.java,/Users/liuziqi/Documents/西大Graduate/Project_base/Code/Meng_ProjectBased_DetectCodeSimilar/code-sim/results/formal-v1/batch2/pairs/R00013/left/Main.java,/Users/liuziqi/Documents/西大Graduate/Project_base/Code/Meng_ProjectBased_DetectCodeSimilar/code-sim/results/formal-v1/batch2/pairs/R00013/right/Main.java
R00014,s480904251.java,/Users/liuziqi/Documents/西大Graduate/Project_base/Code/Meng_ProjectBased_DetectCodeSimilar/code-sim/results/formal-v1/batch2/pairs/R00014/left/Main.java,/Users/liuziqi/Documents/西大Graduate/Project_base/Code/Meng_ProjectBased_DetectCodeSimilar/code-sim/results/formal-v1/batch2/pairs/R00014/right/Main.java
R00015,s852604622.java,/Users/liuziqi/Documents/西大Graduate/Project_base/Code/Meng_ProjectBased_DetectCodeSimilar/code-sim/results/formal-v1/batch2/pairs/R00015/left/Main.java,/Users/liuziqi/Documents/西大Graduate/Project_base/Code/Meng_ProjectBased_DetectCodeSimilar/code-sim/results/formal-v1/batch2/pairs/R00015/right/Main.java
R00016,s080743468.java,/Users/liuziqi/Documents/西大Graduate/Project_base/Code/Meng_ProjectBased_DetectCodeSimilar/code-sim/results/formal-v1/batch2/pairs/R00016/left/Main.java,/Users/liuziqi/Documents/西大Graduate/Project_base/Code/Meng_ProjectBased_DetectCodeSimilar/code-sim/results/formal-v1/batch2/pairs/R00016/right/Main.java
R00017,s811808656.java,/Users/liuziqi/Documents/西大Graduate/Project_base/Code/Meng_ProjectBased_DetectCodeSimilar/code-sim/results/formal-v1/batch2/pairs/R00017/left/Main.java,/Users/liuziqi/Documents/西大Graduate/Project_base/Code/Meng_ProjectBased_DetectCodeSimilar/code-sim/results/formal-v1/batch2/pairs/R00017/right/Main.java
R00018,s553972954.java,/Users/liuziqi/Documents/西大Graduate/Project_base/Code/Meng_ProjectBased_DetectCodeSimilar/code-sim/results/formal-v1/batch2/pairs/R00018/left/Main.java,/Users/liuziqi/Documents/西大Graduate/Project_base/Code/Meng_ProjectBased_DetectCodeSimilar/code-sim/results/formal-v1/batch2/pairs/R00018/right/Main.java
R00019,s157498953.java,/Users/liuziqi/Documents/西大Graduate/Project_base/Code/Meng_ProjectBased_DetectCodeSimilar/code-sim/results/formal-v1/batch2/pairs/R00019/left/Main.java,/Users/liuziqi/Documents/西大Graduate/Project_base/Code/Meng_ProjectBased_DetectCodeSimilar/code-sim/results/formal-v1/batch2/pairs/R00019/right/Main.java
R00020,s694900196.java,/Users/liuziqi/Documents/西大Graduate/Project_base/Code/Meng_ProjectBased_DetectCodeSimilar/code-sim/results/formal-v1/batch2/pairs/R00020/left/Main.java,/Users/liuziqi/Documents/西大Graduate/Project_base/Code/Meng_ProjectBased_DetectCodeSimilar/code-sim/results/formal-v1/batch2/pairs/R00020/right/Main.java
R00021,s373690032.java,/Users/liuziqi/Documents/西大Graduate/Project_base/Code/Meng_ProjectBased_DetectCodeSimilar/code-sim/results/formal-v1/batch2/pairs/R00021/left/Main.java,/Users/liuziqi/Documents/西大Graduate/Project_base/Code/Meng_ProjectBased_DetectCodeSimilar/code-sim/results/formal-v1/batch2/pairs/R00021/right/Main.java
R00022,s460174842.java,/Users/liuziqi/Documents/西大Graduate/Project_base/Code/Meng_ProjectBased_DetectCodeSimilar/code-sim/results/formal-v1/batch2/pairs/R00022/left/Main.java,/Users/liuziqi/Documents/西大Graduate/Project_base/Code/Meng_ProjectBased_DetectCodeSimilar/code-sim/results/formal-v1/batch2/pairs/R00022/right/Main.java
R00023,s076504631.java,/Users/liuziqi/Documents/西大Graduate/Project_base/Code/Meng_ProjectBased_DetectCodeSimilar/code-sim/results/formal-v1/batch2/pairs/R00023/left/Main.java,/Users/liuziqi/Documents/西大Graduate/Project_base/Code/Meng_ProjectBased_DetectCodeSimilar/code-sim/results/formal-v1/batch2/pairs/R00023/right/Main.java
R00024,s230076275.java,/Users/liuziqi/Documents/西大Graduate/Project_base/Code/Meng_ProjectBased_DetectCodeSimilar/code-sim/results/formal-v1/batch2/pairs/R00024/left/Main.java,/Users/liuziqi/Documents/西大Graduate/Project_base/Code/Meng_ProjectBased_DetectCodeSimilar/code-sim/results/formal-v1/batch2/pairs/R00024/right/Main.java
R00025,s158990919.java,/Users/liuziqi/Documents/西大Graduate/Project_base/Code/Meng_ProjectBased_DetectCodeSimilar/code-sim/results/formal-v1/batch2/pairs/R00025/left/Main.java,/Users/liuziqi/Documents/西大Graduate/Project_base/Code/Meng_ProjectBased_DetectCodeSimilar/code-sim/results/formal-v1/batch2/pairs/R00025/right/Main.java
R00026,s772990547.java,/Users/liuziqi/Documents/西大Graduate/Project_base/Code/Meng_ProjectBased_DetectCodeSimilar/code-sim/results/formal-v1/batch2/pairs/R00026/left/Main.java,/Users/liuziqi/Documents/西大Graduate/Project_base/Code/Meng_ProjectBased_DetectCodeSimilar/code-sim/results/formal-v1/batch2/pairs/R00026/right/Main.java
R00027,s517844681.java,/Users/liuziqi/Documents/西大Graduate/Project_base/Code/Meng_ProjectBased_DetectCodeSimilar/code-sim/results/formal-v1/batch2/pairs/R00027/left/Main.java,/Users/liuziqi/Documents/西大Graduate/Project_base/Code/Meng_ProjectBased_DetectCodeSimilar/code-sim/results/formal-v1/batch2/pairs/R00027/right/Main.java
R00028,s859475204.java,/Users/liuziqi/Documents/西大Graduate/Project_base/Code/Meng_ProjectBased_DetectCodeSimilar/code-sim/results/formal-v1/batch2/pairs/R00028/left/Main.java,/Users/liuziqi/Documents/西大Graduate/Project_base/Code/Meng_ProjectBased_DetectCodeSimilar/code-sim/results/formal-v1/batch2/pairs/R00028/right/Main.java
R00029,s002455873.java,/Users/liuziqi/Documents/西大Graduate/Project_base/Code/Meng_ProjectBased_DetectCodeSimilar/code-sim/results/formal-v1/batch2/pairs/R00029/left/Main.java,/Users/liuziqi/Documents/西大Graduate/Project_base/Code/Meng_ProjectBased_DetectCodeSimilar/code-sim/results/formal-v1/batch2/pairs/R00029/right/Main.java
R00030,s472361964.java,/Users/liuziqi/Documents/西大Graduate/Project_base/Code/Meng_ProjectBased_DetectCodeSimilar/code-sim/results/formal-v1/batch2/pairs/R00030/left/Main.java,/Users/liuziqi/Documents/西大Graduate/Project_base/Code/Meng_ProjectBased_DetectCodeSimilar/code-sim/results/formal-v1/batch2/pairs/R00030/right/Main.java
R00031,s389166487.java,/Users/liuziqi/Documents/西大Graduate/Project_base/Code/Meng_ProjectBased_DetectCodeSimilar/code-sim/results/formal-v1/batch2/pairs/R00031/left/Main.java,/Users/liuziqi/Documents/西大Graduate/Project_base/Code/Meng_ProjectBased_DetectCodeSimilar/code-sim/results/formal-v1/batch2/pairs/R00031/right/Main.java
R00032,s611809455.java,/Users/liuziqi/Documents/西大Graduate/Project_base/Code/Meng_ProjectBased_DetectCodeSimilar/code-sim/results/formal-v1/batch2/pairs/R00032/left/Main.java,/Users/liuziqi/Documents/西大Graduate/Project_base/Code/Meng_ProjectBased_DetectCodeSimilar/code-sim/results/formal-v1/batch2/pairs/R00032/right/Main.java
R00033,s519103299.java,/Users/liuziqi/Documents/西大Graduate/Project_base/Code/Meng_ProjectBased_DetectCodeSimilar/code-sim/results/formal-v1/batch2/pairs/R00033/left/Main.java,/Users/liuziqi/Documents/西大Graduate/Project_base/Code/Meng_ProjectBased_DetectCodeSimilar/code-sim/results/formal-v1/batch2/pairs/R00033/right/Main.java
R00034,s309547661.java,/Users/liuziqi/Documents/西大Graduate/Project_base/Code/Meng_ProjectBased_DetectCodeSimilar/code-sim/results/formal-v1/batch2/pairs/R00034/left/Main.java,/Users/liuziqi/Documents/西大Graduate/Project_base/Code/Meng_ProjectBased_DetectCodeSimilar/code-sim/results/formal-v1/batch2/pairs/R00034/right/Main.java
R00035,s352351697.java,/Users/liuziqi/Documents/西大Graduate/Project_base/Code/Meng_ProjectBased_DetectCodeSimilar/code-sim/results/formal-v1/batch2/pairs/R00035/left/Main.java,/Users/liuziqi/Documents/西大Graduate/Project_base/Code/Meng_ProjectBased_DetectCodeSimilar/code-sim/results/formal-v1/batch2/pairs/R00035/right/Main.java
R00036,s245067481.java,/Users/liuziqi/Documents/西大Graduate/Project_base/Code/Meng_ProjectBased_DetectCodeSimilar/code-sim/results/formal-v1/batch2/pairs/R00036/left/Main.java,/Users/liuziqi/Documents/西大Graduate/Project_base/Code/Meng_ProjectBased_DetectCodeSimilar/code-sim/results/formal-v1/batch2/pairs/R00036/right/Main.java
R00037,s726181521.java,/Users/liuziqi/Documents/西大Graduate/Project_base/Code/Meng_ProjectBased_DetectCodeSimilar/code-sim/results/formal-v1/batch2/pairs/R00037/left/Main.java,/Users/liuziqi/Documents/西大Graduate/Project_base/Code/Meng_ProjectBased_DetectCodeSimilar/code-sim/results/formal-v1/batch2/pairs/R00037/right/Main.java
R00038,s058459329.java,/Users/liuziqi/Documents/西大Graduate/Project_base/Code/Meng_ProjectBased_DetectCodeSimilar/code-sim/results/formal-v1/batch2/pairs/R00038/left/Main.java,/Users/liuziqi/Documents/西大Graduate/Project_base/Code/Meng_ProjectBased_DetectCodeSimilar/code-sim/results/formal-v1/batch2/pairs/R00038/right/Main.java
R00039,s421384351.java,/Users/liuziqi/Documents/西大Graduate/Project_base/Code/Meng_ProjectBased_DetectCodeSimilar/code-sim/results/formal-v1/batch2/pairs/R00039/left/Main.java,/Users/liuziqi/Documents/西大Graduate/Project_base/Code/Meng_ProjectBased_DetectCodeSimilar/code-sim/results/formal-v1/batch2/pairs/R00039/right/Main.java
R00040,s601810968.java,/Users/liuziqi/Documents/西大Graduate/Project_base/Code/Meng_ProjectBased_DetectCodeSimilar/code-sim/results/formal-v1/batch2/pairs/R00040/left/Main.java,/Users/liuziqi/Documents/西大Graduate/Project_base/Code/Meng_ProjectBased_DetectCodeSimilar/code-sim/results/formal-v1/batch2/pairs/R00040/right/Main.java
R00041,s517716728.java,/Users/liuziqi/Documents/西大Graduate/Project_base/Code/Meng_ProjectBased_DetectCodeSimilar/code-sim/results/formal-v1/batch2/pairs/R00041/left/Main.java,/Users/liuziqi/Documents/西大Graduate/Project_base/Code/Meng_ProjectBased_DetectCodeSimilar/code-sim/results/formal-v1/batch2/pairs/R00041/right/Main.java
R00042,s841849368.java,/Users/liuziqi/Documents/西大Graduate/Project_base/Code/Meng_ProjectBased_DetectCodeSimilar/code-sim/results/formal-v1/batch2/pairs/R00042/left/Main.java,/Users/liuziqi/Documents/西大Graduate/Project_base/Code/Meng_ProjectBased_DetectCodeSimilar/code-sim/results/formal-v1/batch2/pairs/R00042/right/Main.java
R00043,s954089639.java,/Users/liuziqi/Documents/西大Graduate/Project_base/Code/Meng_ProjectBased_DetectCodeSimilar/code-sim/results/formal-v1/batch2/pairs/R00043/left/Main.java,/Users/liuziqi/Documents/西大Graduate/Project_base/Code/Meng_ProjectBased_DetectCodeSimilar/code-sim/results/formal-v1/batch2/pairs/R00043/right/Main.java
R00044,s520842265.java,/Users/liuziqi/Documents/西大Graduate/Project_base/Code/Meng_ProjectBased_DetectCodeSimilar/code-sim/results/formal-v1/batch2/pairs/R00044/left/Main.java,/Users/liuziqi/Documents/西大Graduate/Project_base/Code/Meng_ProjectBased_DetectCodeSimilar/code-sim/results/formal-v1/batch2/pairs/R00044/right/Main.java
R00045,s374483841.java,/Users/liuziqi/Documents/西大Graduate/Project_base/Code/Meng_ProjectBased_DetectCodeSimilar/code-sim/results/formal-v1/batch2/pairs/R00045/left/Main.java,/Users/liuziqi/Documents/西大Graduate/Project_base/Code/Meng_ProjectBased_DetectCodeSimilar/code-sim/results/formal-v1/batch2/pairs/R00045/right/Main.java
R00046,s010741187.java,/Users/liuziqi/Documents/西大Graduate/Project_base/Code/Meng_ProjectBased_DetectCodeSimilar/code-sim/results/formal-v1/batch2/pairs/R00046/left/Main.java,/Users/liuziqi/Documents/西大Graduate/Project_base/Code/Meng_ProjectBased_DetectCodeSimilar/code-sim/results/formal-v1/batch2/pairs/R00046/right/Main.java
R00047,s872238417.java,/Users/liuziqi/Documents/西大Graduate/Project_base/Code/Meng_ProjectBased_DetectCodeSimilar/code-sim/results/formal-v1/batch2/pairs/R00047/left/Main.java,/Users/liuziqi/Documents/西大Graduate/Project_base/Code/Meng_ProjectBased_DetectCodeSimilar/code-sim/results/formal-v1/batch2/pairs/R00047/right/Main.java
R00048,s429317349.java,/Users/liuziqi/Documents/西大Graduate/Project_base/Code/Meng_ProjectBased_DetectCodeSimilar/code-sim/results/formal-v1/batch2/pairs/R00048/left/Main.java,/Users/liuziqi/Documents/西大Graduate/Project_base/Code/Meng_ProjectBased_DetectCodeSimilar/code-sim/results/formal-v1/batch2/pairs/R00048/right/Main.java
R00049,s517426629.java,/Users/liuziqi/Documents/西大Graduate/Project_base/Code/Meng_ProjectBased_DetectCodeSimilar/code-sim/results/formal-v1/batch2/pairs/R00049/left/Main.java,/Users/liuziqi/Documents/西大Graduate/Project_base/Code/Meng_ProjectBased_DetectCodeSimilar/code-sim/results/formal-v1/batch2/pairs/R00049/right/Main.java
R00050,s920244579.java,/Users/liuziqi/Documents/西大Graduate/Project_base/Code/Meng_ProjectBased_DetectCodeSimilar/code-sim/results/formal-v1/batch2/pairs/R00050/left/Main.java,/Users/liuziqi/Documents/西大Graduate/Project_base/Code/Meng_ProjectBased_DetectCodeSimilar/code-sim/results/formal-v1/batch2/pairs/R00050/right/Main.java
R00051,s010667838.java,/Users/liuziqi/Documents/西大Graduate/Project_base/Code/Meng_ProjectBased_DetectCodeSimilar/code-sim/results/formal-v1/batch2/pairs/R00051/left/Main.java,/Users/liuziqi/Documents/西大Graduate/Project_base/Code/Meng_ProjectBased_DetectCodeSimilar/code-sim/results/formal-v1/batch2/pairs/R00051/right/Main.java
R00052,s913953391.java,/Users/liuziqi/Documents/西大Graduate/Project_base/Code/Meng_ProjectBased_DetectCodeSimilar/code-sim/results/formal-v1/batch2/pairs/R00052/left/Main.java,/Users/liuziqi/Documents/西大Graduate/Project_base/Code/Meng_ProjectBased_DetectCodeSimilar/code-sim/results/formal-v1/batch2/pairs/R00052/right/Main.java
R00053,s343674979.java,/Users/liuziqi/Documents/西大Graduate/Project_base/Code/Meng_ProjectBased_DetectCodeSimilar/code-sim/results/formal-v1/batch2/pairs/R00053/left/Main.java,/Users/liuziqi/Documents/西大Graduate/Project_base/Code/Meng_ProjectBased_DetectCodeSimilar/code-sim/results/formal-v1/batch2/pairs/R00053/right/Main.java
R00054,s997870492.java,/Users/liuziqi/Documents/西大Graduate/Project_base/Code/Meng_ProjectBased_DetectCodeSimilar/code-sim/results/formal-v1/batch2/pairs/R00054/left/Main.java,/Users/liuziqi/Documents/西大Graduate/Project_base/Code/Meng_ProjectBased_DetectCodeSimilar/code-sim/results/formal-v1/batch2/pairs/R00054/right/Main.java
R00055,s087122567.java,/Users/liuziqi/Documents/西大Graduate/Project_base/Code/Meng_ProjectBased_DetectCodeSimilar/code-sim/results/formal-v1/batch2/pairs/R00055/left/Main.java,/Users/liuziqi/Documents/西大Graduate/Project_base/Code/Meng_ProjectBased_DetectCodeSimilar/code-sim/results/formal-v1/batch2/pairs/R00055/right/Main.java
R00056,s699275970.java,/Users/liuziqi/Documents/西大Graduate/Project_base/Code/Meng_ProjectBased_DetectCodeSimilar/code-sim/results/formal-v1/batch2/pairs/R00056/left/Main.java,/Users/liuziqi/Documents/西大Graduate/Project_base/Code/Meng_ProjectBased_DetectCodeSimilar/code-sim/results/formal-v1/batch2/pairs/R00056/right/Main.java
R00057,s948134928.java,/Users/liuziqi/Documents/西大Graduate/Project_base/Code/Meng_ProjectBased_DetectCodeSimilar/code-sim/results/formal-v1/batch2/pairs/R00057/left/Main.java,/Users/liuziqi/Documents/西大Graduate/Project_base/Code/Meng_ProjectBased_DetectCodeSimilar/code-sim/results/formal-v1/batch2/pairs/R00057/right/Main.java
R00058,s569019205.java,/Users/liuziqi/Documents/西大Graduate/Project_base/Code/Meng_ProjectBased_DetectCodeSimilar/code-sim/results/formal-v1/batch2/pairs/R00058/left/Main.java,/Users/liuziqi/Documents/西大Graduate/Project_base/Code/Meng_ProjectBased_DetectCodeSimilar/code-sim/results/formal-v1/batch2/pairs/R00058/right/Main.java
R00059,s735178424.java,/Users/liuziqi/Documents/西大Graduate/Project_base/Code/Meng_ProjectBased_DetectCodeSimilar/code-sim/results/formal-v1/batch2/pairs/R00059/left/Main.java,/Users/liuziqi/Documents/西大Graduate/Project_base/Code/Meng_ProjectBased_DetectCodeSimilar/code-sim/results/formal-v1/batch2/pairs/R00059/right/Main.java
R00060,s490789488.java,/Users/liuziqi/Documents/西大Graduate/Project_base/Code/Meng_ProjectBased_DetectCodeSimilar/code-sim/results/formal-v1/batch2/pairs/R00060/left/Main.java,/Users/liuziqi/Documents/西大Graduate/Project_base/Code/Meng_ProjectBased_DetectCodeSimilar/code-sim/results/formal-v1/batch2/pairs/R00060/right/Main.java
R00061,s856095450.java,/Users/liuziqi/Documents/西大Graduate/Project_base/Code/Meng_ProjectBased_DetectCodeSimilar/code-sim/results/formal-v1/batch2/pairs/R00061/left/Main.java,/Users/liuziqi/Documents/西大Graduate/Project_base/Code/Meng_ProjectBased_DetectCodeSimilar/code-sim/results/formal-v1/batch2/pairs/R00061/right/Main.java
R00062,s410538850.java,/Users/liuziqi/Documents/西大Graduate/Project_base/Code/Meng_ProjectBased_DetectCodeSimilar/code-sim/results/formal-v1/batch2/pairs/R00062/left/Main.java,/Users/liuziqi/Documents/西大Graduate/Project_base/Code/Meng_ProjectBased_DetectCodeSimilar/code-sim/results/formal-v1/batch2/pairs/R00062/right/Main.java
R00063,s316896019.java,/Users/liuziqi/Documents/西大Graduate/Project_base/Code/Meng_ProjectBased_DetectCodeSimilar/code-sim/results/formal-v1/batch2/pairs/R00063/left/Main.java,/Users/liuziqi/Documents/西大Graduate/Project_base/Code/Meng_ProjectBased_DetectCodeSimilar/code-sim/results/formal-v1/batch2/pairs/R00063/right/Main.java
R00064,s002518879.java,/Users/liuziqi/Documents/西大Graduate/Project_base/Code/Meng_ProjectBased_DetectCodeSimilar/code-sim/results/formal-v1/batch2/pairs/R00064/left/Main.java,/Users/liuziqi/Documents/西大Graduate/Project_base/Code/Meng_ProjectBased_DetectCodeSimilar/code-sim/results/formal-v1/batch2/pairs/R00064/right/Main.java
R00065,s331857823.java,/Users/liuziqi/Documents/西大Graduate/Project_base/Code/Meng_ProjectBased_DetectCodeSimilar/code-sim/results/formal-v1/batch2/pairs/R00065/left/Main.java,/Users/liuziqi/Documents/西大Graduate/Project_base/Code/Meng_ProjectBased_DetectCodeSimilar/code-sim/results/formal-v1/batch2/pairs/R00065/right/Main.java
R00066,s446435824.java,/Users/liuziqi/Documents/西大Graduate/Project_base/Code/Meng_ProjectBased_DetectCodeSimilar/code-sim/results/formal-v1/batch2/pairs/R00066/left/Main.java,/Users/liuziqi/Documents/西大Graduate/Project_base/Code/Meng_ProjectBased_DetectCodeSimilar/code-sim/results/formal-v1/batch2/pairs/R00066/right/Main.java
R00067,s660405371.java,/Users/liuziqi/Documents/西大Graduate/Project_base/Code/Meng_ProjectBased_DetectCodeSimilar/code-sim/results/formal-v1/batch2/pairs/R00067/left/Main.java,/Users/liuziqi/Documents/西大Graduate/Project_base/Code/Meng_ProjectBased_DetectCodeSimilar/code-sim/results/formal-v1/batch2/pairs/R00067/right/Main.java
R00068,s404909063.java,/Users/liuziqi/Documents/西大Graduate/Project_base/Code/Meng_ProjectBased_DetectCodeSimilar/code-sim/results/formal-v1/batch2/pairs/R00068/left/Main.java,/Users/liuziqi/Documents/西大Graduate/Project_base/Code/Meng_ProjectBased_DetectCodeSimilar/code-sim/results/formal-v1/batch2/pairs/R00068/right/Main.java
R00069,s313104134.java,/Users/liuziqi/Documents/西大Graduate/Project_base/Code/Meng_ProjectBased_DetectCodeSimilar/code-sim/results/formal-v1/batch2/pairs/R00069/left/Main.java,/Users/liuziqi/Documents/西大Graduate/Project_base/Code/Meng_ProjectBased_DetectCodeSimilar/code-sim/results/formal-v1/batch2/pairs/R00069/right/Main.java
R00070,s223203162.java,/Users/liuziqi/Documents/西大Graduate/Project_base/Code/Meng_ProjectBased_DetectCodeSimilar/code-sim/results/formal-v1/batch2/pairs/R00070/left/Main.java,/Users/liuziqi/Documents/西大Graduate/Project_base/Code/Meng_ProjectBased_DetectCodeSimilar/code-sim/results/formal-v1/batch2/pairs/R00070/right/Main.java
R00071,s410534998.java,/Users/liuziqi/Documents/西大Graduate/Project_base/Code/Meng_ProjectBased_DetectCodeSimilar/code-sim/results/formal-v1/batch2/pairs/R00071/left/Main.java,/Users/liuziqi/Documents/西大Graduate/Project_base/Code/Meng_ProjectBased_DetectCodeSimilar/code-sim/results/formal-v1/batch2/pairs/R00071/right/Main.java
R00072,s385446187.java,/Users/liuziqi/Documents/西大Graduate/Project_base/Code/Meng_ProjectBased_DetectCodeSimilar/code-sim/results/formal-v1/batch2/pairs/R00072/left/Main.java,/Users/liuziqi/Documents/西大Graduate/Project_base/Code/Meng_ProjectBased_DetectCodeSimilar/code-sim/results/formal-v1/batch2/pairs/R00072/right/Main.java
R00073,s725137575.java,/Users/liuziqi/Documents/西大Graduate/Project_base/Code/Meng_ProjectBased_DetectCodeSimilar/code-sim/results/formal-v1/batch2/pairs/R00073/left/Main.java,/Users/liuziqi/Documents/西大Graduate/Project_base/Code/Meng_ProjectBased_DetectCodeSimilar/code-sim/results/formal-v1/batch2/pairs/R00073/right/Main.java
R00074,s445900471.java,/Users/liuziqi/Documents/西大Graduate/Project_base/Code/Meng_ProjectBased_DetectCodeSimilar/code-sim/results/formal-v1/batch2/pairs/R00074/left/Main.java,/Users/liuziqi/Documents/西大Graduate/Project_base/Code/Meng_ProjectBased_DetectCodeSimilar/code-sim/results/formal-v1/batch2/pairs/R00074/right/Main.java
R00075,s480613134.java,/Users/liuziqi/Documents/西大Graduate/Project_base/Code/Meng_ProjectBased_DetectCodeSimilar/code-sim/results/formal-v1/batch2/pairs/R00075/left/Main.java,/Users/liuziqi/Documents/西大Graduate/Project_base/Code/Meng_ProjectBased_DetectCodeSimilar/code-sim/results/formal-v1/batch2/pairs/R00075/right/Main.java
R00076,s587494585.java,/Users/liuziqi/Documents/西大Graduate/Project_base/Code/Meng_ProjectBased_DetectCodeSimilar/code-sim/results/formal-v1/batch2/pairs/R00076/left/Main.java,/Users/liuziqi/Documents/西大Graduate/Project_base/Code/Meng_ProjectBased_DetectCodeSimilar/code-sim/results/formal-v1/batch2/pairs/R00076/right/Main.java
R00077,s981186114.java,/Users/liuziqi/Documents/西大Graduate/Project_base/Code/Meng_ProjectBased_DetectCodeSimilar/code-sim/results/formal-v1/batch2/pairs/R00077/left/Main.java,/Users/liuziqi/Documents/西大Graduate/Project_base/Code/Meng_ProjectBased_DetectCodeSimilar/code-sim/results/formal-v1/batch2/pairs/R00077/right/Main.java
R00078,s243512623.java,/Users/liuziqi/Documents/西大Graduate/Project_base/Code/Meng_ProjectBased_DetectCodeSimilar/code-sim/results/formal-v1/batch2/pairs/R00078/left/Main.java,/Users/liuziqi/Documents/西大Graduate/Project_base/Code/Meng_ProjectBased_DetectCodeSimilar/code-sim/results/formal-v1/batch2/pairs/R00078/right/Main.java
R00079,s275409330.java,/Users/liuziqi/Documents/西大Graduate/Project_base/Code/Meng_ProjectBased_DetectCodeSimilar/code-sim/results/formal-v1/batch2/pairs/R00079/left/Main.java,/Users/liuziqi/Documents/西大Graduate/Project_base/Code/Meng_ProjectBased_DetectCodeSimilar/code-sim/results/formal-v1/batch2/pairs/R00079/right/Main.java
R00080,s085753110.java,/Users/liuziqi/Documents/西大Graduate/Project_base/Code/Meng_ProjectBased_DetectCodeSimilar/code-sim/results/formal-v1/batch2/pairs/R00080/left/Main.java,/Users/liuziqi/Documents/西大Graduate/Project_base/Code/Meng_ProjectBased_DetectCodeSimilar/code-sim/results/formal-v1/batch2/pairs/R00080/right/Main.java
R00081,s969453991.java,/Users/liuziqi/Documents/西大Graduate/Project_base/Code/Meng_ProjectBased_DetectCodeSimilar/code-sim/results/formal-v1/batch2/pairs/R00081/left/Main.java,/Users/liuziqi/Documents/西大Graduate/Project_base/Code/Meng_ProjectBased_DetectCodeSimilar/code-sim/results/formal-v1/batch2/pairs/R00081/right/Main.java
R00082,s939425334.java,/Users/liuziqi/Documents/西大Graduate/Project_base/Code/Meng_ProjectBased_DetectCodeSimilar/code-sim/results/formal-v1/batch2/pairs/R00082/left/Main.java,/Users/liuziqi/Documents/西大Graduate/Project_base/Code/Meng_ProjectBased_DetectCodeSimilar/code-sim/results/formal-v1/batch2/pairs/R00082/right/Main.java
R00083,s032847333.java,/Users/liuziqi/Documents/西大Graduate/Project_base/Code/Meng_ProjectBased_DetectCodeSimilar/code-sim/results/formal-v1/batch2/pairs/R00083/left/Main.java,/Users/liuziqi/Documents/西大Graduate/Project_base/Code/Meng_ProjectBased_DetectCodeSimilar/code-sim/results/formal-v1/batch2/pairs/R00083/right/Main.java
R00084,s060691134.java,/Users/liuziqi/Documents/西大Graduate/Project_base/Code/Meng_ProjectBased_DetectCodeSimilar/code-sim/results/formal-v1/batch2/pairs/R00084/left/Main.java,/Users/liuziqi/Documents/西大Graduate/Project_base/Code/Meng_ProjectBased_DetectCodeSimilar/code-sim/results/formal-v1/batch2/pairs/R00084/right/Main.java
R00085,s052366772.java,/Users/liuziqi/Documents/西大Graduate/Project_base/Code/Meng_ProjectBased_DetectCodeSimilar/code-sim/results/formal-v1/batch2/pairs/R00085/left/Main.java,/Users/liuziqi/Documents/西大Graduate/Project_base/Code/Meng_ProjectBased_DetectCodeSimilar/code-sim/results/formal-v1/batch2/pairs/R00085/right/Main.java
R00086,s454374767.java,/Users/liuziqi/Documents/西大Graduate/Project_base/Code/Meng_ProjectBased_DetectCodeSimilar/code-sim/results/formal-v1/batch2/pairs/R00086/left/Main.java,/Users/liuziqi/Documents/西大Graduate/Project_base/Code/Meng_ProjectBased_DetectCodeSimilar/code-sim/results/formal-v1/batch2/pairs/R00086/right/Main.java
R00087,s971667439.java,/Users/liuziqi/Documents/西大Graduate/Project_base/Code/Meng_ProjectBased_DetectCodeSimilar/code-sim/results/formal-v1/batch2/pairs/R00087/left/Main.java,/Users/liuziqi/Documents/西大Graduate/Project_base/Code/Meng_ProjectBased_DetectCodeSimilar/code-sim/results/formal-v1/batch2/pairs/R00087/right/Main.java
R00088,s790783587.java,/Users/liuziqi/Documents/西大Graduate/Project_base/Code/Meng_ProjectBased_DetectCodeSimilar/code-sim/results/formal-v1/batch2/pairs/R00088/left/Main.java,/Users/liuziqi/Documents/西大Graduate/Project_base/Code/Meng_ProjectBased_DetectCodeSimilar/code-sim/results/formal-v1/batch2/pairs/R00088/right/Main.java
R00089,s726278985.java,/Users/liuziqi/Documents/西大Graduate/Project_base/Code/Meng_ProjectBased_DetectCodeSimilar/code-sim/results/formal-v1/batch2/pairs/R00089/left/Main.java,/Users/liuziqi/Documents/西大Graduate/Project_base/Code/Meng_ProjectBased_DetectCodeSimilar/code-sim/results/formal-v1/batch2/pairs/R00089/right/Main.java
R00090,s633812061.java,/Users/liuziqi/Documents/西大Graduate/Project_base/Code/Meng_ProjectBased_DetectCodeSimilar/code-sim/results/formal-v1/batch2/pairs/R00090/left/Main.java,/Users/liuziqi/Documents/西大Graduate/Project_base/Code/Meng_ProjectBased_DetectCodeSimilar/code-sim/results/formal-v1/batch2/pairs/R00090/right/Main.java
R00091,s796075126.java,/Users/liuziqi/Documents/西大Graduate/Project_base/Code/Meng_ProjectBased_DetectCodeSimilar/code-sim/results/formal-v1/batch2/pairs/R00091/left/Main.java,/Users/liuziqi/Documents/西大Graduate/Project_base/Code/Meng_ProjectBased_DetectCodeSimilar/code-sim/results/formal-v1/batch2/pairs/R00091/right/Main.java
R00092,s403941463.java,/Users/liuziqi/Documents/西大Graduate/Project_base/Code/Meng_ProjectBased_DetectCodeSimilar/code-sim/results/formal-v1/batch2/pairs/R00092/left/Main.java,/Users/liuziqi/Documents/西大Graduate/Project_base/Code/Meng_ProjectBased_DetectCodeSimilar/code-sim/results/formal-v1/batch2/pairs/R00092/right/Main.java
R00093,s585428808.java,/Users/liuziqi/Documents/西大Graduate/Project_base/Code/Meng_ProjectBased_DetectCodeSimilar/code-sim/results/formal-v1/batch2/pairs/R00093/left/Main.java,/Users/liuziqi/Documents/西大Graduate/Project_base/Code/Meng_ProjectBased_DetectCodeSimilar/code-sim/results/formal-v1/batch2/pairs/R00093/right/Main.java
R00094,s926780197.java,/Users/liuziqi/Documents/西大Graduate/Project_base/Code/Meng_ProjectBased_DetectCodeSimilar/code-sim/results/formal-v1/batch2/pairs/R00094/left/Main.java,/Users/liuziqi/Documents/西大Graduate/Project_base/Code/Meng_ProjectBased_DetectCodeSimilar/code-sim/results/formal-v1/batch2/pairs/R00094/right/Main.java
R00095,s277704986.java,/Users/liuziqi/Documents/西大Graduate/Project_base/Code/Meng_ProjectBased_DetectCodeSimilar/code-sim/results/formal-v1/batch2/pairs/R00095/left/Main.java,/Users/liuziqi/Documents/西大Graduate/Project_base/Code/Meng_ProjectBased_DetectCodeSimilar/code-sim/results/formal-v1/batch2/pairs/R00095/right/Main.java
R00096,s727484737.java,/Users/liuziqi/Documents/西大Graduate/Project_base/Code/Meng_ProjectBased_DetectCodeSimilar/code-sim/results/formal-v1/batch2/pairs/R00096/left/Main.java,/Users/liuziqi/Documents/西大Graduate/Project_base/Code/Meng_ProjectBased_DetectCodeSimilar/code-sim/results/formal-v1/batch2/pairs/R00096/right/Main.java
R00097,s444355802.java,/Users/liuziqi/Documents/西大Graduate/Project_base/Code/Meng_ProjectBased_DetectCodeSimilar/code-sim/results/formal-v1/batch2/pairs/R00097/left/Main.java,/Users/liuziqi/Documents/西大Graduate/Project_base/Code/Meng_ProjectBased_DetectCodeSimilar/code-sim/results/formal-v1/batch2/pairs/R00097/right/Main.java
R00098,s023720134.java,/Users/liuziqi/Documents/西大Graduate/Project_base/Code/Meng_ProjectBased_DetectCodeSimilar/code-sim/results/formal-v1/batch2/pairs/R00098/left/Main.java,/Users/liuziqi/Documents/西大Graduate/Project_base/Code/Meng_ProjectBased_DetectCodeSimilar/code-sim/results/formal-v1/batch2/pairs/R00098/right/Main.java
R00099,s705979917.java,/Users/liuziqi/Documents/西大Graduate/Project_base/Code/Meng_ProjectBased_DetectCodeSimilar/code-sim/results/formal-v1/batch2/pairs/R00099/left/Main.java,/Users/liuziqi/Documents/西大Graduate/Project_base/Code/Meng_ProjectBased_DetectCodeSimilar/code-sim/results/formal-v1/batch2/pairs/R00099/right/Main.java
R00100,s754420733.java,/Users/liuziqi/Documents/西大Graduate/Project_base/Code/Meng_ProjectBased_DetectCodeSimilar/code-sim/results/formal-v1/batch2/pairs/R00100/left/Main.java,/Users/liuziqi/Documents/西大Graduate/Project_base/Code/Meng_ProjectBased_DetectCodeSimilar/code-sim/results/formal-v1/batch2/pairs/R00100/right/Main.java
R00101,s919630108.java,/Users/liuziqi/Documents/西大Graduate/Project_base/Code/Meng_ProjectBased_DetectCodeSimilar/code-sim/results/formal-v1/batch2/pairs/R00101/left/Main.java,/Users/liuziqi/Documents/西大Graduate/Project_base/Code/Meng_ProjectBased_DetectCodeSimilar/code-sim/results/formal-v1/batch2/pairs/R00101/right/Main.java
R00102,s020745801.java,/Users/liuziqi/Documents/西大Graduate/Project_base/Code/Meng_ProjectBased_DetectCodeSimilar/code-sim/results/formal-v1/batch2/pairs/R00102/left/Main.java,/Users/liuziqi/Documents/西大Graduate/Project_base/Code/Meng_ProjectBased_DetectCodeSimilar/code-sim/results/formal-v1/batch2/pairs/R00102/right/Main.java
R00103,s032577102.java,/Users/liuziqi/Documents/西大Graduate/Project_base/Code/Meng_ProjectBased_DetectCodeSimilar/code-sim/results/formal-v1/batch2/pairs/R00103/left/Main.java,/Users/liuziqi/Documents/西大Graduate/Project_base/Code/Meng_ProjectBased_DetectCodeSimilar/code-sim/results/formal-v1/batch2/pairs/R00103/right/Main.java
R00104,s155790942.java,/Users/liuziqi/Documents/西大Graduate/Project_base/Code/Meng_ProjectBased_DetectCodeSimilar/code-sim/results/formal-v1/batch2/pairs/R00104/left/Main.java,/Users/liuziqi/Documents/西大Graduate/Project_base/Code/Meng_ProjectBased_DetectCodeSimilar/code-sim/results/formal-v1/batch2/pairs/R00104/right/Main.java
R00105,s418528827.java,/Users/liuziqi/Documents/西大Graduate/Project_base/Code/Meng_ProjectBased_DetectCodeSimilar/code-sim/results/formal-v1/batch2/pairs/R00105/left/Main.java,/Users/liuziqi/Documents/西大Graduate/Project_base/Code/Meng_ProjectBased_DetectCodeSimilar/code-sim/results/formal-v1/batch2/pairs/R00105/right/Main.java
R00106,s676194616.java,/Users/liuziqi/Documents/西大Graduate/Project_base/Code/Meng_ProjectBased_DetectCodeSimilar/code-sim/results/formal-v1/batch2/pairs/R00106/left/Main.java,/Users/liuziqi/Documents/西大Graduate/Project_base/Code/Meng_ProjectBased_DetectCodeSimilar/code-sim/results/formal-v1/batch2/pairs/R00106/right/Main.java
R00107,s952887249.java,/Users/liuziqi/Documents/西大Graduate/Project_base/Code/Meng_ProjectBased_DetectCodeSimilar/code-sim/results/formal-v1/batch2/pairs/R00107/left/Main.java,/Users/liuziqi/Documents/西大Graduate/Project_base/Code/Meng_ProjectBased_DetectCodeSimilar/code-sim/results/formal-v1/batch2/pairs/R00107/right/Main.java
R00108,s280144300.java,/Users/liuziqi/Documents/西大Graduate/Project_base/Code/Meng_ProjectBased_DetectCodeSimilar/code-sim/results/formal-v1/batch2/pairs/R00108/left/Main.java,/Users/liuziqi/Documents/西大Graduate/Project_base/Code/Meng_ProjectBased_DetectCodeSimilar/code-sim/results/formal-v1/batch2/pairs/R00108/right/Main.java
R00109,s991072397.java,/Users/liuziqi/Documents/西大Graduate/Project_base/Code/Meng_ProjectBased_DetectCodeSimilar/code-sim/results/formal-v1/batch2/pairs/R00109/left/Main.java,/Users/liuziqi/Documents/西大Graduate/Project_base/Code/Meng_ProjectBased_DetectCodeSimilar/code-sim/results/formal-v1/batch2/pairs/R00109/right/Main.java
R00110,s787393983.java,/Users/liuziqi/Documents/西大Graduate/Project_base/Code/Meng_ProjectBased_DetectCodeSimilar/code-sim/results/formal-v1/batch2/pairs/R00110/left/Main.java,/Users/liuziqi/Documents/西大Graduate/Project_base/Code/Meng_ProjectBased_DetectCodeSimilar/code-sim/results/formal-v1/batch2/pairs/R00110/right/Main.java
R00111,s292891547.java,/Users/liuziqi/Documents/西大Graduate/Project_base/Code/Meng_ProjectBased_DetectCodeSimilar/code-sim/results/formal-v1/batch2/pairs/R00111/left/Main.java,/Users/liuziqi/Documents/西大Graduate/Project_base/Code/Meng_ProjectBased_DetectCodeSimilar/code-sim/results/formal-v1/batch2/pairs/R00111/right/Main.java
R00112,s325116653.java,/Users/liuziqi/Documents/西大Graduate/Project_base/Code/Meng_ProjectBased_DetectCodeSimilar/code-sim/results/formal-v1/batch2/pairs/R00112/left/Main.java,/Users/liuziqi/Documents/西大Graduate/Project_base/Code/Meng_ProjectBased_DetectCodeSimilar/code-sim/results/formal-v1/batch2/pairs/R00112/right/Main.java
R00113,s105225247.java,/Users/liuziqi/Documents/西大Graduate/Project_base/Code/Meng_ProjectBased_DetectCodeSimilar/code-sim/results/formal-v1/batch2/pairs/R00113/left/Main.java,/Users/liuziqi/Documents/西大Graduate/Project_base/Code/Meng_ProjectBased_DetectCodeSimilar/code-sim/results/formal-v1/batch2/pairs/R00113/right/Main.java
R00114,s634003705.java,/Users/liuziqi/Documents/西大Graduate/Project_base/Code/Meng_ProjectBased_DetectCodeSimilar/code-sim/results/formal-v1/batch2/pairs/R00114/left/Main.java,/Users/liuziqi/Documents/西大Graduate/Project_base/Code/Meng_ProjectBased_DetectCodeSimilar/code-sim/results/formal-v1/batch2/pairs/R00114/right/Main.java
R00115,s492941754.java,/Users/liuziqi/Documents/西大Graduate/Project_base/Code/Meng_ProjectBased_DetectCodeSimilar/code-sim/results/formal-v1/batch2/pairs/R00115/left/Main.java,/Users/liuziqi/Documents/西大Graduate/Project_base/Code/Meng_ProjectBased_DetectCodeSimilar/code-sim/results/formal-v1/batch2/pairs/R00115/right/Main.java
R00116,s930378866.java,/Users/liuziqi/Documents/西大Graduate/Project_base/Code/Meng_ProjectBased_DetectCodeSimilar/code-sim/results/formal-v1/batch2/pairs/R00116/left/Main.java,/Users/liuziqi/Documents/西大Graduate/Project_base/Code/Meng_ProjectBased_DetectCodeSimilar/code-sim/results/formal-v1/batch2/pairs/R00116/right/Main.java
R00117,s358981546.java,/Users/liuziqi/Documents/西大Graduate/Project_base/Code/Meng_ProjectBased_DetectCodeSimilar/code-sim/results/formal-v1/batch2/pairs/R00117/left/Main.java,/Users/liuziqi/Documents/西大Graduate/Project_base/Code/Meng_ProjectBased_DetectCodeSimilar/code-sim/results/formal-v1/batch2/pairs/R00117/right/Main.java
R00118,s919638466.java,/Users/liuziqi/Documents/西大Graduate/Project_base/Code/Meng_ProjectBased_DetectCodeSimilar/code-sim/results/formal-v1/batch2/pairs/R00118/left/Main.java,/Users/liuziqi/Documents/西大Graduate/Project_base/Code/Meng_ProjectBased_DetectCodeSimilar/code-sim/results/formal-v1/batch2/pairs/R00118/right/Main.java
R00119,s680775813.java,/Users/liuziqi/Documents/西大Graduate/Project_base/Code/Meng_ProjectBased_DetectCodeSimilar/code-sim/results/formal-v1/batch2/pairs/R00119/left/Main.java,/Users/liuziqi/Documents/西大Graduate/Project_base/Code/Meng_ProjectBased_DetectCodeSimilar/code-sim/results/formal-v1/batch2/pairs/R00119/right/Main.java
R00120,s475982001.java,/Users/liuziqi/Documents/西大Graduate/Project_base/Code/Meng_ProjectBased_DetectCodeSimilar/code-sim/results/formal-v1/batch2/pairs/R00120/left/Main.java,/Users/liuziqi/Documents/西大Graduate/Project_base/Code/Meng_ProjectBased_DetectCodeSimilar/code-sim/results/formal-v1/batch2/pairs/R00120/right/Main.java
R00121,s587501586.java,/Users/liuziqi/Documents/西大Graduate/Project_base/Code/Meng_ProjectBased_DetectCodeSimilar/code-sim/results/formal-v1/batch2/pairs/R00121/left/Main.java,/Users/liuziqi/Documents/西大Graduate/Project_base/Code/Meng_ProjectBased_DetectCodeSimilar/code-sim/results/formal-v1/batch2/pairs/R00121/right/Main.java
R00122,s597266774.java,/Users/liuziqi/Documents/西大Graduate/Project_base/Code/Meng_ProjectBased_DetectCodeSimilar/code-sim/results/formal-v1/batch2/pairs/R00122/left/Main.java,/Users/liuziqi/Documents/西大Graduate/Project_base/Code/Meng_ProjectBased_DetectCodeSimilar/code-sim/results/formal-v1/batch2/pairs/R00122/right/Main.java
R00123,s996443978.java,/Users/liuziqi/Documents/西大Graduate/Project_base/Code/Meng_ProjectBased_DetectCodeSimilar/code-sim/results/formal-v1/batch2/pairs/R00123/left/Main.java,/Users/liuziqi/Documents/西大Graduate/Project_base/Code/Meng_ProjectBased_DetectCodeSimilar/code-sim/results/formal-v1/batch2/pairs/R00123/right/Main.java
R00124,s968654314.java,/Users/liuziqi/Documents/西大Graduate/Project_base/Code/Meng_ProjectBased_DetectCodeSimilar/code-sim/results/formal-v1/batch2/pairs/R00124/left/Main.java,/Users/liuziqi/Documents/西大Graduate/Project_base/Code/Meng_ProjectBased_DetectCodeSimilar/code-sim/results/formal-v1/batch2/pairs/R00124/right/Main.java
R00125,s632022512.java,/Users/liuziqi/Documents/西大Graduate/Project_base/Code/Meng_ProjectBased_DetectCodeSimilar/code-sim/results/formal-v1/batch2/pairs/R00125/left/Main.java,/Users/liuziqi/Documents/西大Graduate/Project_base/Code/Meng_ProjectBased_DetectCodeSimilar/code-sim/results/formal-v1/batch2/pairs/R00125/right/Main.java
R00126,s457371983.java,/Users/liuziqi/Documents/西大Graduate/Project_base/Code/Meng_ProjectBased_DetectCodeSimilar/code-sim/results/formal-v1/batch2/pairs/R00126/left/Main.java,/Users/liuziqi/Documents/西大Graduate/Project_base/Code/Meng_ProjectBased_DetectCodeSimilar/code-sim/results/formal-v1/batch2/pairs/R00126/right/Main.java
R00127,s733082375.java,/Users/liuziqi/Documents/西大Graduate/Project_base/Code/Meng_ProjectBased_DetectCodeSimilar/code-sim/results/formal-v1/batch2/pairs/R00127/left/Main.java,/Users/liuziqi/Documents/西大Graduate/Project_base/Code/Meng_ProjectBased_DetectCodeSimilar/code-sim/results/formal-v1/batch2/pairs/R00127/right/Main.java
R00128,s832471856.java,/Users/liuziqi/Documents/西大Graduate/Project_base/Code/Meng_ProjectBased_DetectCodeSimilar/code-sim/results/formal-v1/batch2/pairs/R00128/left/Main.java,/Users/liuziqi/Documents/西大Graduate/Project_base/Code/Meng_ProjectBased_DetectCodeSimilar/code-sim/results/formal-v1/batch2/pairs/R00128/right/Main.java
R00129,s828148734.java,/Users/liuziqi/Documents/西大Graduate/Project_base/Code/Meng_ProjectBased_DetectCodeSimilar/code-sim/results/formal-v1/batch2/pairs/R00129/left/Main.java,/Users/liuziqi/Documents/西大Graduate/Project_base/Code/Meng_ProjectBased_DetectCodeSimilar/code-sim/results/formal-v1/batch2/pairs/R00129/right/Main.java
R00130,s740316810.java,/Users/liuziqi/Documents/西大Graduate/Project_base/Code/Meng_ProjectBased_DetectCodeSimilar/code-sim/results/formal-v1/batch2/pairs/R00130/left/Main.java,/Users/liuziqi/Documents/西大Graduate/Project_base/Code/Meng_ProjectBased_DetectCodeSimilar/code-sim/results/formal-v1/batch2/pairs/R00130/right/Main.java
R00131,s356319560.java,/Users/liuziqi/Documents/西大Graduate/Project_base/Code/Meng_ProjectBased_DetectCodeSimilar/code-sim/results/formal-v1/batch2/pairs/R00131/left/Main.java,/Users/liuziqi/Documents/西大Graduate/Project_base/Code/Meng_ProjectBased_DetectCodeSimilar/code-sim/results/formal-v1/batch2/pairs/R00131/right/Main.java
R00132,s651513141.java,/Users/liuziqi/Documents/西大Graduate/Project_base/Code/Meng_ProjectBased_DetectCodeSimilar/code-sim/results/formal-v1/batch2/pairs/R00132/left/Main.java,/Users/liuziqi/Documents/西大Graduate/Project_base/Code/Meng_ProjectBased_DetectCodeSimilar/code-sim/results/formal-v1/batch2/pairs/R00132/right/Main.java
R00133,s644818669.java,/Users/liuziqi/Documents/西大Graduate/Project_base/Code/Meng_ProjectBased_DetectCodeSimilar/code-sim/results/formal-v1/batch2/pairs/R00133/left/Main.java,/Users/liuziqi/Documents/西大Graduate/Project_base/Code/Meng_ProjectBased_DetectCodeSimilar/code-sim/results/formal-v1/batch2/pairs/R00133/right/Main.java
R00134,s004713496.java,/Users/liuziqi/Documents/西大Graduate/Project_base/Code/Meng_ProjectBased_DetectCodeSimilar/code-sim/results/formal-v1/batch2/pairs/R00134/left/Main.java,/Users/liuziqi/Documents/西大Graduate/Project_base/Code/Meng_ProjectBased_DetectCodeSimilar/code-sim/results/formal-v1/batch2/pairs/R00134/right/Main.java
R00135,s042377097.java,/Users/liuziqi/Documents/西大Graduate/Project_base/Code/Meng_ProjectBased_DetectCodeSimilar/code-sim/results/formal-v1/batch2/pairs/R00135/left/Main.java,/Users/liuziqi/Documents/西大Graduate/Project_base/Code/Meng_ProjectBased_DetectCodeSimilar/code-sim/results/formal-v1/batch2/pairs/R00135/right/Main.java
R00136,s580379567.java,/Users/liuziqi/Documents/西大Graduate/Project_base/Code/Meng_ProjectBased_DetectCodeSimilar/code-sim/results/formal-v1/batch2/pairs/R00136/left/Main.java,/Users/liuziqi/Documents/西大Graduate/Project_base/Code/Meng_ProjectBased_DetectCodeSimilar/code-sim/results/formal-v1/batch2/pairs/R00136/right/Main.java
R00137,s911758352.java,/Users/liuziqi/Documents/西大Graduate/Project_base/Code/Meng_ProjectBased_DetectCodeSimilar/code-sim/results/formal-v1/batch2/pairs/R00137/left/Main.java,/Users/liuziqi/Documents/西大Graduate/Project_base/Code/Meng_ProjectBased_DetectCodeSimilar/code-sim/results/formal-v1/batch2/pairs/R00137/right/Main.java
R00138,s582568058.java,/Users/liuziqi/Documents/西大Graduate/Project_base/Code/Meng_ProjectBased_DetectCodeSimilar/code-sim/results/formal-v1/batch2/pairs/R00138/left/Main.java,/Users/liuziqi/Documents/西大Graduate/Project_base/Code/Meng_ProjectBased_DetectCodeSimilar/code-sim/results/formal-v1/batch2/pairs/R00138/right/Main.java
R00139,s875894613.java,/Users/liuziqi/Documents/西大Graduate/Project_base/Code/Meng_ProjectBased_DetectCodeSimilar/code-sim/results/formal-v1/batch2/pairs/R00139/left/Main.java,/Users/liuziqi/Documents/西大Graduate/Project_base/Code/Meng_ProjectBased_DetectCodeSimilar/code-sim/results/formal-v1/batch2/pairs/R00139/right/Main.java
R00140,s323696986.java,/Users/liuziqi/Documents/西大Graduate/Project_base/Code/Meng_ProjectBased_DetectCodeSimilar/code-sim/results/formal-v1/batch2/pairs/R00140/left/Main.java,/Users/liuziqi/Documents/西大Graduate/Project_base/Code/Meng_ProjectBased_DetectCodeSimilar/code-sim/results/formal-v1/batch2/pairs/R00140/right/Main.java
R00141,s379887003.java,/Users/liuziqi/Documents/西大Graduate/Project_base/Code/Meng_ProjectBased_DetectCodeSimilar/code-sim/results/formal-v1/batch2/pairs/R00141/left/Main.java,/Users/liuziqi/Documents/西大Graduate/Project_base/Code/Meng_ProjectBased_DetectCodeSimilar/code-sim/results/formal-v1/batch2/pairs/R00141/right/Main.java
R00142,s023363802.java,/Users/liuziqi/Documents/西大Graduate/Project_base/Code/Meng_ProjectBased_DetectCodeSimilar/code-sim/results/formal-v1/batch2/pairs/R00142/left/Main.java,/Users/liuziqi/Documents/西大Graduate/Project_base/Code/Meng_ProjectBased_DetectCodeSimilar/code-sim/results/formal-v1/batch2/pairs/R00142/right/Main.java
R00143,s676056666.java,/Users/liuziqi/Documents/西大Graduate/Project_base/Code/Meng_ProjectBased_DetectCodeSimilar/code-sim/results/formal-v1/batch2/pairs/R00143/left/Main.java,/Users/liuziqi/Documents/西大Graduate/Project_base/Code/Meng_ProjectBased_DetectCodeSimilar/code-sim/results/formal-v1/batch2/pairs/R00143/right/Main.java
R00144,s199460884.java,/Users/liuziqi/Documents/西大Graduate/Project_base/Code/Meng_ProjectBased_DetectCodeSimilar/code-sim/results/formal-v1/batch2/pairs/R00144/left/Main.java,/Users/liuziqi/Documents/西大Graduate/Project_base/Code/Meng_ProjectBased_DetectCodeSimilar/code-sim/results/formal-v1/batch2/pairs/R00144/right/Main.java
R00145,s541338321.java,/Users/liuziqi/Documents/西大Graduate/Project_base/Code/Meng_ProjectBased_DetectCodeSimilar/code-sim/results/formal-v1/batch2/pairs/R00145/left/Main.java,/Users/liuziqi/Documents/西大Graduate/Project_base/Code/Meng_ProjectBased_DetectCodeSimilar/code-sim/results/formal-v1/batch2/pairs/R00145/right/Main.java
R00146,s351935144.java,/Users/liuziqi/Documents/西大Graduate/Project_base/Code/Meng_ProjectBased_DetectCodeSimilar/code-sim/results/formal-v1/batch2/pairs/R00146/left/Main.java,/Users/liuziqi/Documents/西大Graduate/Project_base/Code/Meng_ProjectBased_DetectCodeSimilar/code-sim/results/formal-v1/batch2/pairs/R00146/right/Main.java
R00147,s663102717.java,/Users/liuziqi/Documents/西大Graduate/Project_base/Code/Meng_ProjectBased_DetectCodeSimilar/code-sim/results/formal-v1/batch2/pairs/R00147/left/Main.java,/Users/liuziqi/Documents/西大Graduate/Project_base/Code/Meng_ProjectBased_DetectCodeSimilar/code-sim/results/formal-v1/batch2/pairs/R00147/right/Main.java
R00148,s667925439.java,/Users/liuziqi/Documents/西大Graduate/Project_base/Code/Meng_ProjectBased_DetectCodeSimilar/code-sim/results/formal-v1/batch2/pairs/R00148/left/Main.java,/Users/liuziqi/Documents/西大Graduate/Project_base/Code/Meng_ProjectBased_DetectCodeSimilar/code-sim/results/formal-v1/batch2/pairs/R00148/right/Main.java
R00149,s883406033.java,/Users/liuziqi/Documents/西大Graduate/Project_base/Code/Meng_ProjectBased_DetectCodeSimilar/code-sim/results/formal-v1/batch2/pairs/R00149/left/Main.java,/Users/liuziqi/Documents/西大Graduate/Project_base/Code/Meng_ProjectBased_DetectCodeSimilar/code-sim/results/formal-v1/batch2/pairs/R00149/right/Main.java
R00150,s870250772.java,/Users/liuziqi/Documents/西大Graduate/Project_base/Code/Meng_ProjectBased_DetectCodeSimilar/code-sim/results/formal-v1/batch2/pairs/R00150/left/Main.java,/Users/liuziqi/Documents/西大Graduate/Project_base/Code/Meng_ProjectBased_DetectCodeSimilar/code-sim/results/formal-v1/batch2/pairs/R00150/right/Main.java
R00151,s541092502.java,/Users/liuziqi/Documents/西大Graduate/Project_base/Code/Meng_ProjectBased_DetectCodeSimilar/code-sim/results/formal-v1/batch2/pairs/R00151/left/Main.java,/Users/liuziqi/Documents/西大Graduate/Project_base/Code/Meng_ProjectBased_DetectCodeSimilar/code-sim/results/formal-v1/batch2/pairs/R00151/right/Main.java
R00152,s556597373.java,/Users/liuziqi/Documents/西大Graduate/Project_base/Code/Meng_ProjectBased_DetectCodeSimilar/code-sim/results/formal-v1/batch2/pairs/R00152/left/Main.java,/Users/liuziqi/Documents/西大Graduate/Project_base/Code/Meng_ProjectBased_DetectCodeSimilar/code-sim/results/formal-v1/batch2/pairs/R00152/right/Main.java
R00153,s050871915.java,/Users/liuziqi/Documents/西大Graduate/Project_base/Code/Meng_ProjectBased_DetectCodeSimilar/code-sim/results/formal-v1/batch2/pairs/R00153/left/Main.java,/Users/liuziqi/Documents/西大Graduate/Project_base/Code/Meng_ProjectBased_DetectCodeSimilar/code-sim/results/formal-v1/batch2/pairs/R00153/right/Main.java
R00154,s653584213.java,/Users/liuziqi/Documents/西大Graduate/Project_base/Code/Meng_ProjectBased_DetectCodeSimilar/code-sim/results/formal-v1/batch2/pairs/R00154/left/Main.java,/Users/liuziqi/Documents/西大Graduate/Project_base/Code/Meng_ProjectBased_DetectCodeSimilar/code-sim/results/formal-v1/batch2/pairs/R00154/right/Main.java
R00155,s982760860.java,/Users/liuziqi/Documents/西大Graduate/Project_base/Code/Meng_ProjectBased_DetectCodeSimilar/code-sim/results/formal-v1/batch2/pairs/R00155/left/Main.java,/Users/liuziqi/Documents/西大Graduate/Project_base/Code/Meng_ProjectBased_DetectCodeSimilar/code-sim/results/formal-v1/batch2/pairs/R00155/right/Main.java
R00156,s787635402.java,/Users/liuziqi/Documents/西大Graduate/Project_base/Code/Meng_ProjectBased_DetectCodeSimilar/code-sim/results/formal-v1/batch2/pairs/R00156/left/Main.java,/Users/liuziqi/Documents/西大Graduate/Project_base/Code/Meng_ProjectBased_DetectCodeSimilar/code-sim/results/formal-v1/batch2/pairs/R00156/right/Main.java
R00157,s755867364.java,/Users/liuziqi/Documents/西大Graduate/Project_base/Code/Meng_ProjectBased_DetectCodeSimilar/code-sim/results/formal-v1/batch2/pairs/R00157/left/Main.java,/Users/liuziqi/Documents/西大Graduate/Project_base/Code/Meng_ProjectBased_DetectCodeSimilar/code-sim/results/formal-v1/batch2/pairs/R00157/right/Main.java
R00158,s830643005.java,/Users/liuziqi/Documents/西大Graduate/Project_base/Code/Meng_ProjectBased_DetectCodeSimilar/code-sim/results/formal-v1/batch2/pairs/R00158/left/Main.java,/Users/liuziqi/Documents/西大Graduate/Project_base/Code/Meng_ProjectBased_DetectCodeSimilar/code-sim/results/formal-v1/batch2/pairs/R00158/right/Main.java
R00159,s822985726.java,/Users/liuziqi/Documents/西大Graduate/Project_base/Code/Meng_ProjectBased_DetectCodeSimilar/code-sim/results/formal-v1/batch2/pairs/R00159/left/Main.java,/Users/liuziqi/Documents/西大Graduate/Project_base/Code/Meng_ProjectBased_DetectCodeSimilar/code-sim/results/formal-v1/batch2/pairs/R00159/right/Main.java
R00160,s318954825.java,/Users/liuziqi/Documents/西大Graduate/Project_base/Code/Meng_ProjectBased_DetectCodeSimilar/code-sim/results/formal-v1/batch2/pairs/R00160/left/Main.java,/Users/liuziqi/Documents/西大Graduate/Project_base/Code/Meng_ProjectBased_DetectCodeSimilar/code-sim/results/formal-v1/batch2/pairs/R00160/right/Main.java
R00161,s758583096.java,/Users/liuziqi/Documents/西大Graduate/Project_base/Code/Meng_ProjectBased_DetectCodeSimilar/code-sim/results/formal-v1/batch2/pairs/R00161/left/Main.java,/Users/liuziqi/Documents/西大Graduate/Project_base/Code/Meng_ProjectBased_DetectCodeSimilar/code-sim/results/formal-v1/batch2/pairs/R00161/right/Main.java
R00162,s972407963.java,/Users/liuziqi/Documents/西大Graduate/Project_base/Code/Meng_ProjectBased_DetectCodeSimilar/code-sim/results/formal-v1/batch2/pairs/R00162/left/Main.java,/Users/liuziqi/Documents/西大Graduate/Project_base/Code/Meng_ProjectBased_DetectCodeSimilar/code-sim/results/formal-v1/batch2/pairs/R00162/right/Main.java
R00163,s400452990.java,/Users/liuziqi/Documents/西大Graduate/Project_base/Code/Meng_ProjectBased_DetectCodeSimilar/code-sim/results/formal-v1/batch2/pairs/R00163/left/Main.java,/Users/liuziqi/Documents/西大Graduate/Project_base/Code/Meng_ProjectBased_DetectCodeSimilar/code-sim/results/formal-v1/batch2/pairs/R00163/right/Main.java
R00164,s989469431.java,/Users/liuziqi/Documents/西大Graduate/Project_base/Code/Meng_ProjectBased_DetectCodeSimilar/code-sim/results/formal-v1/batch2/pairs/R00164/left/Main.java,/Users/liuziqi/Documents/西大Graduate/Project_base/Code/Meng_ProjectBased_DetectCodeSimilar/code-sim/results/formal-v1/batch2/pairs/R00164/right/Main.java
R00165,s274925769.java,/Users/liuziqi/Documents/西大Graduate/Project_base/Code/Meng_ProjectBased_DetectCodeSimilar/code-sim/results/formal-v1/batch2/pairs/R00165/left/Main.java,/Users/liuziqi/Documents/西大Graduate/Project_base/Code/Meng_ProjectBased_DetectCodeSimilar/code-sim/results/formal-v1/batch2/pairs/R00165/right/Main.java
R00166,s134696675.java,/Users/liuziqi/Documents/西大Graduate/Project_base/Code/Meng_ProjectBased_DetectCodeSimilar/code-sim/results/formal-v1/batch2/pairs/R00166/left/Main.java,/Users/liuziqi/Documents/西大Graduate/Project_base/Code/Meng_ProjectBased_DetectCodeSimilar/code-sim/results/formal-v1/batch2/pairs/R00166/right/Main.java
R00167,s091174827.java,/Users/liuziqi/Documents/西大Graduate/Project_base/Code/Meng_ProjectBased_DetectCodeSimilar/code-sim/results/formal-v1/batch2/pairs/R00167/left/Main.java,/Users/liuziqi/Documents/西大Graduate/Project_base/Code/Meng_ProjectBased_DetectCodeSimilar/code-sim/results/formal-v1/batch2/pairs/R00167/right/Main.java
R00168,s010936288.java,/Users/liuziqi/Documents/西大Graduate/Project_base/Code/Meng_ProjectBased_DetectCodeSimilar/code-sim/results/formal-v1/batch2/pairs/R00168/left/Main.java,/Users/liuziqi/Documents/西大Graduate/Project_base/Code/Meng_ProjectBased_DetectCodeSimilar/code-sim/results/formal-v1/batch2/pairs/R00168/right/Main.java
R00169,s295587559.java,/Users/liuziqi/Documents/西大Graduate/Project_base/Code/Meng_ProjectBased_DetectCodeSimilar/code-sim/results/formal-v1/batch2/pairs/R00169/left/Main.java,/Users/liuziqi/Documents/西大Graduate/Project_base/Code/Meng_ProjectBased_DetectCodeSimilar/code-sim/results/formal-v1/batch2/pairs/R00169/right/Main.java
R00170,s628153490.java,/Users/liuziqi/Documents/西大Graduate/Project_base/Code/Meng_ProjectBased_DetectCodeSimilar/code-sim/results/formal-v1/batch2/pairs/R00170/left/Main.java,/Users/liuziqi/Documents/西大Graduate/Project_base/Code/Meng_ProjectBased_DetectCodeSimilar/code-sim/results/formal-v1/batch2/pairs/R00170/right/Main.java
R00171,s227841185.java,/Users/liuziqi/Documents/西大Graduate/Project_base/Code/Meng_ProjectBased_DetectCodeSimilar/code-sim/results/formal-v1/batch2/pairs/R00171/left/Main.java,/Users/liuziqi/Documents/西大Graduate/Project_base/Code/Meng_ProjectBased_DetectCodeSimilar/code-sim/results/formal-v1/batch2/pairs/R00171/right/Main.java
R00172,s619244094.java,/Users/liuziqi/Documents/西大Graduate/Project_base/Code/Meng_ProjectBased_DetectCodeSimilar/code-sim/results/formal-v1/batch2/pairs/R00172/left/Main.java,/Users/liuziqi/Documents/西大Graduate/Project_base/Code/Meng_ProjectBased_DetectCodeSimilar/code-sim/results/formal-v1/batch2/pairs/R00172/right/Main.java
R00173,s368371822.java,/Users/liuziqi/Documents/西大Graduate/Project_base/Code/Meng_ProjectBased_DetectCodeSimilar/code-sim/results/formal-v1/batch2/pairs/R00173/left/Main.java,/Users/liuziqi/Documents/西大Graduate/Project_base/Code/Meng_ProjectBased_DetectCodeSimilar/code-sim/results/formal-v1/batch2/pairs/R00173/right/Main.java
R00174,s792624705.java,/Users/liuziqi/Documents/西大Graduate/Project_base/Code/Meng_ProjectBased_DetectCodeSimilar/code-sim/results/formal-v1/batch2/pairs/R00174/left/Main.java,/Users/liuziqi/Documents/西大Graduate/Project_base/Code/Meng_ProjectBased_DetectCodeSimilar/code-sim/results/formal-v1/batch2/pairs/R00174/right/Main.java
R00175,s104681613.java,/Users/liuziqi/Documents/西大Graduate/Project_base/Code/Meng_ProjectBased_DetectCodeSimilar/code-sim/results/formal-v1/batch2/pairs/R00175/left/Main.java,/Users/liuziqi/Documents/西大Graduate/Project_base/Code/Meng_ProjectBased_DetectCodeSimilar/code-sim/results/formal-v1/batch2/pairs/R00175/right/Main.java
R00176,s518836698.java,/Users/liuziqi/Documents/西大Graduate/Project_base/Code/Meng_ProjectBased_DetectCodeSimilar/code-sim/results/formal-v1/batch2/pairs/R00176/left/Main.java,/Users/liuziqi/Documents/西大Graduate/Project_base/Code/Meng_ProjectBased_DetectCodeSimilar/code-sim/results/formal-v1/batch2/pairs/R00176/right/Main.java
R00177,s843955286.java,/Users/liuziqi/Documents/西大Graduate/Project_base/Code/Meng_ProjectBased_DetectCodeSimilar/code-sim/results/formal-v1/batch2/pairs/R00177/left/Main.java,/Users/liuziqi/Documents/西大Graduate/Project_base/Code/Meng_ProjectBased_DetectCodeSimilar/code-sim/results/formal-v1/batch2/pairs/R00177/right/Main.java
R00178,s475090053.java,/Users/liuziqi/Documents/西大Graduate/Project_base/Code/Meng_ProjectBased_DetectCodeSimilar/code-sim/results/formal-v1/batch2/pairs/R00178/left/Main.java,/Users/liuziqi/Documents/西大Graduate/Project_base/Code/Meng_ProjectBased_DetectCodeSimilar/code-sim/results/formal-v1/batch2/pairs/R00178/right/Main.java
R00179,s383013683.java,/Users/liuziqi/Documents/西大Graduate/Project_base/Code/Meng_ProjectBased_DetectCodeSimilar/code-sim/results/formal-v1/batch2/pairs/R00179/left/Main.java,/Users/liuziqi/Documents/西大Graduate/Project_base/Code/Meng_ProjectBased_DetectCodeSimilar/code-sim/results/formal-v1/batch2/pairs/R00179/right/Main.java
R00180,s883499251.java,/Users/liuziqi/Documents/西大Graduate/Project_base/Code/Meng_ProjectBased_DetectCodeSimilar/code-sim/results/formal-v1/batch2/pairs/R00180/left/Main.java,/Users/liuziqi/Documents/西大Graduate/Project_base/Code/Meng_ProjectBased_DetectCodeSimilar/code-sim/results/formal-v1/batch2/pairs/R00180/right/Main.java
R00181,s067740928.java,/Users/liuziqi/Documents/西大Graduate/Project_base/Code/Meng_ProjectBased_DetectCodeSimilar/code-sim/results/formal-v1/batch2/pairs/R00181/left/Main.java,/Users/liuziqi/Documents/西大Graduate/Project_base/Code/Meng_ProjectBased_DetectCodeSimilar/code-sim/results/formal-v1/batch2/pairs/R00181/right/Main.java
R00182,s395027833.java,/Users/liuziqi/Documents/西大Graduate/Project_base/Code/Meng_ProjectBased_DetectCodeSimilar/code-sim/results/formal-v1/batch2/pairs/R00182/left/Main.java,/Users/liuziqi/Documents/西大Graduate/Project_base/Code/Meng_ProjectBased_DetectCodeSimilar/code-sim/results/formal-v1/batch2/pairs/R00182/right/Main.java
R00183,s230929956.java,/Users/liuziqi/Documents/西大Graduate/Project_base/Code/Meng_ProjectBased_DetectCodeSimilar/code-sim/results/formal-v1/batch2/pairs/R00183/left/Main.java,/Users/liuziqi/Documents/西大Graduate/Project_base/Code/Meng_ProjectBased_DetectCodeSimilar/code-sim/results/formal-v1/batch2/pairs/R00183/right/Main.java
R00184,s183998471.java,/Users/liuziqi/Documents/西大Graduate/Project_base/Code/Meng_ProjectBased_DetectCodeSimilar/code-sim/results/formal-v1/batch2/pairs/R00184/left/Main.java,/Users/liuziqi/Documents/西大Graduate/Project_base/Code/Meng_ProjectBased_DetectCodeSimilar/code-sim/results/formal-v1/batch2/pairs/R00184/right/Main.java
R00185,s171866988.java,/Users/liuziqi/Documents/西大Graduate/Project_base/Code/Meng_ProjectBased_DetectCodeSimilar/code-sim/results/formal-v1/batch2/pairs/R00185/left/Main.java,/Users/liuziqi/Documents/西大Graduate/Project_base/Code/Meng_ProjectBased_DetectCodeSimilar/code-sim/results/formal-v1/batch2/pairs/R00185/right/Main.java
R00186,s172480722.java,/Users/liuziqi/Documents/西大Graduate/Project_base/Code/Meng_ProjectBased_DetectCodeSimilar/code-sim/results/formal-v1/batch2/pairs/R00186/left/Main.java,/Users/liuziqi/Documents/西大Graduate/Project_base/Code/Meng_ProjectBased_DetectCodeSimilar/code-sim/results/formal-v1/batch2/pairs/R00186/right/Main.java
R00187,s443361015.java,/Users/liuziqi/Documents/西大Graduate/Project_base/Code/Meng_ProjectBased_DetectCodeSimilar/code-sim/results/formal-v1/batch2/pairs/R00187/left/Main.java,/Users/liuziqi/Documents/西大Graduate/Project_base/Code/Meng_ProjectBased_DetectCodeSimilar/code-sim/results/formal-v1/batch2/pairs/R00187/right/Main.java
R00188,s543206942.java,/Users/liuziqi/Documents/西大Graduate/Project_base/Code/Meng_ProjectBased_DetectCodeSimilar/code-sim/results/formal-v1/batch2/pairs/R00188/left/Main.java,/Users/liuziqi/Documents/西大Graduate/Project_base/Code/Meng_ProjectBased_DetectCodeSimilar/code-sim/results/formal-v1/batch2/pairs/R00188/right/Main.java
R00189,s183880821.java,/Users/liuziqi/Documents/西大Graduate/Project_base/Code/Meng_ProjectBased_DetectCodeSimilar/code-sim/results/formal-v1/batch2/pairs/R00189/left/Main.java,/Users/liuziqi/Documents/西大Graduate/Project_base/Code/Meng_ProjectBased_DetectCodeSimilar/code-sim/results/formal-v1/batch2/pairs/R00189/right/Main.java
R00190,s131362293.java,/Users/liuziqi/Documents/西大Graduate/Project_base/Code/Meng_ProjectBased_DetectCodeSimilar/code-sim/results/formal-v1/batch2/pairs/R00190/left/Main.java,/Users/liuziqi/Documents/西大Graduate/Project_base/Code/Meng_ProjectBased_DetectCodeSimilar/code-sim/results/formal-v1/batch2/pairs/R00190/right/Main.java
R00191,s860133794.java,/Users/liuziqi/Documents/西大Graduate/Project_base/Code/Meng_ProjectBased_DetectCodeSimilar/code-sim/results/formal-v1/batch2/pairs/R00191/left/Main.java,/Users/liuziqi/Documents/西大Graduate/Project_base/Code/Meng_ProjectBased_DetectCodeSimilar/code-sim/results/formal-v1/batch2/pairs/R00191/right/Main.java
R00192,s302001126.java,/Users/liuziqi/Documents/西大Graduate/Project_base/Code/Meng_ProjectBased_DetectCodeSimilar/code-sim/results/formal-v1/batch2/pairs/R00192/left/Main.java,/Users/liuziqi/Documents/西大Graduate/Project_base/Code/Meng_ProjectBased_DetectCodeSimilar/code-sim/results/formal-v1/batch2/pairs/R00192/right/Main.java
R00193,s097430655.java,/Users/liuziqi/Documents/西大Graduate/Project_base/Code/Meng_ProjectBased_DetectCodeSimilar/code-sim/results/formal-v1/batch2/pairs/R00193/left/Main.java,/Users/liuziqi/Documents/西大Graduate/Project_base/Code/Meng_ProjectBased_DetectCodeSimilar/code-sim/results/formal-v1/batch2/pairs/R00193/right/Main.java
R00194,s444338880.java,/Users/liuziqi/Documents/西大Graduate/Project_base/Code/Meng_ProjectBased_DetectCodeSimilar/code-sim/results/formal-v1/batch2/pairs/R00194/left/Main.java,/Users/liuziqi/Documents/西大Graduate/Project_base/Code/Meng_ProjectBased_DetectCodeSimilar/code-sim/results/formal-v1/batch2/pairs/R00194/right/Main.java
R00195,s894246292.java,/Users/liuziqi/Documents/西大Graduate/Project_base/Code/Meng_ProjectBased_DetectCodeSimilar/code-sim/results/formal-v1/batch2/pairs/R00195/left/Main.java,/Users/liuziqi/Documents/西大Graduate/Project_base/Code/Meng_ProjectBased_DetectCodeSimilar/code-sim/results/formal-v1/batch2/pairs/R00195/right/Main.java
R00196,s853334260.java,/Users/liuziqi/Documents/西大Graduate/Project_base/Code/Meng_ProjectBased_DetectCodeSimilar/code-sim/results/formal-v1/batch2/pairs/R00196/left/Main.java,/Users/liuziqi/Documents/西大Graduate/Project_base/Code/Meng_ProjectBased_DetectCodeSimilar/code-sim/results/formal-v1/batch2/pairs/R00196/right/Main.java
R00197,s627701916.java,/Users/liuziqi/Documents/西大Graduate/Project_base/Code/Meng_ProjectBased_DetectCodeSimilar/code-sim/results/formal-v1/batch2/pairs/R00197/left/Main.java,/Users/liuziqi/Documents/西大Graduate/Project_base/Code/Meng_ProjectBased_DetectCodeSimilar/code-sim/results/formal-v1/batch2/pairs/R00197/right/Main.java
R00198,s955198011.java,/Users/liuziqi/Documents/西大Graduate/Project_base/Code/Meng_ProjectBased_DetectCodeSimilar/code-sim/results/formal-v1/batch2/pairs/R00198/left/Main.java,/Users/liuziqi/Documents/西大Graduate/Project_base/Code/Meng_ProjectBased_DetectCodeSimilar/code-sim/results/formal-v1/batch2/pairs/R00198/right/Main.java
R00199,s507087834.java,/Users/liuziqi/Documents/西大Graduate/Project_base/Code/Meng_ProjectBased_DetectCodeSimilar/code-sim/results/formal-v1/batch2/pairs/R00199/left/Main.java,/Users/liuziqi/Documents/西大Graduate/Project_base/Code/Meng_ProjectBased_DetectCodeSimilar/code-sim/results/formal-v1/batch2/pairs/R00199/right/Main.java
R00200,s421955690.java,/Users/liuziqi/Documents/西大Graduate/Project_base/Code/Meng_ProjectBased_DetectCodeSimilar/code-sim/results/formal-v1/batch2/pairs/R00200/left/Main.java,/Users/liuziqi/Documents/西大Graduate/Project_base/Code/Meng_ProjectBased_DetectCodeSimilar/code-sim/results/formal-v1/batch2/pairs/R00200/right/Main.java
R00201,s101223529.java,/Users/liuziqi/Documents/西大Graduate/Project_base/Code/Meng_ProjectBased_DetectCodeSimilar/code-sim/results/formal-v1/batch2/pairs/R00201/left/Main.java,/Users/liuziqi/Documents/西大Graduate/Project_base/Code/Meng_ProjectBased_DetectCodeSimilar/code-sim/results/formal-v1/batch2/pairs/R00201/right/Main.java
R00202,s520025789.java,/Users/liuziqi/Documents/西大Graduate/Project_base/Code/Meng_ProjectBased_DetectCodeSimilar/code-sim/results/formal-v1/batch2/pairs/R00202/left/Main.java,/Users/liuziqi/Documents/西大Graduate/Project_base/Code/Meng_ProjectBased_DetectCodeSimilar/code-sim/results/formal-v1/batch2/pairs/R00202/right/Main.java
R00203,s399342659.java,/Users/liuziqi/Documents/西大Graduate/Project_base/Code/Meng_ProjectBased_DetectCodeSimilar/code-sim/results/formal-v1/batch2/pairs/R00203/left/Main.java,/Users/liuziqi/Documents/西大Graduate/Project_base/Code/Meng_ProjectBased_DetectCodeSimilar/code-sim/results/formal-v1/batch2/pairs/R00203/right/Main.java
R00204,s981496660.java,/Users/liuziqi/Documents/西大Graduate/Project_base/Code/Meng_ProjectBased_DetectCodeSimilar/code-sim/results/formal-v1/batch2/pairs/R00204/left/Main.java,/Users/liuziqi/Documents/西大Graduate/Project_base/Code/Meng_ProjectBased_DetectCodeSimilar/code-sim/results/formal-v1/batch2/pairs/R00204/right/Main.java
R00205,s993973320.java,/Users/liuziqi/Documents/西大Graduate/Project_base/Code/Meng_ProjectBased_DetectCodeSimilar/code-sim/results/formal-v1/batch2/pairs/R00205/left/Main.java,/Users/liuziqi/Documents/西大Graduate/Project_base/Code/Meng_ProjectBased_DetectCodeSimilar/code-sim/results/formal-v1/batch2/pairs/R00205/right/Main.java
R00206,s787889416.java,/Users/liuziqi/Documents/西大Graduate/Project_base/Code/Meng_ProjectBased_DetectCodeSimilar/code-sim/results/formal-v1/batch2/pairs/R00206/left/Main.java,/Users/liuziqi/Documents/西大Graduate/Project_base/Code/Meng_ProjectBased_DetectCodeSimilar/code-sim/results/formal-v1/batch2/pairs/R00206/right/Main.java
R00207,s448423391.java,/Users/liuziqi/Documents/西大Graduate/Project_base/Code/Meng_ProjectBased_DetectCodeSimilar/code-sim/results/formal-v1/batch2/pairs/R00207/left/Main.java,/Users/liuziqi/Documents/西大Graduate/Project_base/Code/Meng_ProjectBased_DetectCodeSimilar/code-sim/results/formal-v1/batch2/pairs/R00207/right/Main.java
R00208,s016734402.java,/Users/liuziqi/Documents/西大Graduate/Project_base/Code/Meng_ProjectBased_DetectCodeSimilar/code-sim/results/formal-v1/batch2/pairs/R00208/left/Main.java,/Users/liuziqi/Documents/西大Graduate/Project_base/Code/Meng_ProjectBased_DetectCodeSimilar/code-sim/results/formal-v1/batch2/pairs/R00208/right/Main.java
R00209,s647051319.java,/Users/liuziqi/Documents/西大Graduate/Project_base/Code/Meng_ProjectBased_DetectCodeSimilar/code-sim/results/formal-v1/batch2/pairs/R00209/left/Main.java,/Users/liuziqi/Documents/西大Graduate/Project_base/Code/Meng_ProjectBased_DetectCodeSimilar/code-sim/results/formal-v1/batch2/pairs/R00209/right/Main.java
R00210,s147077028.java,/Users/liuziqi/Documents/西大Graduate/Project_base/Code/Meng_ProjectBased_DetectCodeSimilar/code-sim/results/formal-v1/batch2/pairs/R00210/left/Main.java,/Users/liuziqi/Documents/西大Graduate/Project_base/Code/Meng_ProjectBased_DetectCodeSimilar/code-sim/results/formal-v1/batch2/pairs/R00210/right/Main.java
R00211,s290273142.java,/Users/liuziqi/Documents/西大Graduate/Project_base/Code/Meng_ProjectBased_DetectCodeSimilar/code-sim/results/formal-v1/batch2/pairs/R00211/left/Main.java,/Users/liuziqi/Documents/西大Graduate/Project_base/Code/Meng_ProjectBased_DetectCodeSimilar/code-sim/results/formal-v1/batch2/pairs/R00211/right/Main.java
R00212,s947570064.java,/Users/liuziqi/Documents/西大Graduate/Project_base/Code/Meng_ProjectBased_DetectCodeSimilar/code-sim/results/formal-v1/batch2/pairs/R00212/left/Main.java,/Users/liuziqi/Documents/西大Graduate/Project_base/Code/Meng_ProjectBased_DetectCodeSimilar/code-sim/results/formal-v1/batch2/pairs/R00212/right/Main.java
R00213,s522472695.java,/Users/liuziqi/Documents/西大Graduate/Project_base/Code/Meng_ProjectBased_DetectCodeSimilar/code-sim/results/formal-v1/batch2/pairs/R00213/left/Main.java,/Users/liuziqi/Documents/西大Graduate/Project_base/Code/Meng_ProjectBased_DetectCodeSimilar/code-sim/results/formal-v1/batch2/pairs/R00213/right/Main.java
R00214,s184318415.java,/Users/liuziqi/Documents/西大Graduate/Project_base/Code/Meng_ProjectBased_DetectCodeSimilar/code-sim/results/formal-v1/batch2/pairs/R00214/left/Main.java,/Users/liuziqi/Documents/西大Graduate/Project_base/Code/Meng_ProjectBased_DetectCodeSimilar/code-sim/results/formal-v1/batch2/pairs/R00214/right/Main.java
R00215,s064237085.java,/Users/liuziqi/Documents/西大Graduate/Project_base/Code/Meng_ProjectBased_DetectCodeSimilar/code-sim/results/formal-v1/batch2/pairs/R00215/left/Main.java,/Users/liuziqi/Documents/西大Graduate/Project_base/Code/Meng_ProjectBased_DetectCodeSimilar/code-sim/results/formal-v1/batch2/pairs/R00215/right/Main.java
R00216,s995910393.java,/Users/liuziqi/Documents/西大Graduate/Project_base/Code/Meng_ProjectBased_DetectCodeSimilar/code-sim/results/formal-v1/batch2/pairs/R00216/left/Main.java,/Users/liuziqi/Documents/西大Graduate/Project_base/Code/Meng_ProjectBased_DetectCodeSimilar/code-sim/results/formal-v1/batch2/pairs/R00216/right/Main.java
R00217,s032770241.java,/Users/liuziqi/Documents/西大Graduate/Project_base/Code/Meng_ProjectBased_DetectCodeSimilar/code-sim/results/formal-v1/batch2/pairs/R00217/left/Main.java,/Users/liuziqi/Documents/西大Graduate/Project_base/Code/Meng_ProjectBased_DetectCodeSimilar/code-sim/results/formal-v1/batch2/pairs/R00217/right/Main.java
R00218,s862568216.java,/Users/liuziqi/Documents/西大Graduate/Project_base/Code/Meng_ProjectBased_DetectCodeSimilar/code-sim/results/formal-v1/batch2/pairs/R00218/left/Main.java,/Users/liuziqi/Documents/西大Graduate/Project_base/Code/Meng_ProjectBased_DetectCodeSimilar/code-sim/results/formal-v1/batch2/pairs/R00218/right/Main.java
R00219,s581240291.java,/Users/liuziqi/Documents/西大Graduate/Project_base/Code/Meng_ProjectBased_DetectCodeSimilar/code-sim/results/formal-v1/batch2/pairs/R00219/left/Main.java,/Users/liuziqi/Documents/西大Graduate/Project_base/Code/Meng_ProjectBased_DetectCodeSimilar/code-sim/results/formal-v1/batch2/pairs/R00219/right/Main.java
R00220,s357497128.java,/Users/liuziqi/Documents/西大Graduate/Project_base/Code/Meng_ProjectBased_DetectCodeSimilar/code-sim/results/formal-v1/batch2/pairs/R00220/left/Main.java,/Users/liuziqi/Documents/西大Graduate/Project_base/Code/Meng_ProjectBased_DetectCodeSimilar/code-sim/results/formal-v1/batch2/pairs/R00220/right/Main.java
R00221,s507520790.java,/Users/liuziqi/Documents/西大Graduate/Project_base/Code/Meng_ProjectBased_DetectCodeSimilar/code-sim/results/formal-v1/batch2/pairs/R00221/left/Main.java,/Users/liuziqi/Documents/西大Graduate/Project_base/Code/Meng_ProjectBased_DetectCodeSimilar/code-sim/results/formal-v1/batch2/pairs/R00221/right/Main.java
R00222,s277599648.java,/Users/liuziqi/Documents/西大Graduate/Project_base/Code/Meng_ProjectBased_DetectCodeSimilar/code-sim/results/formal-v1/batch2/pairs/R00222/left/Main.java,/Users/liuziqi/Documents/西大Graduate/Project_base/Code/Meng_ProjectBased_DetectCodeSimilar/code-sim/results/formal-v1/batch2/pairs/R00222/right/Main.java
R00223,s292343735.java,/Users/liuziqi/Documents/西大Graduate/Project_base/Code/Meng_ProjectBased_DetectCodeSimilar/code-sim/results/formal-v1/batch2/pairs/R00223/left/Main.java,/Users/liuziqi/Documents/西大Graduate/Project_base/Code/Meng_ProjectBased_DetectCodeSimilar/code-sim/results/formal-v1/batch2/pairs/R00223/right/Main.java
R00224,s930682368.java,/Users/liuziqi/Documents/西大Graduate/Project_base/Code/Meng_ProjectBased_DetectCodeSimilar/code-sim/results/formal-v1/batch2/pairs/R00224/left/Main.java,/Users/liuziqi/Documents/西大Graduate/Project_base/Code/Meng_ProjectBased_DetectCodeSimilar/code-sim/results/formal-v1/batch2/pairs/R00224/right/Main.java
R00225,s702026392.java,/Users/liuziqi/Documents/西大Graduate/Project_base/Code/Meng_ProjectBased_DetectCodeSimilar/code-sim/results/formal-v1/batch2/pairs/R00225/left/Main.java,/Users/liuziqi/Documents/西大Graduate/Project_base/Code/Meng_ProjectBased_DetectCodeSimilar/code-sim/results/formal-v1/batch2/pairs/R00225/right/Main.java
R00226,s199479729.java,/Users/liuziqi/Documents/西大Graduate/Project_base/Code/Meng_ProjectBased_DetectCodeSimilar/code-sim/results/formal-v1/batch2/pairs/R00226/left/Main.java,/Users/liuziqi/Documents/西大Graduate/Project_base/Code/Meng_ProjectBased_DetectCodeSimilar/code-sim/results/formal-v1/batch2/pairs/R00226/right/Main.java
R00227,s681259534.java,/Users/liuziqi/Documents/西大Graduate/Project_base/Code/Meng_ProjectBased_DetectCodeSimilar/code-sim/results/formal-v1/batch2/pairs/R00227/left/Main.java,/Users/liuziqi/Documents/西大Graduate/Project_base/Code/Meng_ProjectBased_DetectCodeSimilar/code-sim/results/formal-v1/batch2/pairs/R00227/right/Main.java
R00228,s927040537.java,/Users/liuziqi/Documents/西大Graduate/Project_base/Code/Meng_ProjectBased_DetectCodeSimilar/code-sim/results/formal-v1/batch2/pairs/R00228/left/Main.java,/Users/liuziqi/Documents/西大Graduate/Project_base/Code/Meng_ProjectBased_DetectCodeSimilar/code-sim/results/formal-v1/batch2/pairs/R00228/right/Main.java
R00229,s044119719.java,/Users/liuziqi/Documents/西大Graduate/Project_base/Code/Meng_ProjectBased_DetectCodeSimilar/code-sim/results/formal-v1/batch2/pairs/R00229/left/Main.java,/Users/liuziqi/Documents/西大Graduate/Project_base/Code/Meng_ProjectBased_DetectCodeSimilar/code-sim/results/formal-v1/batch2/pairs/R00229/right/Main.java
R00230,s479292254.java,/Users/liuziqi/Documents/西大Graduate/Project_base/Code/Meng_ProjectBased_DetectCodeSimilar/code-sim/results/formal-v1/batch2/pairs/R00230/left/Main.java,/Users/liuziqi/Documents/西大Graduate/Project_base/Code/Meng_ProjectBased_DetectCodeSimilar/code-sim/results/formal-v1/batch2/pairs/R00230/right/Main.java
R00231,s742691879.java,/Users/liuziqi/Documents/西大Graduate/Project_base/Code/Meng_ProjectBased_DetectCodeSimilar/code-sim/results/formal-v1/batch2/pairs/R00231/left/Main.java,/Users/liuziqi/Documents/西大Graduate/Project_base/Code/Meng_ProjectBased_DetectCodeSimilar/code-sim/results/formal-v1/batch2/pairs/R00231/right/Main.java
R00232,s662500738.java,/Users/liuziqi/Documents/西大Graduate/Project_base/Code/Meng_ProjectBased_DetectCodeSimilar/code-sim/results/formal-v1/batch2/pairs/R00232/left/Main.java,/Users/liuziqi/Documents/西大Graduate/Project_base/Code/Meng_ProjectBased_DetectCodeSimilar/code-sim/results/formal-v1/batch2/pairs/R00232/right/Main.java
R00233,s029944267.java,/Users/liuziqi/Documents/西大Graduate/Project_base/Code/Meng_ProjectBased_DetectCodeSimilar/code-sim/results/formal-v1/batch2/pairs/R00233/left/Main.java,/Users/liuziqi/Documents/西大Graduate/Project_base/Code/Meng_ProjectBased_DetectCodeSimilar/code-sim/results/formal-v1/batch2/pairs/R00233/right/Main.java
R00234,s509931399.java,/Users/liuziqi/Documents/西大Graduate/Project_base/Code/Meng_ProjectBased_DetectCodeSimilar/code-sim/results/formal-v1/batch2/pairs/R00234/left/Main.java,/Users/liuziqi/Documents/西大Graduate/Project_base/Code/Meng_ProjectBased_DetectCodeSimilar/code-sim/results/formal-v1/batch2/pairs/R00234/right/Main.java
R00235,s439919659.java,/Users/liuziqi/Documents/西大Graduate/Project_base/Code/Meng_ProjectBased_DetectCodeSimilar/code-sim/results/formal-v1/batch2/pairs/R00235/left/Main.java,/Users/liuziqi/Documents/西大Graduate/Project_base/Code/Meng_ProjectBased_DetectCodeSimilar/code-sim/results/formal-v1/batch2/pairs/R00235/right/Main.java
R00236,s141572393.java,/Users/liuziqi/Documents/西大Graduate/Project_base/Code/Meng_ProjectBased_DetectCodeSimilar/code-sim/results/formal-v1/batch2/pairs/R00236/left/Main.java,/Users/liuziqi/Documents/西大Graduate/Project_base/Code/Meng_ProjectBased_DetectCodeSimilar/code-sim/results/formal-v1/batch2/pairs/R00236/right/Main.java
R00237,s904377390.java,/Users/liuziqi/Documents/西大Graduate/Project_base/Code/Meng_ProjectBased_DetectCodeSimilar/code-sim/results/formal-v1/batch2/pairs/R00237/left/Main.java,/Users/liuziqi/Documents/西大Graduate/Project_base/Code/Meng_ProjectBased_DetectCodeSimilar/code-sim/results/formal-v1/batch2/pairs/R00237/right/Main.java
R00238,s072689638.java,/Users/liuziqi/Documents/西大Graduate/Project_base/Code/Meng_ProjectBased_DetectCodeSimilar/code-sim/results/formal-v1/batch2/pairs/R00238/left/Main.java,/Users/liuziqi/Documents/西大Graduate/Project_base/Code/Meng_ProjectBased_DetectCodeSimilar/code-sim/results/formal-v1/batch2/pairs/R00238/right/Main.java
R00239,s087363475.java,/Users/liuziqi/Documents/西大Graduate/Project_base/Code/Meng_ProjectBased_DetectCodeSimilar/code-sim/results/formal-v1/batch2/pairs/R00239/left/Main.java,/Users/liuziqi/Documents/西大Graduate/Project_base/Code/Meng_ProjectBased_DetectCodeSimilar/code-sim/results/formal-v1/batch2/pairs/R00239/right/Main.java
R00240,s206411632.java,/Users/liuziqi/Documents/西大Graduate/Project_base/Code/Meng_ProjectBased_DetectCodeSimilar/code-sim/results/formal-v1/batch2/pairs/R00240/left/Main.java,/Users/liuziqi/Documents/西大Graduate/Project_base/Code/Meng_ProjectBased_DetectCodeSimilar/code-sim/results/formal-v1/batch2/pairs/R00240/right/Main.java
R00241,s134693698.java,/Users/liuziqi/Documents/西大Graduate/Project_base/Code/Meng_ProjectBased_DetectCodeSimilar/code-sim/results/formal-v1/batch2/pairs/R00241/left/Main.java,/Users/liuziqi/Documents/西大Graduate/Project_base/Code/Meng_ProjectBased_DetectCodeSimilar/code-sim/results/formal-v1/batch2/pairs/R00241/right/Main.java
R00242,s939649844.java,/Users/liuziqi/Documents/西大Graduate/Project_base/Code/Meng_ProjectBased_DetectCodeSimilar/code-sim/results/formal-v1/batch2/pairs/R00242/left/Main.java,/Users/liuziqi/Documents/西大Graduate/Project_base/Code/Meng_ProjectBased_DetectCodeSimilar/code-sim/results/formal-v1/batch2/pairs/R00242/right/Main.java
R00243,s358688257.java,/Users/liuziqi/Documents/西大Graduate/Project_base/Code/Meng_ProjectBased_DetectCodeSimilar/code-sim/results/formal-v1/batch2/pairs/R00243/left/Main.java,/Users/liuziqi/Documents/西大Graduate/Project_base/Code/Meng_ProjectBased_DetectCodeSimilar/code-sim/results/formal-v1/batch2/pairs/R00243/right/Main.java
R00244,s474790538.java,/Users/liuziqi/Documents/西大Graduate/Project_base/Code/Meng_ProjectBased_DetectCodeSimilar/code-sim/results/formal-v1/batch2/pairs/R00244/left/Main.java,/Users/liuziqi/Documents/西大Graduate/Project_base/Code/Meng_ProjectBased_DetectCodeSimilar/code-sim/results/formal-v1/batch2/pairs/R00244/right/Main.java
R00245,s857257523.java,/Users/liuziqi/Documents/西大Graduate/Project_base/Code/Meng_ProjectBased_DetectCodeSimilar/code-sim/results/formal-v1/batch2/pairs/R00245/left/Main.java,/Users/liuziqi/Documents/西大Graduate/Project_base/Code/Meng_ProjectBased_DetectCodeSimilar/code-sim/results/formal-v1/batch2/pairs/R00245/right/Main.java
R00246,s726335607.java,/Users/liuziqi/Documents/西大Graduate/Project_base/Code/Meng_ProjectBased_DetectCodeSimilar/code-sim/results/formal-v1/batch2/pairs/R00246/left/Main.java,/Users/liuziqi/Documents/西大Graduate/Project_base/Code/Meng_ProjectBased_DetectCodeSimilar/code-sim/results/formal-v1/batch2/pairs/R00246/right/Main.java
R00247,s718588486.java,/Users/liuziqi/Documents/西大Graduate/Project_base/Code/Meng_ProjectBased_DetectCodeSimilar/code-sim/results/formal-v1/batch2/pairs/R00247/left/Main.java,/Users/liuziqi/Documents/西大Graduate/Project_base/Code/Meng_ProjectBased_DetectCodeSimilar/code-sim/results/formal-v1/batch2/pairs/R00247/right/Main.java
R00248,s899477169.java,/Users/liuziqi/Documents/西大Graduate/Project_base/Code/Meng_ProjectBased_DetectCodeSimilar/code-sim/results/formal-v1/batch2/pairs/R00248/left/Main.java,/Users/liuziqi/Documents/西大Graduate/Project_base/Code/Meng_ProjectBased_DetectCodeSimilar/code-sim/results/formal-v1/batch2/pairs/R00248/right/Main.java
R00249,s405598621.java,/Users/liuziqi/Documents/西大Graduate/Project_base/Code/Meng_ProjectBased_DetectCodeSimilar/code-sim/results/formal-v1/batch2/pairs/R00249/left/Main.java,/Users/liuziqi/Documents/西大Graduate/Project_base/Code/Meng_ProjectBased_DetectCodeSimilar/code-sim/results/formal-v1/batch2/pairs/R00249/right/Main.java
R00250,s685209561.java,/Users/liuziqi/Documents/西大Graduate/Project_base/Code/Meng_ProjectBased_DetectCodeSimilar/code-sim/results/formal-v1/batch2/pairs/R00250/left/Main.java,/Users/liuziqi/Documents/西大Graduate/Project_base/Code/Meng_ProjectBased_DetectCodeSimilar/code-sim/results/formal-v1/batch2/pairs/R00250/right/Main.java
R00251,s128479524.java,/Users/liuziqi/Documents/西大Graduate/Project_base/Code/Meng_ProjectBased_DetectCodeSimilar/code-sim/results/formal-v1/batch2/pairs/R00251/left/Main.java,/Users/liuziqi/Documents/西大Graduate/Project_base/Code/Meng_ProjectBased_DetectCodeSimilar/code-sim/results/formal-v1/batch2/pairs/R00251/right/Main.java
R00252,s217518835.java,/Users/liuziqi/Documents/西大Graduate/Project_base/Code/Meng_ProjectBased_DetectCodeSimilar/code-sim/results/formal-v1/batch2/pairs/R00252/left/Main.java,/Users/liuziqi/Documents/西大Graduate/Project_base/Code/Meng_ProjectBased_DetectCodeSimilar/code-sim/results/formal-v1/batch2/pairs/R00252/right/Main.java
R00253,s483834292.java,/Users/liuziqi/Documents/西大Graduate/Project_base/Code/Meng_ProjectBased_DetectCodeSimilar/code-sim/results/formal-v1/batch2/pairs/R00253/left/Main.java,/Users/liuziqi/Documents/西大Graduate/Project_base/Code/Meng_ProjectBased_DetectCodeSimilar/code-sim/results/formal-v1/batch2/pairs/R00253/right/Main.java
R00254,s645515764.java,/Users/liuziqi/Documents/西大Graduate/Project_base/Code/Meng_ProjectBased_DetectCodeSimilar/code-sim/results/formal-v1/batch2/pairs/R00254/left/Main.java,/Users/liuziqi/Documents/西大Graduate/Project_base/Code/Meng_ProjectBased_DetectCodeSimilar/code-sim/results/formal-v1/batch2/pairs/R00254/right/Main.java
R00255,s718415294.java,/Users/liuziqi/Documents/西大Graduate/Project_base/Code/Meng_ProjectBased_DetectCodeSimilar/code-sim/results/formal-v1/batch2/pairs/R00255/left/Main.java,/Users/liuziqi/Documents/西大Graduate/Project_base/Code/Meng_ProjectBased_DetectCodeSimilar/code-sim/results/formal-v1/batch2/pairs/R00255/right/Main.java
R00256,s784574281.java,/Users/liuziqi/Documents/西大Graduate/Project_base/Code/Meng_ProjectBased_DetectCodeSimilar/code-sim/results/formal-v1/batch2/pairs/R00256/left/Main.java,/Users/liuziqi/Documents/西大Graduate/Project_base/Code/Meng_ProjectBased_DetectCodeSimilar/code-sim/results/formal-v1/batch2/pairs/R00256/right/Main.java
R00257,s082811238.java,/Users/liuziqi/Documents/西大Graduate/Project_base/Code/Meng_ProjectBased_DetectCodeSimilar/code-sim/results/formal-v1/batch2/pairs/R00257/left/Main.java,/Users/liuziqi/Documents/西大Graduate/Project_base/Code/Meng_ProjectBased_DetectCodeSimilar/code-sim/results/formal-v1/batch2/pairs/R00257/right/Main.java
R00258,s647282445.java,/Users/liuziqi/Documents/西大Graduate/Project_base/Code/Meng_ProjectBased_DetectCodeSimilar/code-sim/results/formal-v1/batch2/pairs/R00258/left/Main.java,/Users/liuziqi/Documents/西大Graduate/Project_base/Code/Meng_ProjectBased_DetectCodeSimilar/code-sim/results/formal-v1/batch2/pairs/R00258/right/Main.java
R00259,s330170496.java,/Users/liuziqi/Documents/西大Graduate/Project_base/Code/Meng_ProjectBased_DetectCodeSimilar/code-sim/results/formal-v1/batch2/pairs/R00259/left/Main.java,/Users/liuziqi/Documents/西大Graduate/Project_base/Code/Meng_ProjectBased_DetectCodeSimilar/code-sim/results/formal-v1/batch2/pairs/R00259/right/Main.java
R00260,s765088646.java,/Users/liuziqi/Documents/西大Graduate/Project_base/Code/Meng_ProjectBased_DetectCodeSimilar/code-sim/results/formal-v1/batch2/pairs/R00260/left/Main.java,/Users/liuziqi/Documents/西大Graduate/Project_base/Code/Meng_ProjectBased_DetectCodeSimilar/code-sim/results/formal-v1/batch2/pairs/R00260/right/Main.java
R00261,s558275469.java,/Users/liuziqi/Documents/西大Graduate/Project_base/Code/Meng_ProjectBased_DetectCodeSimilar/code-sim/results/formal-v1/batch2/pairs/R00261/left/Main.java,/Users/liuziqi/Documents/西大Graduate/Project_base/Code/Meng_ProjectBased_DetectCodeSimilar/code-sim/results/formal-v1/batch2/pairs/R00261/right/Main.java
R00262,s880516653.java,/Users/liuziqi/Documents/西大Graduate/Project_base/Code/Meng_ProjectBased_DetectCodeSimilar/code-sim/results/formal-v1/batch2/pairs/R00262/left/Main.java,/Users/liuziqi/Documents/西大Graduate/Project_base/Code/Meng_ProjectBased_DetectCodeSimilar/code-sim/results/formal-v1/batch2/pairs/R00262/right/Main.java
R00263,s124092036.java,/Users/liuziqi/Documents/西大Graduate/Project_base/Code/Meng_ProjectBased_DetectCodeSimilar/code-sim/results/formal-v1/batch2/pairs/R00263/left/Main.java,/Users/liuziqi/Documents/西大Graduate/Project_base/Code/Meng_ProjectBased_DetectCodeSimilar/code-sim/results/formal-v1/batch2/pairs/R00263/right/Main.java
R00264,s652653346.java,/Users/liuziqi/Documents/西大Graduate/Project_base/Code/Meng_ProjectBased_DetectCodeSimilar/code-sim/results/formal-v1/batch2/pairs/R00264/left/Main.java,/Users/liuziqi/Documents/西大Graduate/Project_base/Code/Meng_ProjectBased_DetectCodeSimilar/code-sim/results/formal-v1/batch2/pairs/R00264/right/Main.java
R00265,s323102608.java,/Users/liuziqi/Documents/西大Graduate/Project_base/Code/Meng_ProjectBased_DetectCodeSimilar/code-sim/results/formal-v1/batch2/pairs/R00265/left/Main.java,/Users/liuziqi/Documents/西大Graduate/Project_base/Code/Meng_ProjectBased_DetectCodeSimilar/code-sim/results/formal-v1/batch2/pairs/R00265/right/Main.java
R00266,s088187319.java,/Users/liuziqi/Documents/西大Graduate/Project_base/Code/Meng_ProjectBased_DetectCodeSimilar/code-sim/results/formal-v1/batch2/pairs/R00266/left/Main.java,/Users/liuziqi/Documents/西大Graduate/Project_base/Code/Meng_ProjectBased_DetectCodeSimilar/code-sim/results/formal-v1/batch2/pairs/R00266/right/Main.java
R00267,s315982525.java,/Users/liuziqi/Documents/西大Graduate/Project_base/Code/Meng_ProjectBased_DetectCodeSimilar/code-sim/results/formal-v1/batch2/pairs/R00267/left/Main.java,/Users/liuziqi/Documents/西大Graduate/Project_base/Code/Meng_ProjectBased_DetectCodeSimilar/code-sim/results/formal-v1/batch2/pairs/R00267/right/Main.java
R00268,s306397566.java,/Users/liuziqi/Documents/西大Graduate/Project_base/Code/Meng_ProjectBased_DetectCodeSimilar/code-sim/results/formal-v1/batch2/pairs/R00268/left/Main.java,/Users/liuziqi/Documents/西大Graduate/Project_base/Code/Meng_ProjectBased_DetectCodeSimilar/code-sim/results/formal-v1/batch2/pairs/R00268/right/Main.java
R00269,s943852132.java,/Users/liuziqi/Documents/西大Graduate/Project_base/Code/Meng_ProjectBased_DetectCodeSimilar/code-sim/results/formal-v1/batch2/pairs/R00269/left/Main.java,/Users/liuziqi/Documents/西大Graduate/Project_base/Code/Meng_ProjectBased_DetectCodeSimilar/code-sim/results/formal-v1/batch2/pairs/R00269/right/Main.java
R00270,s762258692.java,/Users/liuziqi/Documents/西大Graduate/Project_base/Code/Meng_ProjectBased_DetectCodeSimilar/code-sim/results/formal-v1/batch2/pairs/R00270/left/Main.java,/Users/liuziqi/Documents/西大Graduate/Project_base/Code/Meng_ProjectBased_DetectCodeSimilar/code-sim/results/formal-v1/batch2/pairs/R00270/right/Main.java
R00271,s169448615.java,/Users/liuziqi/Documents/西大Graduate/Project_base/Code/Meng_ProjectBased_DetectCodeSimilar/code-sim/results/formal-v1/batch2/pairs/R00271/left/Main.java,/Users/liuziqi/Documents/西大Graduate/Project_base/Code/Meng_ProjectBased_DetectCodeSimilar/code-sim/results/formal-v1/batch2/pairs/R00271/right/Main.java
R00272,s513938303.java,/Users/liuziqi/Documents/西大Graduate/Project_base/Code/Meng_ProjectBased_DetectCodeSimilar/code-sim/results/formal-v1/batch2/pairs/R00272/left/Main.java,/Users/liuziqi/Documents/西大Graduate/Project_base/Code/Meng_ProjectBased_DetectCodeSimilar/code-sim/results/formal-v1/batch2/pairs/R00272/right/Main.java
R00273,s018383493.java,/Users/liuziqi/Documents/西大Graduate/Project_base/Code/Meng_ProjectBased_DetectCodeSimilar/code-sim/results/formal-v1/batch2/pairs/R00273/left/Main.java,/Users/liuziqi/Documents/西大Graduate/Project_base/Code/Meng_ProjectBased_DetectCodeSimilar/code-sim/results/formal-v1/batch2/pairs/R00273/right/Main.java
R00274,s103729699.java,/Users/liuziqi/Documents/西大Graduate/Project_base/Code/Meng_ProjectBased_DetectCodeSimilar/code-sim/results/formal-v1/batch2/pairs/R00274/left/Main.java,/Users/liuziqi/Documents/西大Graduate/Project_base/Code/Meng_ProjectBased_DetectCodeSimilar/code-sim/results/formal-v1/batch2/pairs/R00274/right/Main.java
R00275,s166338932.java,/Users/liuziqi/Documents/西大Graduate/Project_base/Code/Meng_ProjectBased_DetectCodeSimilar/code-sim/results/formal-v1/batch2/pairs/R00275/left/Main.java,/Users/liuziqi/Documents/西大Graduate/Project_base/Code/Meng_ProjectBased_DetectCodeSimilar/code-sim/results/formal-v1/batch2/pairs/R00275/right/Main.java
R00276,s264563917.java,/Users/liuziqi/Documents/西大Graduate/Project_base/Code/Meng_ProjectBased_DetectCodeSimilar/code-sim/results/formal-v1/batch2/pairs/R00276/left/Main.java,/Users/liuziqi/Documents/西大Graduate/Project_base/Code/Meng_ProjectBased_DetectCodeSimilar/code-sim/results/formal-v1/batch2/pairs/R00276/right/Main.java
R00277,s090649302.java,/Users/liuziqi/Documents/西大Graduate/Project_base/Code/Meng_ProjectBased_DetectCodeSimilar/code-sim/results/formal-v1/batch2/pairs/R00277/left/Main.java,/Users/liuziqi/Documents/西大Graduate/Project_base/Code/Meng_ProjectBased_DetectCodeSimilar/code-sim/results/formal-v1/batch2/pairs/R00277/right/Main.java
R00278,s761638504.java,/Users/liuziqi/Documents/西大Graduate/Project_base/Code/Meng_ProjectBased_DetectCodeSimilar/code-sim/results/formal-v1/batch2/pairs/R00278/left/Main.java,/Users/liuziqi/Documents/西大Graduate/Project_base/Code/Meng_ProjectBased_DetectCodeSimilar/code-sim/results/formal-v1/batch2/pairs/R00278/right/Main.java
R00279,s760569117.java,/Users/liuziqi/Documents/西大Graduate/Project_base/Code/Meng_ProjectBased_DetectCodeSimilar/code-sim/results/formal-v1/batch2/pairs/R00279/left/Main.java,/Users/liuziqi/Documents/西大Graduate/Project_base/Code/Meng_ProjectBased_DetectCodeSimilar/code-sim/results/formal-v1/batch2/pairs/R00279/right/Main.java
R00280,s243474527.java,/Users/liuziqi/Documents/西大Graduate/Project_base/Code/Meng_ProjectBased_DetectCodeSimilar/code-sim/results/formal-v1/batch2/pairs/R00280/left/Main.java,/Users/liuziqi/Documents/西大Graduate/Project_base/Code/Meng_ProjectBased_DetectCodeSimilar/code-sim/results/formal-v1/batch2/pairs/R00280/right/Main.java
R00281,s412672140.java,/Users/liuziqi/Documents/西大Graduate/Project_base/Code/Meng_ProjectBased_DetectCodeSimilar/code-sim/results/formal-v1/batch2/pairs/R00281/left/Main.java,/Users/liuziqi/Documents/西大Graduate/Project_base/Code/Meng_ProjectBased_DetectCodeSimilar/code-sim/results/formal-v1/batch2/pairs/R00281/right/Main.java
R00282,s025306075.java,/Users/liuziqi/Documents/西大Graduate/Project_base/Code/Meng_ProjectBased_DetectCodeSimilar/code-sim/results/formal-v1/batch2/pairs/R00282/left/Main.java,/Users/liuziqi/Documents/西大Graduate/Project_base/Code/Meng_ProjectBased_DetectCodeSimilar/code-sim/results/formal-v1/batch2/pairs/R00282/right/Main.java
R00283,s981903640.java,/Users/liuziqi/Documents/西大Graduate/Project_base/Code/Meng_ProjectBased_DetectCodeSimilar/code-sim/results/formal-v1/batch2/pairs/R00283/left/Main.java,/Users/liuziqi/Documents/西大Graduate/Project_base/Code/Meng_ProjectBased_DetectCodeSimilar/code-sim/results/formal-v1/batch2/pairs/R00283/right/Main.java
R00284,s968346572.java,/Users/liuziqi/Documents/西大Graduate/Project_base/Code/Meng_ProjectBased_DetectCodeSimilar/code-sim/results/formal-v1/batch2/pairs/R00284/left/Main.java,/Users/liuziqi/Documents/西大Graduate/Project_base/Code/Meng_ProjectBased_DetectCodeSimilar/code-sim/results/formal-v1/batch2/pairs/R00284/right/Main.java
R00285,s056568287.java,/Users/liuziqi/Documents/西大Graduate/Project_base/Code/Meng_ProjectBased_DetectCodeSimilar/code-sim/results/formal-v1/batch2/pairs/R00285/left/Main.java,/Users/liuziqi/Documents/西大Graduate/Project_base/Code/Meng_ProjectBased_DetectCodeSimilar/code-sim/results/formal-v1/batch2/pairs/R00285/right/Main.java
R00286,s800571363.java,/Users/liuziqi/Documents/西大Graduate/Project_base/Code/Meng_ProjectBased_DetectCodeSimilar/code-sim/results/formal-v1/batch2/pairs/R00286/left/Main.java,/Users/liuziqi/Documents/西大Graduate/Project_base/Code/Meng_ProjectBased_DetectCodeSimilar/code-sim/results/formal-v1/batch2/pairs/R00286/right/Main.java
R00287,s493258777.java,/Users/liuziqi/Documents/西大Graduate/Project_base/Code/Meng_ProjectBased_DetectCodeSimilar/code-sim/results/formal-v1/batch2/pairs/R00287/left/Main.java,/Users/liuziqi/Documents/西大Graduate/Project_base/Code/Meng_ProjectBased_DetectCodeSimilar/code-sim/results/formal-v1/batch2/pairs/R00287/right/Main.java
R00288,s744703398.java,/Users/liuziqi/Documents/西大Graduate/Project_base/Code/Meng_ProjectBased_DetectCodeSimilar/code-sim/results/formal-v1/batch2/pairs/R00288/left/Main.java,/Users/liuziqi/Documents/西大Graduate/Project_base/Code/Meng_ProjectBased_DetectCodeSimilar/code-sim/results/formal-v1/batch2/pairs/R00288/right/Main.java
R00289,s355253302.java,/Users/liuziqi/Documents/西大Graduate/Project_base/Code/Meng_ProjectBased_DetectCodeSimilar/code-sim/results/formal-v1/batch2/pairs/R00289/left/Main.java,/Users/liuziqi/Documents/西大Graduate/Project_base/Code/Meng_ProjectBased_DetectCodeSimilar/code-sim/results/formal-v1/batch2/pairs/R00289/right/Main.java
R00290,s414982034.java,/Users/liuziqi/Documents/西大Graduate/Project_base/Code/Meng_ProjectBased_DetectCodeSimilar/code-sim/results/formal-v1/batch2/pairs/R00290/left/Main.java,/Users/liuziqi/Documents/西大Graduate/Project_base/Code/Meng_ProjectBased_DetectCodeSimilar/code-sim/results/formal-v1/batch2/pairs/R00290/right/Main.java
R00291,s846673019.java,/Users/liuziqi/Documents/西大Graduate/Project_base/Code/Meng_ProjectBased_DetectCodeSimilar/code-sim/results/formal-v1/batch2/pairs/R00291/left/Main.java,/Users/liuziqi/Documents/西大Graduate/Project_base/Code/Meng_ProjectBased_DetectCodeSimilar/code-sim/results/formal-v1/batch2/pairs/R00291/right/Main.java
R00292,s086010947.java,/Users/liuziqi/Documents/西大Graduate/Project_base/Code/Meng_ProjectBased_DetectCodeSimilar/code-sim/results/formal-v1/batch2/pairs/R00292/left/Main.java,/Users/liuziqi/Documents/西大Graduate/Project_base/Code/Meng_ProjectBased_DetectCodeSimilar/code-sim/results/formal-v1/batch2/pairs/R00292/right/Main.java
R00293,s602654291.java,/Users/liuziqi/Documents/西大Graduate/Project_base/Code/Meng_ProjectBased_DetectCodeSimilar/code-sim/results/formal-v1/batch2/pairs/R00293/left/Main.java,/Users/liuziqi/Documents/西大Graduate/Project_base/Code/Meng_ProjectBased_DetectCodeSimilar/code-sim/results/formal-v1/batch2/pairs/R00293/right/Main.java
R00294,s637552092.java,/Users/liuziqi/Documents/西大Graduate/Project_base/Code/Meng_ProjectBased_DetectCodeSimilar/code-sim/results/formal-v1/batch2/pairs/R00294/left/Main.java,/Users/liuziqi/Documents/西大Graduate/Project_base/Code/Meng_ProjectBased_DetectCodeSimilar/code-sim/results/formal-v1/batch2/pairs/R00294/right/Main.java
R00295,s792368634.java,/Users/liuziqi/Documents/西大Graduate/Project_base/Code/Meng_ProjectBased_DetectCodeSimilar/code-sim/results/formal-v1/batch2/pairs/R00295/left/Main.java,/Users/liuziqi/Documents/西大Graduate/Project_base/Code/Meng_ProjectBased_DetectCodeSimilar/code-sim/results/formal-v1/batch2/pairs/R00295/right/Main.java
R00296,s690134228.java,/Users/liuziqi/Documents/西大Graduate/Project_base/Code/Meng_ProjectBased_DetectCodeSimilar/code-sim/results/formal-v1/batch2/pairs/R00296/left/Main.java,/Users/liuziqi/Documents/西大Graduate/Project_base/Code/Meng_ProjectBased_DetectCodeSimilar/code-sim/results/formal-v1/batch2/pairs/R00296/right/Main.java
R00297,s980661332.java,/Users/liuziqi/Documents/西大Graduate/Project_base/Code/Meng_ProjectBased_DetectCodeSimilar/code-sim/results/formal-v1/batch2/pairs/R00297/left/Main.java,/Users/liuziqi/Documents/西大Graduate/Project_base/Code/Meng_ProjectBased_DetectCodeSimilar/code-sim/results/formal-v1/batch2/pairs/R00297/right/Main.java
R00298,s361033832.java,/Users/liuziqi/Documents/西大Graduate/Project_base/Code/Meng_ProjectBased_DetectCodeSimilar/code-sim/results/formal-v1/batch2/pairs/R00298/left/Main.java,/Users/liuziqi/Documents/西大Graduate/Project_base/Code/Meng_ProjectBased_DetectCodeSimilar/code-sim/results/formal-v1/batch2/pairs/R00298/right/Main.java
R00299,s670006967.java,/Users/liuziqi/Documents/西大Graduate/Project_base/Code/Meng_ProjectBased_DetectCodeSimilar/code-sim/results/formal-v1/batch2/pairs/R00299/left/Main.java,/Users/liuziqi/Documents/西大Graduate/Project_base/Code/Meng_ProjectBased_DetectCodeSimilar/code-sim/results/formal-v1/batch2/pairs/R00299/right/Main.java
R00300,s431478368.java,/Users/liuziqi/Documents/西大Graduate/Project_base/Code/Meng_ProjectBased_DetectCodeSimilar/code-sim/results/formal-v1/batch2/pairs/R00300/left/Main.java,/Users/liuziqi/Documents/西大Graduate/Project_base/Code/Meng_ProjectBased_DetectCodeSimilar/code-sim/results/formal-v1/batch2/pairs/R00300/right/Main.java
R00301,s444922102.java,/Users/liuziqi/Documents/西大Graduate/Project_base/Code/Meng_ProjectBased_DetectCodeSimilar/code-sim/results/formal-v1/batch2/pairs/R00301/left/Main.java,/Users/liuziqi/Documents/西大Graduate/Project_base/Code/Meng_ProjectBased_DetectCodeSimilar/code-sim/results/formal-v1/batch2/pairs/R00301/right/Main.java
R00302,s442048964.java,/Users/liuziqi/Documents/西大Graduate/Project_base/Code/Meng_ProjectBased_DetectCodeSimilar/code-sim/results/formal-v1/batch2/pairs/R00302/left/Main.java,/Users/liuziqi/Documents/西大Graduate/Project_base/Code/Meng_ProjectBased_DetectCodeSimilar/code-sim/results/formal-v1/batch2/pairs/R00302/right/Main.java
R00303,s692705170.java,/Users/liuziqi/Documents/西大Graduate/Project_base/Code/Meng_ProjectBased_DetectCodeSimilar/code-sim/results/formal-v1/batch2/pairs/R00303/left/Main.java,/Users/liuziqi/Documents/西大Graduate/Project_base/Code/Meng_ProjectBased_DetectCodeSimilar/code-sim/results/formal-v1/batch2/pairs/R00303/right/Main.java
R00304,s116110077.java,/Users/liuziqi/Documents/西大Graduate/Project_base/Code/Meng_ProjectBased_DetectCodeSimilar/code-sim/results/formal-v1/batch2/pairs/R00304/left/Main.java,/Users/liuziqi/Documents/西大Graduate/Project_base/Code/Meng_ProjectBased_DetectCodeSimilar/code-sim/results/formal-v1/batch2/pairs/R00304/right/Main.java
R00305,s185514120.java,/Users/liuziqi/Documents/西大Graduate/Project_base/Code/Meng_ProjectBased_DetectCodeSimilar/code-sim/results/formal-v1/batch2/pairs/R00305/left/Main.java,/Users/liuziqi/Documents/西大Graduate/Project_base/Code/Meng_ProjectBased_DetectCodeSimilar/code-sim/results/formal-v1/batch2/pairs/R00305/right/Main.java
R00306,s049286481.java,/Users/liuziqi/Documents/西大Graduate/Project_base/Code/Meng_ProjectBased_DetectCodeSimilar/code-sim/results/formal-v1/batch2/pairs/R00306/left/Main.java,/Users/liuziqi/Documents/西大Graduate/Project_base/Code/Meng_ProjectBased_DetectCodeSimilar/code-sim/results/formal-v1/batch2/pairs/R00306/right/Main.java
R00307,s504204418.java,/Users/liuziqi/Documents/西大Graduate/Project_base/Code/Meng_ProjectBased_DetectCodeSimilar/code-sim/results/formal-v1/batch2/pairs/R00307/left/Main.java,/Users/liuziqi/Documents/西大Graduate/Project_base/Code/Meng_ProjectBased_DetectCodeSimilar/code-sim/results/formal-v1/batch2/pairs/R00307/right/Main.java
R00308,s299419313.java,/Users/liuziqi/Documents/西大Graduate/Project_base/Code/Meng_ProjectBased_DetectCodeSimilar/code-sim/results/formal-v1/batch2/pairs/R00308/left/Main.java,/Users/liuziqi/Documents/西大Graduate/Project_base/Code/Meng_ProjectBased_DetectCodeSimilar/code-sim/results/formal-v1/batch2/pairs/R00308/right/Main.java
R00309,s838870305.java,/Users/liuziqi/Documents/西大Graduate/Project_base/Code/Meng_ProjectBased_DetectCodeSimilar/code-sim/results/formal-v1/batch2/pairs/R00309/left/Main.java,/Users/liuziqi/Documents/西大Graduate/Project_base/Code/Meng_ProjectBased_DetectCodeSimilar/code-sim/results/formal-v1/batch2/pairs/R00309/right/Main.java
R00310,s780300680.java,/Users/liuziqi/Documents/西大Graduate/Project_base/Code/Meng_ProjectBased_DetectCodeSimilar/code-sim/results/formal-v1/batch2/pairs/R00310/left/Main.java,/Users/liuziqi/Documents/西大Graduate/Project_base/Code/Meng_ProjectBased_DetectCodeSimilar/code-sim/results/formal-v1/batch2/pairs/R00310/right/Main.java
R00311,s789286437.java,/Users/liuziqi/Documents/西大Graduate/Project_base/Code/Meng_ProjectBased_DetectCodeSimilar/code-sim/results/formal-v1/batch2/pairs/R00311/left/Main.java,/Users/liuziqi/Documents/西大Graduate/Project_base/Code/Meng_ProjectBased_DetectCodeSimilar/code-sim/results/formal-v1/batch2/pairs/R00311/right/Main.java
R00312,s512829487.java,/Users/liuziqi/Documents/西大Graduate/Project_base/Code/Meng_ProjectBased_DetectCodeSimilar/code-sim/results/formal-v1/batch2/pairs/R00312/left/Main.java,/Users/liuziqi/Documents/西大Graduate/Project_base/Code/Meng_ProjectBased_DetectCodeSimilar/code-sim/results/formal-v1/batch2/pairs/R00312/right/Main.java
R00313,s863797724.java,/Users/liuziqi/Documents/西大Graduate/Project_base/Code/Meng_ProjectBased_DetectCodeSimilar/code-sim/results/formal-v1/batch2/pairs/R00313/left/Main.java,/Users/liuziqi/Documents/西大Graduate/Project_base/Code/Meng_ProjectBased_DetectCodeSimilar/code-sim/results/formal-v1/batch2/pairs/R00313/right/Main.java
R00314,s221275250.java,/Users/liuziqi/Documents/西大Graduate/Project_base/Code/Meng_ProjectBased_DetectCodeSimilar/code-sim/results/formal-v1/batch2/pairs/R00314/left/Main.java,/Users/liuziqi/Documents/西大Graduate/Project_base/Code/Meng_ProjectBased_DetectCodeSimilar/code-sim/results/formal-v1/batch2/pairs/R00314/right/Main.java
R00315,s158046850.java,/Users/liuziqi/Documents/西大Graduate/Project_base/Code/Meng_ProjectBased_DetectCodeSimilar/code-sim/results/formal-v1/batch2/pairs/R00315/left/Main.java,/Users/liuziqi/Documents/西大Graduate/Project_base/Code/Meng_ProjectBased_DetectCodeSimilar/code-sim/results/formal-v1/batch2/pairs/R00315/right/Main.java
R00316,s188711857.java,/Users/liuziqi/Documents/西大Graduate/Project_base/Code/Meng_ProjectBased_DetectCodeSimilar/code-sim/results/formal-v1/batch2/pairs/R00316/left/Main.java,/Users/liuziqi/Documents/西大Graduate/Project_base/Code/Meng_ProjectBased_DetectCodeSimilar/code-sim/results/formal-v1/batch2/pairs/R00316/right/Main.java
R00317,s967977823.java,/Users/liuziqi/Documents/西大Graduate/Project_base/Code/Meng_ProjectBased_DetectCodeSimilar/code-sim/results/formal-v1/batch2/pairs/R00317/left/Main.java,/Users/liuziqi/Documents/西大Graduate/Project_base/Code/Meng_ProjectBased_DetectCodeSimilar/code-sim/results/formal-v1/batch2/pairs/R00317/right/Main.java
R00318,s008446310.java,/Users/liuziqi/Documents/西大Graduate/Project_base/Code/Meng_ProjectBased_DetectCodeSimilar/code-sim/results/formal-v1/batch2/pairs/R00318/left/Main.java,/Users/liuziqi/Documents/西大Graduate/Project_base/Code/Meng_ProjectBased_DetectCodeSimilar/code-sim/results/formal-v1/batch2/pairs/R00318/right/Main.java
R00319,s574616289.java,/Users/liuziqi/Documents/西大Graduate/Project_base/Code/Meng_ProjectBased_DetectCodeSimilar/code-sim/results/formal-v1/batch2/pairs/R00319/left/Main.java,/Users/liuziqi/Documents/西大Graduate/Project_base/Code/Meng_ProjectBased_DetectCodeSimilar/code-sim/results/formal-v1/batch2/pairs/R00319/right/Main.java
R00320,s707756682.java,/Users/liuziqi/Documents/西大Graduate/Project_base/Code/Meng_ProjectBased_DetectCodeSimilar/code-sim/results/formal-v1/batch2/pairs/R00320/left/Main.java,/Users/liuziqi/Documents/西大Graduate/Project_base/Code/Meng_ProjectBased_DetectCodeSimilar/code-sim/results/formal-v1/batch2/pairs/R00320/right/Main.java
R00321,s203392539.java,/Users/liuziqi/Documents/西大Graduate/Project_base/Code/Meng_ProjectBased_DetectCodeSimilar/code-sim/results/formal-v1/batch2/pairs/R00321/left/Main.java,/Users/liuziqi/Documents/西大Graduate/Project_base/Code/Meng_ProjectBased_DetectCodeSimilar/code-sim/results/formal-v1/batch2/pairs/R00321/right/Main.java
R00322,s035025501.java,/Users/liuziqi/Documents/西大Graduate/Project_base/Code/Meng_ProjectBased_DetectCodeSimilar/code-sim/results/formal-v1/batch2/pairs/R00322/left/Main.java,/Users/liuziqi/Documents/西大Graduate/Project_base/Code/Meng_ProjectBased_DetectCodeSimilar/code-sim/results/formal-v1/batch2/pairs/R00322/right/Main.java
R00323,s468650158.java,/Users/liuziqi/Documents/西大Graduate/Project_base/Code/Meng_ProjectBased_DetectCodeSimilar/code-sim/results/formal-v1/batch2/pairs/R00323/left/Main.java,/Users/liuziqi/Documents/西大Graduate/Project_base/Code/Meng_ProjectBased_DetectCodeSimilar/code-sim/results/formal-v1/batch2/pairs/R00323/right/Main.java
R00324,s499750716.java,/Users/liuziqi/Documents/西大Graduate/Project_base/Code/Meng_ProjectBased_DetectCodeSimilar/code-sim/results/formal-v1/batch2/pairs/R00324/left/Main.java,/Users/liuziqi/Documents/西大Graduate/Project_base/Code/Meng_ProjectBased_DetectCodeSimilar/code-sim/results/formal-v1/batch2/pairs/R00324/right/Main.java
R00325,s163380483.java,/Users/liuziqi/Documents/西大Graduate/Project_base/Code/Meng_ProjectBased_DetectCodeSimilar/code-sim/results/formal-v1/batch2/pairs/R00325/left/Main.java,/Users/liuziqi/Documents/西大Graduate/Project_base/Code/Meng_ProjectBased_DetectCodeSimilar/code-sim/results/formal-v1/batch2/pairs/R00325/right/Main.java
R00326,s485804425.java,/Users/liuziqi/Documents/西大Graduate/Project_base/Code/Meng_ProjectBased_DetectCodeSimilar/code-sim/results/formal-v1/batch2/pairs/R00326/left/Main.java,/Users/liuziqi/Documents/西大Graduate/Project_base/Code/Meng_ProjectBased_DetectCodeSimilar/code-sim/results/formal-v1/batch2/pairs/R00326/right/Main.java
R00327,s789454010.java,/Users/liuziqi/Documents/西大Graduate/Project_base/Code/Meng_ProjectBased_DetectCodeSimilar/code-sim/results/formal-v1/batch2/pairs/R00327/left/Main.java,/Users/liuziqi/Documents/西大Graduate/Project_base/Code/Meng_ProjectBased_DetectCodeSimilar/code-sim/results/formal-v1/batch2/pairs/R00327/right/Main.java
R00328,s841116909.java,/Users/liuziqi/Documents/西大Graduate/Project_base/Code/Meng_ProjectBased_DetectCodeSimilar/code-sim/results/formal-v1/batch2/pairs/R00328/left/Main.java,/Users/liuziqi/Documents/西大Graduate/Project_base/Code/Meng_ProjectBased_DetectCodeSimilar/code-sim/results/formal-v1/batch2/pairs/R00328/right/Main.java
R00329,s471569352.java,/Users/liuziqi/Documents/西大Graduate/Project_base/Code/Meng_ProjectBased_DetectCodeSimilar/code-sim/results/formal-v1/batch2/pairs/R00329/left/Main.java,/Users/liuziqi/Documents/西大Graduate/Project_base/Code/Meng_ProjectBased_DetectCodeSimilar/code-sim/results/formal-v1/batch2/pairs/R00329/right/Main.java
R00330,s383875083.java,/Users/liuziqi/Documents/西大Graduate/Project_base/Code/Meng_ProjectBased_DetectCodeSimilar/code-sim/results/formal-v1/batch2/pairs/R00330/left/Main.java,/Users/liuziqi/Documents/西大Graduate/Project_base/Code/Meng_ProjectBased_DetectCodeSimilar/code-sim/results/formal-v1/batch2/pairs/R00330/right/Main.java
R00331,s422118805.java,/Users/liuziqi/Documents/西大Graduate/Project_base/Code/Meng_ProjectBased_DetectCodeSimilar/code-sim/results/formal-v1/batch2/pairs/R00331/left/Main.java,/Users/liuziqi/Documents/西大Graduate/Project_base/Code/Meng_ProjectBased_DetectCodeSimilar/code-sim/results/formal-v1/batch2/pairs/R00331/right/Main.java
R00332,s159623849.java,/Users/liuziqi/Documents/西大Graduate/Project_base/Code/Meng_ProjectBased_DetectCodeSimilar/code-sim/results/formal-v1/batch2/pairs/R00332/left/Main.java,/Users/liuziqi/Documents/西大Graduate/Project_base/Code/Meng_ProjectBased_DetectCodeSimilar/code-sim/results/formal-v1/batch2/pairs/R00332/right/Main.java
R00333,s471761462.java,/Users/liuziqi/Documents/西大Graduate/Project_base/Code/Meng_ProjectBased_DetectCodeSimilar/code-sim/results/formal-v1/batch2/pairs/R00333/left/Main.java,/Users/liuziqi/Documents/西大Graduate/Project_base/Code/Meng_ProjectBased_DetectCodeSimilar/code-sim/results/formal-v1/batch2/pairs/R00333/right/Main.java
R00334,s231733814.java,/Users/liuziqi/Documents/西大Graduate/Project_base/Code/Meng_ProjectBased_DetectCodeSimilar/code-sim/results/formal-v1/batch2/pairs/R00334/left/Main.java,/Users/liuziqi/Documents/西大Graduate/Project_base/Code/Meng_ProjectBased_DetectCodeSimilar/code-sim/results/formal-v1/batch2/pairs/R00334/right/Main.java
R00335,s900656875.java,/Users/liuziqi/Documents/西大Graduate/Project_base/Code/Meng_ProjectBased_DetectCodeSimilar/code-sim/results/formal-v1/batch2/pairs/R00335/left/Main.java,/Users/liuziqi/Documents/西大Graduate/Project_base/Code/Meng_ProjectBased_DetectCodeSimilar/code-sim/results/formal-v1/batch2/pairs/R00335/right/Main.java
R00336,s624456223.java,/Users/liuziqi/Documents/西大Graduate/Project_base/Code/Meng_ProjectBased_DetectCodeSimilar/code-sim/results/formal-v1/batch2/pairs/R00336/left/Main.java,/Users/liuziqi/Documents/西大Graduate/Project_base/Code/Meng_ProjectBased_DetectCodeSimilar/code-sim/results/formal-v1/batch2/pairs/R00336/right/Main.java
R00337,s215414260.java,/Users/liuziqi/Documents/西大Graduate/Project_base/Code/Meng_ProjectBased_DetectCodeSimilar/code-sim/results/formal-v1/batch2/pairs/R00337/left/Main.java,/Users/liuziqi/Documents/西大Graduate/Project_base/Code/Meng_ProjectBased_DetectCodeSimilar/code-sim/results/formal-v1/batch2/pairs/R00337/right/Main.java
R00338,s606206211.java,/Users/liuziqi/Documents/西大Graduate/Project_base/Code/Meng_ProjectBased_DetectCodeSimilar/code-sim/results/formal-v1/batch2/pairs/R00338/left/Main.java,/Users/liuziqi/Documents/西大Graduate/Project_base/Code/Meng_ProjectBased_DetectCodeSimilar/code-sim/results/formal-v1/batch2/pairs/R00338/right/Main.java
R00339,s171593033.java,/Users/liuziqi/Documents/西大Graduate/Project_base/Code/Meng_ProjectBased_DetectCodeSimilar/code-sim/results/formal-v1/batch2/pairs/R00339/left/Main.java,/Users/liuziqi/Documents/西大Graduate/Project_base/Code/Meng_ProjectBased_DetectCodeSimilar/code-sim/results/formal-v1/batch2/pairs/R00339/right/Main.java
R00340,s061953987.java,/Users/liuziqi/Documents/西大Graduate/Project_base/Code/Meng_ProjectBased_DetectCodeSimilar/code-sim/results/formal-v1/batch2/pairs/R00340/left/Main.java,/Users/liuziqi/Documents/西大Graduate/Project_base/Code/Meng_ProjectBased_DetectCodeSimilar/code-sim/results/formal-v1/batch2/pairs/R00340/right/Main.java
R00341,s492769333.java,/Users/liuziqi/Documents/西大Graduate/Project_base/Code/Meng_ProjectBased_DetectCodeSimilar/code-sim/results/formal-v1/batch2/pairs/R00341/left/Main.java,/Users/liuziqi/Documents/西大Graduate/Project_base/Code/Meng_ProjectBased_DetectCodeSimilar/code-sim/results/formal-v1/batch2/pairs/R00341/right/Main.java
R00342,s193799019.java,/Users/liuziqi/Documents/西大Graduate/Project_base/Code/Meng_ProjectBased_DetectCodeSimilar/code-sim/results/formal-v1/batch2/pairs/R00342/left/Main.java,/Users/liuziqi/Documents/西大Graduate/Project_base/Code/Meng_ProjectBased_DetectCodeSimilar/code-sim/results/formal-v1/batch2/pairs/R00342/right/Main.java
R00343,s600118073.java,/Users/liuziqi/Documents/西大Graduate/Project_base/Code/Meng_ProjectBased_DetectCodeSimilar/code-sim/results/formal-v1/batch2/pairs/R00343/left/Main.java,/Users/liuziqi/Documents/西大Graduate/Project_base/Code/Meng_ProjectBased_DetectCodeSimilar/code-sim/results/formal-v1/batch2/pairs/R00343/right/Main.java
R00344,s264760420.java,/Users/liuziqi/Documents/西大Graduate/Project_base/Code/Meng_ProjectBased_DetectCodeSimilar/code-sim/results/formal-v1/batch2/pairs/R00344/left/Main.java,/Users/liuziqi/Documents/西大Graduate/Project_base/Code/Meng_ProjectBased_DetectCodeSimilar/code-sim/results/formal-v1/batch2/pairs/R00344/right/Main.java
R00345,s500840782.java,/Users/liuziqi/Documents/西大Graduate/Project_base/Code/Meng_ProjectBased_DetectCodeSimilar/code-sim/results/formal-v1/batch2/pairs/R00345/left/Main.java,/Users/liuziqi/Documents/西大Graduate/Project_base/Code/Meng_ProjectBased_DetectCodeSimilar/code-sim/results/formal-v1/batch2/pairs/R00345/right/Main.java
R00346,s543613216.java,/Users/liuziqi/Documents/西大Graduate/Project_base/Code/Meng_ProjectBased_DetectCodeSimilar/code-sim/results/formal-v1/batch2/pairs/R00346/left/Main.java,/Users/liuziqi/Documents/西大Graduate/Project_base/Code/Meng_ProjectBased_DetectCodeSimilar/code-sim/results/formal-v1/batch2/pairs/R00346/right/Main.java
R00347,s658192890.java,/Users/liuziqi/Documents/西大Graduate/Project_base/Code/Meng_ProjectBased_DetectCodeSimilar/code-sim/results/formal-v1/batch2/pairs/R00347/left/Main.java,/Users/liuziqi/Documents/西大Graduate/Project_base/Code/Meng_ProjectBased_DetectCodeSimilar/code-sim/results/formal-v1/batch2/pairs/R00347/right/Main.java
R00348,s751804869.java,/Users/liuziqi/Documents/西大Graduate/Project_base/Code/Meng_ProjectBased_DetectCodeSimilar/code-sim/results/formal-v1/batch2/pairs/R00348/left/Main.java,/Users/liuziqi/Documents/西大Graduate/Project_base/Code/Meng_ProjectBased_DetectCodeSimilar/code-sim/results/formal-v1/batch2/pairs/R00348/right/Main.java
R00349,s805589326.java,/Users/liuziqi/Documents/西大Graduate/Project_base/Code/Meng_ProjectBased_DetectCodeSimilar/code-sim/results/formal-v1/batch2/pairs/R00349/left/Main.java,/Users/liuziqi/Documents/西大Graduate/Project_base/Code/Meng_ProjectBased_DetectCodeSimilar/code-sim/results/formal-v1/batch2/pairs/R00349/right/Main.java
R00350,s321542766.java,/Users/liuziqi/Documents/西大Graduate/Project_base/Code/Meng_ProjectBased_DetectCodeSimilar/code-sim/results/formal-v1/batch2/pairs/R00350/left/Main.java,/Users/liuziqi/Documents/西大Graduate/Project_base/Code/Meng_ProjectBased_DetectCodeSimilar/code-sim/results/formal-v1/batch2/pairs/R00350/right/Main.java
R00351,s441900456.java,/Users/liuziqi/Documents/西大Graduate/Project_base/Code/Meng_ProjectBased_DetectCodeSimilar/code-sim/results/formal-v1/batch2/pairs/R00351/left/Main.java,/Users/liuziqi/Documents/西大Graduate/Project_base/Code/Meng_ProjectBased_DetectCodeSimilar/code-sim/results/formal-v1/batch2/pairs/R00351/right/Main.java
R00352,s814465497.java,/Users/liuziqi/Documents/西大Graduate/Project_base/Code/Meng_ProjectBased_DetectCodeSimilar/code-sim/results/formal-v1/batch2/pairs/R00352/left/Main.java,/Users/liuziqi/Documents/西大Graduate/Project_base/Code/Meng_ProjectBased_DetectCodeSimilar/code-sim/results/formal-v1/batch2/pairs/R00352/right/Main.java
R00353,s355079654.java,/Users/liuziqi/Documents/西大Graduate/Project_base/Code/Meng_ProjectBased_DetectCodeSimilar/code-sim/results/formal-v1/batch2/pairs/R00353/left/Main.java,/Users/liuziqi/Documents/西大Graduate/Project_base/Code/Meng_ProjectBased_DetectCodeSimilar/code-sim/results/formal-v1/batch2/pairs/R00353/right/Main.java
R00354,s128682100.java,/Users/liuziqi/Documents/西大Graduate/Project_base/Code/Meng_ProjectBased_DetectCodeSimilar/code-sim/results/formal-v1/batch2/pairs/R00354/left/Main.java,/Users/liuziqi/Documents/西大Graduate/Project_base/Code/Meng_ProjectBased_DetectCodeSimilar/code-sim/results/formal-v1/batch2/pairs/R00354/right/Main.java
R00355,s705320650.java,/Users/liuziqi/Documents/西大Graduate/Project_base/Code/Meng_ProjectBased_DetectCodeSimilar/code-sim/results/formal-v1/batch2/pairs/R00355/left/Main.java,/Users/liuziqi/Documents/西大Graduate/Project_base/Code/Meng_ProjectBased_DetectCodeSimilar/code-sim/results/formal-v1/batch2/pairs/R00355/right/Main.java
R00356,s733903776.java,/Users/liuziqi/Documents/西大Graduate/Project_base/Code/Meng_ProjectBased_DetectCodeSimilar/code-sim/results/formal-v1/batch2/pairs/R00356/left/Main.java,/Users/liuziqi/Documents/西大Graduate/Project_base/Code/Meng_ProjectBased_DetectCodeSimilar/code-sim/results/formal-v1/batch2/pairs/R00356/right/Main.java
R00357,s658351626.java,/Users/liuziqi/Documents/西大Graduate/Project_base/Code/Meng_ProjectBased_DetectCodeSimilar/code-sim/results/formal-v1/batch2/pairs/R00357/left/Main.java,/Users/liuziqi/Documents/西大Graduate/Project_base/Code/Meng_ProjectBased_DetectCodeSimilar/code-sim/results/formal-v1/batch2/pairs/R00357/right/Main.java
R00358,s654714495.java,/Users/liuziqi/Documents/西大Graduate/Project_base/Code/Meng_ProjectBased_DetectCodeSimilar/code-sim/results/formal-v1/batch2/pairs/R00358/left/Main.java,/Users/liuziqi/Documents/西大Graduate/Project_base/Code/Meng_ProjectBased_DetectCodeSimilar/code-sim/results/formal-v1/batch2/pairs/R00358/right/Main.java
R00359,s649084079.java,/Users/liuziqi/Documents/西大Graduate/Project_base/Code/Meng_ProjectBased_DetectCodeSimilar/code-sim/results/formal-v1/batch2/pairs/R00359/left/Main.java,/Users/liuziqi/Documents/西大Graduate/Project_base/Code/Meng_ProjectBased_DetectCodeSimilar/code-sim/results/formal-v1/batch2/pairs/R00359/right/Main.java
R00360,s115222493.java,/Users/liuziqi/Documents/西大Graduate/Project_base/Code/Meng_ProjectBased_DetectCodeSimilar/code-sim/results/formal-v1/batch2/pairs/R00360/left/Main.java,/Users/liuziqi/Documents/西大Graduate/Project_base/Code/Meng_ProjectBased_DetectCodeSimilar/code-sim/results/formal-v1/batch2/pairs/R00360/right/Main.java
R00361,s732281315.java,/Users/liuziqi/Documents/西大Graduate/Project_base/Code/Meng_ProjectBased_DetectCodeSimilar/code-sim/results/formal-v1/batch2/pairs/R00361/left/Main.java,/Users/liuziqi/Documents/西大Graduate/Project_base/Code/Meng_ProjectBased_DetectCodeSimilar/code-sim/results/formal-v1/batch2/pairs/R00361/right/Main.java
R00362,s347987908.java,/Users/liuziqi/Documents/西大Graduate/Project_base/Code/Meng_ProjectBased_DetectCodeSimilar/code-sim/results/formal-v1/batch2/pairs/R00362/left/Main.java,/Users/liuziqi/Documents/西大Graduate/Project_base/Code/Meng_ProjectBased_DetectCodeSimilar/code-sim/results/formal-v1/batch2/pairs/R00362/right/Main.java
R00363,s350933286.java,/Users/liuziqi/Documents/西大Graduate/Project_base/Code/Meng_ProjectBased_DetectCodeSimilar/code-sim/results/formal-v1/batch2/pairs/R00363/left/Main.java,/Users/liuziqi/Documents/西大Graduate/Project_base/Code/Meng_ProjectBased_DetectCodeSimilar/code-sim/results/formal-v1/batch2/pairs/R00363/right/Main.java
R00364,s262726465.java,/Users/liuziqi/Documents/西大Graduate/Project_base/Code/Meng_ProjectBased_DetectCodeSimilar/code-sim/results/formal-v1/batch2/pairs/R00364/left/Main.java,/Users/liuziqi/Documents/西大Graduate/Project_base/Code/Meng_ProjectBased_DetectCodeSimilar/code-sim/results/formal-v1/batch2/pairs/R00364/right/Main.java
R00365,s991943820.java,/Users/liuziqi/Documents/西大Graduate/Project_base/Code/Meng_ProjectBased_DetectCodeSimilar/code-sim/results/formal-v1/batch2/pairs/R00365/left/Main.java,/Users/liuziqi/Documents/西大Graduate/Project_base/Code/Meng_ProjectBased_DetectCodeSimilar/code-sim/results/formal-v1/batch2/pairs/R00365/right/Main.java
R00366,s035344245.java,/Users/liuziqi/Documents/西大Graduate/Project_base/Code/Meng_ProjectBased_DetectCodeSimilar/code-sim/results/formal-v1/batch2/pairs/R00366/left/Main.java,/Users/liuziqi/Documents/西大Graduate/Project_base/Code/Meng_ProjectBased_DetectCodeSimilar/code-sim/results/formal-v1/batch2/pairs/R00366/right/Main.java
R00367,s421116448.java,/Users/liuziqi/Documents/西大Graduate/Project_base/Code/Meng_ProjectBased_DetectCodeSimilar/code-sim/results/formal-v1/batch2/pairs/R00367/left/Main.java,/Users/liuziqi/Documents/西大Graduate/Project_base/Code/Meng_ProjectBased_DetectCodeSimilar/code-sim/results/formal-v1/batch2/pairs/R00367/right/Main.java
R00368,s168424858.java,/Users/liuziqi/Documents/西大Graduate/Project_base/Code/Meng_ProjectBased_DetectCodeSimilar/code-sim/results/formal-v1/batch2/pairs/R00368/left/Main.java,/Users/liuziqi/Documents/西大Graduate/Project_base/Code/Meng_ProjectBased_DetectCodeSimilar/code-sim/results/formal-v1/batch2/pairs/R00368/right/Main.java
R00369,s017732255.java,/Users/liuziqi/Documents/西大Graduate/Project_base/Code/Meng_ProjectBased_DetectCodeSimilar/code-sim/results/formal-v1/batch2/pairs/R00369/left/Main.java,/Users/liuziqi/Documents/西大Graduate/Project_base/Code/Meng_ProjectBased_DetectCodeSimilar/code-sim/results/formal-v1/batch2/pairs/R00369/right/Main.java
R00370,s673798093.java,/Users/liuziqi/Documents/西大Graduate/Project_base/Code/Meng_ProjectBased_DetectCodeSimilar/code-sim/results/formal-v1/batch2/pairs/R00370/left/Main.java,/Users/liuziqi/Documents/西大Graduate/Project_base/Code/Meng_ProjectBased_DetectCodeSimilar/code-sim/results/formal-v1/batch2/pairs/R00370/right/Main.java
R00371,s401160777.java,/Users/liuziqi/Documents/西大Graduate/Project_base/Code/Meng_ProjectBased_DetectCodeSimilar/code-sim/results/formal-v1/batch2/pairs/R00371/left/Main.java,/Users/liuziqi/Documents/西大Graduate/Project_base/Code/Meng_ProjectBased_DetectCodeSimilar/code-sim/results/formal-v1/batch2/pairs/R00371/right/Main.java
R00372,s657985510.java,/Users/liuziqi/Documents/西大Graduate/Project_base/Code/Meng_ProjectBased_DetectCodeSimilar/code-sim/results/formal-v1/batch2/pairs/R00372/left/Main.java,/Users/liuziqi/Documents/西大Graduate/Project_base/Code/Meng_ProjectBased_DetectCodeSimilar/code-sim/results/formal-v1/batch2/pairs/R00372/right/Main.java
R00373,s456537298.java,/Users/liuziqi/Documents/西大Graduate/Project_base/Code/Meng_ProjectBased_DetectCodeSimilar/code-sim/results/formal-v1/batch2/pairs/R00373/left/Main.java,/Users/liuziqi/Documents/西大Graduate/Project_base/Code/Meng_ProjectBased_DetectCodeSimilar/code-sim/results/formal-v1/batch2/pairs/R00373/right/Main.java
R00374,s189620608.java,/Users/liuziqi/Documents/西大Graduate/Project_base/Code/Meng_ProjectBased_DetectCodeSimilar/code-sim/results/formal-v1/batch2/pairs/R00374/left/Main.java,/Users/liuziqi/Documents/西大Graduate/Project_base/Code/Meng_ProjectBased_DetectCodeSimilar/code-sim/results/formal-v1/batch2/pairs/R00374/right/Main.java
R00375,s292086598.java,/Users/liuziqi/Documents/西大Graduate/Project_base/Code/Meng_ProjectBased_DetectCodeSimilar/code-sim/results/formal-v1/batch2/pairs/R00375/left/Main.java,/Users/liuziqi/Documents/西大Graduate/Project_base/Code/Meng_ProjectBased_DetectCodeSimilar/code-sim/results/formal-v1/batch2/pairs/R00375/right/Main.java
R00376,s798834859.java,/Users/liuziqi/Documents/西大Graduate/Project_base/Code/Meng_ProjectBased_DetectCodeSimilar/code-sim/results/formal-v1/batch2/pairs/R00376/left/Main.java,/Users/liuziqi/Documents/西大Graduate/Project_base/Code/Meng_ProjectBased_DetectCodeSimilar/code-sim/results/formal-v1/batch2/pairs/R00376/right/Main.java
R00377,s389841148.java,/Users/liuziqi/Documents/西大Graduate/Project_base/Code/Meng_ProjectBased_DetectCodeSimilar/code-sim/results/formal-v1/batch2/pairs/R00377/left/Main.java,/Users/liuziqi/Documents/西大Graduate/Project_base/Code/Meng_ProjectBased_DetectCodeSimilar/code-sim/results/formal-v1/batch2/pairs/R00377/right/Main.java
R00378,s757842180.java,/Users/liuziqi/Documents/西大Graduate/Project_base/Code/Meng_ProjectBased_DetectCodeSimilar/code-sim/results/formal-v1/batch2/pairs/R00378/left/Main.java,/Users/liuziqi/Documents/西大Graduate/Project_base/Code/Meng_ProjectBased_DetectCodeSimilar/code-sim/results/formal-v1/batch2/pairs/R00378/right/Main.java
R00379,s543802496.java,/Users/liuziqi/Documents/西大Graduate/Project_base/Code/Meng_ProjectBased_DetectCodeSimilar/code-sim/results/formal-v1/batch2/pairs/R00379/left/Main.java,/Users/liuziqi/Documents/西大Graduate/Project_base/Code/Meng_ProjectBased_DetectCodeSimilar/code-sim/results/formal-v1/batch2/pairs/R00379/right/Main.java
R00380,s735109467.java,/Users/liuziqi/Documents/西大Graduate/Project_base/Code/Meng_ProjectBased_DetectCodeSimilar/code-sim/results/formal-v1/batch2/pairs/R00380/left/Main.java,/Users/liuziqi/Documents/西大Graduate/Project_base/Code/Meng_ProjectBased_DetectCodeSimilar/code-sim/results/formal-v1/batch2/pairs/R00380/right/Main.java
R00381,s226575747.java,/Users/liuziqi/Documents/西大Graduate/Project_base/Code/Meng_ProjectBased_DetectCodeSimilar/code-sim/results/formal-v1/batch2/pairs/R00381/left/Main.java,/Users/liuziqi/Documents/西大Graduate/Project_base/Code/Meng_ProjectBased_DetectCodeSimilar/code-sim/results/formal-v1/batch2/pairs/R00381/right/Main.java
R00382,s591887817.java,/Users/liuziqi/Documents/西大Graduate/Project_base/Code/Meng_ProjectBased_DetectCodeSimilar/code-sim/results/formal-v1/batch2/pairs/R00382/left/Main.java,/Users/liuziqi/Documents/西大Graduate/Project_base/Code/Meng_ProjectBased_DetectCodeSimilar/code-sim/results/formal-v1/batch2/pairs/R00382/right/Main.java
R00383,s241216979.java,/Users/liuziqi/Documents/西大Graduate/Project_base/Code/Meng_ProjectBased_DetectCodeSimilar/code-sim/results/formal-v1/batch2/pairs/R00383/left/Main.java,/Users/liuziqi/Documents/西大Graduate/Project_base/Code/Meng_ProjectBased_DetectCodeSimilar/code-sim/results/formal-v1/batch2/pairs/R00383/right/Main.java
R00384,s162090927.java,/Users/liuziqi/Documents/西大Graduate/Project_base/Code/Meng_ProjectBased_DetectCodeSimilar/code-sim/results/formal-v1/batch2/pairs/R00384/left/Main.java,/Users/liuziqi/Documents/西大Graduate/Project_base/Code/Meng_ProjectBased_DetectCodeSimilar/code-sim/results/formal-v1/batch2/pairs/R00384/right/Main.java
R00385,s476522419.java,/Users/liuziqi/Documents/西大Graduate/Project_base/Code/Meng_ProjectBased_DetectCodeSimilar/code-sim/results/formal-v1/batch2/pairs/R00385/left/Main.java,/Users/liuziqi/Documents/西大Graduate/Project_base/Code/Meng_ProjectBased_DetectCodeSimilar/code-sim/results/formal-v1/batch2/pairs/R00385/right/Main.java
R00386,s493406703.java,/Users/liuziqi/Documents/西大Graduate/Project_base/Code/Meng_ProjectBased_DetectCodeSimilar/code-sim/results/formal-v1/batch2/pairs/R00386/left/Main.java,/Users/liuziqi/Documents/西大Graduate/Project_base/Code/Meng_ProjectBased_DetectCodeSimilar/code-sim/results/formal-v1/batch2/pairs/R00386/right/Main.java
R00387,s303752300.java,/Users/liuziqi/Documents/西大Graduate/Project_base/Code/Meng_ProjectBased_DetectCodeSimilar/code-sim/results/formal-v1/batch2/pairs/R00387/left/Main.java,/Users/liuziqi/Documents/西大Graduate/Project_base/Code/Meng_ProjectBased_DetectCodeSimilar/code-sim/results/formal-v1/batch2/pairs/R00387/right/Main.java
R00388,s224911831.java,/Users/liuziqi/Documents/西大Graduate/Project_base/Code/Meng_ProjectBased_DetectCodeSimilar/code-sim/results/formal-v1/batch2/pairs/R00388/left/Main.java,/Users/liuziqi/Documents/西大Graduate/Project_base/Code/Meng_ProjectBased_DetectCodeSimilar/code-sim/results/formal-v1/batch2/pairs/R00388/right/Main.java
R00389,s808390031.java,/Users/liuziqi/Documents/西大Graduate/Project_base/Code/Meng_ProjectBased_DetectCodeSimilar/code-sim/results/formal-v1/batch2/pairs/R00389/left/Main.java,/Users/liuziqi/Documents/西大Graduate/Project_base/Code/Meng_ProjectBased_DetectCodeSimilar/code-sim/results/formal-v1/batch2/pairs/R00389/right/Main.java
R00390,s789146672.java,/Users/liuziqi/Documents/西大Graduate/Project_base/Code/Meng_ProjectBased_DetectCodeSimilar/code-sim/results/formal-v1/batch2/pairs/R00390/left/Main.java,/Users/liuziqi/Documents/西大Graduate/Project_base/Code/Meng_ProjectBased_DetectCodeSimilar/code-sim/results/formal-v1/batch2/pairs/R00390/right/Main.java
R00391,s406761643.java,/Users/liuziqi/Documents/西大Graduate/Project_base/Code/Meng_ProjectBased_DetectCodeSimilar/code-sim/results/formal-v1/batch2/pairs/R00391/left/Main.java,/Users/liuziqi/Documents/西大Graduate/Project_base/Code/Meng_ProjectBased_DetectCodeSimilar/code-sim/results/formal-v1/batch2/pairs/R00391/right/Main.java
R00392,s980115477.java,/Users/liuziqi/Documents/西大Graduate/Project_base/Code/Meng_ProjectBased_DetectCodeSimilar/code-sim/results/formal-v1/batch2/pairs/R00392/left/Main.java,/Users/liuziqi/Documents/西大Graduate/Project_base/Code/Meng_ProjectBased_DetectCodeSimilar/code-sim/results/formal-v1/batch2/pairs/R00392/right/Main.java
R00393,s417987454.java,/Users/liuziqi/Documents/西大Graduate/Project_base/Code/Meng_ProjectBased_DetectCodeSimilar/code-sim/results/formal-v1/batch2/pairs/R00393/left/Main.java,/Users/liuziqi/Documents/西大Graduate/Project_base/Code/Meng_ProjectBased_DetectCodeSimilar/code-sim/results/formal-v1/batch2/pairs/R00393/right/Main.java
R00394,s270052404.java,/Users/liuziqi/Documents/西大Graduate/Project_base/Code/Meng_ProjectBased_DetectCodeSimilar/code-sim/results/formal-v1/batch2/pairs/R00394/left/Main.java,/Users/liuziqi/Documents/西大Graduate/Project_base/Code/Meng_ProjectBased_DetectCodeSimilar/code-sim/results/formal-v1/batch2/pairs/R00394/right/Main.java
R00395,s535152988.java,/Users/liuziqi/Documents/西大Graduate/Project_base/Code/Meng_ProjectBased_DetectCodeSimilar/code-sim/results/formal-v1/batch2/pairs/R00395/left/Main.java,/Users/liuziqi/Documents/西大Graduate/Project_base/Code/Meng_ProjectBased_DetectCodeSimilar/code-sim/results/formal-v1/batch2/pairs/R00395/right/Main.java
R00396,s593894602.java,/Users/liuziqi/Documents/西大Graduate/Project_base/Code/Meng_ProjectBased_DetectCodeSimilar/code-sim/results/formal-v1/batch2/pairs/R00396/left/Main.java,/Users/liuziqi/Documents/西大Graduate/Project_base/Code/Meng_ProjectBased_DetectCodeSimilar/code-sim/results/formal-v1/batch2/pairs/R00396/right/Main.java
R00397,s780521424.java,/Users/liuziqi/Documents/西大Graduate/Project_base/Code/Meng_ProjectBased_DetectCodeSimilar/code-sim/results/formal-v1/batch2/pairs/R00397/left/Main.java,/Users/liuziqi/Documents/西大Graduate/Project_base/Code/Meng_ProjectBased_DetectCodeSimilar/code-sim/results/formal-v1/batch2/pairs/R00397/right/Main.java
R00398,s571876082.java,/Users/liuziqi/Documents/西大Graduate/Project_base/Code/Meng_ProjectBased_DetectCodeSimilar/code-sim/results/formal-v1/batch2/pairs/R00398/left/Main.java,/Users/liuziqi/Documents/西大Graduate/Project_base/Code/Meng_ProjectBased_DetectCodeSimilar/code-sim/results/formal-v1/batch2/pairs/R00398/right/Main.java
R00399,s846155456.java,/Users/liuziqi/Documents/西大Graduate/Project_base/Code/Meng_ProjectBased_DetectCodeSimilar/code-sim/results/formal-v1/batch2/pairs/R00399/left/Main.java,/Users/liuziqi/Documents/西大Graduate/Project_base/Code/Meng_ProjectBased_DetectCodeSimilar/code-sim/results/formal-v1/batch2/pairs/R00399/right/Main.java
R00400,s319296566.java,/Users/liuziqi/Documents/西大Graduate/Project_base/Code/Meng_ProjectBased_DetectCodeSimilar/code-sim/results/formal-v1/batch2/pairs/R00400/left/Main.java,/Users/liuziqi/Documents/西大Graduate/Project_base/Code/Meng_ProjectBased_DetectCodeSimilar/code-sim/results/formal-v1/batch2/pairs/R00400/right/Main.java
R00401,s713685054.java,/Users/liuziqi/Documents/西大Graduate/Project_base/Code/Meng_ProjectBased_DetectCodeSimilar/code-sim/results/formal-v1/batch2/pairs/R00401/left/Main.java,/Users/liuziqi/Documents/西大Graduate/Project_base/Code/Meng_ProjectBased_DetectCodeSimilar/code-sim/results/formal-v1/batch2/pairs/R00401/right/Main.java
R00402,s054806813.java,/Users/liuziqi/Documents/西大Graduate/Project_base/Code/Meng_ProjectBased_DetectCodeSimilar/code-sim/results/formal-v1/batch2/pairs/R00402/left/Main.java,/Users/liuziqi/Documents/西大Graduate/Project_base/Code/Meng_ProjectBased_DetectCodeSimilar/code-sim/results/formal-v1/batch2/pairs/R00402/right/Main.java
R00403,s724967990.java,/Users/liuziqi/Documents/西大Graduate/Project_base/Code/Meng_ProjectBased_DetectCodeSimilar/code-sim/results/formal-v1/batch2/pairs/R00403/left/Main.java,/Users/liuziqi/Documents/西大Graduate/Project_base/Code/Meng_ProjectBased_DetectCodeSimilar/code-sim/results/formal-v1/batch2/pairs/R00403/right/Main.java
R00404,s229651376.java,/Users/liuziqi/Documents/西大Graduate/Project_base/Code/Meng_ProjectBased_DetectCodeSimilar/code-sim/results/formal-v1/batch2/pairs/R00404/left/Main.java,/Users/liuziqi/Documents/西大Graduate/Project_base/Code/Meng_ProjectBased_DetectCodeSimilar/code-sim/results/formal-v1/batch2/pairs/R00404/right/Main.java
R00405,s654782766.java,/Users/liuziqi/Documents/西大Graduate/Project_base/Code/Meng_ProjectBased_DetectCodeSimilar/code-sim/results/formal-v1/batch2/pairs/R00405/left/Main.java,/Users/liuziqi/Documents/西大Graduate/Project_base/Code/Meng_ProjectBased_DetectCodeSimilar/code-sim/results/formal-v1/batch2/pairs/R00405/right/Main.java
R00406,s757099637.java,/Users/liuziqi/Documents/西大Graduate/Project_base/Code/Meng_ProjectBased_DetectCodeSimilar/code-sim/results/formal-v1/batch2/pairs/R00406/left/Main.java,/Users/liuziqi/Documents/西大Graduate/Project_base/Code/Meng_ProjectBased_DetectCodeSimilar/code-sim/results/formal-v1/batch2/pairs/R00406/right/Main.java
R00407,s483055513.java,/Users/liuziqi/Documents/西大Graduate/Project_base/Code/Meng_ProjectBased_DetectCodeSimilar/code-sim/results/formal-v1/batch2/pairs/R00407/left/Main.java,/Users/liuziqi/Documents/西大Graduate/Project_base/Code/Meng_ProjectBased_DetectCodeSimilar/code-sim/results/formal-v1/batch2/pairs/R00407/right/Main.java
R00408,s524114646.java,/Users/liuziqi/Documents/西大Graduate/Project_base/Code/Meng_ProjectBased_DetectCodeSimilar/code-sim/results/formal-v1/batch2/pairs/R00408/left/Main.java,/Users/liuziqi/Documents/西大Graduate/Project_base/Code/Meng_ProjectBased_DetectCodeSimilar/code-sim/results/formal-v1/batch2/pairs/R00408/right/Main.java
R00409,s035300073.java,/Users/liuziqi/Documents/西大Graduate/Project_base/Code/Meng_ProjectBased_DetectCodeSimilar/code-sim/results/formal-v1/batch2/pairs/R00409/left/Main.java,/Users/liuziqi/Documents/西大Graduate/Project_base/Code/Meng_ProjectBased_DetectCodeSimilar/code-sim/results/formal-v1/batch2/pairs/R00409/right/Main.java
R00410,s344192610.java,/Users/liuziqi/Documents/西大Graduate/Project_base/Code/Meng_ProjectBased_DetectCodeSimilar/code-sim/results/formal-v1/batch2/pairs/R00410/left/Main.java,/Users/liuziqi/Documents/西大Graduate/Project_base/Code/Meng_ProjectBased_DetectCodeSimilar/code-sim/results/formal-v1/batch2/pairs/R00410/right/Main.java
R00411,s717680627.java,/Users/liuziqi/Documents/西大Graduate/Project_base/Code/Meng_ProjectBased_DetectCodeSimilar/code-sim/results/formal-v1/batch2/pairs/R00411/left/Main.java,/Users/liuziqi/Documents/西大Graduate/Project_base/Code/Meng_ProjectBased_DetectCodeSimilar/code-sim/results/formal-v1/batch2/pairs/R00411/right/Main.java
R00412,s178856824.java,/Users/liuziqi/Documents/西大Graduate/Project_base/Code/Meng_ProjectBased_DetectCodeSimilar/code-sim/results/formal-v1/batch2/pairs/R00412/left/Main.java,/Users/liuziqi/Documents/西大Graduate/Project_base/Code/Meng_ProjectBased_DetectCodeSimilar/code-sim/results/formal-v1/batch2/pairs/R00412/right/Main.java
R00413,s169172385.java,/Users/liuziqi/Documents/西大Graduate/Project_base/Code/Meng_ProjectBased_DetectCodeSimilar/code-sim/results/formal-v1/batch2/pairs/R00413/left/Main.java,/Users/liuziqi/Documents/西大Graduate/Project_base/Code/Meng_ProjectBased_DetectCodeSimilar/code-sim/results/formal-v1/batch2/pairs/R00413/right/Main.java
R00414,s110088731.java,/Users/liuziqi/Documents/西大Graduate/Project_base/Code/Meng_ProjectBased_DetectCodeSimilar/code-sim/results/formal-v1/batch2/pairs/R00414/left/Main.java,/Users/liuziqi/Documents/西大Graduate/Project_base/Code/Meng_ProjectBased_DetectCodeSimilar/code-sim/results/formal-v1/batch2/pairs/R00414/right/Main.java
R00415,s824236601.java,/Users/liuziqi/Documents/西大Graduate/Project_base/Code/Meng_ProjectBased_DetectCodeSimilar/code-sim/results/formal-v1/batch2/pairs/R00415/left/Main.java,/Users/liuziqi/Documents/西大Graduate/Project_base/Code/Meng_ProjectBased_DetectCodeSimilar/code-sim/results/formal-v1/batch2/pairs/R00415/right/Main.java
R00416,s356551989.java,/Users/liuziqi/Documents/西大Graduate/Project_base/Code/Meng_ProjectBased_DetectCodeSimilar/code-sim/results/formal-v1/batch2/pairs/R00416/left/Main.java,/Users/liuziqi/Documents/西大Graduate/Project_base/Code/Meng_ProjectBased_DetectCodeSimilar/code-sim/results/formal-v1/batch2/pairs/R00416/right/Main.java
R00417,s909462615.java,/Users/liuziqi/Documents/西大Graduate/Project_base/Code/Meng_ProjectBased_DetectCodeSimilar/code-sim/results/formal-v1/batch2/pairs/R00417/left/Main.java,/Users/liuziqi/Documents/西大Graduate/Project_base/Code/Meng_ProjectBased_DetectCodeSimilar/code-sim/results/formal-v1/batch2/pairs/R00417/right/Main.java
R00418,s558054897.java,/Users/liuziqi/Documents/西大Graduate/Project_base/Code/Meng_ProjectBased_DetectCodeSimilar/code-sim/results/formal-v1/batch2/pairs/R00418/left/Main.java,/Users/liuziqi/Documents/西大Graduate/Project_base/Code/Meng_ProjectBased_DetectCodeSimilar/code-sim/results/formal-v1/batch2/pairs/R00418/right/Main.java
R00419,s316129906.java,/Users/liuziqi/Documents/西大Graduate/Project_base/Code/Meng_ProjectBased_DetectCodeSimilar/code-sim/results/formal-v1/batch2/pairs/R00419/left/Main.java,/Users/liuziqi/Documents/西大Graduate/Project_base/Code/Meng_ProjectBased_DetectCodeSimilar/code-sim/results/formal-v1/batch2/pairs/R00419/right/Main.java
R00420,s701984801.java,/Users/liuziqi/Documents/西大Graduate/Project_base/Code/Meng_ProjectBased_DetectCodeSimilar/code-sim/results/formal-v1/batch2/pairs/R00420/left/Main.java,/Users/liuziqi/Documents/西大Graduate/Project_base/Code/Meng_ProjectBased_DetectCodeSimilar/code-sim/results/formal-v1/batch2/pairs/R00420/right/Main.java
R00421,s134366516.java,/Users/liuziqi/Documents/西大Graduate/Project_base/Code/Meng_ProjectBased_DetectCodeSimilar/code-sim/results/formal-v1/batch2/pairs/R00421/left/Main.java,/Users/liuziqi/Documents/西大Graduate/Project_base/Code/Meng_ProjectBased_DetectCodeSimilar/code-sim/results/formal-v1/batch2/pairs/R00421/right/Main.java
R00422,s952879227.java,/Users/liuziqi/Documents/西大Graduate/Project_base/Code/Meng_ProjectBased_DetectCodeSimilar/code-sim/results/formal-v1/batch2/pairs/R00422/left/Main.java,/Users/liuziqi/Documents/西大Graduate/Project_base/Code/Meng_ProjectBased_DetectCodeSimilar/code-sim/results/formal-v1/batch2/pairs/R00422/right/Main.java
R00423,s483448965.java,/Users/liuziqi/Documents/西大Graduate/Project_base/Code/Meng_ProjectBased_DetectCodeSimilar/code-sim/results/formal-v1/batch2/pairs/R00423/left/Main.java,/Users/liuziqi/Documents/西大Graduate/Project_base/Code/Meng_ProjectBased_DetectCodeSimilar/code-sim/results/formal-v1/batch2/pairs/R00423/right/Main.java
R00424,s362400845.java,/Users/liuziqi/Documents/西大Graduate/Project_base/Code/Meng_ProjectBased_DetectCodeSimilar/code-sim/results/formal-v1/batch2/pairs/R00424/left/Main.java,/Users/liuziqi/Documents/西大Graduate/Project_base/Code/Meng_ProjectBased_DetectCodeSimilar/code-sim/results/formal-v1/batch2/pairs/R00424/right/Main.java
R00425,s467866606.java,/Users/liuziqi/Documents/西大Graduate/Project_base/Code/Meng_ProjectBased_DetectCodeSimilar/code-sim/results/formal-v1/batch2/pairs/R00425/left/Main.java,/Users/liuziqi/Documents/西大Graduate/Project_base/Code/Meng_ProjectBased_DetectCodeSimilar/code-sim/results/formal-v1/batch2/pairs/R00425/right/Main.java
R00426,s067883628.java,/Users/liuziqi/Documents/西大Graduate/Project_base/Code/Meng_ProjectBased_DetectCodeSimilar/code-sim/results/formal-v1/batch2/pairs/R00426/left/Main.java,/Users/liuziqi/Documents/西大Graduate/Project_base/Code/Meng_ProjectBased_DetectCodeSimilar/code-sim/results/formal-v1/batch2/pairs/R00426/right/Main.java
R00427,s616701354.java,/Users/liuziqi/Documents/西大Graduate/Project_base/Code/Meng_ProjectBased_DetectCodeSimilar/code-sim/results/formal-v1/batch2/pairs/R00427/left/Main.java,/Users/liuziqi/Documents/西大Graduate/Project_base/Code/Meng_ProjectBased_DetectCodeSimilar/code-sim/results/formal-v1/batch2/pairs/R00427/right/Main.java
R00428,s978259708.java,/Users/liuziqi/Documents/西大Graduate/Project_base/Code/Meng_ProjectBased_DetectCodeSimilar/code-sim/results/formal-v1/batch2/pairs/R00428/left/Main.java,/Users/liuziqi/Documents/西大Graduate/Project_base/Code/Meng_ProjectBased_DetectCodeSimilar/code-sim/results/formal-v1/batch2/pairs/R00428/right/Main.java
R00429,s722159148.java,/Users/liuziqi/Documents/西大Graduate/Project_base/Code/Meng_ProjectBased_DetectCodeSimilar/code-sim/results/formal-v1/batch2/pairs/R00429/left/Main.java,/Users/liuziqi/Documents/西大Graduate/Project_base/Code/Meng_ProjectBased_DetectCodeSimilar/code-sim/results/formal-v1/batch2/pairs/R00429/right/Main.java
R00430,s409821288.java,/Users/liuziqi/Documents/西大Graduate/Project_base/Code/Meng_ProjectBased_DetectCodeSimilar/code-sim/results/formal-v1/batch2/pairs/R00430/left/Main.java,/Users/liuziqi/Documents/西大Graduate/Project_base/Code/Meng_ProjectBased_DetectCodeSimilar/code-sim/results/formal-v1/batch2/pairs/R00430/right/Main.java
R00431,s486605811.java,/Users/liuziqi/Documents/西大Graduate/Project_base/Code/Meng_ProjectBased_DetectCodeSimilar/code-sim/results/formal-v1/batch2/pairs/R00431/left/Main.java,/Users/liuziqi/Documents/西大Graduate/Project_base/Code/Meng_ProjectBased_DetectCodeSimilar/code-sim/results/formal-v1/batch2/pairs/R00431/right/Main.java
R00432,s126589747.java,/Users/liuziqi/Documents/西大Graduate/Project_base/Code/Meng_ProjectBased_DetectCodeSimilar/code-sim/results/formal-v1/batch2/pairs/R00432/left/Main.java,/Users/liuziqi/Documents/西大Graduate/Project_base/Code/Meng_ProjectBased_DetectCodeSimilar/code-sim/results/formal-v1/batch2/pairs/R00432/right/Main.java
R00433,s644908156.java,/Users/liuziqi/Documents/西大Graduate/Project_base/Code/Meng_ProjectBased_DetectCodeSimilar/code-sim/results/formal-v1/batch2/pairs/R00433/left/Main.java,/Users/liuziqi/Documents/西大Graduate/Project_base/Code/Meng_ProjectBased_DetectCodeSimilar/code-sim/results/formal-v1/batch2/pairs/R00433/right/Main.java
R00434,s837476420.java,/Users/liuziqi/Documents/西大Graduate/Project_base/Code/Meng_ProjectBased_DetectCodeSimilar/code-sim/results/formal-v1/batch2/pairs/R00434/left/Main.java,/Users/liuziqi/Documents/西大Graduate/Project_base/Code/Meng_ProjectBased_DetectCodeSimilar/code-sim/results/formal-v1/batch2/pairs/R00434/right/Main.java
R00435,s410328160.java,/Users/liuziqi/Documents/西大Graduate/Project_base/Code/Meng_ProjectBased_DetectCodeSimilar/code-sim/results/formal-v1/batch2/pairs/R00435/left/Main.java,/Users/liuziqi/Documents/西大Graduate/Project_base/Code/Meng_ProjectBased_DetectCodeSimilar/code-sim/results/formal-v1/batch2/pairs/R00435/right/Main.java
R00436,s031078831.java,/Users/liuziqi/Documents/西大Graduate/Project_base/Code/Meng_ProjectBased_DetectCodeSimilar/code-sim/results/formal-v1/batch2/pairs/R00436/left/Main.java,/Users/liuziqi/Documents/西大Graduate/Project_base/Code/Meng_ProjectBased_DetectCodeSimilar/code-sim/results/formal-v1/batch2/pairs/R00436/right/Main.java
R00437,s674797422.java,/Users/liuziqi/Documents/西大Graduate/Project_base/Code/Meng_ProjectBased_DetectCodeSimilar/code-sim/results/formal-v1/batch2/pairs/R00437/left/Main.java,/Users/liuziqi/Documents/西大Graduate/Project_base/Code/Meng_ProjectBased_DetectCodeSimilar/code-sim/results/formal-v1/batch2/pairs/R00437/right/Main.java
R00438,s899034073.java,/Users/liuziqi/Documents/西大Graduate/Project_base/Code/Meng_ProjectBased_DetectCodeSimilar/code-sim/results/formal-v1/batch2/pairs/R00438/left/Main.java,/Users/liuziqi/Documents/西大Graduate/Project_base/Code/Meng_ProjectBased_DetectCodeSimilar/code-sim/results/formal-v1/batch2/pairs/R00438/right/Main.java
R00439,s177246441.java,/Users/liuziqi/Documents/西大Graduate/Project_base/Code/Meng_ProjectBased_DetectCodeSimilar/code-sim/results/formal-v1/batch2/pairs/R00439/left/Main.java,/Users/liuziqi/Documents/西大Graduate/Project_base/Code/Meng_ProjectBased_DetectCodeSimilar/code-sim/results/formal-v1/batch2/pairs/R00439/right/Main.java
R00440,s370218725.java,/Users/liuziqi/Documents/西大Graduate/Project_base/Code/Meng_ProjectBased_DetectCodeSimilar/code-sim/results/formal-v1/batch2/pairs/R00440/left/Main.java,/Users/liuziqi/Documents/西大Graduate/Project_base/Code/Meng_ProjectBased_DetectCodeSimilar/code-sim/results/formal-v1/batch2/pairs/R00440/right/Main.java
R00441,s984138544.java,/Users/liuziqi/Documents/西大Graduate/Project_base/Code/Meng_ProjectBased_DetectCodeSimilar/code-sim/results/formal-v1/batch2/pairs/R00441/left/Main.java,/Users/liuziqi/Documents/西大Graduate/Project_base/Code/Meng_ProjectBased_DetectCodeSimilar/code-sim/results/formal-v1/batch2/pairs/R00441/right/Main.java
R00442,s806054803.java,/Users/liuziqi/Documents/西大Graduate/Project_base/Code/Meng_ProjectBased_DetectCodeSimilar/code-sim/results/formal-v1/batch2/pairs/R00442/left/Main.java,/Users/liuziqi/Documents/西大Graduate/Project_base/Code/Meng_ProjectBased_DetectCodeSimilar/code-sim/results/formal-v1/batch2/pairs/R00442/right/Main.java
R00443,s530561673.java,/Users/liuziqi/Documents/西大Graduate/Project_base/Code/Meng_ProjectBased_DetectCodeSimilar/code-sim/results/formal-v1/batch2/pairs/R00443/left/Main.java,/Users/liuziqi/Documents/西大Graduate/Project_base/Code/Meng_ProjectBased_DetectCodeSimilar/code-sim/results/formal-v1/batch2/pairs/R00443/right/Main.java
R00444,s422410241.java,/Users/liuziqi/Documents/西大Graduate/Project_base/Code/Meng_ProjectBased_DetectCodeSimilar/code-sim/results/formal-v1/batch2/pairs/R00444/left/Main.java,/Users/liuziqi/Documents/西大Graduate/Project_base/Code/Meng_ProjectBased_DetectCodeSimilar/code-sim/results/formal-v1/batch2/pairs/R00444/right/Main.java
R00445,s304315030.java,/Users/liuziqi/Documents/西大Graduate/Project_base/Code/Meng_ProjectBased_DetectCodeSimilar/code-sim/results/formal-v1/batch2/pairs/R00445/left/Main.java,/Users/liuziqi/Documents/西大Graduate/Project_base/Code/Meng_ProjectBased_DetectCodeSimilar/code-sim/results/formal-v1/batch2/pairs/R00445/right/Main.java
R00446,s219537390.java,/Users/liuziqi/Documents/西大Graduate/Project_base/Code/Meng_ProjectBased_DetectCodeSimilar/code-sim/results/formal-v1/batch2/pairs/R00446/left/Main.java,/Users/liuziqi/Documents/西大Graduate/Project_base/Code/Meng_ProjectBased_DetectCodeSimilar/code-sim/results/formal-v1/batch2/pairs/R00446/right/Main.java
R00447,s229406463.java,/Users/liuziqi/Documents/西大Graduate/Project_base/Code/Meng_ProjectBased_DetectCodeSimilar/code-sim/results/formal-v1/batch2/pairs/R00447/left/Main.java,/Users/liuziqi/Documents/西大Graduate/Project_base/Code/Meng_ProjectBased_DetectCodeSimilar/code-sim/results/formal-v1/batch2/pairs/R00447/right/Main.java
R00448,s163175680.java,/Users/liuziqi/Documents/西大Graduate/Project_base/Code/Meng_ProjectBased_DetectCodeSimilar/code-sim/results/formal-v1/batch2/pairs/R00448/left/Main.java,/Users/liuziqi/Documents/西大Graduate/Project_base/Code/Meng_ProjectBased_DetectCodeSimilar/code-sim/results/formal-v1/batch2/pairs/R00448/right/Main.java
R00449,s282298842.java,/Users/liuziqi/Documents/西大Graduate/Project_base/Code/Meng_ProjectBased_DetectCodeSimilar/code-sim/results/formal-v1/batch2/pairs/R00449/left/Main.java,/Users/liuziqi/Documents/西大Graduate/Project_base/Code/Meng_ProjectBased_DetectCodeSimilar/code-sim/results/formal-v1/batch2/pairs/R00449/right/Main.java
R00450,s901305957.java,/Users/liuziqi/Documents/西大Graduate/Project_base/Code/Meng_ProjectBased_DetectCodeSimilar/code-sim/results/formal-v1/batch2/pairs/R00450/left/Main.java,/Users/liuziqi/Documents/西大Graduate/Project_base/Code/Meng_ProjectBased_DetectCodeSimilar/code-sim/results/formal-v1/batch2/pairs/R00450/right/Main.java
R00451,s307505111.java,/Users/liuziqi/Documents/西大Graduate/Project_base/Code/Meng_ProjectBased_DetectCodeSimilar/code-sim/results/formal-v1/batch2/pairs/R00451/left/Main.java,/Users/liuziqi/Documents/西大Graduate/Project_base/Code/Meng_ProjectBased_DetectCodeSimilar/code-sim/results/formal-v1/batch2/pairs/R00451/right/Main.java
R00452,s407224713.java,/Users/liuziqi/Documents/西大Graduate/Project_base/Code/Meng_ProjectBased_DetectCodeSimilar/code-sim/results/formal-v1/batch2/pairs/R00452/left/Main.java,/Users/liuziqi/Documents/西大Graduate/Project_base/Code/Meng_ProjectBased_DetectCodeSimilar/code-sim/results/formal-v1/batch2/pairs/R00452/right/Main.java
R00453,s507610007.java,/Users/liuziqi/Documents/西大Graduate/Project_base/Code/Meng_ProjectBased_DetectCodeSimilar/code-sim/results/formal-v1/batch2/pairs/R00453/left/Main.java,/Users/liuziqi/Documents/西大Graduate/Project_base/Code/Meng_ProjectBased_DetectCodeSimilar/code-sim/results/formal-v1/batch2/pairs/R00453/right/Main.java
R00454,s561404251.java,/Users/liuziqi/Documents/西大Graduate/Project_base/Code/Meng_ProjectBased_DetectCodeSimilar/code-sim/results/formal-v1/batch2/pairs/R00454/left/Main.java,/Users/liuziqi/Documents/西大Graduate/Project_base/Code/Meng_ProjectBased_DetectCodeSimilar/code-sim/results/formal-v1/batch2/pairs/R00454/right/Main.java
R00455,s728495611.java,/Users/liuziqi/Documents/西大Graduate/Project_base/Code/Meng_ProjectBased_DetectCodeSimilar/code-sim/results/formal-v1/batch2/pairs/R00455/left/Main.java,/Users/liuziqi/Documents/西大Graduate/Project_base/Code/Meng_ProjectBased_DetectCodeSimilar/code-sim/results/formal-v1/batch2/pairs/R00455/right/Main.java
R00456,s409992408.java,/Users/liuziqi/Documents/西大Graduate/Project_base/Code/Meng_ProjectBased_DetectCodeSimilar/code-sim/results/formal-v1/batch2/pairs/R00456/left/Main.java,/Users/liuziqi/Documents/西大Graduate/Project_base/Code/Meng_ProjectBased_DetectCodeSimilar/code-sim/results/formal-v1/batch2/pairs/R00456/right/Main.java
R00457,s124391325.java,/Users/liuziqi/Documents/西大Graduate/Project_base/Code/Meng_ProjectBased_DetectCodeSimilar/code-sim/results/formal-v1/batch2/pairs/R00457/left/Main.java,/Users/liuziqi/Documents/西大Graduate/Project_base/Code/Meng_ProjectBased_DetectCodeSimilar/code-sim/results/formal-v1/batch2/pairs/R00457/right/Main.java
R00458,s456978019.java,/Users/liuziqi/Documents/西大Graduate/Project_base/Code/Meng_ProjectBased_DetectCodeSimilar/code-sim/results/formal-v1/batch2/pairs/R00458/left/Main.java,/Users/liuziqi/Documents/西大Graduate/Project_base/Code/Meng_ProjectBased_DetectCodeSimilar/code-sim/results/formal-v1/batch2/pairs/R00458/right/Main.java
R00459,s683048667.java,/Users/liuziqi/Documents/西大Graduate/Project_base/Code/Meng_ProjectBased_DetectCodeSimilar/code-sim/results/formal-v1/batch2/pairs/R00459/left/Main.java,/Users/liuziqi/Documents/西大Graduate/Project_base/Code/Meng_ProjectBased_DetectCodeSimilar/code-sim/results/formal-v1/batch2/pairs/R00459/right/Main.java
R00460,s792042455.java,/Users/liuziqi/Documents/西大Graduate/Project_base/Code/Meng_ProjectBased_DetectCodeSimilar/code-sim/results/formal-v1/batch2/pairs/R00460/left/Main.java,/Users/liuziqi/Documents/西大Graduate/Project_base/Code/Meng_ProjectBased_DetectCodeSimilar/code-sim/results/formal-v1/batch2/pairs/R00460/right/Main.java
R00461,s832460640.java,/Users/liuziqi/Documents/西大Graduate/Project_base/Code/Meng_ProjectBased_DetectCodeSimilar/code-sim/results/formal-v1/batch2/pairs/R00461/left/Main.java,/Users/liuziqi/Documents/西大Graduate/Project_base/Code/Meng_ProjectBased_DetectCodeSimilar/code-sim/results/formal-v1/batch2/pairs/R00461/right/Main.java
R00462,s629721282.java,/Users/liuziqi/Documents/西大Graduate/Project_base/Code/Meng_ProjectBased_DetectCodeSimilar/code-sim/results/formal-v1/batch2/pairs/R00462/left/Main.java,/Users/liuziqi/Documents/西大Graduate/Project_base/Code/Meng_ProjectBased_DetectCodeSimilar/code-sim/results/formal-v1/batch2/pairs/R00462/right/Main.java
R00463,s572267507.java,/Users/liuziqi/Documents/西大Graduate/Project_base/Code/Meng_ProjectBased_DetectCodeSimilar/code-sim/results/formal-v1/batch2/pairs/R00463/left/Main.java,/Users/liuziqi/Documents/西大Graduate/Project_base/Code/Meng_ProjectBased_DetectCodeSimilar/code-sim/results/formal-v1/batch2/pairs/R00463/right/Main.java
R00464,s814033399.java,/Users/liuziqi/Documents/西大Graduate/Project_base/Code/Meng_ProjectBased_DetectCodeSimilar/code-sim/results/formal-v1/batch2/pairs/R00464/left/Main.java,/Users/liuziqi/Documents/西大Graduate/Project_base/Code/Meng_ProjectBased_DetectCodeSimilar/code-sim/results/formal-v1/batch2/pairs/R00464/right/Main.java
R00465,s463891647.java,/Users/liuziqi/Documents/西大Graduate/Project_base/Code/Meng_ProjectBased_DetectCodeSimilar/code-sim/results/formal-v1/batch2/pairs/R00465/left/Main.java,/Users/liuziqi/Documents/西大Graduate/Project_base/Code/Meng_ProjectBased_DetectCodeSimilar/code-sim/results/formal-v1/batch2/pairs/R00465/right/Main.java
R00466,s025863860.java,/Users/liuziqi/Documents/西大Graduate/Project_base/Code/Meng_ProjectBased_DetectCodeSimilar/code-sim/results/formal-v1/batch2/pairs/R00466/left/Main.java,/Users/liuziqi/Documents/西大Graduate/Project_base/Code/Meng_ProjectBased_DetectCodeSimilar/code-sim/results/formal-v1/batch2/pairs/R00466/right/Main.java
R00467,s990824836.java,/Users/liuziqi/Documents/西大Graduate/Project_base/Code/Meng_ProjectBased_DetectCodeSimilar/code-sim/results/formal-v1/batch2/pairs/R00467/left/Main.java,/Users/liuziqi/Documents/西大Graduate/Project_base/Code/Meng_ProjectBased_DetectCodeSimilar/code-sim/results/formal-v1/batch2/pairs/R00467/right/Main.java
R00468,s197569332.java,/Users/liuziqi/Documents/西大Graduate/Project_base/Code/Meng_ProjectBased_DetectCodeSimilar/code-sim/results/formal-v1/batch2/pairs/R00468/left/Main.java,/Users/liuziqi/Documents/西大Graduate/Project_base/Code/Meng_ProjectBased_DetectCodeSimilar/code-sim/results/formal-v1/batch2/pairs/R00468/right/Main.java
R00469,s731870259.java,/Users/liuziqi/Documents/西大Graduate/Project_base/Code/Meng_ProjectBased_DetectCodeSimilar/code-sim/results/formal-v1/batch2/pairs/R00469/left/Main.java,/Users/liuziqi/Documents/西大Graduate/Project_base/Code/Meng_ProjectBased_DetectCodeSimilar/code-sim/results/formal-v1/batch2/pairs/R00469/right/Main.java
R00470,s696771305.java,/Users/liuziqi/Documents/西大Graduate/Project_base/Code/Meng_ProjectBased_DetectCodeSimilar/code-sim/results/formal-v1/batch2/pairs/R00470/left/Main.java,/Users/liuziqi/Documents/西大Graduate/Project_base/Code/Meng_ProjectBased_DetectCodeSimilar/code-sim/results/formal-v1/batch2/pairs/R00470/right/Main.java
R00471,s827808538.java,/Users/liuziqi/Documents/西大Graduate/Project_base/Code/Meng_ProjectBased_DetectCodeSimilar/code-sim/results/formal-v1/batch2/pairs/R00471/left/Main.java,/Users/liuziqi/Documents/西大Graduate/Project_base/Code/Meng_ProjectBased_DetectCodeSimilar/code-sim/results/formal-v1/batch2/pairs/R00471/right/Main.java
R00472,s593709269.java,/Users/liuziqi/Documents/西大Graduate/Project_base/Code/Meng_ProjectBased_DetectCodeSimilar/code-sim/results/formal-v1/batch2/pairs/R00472/left/Main.java,/Users/liuziqi/Documents/西大Graduate/Project_base/Code/Meng_ProjectBased_DetectCodeSimilar/code-sim/results/formal-v1/batch2/pairs/R00472/right/Main.java
R00473,s920153938.java,/Users/liuziqi/Documents/西大Graduate/Project_base/Code/Meng_ProjectBased_DetectCodeSimilar/code-sim/results/formal-v1/batch2/pairs/R00473/left/Main.java,/Users/liuziqi/Documents/西大Graduate/Project_base/Code/Meng_ProjectBased_DetectCodeSimilar/code-sim/results/formal-v1/batch2/pairs/R00473/right/Main.java
R00474,s998500335.java,/Users/liuziqi/Documents/西大Graduate/Project_base/Code/Meng_ProjectBased_DetectCodeSimilar/code-sim/results/formal-v1/batch2/pairs/R00474/left/Main.java,/Users/liuziqi/Documents/西大Graduate/Project_base/Code/Meng_ProjectBased_DetectCodeSimilar/code-sim/results/formal-v1/batch2/pairs/R00474/right/Main.java
R00475,s467441953.java,/Users/liuziqi/Documents/西大Graduate/Project_base/Code/Meng_ProjectBased_DetectCodeSimilar/code-sim/results/formal-v1/batch2/pairs/R00475/left/Main.java,/Users/liuziqi/Documents/西大Graduate/Project_base/Code/Meng_ProjectBased_DetectCodeSimilar/code-sim/results/formal-v1/batch2/pairs/R00475/right/Main.java
R00476,s900601165.java,/Users/liuziqi/Documents/西大Graduate/Project_base/Code/Meng_ProjectBased_DetectCodeSimilar/code-sim/results/formal-v1/batch2/pairs/R00476/left/Main.java,/Users/liuziqi/Documents/西大Graduate/Project_base/Code/Meng_ProjectBased_DetectCodeSimilar/code-sim/results/formal-v1/batch2/pairs/R00476/right/Main.java
R00477,s888865876.java,/Users/liuziqi/Documents/西大Graduate/Project_base/Code/Meng_ProjectBased_DetectCodeSimilar/code-sim/results/formal-v1/batch2/pairs/R00477/left/Main.java,/Users/liuziqi/Documents/西大Graduate/Project_base/Code/Meng_ProjectBased_DetectCodeSimilar/code-sim/results/formal-v1/batch2/pairs/R00477/right/Main.java
R00478,s877883726.java,/Users/liuziqi/Documents/西大Graduate/Project_base/Code/Meng_ProjectBased_DetectCodeSimilar/code-sim/results/formal-v1/batch2/pairs/R00478/left/Main.java,/Users/liuziqi/Documents/西大Graduate/Project_base/Code/Meng_ProjectBased_DetectCodeSimilar/code-sim/results/formal-v1/batch2/pairs/R00478/right/Main.java
R00479,s926605024.java,/Users/liuziqi/Documents/西大Graduate/Project_base/Code/Meng_ProjectBased_DetectCodeSimilar/code-sim/results/formal-v1/batch2/pairs/R00479/left/Main.java,/Users/liuziqi/Documents/西大Graduate/Project_base/Code/Meng_ProjectBased_DetectCodeSimilar/code-sim/results/formal-v1/batch2/pairs/R00479/right/Main.java
R00480,s828972408.java,/Users/liuziqi/Documents/西大Graduate/Project_base/Code/Meng_ProjectBased_DetectCodeSimilar/code-sim/results/formal-v1/batch2/pairs/R00480/left/Main.java,/Users/liuziqi/Documents/西大Graduate/Project_base/Code/Meng_ProjectBased_DetectCodeSimilar/code-sim/results/formal-v1/batch2/pairs/R00480/right/Main.java
R00481,s950113800.java,/Users/liuziqi/Documents/西大Graduate/Project_base/Code/Meng_ProjectBased_DetectCodeSimilar/code-sim/results/formal-v1/batch2/pairs/R00481/left/Main.java,/Users/liuziqi/Documents/西大Graduate/Project_base/Code/Meng_ProjectBased_DetectCodeSimilar/code-sim/results/formal-v1/batch2/pairs/R00481/right/Main.java
R00482,s724921050.java,/Users/liuziqi/Documents/西大Graduate/Project_base/Code/Meng_ProjectBased_DetectCodeSimilar/code-sim/results/formal-v1/batch2/pairs/R00482/left/Main.java,/Users/liuziqi/Documents/西大Graduate/Project_base/Code/Meng_ProjectBased_DetectCodeSimilar/code-sim/results/formal-v1/batch2/pairs/R00482/right/Main.java
R00483,s937301009.java,/Users/liuziqi/Documents/西大Graduate/Project_base/Code/Meng_ProjectBased_DetectCodeSimilar/code-sim/results/formal-v1/batch2/pairs/R00483/left/Main.java,/Users/liuziqi/Documents/西大Graduate/Project_base/Code/Meng_ProjectBased_DetectCodeSimilar/code-sim/results/formal-v1/batch2/pairs/R00483/right/Main.java
R00484,s922400911.java,/Users/liuziqi/Documents/西大Graduate/Project_base/Code/Meng_ProjectBased_DetectCodeSimilar/code-sim/results/formal-v1/batch2/pairs/R00484/left/Main.java,/Users/liuziqi/Documents/西大Graduate/Project_base/Code/Meng_ProjectBased_DetectCodeSimilar/code-sim/results/formal-v1/batch2/pairs/R00484/right/Main.java
R00485,s383815783.java,/Users/liuziqi/Documents/西大Graduate/Project_base/Code/Meng_ProjectBased_DetectCodeSimilar/code-sim/results/formal-v1/batch2/pairs/R00485/left/Main.java,/Users/liuziqi/Documents/西大Graduate/Project_base/Code/Meng_ProjectBased_DetectCodeSimilar/code-sim/results/formal-v1/batch2/pairs/R00485/right/Main.java
R00486,s235791007.java,/Users/liuziqi/Documents/西大Graduate/Project_base/Code/Meng_ProjectBased_DetectCodeSimilar/code-sim/results/formal-v1/batch2/pairs/R00486/left/Main.java,/Users/liuziqi/Documents/西大Graduate/Project_base/Code/Meng_ProjectBased_DetectCodeSimilar/code-sim/results/formal-v1/batch2/pairs/R00486/right/Main.java
R00487,s901051589.java,/Users/liuziqi/Documents/西大Graduate/Project_base/Code/Meng_ProjectBased_DetectCodeSimilar/code-sim/results/formal-v1/batch2/pairs/R00487/left/Main.java,/Users/liuziqi/Documents/西大Graduate/Project_base/Code/Meng_ProjectBased_DetectCodeSimilar/code-sim/results/formal-v1/batch2/pairs/R00487/right/Main.java
R00488,s483861874.java,/Users/liuziqi/Documents/西大Graduate/Project_base/Code/Meng_ProjectBased_DetectCodeSimilar/code-sim/results/formal-v1/batch2/pairs/R00488/left/Main.java,/Users/liuziqi/Documents/西大Graduate/Project_base/Code/Meng_ProjectBased_DetectCodeSimilar/code-sim/results/formal-v1/batch2/pairs/R00488/right/Main.java
R00489,s738589354.java,/Users/liuziqi/Documents/西大Graduate/Project_base/Code/Meng_ProjectBased_DetectCodeSimilar/code-sim/results/formal-v1/batch2/pairs/R00489/left/Main.java,/Users/liuziqi/Documents/西大Graduate/Project_base/Code/Meng_ProjectBased_DetectCodeSimilar/code-sim/results/formal-v1/batch2/pairs/R00489/right/Main.java
R00490,s955700204.java,/Users/liuziqi/Documents/西大Graduate/Project_base/Code/Meng_ProjectBased_DetectCodeSimilar/code-sim/results/formal-v1/batch2/pairs/R00490/left/Main.java,/Users/liuziqi/Documents/西大Graduate/Project_base/Code/Meng_ProjectBased_DetectCodeSimilar/code-sim/results/formal-v1/batch2/pairs/R00490/right/Main.java
R00491,s678117552.java,/Users/liuziqi/Documents/西大Graduate/Project_base/Code/Meng_ProjectBased_DetectCodeSimilar/code-sim/results/formal-v1/batch2/pairs/R00491/left/Main.java,/Users/liuziqi/Documents/西大Graduate/Project_base/Code/Meng_ProjectBased_DetectCodeSimilar/code-sim/results/formal-v1/batch2/pairs/R00491/right/Main.java
R00492,s666689372.java,/Users/liuziqi/Documents/西大Graduate/Project_base/Code/Meng_ProjectBased_DetectCodeSimilar/code-sim/results/formal-v1/batch2/pairs/R00492/left/Main.java,/Users/liuziqi/Documents/西大Graduate/Project_base/Code/Meng_ProjectBased_DetectCodeSimilar/code-sim/results/formal-v1/batch2/pairs/R00492/right/Main.java
R00493,s088034996.java,/Users/liuziqi/Documents/西大Graduate/Project_base/Code/Meng_ProjectBased_DetectCodeSimilar/code-sim/results/formal-v1/batch2/pairs/R00493/left/Main.java,/Users/liuziqi/Documents/西大Graduate/Project_base/Code/Meng_ProjectBased_DetectCodeSimilar/code-sim/results/formal-v1/batch2/pairs/R00493/right/Main.java
R00494,s221902423.java,/Users/liuziqi/Documents/西大Graduate/Project_base/Code/Meng_ProjectBased_DetectCodeSimilar/code-sim/results/formal-v1/batch2/pairs/R00494/left/Main.java,/Users/liuziqi/Documents/西大Graduate/Project_base/Code/Meng_ProjectBased_DetectCodeSimilar/code-sim/results/formal-v1/batch2/pairs/R00494/right/Main.java
R00495,s617752501.java,/Users/liuziqi/Documents/西大Graduate/Project_base/Code/Meng_ProjectBased_DetectCodeSimilar/code-sim/results/formal-v1/batch2/pairs/R00495/left/Main.java,/Users/liuziqi/Documents/西大Graduate/Project_base/Code/Meng_ProjectBased_DetectCodeSimilar/code-sim/results/formal-v1/batch2/pairs/R00495/right/Main.java
R00496,s523158245.java,/Users/liuziqi/Documents/西大Graduate/Project_base/Code/Meng_ProjectBased_DetectCodeSimilar/code-sim/results/formal-v1/batch2/pairs/R00496/left/Main.java,/Users/liuziqi/Documents/西大Graduate/Project_base/Code/Meng_ProjectBased_DetectCodeSimilar/code-sim/results/formal-v1/batch2/pairs/R00496/right/Main.java
R00497,s645279021.java,/Users/liuziqi/Documents/西大Graduate/Project_base/Code/Meng_ProjectBased_DetectCodeSimilar/code-sim/results/formal-v1/batch2/pairs/R00497/left/Main.java,/Users/liuziqi/Documents/西大Graduate/Project_base/Code/Meng_ProjectBased_DetectCodeSimilar/code-sim/results/formal-v1/batch2/pairs/R00497/right/Main.java
R00498,s775156875.java,/Users/liuziqi/Documents/西大Graduate/Project_base/Code/Meng_ProjectBased_DetectCodeSimilar/code-sim/results/formal-v1/batch2/pairs/R00498/left/Main.java,/Users/liuziqi/Documents/西大Graduate/Project_base/Code/Meng_ProjectBased_DetectCodeSimilar/code-sim/results/formal-v1/batch2/pairs/R00498/right/Main.java
R00499,s467258482.java,/Users/liuziqi/Documents/西大Graduate/Project_base/Code/Meng_ProjectBased_DetectCodeSimilar/code-sim/results/formal-v1/batch2/pairs/R00499/left/Main.java,/Users/liuziqi/Documents/西大Graduate/Project_base/Code/Meng_ProjectBased_DetectCodeSimilar/code-sim/results/formal-v1/batch2/pairs/R00499/right/Main.java
R00500,s153624434.java,/Users/liuziqi/Documents/西大Graduate/Project_base/Code/Meng_ProjectBased_DetectCodeSimilar/code-sim/results/formal-v1/batch2/pairs/R00500/left/Main.java,/Users/liuziqi/Documents/西大Graduate/Project_base/Code/Meng_ProjectBased_DetectCodeSimilar/code-sim/results/formal-v1/batch2/pairs/R00500/right/Main.java
R00501,s565126308.java,/Users/liuziqi/Documents/西大Graduate/Project_base/Code/Meng_ProjectBased_DetectCodeSimilar/code-sim/results/formal-v1/batch2/pairs/R00501/left/Main.java,/Users/liuziqi/Documents/西大Graduate/Project_base/Code/Meng_ProjectBased_DetectCodeSimilar/code-sim/results/formal-v1/batch2/pairs/R00501/right/Main.java
R00502,s334892573.java,/Users/liuziqi/Documents/西大Graduate/Project_base/Code/Meng_ProjectBased_DetectCodeSimilar/code-sim/results/formal-v1/batch2/pairs/R00502/left/Main.java,/Users/liuziqi/Documents/西大Graduate/Project_base/Code/Meng_ProjectBased_DetectCodeSimilar/code-sim/results/formal-v1/batch2/pairs/R00502/right/Main.java
R00503,s392331870.java,/Users/liuziqi/Documents/西大Graduate/Project_base/Code/Meng_ProjectBased_DetectCodeSimilar/code-sim/results/formal-v1/batch2/pairs/R00503/left/Main.java,/Users/liuziqi/Documents/西大Graduate/Project_base/Code/Meng_ProjectBased_DetectCodeSimilar/code-sim/results/formal-v1/batch2/pairs/R00503/right/Main.java
R00504,s585919562.java,/Users/liuziqi/Documents/西大Graduate/Project_base/Code/Meng_ProjectBased_DetectCodeSimilar/code-sim/results/formal-v1/batch2/pairs/R00504/left/Main.java,/Users/liuziqi/Documents/西大Graduate/Project_base/Code/Meng_ProjectBased_DetectCodeSimilar/code-sim/results/formal-v1/batch2/pairs/R00504/right/Main.java
R00505,s814470335.java,/Users/liuziqi/Documents/西大Graduate/Project_base/Code/Meng_ProjectBased_DetectCodeSimilar/code-sim/results/formal-v1/batch2/pairs/R00505/left/Main.java,/Users/liuziqi/Documents/西大Graduate/Project_base/Code/Meng_ProjectBased_DetectCodeSimilar/code-sim/results/formal-v1/batch2/pairs/R00505/right/Main.java
R00506,s734664530.java,/Users/liuziqi/Documents/西大Graduate/Project_base/Code/Meng_ProjectBased_DetectCodeSimilar/code-sim/results/formal-v1/batch2/pairs/R00506/left/Main.java,/Users/liuziqi/Documents/西大Graduate/Project_base/Code/Meng_ProjectBased_DetectCodeSimilar/code-sim/results/formal-v1/batch2/pairs/R00506/right/Main.java
R00507,s969038529.java,/Users/liuziqi/Documents/西大Graduate/Project_base/Code/Meng_ProjectBased_DetectCodeSimilar/code-sim/results/formal-v1/batch2/pairs/R00507/left/Main.java,/Users/liuziqi/Documents/西大Graduate/Project_base/Code/Meng_ProjectBased_DetectCodeSimilar/code-sim/results/formal-v1/batch2/pairs/R00507/right/Main.java
R00508,s729809798.java,/Users/liuziqi/Documents/西大Graduate/Project_base/Code/Meng_ProjectBased_DetectCodeSimilar/code-sim/results/formal-v1/batch2/pairs/R00508/left/Main.java,/Users/liuziqi/Documents/西大Graduate/Project_base/Code/Meng_ProjectBased_DetectCodeSimilar/code-sim/results/formal-v1/batch2/pairs/R00508/right/Main.java
R00509,s672350921.java,/Users/liuziqi/Documents/西大Graduate/Project_base/Code/Meng_ProjectBased_DetectCodeSimilar/code-sim/results/formal-v1/batch2/pairs/R00509/left/Main.java,/Users/liuziqi/Documents/西大Graduate/Project_base/Code/Meng_ProjectBased_DetectCodeSimilar/code-sim/results/formal-v1/batch2/pairs/R00509/right/Main.java
R00510,s731492092.java,/Users/liuziqi/Documents/西大Graduate/Project_base/Code/Meng_ProjectBased_DetectCodeSimilar/code-sim/results/formal-v1/batch2/pairs/R00510/left/Main.java,/Users/liuziqi/Documents/西大Graduate/Project_base/Code/Meng_ProjectBased_DetectCodeSimilar/code-sim/results/formal-v1/batch2/pairs/R00510/right/Main.java
R00511,s412426077.java,/Users/liuziqi/Documents/西大Graduate/Project_base/Code/Meng_ProjectBased_DetectCodeSimilar/code-sim/results/formal-v1/batch2/pairs/R00511/left/Main.java,/Users/liuziqi/Documents/西大Graduate/Project_base/Code/Meng_ProjectBased_DetectCodeSimilar/code-sim/results/formal-v1/batch2/pairs/R00511/right/Main.java
R00512,s284493094.java,/Users/liuziqi/Documents/西大Graduate/Project_base/Code/Meng_ProjectBased_DetectCodeSimilar/code-sim/results/formal-v1/batch2/pairs/R00512/left/Main.java,/Users/liuziqi/Documents/西大Graduate/Project_base/Code/Meng_ProjectBased_DetectCodeSimilar/code-sim/results/formal-v1/batch2/pairs/R00512/right/Main.java
R00513,s822533533.java,/Users/liuziqi/Documents/西大Graduate/Project_base/Code/Meng_ProjectBased_DetectCodeSimilar/code-sim/results/formal-v1/batch2/pairs/R00513/left/Main.java,/Users/liuziqi/Documents/西大Graduate/Project_base/Code/Meng_ProjectBased_DetectCodeSimilar/code-sim/results/formal-v1/batch2/pairs/R00513/right/Main.java
R00514,s393944110.java,/Users/liuziqi/Documents/西大Graduate/Project_base/Code/Meng_ProjectBased_DetectCodeSimilar/code-sim/results/formal-v1/batch2/pairs/R00514/left/Main.java,/Users/liuziqi/Documents/西大Graduate/Project_base/Code/Meng_ProjectBased_DetectCodeSimilar/code-sim/results/formal-v1/batch2/pairs/R00514/right/Main.java
R00515,s453663715.java,/Users/liuziqi/Documents/西大Graduate/Project_base/Code/Meng_ProjectBased_DetectCodeSimilar/code-sim/results/formal-v1/batch2/pairs/R00515/left/Main.java,/Users/liuziqi/Documents/西大Graduate/Project_base/Code/Meng_ProjectBased_DetectCodeSimilar/code-sim/results/formal-v1/batch2/pairs/R00515/right/Main.java
R00516,s883954164.java,/Users/liuziqi/Documents/西大Graduate/Project_base/Code/Meng_ProjectBased_DetectCodeSimilar/code-sim/results/formal-v1/batch2/pairs/R00516/left/Main.java,/Users/liuziqi/Documents/西大Graduate/Project_base/Code/Meng_ProjectBased_DetectCodeSimilar/code-sim/results/formal-v1/batch2/pairs/R00516/right/Main.java
R00517,s399310391.java,/Users/liuziqi/Documents/西大Graduate/Project_base/Code/Meng_ProjectBased_DetectCodeSimilar/code-sim/results/formal-v1/batch2/pairs/R00517/left/Main.java,/Users/liuziqi/Documents/西大Graduate/Project_base/Code/Meng_ProjectBased_DetectCodeSimilar/code-sim/results/formal-v1/batch2/pairs/R00517/right/Main.java
R00518,s815934291.java,/Users/liuziqi/Documents/西大Graduate/Project_base/Code/Meng_ProjectBased_DetectCodeSimilar/code-sim/results/formal-v1/batch2/pairs/R00518/left/Main.java,/Users/liuziqi/Documents/西大Graduate/Project_base/Code/Meng_ProjectBased_DetectCodeSimilar/code-sim/results/formal-v1/batch2/pairs/R00518/right/Main.java
R00519,s592496177.java,/Users/liuziqi/Documents/西大Graduate/Project_base/Code/Meng_ProjectBased_DetectCodeSimilar/code-sim/results/formal-v1/batch2/pairs/R00519/left/Main.java,/Users/liuziqi/Documents/西大Graduate/Project_base/Code/Meng_ProjectBased_DetectCodeSimilar/code-sim/results/formal-v1/batch2/pairs/R00519/right/Main.java
R00520,s802344868.java,/Users/liuziqi/Documents/西大Graduate/Project_base/Code/Meng_ProjectBased_DetectCodeSimilar/code-sim/results/formal-v1/batch2/pairs/R00520/left/Main.java,/Users/liuziqi/Documents/西大Graduate/Project_base/Code/Meng_ProjectBased_DetectCodeSimilar/code-sim/results/formal-v1/batch2/pairs/R00520/right/Main.java
R00521,s076933633.java,/Users/liuziqi/Documents/西大Graduate/Project_base/Code/Meng_ProjectBased_DetectCodeSimilar/code-sim/results/formal-v1/batch2/pairs/R00521/left/Main.java,/Users/liuziqi/Documents/西大Graduate/Project_base/Code/Meng_ProjectBased_DetectCodeSimilar/code-sim/results/formal-v1/batch2/pairs/R00521/right/Main.java
R00522,s422273991.java,/Users/liuziqi/Documents/西大Graduate/Project_base/Code/Meng_ProjectBased_DetectCodeSimilar/code-sim/results/formal-v1/batch2/pairs/R00522/left/Main.java,/Users/liuziqi/Documents/西大Graduate/Project_base/Code/Meng_ProjectBased_DetectCodeSimilar/code-sim/results/formal-v1/batch2/pairs/R00522/right/Main.java
R00523,s905576580.java,/Users/liuziqi/Documents/西大Graduate/Project_base/Code/Meng_ProjectBased_DetectCodeSimilar/code-sim/results/formal-v1/batch2/pairs/R00523/left/Main.java,/Users/liuziqi/Documents/西大Graduate/Project_base/Code/Meng_ProjectBased_DetectCodeSimilar/code-sim/results/formal-v1/batch2/pairs/R00523/right/Main.java
R00524,s238153931.java,/Users/liuziqi/Documents/西大Graduate/Project_base/Code/Meng_ProjectBased_DetectCodeSimilar/code-sim/results/formal-v1/batch2/pairs/R00524/left/Main.java,/Users/liuziqi/Documents/西大Graduate/Project_base/Code/Meng_ProjectBased_DetectCodeSimilar/code-sim/results/formal-v1/batch2/pairs/R00524/right/Main.java
R00525,s146260800.java,/Users/liuziqi/Documents/西大Graduate/Project_base/Code/Meng_ProjectBased_DetectCodeSimilar/code-sim/results/formal-v1/batch2/pairs/R00525/left/Main.java,/Users/liuziqi/Documents/西大Graduate/Project_base/Code/Meng_ProjectBased_DetectCodeSimilar/code-sim/results/formal-v1/batch2/pairs/R00525/right/Main.java
R00526,s458500282.java,/Users/liuziqi/Documents/西大Graduate/Project_base/Code/Meng_ProjectBased_DetectCodeSimilar/code-sim/results/formal-v1/batch2/pairs/R00526/left/Main.java,/Users/liuziqi/Documents/西大Graduate/Project_base/Code/Meng_ProjectBased_DetectCodeSimilar/code-sim/results/formal-v1/batch2/pairs/R00526/right/Main.java
R00527,s638736185.java,/Users/liuziqi/Documents/西大Graduate/Project_base/Code/Meng_ProjectBased_DetectCodeSimilar/code-sim/results/formal-v1/batch2/pairs/R00527/left/Main.java,/Users/liuziqi/Documents/西大Graduate/Project_base/Code/Meng_ProjectBased_DetectCodeSimilar/code-sim/results/formal-v1/batch2/pairs/R00527/right/Main.java
R00528,s820628525.java,/Users/liuziqi/Documents/西大Graduate/Project_base/Code/Meng_ProjectBased_DetectCodeSimilar/code-sim/results/formal-v1/batch2/pairs/R00528/left/Main.java,/Users/liuziqi/Documents/西大Graduate/Project_base/Code/Meng_ProjectBased_DetectCodeSimilar/code-sim/results/formal-v1/batch2/pairs/R00528/right/Main.java
R00529,s459372653.java,/Users/liuziqi/Documents/西大Graduate/Project_base/Code/Meng_ProjectBased_DetectCodeSimilar/code-sim/results/formal-v1/batch2/pairs/R00529/left/Main.java,/Users/liuziqi/Documents/西大Graduate/Project_base/Code/Meng_ProjectBased_DetectCodeSimilar/code-sim/results/formal-v1/batch2/pairs/R00529/right/Main.java
R00530,s401871661.java,/Users/liuziqi/Documents/西大Graduate/Project_base/Code/Meng_ProjectBased_DetectCodeSimilar/code-sim/results/formal-v1/batch2/pairs/R00530/left/Main.java,/Users/liuziqi/Documents/西大Graduate/Project_base/Code/Meng_ProjectBased_DetectCodeSimilar/code-sim/results/formal-v1/batch2/pairs/R00530/right/Main.java
R00531,s542431584.java,/Users/liuziqi/Documents/西大Graduate/Project_base/Code/Meng_ProjectBased_DetectCodeSimilar/code-sim/results/formal-v1/batch2/pairs/R00531/left/Main.java,/Users/liuziqi/Documents/西大Graduate/Project_base/Code/Meng_ProjectBased_DetectCodeSimilar/code-sim/results/formal-v1/batch2/pairs/R00531/right/Main.java
R00532,s518167345.java,/Users/liuziqi/Documents/西大Graduate/Project_base/Code/Meng_ProjectBased_DetectCodeSimilar/code-sim/results/formal-v1/batch2/pairs/R00532/left/Main.java,/Users/liuziqi/Documents/西大Graduate/Project_base/Code/Meng_ProjectBased_DetectCodeSimilar/code-sim/results/formal-v1/batch2/pairs/R00532/right/Main.java
R00533,s314627567.java,/Users/liuziqi/Documents/西大Graduate/Project_base/Code/Meng_ProjectBased_DetectCodeSimilar/code-sim/results/formal-v1/batch2/pairs/R00533/left/Main.java,/Users/liuziqi/Documents/西大Graduate/Project_base/Code/Meng_ProjectBased_DetectCodeSimilar/code-sim/results/formal-v1/batch2/pairs/R00533/right/Main.java
R00534,s739702701.java,/Users/liuziqi/Documents/西大Graduate/Project_base/Code/Meng_ProjectBased_DetectCodeSimilar/code-sim/results/formal-v1/batch2/pairs/R00534/left/Main.java,/Users/liuziqi/Documents/西大Graduate/Project_base/Code/Meng_ProjectBased_DetectCodeSimilar/code-sim/results/formal-v1/batch2/pairs/R00534/right/Main.java
R00535,s175698781.java,/Users/liuziqi/Documents/西大Graduate/Project_base/Code/Meng_ProjectBased_DetectCodeSimilar/code-sim/results/formal-v1/batch2/pairs/R00535/left/Main.java,/Users/liuziqi/Documents/西大Graduate/Project_base/Code/Meng_ProjectBased_DetectCodeSimilar/code-sim/results/formal-v1/batch2/pairs/R00535/right/Main.java
R00536,s433092516.java,/Users/liuziqi/Documents/西大Graduate/Project_base/Code/Meng_ProjectBased_DetectCodeSimilar/code-sim/results/formal-v1/batch2/pairs/R00536/left/Main.java,/Users/liuziqi/Documents/西大Graduate/Project_base/Code/Meng_ProjectBased_DetectCodeSimilar/code-sim/results/formal-v1/batch2/pairs/R00536/right/Main.java
R00537,s599532486.java,/Users/liuziqi/Documents/西大Graduate/Project_base/Code/Meng_ProjectBased_DetectCodeSimilar/code-sim/results/formal-v1/batch2/pairs/R00537/left/Main.java,/Users/liuziqi/Documents/西大Graduate/Project_base/Code/Meng_ProjectBased_DetectCodeSimilar/code-sim/results/formal-v1/batch2/pairs/R00537/right/Main.java
R00538,s412924396.java,/Users/liuziqi/Documents/西大Graduate/Project_base/Code/Meng_ProjectBased_DetectCodeSimilar/code-sim/results/formal-v1/batch2/pairs/R00538/left/Main.java,/Users/liuziqi/Documents/西大Graduate/Project_base/Code/Meng_ProjectBased_DetectCodeSimilar/code-sim/results/formal-v1/batch2/pairs/R00538/right/Main.java
R00539,s521181620.java,/Users/liuziqi/Documents/西大Graduate/Project_base/Code/Meng_ProjectBased_DetectCodeSimilar/code-sim/results/formal-v1/batch2/pairs/R00539/left/Main.java,/Users/liuziqi/Documents/西大Graduate/Project_base/Code/Meng_ProjectBased_DetectCodeSimilar/code-sim/results/formal-v1/batch2/pairs/R00539/right/Main.java
R00540,s814817111.java,/Users/liuziqi/Documents/西大Graduate/Project_base/Code/Meng_ProjectBased_DetectCodeSimilar/code-sim/results/formal-v1/batch2/pairs/R00540/left/Main.java,/Users/liuziqi/Documents/西大Graduate/Project_base/Code/Meng_ProjectBased_DetectCodeSimilar/code-sim/results/formal-v1/batch2/pairs/R00540/right/Main.java
R00541,s612539656.java,/Users/liuziqi/Documents/西大Graduate/Project_base/Code/Meng_ProjectBased_DetectCodeSimilar/code-sim/results/formal-v1/batch2/pairs/R00541/left/Main.java,/Users/liuziqi/Documents/西大Graduate/Project_base/Code/Meng_ProjectBased_DetectCodeSimilar/code-sim/results/formal-v1/batch2/pairs/R00541/right/Main.java
R00542,s365394155.java,/Users/liuziqi/Documents/西大Graduate/Project_base/Code/Meng_ProjectBased_DetectCodeSimilar/code-sim/results/formal-v1/batch2/pairs/R00542/left/Main.java,/Users/liuziqi/Documents/西大Graduate/Project_base/Code/Meng_ProjectBased_DetectCodeSimilar/code-sim/results/formal-v1/batch2/pairs/R00542/right/Main.java
R00543,s641648988.java,/Users/liuziqi/Documents/西大Graduate/Project_base/Code/Meng_ProjectBased_DetectCodeSimilar/code-sim/results/formal-v1/batch2/pairs/R00543/left/Main.java,/Users/liuziqi/Documents/西大Graduate/Project_base/Code/Meng_ProjectBased_DetectCodeSimilar/code-sim/results/formal-v1/batch2/pairs/R00543/right/Main.java
R00544,s786200560.java,/Users/liuziqi/Documents/西大Graduate/Project_base/Code/Meng_ProjectBased_DetectCodeSimilar/code-sim/results/formal-v1/batch2/pairs/R00544/left/Main.java,/Users/liuziqi/Documents/西大Graduate/Project_base/Code/Meng_ProjectBased_DetectCodeSimilar/code-sim/results/formal-v1/batch2/pairs/R00544/right/Main.java
R00545,s655150609.java,/Users/liuziqi/Documents/西大Graduate/Project_base/Code/Meng_ProjectBased_DetectCodeSimilar/code-sim/results/formal-v1/batch2/pairs/R00545/left/Main.java,/Users/liuziqi/Documents/西大Graduate/Project_base/Code/Meng_ProjectBased_DetectCodeSimilar/code-sim/results/formal-v1/batch2/pairs/R00545/right/Main.java
R00546,s949582342.java,/Users/liuziqi/Documents/西大Graduate/Project_base/Code/Meng_ProjectBased_DetectCodeSimilar/code-sim/results/formal-v1/batch2/pairs/R00546/left/Main.java,/Users/liuziqi/Documents/西大Graduate/Project_base/Code/Meng_ProjectBased_DetectCodeSimilar/code-sim/results/formal-v1/batch2/pairs/R00546/right/Main.java
R00547,s393677233.java,/Users/liuziqi/Documents/西大Graduate/Project_base/Code/Meng_ProjectBased_DetectCodeSimilar/code-sim/results/formal-v1/batch2/pairs/R00547/left/Main.java,/Users/liuziqi/Documents/西大Graduate/Project_base/Code/Meng_ProjectBased_DetectCodeSimilar/code-sim/results/formal-v1/batch2/pairs/R00547/right/Main.java
R00548,s706638249.java,/Users/liuziqi/Documents/西大Graduate/Project_base/Code/Meng_ProjectBased_DetectCodeSimilar/code-sim/results/formal-v1/batch2/pairs/R00548/left/Main.java,/Users/liuziqi/Documents/西大Graduate/Project_base/Code/Meng_ProjectBased_DetectCodeSimilar/code-sim/results/formal-v1/batch2/pairs/R00548/right/Main.java
R00549,s508885697.java,/Users/liuziqi/Documents/西大Graduate/Project_base/Code/Meng_ProjectBased_DetectCodeSimilar/code-sim/results/formal-v1/batch2/pairs/R00549/left/Main.java,/Users/liuziqi/Documents/西大Graduate/Project_base/Code/Meng_ProjectBased_DetectCodeSimilar/code-sim/results/formal-v1/batch2/pairs/R00549/right/Main.java
R00550,s113465222.java,/Users/liuziqi/Documents/西大Graduate/Project_base/Code/Meng_ProjectBased_DetectCodeSimilar/code-sim/results/formal-v1/batch2/pairs/R00550/left/Main.java,/Users/liuziqi/Documents/西大Graduate/Project_base/Code/Meng_ProjectBased_DetectCodeSimilar/code-sim/results/formal-v1/batch2/pairs/R00550/right/Main.java
R00551,s978773437.java,/Users/liuziqi/Documents/西大Graduate/Project_base/Code/Meng_ProjectBased_DetectCodeSimilar/code-sim/results/formal-v1/batch2/pairs/R00551/left/Main.java,/Users/liuziqi/Documents/西大Graduate/Project_base/Code/Meng_ProjectBased_DetectCodeSimilar/code-sim/results/formal-v1/batch2/pairs/R00551/right/Main.java
R00552,s762976989.java,/Users/liuziqi/Documents/西大Graduate/Project_base/Code/Meng_ProjectBased_DetectCodeSimilar/code-sim/results/formal-v1/batch2/pairs/R00552/left/Main.java,/Users/liuziqi/Documents/西大Graduate/Project_base/Code/Meng_ProjectBased_DetectCodeSimilar/code-sim/results/formal-v1/batch2/pairs/R00552/right/Main.java
R00553,s259408788.java,/Users/liuziqi/Documents/西大Graduate/Project_base/Code/Meng_ProjectBased_DetectCodeSimilar/code-sim/results/formal-v1/batch2/pairs/R00553/left/Main.java,/Users/liuziqi/Documents/西大Graduate/Project_base/Code/Meng_ProjectBased_DetectCodeSimilar/code-sim/results/formal-v1/batch2/pairs/R00553/right/Main.java
R00554,s046925429.java,/Users/liuziqi/Documents/西大Graduate/Project_base/Code/Meng_ProjectBased_DetectCodeSimilar/code-sim/results/formal-v1/batch2/pairs/R00554/left/Main.java,/Users/liuziqi/Documents/西大Graduate/Project_base/Code/Meng_ProjectBased_DetectCodeSimilar/code-sim/results/formal-v1/batch2/pairs/R00554/right/Main.java
R00555,s133175003.java,/Users/liuziqi/Documents/西大Graduate/Project_base/Code/Meng_ProjectBased_DetectCodeSimilar/code-sim/results/formal-v1/batch2/pairs/R00555/left/Main.java,/Users/liuziqi/Documents/西大Graduate/Project_base/Code/Meng_ProjectBased_DetectCodeSimilar/code-sim/results/formal-v1/batch2/pairs/R00555/right/Main.java
R00556,s052686919.java,/Users/liuziqi/Documents/西大Graduate/Project_base/Code/Meng_ProjectBased_DetectCodeSimilar/code-sim/results/formal-v1/batch2/pairs/R00556/left/Main.java,/Users/liuziqi/Documents/西大Graduate/Project_base/Code/Meng_ProjectBased_DetectCodeSimilar/code-sim/results/formal-v1/batch2/pairs/R00556/right/Main.java
R00557,s170227984.java,/Users/liuziqi/Documents/西大Graduate/Project_base/Code/Meng_ProjectBased_DetectCodeSimilar/code-sim/results/formal-v1/batch2/pairs/R00557/left/Main.java,/Users/liuziqi/Documents/西大Graduate/Project_base/Code/Meng_ProjectBased_DetectCodeSimilar/code-sim/results/formal-v1/batch2/pairs/R00557/right/Main.java
R00558,s486764308.java,/Users/liuziqi/Documents/西大Graduate/Project_base/Code/Meng_ProjectBased_DetectCodeSimilar/code-sim/results/formal-v1/batch2/pairs/R00558/left/Main.java,/Users/liuziqi/Documents/西大Graduate/Project_base/Code/Meng_ProjectBased_DetectCodeSimilar/code-sim/results/formal-v1/batch2/pairs/R00558/right/Main.java
R00559,s107348272.java,/Users/liuziqi/Documents/西大Graduate/Project_base/Code/Meng_ProjectBased_DetectCodeSimilar/code-sim/results/formal-v1/batch2/pairs/R00559/left/Main.java,/Users/liuziqi/Documents/西大Graduate/Project_base/Code/Meng_ProjectBased_DetectCodeSimilar/code-sim/results/formal-v1/batch2/pairs/R00559/right/Main.java
R00560,s662980376.java,/Users/liuziqi/Documents/西大Graduate/Project_base/Code/Meng_ProjectBased_DetectCodeSimilar/code-sim/results/formal-v1/batch2/pairs/R00560/left/Main.java,/Users/liuziqi/Documents/西大Graduate/Project_base/Code/Meng_ProjectBased_DetectCodeSimilar/code-sim/results/formal-v1/batch2/pairs/R00560/right/Main.java
R00561,s190465721.java,/Users/liuziqi/Documents/西大Graduate/Project_base/Code/Meng_ProjectBased_DetectCodeSimilar/code-sim/results/formal-v1/batch2/pairs/R00561/left/Main.java,/Users/liuziqi/Documents/西大Graduate/Project_base/Code/Meng_ProjectBased_DetectCodeSimilar/code-sim/results/formal-v1/batch2/pairs/R00561/right/Main.java
R00562,s201792640.java,/Users/liuziqi/Documents/西大Graduate/Project_base/Code/Meng_ProjectBased_DetectCodeSimilar/code-sim/results/formal-v1/batch2/pairs/R00562/left/Main.java,/Users/liuziqi/Documents/西大Graduate/Project_base/Code/Meng_ProjectBased_DetectCodeSimilar/code-sim/results/formal-v1/batch2/pairs/R00562/right/Main.java
R00563,s289727350.java,/Users/liuziqi/Documents/西大Graduate/Project_base/Code/Meng_ProjectBased_DetectCodeSimilar/code-sim/results/formal-v1/batch2/pairs/R00563/left/Main.java,/Users/liuziqi/Documents/西大Graduate/Project_base/Code/Meng_ProjectBased_DetectCodeSimilar/code-sim/results/formal-v1/batch2/pairs/R00563/right/Main.java
R00564,s041903199.java,/Users/liuziqi/Documents/西大Graduate/Project_base/Code/Meng_ProjectBased_DetectCodeSimilar/code-sim/results/formal-v1/batch2/pairs/R00564/left/Main.java,/Users/liuziqi/Documents/西大Graduate/Project_base/Code/Meng_ProjectBased_DetectCodeSimilar/code-sim/results/formal-v1/batch2/pairs/R00564/right/Main.java
R00565,s685239970.java,/Users/liuziqi/Documents/西大Graduate/Project_base/Code/Meng_ProjectBased_DetectCodeSimilar/code-sim/results/formal-v1/batch2/pairs/R00565/left/Main.java,/Users/liuziqi/Documents/西大Graduate/Project_base/Code/Meng_ProjectBased_DetectCodeSimilar/code-sim/results/formal-v1/batch2/pairs/R00565/right/Main.java
R00566,s102606444.java,/Users/liuziqi/Documents/西大Graduate/Project_base/Code/Meng_ProjectBased_DetectCodeSimilar/code-sim/results/formal-v1/batch2/pairs/R00566/left/Main.java,/Users/liuziqi/Documents/西大Graduate/Project_base/Code/Meng_ProjectBased_DetectCodeSimilar/code-sim/results/formal-v1/batch2/pairs/R00566/right/Main.java
R00567,s489582088.java,/Users/liuziqi/Documents/西大Graduate/Project_base/Code/Meng_ProjectBased_DetectCodeSimilar/code-sim/results/formal-v1/batch2/pairs/R00567/left/Main.java,/Users/liuziqi/Documents/西大Graduate/Project_base/Code/Meng_ProjectBased_DetectCodeSimilar/code-sim/results/formal-v1/batch2/pairs/R00567/right/Main.java
R00568,s574690231.java,/Users/liuziqi/Documents/西大Graduate/Project_base/Code/Meng_ProjectBased_DetectCodeSimilar/code-sim/results/formal-v1/batch2/pairs/R00568/left/Main.java,/Users/liuziqi/Documents/西大Graduate/Project_base/Code/Meng_ProjectBased_DetectCodeSimilar/code-sim/results/formal-v1/batch2/pairs/R00568/right/Main.java
R00569,s889410853.java,/Users/liuziqi/Documents/西大Graduate/Project_base/Code/Meng_ProjectBased_DetectCodeSimilar/code-sim/results/formal-v1/batch2/pairs/R00569/left/Main.java,/Users/liuziqi/Documents/西大Graduate/Project_base/Code/Meng_ProjectBased_DetectCodeSimilar/code-sim/results/formal-v1/batch2/pairs/R00569/right/Main.java
R00570,s335393184.java,/Users/liuziqi/Documents/西大Graduate/Project_base/Code/Meng_ProjectBased_DetectCodeSimilar/code-sim/results/formal-v1/batch2/pairs/R00570/left/Main.java,/Users/liuziqi/Documents/西大Graduate/Project_base/Code/Meng_ProjectBased_DetectCodeSimilar/code-sim/results/formal-v1/batch2/pairs/R00570/right/Main.java
R00571,s039100023.java,/Users/liuziqi/Documents/西大Graduate/Project_base/Code/Meng_ProjectBased_DetectCodeSimilar/code-sim/results/formal-v1/batch2/pairs/R00571/left/Main.java,/Users/liuziqi/Documents/西大Graduate/Project_base/Code/Meng_ProjectBased_DetectCodeSimilar/code-sim/results/formal-v1/batch2/pairs/R00571/right/Main.java
R00572,s634597096.java,/Users/liuziqi/Documents/西大Graduate/Project_base/Code/Meng_ProjectBased_DetectCodeSimilar/code-sim/results/formal-v1/batch2/pairs/R00572/left/Main.java,/Users/liuziqi/Documents/西大Graduate/Project_base/Code/Meng_ProjectBased_DetectCodeSimilar/code-sim/results/formal-v1/batch2/pairs/R00572/right/Main.java
R00573,s039984815.java,/Users/liuziqi/Documents/西大Graduate/Project_base/Code/Meng_ProjectBased_DetectCodeSimilar/code-sim/results/formal-v1/batch2/pairs/R00573/left/Main.java,/Users/liuziqi/Documents/西大Graduate/Project_base/Code/Meng_ProjectBased_DetectCodeSimilar/code-sim/results/formal-v1/batch2/pairs/R00573/right/Main.java
R00574,s198763249.java,/Users/liuziqi/Documents/西大Graduate/Project_base/Code/Meng_ProjectBased_DetectCodeSimilar/code-sim/results/formal-v1/batch2/pairs/R00574/left/Main.java,/Users/liuziqi/Documents/西大Graduate/Project_base/Code/Meng_ProjectBased_DetectCodeSimilar/code-sim/results/formal-v1/batch2/pairs/R00574/right/Main.java
R00575,s155423337.java,/Users/liuziqi/Documents/西大Graduate/Project_base/Code/Meng_ProjectBased_DetectCodeSimilar/code-sim/results/formal-v1/batch2/pairs/R00575/left/Main.java,/Users/liuziqi/Documents/西大Graduate/Project_base/Code/Meng_ProjectBased_DetectCodeSimilar/code-sim/results/formal-v1/batch2/pairs/R00575/right/Main.java
R00576,s257213274.java,/Users/liuziqi/Documents/西大Graduate/Project_base/Code/Meng_ProjectBased_DetectCodeSimilar/code-sim/results/formal-v1/batch2/pairs/R00576/left/Main.java,/Users/liuziqi/Documents/西大Graduate/Project_base/Code/Meng_ProjectBased_DetectCodeSimilar/code-sim/results/formal-v1/batch2/pairs/R00576/right/Main.java
R00577,s311003508.java,/Users/liuziqi/Documents/西大Graduate/Project_base/Code/Meng_ProjectBased_DetectCodeSimilar/code-sim/results/formal-v1/batch2/pairs/R00577/left/Main.java,/Users/liuziqi/Documents/西大Graduate/Project_base/Code/Meng_ProjectBased_DetectCodeSimilar/code-sim/results/formal-v1/batch2/pairs/R00577/right/Main.java
R00578,s503885430.java,/Users/liuziqi/Documents/西大Graduate/Project_base/Code/Meng_ProjectBased_DetectCodeSimilar/code-sim/results/formal-v1/batch2/pairs/R00578/left/Main.java,/Users/liuziqi/Documents/西大Graduate/Project_base/Code/Meng_ProjectBased_DetectCodeSimilar/code-sim/results/formal-v1/batch2/pairs/R00578/right/Main.java
R00579,s964900957.java,/Users/liuziqi/Documents/西大Graduate/Project_base/Code/Meng_ProjectBased_DetectCodeSimilar/code-sim/results/formal-v1/batch2/pairs/R00579/left/Main.java,/Users/liuziqi/Documents/西大Graduate/Project_base/Code/Meng_ProjectBased_DetectCodeSimilar/code-sim/results/formal-v1/batch2/pairs/R00579/right/Main.java
R00580,s015970331.java,/Users/liuziqi/Documents/西大Graduate/Project_base/Code/Meng_ProjectBased_DetectCodeSimilar/code-sim/results/formal-v1/batch2/pairs/R00580/left/Main.java,/Users/liuziqi/Documents/西大Graduate/Project_base/Code/Meng_ProjectBased_DetectCodeSimilar/code-sim/results/formal-v1/batch2/pairs/R00580/right/Main.java
R00581,s146516024.java,/Users/liuziqi/Documents/西大Graduate/Project_base/Code/Meng_ProjectBased_DetectCodeSimilar/code-sim/results/formal-v1/batch2/pairs/R00581/left/Main.java,/Users/liuziqi/Documents/西大Graduate/Project_base/Code/Meng_ProjectBased_DetectCodeSimilar/code-sim/results/formal-v1/batch2/pairs/R00581/right/Main.java
R00582,s177330665.java,/Users/liuziqi/Documents/西大Graduate/Project_base/Code/Meng_ProjectBased_DetectCodeSimilar/code-sim/results/formal-v1/batch2/pairs/R00582/left/Main.java,/Users/liuziqi/Documents/西大Graduate/Project_base/Code/Meng_ProjectBased_DetectCodeSimilar/code-sim/results/formal-v1/batch2/pairs/R00582/right/Main.java
R00583,s221580725.java,/Users/liuziqi/Documents/西大Graduate/Project_base/Code/Meng_ProjectBased_DetectCodeSimilar/code-sim/results/formal-v1/batch2/pairs/R00583/left/Main.java,/Users/liuziqi/Documents/西大Graduate/Project_base/Code/Meng_ProjectBased_DetectCodeSimilar/code-sim/results/formal-v1/batch2/pairs/R00583/right/Main.java
R00584,s065862355.java,/Users/liuziqi/Documents/西大Graduate/Project_base/Code/Meng_ProjectBased_DetectCodeSimilar/code-sim/results/formal-v1/batch2/pairs/R00584/left/Main.java,/Users/liuziqi/Documents/西大Graduate/Project_base/Code/Meng_ProjectBased_DetectCodeSimilar/code-sim/results/formal-v1/batch2/pairs/R00584/right/Main.java
R00585,s712241140.java,/Users/liuziqi/Documents/西大Graduate/Project_base/Code/Meng_ProjectBased_DetectCodeSimilar/code-sim/results/formal-v1/batch2/pairs/R00585/left/Main.java,/Users/liuziqi/Documents/西大Graduate/Project_base/Code/Meng_ProjectBased_DetectCodeSimilar/code-sim/results/formal-v1/batch2/pairs/R00585/right/Main.java
R00586,s909773986.java,/Users/liuziqi/Documents/西大Graduate/Project_base/Code/Meng_ProjectBased_DetectCodeSimilar/code-sim/results/formal-v1/batch2/pairs/R00586/left/Main.java,/Users/liuziqi/Documents/西大Graduate/Project_base/Code/Meng_ProjectBased_DetectCodeSimilar/code-sim/results/formal-v1/batch2/pairs/R00586/right/Main.java
R00587,s518294063.java,/Users/liuziqi/Documents/西大Graduate/Project_base/Code/Meng_ProjectBased_DetectCodeSimilar/code-sim/results/formal-v1/batch2/pairs/R00587/left/Main.java,/Users/liuziqi/Documents/西大Graduate/Project_base/Code/Meng_ProjectBased_DetectCodeSimilar/code-sim/results/formal-v1/batch2/pairs/R00587/right/Main.java
R00588,s652008692.java,/Users/liuziqi/Documents/西大Graduate/Project_base/Code/Meng_ProjectBased_DetectCodeSimilar/code-sim/results/formal-v1/batch2/pairs/R00588/left/Main.java,/Users/liuziqi/Documents/西大Graduate/Project_base/Code/Meng_ProjectBased_DetectCodeSimilar/code-sim/results/formal-v1/batch2/pairs/R00588/right/Main.java
R00589,s259159817.java,/Users/liuziqi/Documents/西大Graduate/Project_base/Code/Meng_ProjectBased_DetectCodeSimilar/code-sim/results/formal-v1/batch2/pairs/R00589/left/Main.java,/Users/liuziqi/Documents/西大Graduate/Project_base/Code/Meng_ProjectBased_DetectCodeSimilar/code-sim/results/formal-v1/batch2/pairs/R00589/right/Main.java
R00590,s414860239.java,/Users/liuziqi/Documents/西大Graduate/Project_base/Code/Meng_ProjectBased_DetectCodeSimilar/code-sim/results/formal-v1/batch2/pairs/R00590/left/Main.java,/Users/liuziqi/Documents/西大Graduate/Project_base/Code/Meng_ProjectBased_DetectCodeSimilar/code-sim/results/formal-v1/batch2/pairs/R00590/right/Main.java
R00591,s130043843.java,/Users/liuziqi/Documents/西大Graduate/Project_base/Code/Meng_ProjectBased_DetectCodeSimilar/code-sim/results/formal-v1/batch2/pairs/R00591/left/Main.java,/Users/liuziqi/Documents/西大Graduate/Project_base/Code/Meng_ProjectBased_DetectCodeSimilar/code-sim/results/formal-v1/batch2/pairs/R00591/right/Main.java
R00592,s736749468.java,/Users/liuziqi/Documents/西大Graduate/Project_base/Code/Meng_ProjectBased_DetectCodeSimilar/code-sim/results/formal-v1/batch2/pairs/R00592/left/Main.java,/Users/liuziqi/Documents/西大Graduate/Project_base/Code/Meng_ProjectBased_DetectCodeSimilar/code-sim/results/formal-v1/batch2/pairs/R00592/right/Main.java
R00593,s889824892.java,/Users/liuziqi/Documents/西大Graduate/Project_base/Code/Meng_ProjectBased_DetectCodeSimilar/code-sim/results/formal-v1/batch2/pairs/R00593/left/Main.java,/Users/liuziqi/Documents/西大Graduate/Project_base/Code/Meng_ProjectBased_DetectCodeSimilar/code-sim/results/formal-v1/batch2/pairs/R00593/right/Main.java
R00594,s598767417.java,/Users/liuziqi/Documents/西大Graduate/Project_base/Code/Meng_ProjectBased_DetectCodeSimilar/code-sim/results/formal-v1/batch2/pairs/R00594/left/Main.java,/Users/liuziqi/Documents/西大Graduate/Project_base/Code/Meng_ProjectBased_DetectCodeSimilar/code-sim/results/formal-v1/batch2/pairs/R00594/right/Main.java
R00595,s174200631.java,/Users/liuziqi/Documents/西大Graduate/Project_base/Code/Meng_ProjectBased_DetectCodeSimilar/code-sim/results/formal-v1/batch2/pairs/R00595/left/Main.java,/Users/liuziqi/Documents/西大Graduate/Project_base/Code/Meng_ProjectBased_DetectCodeSimilar/code-sim/results/formal-v1/batch2/pairs/R00595/right/Main.java
R00596,s071653708.java,/Users/liuziqi/Documents/西大Graduate/Project_base/Code/Meng_ProjectBased_DetectCodeSimilar/code-sim/results/formal-v1/batch2/pairs/R00596/left/Main.java,/Users/liuziqi/Documents/西大Graduate/Project_base/Code/Meng_ProjectBased_DetectCodeSimilar/code-sim/results/formal-v1/batch2/pairs/R00596/right/Main.java
R00597,s914932962.java,/Users/liuziqi/Documents/西大Graduate/Project_base/Code/Meng_ProjectBased_DetectCodeSimilar/code-sim/results/formal-v1/batch2/pairs/R00597/left/Main.java,/Users/liuziqi/Documents/西大Graduate/Project_base/Code/Meng_ProjectBased_DetectCodeSimilar/code-sim/results/formal-v1/batch2/pairs/R00597/right/Main.java
R00598,s416100565.java,/Users/liuziqi/Documents/西大Graduate/Project_base/Code/Meng_ProjectBased_DetectCodeSimilar/code-sim/results/formal-v1/batch2/pairs/R00598/left/Main.java,/Users/liuziqi/Documents/西大Graduate/Project_base/Code/Meng_ProjectBased_DetectCodeSimilar/code-sim/results/formal-v1/batch2/pairs/R00598/right/Main.java
R00599,s471427463.java,/Users/liuziqi/Documents/西大Graduate/Project_base/Code/Meng_ProjectBased_DetectCodeSimilar/code-sim/results/formal-v1/batch2/pairs/R00599/left/Main.java,/Users/liuziqi/Documents/西大Graduate/Project_base/Code/Meng_ProjectBased_DetectCodeSimilar/code-sim/results/formal-v1/batch2/pairs/R00599/right/Main.java
R00600,s922955597.java,/Users/liuziqi/Documents/西大Graduate/Project_base/Code/Meng_ProjectBased_DetectCodeSimilar/code-sim/results/formal-v1/batch2/pairs/R00600/left/Main.java,/Users/liuziqi/Documents/西大Graduate/Project_base/Code/Meng_ProjectBased_DetectCodeSimilar/code-sim/results/formal-v1/batch2/pairs/R00600/right/Main.java
R00601,s630422319.java,/Users/liuziqi/Documents/西大Graduate/Project_base/Code/Meng_ProjectBased_DetectCodeSimilar/code-sim/results/formal-v1/batch2/pairs/R00601/left/Main.java,/Users/liuziqi/Documents/西大Graduate/Project_base/Code/Meng_ProjectBased_DetectCodeSimilar/code-sim/results/formal-v1/batch2/pairs/R00601/right/Main.java
R00602,s598753026.java,/Users/liuziqi/Documents/西大Graduate/Project_base/Code/Meng_ProjectBased_DetectCodeSimilar/code-sim/results/formal-v1/batch2/pairs/R00602/left/Main.java,/Users/liuziqi/Documents/西大Graduate/Project_base/Code/Meng_ProjectBased_DetectCodeSimilar/code-sim/results/formal-v1/batch2/pairs/R00602/right/Main.java
R00603,s878834703.java,/Users/liuziqi/Documents/西大Graduate/Project_base/Code/Meng_ProjectBased_DetectCodeSimilar/code-sim/results/formal-v1/batch2/pairs/R00603/left/Main.java,/Users/liuziqi/Documents/西大Graduate/Project_base/Code/Meng_ProjectBased_DetectCodeSimilar/code-sim/results/formal-v1/batch2/pairs/R00603/right/Main.java
R00604,s873768679.java,/Users/liuziqi/Documents/西大Graduate/Project_base/Code/Meng_ProjectBased_DetectCodeSimilar/code-sim/results/formal-v1/batch2/pairs/R00604/left/Main.java,/Users/liuziqi/Documents/西大Graduate/Project_base/Code/Meng_ProjectBased_DetectCodeSimilar/code-sim/results/formal-v1/batch2/pairs/R00604/right/Main.java
R00605,s669399042.java,/Users/liuziqi/Documents/西大Graduate/Project_base/Code/Meng_ProjectBased_DetectCodeSimilar/code-sim/results/formal-v1/batch2/pairs/R00605/left/Main.java,/Users/liuziqi/Documents/西大Graduate/Project_base/Code/Meng_ProjectBased_DetectCodeSimilar/code-sim/results/formal-v1/batch2/pairs/R00605/right/Main.java
R00606,s170846461.java,/Users/liuziqi/Documents/西大Graduate/Project_base/Code/Meng_ProjectBased_DetectCodeSimilar/code-sim/results/formal-v1/batch2/pairs/R00606/left/Main.java,/Users/liuziqi/Documents/西大Graduate/Project_base/Code/Meng_ProjectBased_DetectCodeSimilar/code-sim/results/formal-v1/batch2/pairs/R00606/right/Main.java
R00607,s252840659.java,/Users/liuziqi/Documents/西大Graduate/Project_base/Code/Meng_ProjectBased_DetectCodeSimilar/code-sim/results/formal-v1/batch2/pairs/R00607/left/Main.java,/Users/liuziqi/Documents/西大Graduate/Project_base/Code/Meng_ProjectBased_DetectCodeSimilar/code-sim/results/formal-v1/batch2/pairs/R00607/right/Main.java
R00608,s361755102.java,/Users/liuziqi/Documents/西大Graduate/Project_base/Code/Meng_ProjectBased_DetectCodeSimilar/code-sim/results/formal-v1/batch2/pairs/R00608/left/Main.java,/Users/liuziqi/Documents/西大Graduate/Project_base/Code/Meng_ProjectBased_DetectCodeSimilar/code-sim/results/formal-v1/batch2/pairs/R00608/right/Main.java
R00609,s078805912.java,/Users/liuziqi/Documents/西大Graduate/Project_base/Code/Meng_ProjectBased_DetectCodeSimilar/code-sim/results/formal-v1/batch2/pairs/R00609/left/Main.java,/Users/liuziqi/Documents/西大Graduate/Project_base/Code/Meng_ProjectBased_DetectCodeSimilar/code-sim/results/formal-v1/batch2/pairs/R00609/right/Main.java
R00610,s782117585.java,/Users/liuziqi/Documents/西大Graduate/Project_base/Code/Meng_ProjectBased_DetectCodeSimilar/code-sim/results/formal-v1/batch2/pairs/R00610/left/Main.java,/Users/liuziqi/Documents/西大Graduate/Project_base/Code/Meng_ProjectBased_DetectCodeSimilar/code-sim/results/formal-v1/batch2/pairs/R00610/right/Main.java
R00611,s628599629.java,/Users/liuziqi/Documents/西大Graduate/Project_base/Code/Meng_ProjectBased_DetectCodeSimilar/code-sim/results/formal-v1/batch2/pairs/R00611/left/Main.java,/Users/liuziqi/Documents/西大Graduate/Project_base/Code/Meng_ProjectBased_DetectCodeSimilar/code-sim/results/formal-v1/batch2/pairs/R00611/right/Main.java
R00612,s632200075.java,/Users/liuziqi/Documents/西大Graduate/Project_base/Code/Meng_ProjectBased_DetectCodeSimilar/code-sim/results/formal-v1/batch2/pairs/R00612/left/Main.java,/Users/liuziqi/Documents/西大Graduate/Project_base/Code/Meng_ProjectBased_DetectCodeSimilar/code-sim/results/formal-v1/batch2/pairs/R00612/right/Main.java
R00613,s911599415.java,/Users/liuziqi/Documents/西大Graduate/Project_base/Code/Meng_ProjectBased_DetectCodeSimilar/code-sim/results/formal-v1/batch2/pairs/R00613/left/Main.java,/Users/liuziqi/Documents/西大Graduate/Project_base/Code/Meng_ProjectBased_DetectCodeSimilar/code-sim/results/formal-v1/batch2/pairs/R00613/right/Main.java
R00614,s358760671.java,/Users/liuziqi/Documents/西大Graduate/Project_base/Code/Meng_ProjectBased_DetectCodeSimilar/code-sim/results/formal-v1/batch2/pairs/R00614/left/Main.java,/Users/liuziqi/Documents/西大Graduate/Project_base/Code/Meng_ProjectBased_DetectCodeSimilar/code-sim/results/formal-v1/batch2/pairs/R00614/right/Main.java
R00615,s860686479.java,/Users/liuziqi/Documents/西大Graduate/Project_base/Code/Meng_ProjectBased_DetectCodeSimilar/code-sim/results/formal-v1/batch2/pairs/R00615/left/Main.java,/Users/liuziqi/Documents/西大Graduate/Project_base/Code/Meng_ProjectBased_DetectCodeSimilar/code-sim/results/formal-v1/batch2/pairs/R00615/right/Main.java
R00616,s813396346.java,/Users/liuziqi/Documents/西大Graduate/Project_base/Code/Meng_ProjectBased_DetectCodeSimilar/code-sim/results/formal-v1/batch2/pairs/R00616/left/Main.java,/Users/liuziqi/Documents/西大Graduate/Project_base/Code/Meng_ProjectBased_DetectCodeSimilar/code-sim/results/formal-v1/batch2/pairs/R00616/right/Main.java
R00617,s720101463.java,/Users/liuziqi/Documents/西大Graduate/Project_base/Code/Meng_ProjectBased_DetectCodeSimilar/code-sim/results/formal-v1/batch2/pairs/R00617/left/Main.java,/Users/liuziqi/Documents/西大Graduate/Project_base/Code/Meng_ProjectBased_DetectCodeSimilar/code-sim/results/formal-v1/batch2/pairs/R00617/right/Main.java
R00618,s129903919.java,/Users/liuziqi/Documents/西大Graduate/Project_base/Code/Meng_ProjectBased_DetectCodeSimilar/code-sim/results/formal-v1/batch2/pairs/R00618/left/Main.java,/Users/liuziqi/Documents/西大Graduate/Project_base/Code/Meng_ProjectBased_DetectCodeSimilar/code-sim/results/formal-v1/batch2/pairs/R00618/right/Main.java
R00619,s365094939.java,/Users/liuziqi/Documents/西大Graduate/Project_base/Code/Meng_ProjectBased_DetectCodeSimilar/code-sim/results/formal-v1/batch2/pairs/R00619/left/Main.java,/Users/liuziqi/Documents/西大Graduate/Project_base/Code/Meng_ProjectBased_DetectCodeSimilar/code-sim/results/formal-v1/batch2/pairs/R00619/right/Main.java
R00620,s742304161.java,/Users/liuziqi/Documents/西大Graduate/Project_base/Code/Meng_ProjectBased_DetectCodeSimilar/code-sim/results/formal-v1/batch2/pairs/R00620/left/Main.java,/Users/liuziqi/Documents/西大Graduate/Project_base/Code/Meng_ProjectBased_DetectCodeSimilar/code-sim/results/formal-v1/batch2/pairs/R00620/right/Main.java
R00621,s154272860.java,/Users/liuziqi/Documents/西大Graduate/Project_base/Code/Meng_ProjectBased_DetectCodeSimilar/code-sim/results/formal-v1/batch2/pairs/R00621/left/Main.java,/Users/liuziqi/Documents/西大Graduate/Project_base/Code/Meng_ProjectBased_DetectCodeSimilar/code-sim/results/formal-v1/batch2/pairs/R00621/right/Main.java
R00622,s049039345.java,/Users/liuziqi/Documents/西大Graduate/Project_base/Code/Meng_ProjectBased_DetectCodeSimilar/code-sim/results/formal-v1/batch2/pairs/R00622/left/Main.java,/Users/liuziqi/Documents/西大Graduate/Project_base/Code/Meng_ProjectBased_DetectCodeSimilar/code-sim/results/formal-v1/batch2/pairs/R00622/right/Main.java
R00623,s681673994.java,/Users/liuziqi/Documents/西大Graduate/Project_base/Code/Meng_ProjectBased_DetectCodeSimilar/code-sim/results/formal-v1/batch2/pairs/R00623/left/Main.java,/Users/liuziqi/Documents/西大Graduate/Project_base/Code/Meng_ProjectBased_DetectCodeSimilar/code-sim/results/formal-v1/batch2/pairs/R00623/right/Main.java
R00624,s287330772.java,/Users/liuziqi/Documents/西大Graduate/Project_base/Code/Meng_ProjectBased_DetectCodeSimilar/code-sim/results/formal-v1/batch2/pairs/R00624/left/Main.java,/Users/liuziqi/Documents/西大Graduate/Project_base/Code/Meng_ProjectBased_DetectCodeSimilar/code-sim/results/formal-v1/batch2/pairs/R00624/right/Main.java
R00625,s478786338.java,/Users/liuziqi/Documents/西大Graduate/Project_base/Code/Meng_ProjectBased_DetectCodeSimilar/code-sim/results/formal-v1/batch2/pairs/R00625/left/Main.java,/Users/liuziqi/Documents/西大Graduate/Project_base/Code/Meng_ProjectBased_DetectCodeSimilar/code-sim/results/formal-v1/batch2/pairs/R00625/right/Main.java
R00626,s410403400.java,/Users/liuziqi/Documents/西大Graduate/Project_base/Code/Meng_ProjectBased_DetectCodeSimilar/code-sim/results/formal-v1/batch2/pairs/R00626/left/Main.java,/Users/liuziqi/Documents/西大Graduate/Project_base/Code/Meng_ProjectBased_DetectCodeSimilar/code-sim/results/formal-v1/batch2/pairs/R00626/right/Main.java
R00627,s598590227.java,/Users/liuziqi/Documents/西大Graduate/Project_base/Code/Meng_ProjectBased_DetectCodeSimilar/code-sim/results/formal-v1/batch2/pairs/R00627/left/Main.java,/Users/liuziqi/Documents/西大Graduate/Project_base/Code/Meng_ProjectBased_DetectCodeSimilar/code-sim/results/formal-v1/batch2/pairs/R00627/right/Main.java
R00628,s981848649.java,/Users/liuziqi/Documents/西大Graduate/Project_base/Code/Meng_ProjectBased_DetectCodeSimilar/code-sim/results/formal-v1/batch2/pairs/R00628/left/Main.java,/Users/liuziqi/Documents/西大Graduate/Project_base/Code/Meng_ProjectBased_DetectCodeSimilar/code-sim/results/formal-v1/batch2/pairs/R00628/right/Main.java
R00629,s535859493.java,/Users/liuziqi/Documents/西大Graduate/Project_base/Code/Meng_ProjectBased_DetectCodeSimilar/code-sim/results/formal-v1/batch2/pairs/R00629/left/Main.java,/Users/liuziqi/Documents/西大Graduate/Project_base/Code/Meng_ProjectBased_DetectCodeSimilar/code-sim/results/formal-v1/batch2/pairs/R00629/right/Main.java
R00630,s346728536.java,/Users/liuziqi/Documents/西大Graduate/Project_base/Code/Meng_ProjectBased_DetectCodeSimilar/code-sim/results/formal-v1/batch2/pairs/R00630/left/Main.java,/Users/liuziqi/Documents/西大Graduate/Project_base/Code/Meng_ProjectBased_DetectCodeSimilar/code-sim/results/formal-v1/batch2/pairs/R00630/right/Main.java
R00631,s827821726.java,/Users/liuziqi/Documents/西大Graduate/Project_base/Code/Meng_ProjectBased_DetectCodeSimilar/code-sim/results/formal-v1/batch2/pairs/R00631/left/Main.java,/Users/liuziqi/Documents/西大Graduate/Project_base/Code/Meng_ProjectBased_DetectCodeSimilar/code-sim/results/formal-v1/batch2/pairs/R00631/right/Main.java
R00632,s846294078.java,/Users/liuziqi/Documents/西大Graduate/Project_base/Code/Meng_ProjectBased_DetectCodeSimilar/code-sim/results/formal-v1/batch2/pairs/R00632/left/Main.java,/Users/liuziqi/Documents/西大Graduate/Project_base/Code/Meng_ProjectBased_DetectCodeSimilar/code-sim/results/formal-v1/batch2/pairs/R00632/right/Main.java
R00633,s959095916.java,/Users/liuziqi/Documents/西大Graduate/Project_base/Code/Meng_ProjectBased_DetectCodeSimilar/code-sim/results/formal-v1/batch2/pairs/R00633/left/Main.java,/Users/liuziqi/Documents/西大Graduate/Project_base/Code/Meng_ProjectBased_DetectCodeSimilar/code-sim/results/formal-v1/batch2/pairs/R00633/right/Main.java
R00634,s152618433.java,/Users/liuziqi/Documents/西大Graduate/Project_base/Code/Meng_ProjectBased_DetectCodeSimilar/code-sim/results/formal-v1/batch2/pairs/R00634/left/Main.java,/Users/liuziqi/Documents/西大Graduate/Project_base/Code/Meng_ProjectBased_DetectCodeSimilar/code-sim/results/formal-v1/batch2/pairs/R00634/right/Main.java
R00635,s945140344.java,/Users/liuziqi/Documents/西大Graduate/Project_base/Code/Meng_ProjectBased_DetectCodeSimilar/code-sim/results/formal-v1/batch2/pairs/R00635/left/Main.java,/Users/liuziqi/Documents/西大Graduate/Project_base/Code/Meng_ProjectBased_DetectCodeSimilar/code-sim/results/formal-v1/batch2/pairs/R00635/right/Main.java
R00636,s903257276.java,/Users/liuziqi/Documents/西大Graduate/Project_base/Code/Meng_ProjectBased_DetectCodeSimilar/code-sim/results/formal-v1/batch2/pairs/R00636/left/Main.java,/Users/liuziqi/Documents/西大Graduate/Project_base/Code/Meng_ProjectBased_DetectCodeSimilar/code-sim/results/formal-v1/batch2/pairs/R00636/right/Main.java
R00637,s873271359.java,/Users/liuziqi/Documents/西大Graduate/Project_base/Code/Meng_ProjectBased_DetectCodeSimilar/code-sim/results/formal-v1/batch2/pairs/R00637/left/Main.java,/Users/liuziqi/Documents/西大Graduate/Project_base/Code/Meng_ProjectBased_DetectCodeSimilar/code-sim/results/formal-v1/batch2/pairs/R00637/right/Main.java
R00638,s838142647.java,/Users/liuziqi/Documents/西大Graduate/Project_base/Code/Meng_ProjectBased_DetectCodeSimilar/code-sim/results/formal-v1/batch2/pairs/R00638/left/Main.java,/Users/liuziqi/Documents/西大Graduate/Project_base/Code/Meng_ProjectBased_DetectCodeSimilar/code-sim/results/formal-v1/batch2/pairs/R00638/right/Main.java
R00639,s196313475.java,/Users/liuziqi/Documents/西大Graduate/Project_base/Code/Meng_ProjectBased_DetectCodeSimilar/code-sim/results/formal-v1/batch2/pairs/R00639/left/Main.java,/Users/liuziqi/Documents/西大Graduate/Project_base/Code/Meng_ProjectBased_DetectCodeSimilar/code-sim/results/formal-v1/batch2/pairs/R00639/right/Main.java
R00640,s808390520.java,/Users/liuziqi/Documents/西大Graduate/Project_base/Code/Meng_ProjectBased_DetectCodeSimilar/code-sim/results/formal-v1/batch2/pairs/R00640/left/Main.java,/Users/liuziqi/Documents/西大Graduate/Project_base/Code/Meng_ProjectBased_DetectCodeSimilar/code-sim/results/formal-v1/batch2/pairs/R00640/right/Main.java
R00641,s388323371.java,/Users/liuziqi/Documents/西大Graduate/Project_base/Code/Meng_ProjectBased_DetectCodeSimilar/code-sim/results/formal-v1/batch2/pairs/R00641/left/Main.java,/Users/liuziqi/Documents/西大Graduate/Project_base/Code/Meng_ProjectBased_DetectCodeSimilar/code-sim/results/formal-v1/batch2/pairs/R00641/right/Main.java
R00642,s373429617.java,/Users/liuziqi/Documents/西大Graduate/Project_base/Code/Meng_ProjectBased_DetectCodeSimilar/code-sim/results/formal-v1/batch2/pairs/R00642/left/Main.java,/Users/liuziqi/Documents/西大Graduate/Project_base/Code/Meng_ProjectBased_DetectCodeSimilar/code-sim/results/formal-v1/batch2/pairs/R00642/right/Main.java
R00643,s331701955.java,/Users/liuziqi/Documents/西大Graduate/Project_base/Code/Meng_ProjectBased_DetectCodeSimilar/code-sim/results/formal-v1/batch2/pairs/R00643/left/Main.java,/Users/liuziqi/Documents/西大Graduate/Project_base/Code/Meng_ProjectBased_DetectCodeSimilar/code-sim/results/formal-v1/batch2/pairs/R00643/right/Main.java
R00644,s588513794.java,/Users/liuziqi/Documents/西大Graduate/Project_base/Code/Meng_ProjectBased_DetectCodeSimilar/code-sim/results/formal-v1/batch2/pairs/R00644/left/Main.java,/Users/liuziqi/Documents/西大Graduate/Project_base/Code/Meng_ProjectBased_DetectCodeSimilar/code-sim/results/formal-v1/batch2/pairs/R00644/right/Main.java
R00645,s675999536.java,/Users/liuziqi/Documents/西大Graduate/Project_base/Code/Meng_ProjectBased_DetectCodeSimilar/code-sim/results/formal-v1/batch2/pairs/R00645/left/Main.java,/Users/liuziqi/Documents/西大Graduate/Project_base/Code/Meng_ProjectBased_DetectCodeSimilar/code-sim/results/formal-v1/batch2/pairs/R00645/right/Main.java
R00646,s374223981.java,/Users/liuziqi/Documents/西大Graduate/Project_base/Code/Meng_ProjectBased_DetectCodeSimilar/code-sim/results/formal-v1/batch2/pairs/R00646/left/Main.java,/Users/liuziqi/Documents/西大Graduate/Project_base/Code/Meng_ProjectBased_DetectCodeSimilar/code-sim/results/formal-v1/batch2/pairs/R00646/right/Main.java
R00647,s294278739.java,/Users/liuziqi/Documents/西大Graduate/Project_base/Code/Meng_ProjectBased_DetectCodeSimilar/code-sim/results/formal-v1/batch2/pairs/R00647/left/Main.java,/Users/liuziqi/Documents/西大Graduate/Project_base/Code/Meng_ProjectBased_DetectCodeSimilar/code-sim/results/formal-v1/batch2/pairs/R00647/right/Main.java
R00648,s352112690.java,/Users/liuziqi/Documents/西大Graduate/Project_base/Code/Meng_ProjectBased_DetectCodeSimilar/code-sim/results/formal-v1/batch2/pairs/R00648/left/Main.java,/Users/liuziqi/Documents/西大Graduate/Project_base/Code/Meng_ProjectBased_DetectCodeSimilar/code-sim/results/formal-v1/batch2/pairs/R00648/right/Main.java
R00649,s499929689.java,/Users/liuziqi/Documents/西大Graduate/Project_base/Code/Meng_ProjectBased_DetectCodeSimilar/code-sim/results/formal-v1/batch2/pairs/R00649/left/Main.java,/Users/liuziqi/Documents/西大Graduate/Project_base/Code/Meng_ProjectBased_DetectCodeSimilar/code-sim/results/formal-v1/batch2/pairs/R00649/right/Main.java
R00650,s566884863.java,/Users/liuziqi/Documents/西大Graduate/Project_base/Code/Meng_ProjectBased_DetectCodeSimilar/code-sim/results/formal-v1/batch2/pairs/R00650/left/Main.java,/Users/liuziqi/Documents/西大Graduate/Project_base/Code/Meng_ProjectBased_DetectCodeSimilar/code-sim/results/formal-v1/batch2/pairs/R00650/right/Main.java
R00651,s066358225.java,/Users/liuziqi/Documents/西大Graduate/Project_base/Code/Meng_ProjectBased_DetectCodeSimilar/code-sim/results/formal-v1/batch2/pairs/R00651/left/Main.java,/Users/liuziqi/Documents/西大Graduate/Project_base/Code/Meng_ProjectBased_DetectCodeSimilar/code-sim/results/formal-v1/batch2/pairs/R00651/right/Main.java
R00652,s986859121.java,/Users/liuziqi/Documents/西大Graduate/Project_base/Code/Meng_ProjectBased_DetectCodeSimilar/code-sim/results/formal-v1/batch2/pairs/R00652/left/Main.java,/Users/liuziqi/Documents/西大Graduate/Project_base/Code/Meng_ProjectBased_DetectCodeSimilar/code-sim/results/formal-v1/batch2/pairs/R00652/right/Main.java
R00653,s394386403.java,/Users/liuziqi/Documents/西大Graduate/Project_base/Code/Meng_ProjectBased_DetectCodeSimilar/code-sim/results/formal-v1/batch2/pairs/R00653/left/Main.java,/Users/liuziqi/Documents/西大Graduate/Project_base/Code/Meng_ProjectBased_DetectCodeSimilar/code-sim/results/formal-v1/batch2/pairs/R00653/right/Main.java
R00654,s571705789.java,/Users/liuziqi/Documents/西大Graduate/Project_base/Code/Meng_ProjectBased_DetectCodeSimilar/code-sim/results/formal-v1/batch2/pairs/R00654/left/Main.java,/Users/liuziqi/Documents/西大Graduate/Project_base/Code/Meng_ProjectBased_DetectCodeSimilar/code-sim/results/formal-v1/batch2/pairs/R00654/right/Main.java
R00655,s251786485.java,/Users/liuziqi/Documents/西大Graduate/Project_base/Code/Meng_ProjectBased_DetectCodeSimilar/code-sim/results/formal-v1/batch2/pairs/R00655/left/Main.java,/Users/liuziqi/Documents/西大Graduate/Project_base/Code/Meng_ProjectBased_DetectCodeSimilar/code-sim/results/formal-v1/batch2/pairs/R00655/right/Main.java
R00656,s315836441.java,/Users/liuziqi/Documents/西大Graduate/Project_base/Code/Meng_ProjectBased_DetectCodeSimilar/code-sim/results/formal-v1/batch2/pairs/R00656/left/Main.java,/Users/liuziqi/Documents/西大Graduate/Project_base/Code/Meng_ProjectBased_DetectCodeSimilar/code-sim/results/formal-v1/batch2/pairs/R00656/right/Main.java
R00657,s210091090.java,/Users/liuziqi/Documents/西大Graduate/Project_base/Code/Meng_ProjectBased_DetectCodeSimilar/code-sim/results/formal-v1/batch2/pairs/R00657/left/Main.java,/Users/liuziqi/Documents/西大Graduate/Project_base/Code/Meng_ProjectBased_DetectCodeSimilar/code-sim/results/formal-v1/batch2/pairs/R00657/right/Main.java
R00658,s337047620.java,/Users/liuziqi/Documents/西大Graduate/Project_base/Code/Meng_ProjectBased_DetectCodeSimilar/code-sim/results/formal-v1/batch2/pairs/R00658/left/Main.java,/Users/liuziqi/Documents/西大Graduate/Project_base/Code/Meng_ProjectBased_DetectCodeSimilar/code-sim/results/formal-v1/batch2/pairs/R00658/right/Main.java
R00659,s617390029.java,/Users/liuziqi/Documents/西大Graduate/Project_base/Code/Meng_ProjectBased_DetectCodeSimilar/code-sim/results/formal-v1/batch2/pairs/R00659/left/Main.java,/Users/liuziqi/Documents/西大Graduate/Project_base/Code/Meng_ProjectBased_DetectCodeSimilar/code-sim/results/formal-v1/batch2/pairs/R00659/right/Main.java
R00660,s009162144.java,/Users/liuziqi/Documents/西大Graduate/Project_base/Code/Meng_ProjectBased_DetectCodeSimilar/code-sim/results/formal-v1/batch2/pairs/R00660/left/Main.java,/Users/liuziqi/Documents/西大Graduate/Project_base/Code/Meng_ProjectBased_DetectCodeSimilar/code-sim/results/formal-v1/batch2/pairs/R00660/right/Main.java
R00661,s859846987.java,/Users/liuziqi/Documents/西大Graduate/Project_base/Code/Meng_ProjectBased_DetectCodeSimilar/code-sim/results/formal-v1/batch2/pairs/R00661/left/Main.java,/Users/liuziqi/Documents/西大Graduate/Project_base/Code/Meng_ProjectBased_DetectCodeSimilar/code-sim/results/formal-v1/batch2/pairs/R00661/right/Main.java
R00662,s841205062.java,/Users/liuziqi/Documents/西大Graduate/Project_base/Code/Meng_ProjectBased_DetectCodeSimilar/code-sim/results/formal-v1/batch2/pairs/R00662/left/Main.java,/Users/liuziqi/Documents/西大Graduate/Project_base/Code/Meng_ProjectBased_DetectCodeSimilar/code-sim/results/formal-v1/batch2/pairs/R00662/right/Main.java
R00663,s220339236.java,/Users/liuziqi/Documents/西大Graduate/Project_base/Code/Meng_ProjectBased_DetectCodeSimilar/code-sim/results/formal-v1/batch2/pairs/R00663/left/Main.java,/Users/liuziqi/Documents/西大Graduate/Project_base/Code/Meng_ProjectBased_DetectCodeSimilar/code-sim/results/formal-v1/batch2/pairs/R00663/right/Main.java
R00664,s453103759.java,/Users/liuziqi/Documents/西大Graduate/Project_base/Code/Meng_ProjectBased_DetectCodeSimilar/code-sim/results/formal-v1/batch2/pairs/R00664/left/Main.java,/Users/liuziqi/Documents/西大Graduate/Project_base/Code/Meng_ProjectBased_DetectCodeSimilar/code-sim/results/formal-v1/batch2/pairs/R00664/right/Main.java
R00665,s462111039.java,/Users/liuziqi/Documents/西大Graduate/Project_base/Code/Meng_ProjectBased_DetectCodeSimilar/code-sim/results/formal-v1/batch2/pairs/R00665/left/Main.java,/Users/liuziqi/Documents/西大Graduate/Project_base/Code/Meng_ProjectBased_DetectCodeSimilar/code-sim/results/formal-v1/batch2/pairs/R00665/right/Main.java
R00666,s417117071.java,/Users/liuziqi/Documents/西大Graduate/Project_base/Code/Meng_ProjectBased_DetectCodeSimilar/code-sim/results/formal-v1/batch2/pairs/R00666/left/Main.java,/Users/liuziqi/Documents/西大Graduate/Project_base/Code/Meng_ProjectBased_DetectCodeSimilar/code-sim/results/formal-v1/batch2/pairs/R00666/right/Main.java
R00667,s538714782.java,/Users/liuziqi/Documents/西大Graduate/Project_base/Code/Meng_ProjectBased_DetectCodeSimilar/code-sim/results/formal-v1/batch2/pairs/R00667/left/Main.java,/Users/liuziqi/Documents/西大Graduate/Project_base/Code/Meng_ProjectBased_DetectCodeSimilar/code-sim/results/formal-v1/batch2/pairs/R00667/right/Main.java
R00668,s340896565.java,/Users/liuziqi/Documents/西大Graduate/Project_base/Code/Meng_ProjectBased_DetectCodeSimilar/code-sim/results/formal-v1/batch2/pairs/R00668/left/Main.java,/Users/liuziqi/Documents/西大Graduate/Project_base/Code/Meng_ProjectBased_DetectCodeSimilar/code-sim/results/formal-v1/batch2/pairs/R00668/right/Main.java
R00669,s221822341.java,/Users/liuziqi/Documents/西大Graduate/Project_base/Code/Meng_ProjectBased_DetectCodeSimilar/code-sim/results/formal-v1/batch2/pairs/R00669/left/Main.java,/Users/liuziqi/Documents/西大Graduate/Project_base/Code/Meng_ProjectBased_DetectCodeSimilar/code-sim/results/formal-v1/batch2/pairs/R00669/right/Main.java
R00670,s305498132.java,/Users/liuziqi/Documents/西大Graduate/Project_base/Code/Meng_ProjectBased_DetectCodeSimilar/code-sim/results/formal-v1/batch2/pairs/R00670/left/Main.java,/Users/liuziqi/Documents/西大Graduate/Project_base/Code/Meng_ProjectBased_DetectCodeSimilar/code-sim/results/formal-v1/batch2/pairs/R00670/right/Main.java
R00671,s276119783.java,/Users/liuziqi/Documents/西大Graduate/Project_base/Code/Meng_ProjectBased_DetectCodeSimilar/code-sim/results/formal-v1/batch2/pairs/R00671/left/Main.java,/Users/liuziqi/Documents/西大Graduate/Project_base/Code/Meng_ProjectBased_DetectCodeSimilar/code-sim/results/formal-v1/batch2/pairs/R00671/right/Main.java
R00672,s797838870.java,/Users/liuziqi/Documents/西大Graduate/Project_base/Code/Meng_ProjectBased_DetectCodeSimilar/code-sim/results/formal-v1/batch2/pairs/R00672/left/Main.java,/Users/liuziqi/Documents/西大Graduate/Project_base/Code/Meng_ProjectBased_DetectCodeSimilar/code-sim/results/formal-v1/batch2/pairs/R00672/right/Main.java
R00673,s634801926.java,/Users/liuziqi/Documents/西大Graduate/Project_base/Code/Meng_ProjectBased_DetectCodeSimilar/code-sim/results/formal-v1/batch2/pairs/R00673/left/Main.java,/Users/liuziqi/Documents/西大Graduate/Project_base/Code/Meng_ProjectBased_DetectCodeSimilar/code-sim/results/formal-v1/batch2/pairs/R00673/right/Main.java
R00674,s589495904.java,/Users/liuziqi/Documents/西大Graduate/Project_base/Code/Meng_ProjectBased_DetectCodeSimilar/code-sim/results/formal-v1/batch2/pairs/R00674/left/Main.java,/Users/liuziqi/Documents/西大Graduate/Project_base/Code/Meng_ProjectBased_DetectCodeSimilar/code-sim/results/formal-v1/batch2/pairs/R00674/right/Main.java
R00675,s872039689.java,/Users/liuziqi/Documents/西大Graduate/Project_base/Code/Meng_ProjectBased_DetectCodeSimilar/code-sim/results/formal-v1/batch2/pairs/R00675/left/Main.java,/Users/liuziqi/Documents/西大Graduate/Project_base/Code/Meng_ProjectBased_DetectCodeSimilar/code-sim/results/formal-v1/batch2/pairs/R00675/right/Main.java
R00676,s639681594.java,/Users/liuziqi/Documents/西大Graduate/Project_base/Code/Meng_ProjectBased_DetectCodeSimilar/code-sim/results/formal-v1/batch2/pairs/R00676/left/Main.java,/Users/liuziqi/Documents/西大Graduate/Project_base/Code/Meng_ProjectBased_DetectCodeSimilar/code-sim/results/formal-v1/batch2/pairs/R00676/right/Main.java
R00677,s903954040.java,/Users/liuziqi/Documents/西大Graduate/Project_base/Code/Meng_ProjectBased_DetectCodeSimilar/code-sim/results/formal-v1/batch2/pairs/R00677/left/Main.java,/Users/liuziqi/Documents/西大Graduate/Project_base/Code/Meng_ProjectBased_DetectCodeSimilar/code-sim/results/formal-v1/batch2/pairs/R00677/right/Main.java
R00678,s801480502.java,/Users/liuziqi/Documents/西大Graduate/Project_base/Code/Meng_ProjectBased_DetectCodeSimilar/code-sim/results/formal-v1/batch2/pairs/R00678/left/Main.java,/Users/liuziqi/Documents/西大Graduate/Project_base/Code/Meng_ProjectBased_DetectCodeSimilar/code-sim/results/formal-v1/batch2/pairs/R00678/right/Main.java
R00679,s544280828.java,/Users/liuziqi/Documents/西大Graduate/Project_base/Code/Meng_ProjectBased_DetectCodeSimilar/code-sim/results/formal-v1/batch2/pairs/R00679/left/Main.java,/Users/liuziqi/Documents/西大Graduate/Project_base/Code/Meng_ProjectBased_DetectCodeSimilar/code-sim/results/formal-v1/batch2/pairs/R00679/right/Main.java
R00680,s259857918.java,/Users/liuziqi/Documents/西大Graduate/Project_base/Code/Meng_ProjectBased_DetectCodeSimilar/code-sim/results/formal-v1/batch2/pairs/R00680/left/Main.java,/Users/liuziqi/Documents/西大Graduate/Project_base/Code/Meng_ProjectBased_DetectCodeSimilar/code-sim/results/formal-v1/batch2/pairs/R00680/right/Main.java
R00681,s605749977.java,/Users/liuziqi/Documents/西大Graduate/Project_base/Code/Meng_ProjectBased_DetectCodeSimilar/code-sim/results/formal-v1/batch2/pairs/R00681/left/Main.java,/Users/liuziqi/Documents/西大Graduate/Project_base/Code/Meng_ProjectBased_DetectCodeSimilar/code-sim/results/formal-v1/batch2/pairs/R00681/right/Main.java
R00682,s191117866.java,/Users/liuziqi/Documents/西大Graduate/Project_base/Code/Meng_ProjectBased_DetectCodeSimilar/code-sim/results/formal-v1/batch2/pairs/R00682/left/Main.java,/Users/liuziqi/Documents/西大Graduate/Project_base/Code/Meng_ProjectBased_DetectCodeSimilar/code-sim/results/formal-v1/batch2/pairs/R00682/right/Main.java
R00683,s361156147.java,/Users/liuziqi/Documents/西大Graduate/Project_base/Code/Meng_ProjectBased_DetectCodeSimilar/code-sim/results/formal-v1/batch2/pairs/R00683/left/Main.java,/Users/liuziqi/Documents/西大Graduate/Project_base/Code/Meng_ProjectBased_DetectCodeSimilar/code-sim/results/formal-v1/batch2/pairs/R00683/right/Main.java
R00684,s779334630.java,/Users/liuziqi/Documents/西大Graduate/Project_base/Code/Meng_ProjectBased_DetectCodeSimilar/code-sim/results/formal-v1/batch2/pairs/R00684/left/Main.java,/Users/liuziqi/Documents/西大Graduate/Project_base/Code/Meng_ProjectBased_DetectCodeSimilar/code-sim/results/formal-v1/batch2/pairs/R00684/right/Main.java
R00685,s375757244.java,/Users/liuziqi/Documents/西大Graduate/Project_base/Code/Meng_ProjectBased_DetectCodeSimilar/code-sim/results/formal-v1/batch2/pairs/R00685/left/Main.java,/Users/liuziqi/Documents/西大Graduate/Project_base/Code/Meng_ProjectBased_DetectCodeSimilar/code-sim/results/formal-v1/batch2/pairs/R00685/right/Main.java
R00686,s539692622.java,/Users/liuziqi/Documents/西大Graduate/Project_base/Code/Meng_ProjectBased_DetectCodeSimilar/code-sim/results/formal-v1/batch2/pairs/R00686/left/Main.java,/Users/liuziqi/Documents/西大Graduate/Project_base/Code/Meng_ProjectBased_DetectCodeSimilar/code-sim/results/formal-v1/batch2/pairs/R00686/right/Main.java
R00687,s013467437.java,/Users/liuziqi/Documents/西大Graduate/Project_base/Code/Meng_ProjectBased_DetectCodeSimilar/code-sim/results/formal-v1/batch2/pairs/R00687/left/Main.java,/Users/liuziqi/Documents/西大Graduate/Project_base/Code/Meng_ProjectBased_DetectCodeSimilar/code-sim/results/formal-v1/batch2/pairs/R00687/right/Main.java
R00688,s289055647.java,/Users/liuziqi/Documents/西大Graduate/Project_base/Code/Meng_ProjectBased_DetectCodeSimilar/code-sim/results/formal-v1/batch2/pairs/R00688/left/Main.java,/Users/liuziqi/Documents/西大Graduate/Project_base/Code/Meng_ProjectBased_DetectCodeSimilar/code-sim/results/formal-v1/batch2/pairs/R00688/right/Main.java
R00689,s758199716.java,/Users/liuziqi/Documents/西大Graduate/Project_base/Code/Meng_ProjectBased_DetectCodeSimilar/code-sim/results/formal-v1/batch2/pairs/R00689/left/Main.java,/Users/liuziqi/Documents/西大Graduate/Project_base/Code/Meng_ProjectBased_DetectCodeSimilar/code-sim/results/formal-v1/batch2/pairs/R00689/right/Main.java
R00690,s575438878.java,/Users/liuziqi/Documents/西大Graduate/Project_base/Code/Meng_ProjectBased_DetectCodeSimilar/code-sim/results/formal-v1/batch2/pairs/R00690/left/Main.java,/Users/liuziqi/Documents/西大Graduate/Project_base/Code/Meng_ProjectBased_DetectCodeSimilar/code-sim/results/formal-v1/batch2/pairs/R00690/right/Main.java
R00691,s537385493.java,/Users/liuziqi/Documents/西大Graduate/Project_base/Code/Meng_ProjectBased_DetectCodeSimilar/code-sim/results/formal-v1/batch2/pairs/R00691/left/Main.java,/Users/liuziqi/Documents/西大Graduate/Project_base/Code/Meng_ProjectBased_DetectCodeSimilar/code-sim/results/formal-v1/batch2/pairs/R00691/right/Main.java
R00692,s700249981.java,/Users/liuziqi/Documents/西大Graduate/Project_base/Code/Meng_ProjectBased_DetectCodeSimilar/code-sim/results/formal-v1/batch2/pairs/R00692/left/Main.java,/Users/liuziqi/Documents/西大Graduate/Project_base/Code/Meng_ProjectBased_DetectCodeSimilar/code-sim/results/formal-v1/batch2/pairs/R00692/right/Main.java
R00693,s249759409.java,/Users/liuziqi/Documents/西大Graduate/Project_base/Code/Meng_ProjectBased_DetectCodeSimilar/code-sim/results/formal-v1/batch2/pairs/R00693/left/Main.java,/Users/liuziqi/Documents/西大Graduate/Project_base/Code/Meng_ProjectBased_DetectCodeSimilar/code-sim/results/formal-v1/batch2/pairs/R00693/right/Main.java
R00694,s852638755.java,/Users/liuziqi/Documents/西大Graduate/Project_base/Code/Meng_ProjectBased_DetectCodeSimilar/code-sim/results/formal-v1/batch2/pairs/R00694/left/Main.java,/Users/liuziqi/Documents/西大Graduate/Project_base/Code/Meng_ProjectBased_DetectCodeSimilar/code-sim/results/formal-v1/batch2/pairs/R00694/right/Main.java
R00695,s848972139.java,/Users/liuziqi/Documents/西大Graduate/Project_base/Code/Meng_ProjectBased_DetectCodeSimilar/code-sim/results/formal-v1/batch2/pairs/R00695/left/Main.java,/Users/liuziqi/Documents/西大Graduate/Project_base/Code/Meng_ProjectBased_DetectCodeSimilar/code-sim/results/formal-v1/batch2/pairs/R00695/right/Main.java
R00696,s893889187.java,/Users/liuziqi/Documents/西大Graduate/Project_base/Code/Meng_ProjectBased_DetectCodeSimilar/code-sim/results/formal-v1/batch2/pairs/R00696/left/Main.java,/Users/liuziqi/Documents/西大Graduate/Project_base/Code/Meng_ProjectBased_DetectCodeSimilar/code-sim/results/formal-v1/batch2/pairs/R00696/right/Main.java
R00697,s193635576.java,/Users/liuziqi/Documents/西大Graduate/Project_base/Code/Meng_ProjectBased_DetectCodeSimilar/code-sim/results/formal-v1/batch2/pairs/R00697/left/Main.java,/Users/liuziqi/Documents/西大Graduate/Project_base/Code/Meng_ProjectBased_DetectCodeSimilar/code-sim/results/formal-v1/batch2/pairs/R00697/right/Main.java
R00698,s018835059.java,/Users/liuziqi/Documents/西大Graduate/Project_base/Code/Meng_ProjectBased_DetectCodeSimilar/code-sim/results/formal-v1/batch2/pairs/R00698/left/Main.java,/Users/liuziqi/Documents/西大Graduate/Project_base/Code/Meng_ProjectBased_DetectCodeSimilar/code-sim/results/formal-v1/batch2/pairs/R00698/right/Main.java
R00699,s971903148.java,/Users/liuziqi/Documents/西大Graduate/Project_base/Code/Meng_ProjectBased_DetectCodeSimilar/code-sim/results/formal-v1/batch2/pairs/R00699/left/Main.java,/Users/liuziqi/Documents/西大Graduate/Project_base/Code/Meng_ProjectBased_DetectCodeSimilar/code-sim/results/formal-v1/batch2/pairs/R00699/right/Main.java
R00700,s622650720.java,/Users/liuziqi/Documents/西大Graduate/Project_base/Code/Meng_ProjectBased_DetectCodeSimilar/code-sim/results/formal-v1/batch2/pairs/R00700/left/Main.java,/Users/liuziqi/Documents/西大Graduate/Project_base/Code/Meng_ProjectBased_DetectCodeSimilar/code-sim/results/formal-v1/batch2/pairs/R00700/right/Main.java
R00701,s427875688.java,/Users/liuziqi/Documents/西大Graduate/Project_base/Code/Meng_ProjectBased_DetectCodeSimilar/code-sim/results/formal-v1/batch2/pairs/R00701/left/Main.java,/Users/liuziqi/Documents/西大Graduate/Project_base/Code/Meng_ProjectBased_DetectCodeSimilar/code-sim/results/formal-v1/batch2/pairs/R00701/right/Main.java
R00702,s733964350.java,/Users/liuziqi/Documents/西大Graduate/Project_base/Code/Meng_ProjectBased_DetectCodeSimilar/code-sim/results/formal-v1/batch2/pairs/R00702/left/Main.java,/Users/liuziqi/Documents/西大Graduate/Project_base/Code/Meng_ProjectBased_DetectCodeSimilar/code-sim/results/formal-v1/batch2/pairs/R00702/right/Main.java
R00703,s711816150.java,/Users/liuziqi/Documents/西大Graduate/Project_base/Code/Meng_ProjectBased_DetectCodeSimilar/code-sim/results/formal-v1/batch2/pairs/R00703/left/Main.java,/Users/liuziqi/Documents/西大Graduate/Project_base/Code/Meng_ProjectBased_DetectCodeSimilar/code-sim/results/formal-v1/batch2/pairs/R00703/right/Main.java
R00704,s271788011.java,/Users/liuziqi/Documents/西大Graduate/Project_base/Code/Meng_ProjectBased_DetectCodeSimilar/code-sim/results/formal-v1/batch2/pairs/R00704/left/Main.java,/Users/liuziqi/Documents/西大Graduate/Project_base/Code/Meng_ProjectBased_DetectCodeSimilar/code-sim/results/formal-v1/batch2/pairs/R00704/right/Main.java
R00705,s458851768.java,/Users/liuziqi/Documents/西大Graduate/Project_base/Code/Meng_ProjectBased_DetectCodeSimilar/code-sim/results/formal-v1/batch2/pairs/R00705/left/Main.java,/Users/liuziqi/Documents/西大Graduate/Project_base/Code/Meng_ProjectBased_DetectCodeSimilar/code-sim/results/formal-v1/batch2/pairs/R00705/right/Main.java
R00706,s265931681.java,/Users/liuziqi/Documents/西大Graduate/Project_base/Code/Meng_ProjectBased_DetectCodeSimilar/code-sim/results/formal-v1/batch2/pairs/R00706/left/Main.java,/Users/liuziqi/Documents/西大Graduate/Project_base/Code/Meng_ProjectBased_DetectCodeSimilar/code-sim/results/formal-v1/batch2/pairs/R00706/right/Main.java
R00707,s120158291.java,/Users/liuziqi/Documents/西大Graduate/Project_base/Code/Meng_ProjectBased_DetectCodeSimilar/code-sim/results/formal-v1/batch2/pairs/R00707/left/Main.java,/Users/liuziqi/Documents/西大Graduate/Project_base/Code/Meng_ProjectBased_DetectCodeSimilar/code-sim/results/formal-v1/batch2/pairs/R00707/right/Main.java
R00708,s936003310.java,/Users/liuziqi/Documents/西大Graduate/Project_base/Code/Meng_ProjectBased_DetectCodeSimilar/code-sim/results/formal-v1/batch2/pairs/R00708/left/Main.java,/Users/liuziqi/Documents/西大Graduate/Project_base/Code/Meng_ProjectBased_DetectCodeSimilar/code-sim/results/formal-v1/batch2/pairs/R00708/right/Main.java
R00709,s833196271.java,/Users/liuziqi/Documents/西大Graduate/Project_base/Code/Meng_ProjectBased_DetectCodeSimilar/code-sim/results/formal-v1/batch2/pairs/R00709/left/Main.java,/Users/liuziqi/Documents/西大Graduate/Project_base/Code/Meng_ProjectBased_DetectCodeSimilar/code-sim/results/formal-v1/batch2/pairs/R00709/right/Main.java
R00710,s024090457.java,/Users/liuziqi/Documents/西大Graduate/Project_base/Code/Meng_ProjectBased_DetectCodeSimilar/code-sim/results/formal-v1/batch2/pairs/R00710/left/Main.java,/Users/liuziqi/Documents/西大Graduate/Project_base/Code/Meng_ProjectBased_DetectCodeSimilar/code-sim/results/formal-v1/batch2/pairs/R00710/right/Main.java
R00711,s304761945.java,/Users/liuziqi/Documents/西大Graduate/Project_base/Code/Meng_ProjectBased_DetectCodeSimilar/code-sim/results/formal-v1/batch2/pairs/R00711/left/Main.java,/Users/liuziqi/Documents/西大Graduate/Project_base/Code/Meng_ProjectBased_DetectCodeSimilar/code-sim/results/formal-v1/batch2/pairs/R00711/right/Main.java
R00712,s609948070.java,/Users/liuziqi/Documents/西大Graduate/Project_base/Code/Meng_ProjectBased_DetectCodeSimilar/code-sim/results/formal-v1/batch2/pairs/R00712/left/Main.java,/Users/liuziqi/Documents/西大Graduate/Project_base/Code/Meng_ProjectBased_DetectCodeSimilar/code-sim/results/formal-v1/batch2/pairs/R00712/right/Main.java
R00713,s789622316.java,/Users/liuziqi/Documents/西大Graduate/Project_base/Code/Meng_ProjectBased_DetectCodeSimilar/code-sim/results/formal-v1/batch2/pairs/R00713/left/Main.java,/Users/liuziqi/Documents/西大Graduate/Project_base/Code/Meng_ProjectBased_DetectCodeSimilar/code-sim/results/formal-v1/batch2/pairs/R00713/right/Main.java
R00714,s861515884.java,/Users/liuziqi/Documents/西大Graduate/Project_base/Code/Meng_ProjectBased_DetectCodeSimilar/code-sim/results/formal-v1/batch2/pairs/R00714/left/Main.java,/Users/liuziqi/Documents/西大Graduate/Project_base/Code/Meng_ProjectBased_DetectCodeSimilar/code-sim/results/formal-v1/batch2/pairs/R00714/right/Main.java
R00715,s639868753.java,/Users/liuziqi/Documents/西大Graduate/Project_base/Code/Meng_ProjectBased_DetectCodeSimilar/code-sim/results/formal-v1/batch2/pairs/R00715/left/Main.java,/Users/liuziqi/Documents/西大Graduate/Project_base/Code/Meng_ProjectBased_DetectCodeSimilar/code-sim/results/formal-v1/batch2/pairs/R00715/right/Main.java
R00716,s117054544.java,/Users/liuziqi/Documents/西大Graduate/Project_base/Code/Meng_ProjectBased_DetectCodeSimilar/code-sim/results/formal-v1/batch2/pairs/R00716/left/Main.java,/Users/liuziqi/Documents/西大Graduate/Project_base/Code/Meng_ProjectBased_DetectCodeSimilar/code-sim/results/formal-v1/batch2/pairs/R00716/right/Main.java
R00717,s507985355.java,/Users/liuziqi/Documents/西大Graduate/Project_base/Code/Meng_ProjectBased_DetectCodeSimilar/code-sim/results/formal-v1/batch2/pairs/R00717/left/Main.java,/Users/liuziqi/Documents/西大Graduate/Project_base/Code/Meng_ProjectBased_DetectCodeSimilar/code-sim/results/formal-v1/batch2/pairs/R00717/right/Main.java
R00718,s989412448.java,/Users/liuziqi/Documents/西大Graduate/Project_base/Code/Meng_ProjectBased_DetectCodeSimilar/code-sim/results/formal-v1/batch2/pairs/R00718/left/Main.java,/Users/liuziqi/Documents/西大Graduate/Project_base/Code/Meng_ProjectBased_DetectCodeSimilar/code-sim/results/formal-v1/batch2/pairs/R00718/right/Main.java
R00719,s358613973.java,/Users/liuziqi/Documents/西大Graduate/Project_base/Code/Meng_ProjectBased_DetectCodeSimilar/code-sim/results/formal-v1/batch2/pairs/R00719/left/Main.java,/Users/liuziqi/Documents/西大Graduate/Project_base/Code/Meng_ProjectBased_DetectCodeSimilar/code-sim/results/formal-v1/batch2/pairs/R00719/right/Main.java
R00720,s239188013.java,/Users/liuziqi/Documents/西大Graduate/Project_base/Code/Meng_ProjectBased_DetectCodeSimilar/code-sim/results/formal-v1/batch2/pairs/R00720/left/Main.java,/Users/liuziqi/Documents/西大Graduate/Project_base/Code/Meng_ProjectBased_DetectCodeSimilar/code-sim/results/formal-v1/batch2/pairs/R00720/right/Main.java
R00721,s544027423.java,/Users/liuziqi/Documents/西大Graduate/Project_base/Code/Meng_ProjectBased_DetectCodeSimilar/code-sim/results/formal-v1/batch2/pairs/R00721/left/Main.java,/Users/liuziqi/Documents/西大Graduate/Project_base/Code/Meng_ProjectBased_DetectCodeSimilar/code-sim/results/formal-v1/batch2/pairs/R00721/right/Main.java
R00722,s622076120.java,/Users/liuziqi/Documents/西大Graduate/Project_base/Code/Meng_ProjectBased_DetectCodeSimilar/code-sim/results/formal-v1/batch2/pairs/R00722/left/Main.java,/Users/liuziqi/Documents/西大Graduate/Project_base/Code/Meng_ProjectBased_DetectCodeSimilar/code-sim/results/formal-v1/batch2/pairs/R00722/right/Main.java
R00723,s262820233.java,/Users/liuziqi/Documents/西大Graduate/Project_base/Code/Meng_ProjectBased_DetectCodeSimilar/code-sim/results/formal-v1/batch2/pairs/R00723/left/Main.java,/Users/liuziqi/Documents/西大Graduate/Project_base/Code/Meng_ProjectBased_DetectCodeSimilar/code-sim/results/formal-v1/batch2/pairs/R00723/right/Main.java
R00724,s117202190.java,/Users/liuziqi/Documents/西大Graduate/Project_base/Code/Meng_ProjectBased_DetectCodeSimilar/code-sim/results/formal-v1/batch2/pairs/R00724/left/Main.java,/Users/liuziqi/Documents/西大Graduate/Project_base/Code/Meng_ProjectBased_DetectCodeSimilar/code-sim/results/formal-v1/batch2/pairs/R00724/right/Main.java
R00725,s131319223.java,/Users/liuziqi/Documents/西大Graduate/Project_base/Code/Meng_ProjectBased_DetectCodeSimilar/code-sim/results/formal-v1/batch2/pairs/R00725/left/Main.java,/Users/liuziqi/Documents/西大Graduate/Project_base/Code/Meng_ProjectBased_DetectCodeSimilar/code-sim/results/formal-v1/batch2/pairs/R00725/right/Main.java
R00726,s562398012.java,/Users/liuziqi/Documents/西大Graduate/Project_base/Code/Meng_ProjectBased_DetectCodeSimilar/code-sim/results/formal-v1/batch2/pairs/R00726/left/Main.java,/Users/liuziqi/Documents/西大Graduate/Project_base/Code/Meng_ProjectBased_DetectCodeSimilar/code-sim/results/formal-v1/batch2/pairs/R00726/right/Main.java
R00727,s381997444.java,/Users/liuziqi/Documents/西大Graduate/Project_base/Code/Meng_ProjectBased_DetectCodeSimilar/code-sim/results/formal-v1/batch2/pairs/R00727/left/Main.java,/Users/liuziqi/Documents/西大Graduate/Project_base/Code/Meng_ProjectBased_DetectCodeSimilar/code-sim/results/formal-v1/batch2/pairs/R00727/right/Main.java
R00728,s096201823.java,/Users/liuziqi/Documents/西大Graduate/Project_base/Code/Meng_ProjectBased_DetectCodeSimilar/code-sim/results/formal-v1/batch2/pairs/R00728/left/Main.java,/Users/liuziqi/Documents/西大Graduate/Project_base/Code/Meng_ProjectBased_DetectCodeSimilar/code-sim/results/formal-v1/batch2/pairs/R00728/right/Main.java
R00729,s915282240.java,/Users/liuziqi/Documents/西大Graduate/Project_base/Code/Meng_ProjectBased_DetectCodeSimilar/code-sim/results/formal-v1/batch2/pairs/R00729/left/Main.java,/Users/liuziqi/Documents/西大Graduate/Project_base/Code/Meng_ProjectBased_DetectCodeSimilar/code-sim/results/formal-v1/batch2/pairs/R00729/right/Main.java
R00730,s356391288.java,/Users/liuziqi/Documents/西大Graduate/Project_base/Code/Meng_ProjectBased_DetectCodeSimilar/code-sim/results/formal-v1/batch2/pairs/R00730/left/Main.java,/Users/liuziqi/Documents/西大Graduate/Project_base/Code/Meng_ProjectBased_DetectCodeSimilar/code-sim/results/formal-v1/batch2/pairs/R00730/right/Main.java
R00731,s547490711.java,/Users/liuziqi/Documents/西大Graduate/Project_base/Code/Meng_ProjectBased_DetectCodeSimilar/code-sim/results/formal-v1/batch2/pairs/R00731/left/Main.java,/Users/liuziqi/Documents/西大Graduate/Project_base/Code/Meng_ProjectBased_DetectCodeSimilar/code-sim/results/formal-v1/batch2/pairs/R00731/right/Main.java
R00732,s440052002.java,/Users/liuziqi/Documents/西大Graduate/Project_base/Code/Meng_ProjectBased_DetectCodeSimilar/code-sim/results/formal-v1/batch2/pairs/R00732/left/Main.java,/Users/liuziqi/Documents/西大Graduate/Project_base/Code/Meng_ProjectBased_DetectCodeSimilar/code-sim/results/formal-v1/batch2/pairs/R00732/right/Main.java
R00733,s334359121.java,/Users/liuziqi/Documents/西大Graduate/Project_base/Code/Meng_ProjectBased_DetectCodeSimilar/code-sim/results/formal-v1/batch2/pairs/R00733/left/Main.java,/Users/liuziqi/Documents/西大Graduate/Project_base/Code/Meng_ProjectBased_DetectCodeSimilar/code-sim/results/formal-v1/batch2/pairs/R00733/right/Main.java
R00734,s702088635.java,/Users/liuziqi/Documents/西大Graduate/Project_base/Code/Meng_ProjectBased_DetectCodeSimilar/code-sim/results/formal-v1/batch2/pairs/R00734/left/Main.java,/Users/liuziqi/Documents/西大Graduate/Project_base/Code/Meng_ProjectBased_DetectCodeSimilar/code-sim/results/formal-v1/batch2/pairs/R00734/right/Main.java
R00735,s293501216.java,/Users/liuziqi/Documents/西大Graduate/Project_base/Code/Meng_ProjectBased_DetectCodeSimilar/code-sim/results/formal-v1/batch2/pairs/R00735/left/Main.java,/Users/liuziqi/Documents/西大Graduate/Project_base/Code/Meng_ProjectBased_DetectCodeSimilar/code-sim/results/formal-v1/batch2/pairs/R00735/right/Main.java
R00736,s881672017.java,/Users/liuziqi/Documents/西大Graduate/Project_base/Code/Meng_ProjectBased_DetectCodeSimilar/code-sim/results/formal-v1/batch2/pairs/R00736/left/Main.java,/Users/liuziqi/Documents/西大Graduate/Project_base/Code/Meng_ProjectBased_DetectCodeSimilar/code-sim/results/formal-v1/batch2/pairs/R00736/right/Main.java
R00737,s775769599.java,/Users/liuziqi/Documents/西大Graduate/Project_base/Code/Meng_ProjectBased_DetectCodeSimilar/code-sim/results/formal-v1/batch2/pairs/R00737/left/Main.java,/Users/liuziqi/Documents/西大Graduate/Project_base/Code/Meng_ProjectBased_DetectCodeSimilar/code-sim/results/formal-v1/batch2/pairs/R00737/right/Main.java
R00738,s645259745.java,/Users/liuziqi/Documents/西大Graduate/Project_base/Code/Meng_ProjectBased_DetectCodeSimilar/code-sim/results/formal-v1/batch2/pairs/R00738/left/Main.java,/Users/liuziqi/Documents/西大Graduate/Project_base/Code/Meng_ProjectBased_DetectCodeSimilar/code-sim/results/formal-v1/batch2/pairs/R00738/right/Main.java
R00739,s268465202.java,/Users/liuziqi/Documents/西大Graduate/Project_base/Code/Meng_ProjectBased_DetectCodeSimilar/code-sim/results/formal-v1/batch2/pairs/R00739/left/Main.java,/Users/liuziqi/Documents/西大Graduate/Project_base/Code/Meng_ProjectBased_DetectCodeSimilar/code-sim/results/formal-v1/batch2/pairs/R00739/right/Main.java
R00740,s782359738.java,/Users/liuziqi/Documents/西大Graduate/Project_base/Code/Meng_ProjectBased_DetectCodeSimilar/code-sim/results/formal-v1/batch2/pairs/R00740/left/Main.java,/Users/liuziqi/Documents/西大Graduate/Project_base/Code/Meng_ProjectBased_DetectCodeSimilar/code-sim/results/formal-v1/batch2/pairs/R00740/right/Main.java
R00741,s358355043.java,/Users/liuziqi/Documents/西大Graduate/Project_base/Code/Meng_ProjectBased_DetectCodeSimilar/code-sim/results/formal-v1/batch2/pairs/R00741/left/Main.java,/Users/liuziqi/Documents/西大Graduate/Project_base/Code/Meng_ProjectBased_DetectCodeSimilar/code-sim/results/formal-v1/batch2/pairs/R00741/right/Main.java
R00742,s803314554.java,/Users/liuziqi/Documents/西大Graduate/Project_base/Code/Meng_ProjectBased_DetectCodeSimilar/code-sim/results/formal-v1/batch2/pairs/R00742/left/Main.java,/Users/liuziqi/Documents/西大Graduate/Project_base/Code/Meng_ProjectBased_DetectCodeSimilar/code-sim/results/formal-v1/batch2/pairs/R00742/right/Main.java
R00743,s368925331.java,/Users/liuziqi/Documents/西大Graduate/Project_base/Code/Meng_ProjectBased_DetectCodeSimilar/code-sim/results/formal-v1/batch2/pairs/R00743/left/Main.java,/Users/liuziqi/Documents/西大Graduate/Project_base/Code/Meng_ProjectBased_DetectCodeSimilar/code-sim/results/formal-v1/batch2/pairs/R00743/right/Main.java
R00744,s935942184.java,/Users/liuziqi/Documents/西大Graduate/Project_base/Code/Meng_ProjectBased_DetectCodeSimilar/code-sim/results/formal-v1/batch2/pairs/R00744/left/Main.java,/Users/liuziqi/Documents/西大Graduate/Project_base/Code/Meng_ProjectBased_DetectCodeSimilar/code-sim/results/formal-v1/batch2/pairs/R00744/right/Main.java
R00745,s801920489.java,/Users/liuziqi/Documents/西大Graduate/Project_base/Code/Meng_ProjectBased_DetectCodeSimilar/code-sim/results/formal-v1/batch2/pairs/R00745/left/Main.java,/Users/liuziqi/Documents/西大Graduate/Project_base/Code/Meng_ProjectBased_DetectCodeSimilar/code-sim/results/formal-v1/batch2/pairs/R00745/right/Main.java
R00746,s698646951.java,/Users/liuziqi/Documents/西大Graduate/Project_base/Code/Meng_ProjectBased_DetectCodeSimilar/code-sim/results/formal-v1/batch2/pairs/R00746/left/Main.java,/Users/liuziqi/Documents/西大Graduate/Project_base/Code/Meng_ProjectBased_DetectCodeSimilar/code-sim/results/formal-v1/batch2/pairs/R00746/right/Main.java
R00747,s522707214.java,/Users/liuziqi/Documents/西大Graduate/Project_base/Code/Meng_ProjectBased_DetectCodeSimilar/code-sim/results/formal-v1/batch2/pairs/R00747/left/Main.java,/Users/liuziqi/Documents/西大Graduate/Project_base/Code/Meng_ProjectBased_DetectCodeSimilar/code-sim/results/formal-v1/batch2/pairs/R00747/right/Main.java
R00748,s506873938.java,/Users/liuziqi/Documents/西大Graduate/Project_base/Code/Meng_ProjectBased_DetectCodeSimilar/code-sim/results/formal-v1/batch2/pairs/R00748/left/Main.java,/Users/liuziqi/Documents/西大Graduate/Project_base/Code/Meng_ProjectBased_DetectCodeSimilar/code-sim/results/formal-v1/batch2/pairs/R00748/right/Main.java
R00749,s641246255.java,/Users/liuziqi/Documents/西大Graduate/Project_base/Code/Meng_ProjectBased_DetectCodeSimilar/code-sim/results/formal-v1/batch2/pairs/R00749/left/Main.java,/Users/liuziqi/Documents/西大Graduate/Project_base/Code/Meng_ProjectBased_DetectCodeSimilar/code-sim/results/formal-v1/batch2/pairs/R00749/right/Main.java
R00750,s132425394.java,/Users/liuziqi/Documents/西大Graduate/Project_base/Code/Meng_ProjectBased_DetectCodeSimilar/code-sim/results/formal-v1/batch2/pairs/R00750/left/Main.java,/Users/liuziqi/Documents/西大Graduate/Project_base/Code/Meng_ProjectBased_DetectCodeSimilar/code-sim/results/formal-v1/batch2/pairs/R00750/right/Main.java
R00751,s601275499.java,/Users/liuziqi/Documents/西大Graduate/Project_base/Code/Meng_ProjectBased_DetectCodeSimilar/code-sim/results/formal-v1/batch2/pairs/R00751/left/Main.java,/Users/liuziqi/Documents/西大Graduate/Project_base/Code/Meng_ProjectBased_DetectCodeSimilar/code-sim/results/formal-v1/batch2/pairs/R00751/right/Main.java
R00752,s681531946.java,/Users/liuziqi/Documents/西大Graduate/Project_base/Code/Meng_ProjectBased_DetectCodeSimilar/code-sim/results/formal-v1/batch2/pairs/R00752/left/Main.java,/Users/liuziqi/Documents/西大Graduate/Project_base/Code/Meng_ProjectBased_DetectCodeSimilar/code-sim/results/formal-v1/batch2/pairs/R00752/right/Main.java
R00753,s102465236.java,/Users/liuziqi/Documents/西大Graduate/Project_base/Code/Meng_ProjectBased_DetectCodeSimilar/code-sim/results/formal-v1/batch2/pairs/R00753/left/Main.java,/Users/liuziqi/Documents/西大Graduate/Project_base/Code/Meng_ProjectBased_DetectCodeSimilar/code-sim/results/formal-v1/batch2/pairs/R00753/right/Main.java
R00754,s011015092.java,/Users/liuziqi/Documents/西大Graduate/Project_base/Code/Meng_ProjectBased_DetectCodeSimilar/code-sim/results/formal-v1/batch2/pairs/R00754/left/Main.java,/Users/liuziqi/Documents/西大Graduate/Project_base/Code/Meng_ProjectBased_DetectCodeSimilar/code-sim/results/formal-v1/batch2/pairs/R00754/right/Main.java
R00755,s979778219.java,/Users/liuziqi/Documents/西大Graduate/Project_base/Code/Meng_ProjectBased_DetectCodeSimilar/code-sim/results/formal-v1/batch2/pairs/R00755/left/Main.java,/Users/liuziqi/Documents/西大Graduate/Project_base/Code/Meng_ProjectBased_DetectCodeSimilar/code-sim/results/formal-v1/batch2/pairs/R00755/right/Main.java
R00756,s700583589.java,/Users/liuziqi/Documents/西大Graduate/Project_base/Code/Meng_ProjectBased_DetectCodeSimilar/code-sim/results/formal-v1/batch2/pairs/R00756/left/Main.java,/Users/liuziqi/Documents/西大Graduate/Project_base/Code/Meng_ProjectBased_DetectCodeSimilar/code-sim/results/formal-v1/batch2/pairs/R00756/right/Main.java
R00757,s945706068.java,/Users/liuziqi/Documents/西大Graduate/Project_base/Code/Meng_ProjectBased_DetectCodeSimilar/code-sim/results/formal-v1/batch2/pairs/R00757/left/Main.java,/Users/liuziqi/Documents/西大Graduate/Project_base/Code/Meng_ProjectBased_DetectCodeSimilar/code-sim/results/formal-v1/batch2/pairs/R00757/right/Main.java
R00758,s449538145.java,/Users/liuziqi/Documents/西大Graduate/Project_base/Code/Meng_ProjectBased_DetectCodeSimilar/code-sim/results/formal-v1/batch2/pairs/R00758/left/Main.java,/Users/liuziqi/Documents/西大Graduate/Project_base/Code/Meng_ProjectBased_DetectCodeSimilar/code-sim/results/formal-v1/batch2/pairs/R00758/right/Main.java
R00759,s566175500.java,/Users/liuziqi/Documents/西大Graduate/Project_base/Code/Meng_ProjectBased_DetectCodeSimilar/code-sim/results/formal-v1/batch2/pairs/R00759/left/Main.java,/Users/liuziqi/Documents/西大Graduate/Project_base/Code/Meng_ProjectBased_DetectCodeSimilar/code-sim/results/formal-v1/batch2/pairs/R00759/right/Main.java
R00760,s058876623.java,/Users/liuziqi/Documents/西大Graduate/Project_base/Code/Meng_ProjectBased_DetectCodeSimilar/code-sim/results/formal-v1/batch2/pairs/R00760/left/Main.java,/Users/liuziqi/Documents/西大Graduate/Project_base/Code/Meng_ProjectBased_DetectCodeSimilar/code-sim/results/formal-v1/batch2/pairs/R00760/right/Main.java
R00761,s137059767.java,/Users/liuziqi/Documents/西大Graduate/Project_base/Code/Meng_ProjectBased_DetectCodeSimilar/code-sim/results/formal-v1/batch2/pairs/R00761/left/Main.java,/Users/liuziqi/Documents/西大Graduate/Project_base/Code/Meng_ProjectBased_DetectCodeSimilar/code-sim/results/formal-v1/batch2/pairs/R00761/right/Main.java
R00762,s313227282.java,/Users/liuziqi/Documents/西大Graduate/Project_base/Code/Meng_ProjectBased_DetectCodeSimilar/code-sim/results/formal-v1/batch2/pairs/R00762/left/Main.java,/Users/liuziqi/Documents/西大Graduate/Project_base/Code/Meng_ProjectBased_DetectCodeSimilar/code-sim/results/formal-v1/batch2/pairs/R00762/right/Main.java
R00763,s833627062.java,/Users/liuziqi/Documents/西大Graduate/Project_base/Code/Meng_ProjectBased_DetectCodeSimilar/code-sim/results/formal-v1/batch2/pairs/R00763/left/Main.java,/Users/liuziqi/Documents/西大Graduate/Project_base/Code/Meng_ProjectBased_DetectCodeSimilar/code-sim/results/formal-v1/batch2/pairs/R00763/right/Main.java
R00764,s841225255.java,/Users/liuziqi/Documents/西大Graduate/Project_base/Code/Meng_ProjectBased_DetectCodeSimilar/code-sim/results/formal-v1/batch2/pairs/R00764/left/Main.java,/Users/liuziqi/Documents/西大Graduate/Project_base/Code/Meng_ProjectBased_DetectCodeSimilar/code-sim/results/formal-v1/batch2/pairs/R00764/right/Main.java
R00765,s621576020.java,/Users/liuziqi/Documents/西大Graduate/Project_base/Code/Meng_ProjectBased_DetectCodeSimilar/code-sim/results/formal-v1/batch2/pairs/R00765/left/Main.java,/Users/liuziqi/Documents/西大Graduate/Project_base/Code/Meng_ProjectBased_DetectCodeSimilar/code-sim/results/formal-v1/batch2/pairs/R00765/right/Main.java
R00766,s536021088.java,/Users/liuziqi/Documents/西大Graduate/Project_base/Code/Meng_ProjectBased_DetectCodeSimilar/code-sim/results/formal-v1/batch2/pairs/R00766/left/Main.java,/Users/liuziqi/Documents/西大Graduate/Project_base/Code/Meng_ProjectBased_DetectCodeSimilar/code-sim/results/formal-v1/batch2/pairs/R00766/right/Main.java
R00767,s687585772.java,/Users/liuziqi/Documents/西大Graduate/Project_base/Code/Meng_ProjectBased_DetectCodeSimilar/code-sim/results/formal-v1/batch2/pairs/R00767/left/Main.java,/Users/liuziqi/Documents/西大Graduate/Project_base/Code/Meng_ProjectBased_DetectCodeSimilar/code-sim/results/formal-v1/batch2/pairs/R00767/right/Main.java
R00768,s855342234.java,/Users/liuziqi/Documents/西大Graduate/Project_base/Code/Meng_ProjectBased_DetectCodeSimilar/code-sim/results/formal-v1/batch2/pairs/R00768/left/Main.java,/Users/liuziqi/Documents/西大Graduate/Project_base/Code/Meng_ProjectBased_DetectCodeSimilar/code-sim/results/formal-v1/batch2/pairs/R00768/right/Main.java
R00769,s152333041.java,/Users/liuziqi/Documents/西大Graduate/Project_base/Code/Meng_ProjectBased_DetectCodeSimilar/code-sim/results/formal-v1/batch2/pairs/R00769/left/Main.java,/Users/liuziqi/Documents/西大Graduate/Project_base/Code/Meng_ProjectBased_DetectCodeSimilar/code-sim/results/formal-v1/batch2/pairs/R00769/right/Main.java
R00770,s391132597.java,/Users/liuziqi/Documents/西大Graduate/Project_base/Code/Meng_ProjectBased_DetectCodeSimilar/code-sim/results/formal-v1/batch2/pairs/R00770/left/Main.java,/Users/liuziqi/Documents/西大Graduate/Project_base/Code/Meng_ProjectBased_DetectCodeSimilar/code-sim/results/formal-v1/batch2/pairs/R00770/right/Main.java
R00771,s798377041.java,/Users/liuziqi/Documents/西大Graduate/Project_base/Code/Meng_ProjectBased_DetectCodeSimilar/code-sim/results/formal-v1/batch2/pairs/R00771/left/Main.java,/Users/liuziqi/Documents/西大Graduate/Project_base/Code/Meng_ProjectBased_DetectCodeSimilar/code-sim/results/formal-v1/batch2/pairs/R00771/right/Main.java
R00772,s979132266.java,/Users/liuziqi/Documents/西大Graduate/Project_base/Code/Meng_ProjectBased_DetectCodeSimilar/code-sim/results/formal-v1/batch2/pairs/R00772/left/Main.java,/Users/liuziqi/Documents/西大Graduate/Project_base/Code/Meng_ProjectBased_DetectCodeSimilar/code-sim/results/formal-v1/batch2/pairs/R00772/right/Main.java
R00773,s420371623.java,/Users/liuziqi/Documents/西大Graduate/Project_base/Code/Meng_ProjectBased_DetectCodeSimilar/code-sim/results/formal-v1/batch2/pairs/R00773/left/Main.java,/Users/liuziqi/Documents/西大Graduate/Project_base/Code/Meng_ProjectBased_DetectCodeSimilar/code-sim/results/formal-v1/batch2/pairs/R00773/right/Main.java
R00774,s082021513.java,/Users/liuziqi/Documents/西大Graduate/Project_base/Code/Meng_ProjectBased_DetectCodeSimilar/code-sim/results/formal-v1/batch2/pairs/R00774/left/Main.java,/Users/liuziqi/Documents/西大Graduate/Project_base/Code/Meng_ProjectBased_DetectCodeSimilar/code-sim/results/formal-v1/batch2/pairs/R00774/right/Main.java
R00775,s044232218.java,/Users/liuziqi/Documents/西大Graduate/Project_base/Code/Meng_ProjectBased_DetectCodeSimilar/code-sim/results/formal-v1/batch2/pairs/R00775/left/Main.java,/Users/liuziqi/Documents/西大Graduate/Project_base/Code/Meng_ProjectBased_DetectCodeSimilar/code-sim/results/formal-v1/batch2/pairs/R00775/right/Main.java
R00776,s748693640.java,/Users/liuziqi/Documents/西大Graduate/Project_base/Code/Meng_ProjectBased_DetectCodeSimilar/code-sim/results/formal-v1/batch2/pairs/R00776/left/Main.java,/Users/liuziqi/Documents/西大Graduate/Project_base/Code/Meng_ProjectBased_DetectCodeSimilar/code-sim/results/formal-v1/batch2/pairs/R00776/right/Main.java
R00777,s170308365.java,/Users/liuziqi/Documents/西大Graduate/Project_base/Code/Meng_ProjectBased_DetectCodeSimilar/code-sim/results/formal-v1/batch2/pairs/R00777/left/Main.java,/Users/liuziqi/Documents/西大Graduate/Project_base/Code/Meng_ProjectBased_DetectCodeSimilar/code-sim/results/formal-v1/batch2/pairs/R00777/right/Main.java
R00778,s909056386.java,/Users/liuziqi/Documents/西大Graduate/Project_base/Code/Meng_ProjectBased_DetectCodeSimilar/code-sim/results/formal-v1/batch2/pairs/R00778/left/Main.java,/Users/liuziqi/Documents/西大Graduate/Project_base/Code/Meng_ProjectBased_DetectCodeSimilar/code-sim/results/formal-v1/batch2/pairs/R00778/right/Main.java
R00779,s580861750.java,/Users/liuziqi/Documents/西大Graduate/Project_base/Code/Meng_ProjectBased_DetectCodeSimilar/code-sim/results/formal-v1/batch2/pairs/R00779/left/Main.java,/Users/liuziqi/Documents/西大Graduate/Project_base/Code/Meng_ProjectBased_DetectCodeSimilar/code-sim/results/formal-v1/batch2/pairs/R00779/right/Main.java
R00780,s790716892.java,/Users/liuziqi/Documents/西大Graduate/Project_base/Code/Meng_ProjectBased_DetectCodeSimilar/code-sim/results/formal-v1/batch2/pairs/R00780/left/Main.java,/Users/liuziqi/Documents/西大Graduate/Project_base/Code/Meng_ProjectBased_DetectCodeSimilar/code-sim/results/formal-v1/batch2/pairs/R00780/right/Main.java
R00781,s093825912.java,/Users/liuziqi/Documents/西大Graduate/Project_base/Code/Meng_ProjectBased_DetectCodeSimilar/code-sim/results/formal-v1/batch2/pairs/R00781/left/Main.java,/Users/liuziqi/Documents/西大Graduate/Project_base/Code/Meng_ProjectBased_DetectCodeSimilar/code-sim/results/formal-v1/batch2/pairs/R00781/right/Main.java
R00782,s510464080.java,/Users/liuziqi/Documents/西大Graduate/Project_base/Code/Meng_ProjectBased_DetectCodeSimilar/code-sim/results/formal-v1/batch2/pairs/R00782/left/Main.java,/Users/liuziqi/Documents/西大Graduate/Project_base/Code/Meng_ProjectBased_DetectCodeSimilar/code-sim/results/formal-v1/batch2/pairs/R00782/right/Main.java
R00783,s665593914.java,/Users/liuziqi/Documents/西大Graduate/Project_base/Code/Meng_ProjectBased_DetectCodeSimilar/code-sim/results/formal-v1/batch2/pairs/R00783/left/Main.java,/Users/liuziqi/Documents/西大Graduate/Project_base/Code/Meng_ProjectBased_DetectCodeSimilar/code-sim/results/formal-v1/batch2/pairs/R00783/right/Main.java
R00784,s872835969.java,/Users/liuziqi/Documents/西大Graduate/Project_base/Code/Meng_ProjectBased_DetectCodeSimilar/code-sim/results/formal-v1/batch2/pairs/R00784/left/Main.java,/Users/liuziqi/Documents/西大Graduate/Project_base/Code/Meng_ProjectBased_DetectCodeSimilar/code-sim/results/formal-v1/batch2/pairs/R00784/right/Main.java
R00785,s342009680.java,/Users/liuziqi/Documents/西大Graduate/Project_base/Code/Meng_ProjectBased_DetectCodeSimilar/code-sim/results/formal-v1/batch2/pairs/R00785/left/Main.java,/Users/liuziqi/Documents/西大Graduate/Project_base/Code/Meng_ProjectBased_DetectCodeSimilar/code-sim/results/formal-v1/batch2/pairs/R00785/right/Main.java
R00786,s639267333.java,/Users/liuziqi/Documents/西大Graduate/Project_base/Code/Meng_ProjectBased_DetectCodeSimilar/code-sim/results/formal-v1/batch2/pairs/R00786/left/Main.java,/Users/liuziqi/Documents/西大Graduate/Project_base/Code/Meng_ProjectBased_DetectCodeSimilar/code-sim/results/formal-v1/batch2/pairs/R00786/right/Main.java
R00787,s667194468.java,/Users/liuziqi/Documents/西大Graduate/Project_base/Code/Meng_ProjectBased_DetectCodeSimilar/code-sim/results/formal-v1/batch2/pairs/R00787/left/Main.java,/Users/liuziqi/Documents/西大Graduate/Project_base/Code/Meng_ProjectBased_DetectCodeSimilar/code-sim/results/formal-v1/batch2/pairs/R00787/right/Main.java
R00788,s212332575.java,/Users/liuziqi/Documents/西大Graduate/Project_base/Code/Meng_ProjectBased_DetectCodeSimilar/code-sim/results/formal-v1/batch2/pairs/R00788/left/Main.java,/Users/liuziqi/Documents/西大Graduate/Project_base/Code/Meng_ProjectBased_DetectCodeSimilar/code-sim/results/formal-v1/batch2/pairs/R00788/right/Main.java
R00789,s567770093.java,/Users/liuziqi/Documents/西大Graduate/Project_base/Code/Meng_ProjectBased_DetectCodeSimilar/code-sim/results/formal-v1/batch2/pairs/R00789/left/Main.java,/Users/liuziqi/Documents/西大Graduate/Project_base/Code/Meng_ProjectBased_DetectCodeSimilar/code-sim/results/formal-v1/batch2/pairs/R00789/right/Main.java
R00790,s165645804.java,/Users/liuziqi/Documents/西大Graduate/Project_base/Code/Meng_ProjectBased_DetectCodeSimilar/code-sim/results/formal-v1/batch2/pairs/R00790/left/Main.java,/Users/liuziqi/Documents/西大Graduate/Project_base/Code/Meng_ProjectBased_DetectCodeSimilar/code-sim/results/formal-v1/batch2/pairs/R00790/right/Main.java
R00791,s712235103.java,/Users/liuziqi/Documents/西大Graduate/Project_base/Code/Meng_ProjectBased_DetectCodeSimilar/code-sim/results/formal-v1/batch2/pairs/R00791/left/Main.java,/Users/liuziqi/Documents/西大Graduate/Project_base/Code/Meng_ProjectBased_DetectCodeSimilar/code-sim/results/formal-v1/batch2/pairs/R00791/right/Main.java
R00792,s399542984.java,/Users/liuziqi/Documents/西大Graduate/Project_base/Code/Meng_ProjectBased_DetectCodeSimilar/code-sim/results/formal-v1/batch2/pairs/R00792/left/Main.java,/Users/liuziqi/Documents/西大Graduate/Project_base/Code/Meng_ProjectBased_DetectCodeSimilar/code-sim/results/formal-v1/batch2/pairs/R00792/right/Main.java
R00793,s104312152.java,/Users/liuziqi/Documents/西大Graduate/Project_base/Code/Meng_ProjectBased_DetectCodeSimilar/code-sim/results/formal-v1/batch2/pairs/R00793/left/Main.java,/Users/liuziqi/Documents/西大Graduate/Project_base/Code/Meng_ProjectBased_DetectCodeSimilar/code-sim/results/formal-v1/batch2/pairs/R00793/right/Main.java
R00794,s255536772.java,/Users/liuziqi/Documents/西大Graduate/Project_base/Code/Meng_ProjectBased_DetectCodeSimilar/code-sim/results/formal-v1/batch2/pairs/R00794/left/Main.java,/Users/liuziqi/Documents/西大Graduate/Project_base/Code/Meng_ProjectBased_DetectCodeSimilar/code-sim/results/formal-v1/batch2/pairs/R00794/right/Main.java
R00795,s495036455.java,/Users/liuziqi/Documents/西大Graduate/Project_base/Code/Meng_ProjectBased_DetectCodeSimilar/code-sim/results/formal-v1/batch2/pairs/R00795/left/Main.java,/Users/liuziqi/Documents/西大Graduate/Project_base/Code/Meng_ProjectBased_DetectCodeSimilar/code-sim/results/formal-v1/batch2/pairs/R00795/right/Main.java
R00796,s987504226.java,/Users/liuziqi/Documents/西大Graduate/Project_base/Code/Meng_ProjectBased_DetectCodeSimilar/code-sim/results/formal-v1/batch2/pairs/R00796/left/Main.java,/Users/liuziqi/Documents/西大Graduate/Project_base/Code/Meng_ProjectBased_DetectCodeSimilar/code-sim/results/formal-v1/batch2/pairs/R00796/right/Main.java
R00797,s202067070.java,/Users/liuziqi/Documents/西大Graduate/Project_base/Code/Meng_ProjectBased_DetectCodeSimilar/code-sim/results/formal-v1/batch2/pairs/R00797/left/Main.java,/Users/liuziqi/Documents/西大Graduate/Project_base/Code/Meng_ProjectBased_DetectCodeSimilar/code-sim/results/formal-v1/batch2/pairs/R00797/right/Main.java
R00798,s243906443.java,/Users/liuziqi/Documents/西大Graduate/Project_base/Code/Meng_ProjectBased_DetectCodeSimilar/code-sim/results/formal-v1/batch2/pairs/R00798/left/Main.java,/Users/liuziqi/Documents/西大Graduate/Project_base/Code/Meng_ProjectBased_DetectCodeSimilar/code-sim/results/formal-v1/batch2/pairs/R00798/right/Main.java
R00799,s681511855.java,/Users/liuziqi/Documents/西大Graduate/Project_base/Code/Meng_ProjectBased_DetectCodeSimilar/code-sim/results/formal-v1/batch2/pairs/R00799/left/Main.java,/Users/liuziqi/Documents/西大Graduate/Project_base/Code/Meng_ProjectBased_DetectCodeSimilar/code-sim/results/formal-v1/batch2/pairs/R00799/right/Main.java
R00800,s515320784.java,/Users/liuziqi/Documents/西大Graduate/Project_base/Code/Meng_ProjectBased_DetectCodeSimilar/code-sim/results/formal-v1/batch2/pairs/R00800/left/Main.java,/Users/liuziqi/Documents/西大Graduate/Project_base/Code/Meng_ProjectBased_DetectCodeSimilar/code-sim/results/formal-v1/batch2/pairs/R00800/right/Main.java
R00801,s459855619.java,/Users/liuziqi/Documents/西大Graduate/Project_base/Code/Meng_ProjectBased_DetectCodeSimilar/code-sim/results/formal-v1/batch2/pairs/R00801/left/Main.java,/Users/liuziqi/Documents/西大Graduate/Project_base/Code/Meng_ProjectBased_DetectCodeSimilar/code-sim/results/formal-v1/batch2/pairs/R00801/right/Main.java
R00802,s799866339.java,/Users/liuziqi/Documents/西大Graduate/Project_base/Code/Meng_ProjectBased_DetectCodeSimilar/code-sim/results/formal-v1/batch2/pairs/R00802/left/Main.java,/Users/liuziqi/Documents/西大Graduate/Project_base/Code/Meng_ProjectBased_DetectCodeSimilar/code-sim/results/formal-v1/batch2/pairs/R00802/right/Main.java
R00803,s054358648.java,/Users/liuziqi/Documents/西大Graduate/Project_base/Code/Meng_ProjectBased_DetectCodeSimilar/code-sim/results/formal-v1/batch2/pairs/R00803/left/Main.java,/Users/liuziqi/Documents/西大Graduate/Project_base/Code/Meng_ProjectBased_DetectCodeSimilar/code-sim/results/formal-v1/batch2/pairs/R00803/right/Main.java
R00804,s154556615.java,/Users/liuziqi/Documents/西大Graduate/Project_base/Code/Meng_ProjectBased_DetectCodeSimilar/code-sim/results/formal-v1/batch2/pairs/R00804/left/Main.java,/Users/liuziqi/Documents/西大Graduate/Project_base/Code/Meng_ProjectBased_DetectCodeSimilar/code-sim/results/formal-v1/batch2/pairs/R00804/right/Main.java
R00805,s852621332.java,/Users/liuziqi/Documents/西大Graduate/Project_base/Code/Meng_ProjectBased_DetectCodeSimilar/code-sim/results/formal-v1/batch2/pairs/R00805/left/Main.java,/Users/liuziqi/Documents/西大Graduate/Project_base/Code/Meng_ProjectBased_DetectCodeSimilar/code-sim/results/formal-v1/batch2/pairs/R00805/right/Main.java
R00806,s567559084.java,/Users/liuziqi/Documents/西大Graduate/Project_base/Code/Meng_ProjectBased_DetectCodeSimilar/code-sim/results/formal-v1/batch2/pairs/R00806/left/Main.java,/Users/liuziqi/Documents/西大Graduate/Project_base/Code/Meng_ProjectBased_DetectCodeSimilar/code-sim/results/formal-v1/batch2/pairs/R00806/right/Main.java
R00807,s372553356.java,/Users/liuziqi/Documents/西大Graduate/Project_base/Code/Meng_ProjectBased_DetectCodeSimilar/code-sim/results/formal-v1/batch2/pairs/R00807/left/Main.java,/Users/liuziqi/Documents/西大Graduate/Project_base/Code/Meng_ProjectBased_DetectCodeSimilar/code-sim/results/formal-v1/batch2/pairs/R00807/right/Main.java
R00808,s615783871.java,/Users/liuziqi/Documents/西大Graduate/Project_base/Code/Meng_ProjectBased_DetectCodeSimilar/code-sim/results/formal-v1/batch2/pairs/R00808/left/Main.java,/Users/liuziqi/Documents/西大Graduate/Project_base/Code/Meng_ProjectBased_DetectCodeSimilar/code-sim/results/formal-v1/batch2/pairs/R00808/right/Main.java
R00809,s305062825.java,/Users/liuziqi/Documents/西大Graduate/Project_base/Code/Meng_ProjectBased_DetectCodeSimilar/code-sim/results/formal-v1/batch2/pairs/R00809/left/Main.java,/Users/liuziqi/Documents/西大Graduate/Project_base/Code/Meng_ProjectBased_DetectCodeSimilar/code-sim/results/formal-v1/batch2/pairs/R00809/right/Main.java
R00810,s815697366.java,/Users/liuziqi/Documents/西大Graduate/Project_base/Code/Meng_ProjectBased_DetectCodeSimilar/code-sim/results/formal-v1/batch2/pairs/R00810/left/Main.java,/Users/liuziqi/Documents/西大Graduate/Project_base/Code/Meng_ProjectBased_DetectCodeSimilar/code-sim/results/formal-v1/batch2/pairs/R00810/right/Main.java
R00811,s101734945.java,/Users/liuziqi/Documents/西大Graduate/Project_base/Code/Meng_ProjectBased_DetectCodeSimilar/code-sim/results/formal-v1/batch2/pairs/R00811/left/Main.java,/Users/liuziqi/Documents/西大Graduate/Project_base/Code/Meng_ProjectBased_DetectCodeSimilar/code-sim/results/formal-v1/batch2/pairs/R00811/right/Main.java
R00812,s385053827.java,/Users/liuziqi/Documents/西大Graduate/Project_base/Code/Meng_ProjectBased_DetectCodeSimilar/code-sim/results/formal-v1/batch2/pairs/R00812/left/Main.java,/Users/liuziqi/Documents/西大Graduate/Project_base/Code/Meng_ProjectBased_DetectCodeSimilar/code-sim/results/formal-v1/batch2/pairs/R00812/right/Main.java
R00813,s706239490.java,/Users/liuziqi/Documents/西大Graduate/Project_base/Code/Meng_ProjectBased_DetectCodeSimilar/code-sim/results/formal-v1/batch2/pairs/R00813/left/Main.java,/Users/liuziqi/Documents/西大Graduate/Project_base/Code/Meng_ProjectBased_DetectCodeSimilar/code-sim/results/formal-v1/batch2/pairs/R00813/right/Main.java
R00814,s260315176.java,/Users/liuziqi/Documents/西大Graduate/Project_base/Code/Meng_ProjectBased_DetectCodeSimilar/code-sim/results/formal-v1/batch2/pairs/R00814/left/Main.java,/Users/liuziqi/Documents/西大Graduate/Project_base/Code/Meng_ProjectBased_DetectCodeSimilar/code-sim/results/formal-v1/batch2/pairs/R00814/right/Main.java
R00815,s164652648.java,/Users/liuziqi/Documents/西大Graduate/Project_base/Code/Meng_ProjectBased_DetectCodeSimilar/code-sim/results/formal-v1/batch2/pairs/R00815/left/Main.java,/Users/liuziqi/Documents/西大Graduate/Project_base/Code/Meng_ProjectBased_DetectCodeSimilar/code-sim/results/formal-v1/batch2/pairs/R00815/right/Main.java
R00816,s974661626.java,/Users/liuziqi/Documents/西大Graduate/Project_base/Code/Meng_ProjectBased_DetectCodeSimilar/code-sim/results/formal-v1/batch2/pairs/R00816/left/Main.java,/Users/liuziqi/Documents/西大Graduate/Project_base/Code/Meng_ProjectBased_DetectCodeSimilar/code-sim/results/formal-v1/batch2/pairs/R00816/right/Main.java
R00817,s400094651.java,/Users/liuziqi/Documents/西大Graduate/Project_base/Code/Meng_ProjectBased_DetectCodeSimilar/code-sim/results/formal-v1/batch2/pairs/R00817/left/Main.java,/Users/liuziqi/Documents/西大Graduate/Project_base/Code/Meng_ProjectBased_DetectCodeSimilar/code-sim/results/formal-v1/batch2/pairs/R00817/right/Main.java
R00818,s749293864.java,/Users/liuziqi/Documents/西大Graduate/Project_base/Code/Meng_ProjectBased_DetectCodeSimilar/code-sim/results/formal-v1/batch2/pairs/R00818/left/Main.java,/Users/liuziqi/Documents/西大Graduate/Project_base/Code/Meng_ProjectBased_DetectCodeSimilar/code-sim/results/formal-v1/batch2/pairs/R00818/right/Main.java
R00819,s491473167.java,/Users/liuziqi/Documents/西大Graduate/Project_base/Code/Meng_ProjectBased_DetectCodeSimilar/code-sim/results/formal-v1/batch2/pairs/R00819/left/Main.java,/Users/liuziqi/Documents/西大Graduate/Project_base/Code/Meng_ProjectBased_DetectCodeSimilar/code-sim/results/formal-v1/batch2/pairs/R00819/right/Main.java
R00820,s658236217.java,/Users/liuziqi/Documents/西大Graduate/Project_base/Code/Meng_ProjectBased_DetectCodeSimilar/code-sim/results/formal-v1/batch2/pairs/R00820/left/Main.java,/Users/liuziqi/Documents/西大Graduate/Project_base/Code/Meng_ProjectBased_DetectCodeSimilar/code-sim/results/formal-v1/batch2/pairs/R00820/right/Main.java
R00821,s812907475.java,/Users/liuziqi/Documents/西大Graduate/Project_base/Code/Meng_ProjectBased_DetectCodeSimilar/code-sim/results/formal-v1/batch2/pairs/R00821/left/Main.java,/Users/liuziqi/Documents/西大Graduate/Project_base/Code/Meng_ProjectBased_DetectCodeSimilar/code-sim/results/formal-v1/batch2/pairs/R00821/right/Main.java
R00822,s938064015.java,/Users/liuziqi/Documents/西大Graduate/Project_base/Code/Meng_ProjectBased_DetectCodeSimilar/code-sim/results/formal-v1/batch2/pairs/R00822/left/Main.java,/Users/liuziqi/Documents/西大Graduate/Project_base/Code/Meng_ProjectBased_DetectCodeSimilar/code-sim/results/formal-v1/batch2/pairs/R00822/right/Main.java
R00823,s118676317.java,/Users/liuziqi/Documents/西大Graduate/Project_base/Code/Meng_ProjectBased_DetectCodeSimilar/code-sim/results/formal-v1/batch2/pairs/R00823/left/Main.java,/Users/liuziqi/Documents/西大Graduate/Project_base/Code/Meng_ProjectBased_DetectCodeSimilar/code-sim/results/formal-v1/batch2/pairs/R00823/right/Main.java
R00824,s273991046.java,/Users/liuziqi/Documents/西大Graduate/Project_base/Code/Meng_ProjectBased_DetectCodeSimilar/code-sim/results/formal-v1/batch2/pairs/R00824/left/Main.java,/Users/liuziqi/Documents/西大Graduate/Project_base/Code/Meng_ProjectBased_DetectCodeSimilar/code-sim/results/formal-v1/batch2/pairs/R00824/right/Main.java
R00825,s472666592.java,/Users/liuziqi/Documents/西大Graduate/Project_base/Code/Meng_ProjectBased_DetectCodeSimilar/code-sim/results/formal-v1/batch2/pairs/R00825/left/Main.java,/Users/liuziqi/Documents/西大Graduate/Project_base/Code/Meng_ProjectBased_DetectCodeSimilar/code-sim/results/formal-v1/batch2/pairs/R00825/right/Main.java
R00826,s986079545.java,/Users/liuziqi/Documents/西大Graduate/Project_base/Code/Meng_ProjectBased_DetectCodeSimilar/code-sim/results/formal-v1/batch2/pairs/R00826/left/Main.java,/Users/liuziqi/Documents/西大Graduate/Project_base/Code/Meng_ProjectBased_DetectCodeSimilar/code-sim/results/formal-v1/batch2/pairs/R00826/right/Main.java
R00827,s324792712.java,/Users/liuziqi/Documents/西大Graduate/Project_base/Code/Meng_ProjectBased_DetectCodeSimilar/code-sim/results/formal-v1/batch2/pairs/R00827/left/Main.java,/Users/liuziqi/Documents/西大Graduate/Project_base/Code/Meng_ProjectBased_DetectCodeSimilar/code-sim/results/formal-v1/batch2/pairs/R00827/right/Main.java
R00828,s806599049.java,/Users/liuziqi/Documents/西大Graduate/Project_base/Code/Meng_ProjectBased_DetectCodeSimilar/code-sim/results/formal-v1/batch2/pairs/R00828/left/Main.java,/Users/liuziqi/Documents/西大Graduate/Project_base/Code/Meng_ProjectBased_DetectCodeSimilar/code-sim/results/formal-v1/batch2/pairs/R00828/right/Main.java
R00829,s182943143.java,/Users/liuziqi/Documents/西大Graduate/Project_base/Code/Meng_ProjectBased_DetectCodeSimilar/code-sim/results/formal-v1/batch2/pairs/R00829/left/Main.java,/Users/liuziqi/Documents/西大Graduate/Project_base/Code/Meng_ProjectBased_DetectCodeSimilar/code-sim/results/formal-v1/batch2/pairs/R00829/right/Main.java
R00830,s094475994.java,/Users/liuziqi/Documents/西大Graduate/Project_base/Code/Meng_ProjectBased_DetectCodeSimilar/code-sim/results/formal-v1/batch2/pairs/R00830/left/Main.java,/Users/liuziqi/Documents/西大Graduate/Project_base/Code/Meng_ProjectBased_DetectCodeSimilar/code-sim/results/formal-v1/batch2/pairs/R00830/right/Main.java
R00831,s250752707.java,/Users/liuziqi/Documents/西大Graduate/Project_base/Code/Meng_ProjectBased_DetectCodeSimilar/code-sim/results/formal-v1/batch2/pairs/R00831/left/Main.java,/Users/liuziqi/Documents/西大Graduate/Project_base/Code/Meng_ProjectBased_DetectCodeSimilar/code-sim/results/formal-v1/batch2/pairs/R00831/right/Main.java
R00832,s803452942.java,/Users/liuziqi/Documents/西大Graduate/Project_base/Code/Meng_ProjectBased_DetectCodeSimilar/code-sim/results/formal-v1/batch2/pairs/R00832/left/Main.java,/Users/liuziqi/Documents/西大Graduate/Project_base/Code/Meng_ProjectBased_DetectCodeSimilar/code-sim/results/formal-v1/batch2/pairs/R00832/right/Main.java
R00833,s757298122.java,/Users/liuziqi/Documents/西大Graduate/Project_base/Code/Meng_ProjectBased_DetectCodeSimilar/code-sim/results/formal-v1/batch2/pairs/R00833/left/Main.java,/Users/liuziqi/Documents/西大Graduate/Project_base/Code/Meng_ProjectBased_DetectCodeSimilar/code-sim/results/formal-v1/batch2/pairs/R00833/right/Main.java
R00834,s335033206.java,/Users/liuziqi/Documents/西大Graduate/Project_base/Code/Meng_ProjectBased_DetectCodeSimilar/code-sim/results/formal-v1/batch2/pairs/R00834/left/Main.java,/Users/liuziqi/Documents/西大Graduate/Project_base/Code/Meng_ProjectBased_DetectCodeSimilar/code-sim/results/formal-v1/batch2/pairs/R00834/right/Main.java
R00835,s569391840.java,/Users/liuziqi/Documents/西大Graduate/Project_base/Code/Meng_ProjectBased_DetectCodeSimilar/code-sim/results/formal-v1/batch2/pairs/R00835/left/Main.java,/Users/liuziqi/Documents/西大Graduate/Project_base/Code/Meng_ProjectBased_DetectCodeSimilar/code-sim/results/formal-v1/batch2/pairs/R00835/right/Main.java
R00836,s546139420.java,/Users/liuziqi/Documents/西大Graduate/Project_base/Code/Meng_ProjectBased_DetectCodeSimilar/code-sim/results/formal-v1/batch2/pairs/R00836/left/Main.java,/Users/liuziqi/Documents/西大Graduate/Project_base/Code/Meng_ProjectBased_DetectCodeSimilar/code-sim/results/formal-v1/batch2/pairs/R00836/right/Main.java
R00837,s541907339.java,/Users/liuziqi/Documents/西大Graduate/Project_base/Code/Meng_ProjectBased_DetectCodeSimilar/code-sim/results/formal-v1/batch2/pairs/R00837/left/Main.java,/Users/liuziqi/Documents/西大Graduate/Project_base/Code/Meng_ProjectBased_DetectCodeSimilar/code-sim/results/formal-v1/batch2/pairs/R00837/right/Main.java
R00838,s495474157.java,/Users/liuziqi/Documents/西大Graduate/Project_base/Code/Meng_ProjectBased_DetectCodeSimilar/code-sim/results/formal-v1/batch2/pairs/R00838/left/Main.java,/Users/liuziqi/Documents/西大Graduate/Project_base/Code/Meng_ProjectBased_DetectCodeSimilar/code-sim/results/formal-v1/batch2/pairs/R00838/right/Main.java
R00839,s033082990.java,/Users/liuziqi/Documents/西大Graduate/Project_base/Code/Meng_ProjectBased_DetectCodeSimilar/code-sim/results/formal-v1/batch2/pairs/R00839/left/Main.java,/Users/liuziqi/Documents/西大Graduate/Project_base/Code/Meng_ProjectBased_DetectCodeSimilar/code-sim/results/formal-v1/batch2/pairs/R00839/right/Main.java
R00840,s074928266.java,/Users/liuziqi/Documents/西大Graduate/Project_base/Code/Meng_ProjectBased_DetectCodeSimilar/code-sim/results/formal-v1/batch2/pairs/R00840/left/Main.java,/Users/liuziqi/Documents/西大Graduate/Project_base/Code/Meng_ProjectBased_DetectCodeSimilar/code-sim/results/formal-v1/batch2/pairs/R00840/right/Main.java
R00841,s948122213.java,/Users/liuziqi/Documents/西大Graduate/Project_base/Code/Meng_ProjectBased_DetectCodeSimilar/code-sim/results/formal-v1/batch2/pairs/R00841/left/Main.java,/Users/liuziqi/Documents/西大Graduate/Project_base/Code/Meng_ProjectBased_DetectCodeSimilar/code-sim/results/formal-v1/batch2/pairs/R00841/right/Main.java
R00842,s386532790.java,/Users/liuziqi/Documents/西大Graduate/Project_base/Code/Meng_ProjectBased_DetectCodeSimilar/code-sim/results/formal-v1/batch2/pairs/R00842/left/Main.java,/Users/liuziqi/Documents/西大Graduate/Project_base/Code/Meng_ProjectBased_DetectCodeSimilar/code-sim/results/formal-v1/batch2/pairs/R00842/right/Main.java
R00843,s207061826.java,/Users/liuziqi/Documents/西大Graduate/Project_base/Code/Meng_ProjectBased_DetectCodeSimilar/code-sim/results/formal-v1/batch2/pairs/R00843/left/Main.java,/Users/liuziqi/Documents/西大Graduate/Project_base/Code/Meng_ProjectBased_DetectCodeSimilar/code-sim/results/formal-v1/batch2/pairs/R00843/right/Main.java
R00844,s514587116.java,/Users/liuziqi/Documents/西大Graduate/Project_base/Code/Meng_ProjectBased_DetectCodeSimilar/code-sim/results/formal-v1/batch2/pairs/R00844/left/Main.java,/Users/liuziqi/Documents/西大Graduate/Project_base/Code/Meng_ProjectBased_DetectCodeSimilar/code-sim/results/formal-v1/batch2/pairs/R00844/right/Main.java
R00845,s935909644.java,/Users/liuziqi/Documents/西大Graduate/Project_base/Code/Meng_ProjectBased_DetectCodeSimilar/code-sim/results/formal-v1/batch2/pairs/R00845/left/Main.java,/Users/liuziqi/Documents/西大Graduate/Project_base/Code/Meng_ProjectBased_DetectCodeSimilar/code-sim/results/formal-v1/batch2/pairs/R00845/right/Main.java
R00846,s107561776.java,/Users/liuziqi/Documents/西大Graduate/Project_base/Code/Meng_ProjectBased_DetectCodeSimilar/code-sim/results/formal-v1/batch2/pairs/R00846/left/Main.java,/Users/liuziqi/Documents/西大Graduate/Project_base/Code/Meng_ProjectBased_DetectCodeSimilar/code-sim/results/formal-v1/batch2/pairs/R00846/right/Main.java
R00847,s096521975.java,/Users/liuziqi/Documents/西大Graduate/Project_base/Code/Meng_ProjectBased_DetectCodeSimilar/code-sim/results/formal-v1/batch2/pairs/R00847/left/Main.java,/Users/liuziqi/Documents/西大Graduate/Project_base/Code/Meng_ProjectBased_DetectCodeSimilar/code-sim/results/formal-v1/batch2/pairs/R00847/right/Main.java
R00848,s381261786.java,/Users/liuziqi/Documents/西大Graduate/Project_base/Code/Meng_ProjectBased_DetectCodeSimilar/code-sim/results/formal-v1/batch2/pairs/R00848/left/Main.java,/Users/liuziqi/Documents/西大Graduate/Project_base/Code/Meng_ProjectBased_DetectCodeSimilar/code-sim/results/formal-v1/batch2/pairs/R00848/right/Main.java
R00849,s105223029.java,/Users/liuziqi/Documents/西大Graduate/Project_base/Code/Meng_ProjectBased_DetectCodeSimilar/code-sim/results/formal-v1/batch2/pairs/R00849/left/Main.java,/Users/liuziqi/Documents/西大Graduate/Project_base/Code/Meng_ProjectBased_DetectCodeSimilar/code-sim/results/formal-v1/batch2/pairs/R00849/right/Main.java
R00850,s324548405.java,/Users/liuziqi/Documents/西大Graduate/Project_base/Code/Meng_ProjectBased_DetectCodeSimilar/code-sim/results/formal-v1/batch2/pairs/R00850/left/Main.java,/Users/liuziqi/Documents/西大Graduate/Project_base/Code/Meng_ProjectBased_DetectCodeSimilar/code-sim/results/formal-v1/batch2/pairs/R00850/right/Main.java
R00851,s982824904.java,/Users/liuziqi/Documents/西大Graduate/Project_base/Code/Meng_ProjectBased_DetectCodeSimilar/code-sim/results/formal-v1/batch2/pairs/R00851/left/Main.java,/Users/liuziqi/Documents/西大Graduate/Project_base/Code/Meng_ProjectBased_DetectCodeSimilar/code-sim/results/formal-v1/batch2/pairs/R00851/right/Main.java
R00852,s925154020.java,/Users/liuziqi/Documents/西大Graduate/Project_base/Code/Meng_ProjectBased_DetectCodeSimilar/code-sim/results/formal-v1/batch2/pairs/R00852/left/Main.java,/Users/liuziqi/Documents/西大Graduate/Project_base/Code/Meng_ProjectBased_DetectCodeSimilar/code-sim/results/formal-v1/batch2/pairs/R00852/right/Main.java
R00853,s592546543.java,/Users/liuziqi/Documents/西大Graduate/Project_base/Code/Meng_ProjectBased_DetectCodeSimilar/code-sim/results/formal-v1/batch2/pairs/R00853/left/Main.java,/Users/liuziqi/Documents/西大Graduate/Project_base/Code/Meng_ProjectBased_DetectCodeSimilar/code-sim/results/formal-v1/batch2/pairs/R00853/right/Main.java
R00854,s625664252.java,/Users/liuziqi/Documents/西大Graduate/Project_base/Code/Meng_ProjectBased_DetectCodeSimilar/code-sim/results/formal-v1/batch2/pairs/R00854/left/Main.java,/Users/liuziqi/Documents/西大Graduate/Project_base/Code/Meng_ProjectBased_DetectCodeSimilar/code-sim/results/formal-v1/batch2/pairs/R00854/right/Main.java
R00855,s713102195.java,/Users/liuziqi/Documents/西大Graduate/Project_base/Code/Meng_ProjectBased_DetectCodeSimilar/code-sim/results/formal-v1/batch2/pairs/R00855/left/Main.java,/Users/liuziqi/Documents/西大Graduate/Project_base/Code/Meng_ProjectBased_DetectCodeSimilar/code-sim/results/formal-v1/batch2/pairs/R00855/right/Main.java
R00856,s797292008.java,/Users/liuziqi/Documents/西大Graduate/Project_base/Code/Meng_ProjectBased_DetectCodeSimilar/code-sim/results/formal-v1/batch2/pairs/R00856/left/Main.java,/Users/liuziqi/Documents/西大Graduate/Project_base/Code/Meng_ProjectBased_DetectCodeSimilar/code-sim/results/formal-v1/batch2/pairs/R00856/right/Main.java
R00857,s223771527.java,/Users/liuziqi/Documents/西大Graduate/Project_base/Code/Meng_ProjectBased_DetectCodeSimilar/code-sim/results/formal-v1/batch2/pairs/R00857/left/Main.java,/Users/liuziqi/Documents/西大Graduate/Project_base/Code/Meng_ProjectBased_DetectCodeSimilar/code-sim/results/formal-v1/batch2/pairs/R00857/right/Main.java
R00858,s745210931.java,/Users/liuziqi/Documents/西大Graduate/Project_base/Code/Meng_ProjectBased_DetectCodeSimilar/code-sim/results/formal-v1/batch2/pairs/R00858/left/Main.java,/Users/liuziqi/Documents/西大Graduate/Project_base/Code/Meng_ProjectBased_DetectCodeSimilar/code-sim/results/formal-v1/batch2/pairs/R00858/right/Main.java
R00859,s340293575.java,/Users/liuziqi/Documents/西大Graduate/Project_base/Code/Meng_ProjectBased_DetectCodeSimilar/code-sim/results/formal-v1/batch2/pairs/R00859/left/Main.java,/Users/liuziqi/Documents/西大Graduate/Project_base/Code/Meng_ProjectBased_DetectCodeSimilar/code-sim/results/formal-v1/batch2/pairs/R00859/right/Main.java
R00860,s119297176.java,/Users/liuziqi/Documents/西大Graduate/Project_base/Code/Meng_ProjectBased_DetectCodeSimilar/code-sim/results/formal-v1/batch2/pairs/R00860/left/Main.java,/Users/liuziqi/Documents/西大Graduate/Project_base/Code/Meng_ProjectBased_DetectCodeSimilar/code-sim/results/formal-v1/batch2/pairs/R00860/right/Main.java
R00861,s388417140.java,/Users/liuziqi/Documents/西大Graduate/Project_base/Code/Meng_ProjectBased_DetectCodeSimilar/code-sim/results/formal-v1/batch2/pairs/R00861/left/Main.java,/Users/liuziqi/Documents/西大Graduate/Project_base/Code/Meng_ProjectBased_DetectCodeSimilar/code-sim/results/formal-v1/batch2/pairs/R00861/right/Main.java
R00862,s389167857.java,/Users/liuziqi/Documents/西大Graduate/Project_base/Code/Meng_ProjectBased_DetectCodeSimilar/code-sim/results/formal-v1/batch2/pairs/R00862/left/Main.java,/Users/liuziqi/Documents/西大Graduate/Project_base/Code/Meng_ProjectBased_DetectCodeSimilar/code-sim/results/formal-v1/batch2/pairs/R00862/right/Main.java
R00863,s262118673.java,/Users/liuziqi/Documents/西大Graduate/Project_base/Code/Meng_ProjectBased_DetectCodeSimilar/code-sim/results/formal-v1/batch2/pairs/R00863/left/Main.java,/Users/liuziqi/Documents/西大Graduate/Project_base/Code/Meng_ProjectBased_DetectCodeSimilar/code-sim/results/formal-v1/batch2/pairs/R00863/right/Main.java
R00864,s456357780.java,/Users/liuziqi/Documents/西大Graduate/Project_base/Code/Meng_ProjectBased_DetectCodeSimilar/code-sim/results/formal-v1/batch2/pairs/R00864/left/Main.java,/Users/liuziqi/Documents/西大Graduate/Project_base/Code/Meng_ProjectBased_DetectCodeSimilar/code-sim/results/formal-v1/batch2/pairs/R00864/right/Main.java
R00865,s711106770.java,/Users/liuziqi/Documents/西大Graduate/Project_base/Code/Meng_ProjectBased_DetectCodeSimilar/code-sim/results/formal-v1/batch2/pairs/R00865/left/Main.java,/Users/liuziqi/Documents/西大Graduate/Project_base/Code/Meng_ProjectBased_DetectCodeSimilar/code-sim/results/formal-v1/batch2/pairs/R00865/right/Main.java
R00866,s871701240.java,/Users/liuziqi/Documents/西大Graduate/Project_base/Code/Meng_ProjectBased_DetectCodeSimilar/code-sim/results/formal-v1/batch2/pairs/R00866/left/Main.java,/Users/liuziqi/Documents/西大Graduate/Project_base/Code/Meng_ProjectBased_DetectCodeSimilar/code-sim/results/formal-v1/batch2/pairs/R00866/right/Main.java
R00867,s534078667.java,/Users/liuziqi/Documents/西大Graduate/Project_base/Code/Meng_ProjectBased_DetectCodeSimilar/code-sim/results/formal-v1/batch2/pairs/R00867/left/Main.java,/Users/liuziqi/Documents/西大Graduate/Project_base/Code/Meng_ProjectBased_DetectCodeSimilar/code-sim/results/formal-v1/batch2/pairs/R00867/right/Main.java
R00868,s655917162.java,/Users/liuziqi/Documents/西大Graduate/Project_base/Code/Meng_ProjectBased_DetectCodeSimilar/code-sim/results/formal-v1/batch2/pairs/R00868/left/Main.java,/Users/liuziqi/Documents/西大Graduate/Project_base/Code/Meng_ProjectBased_DetectCodeSimilar/code-sim/results/formal-v1/batch2/pairs/R00868/right/Main.java
R00869,s650498895.java,/Users/liuziqi/Documents/西大Graduate/Project_base/Code/Meng_ProjectBased_DetectCodeSimilar/code-sim/results/formal-v1/batch2/pairs/R00869/left/Main.java,/Users/liuziqi/Documents/西大Graduate/Project_base/Code/Meng_ProjectBased_DetectCodeSimilar/code-sim/results/formal-v1/batch2/pairs/R00869/right/Main.java
R00870,s380912243.java,/Users/liuziqi/Documents/西大Graduate/Project_base/Code/Meng_ProjectBased_DetectCodeSimilar/code-sim/results/formal-v1/batch2/pairs/R00870/left/Main.java,/Users/liuziqi/Documents/西大Graduate/Project_base/Code/Meng_ProjectBased_DetectCodeSimilar/code-sim/results/formal-v1/batch2/pairs/R00870/right/Main.java
R00871,s092616142.java,/Users/liuziqi/Documents/西大Graduate/Project_base/Code/Meng_ProjectBased_DetectCodeSimilar/code-sim/results/formal-v1/batch2/pairs/R00871/left/Main.java,/Users/liuziqi/Documents/西大Graduate/Project_base/Code/Meng_ProjectBased_DetectCodeSimilar/code-sim/results/formal-v1/batch2/pairs/R00871/right/Main.java
R00872,s204666292.java,/Users/liuziqi/Documents/西大Graduate/Project_base/Code/Meng_ProjectBased_DetectCodeSimilar/code-sim/results/formal-v1/batch2/pairs/R00872/left/Main.java,/Users/liuziqi/Documents/西大Graduate/Project_base/Code/Meng_ProjectBased_DetectCodeSimilar/code-sim/results/formal-v1/batch2/pairs/R00872/right/Main.java
R00873,s098472736.java,/Users/liuziqi/Documents/西大Graduate/Project_base/Code/Meng_ProjectBased_DetectCodeSimilar/code-sim/results/formal-v1/batch2/pairs/R00873/left/Main.java,/Users/liuziqi/Documents/西大Graduate/Project_base/Code/Meng_ProjectBased_DetectCodeSimilar/code-sim/results/formal-v1/batch2/pairs/R00873/right/Main.java
R00874,s402731389.java,/Users/liuziqi/Documents/西大Graduate/Project_base/Code/Meng_ProjectBased_DetectCodeSimilar/code-sim/results/formal-v1/batch2/pairs/R00874/left/Main.java,/Users/liuziqi/Documents/西大Graduate/Project_base/Code/Meng_ProjectBased_DetectCodeSimilar/code-sim/results/formal-v1/batch2/pairs/R00874/right/Main.java
R00875,s922165721.java,/Users/liuziqi/Documents/西大Graduate/Project_base/Code/Meng_ProjectBased_DetectCodeSimilar/code-sim/results/formal-v1/batch2/pairs/R00875/left/Main.java,/Users/liuziqi/Documents/西大Graduate/Project_base/Code/Meng_ProjectBased_DetectCodeSimilar/code-sim/results/formal-v1/batch2/pairs/R00875/right/Main.java
R00876,s904875948.java,/Users/liuziqi/Documents/西大Graduate/Project_base/Code/Meng_ProjectBased_DetectCodeSimilar/code-sim/results/formal-v1/batch2/pairs/R00876/left/Main.java,/Users/liuziqi/Documents/西大Graduate/Project_base/Code/Meng_ProjectBased_DetectCodeSimilar/code-sim/results/formal-v1/batch2/pairs/R00876/right/Main.java
R00877,s017667453.java,/Users/liuziqi/Documents/西大Graduate/Project_base/Code/Meng_ProjectBased_DetectCodeSimilar/code-sim/results/formal-v1/batch2/pairs/R00877/left/Main.java,/Users/liuziqi/Documents/西大Graduate/Project_base/Code/Meng_ProjectBased_DetectCodeSimilar/code-sim/results/formal-v1/batch2/pairs/R00877/right/Main.java
R00878,s335563202.java,/Users/liuziqi/Documents/西大Graduate/Project_base/Code/Meng_ProjectBased_DetectCodeSimilar/code-sim/results/formal-v1/batch2/pairs/R00878/left/Main.java,/Users/liuziqi/Documents/西大Graduate/Project_base/Code/Meng_ProjectBased_DetectCodeSimilar/code-sim/results/formal-v1/batch2/pairs/R00878/right/Main.java
R00879,s309733369.java,/Users/liuziqi/Documents/西大Graduate/Project_base/Code/Meng_ProjectBased_DetectCodeSimilar/code-sim/results/formal-v1/batch2/pairs/R00879/left/Main.java,/Users/liuziqi/Documents/西大Graduate/Project_base/Code/Meng_ProjectBased_DetectCodeSimilar/code-sim/results/formal-v1/batch2/pairs/R00879/right/Main.java
R00880,s960289808.java,/Users/liuziqi/Documents/西大Graduate/Project_base/Code/Meng_ProjectBased_DetectCodeSimilar/code-sim/results/formal-v1/batch2/pairs/R00880/left/Main.java,/Users/liuziqi/Documents/西大Graduate/Project_base/Code/Meng_ProjectBased_DetectCodeSimilar/code-sim/results/formal-v1/batch2/pairs/R00880/right/Main.java
R00881,s037525918.java,/Users/liuziqi/Documents/西大Graduate/Project_base/Code/Meng_ProjectBased_DetectCodeSimilar/code-sim/results/formal-v1/batch2/pairs/R00881/left/Main.java,/Users/liuziqi/Documents/西大Graduate/Project_base/Code/Meng_ProjectBased_DetectCodeSimilar/code-sim/results/formal-v1/batch2/pairs/R00881/right/Main.java
R00882,s378229448.java,/Users/liuziqi/Documents/西大Graduate/Project_base/Code/Meng_ProjectBased_DetectCodeSimilar/code-sim/results/formal-v1/batch2/pairs/R00882/left/Main.java,/Users/liuziqi/Documents/西大Graduate/Project_base/Code/Meng_ProjectBased_DetectCodeSimilar/code-sim/results/formal-v1/batch2/pairs/R00882/right/Main.java
R00883,s130680631.java,/Users/liuziqi/Documents/西大Graduate/Project_base/Code/Meng_ProjectBased_DetectCodeSimilar/code-sim/results/formal-v1/batch2/pairs/R00883/left/Main.java,/Users/liuziqi/Documents/西大Graduate/Project_base/Code/Meng_ProjectBased_DetectCodeSimilar/code-sim/results/formal-v1/batch2/pairs/R00883/right/Main.java
R00884,s717828232.java,/Users/liuziqi/Documents/西大Graduate/Project_base/Code/Meng_ProjectBased_DetectCodeSimilar/code-sim/results/formal-v1/batch2/pairs/R00884/left/Main.java,/Users/liuziqi/Documents/西大Graduate/Project_base/Code/Meng_ProjectBased_DetectCodeSimilar/code-sim/results/formal-v1/batch2/pairs/R00884/right/Main.java
R00885,s975322839.java,/Users/liuziqi/Documents/西大Graduate/Project_base/Code/Meng_ProjectBased_DetectCodeSimilar/code-sim/results/formal-v1/batch2/pairs/R00885/left/Main.java,/Users/liuziqi/Documents/西大Graduate/Project_base/Code/Meng_ProjectBased_DetectCodeSimilar/code-sim/results/formal-v1/batch2/pairs/R00885/right/Main.java
R00886,s056856076.java,/Users/liuziqi/Documents/西大Graduate/Project_base/Code/Meng_ProjectBased_DetectCodeSimilar/code-sim/results/formal-v1/batch2/pairs/R00886/left/Main.java,/Users/liuziqi/Documents/西大Graduate/Project_base/Code/Meng_ProjectBased_DetectCodeSimilar/code-sim/results/formal-v1/batch2/pairs/R00886/right/Main.java
R00887,s293428896.java,/Users/liuziqi/Documents/西大Graduate/Project_base/Code/Meng_ProjectBased_DetectCodeSimilar/code-sim/results/formal-v1/batch2/pairs/R00887/left/Main.java,/Users/liuziqi/Documents/西大Graduate/Project_base/Code/Meng_ProjectBased_DetectCodeSimilar/code-sim/results/formal-v1/batch2/pairs/R00887/right/Main.java
R00888,s254222311.java,/Users/liuziqi/Documents/西大Graduate/Project_base/Code/Meng_ProjectBased_DetectCodeSimilar/code-sim/results/formal-v1/batch2/pairs/R00888/left/Main.java,/Users/liuziqi/Documents/西大Graduate/Project_base/Code/Meng_ProjectBased_DetectCodeSimilar/code-sim/results/formal-v1/batch2/pairs/R00888/right/Main.java
R00889,s003320125.java,/Users/liuziqi/Documents/西大Graduate/Project_base/Code/Meng_ProjectBased_DetectCodeSimilar/code-sim/results/formal-v1/batch2/pairs/R00889/left/Main.java,/Users/liuziqi/Documents/西大Graduate/Project_base/Code/Meng_ProjectBased_DetectCodeSimilar/code-sim/results/formal-v1/batch2/pairs/R00889/right/Main.java
R00890,s493582996.java,/Users/liuziqi/Documents/西大Graduate/Project_base/Code/Meng_ProjectBased_DetectCodeSimilar/code-sim/results/formal-v1/batch2/pairs/R00890/left/Main.java,/Users/liuziqi/Documents/西大Graduate/Project_base/Code/Meng_ProjectBased_DetectCodeSimilar/code-sim/results/formal-v1/batch2/pairs/R00890/right/Main.java
R00891,s621702735.java,/Users/liuziqi/Documents/西大Graduate/Project_base/Code/Meng_ProjectBased_DetectCodeSimilar/code-sim/results/formal-v1/batch2/pairs/R00891/left/Main.java,/Users/liuziqi/Documents/西大Graduate/Project_base/Code/Meng_ProjectBased_DetectCodeSimilar/code-sim/results/formal-v1/batch2/pairs/R00891/right/Main.java
R00892,s429489307.java,/Users/liuziqi/Documents/西大Graduate/Project_base/Code/Meng_ProjectBased_DetectCodeSimilar/code-sim/results/formal-v1/batch2/pairs/R00892/left/Main.java,/Users/liuziqi/Documents/西大Graduate/Project_base/Code/Meng_ProjectBased_DetectCodeSimilar/code-sim/results/formal-v1/batch2/pairs/R00892/right/Main.java
R00893,s049583301.java,/Users/liuziqi/Documents/西大Graduate/Project_base/Code/Meng_ProjectBased_DetectCodeSimilar/code-sim/results/formal-v1/batch2/pairs/R00893/left/Main.java,/Users/liuziqi/Documents/西大Graduate/Project_base/Code/Meng_ProjectBased_DetectCodeSimilar/code-sim/results/formal-v1/batch2/pairs/R00893/right/Main.java
R00894,s937972841.java,/Users/liuziqi/Documents/西大Graduate/Project_base/Code/Meng_ProjectBased_DetectCodeSimilar/code-sim/results/formal-v1/batch2/pairs/R00894/left/Main.java,/Users/liuziqi/Documents/西大Graduate/Project_base/Code/Meng_ProjectBased_DetectCodeSimilar/code-sim/results/formal-v1/batch2/pairs/R00894/right/Main.java
R00895,s269365845.java,/Users/liuziqi/Documents/西大Graduate/Project_base/Code/Meng_ProjectBased_DetectCodeSimilar/code-sim/results/formal-v1/batch2/pairs/R00895/left/Main.java,/Users/liuziqi/Documents/西大Graduate/Project_base/Code/Meng_ProjectBased_DetectCodeSimilar/code-sim/results/formal-v1/batch2/pairs/R00895/right/Main.java
R00896,s084489992.java,/Users/liuziqi/Documents/西大Graduate/Project_base/Code/Meng_ProjectBased_DetectCodeSimilar/code-sim/results/formal-v1/batch2/pairs/R00896/left/Main.java,/Users/liuziqi/Documents/西大Graduate/Project_base/Code/Meng_ProjectBased_DetectCodeSimilar/code-sim/results/formal-v1/batch2/pairs/R00896/right/Main.java
R00897,s632172482.java,/Users/liuziqi/Documents/西大Graduate/Project_base/Code/Meng_ProjectBased_DetectCodeSimilar/code-sim/results/formal-v1/batch2/pairs/R00897/left/Main.java,/Users/liuziqi/Documents/西大Graduate/Project_base/Code/Meng_ProjectBased_DetectCodeSimilar/code-sim/results/formal-v1/batch2/pairs/R00897/right/Main.java
R00898,s263645988.java,/Users/liuziqi/Documents/西大Graduate/Project_base/Code/Meng_ProjectBased_DetectCodeSimilar/code-sim/results/formal-v1/batch2/pairs/R00898/left/Main.java,/Users/liuziqi/Documents/西大Graduate/Project_base/Code/Meng_ProjectBased_DetectCodeSimilar/code-sim/results/formal-v1/batch2/pairs/R00898/right/Main.java
R00899,s989007237.java,/Users/liuziqi/Documents/西大Graduate/Project_base/Code/Meng_ProjectBased_DetectCodeSimilar/code-sim/results/formal-v1/batch2/pairs/R00899/left/Main.java,/Users/liuziqi/Documents/西大Graduate/Project_base/Code/Meng_ProjectBased_DetectCodeSimilar/code-sim/results/formal-v1/batch2/pairs/R00899/right/Main.java
R00900,s304864818.java,/Users/liuziqi/Documents/西大Graduate/Project_base/Code/Meng_ProjectBased_DetectCodeSimilar/code-sim/results/formal-v1/batch2/pairs/R00900/left/Main.java,/Users/liuziqi/Documents/西大Graduate/Project_base/Code/Meng_ProjectBased_DetectCodeSimilar/code-sim/results/formal-v1/batch2/pairs/R00900/right/Main.java
R00901,s402509024.java,/Users/liuziqi/Documents/西大Graduate/Project_base/Code/Meng_ProjectBased_DetectCodeSimilar/code-sim/results/formal-v1/batch2/pairs/R00901/left/Main.java,/Users/liuziqi/Documents/西大Graduate/Project_base/Code/Meng_ProjectBased_DetectCodeSimilar/code-sim/results/formal-v1/batch2/pairs/R00901/right/Main.java
R00902,s497205231.java,/Users/liuziqi/Documents/西大Graduate/Project_base/Code/Meng_ProjectBased_DetectCodeSimilar/code-sim/results/formal-v1/batch2/pairs/R00902/left/Main.java,/Users/liuziqi/Documents/西大Graduate/Project_base/Code/Meng_ProjectBased_DetectCodeSimilar/code-sim/results/formal-v1/batch2/pairs/R00902/right/Main.java
R00903,s017999350.java,/Users/liuziqi/Documents/西大Graduate/Project_base/Code/Meng_ProjectBased_DetectCodeSimilar/code-sim/results/formal-v1/batch2/pairs/R00903/left/Main.java,/Users/liuziqi/Documents/西大Graduate/Project_base/Code/Meng_ProjectBased_DetectCodeSimilar/code-sim/results/formal-v1/batch2/pairs/R00903/right/Main.java
R00904,s072177876.java,/Users/liuziqi/Documents/西大Graduate/Project_base/Code/Meng_ProjectBased_DetectCodeSimilar/code-sim/results/formal-v1/batch2/pairs/R00904/left/Main.java,/Users/liuziqi/Documents/西大Graduate/Project_base/Code/Meng_ProjectBased_DetectCodeSimilar/code-sim/results/formal-v1/batch2/pairs/R00904/right/Main.java
R00905,s614053362.java,/Users/liuziqi/Documents/西大Graduate/Project_base/Code/Meng_ProjectBased_DetectCodeSimilar/code-sim/results/formal-v1/batch2/pairs/R00905/left/Main.java,/Users/liuziqi/Documents/西大Graduate/Project_base/Code/Meng_ProjectBased_DetectCodeSimilar/code-sim/results/formal-v1/batch2/pairs/R00905/right/Main.java
R00906,s828708521.java,/Users/liuziqi/Documents/西大Graduate/Project_base/Code/Meng_ProjectBased_DetectCodeSimilar/code-sim/results/formal-v1/batch2/pairs/R00906/left/Main.java,/Users/liuziqi/Documents/西大Graduate/Project_base/Code/Meng_ProjectBased_DetectCodeSimilar/code-sim/results/formal-v1/batch2/pairs/R00906/right/Main.java
R00907,s073237531.java,/Users/liuziqi/Documents/西大Graduate/Project_base/Code/Meng_ProjectBased_DetectCodeSimilar/code-sim/results/formal-v1/batch2/pairs/R00907/left/SpaceCharFilter.java,/Users/liuziqi/Documents/西大Graduate/Project_base/Code/Meng_ProjectBased_DetectCodeSimilar/code-sim/results/formal-v1/batch2/pairs/R00907/right/SpaceCharFilter.java
R00908,s332994180.java,/Users/liuziqi/Documents/西大Graduate/Project_base/Code/Meng_ProjectBased_DetectCodeSimilar/code-sim/results/formal-v1/batch2/pairs/R00908/left/Main.java,/Users/liuziqi/Documents/西大Graduate/Project_base/Code/Meng_ProjectBased_DetectCodeSimilar/code-sim/results/formal-v1/batch2/pairs/R00908/right/Main.java
R00909,s881944126.java,/Users/liuziqi/Documents/西大Graduate/Project_base/Code/Meng_ProjectBased_DetectCodeSimilar/code-sim/results/formal-v1/batch2/pairs/R00909/left/Main.java,/Users/liuziqi/Documents/西大Graduate/Project_base/Code/Meng_ProjectBased_DetectCodeSimilar/code-sim/results/formal-v1/batch2/pairs/R00909/right/Main.java
R00910,s274886284.java,/Users/liuziqi/Documents/西大Graduate/Project_base/Code/Meng_ProjectBased_DetectCodeSimilar/code-sim/results/formal-v1/batch2/pairs/R00910/left/Main.java,/Users/liuziqi/Documents/西大Graduate/Project_base/Code/Meng_ProjectBased_DetectCodeSimilar/code-sim/results/formal-v1/batch2/pairs/R00910/right/Main.java
R00911,s385354628.java,/Users/liuziqi/Documents/西大Graduate/Project_base/Code/Meng_ProjectBased_DetectCodeSimilar/code-sim/results/formal-v1/batch2/pairs/R00911/left/Main.java,/Users/liuziqi/Documents/西大Graduate/Project_base/Code/Meng_ProjectBased_DetectCodeSimilar/code-sim/results/formal-v1/batch2/pairs/R00911/right/Main.java
R00912,s752285024.java,/Users/liuziqi/Documents/西大Graduate/Project_base/Code/Meng_ProjectBased_DetectCodeSimilar/code-sim/results/formal-v1/batch2/pairs/R00912/left/Main.java,/Users/liuziqi/Documents/西大Graduate/Project_base/Code/Meng_ProjectBased_DetectCodeSimilar/code-sim/results/formal-v1/batch2/pairs/R00912/right/Main.java
R00913,s621681353.java,/Users/liuziqi/Documents/西大Graduate/Project_base/Code/Meng_ProjectBased_DetectCodeSimilar/code-sim/results/formal-v1/batch2/pairs/R00913/left/Main.java,/Users/liuziqi/Documents/西大Graduate/Project_base/Code/Meng_ProjectBased_DetectCodeSimilar/code-sim/results/formal-v1/batch2/pairs/R00913/right/Main.java
R00914,s920209903.java,/Users/liuziqi/Documents/西大Graduate/Project_base/Code/Meng_ProjectBased_DetectCodeSimilar/code-sim/results/formal-v1/batch2/pairs/R00914/left/Main.java,/Users/liuziqi/Documents/西大Graduate/Project_base/Code/Meng_ProjectBased_DetectCodeSimilar/code-sim/results/formal-v1/batch2/pairs/R00914/right/Main.java
R00915,s808480028.java,/Users/liuziqi/Documents/西大Graduate/Project_base/Code/Meng_ProjectBased_DetectCodeSimilar/code-sim/results/formal-v1/batch2/pairs/R00915/left/Main.java,/Users/liuziqi/Documents/西大Graduate/Project_base/Code/Meng_ProjectBased_DetectCodeSimilar/code-sim/results/formal-v1/batch2/pairs/R00915/right/Main.java
R00916,s240754571.java,/Users/liuziqi/Documents/西大Graduate/Project_base/Code/Meng_ProjectBased_DetectCodeSimilar/code-sim/results/formal-v1/batch2/pairs/R00916/left/Main.java,/Users/liuziqi/Documents/西大Graduate/Project_base/Code/Meng_ProjectBased_DetectCodeSimilar/code-sim/results/formal-v1/batch2/pairs/R00916/right/Main.java
R00917,s660330359.java,/Users/liuziqi/Documents/西大Graduate/Project_base/Code/Meng_ProjectBased_DetectCodeSimilar/code-sim/results/formal-v1/batch2/pairs/R00917/left/Main.java,/Users/liuziqi/Documents/西大Graduate/Project_base/Code/Meng_ProjectBased_DetectCodeSimilar/code-sim/results/formal-v1/batch2/pairs/R00917/right/Main.java
R00918,s802376075.java,/Users/liuziqi/Documents/西大Graduate/Project_base/Code/Meng_ProjectBased_DetectCodeSimilar/code-sim/results/formal-v1/batch2/pairs/R00918/left/Main.java,/Users/liuziqi/Documents/西大Graduate/Project_base/Code/Meng_ProjectBased_DetectCodeSimilar/code-sim/results/formal-v1/batch2/pairs/R00918/right/Main.java
R00919,s259615280.java,/Users/liuziqi/Documents/西大Graduate/Project_base/Code/Meng_ProjectBased_DetectCodeSimilar/code-sim/results/formal-v1/batch2/pairs/R00919/left/Main.java,/Users/liuziqi/Documents/西大Graduate/Project_base/Code/Meng_ProjectBased_DetectCodeSimilar/code-sim/results/formal-v1/batch2/pairs/R00919/right/Main.java
R00920,s363634953.java,/Users/liuziqi/Documents/西大Graduate/Project_base/Code/Meng_ProjectBased_DetectCodeSimilar/code-sim/results/formal-v1/batch2/pairs/R00920/left/Main.java,/Users/liuziqi/Documents/西大Graduate/Project_base/Code/Meng_ProjectBased_DetectCodeSimilar/code-sim/results/formal-v1/batch2/pairs/R00920/right/Main.java
R00921,s827124453.java,/Users/liuziqi/Documents/西大Graduate/Project_base/Code/Meng_ProjectBased_DetectCodeSimilar/code-sim/results/formal-v1/batch2/pairs/R00921/left/Main.java,/Users/liuziqi/Documents/西大Graduate/Project_base/Code/Meng_ProjectBased_DetectCodeSimilar/code-sim/results/formal-v1/batch2/pairs/R00921/right/Main.java
R00922,s520615198.java,/Users/liuziqi/Documents/西大Graduate/Project_base/Code/Meng_ProjectBased_DetectCodeSimilar/code-sim/results/formal-v1/batch2/pairs/R00922/left/Main.java,/Users/liuziqi/Documents/西大Graduate/Project_base/Code/Meng_ProjectBased_DetectCodeSimilar/code-sim/results/formal-v1/batch2/pairs/R00922/right/Main.java
R00923,s197147851.java,/Users/liuziqi/Documents/西大Graduate/Project_base/Code/Meng_ProjectBased_DetectCodeSimilar/code-sim/results/formal-v1/batch2/pairs/R00923/left/Main.java,/Users/liuziqi/Documents/西大Graduate/Project_base/Code/Meng_ProjectBased_DetectCodeSimilar/code-sim/results/formal-v1/batch2/pairs/R00923/right/Main.java
R00924,s422707947.java,/Users/liuziqi/Documents/西大Graduate/Project_base/Code/Meng_ProjectBased_DetectCodeSimilar/code-sim/results/formal-v1/batch2/pairs/R00924/left/Main.java,/Users/liuziqi/Documents/西大Graduate/Project_base/Code/Meng_ProjectBased_DetectCodeSimilar/code-sim/results/formal-v1/batch2/pairs/R00924/right/Main.java
R00925,s398943153.java,/Users/liuziqi/Documents/西大Graduate/Project_base/Code/Meng_ProjectBased_DetectCodeSimilar/code-sim/results/formal-v1/batch2/pairs/R00925/left/Main.java,/Users/liuziqi/Documents/西大Graduate/Project_base/Code/Meng_ProjectBased_DetectCodeSimilar/code-sim/results/formal-v1/batch2/pairs/R00925/right/Main.java
R00926,s181370920.java,/Users/liuziqi/Documents/西大Graduate/Project_base/Code/Meng_ProjectBased_DetectCodeSimilar/code-sim/results/formal-v1/batch2/pairs/R00926/left/Main.java,/Users/liuziqi/Documents/西大Graduate/Project_base/Code/Meng_ProjectBased_DetectCodeSimilar/code-sim/results/formal-v1/batch2/pairs/R00926/right/Main.java
R00927,s232810296.java,/Users/liuziqi/Documents/西大Graduate/Project_base/Code/Meng_ProjectBased_DetectCodeSimilar/code-sim/results/formal-v1/batch2/pairs/R00927/left/Main.java,/Users/liuziqi/Documents/西大Graduate/Project_base/Code/Meng_ProjectBased_DetectCodeSimilar/code-sim/results/formal-v1/batch2/pairs/R00927/right/Main.java
R00928,s553649428.java,/Users/liuziqi/Documents/西大Graduate/Project_base/Code/Meng_ProjectBased_DetectCodeSimilar/code-sim/results/formal-v1/batch2/pairs/R00928/left/Main.java,/Users/liuziqi/Documents/西大Graduate/Project_base/Code/Meng_ProjectBased_DetectCodeSimilar/code-sim/results/formal-v1/batch2/pairs/R00928/right/Main.java
R00929,s667449645.java,/Users/liuziqi/Documents/西大Graduate/Project_base/Code/Meng_ProjectBased_DetectCodeSimilar/code-sim/results/formal-v1/batch2/pairs/R00929/left/Main.java,/Users/liuziqi/Documents/西大Graduate/Project_base/Code/Meng_ProjectBased_DetectCodeSimilar/code-sim/results/formal-v1/batch2/pairs/R00929/right/Main.java
R00930,s704139653.java,/Users/liuziqi/Documents/西大Graduate/Project_base/Code/Meng_ProjectBased_DetectCodeSimilar/code-sim/results/formal-v1/batch2/pairs/R00930/left/Main.java,/Users/liuziqi/Documents/西大Graduate/Project_base/Code/Meng_ProjectBased_DetectCodeSimilar/code-sim/results/formal-v1/batch2/pairs/R00930/right/Main.java
R00931,s696325066.java,/Users/liuziqi/Documents/西大Graduate/Project_base/Code/Meng_ProjectBased_DetectCodeSimilar/code-sim/results/formal-v1/batch2/pairs/R00931/left/Main.java,/Users/liuziqi/Documents/西大Graduate/Project_base/Code/Meng_ProjectBased_DetectCodeSimilar/code-sim/results/formal-v1/batch2/pairs/R00931/right/Main.java
R00932,s086894763.java,/Users/liuziqi/Documents/西大Graduate/Project_base/Code/Meng_ProjectBased_DetectCodeSimilar/code-sim/results/formal-v1/batch2/pairs/R00932/left/Main.java,/Users/liuziqi/Documents/西大Graduate/Project_base/Code/Meng_ProjectBased_DetectCodeSimilar/code-sim/results/formal-v1/batch2/pairs/R00932/right/Main.java
R00933,s191974506.java,/Users/liuziqi/Documents/西大Graduate/Project_base/Code/Meng_ProjectBased_DetectCodeSimilar/code-sim/results/formal-v1/batch2/pairs/R00933/left/Main.java,/Users/liuziqi/Documents/西大Graduate/Project_base/Code/Meng_ProjectBased_DetectCodeSimilar/code-sim/results/formal-v1/batch2/pairs/R00933/right/Main.java
R00934,s869380967.java,/Users/liuziqi/Documents/西大Graduate/Project_base/Code/Meng_ProjectBased_DetectCodeSimilar/code-sim/results/formal-v1/batch2/pairs/R00934/left/Main.java,/Users/liuziqi/Documents/西大Graduate/Project_base/Code/Meng_ProjectBased_DetectCodeSimilar/code-sim/results/formal-v1/batch2/pairs/R00934/right/Main.java
R00935,s275581499.java,/Users/liuziqi/Documents/西大Graduate/Project_base/Code/Meng_ProjectBased_DetectCodeSimilar/code-sim/results/formal-v1/batch2/pairs/R00935/left/Main.java,/Users/liuziqi/Documents/西大Graduate/Project_base/Code/Meng_ProjectBased_DetectCodeSimilar/code-sim/results/formal-v1/batch2/pairs/R00935/right/Main.java
R00936,s052223737.java,/Users/liuziqi/Documents/西大Graduate/Project_base/Code/Meng_ProjectBased_DetectCodeSimilar/code-sim/results/formal-v1/batch2/pairs/R00936/left/Main.java,/Users/liuziqi/Documents/西大Graduate/Project_base/Code/Meng_ProjectBased_DetectCodeSimilar/code-sim/results/formal-v1/batch2/pairs/R00936/right/Main.java
R00937,s268238130.java,/Users/liuziqi/Documents/西大Graduate/Project_base/Code/Meng_ProjectBased_DetectCodeSimilar/code-sim/results/formal-v1/batch2/pairs/R00937/left/Main.java,/Users/liuziqi/Documents/西大Graduate/Project_base/Code/Meng_ProjectBased_DetectCodeSimilar/code-sim/results/formal-v1/batch2/pairs/R00937/right/Main.java
R00938,s156570009.java,/Users/liuziqi/Documents/西大Graduate/Project_base/Code/Meng_ProjectBased_DetectCodeSimilar/code-sim/results/formal-v1/batch2/pairs/R00938/left/Main.java,/Users/liuziqi/Documents/西大Graduate/Project_base/Code/Meng_ProjectBased_DetectCodeSimilar/code-sim/results/formal-v1/batch2/pairs/R00938/right/Main.java
R00939,s522712504.java,/Users/liuziqi/Documents/西大Graduate/Project_base/Code/Meng_ProjectBased_DetectCodeSimilar/code-sim/results/formal-v1/batch2/pairs/R00939/left/Main.java,/Users/liuziqi/Documents/西大Graduate/Project_base/Code/Meng_ProjectBased_DetectCodeSimilar/code-sim/results/formal-v1/batch2/pairs/R00939/right/Main.java
R00940,s881095398.java,/Users/liuziqi/Documents/西大Graduate/Project_base/Code/Meng_ProjectBased_DetectCodeSimilar/code-sim/results/formal-v1/batch2/pairs/R00940/left/Main.java,/Users/liuziqi/Documents/西大Graduate/Project_base/Code/Meng_ProjectBased_DetectCodeSimilar/code-sim/results/formal-v1/batch2/pairs/R00940/right/Main.java
R00941,s512166024.java,/Users/liuziqi/Documents/西大Graduate/Project_base/Code/Meng_ProjectBased_DetectCodeSimilar/code-sim/results/formal-v1/batch2/pairs/R00941/left/Main.java,/Users/liuziqi/Documents/西大Graduate/Project_base/Code/Meng_ProjectBased_DetectCodeSimilar/code-sim/results/formal-v1/batch2/pairs/R00941/right/Main.java
R00942,s122678647.java,/Users/liuziqi/Documents/西大Graduate/Project_base/Code/Meng_ProjectBased_DetectCodeSimilar/code-sim/results/formal-v1/batch2/pairs/R00942/left/Main.java,/Users/liuziqi/Documents/西大Graduate/Project_base/Code/Meng_ProjectBased_DetectCodeSimilar/code-sim/results/formal-v1/batch2/pairs/R00942/right/Main.java
R00943,s928576660.java,/Users/liuziqi/Documents/西大Graduate/Project_base/Code/Meng_ProjectBased_DetectCodeSimilar/code-sim/results/formal-v1/batch2/pairs/R00943/left/Main.java,/Users/liuziqi/Documents/西大Graduate/Project_base/Code/Meng_ProjectBased_DetectCodeSimilar/code-sim/results/formal-v1/batch2/pairs/R00943/right/Main.java
R00944,s351069521.java,/Users/liuziqi/Documents/西大Graduate/Project_base/Code/Meng_ProjectBased_DetectCodeSimilar/code-sim/results/formal-v1/batch2/pairs/R00944/left/Main.java,/Users/liuziqi/Documents/西大Graduate/Project_base/Code/Meng_ProjectBased_DetectCodeSimilar/code-sim/results/formal-v1/batch2/pairs/R00944/right/Main.java
R00945,s039470626.java,/Users/liuziqi/Documents/西大Graduate/Project_base/Code/Meng_ProjectBased_DetectCodeSimilar/code-sim/results/formal-v1/batch2/pairs/R00945/left/Main.java,/Users/liuziqi/Documents/西大Graduate/Project_base/Code/Meng_ProjectBased_DetectCodeSimilar/code-sim/results/formal-v1/batch2/pairs/R00945/right/Main.java
R00946,s609881698.java,/Users/liuziqi/Documents/西大Graduate/Project_base/Code/Meng_ProjectBased_DetectCodeSimilar/code-sim/results/formal-v1/batch2/pairs/R00946/left/Main.java,/Users/liuziqi/Documents/西大Graduate/Project_base/Code/Meng_ProjectBased_DetectCodeSimilar/code-sim/results/formal-v1/batch2/pairs/R00946/right/Main.java
R00947,s365683588.java,/Users/liuziqi/Documents/西大Graduate/Project_base/Code/Meng_ProjectBased_DetectCodeSimilar/code-sim/results/formal-v1/batch2/pairs/R00947/left/Main.java,/Users/liuziqi/Documents/西大Graduate/Project_base/Code/Meng_ProjectBased_DetectCodeSimilar/code-sim/results/formal-v1/batch2/pairs/R00947/right/Main.java
R00948,s695891250.java,/Users/liuziqi/Documents/西大Graduate/Project_base/Code/Meng_ProjectBased_DetectCodeSimilar/code-sim/results/formal-v1/batch2/pairs/R00948/left/Main.java,/Users/liuziqi/Documents/西大Graduate/Project_base/Code/Meng_ProjectBased_DetectCodeSimilar/code-sim/results/formal-v1/batch2/pairs/R00948/right/Main.java
R00949,s593805607.java,/Users/liuziqi/Documents/西大Graduate/Project_base/Code/Meng_ProjectBased_DetectCodeSimilar/code-sim/results/formal-v1/batch2/pairs/R00949/left/Main.java,/Users/liuziqi/Documents/西大Graduate/Project_base/Code/Meng_ProjectBased_DetectCodeSimilar/code-sim/results/formal-v1/batch2/pairs/R00949/right/Main.java
R00950,s702947396.java,/Users/liuziqi/Documents/西大Graduate/Project_base/Code/Meng_ProjectBased_DetectCodeSimilar/code-sim/results/formal-v1/batch2/pairs/R00950/left/Main.java,/Users/liuziqi/Documents/西大Graduate/Project_base/Code/Meng_ProjectBased_DetectCodeSimilar/code-sim/results/formal-v1/batch2/pairs/R00950/right/Main.java
R00951,s246310101.java,/Users/liuziqi/Documents/西大Graduate/Project_base/Code/Meng_ProjectBased_DetectCodeSimilar/code-sim/results/formal-v1/batch2/pairs/R00951/left/Main.java,/Users/liuziqi/Documents/西大Graduate/Project_base/Code/Meng_ProjectBased_DetectCodeSimilar/code-sim/results/formal-v1/batch2/pairs/R00951/right/Main.java
R00952,s089745200.java,/Users/liuziqi/Documents/西大Graduate/Project_base/Code/Meng_ProjectBased_DetectCodeSimilar/code-sim/results/formal-v1/batch2/pairs/R00952/left/Main.java,/Users/liuziqi/Documents/西大Graduate/Project_base/Code/Meng_ProjectBased_DetectCodeSimilar/code-sim/results/formal-v1/batch2/pairs/R00952/right/Main.java
R00953,s963775701.java,/Users/liuziqi/Documents/西大Graduate/Project_base/Code/Meng_ProjectBased_DetectCodeSimilar/code-sim/results/formal-v1/batch2/pairs/R00953/left/Main.java,/Users/liuziqi/Documents/西大Graduate/Project_base/Code/Meng_ProjectBased_DetectCodeSimilar/code-sim/results/formal-v1/batch2/pairs/R00953/right/Main.java
R00954,s560136845.java,/Users/liuziqi/Documents/西大Graduate/Project_base/Code/Meng_ProjectBased_DetectCodeSimilar/code-sim/results/formal-v1/batch2/pairs/R00954/left/Main.java,/Users/liuziqi/Documents/西大Graduate/Project_base/Code/Meng_ProjectBased_DetectCodeSimilar/code-sim/results/formal-v1/batch2/pairs/R00954/right/Main.java
R00955,s675076846.java,/Users/liuziqi/Documents/西大Graduate/Project_base/Code/Meng_ProjectBased_DetectCodeSimilar/code-sim/results/formal-v1/batch2/pairs/R00955/left/Main.java,/Users/liuziqi/Documents/西大Graduate/Project_base/Code/Meng_ProjectBased_DetectCodeSimilar/code-sim/results/formal-v1/batch2/pairs/R00955/right/Main.java
R00956,s178609056.java,/Users/liuziqi/Documents/西大Graduate/Project_base/Code/Meng_ProjectBased_DetectCodeSimilar/code-sim/results/formal-v1/batch2/pairs/R00956/left/Main.java,/Users/liuziqi/Documents/西大Graduate/Project_base/Code/Meng_ProjectBased_DetectCodeSimilar/code-sim/results/formal-v1/batch2/pairs/R00956/right/Main.java
R00957,s965992231.java,/Users/liuziqi/Documents/西大Graduate/Project_base/Code/Meng_ProjectBased_DetectCodeSimilar/code-sim/results/formal-v1/batch2/pairs/R00957/left/Main.java,/Users/liuziqi/Documents/西大Graduate/Project_base/Code/Meng_ProjectBased_DetectCodeSimilar/code-sim/results/formal-v1/batch2/pairs/R00957/right/Main.java
R00958,s005768809.java,/Users/liuziqi/Documents/西大Graduate/Project_base/Code/Meng_ProjectBased_DetectCodeSimilar/code-sim/results/formal-v1/batch2/pairs/R00958/left/Main.java,/Users/liuziqi/Documents/西大Graduate/Project_base/Code/Meng_ProjectBased_DetectCodeSimilar/code-sim/results/formal-v1/batch2/pairs/R00958/right/Main.java
R00959,s360376081.java,/Users/liuziqi/Documents/西大Graduate/Project_base/Code/Meng_ProjectBased_DetectCodeSimilar/code-sim/results/formal-v1/batch2/pairs/R00959/left/Main.java,/Users/liuziqi/Documents/西大Graduate/Project_base/Code/Meng_ProjectBased_DetectCodeSimilar/code-sim/results/formal-v1/batch2/pairs/R00959/right/Main.java
R00960,s592989064.java,/Users/liuziqi/Documents/西大Graduate/Project_base/Code/Meng_ProjectBased_DetectCodeSimilar/code-sim/results/formal-v1/batch2/pairs/R00960/left/Main.java,/Users/liuziqi/Documents/西大Graduate/Project_base/Code/Meng_ProjectBased_DetectCodeSimilar/code-sim/results/formal-v1/batch2/pairs/R00960/right/Main.java
R00961,s072834977.java,/Users/liuziqi/Documents/西大Graduate/Project_base/Code/Meng_ProjectBased_DetectCodeSimilar/code-sim/results/formal-v1/batch2/pairs/R00961/left/Main.java,/Users/liuziqi/Documents/西大Graduate/Project_base/Code/Meng_ProjectBased_DetectCodeSimilar/code-sim/results/formal-v1/batch2/pairs/R00961/right/Main.java
R00962,s151703053.java,/Users/liuziqi/Documents/西大Graduate/Project_base/Code/Meng_ProjectBased_DetectCodeSimilar/code-sim/results/formal-v1/batch2/pairs/R00962/left/Main.java,/Users/liuziqi/Documents/西大Graduate/Project_base/Code/Meng_ProjectBased_DetectCodeSimilar/code-sim/results/formal-v1/batch2/pairs/R00962/right/Main.java
R00963,s840991981.java,/Users/liuziqi/Documents/西大Graduate/Project_base/Code/Meng_ProjectBased_DetectCodeSimilar/code-sim/results/formal-v1/batch2/pairs/R00963/left/Main.java,/Users/liuziqi/Documents/西大Graduate/Project_base/Code/Meng_ProjectBased_DetectCodeSimilar/code-sim/results/formal-v1/batch2/pairs/R00963/right/Main.java
R00964,s036205797.java,/Users/liuziqi/Documents/西大Graduate/Project_base/Code/Meng_ProjectBased_DetectCodeSimilar/code-sim/results/formal-v1/batch2/pairs/R00964/left/Main.java,/Users/liuziqi/Documents/西大Graduate/Project_base/Code/Meng_ProjectBased_DetectCodeSimilar/code-sim/results/formal-v1/batch2/pairs/R00964/right/Main.java
R00965,s267857976.java,/Users/liuziqi/Documents/西大Graduate/Project_base/Code/Meng_ProjectBased_DetectCodeSimilar/code-sim/results/formal-v1/batch2/pairs/R00965/left/Main.java,/Users/liuziqi/Documents/西大Graduate/Project_base/Code/Meng_ProjectBased_DetectCodeSimilar/code-sim/results/formal-v1/batch2/pairs/R00965/right/Main.java
R00966,s661154544.java,/Users/liuziqi/Documents/西大Graduate/Project_base/Code/Meng_ProjectBased_DetectCodeSimilar/code-sim/results/formal-v1/batch2/pairs/R00966/left/Main.java,/Users/liuziqi/Documents/西大Graduate/Project_base/Code/Meng_ProjectBased_DetectCodeSimilar/code-sim/results/formal-v1/batch2/pairs/R00966/right/Main.java
R00967,s162215729.java,/Users/liuziqi/Documents/西大Graduate/Project_base/Code/Meng_ProjectBased_DetectCodeSimilar/code-sim/results/formal-v1/batch2/pairs/R00967/left/Main.java,/Users/liuziqi/Documents/西大Graduate/Project_base/Code/Meng_ProjectBased_DetectCodeSimilar/code-sim/results/formal-v1/batch2/pairs/R00967/right/Main.java
R00968,s465393913.java,/Users/liuziqi/Documents/西大Graduate/Project_base/Code/Meng_ProjectBased_DetectCodeSimilar/code-sim/results/formal-v1/batch2/pairs/R00968/left/Main.java,/Users/liuziqi/Documents/西大Graduate/Project_base/Code/Meng_ProjectBased_DetectCodeSimilar/code-sim/results/formal-v1/batch2/pairs/R00968/right/Main.java
R00969,s499587919.java,/Users/liuziqi/Documents/西大Graduate/Project_base/Code/Meng_ProjectBased_DetectCodeSimilar/code-sim/results/formal-v1/batch2/pairs/R00969/left/Main.java,/Users/liuziqi/Documents/西大Graduate/Project_base/Code/Meng_ProjectBased_DetectCodeSimilar/code-sim/results/formal-v1/batch2/pairs/R00969/right/Main.java
R00970,s064329969.java,/Users/liuziqi/Documents/西大Graduate/Project_base/Code/Meng_ProjectBased_DetectCodeSimilar/code-sim/results/formal-v1/batch2/pairs/R00970/left/Main.java,/Users/liuziqi/Documents/西大Graduate/Project_base/Code/Meng_ProjectBased_DetectCodeSimilar/code-sim/results/formal-v1/batch2/pairs/R00970/right/Main.java
R00971,s302676819.java,/Users/liuziqi/Documents/西大Graduate/Project_base/Code/Meng_ProjectBased_DetectCodeSimilar/code-sim/results/formal-v1/batch2/pairs/R00971/left/Main.java,/Users/liuziqi/Documents/西大Graduate/Project_base/Code/Meng_ProjectBased_DetectCodeSimilar/code-sim/results/formal-v1/batch2/pairs/R00971/right/Main.java
R00972,s261294232.java,/Users/liuziqi/Documents/西大Graduate/Project_base/Code/Meng_ProjectBased_DetectCodeSimilar/code-sim/results/formal-v1/batch2/pairs/R00972/left/Main.java,/Users/liuziqi/Documents/西大Graduate/Project_base/Code/Meng_ProjectBased_DetectCodeSimilar/code-sim/results/formal-v1/batch2/pairs/R00972/right/Main.java
R00973,s033947086.java,/Users/liuziqi/Documents/西大Graduate/Project_base/Code/Meng_ProjectBased_DetectCodeSimilar/code-sim/results/formal-v1/batch2/pairs/R00973/left/Main.java,/Users/liuziqi/Documents/西大Graduate/Project_base/Code/Meng_ProjectBased_DetectCodeSimilar/code-sim/results/formal-v1/batch2/pairs/R00973/right/Main.java
R00974,s530829395.java,/Users/liuziqi/Documents/西大Graduate/Project_base/Code/Meng_ProjectBased_DetectCodeSimilar/code-sim/results/formal-v1/batch2/pairs/R00974/left/Main.java,/Users/liuziqi/Documents/西大Graduate/Project_base/Code/Meng_ProjectBased_DetectCodeSimilar/code-sim/results/formal-v1/batch2/pairs/R00974/right/Main.java
R00975,s076854762.java,/Users/liuziqi/Documents/西大Graduate/Project_base/Code/Meng_ProjectBased_DetectCodeSimilar/code-sim/results/formal-v1/batch2/pairs/R00975/left/Main.java,/Users/liuziqi/Documents/西大Graduate/Project_base/Code/Meng_ProjectBased_DetectCodeSimilar/code-sim/results/formal-v1/batch2/pairs/R00975/right/Main.java
R00976,s486594575.java,/Users/liuziqi/Documents/西大Graduate/Project_base/Code/Meng_ProjectBased_DetectCodeSimilar/code-sim/results/formal-v1/batch2/pairs/R00976/left/Main.java,/Users/liuziqi/Documents/西大Graduate/Project_base/Code/Meng_ProjectBased_DetectCodeSimilar/code-sim/results/formal-v1/batch2/pairs/R00976/right/Main.java
R00977,s889772161.java,/Users/liuziqi/Documents/西大Graduate/Project_base/Code/Meng_ProjectBased_DetectCodeSimilar/code-sim/results/formal-v1/batch2/pairs/R00977/left/Main.java,/Users/liuziqi/Documents/西大Graduate/Project_base/Code/Meng_ProjectBased_DetectCodeSimilar/code-sim/results/formal-v1/batch2/pairs/R00977/right/Main.java
R00978,s032139761.java,/Users/liuziqi/Documents/西大Graduate/Project_base/Code/Meng_ProjectBased_DetectCodeSimilar/code-sim/results/formal-v1/batch2/pairs/R00978/left/Main.java,/Users/liuziqi/Documents/西大Graduate/Project_base/Code/Meng_ProjectBased_DetectCodeSimilar/code-sim/results/formal-v1/batch2/pairs/R00978/right/Main.java
R00979,s284518193.java,/Users/liuziqi/Documents/西大Graduate/Project_base/Code/Meng_ProjectBased_DetectCodeSimilar/code-sim/results/formal-v1/batch2/pairs/R00979/left/Main.java,/Users/liuziqi/Documents/西大Graduate/Project_base/Code/Meng_ProjectBased_DetectCodeSimilar/code-sim/results/formal-v1/batch2/pairs/R00979/right/Main.java
R00980,s610785187.java,/Users/liuziqi/Documents/西大Graduate/Project_base/Code/Meng_ProjectBased_DetectCodeSimilar/code-sim/results/formal-v1/batch2/pairs/R00980/left/Main.java,/Users/liuziqi/Documents/西大Graduate/Project_base/Code/Meng_ProjectBased_DetectCodeSimilar/code-sim/results/formal-v1/batch2/pairs/R00980/right/Main.java
R00981,s578728134.java,/Users/liuziqi/Documents/西大Graduate/Project_base/Code/Meng_ProjectBased_DetectCodeSimilar/code-sim/results/formal-v1/batch2/pairs/R00981/left/Main.java,/Users/liuziqi/Documents/西大Graduate/Project_base/Code/Meng_ProjectBased_DetectCodeSimilar/code-sim/results/formal-v1/batch2/pairs/R00981/right/Main.java
R00982,s714148714.java,/Users/liuziqi/Documents/西大Graduate/Project_base/Code/Meng_ProjectBased_DetectCodeSimilar/code-sim/results/formal-v1/batch2/pairs/R00982/left/Main.java,/Users/liuziqi/Documents/西大Graduate/Project_base/Code/Meng_ProjectBased_DetectCodeSimilar/code-sim/results/formal-v1/batch2/pairs/R00982/right/Main.java
R00983,s306007232.java,/Users/liuziqi/Documents/西大Graduate/Project_base/Code/Meng_ProjectBased_DetectCodeSimilar/code-sim/results/formal-v1/batch2/pairs/R00983/left/Main.java,/Users/liuziqi/Documents/西大Graduate/Project_base/Code/Meng_ProjectBased_DetectCodeSimilar/code-sim/results/formal-v1/batch2/pairs/R00983/right/Main.java
R00984,s953705462.java,/Users/liuziqi/Documents/西大Graduate/Project_base/Code/Meng_ProjectBased_DetectCodeSimilar/code-sim/results/formal-v1/batch2/pairs/R00984/left/Main.java,/Users/liuziqi/Documents/西大Graduate/Project_base/Code/Meng_ProjectBased_DetectCodeSimilar/code-sim/results/formal-v1/batch2/pairs/R00984/right/Main.java
R00985,s844974743.java,/Users/liuziqi/Documents/西大Graduate/Project_base/Code/Meng_ProjectBased_DetectCodeSimilar/code-sim/results/formal-v1/batch2/pairs/R00985/left/Main.java,/Users/liuziqi/Documents/西大Graduate/Project_base/Code/Meng_ProjectBased_DetectCodeSimilar/code-sim/results/formal-v1/batch2/pairs/R00985/right/Main.java
R00986,s445352212.java,/Users/liuziqi/Documents/西大Graduate/Project_base/Code/Meng_ProjectBased_DetectCodeSimilar/code-sim/results/formal-v1/batch2/pairs/R00986/left/Main.java,/Users/liuziqi/Documents/西大Graduate/Project_base/Code/Meng_ProjectBased_DetectCodeSimilar/code-sim/results/formal-v1/batch2/pairs/R00986/right/Main.java
R00987,s079207864.java,/Users/liuziqi/Documents/西大Graduate/Project_base/Code/Meng_ProjectBased_DetectCodeSimilar/code-sim/results/formal-v1/batch2/pairs/R00987/left/Main.java,/Users/liuziqi/Documents/西大Graduate/Project_base/Code/Meng_ProjectBased_DetectCodeSimilar/code-sim/results/formal-v1/batch2/pairs/R00987/right/Main.java
R00988,s894637887.java,/Users/liuziqi/Documents/西大Graduate/Project_base/Code/Meng_ProjectBased_DetectCodeSimilar/code-sim/results/formal-v1/batch2/pairs/R00988/left/Main.java,/Users/liuziqi/Documents/西大Graduate/Project_base/Code/Meng_ProjectBased_DetectCodeSimilar/code-sim/results/formal-v1/batch2/pairs/R00988/right/Main.java
R00989,s074275179.java,/Users/liuziqi/Documents/西大Graduate/Project_base/Code/Meng_ProjectBased_DetectCodeSimilar/code-sim/results/formal-v1/batch2/pairs/R00989/left/Main.java,/Users/liuziqi/Documents/西大Graduate/Project_base/Code/Meng_ProjectBased_DetectCodeSimilar/code-sim/results/formal-v1/batch2/pairs/R00989/right/Main.java
R00990,s941657407.java,/Users/liuziqi/Documents/西大Graduate/Project_base/Code/Meng_ProjectBased_DetectCodeSimilar/code-sim/results/formal-v1/batch2/pairs/R00990/left/Main.java,/Users/liuziqi/Documents/西大Graduate/Project_base/Code/Meng_ProjectBased_DetectCodeSimilar/code-sim/results/formal-v1/batch2/pairs/R00990/right/Main.java
R00991,s945688259.java,/Users/liuziqi/Documents/西大Graduate/Project_base/Code/Meng_ProjectBased_DetectCodeSimilar/code-sim/results/formal-v1/batch2/pairs/R00991/left/Main.java,/Users/liuziqi/Documents/西大Graduate/Project_base/Code/Meng_ProjectBased_DetectCodeSimilar/code-sim/results/formal-v1/batch2/pairs/R00991/right/Main.java
R00992,s689577087.java,/Users/liuziqi/Documents/西大Graduate/Project_base/Code/Meng_ProjectBased_DetectCodeSimilar/code-sim/results/formal-v1/batch2/pairs/R00992/left/Main.java,/Users/liuziqi/Documents/西大Graduate/Project_base/Code/Meng_ProjectBased_DetectCodeSimilar/code-sim/results/formal-v1/batch2/pairs/R00992/right/Main.java
R00993,s088667214.java,/Users/liuziqi/Documents/西大Graduate/Project_base/Code/Meng_ProjectBased_DetectCodeSimilar/code-sim/results/formal-v1/batch2/pairs/R00993/left/Main.java,/Users/liuziqi/Documents/西大Graduate/Project_base/Code/Meng_ProjectBased_DetectCodeSimilar/code-sim/results/formal-v1/batch2/pairs/R00993/right/Main.java
R00994,s204422687.java,/Users/liuziqi/Documents/西大Graduate/Project_base/Code/Meng_ProjectBased_DetectCodeSimilar/code-sim/results/formal-v1/batch2/pairs/R00994/left/Main.java,/Users/liuziqi/Documents/西大Graduate/Project_base/Code/Meng_ProjectBased_DetectCodeSimilar/code-sim/results/formal-v1/batch2/pairs/R00994/right/Main.java
R00995,s433914743.java,/Users/liuziqi/Documents/西大Graduate/Project_base/Code/Meng_ProjectBased_DetectCodeSimilar/code-sim/results/formal-v1/batch2/pairs/R00995/left/Main.java,/Users/liuziqi/Documents/西大Graduate/Project_base/Code/Meng_ProjectBased_DetectCodeSimilar/code-sim/results/formal-v1/batch2/pairs/R00995/right/Main.java
R00996,s411551883.java,/Users/liuziqi/Documents/西大Graduate/Project_base/Code/Meng_ProjectBased_DetectCodeSimilar/code-sim/results/formal-v1/batch2/pairs/R00996/left/Main.java,/Users/liuziqi/Documents/西大Graduate/Project_base/Code/Meng_ProjectBased_DetectCodeSimilar/code-sim/results/formal-v1/batch2/pairs/R00996/right/Main.java
R00997,s772211319.java,/Users/liuziqi/Documents/西大Graduate/Project_base/Code/Meng_ProjectBased_DetectCodeSimilar/code-sim/results/formal-v1/batch2/pairs/R00997/left/Main.java,/Users/liuziqi/Documents/西大Graduate/Project_base/Code/Meng_ProjectBased_DetectCodeSimilar/code-sim/results/formal-v1/batch2/pairs/R00997/right/Main.java
R00998,s214575560.java,/Users/liuziqi/Documents/西大Graduate/Project_base/Code/Meng_ProjectBased_DetectCodeSimilar/code-sim/results/formal-v1/batch2/pairs/R00998/left/Main.java,/Users/liuziqi/Documents/西大Graduate/Project_base/Code/Meng_ProjectBased_DetectCodeSimilar/code-sim/results/formal-v1/batch2/pairs/R00998/right/Main.java
R00999,s189462215.java,/Users/liuziqi/Documents/西大Graduate/Project_base/Code/Meng_ProjectBased_DetectCodeSimilar/code-sim/results/formal-v1/batch2/pairs/R00999/left/Main.java,/Users/liuziqi/Documents/西大Graduate/Project_base/Code/Meng_ProjectBased_DetectCodeSimilar/code-sim/results/formal-v1/batch2/pairs/R00999/right/Main.java
