pair_id,ref_index,kind,clone_type,operator,left_begin,left_end,right_begin,right_end
R00000,0,CLONE_INTERVAL,T3,t3_insert_statement,71,76,71,76
R00000,1,MUTATION,T3,t3_insert_statement,,,77,77
R00000,2,UNTOUCHED,T1,none,66,70,66,70
R00000,3,UNTOUCHED,T1,none,77,86,78,87
R00001,0,CLONE_INTERVAL,T3,t3_wrap_statement,10,15,9,16
R00001,1,MUTATION,T3,t3_wrap_statement,14,14,13,15
R00001,2,UNTOUCHED,T1,none,4,9,3,8
R00001,3,UNTOUCHED,T1,none,16,19,17,20
R00002,0,CLONE_INTERVAL,T3,t3_insert_statement,206,214,206,215
R00002,1,MUTATION,T3,t3_insert_statement,,,209,209
R00002,2,UNTOUCHED,T1,none,202,205,202,205
R00002,3,UNTOUCHED,T1,none,215,221,216,222
R00003,0,CLONE_INTERVAL,T3,t3_delete_statement,10,15,9,13
R00003,1,MUTATION,T3,t3_delete_statement,15,15,,
R00003,2,UNTOUCHED,T1,none,6,9,5,8
R00003,3,UNTOUCHED,T1,none,16,34,14,32
R00004,0,CLONE_INTERVAL,T1,t1_reindent,6,11,6,11
R00004,1,MUTATION,T1,t1_reindent,6,11,6,11
R00004,2,UNTOUCHED,T1,none,3,5,3,5
R00004,3,UNTOUCHED,T1,none,12,17,12,17
R00005,0,CLONE_INTERVAL,T1,t1_reindent,10,15,10,15
R00005,1,MUTATION,T1,t1_reindent,10,15,10,15
R00005,2,UNTOUCHED,T1,none,3,9,3,9
R00005,3,UNTOUCHED,T1,none,16,19,16,19
R00006,0,CLONE_INTERVAL,T1,t1_add_eol_comment,7,12,7,12
R00006,1,MUTATION,T1,t1_add_eol_comment,9,9,9,9
R00006,2,UNTOUCHED,T1,none,3,6,3,6
R00006,3,UNTOUCHED,T1,none,13,15,13,15
R00007,0,CLONE_INTERVAL,T3,t3_wrap_statement,6,11,6,13
R00007,1,MUTATION,T3,t3_wrap_statement,9,10,9,12
R00007,2,UNTOUCHED,T1,none,3,5,3,5
R00007,3,UNTOUCHED,T1,none,12,15,14,17
R00008,0,CLONE_INTERVAL,T2,t2_rename_local_x3,10,18,10,18
R00008,1,MUTATION,T2,t2_rename_local_x3,11,16,11,16
R00008,2,UNTOUCHED,T1,none,6,9,6,9
R00008,3,UNTOUCHED,T1,none,19,23,19,23
R00009,0,CLONE_INTERVAL,T2,t2_rename_local_x1,9,18,9,18
R00009,1,MUTATION,T2,t2_rename_local_x1,10,16,10,16
R00009,2,UNTOUCHED,T1,none,3,8,3,8
R00009,3,UNTOUCHED,T1,none,19,35,19,35
R00010,0,CLONE_INTERVAL,T2,t2_change_string_literal,21,37,21,37
R00010,1,MUTATION,T2,t2_change_string_literal,24,24,24,24
R00010,2,UNTOUCHED,T1,none,15,20,15,20
R00010,3,UNTOUCHED,T1,none,38,40,38,40
R00011,0,CLONE_INTERVAL,T2,t2_change_int_literal,9,14,9,14
R00011,1,MUTATION,T2,t2_change_int_literal,11,11,11,11
R00011,2,UNTOUCHED,T1,none,4,8,4,8
R00011,3,UNTOUCHED,T1,none,15,27,15,27
R00012,0,CLONE_INTERVAL,T1,t1_add_eol_comment,54,59,54,59
R00012,1,MUTATION,T1,t1_add_eol_comment,57,57,57,57
R00012,2,UNTOUCHED,T1,none,50,53,50,53
R00012,3,UNTOUCHED,T1,none,60,64,60,64
R00013,0,CLONE_INTERVAL,T3,t3_delete_statement,8,13,8,12
R00013,1,MUTATION,T3,t3_delete_statement,12,12,,
R00013,2,UNTOUCHED,T1,none,4,7,4,7
R00013,3,UNTOUCHED,T1,none,14,19,13,18
R00014,0,CLONE_INTERVAL,T1,t1_add_block_comment,7,13,7,14
R00014,1,MUTATION,T1,t1_add_block_comment,,,10,10
R00014,2,UNTOUCHED,T1,none,3,6,3,6
R00014,3,UNTOUCHED,T1,none,14,26,15,27
R00015,0,CLONE_INTERVAL,T2,t2_change_int_literal,6,16,6,16
R00015,1,MUTATION,T2,t2_change_int_literal,8,8,8,8
R00015,2,UNTOUCHED,T1,none,3,5,3,5
R00015,3,UNTOUCHED,T1,none,17,20,17,20
R00016,0,CLONE_INTERVAL,T2,t2_change_int_literal,26,31,26,31
R00016,1,MUTATION,T2,t2_change_int_literal,26,26,26,26
R00016,2,UNTOUCHED,T1,none,21,25,21,25
R00016,3,UNTOUCHED,T1,none,32,34,32,34
R00017,0,CLONE_INTERVAL,T3,t3_wrap_statement,11,16,11,18
R00017,1,MUTATION,T3,t3_wrap_statement,15,15,15,17
R00017,2,UNTOUCHED,T1,none,3,10,3,10
R00017,3,UNTOUCHED,T1,none,17,23,19,25
R00018,0,CLONE_INTERVAL,T1,t1_reindent,6,17,6,17
R00018,1,MUTATION,T1,t1_reindent,6,17,6,17
R00018,2,UNTOUCHED,T1,none,3,5,3,5
R00018,3,UNTOUCHED,T1,none,18,24,18,24
R00019,0,CLONE_INTERVAL,T3,t3_insert_statement,10,16,10,17
R00019,1,MUTATION,T3,t3_insert_statement,,,14,14
R00019,2,UNTOUCHED,T1,none,3,9,3,9
R00019,3,UNTOUCHED,T1,none,17,21,18,22
R00020,0,CLONE_INTERVAL,T1,t1_add_block_comment,10,16,10,17
R00020,1,MUTATION,T1,t1_add_block_comment,,,14,14
R00020,2,UNTOUCHED,T1,none,3,9,3,9
R00020,3,UNTOUCHED,T1,none,17,24,18,25
R00021,0,CLONE_INTERVAL,T2,t2_rename_local_x3,10,22,10,22
R00021,1,MUTATION,T2,t2_rename_local_x3,10,14,10,14
R00021,2,UNTOUCHED,T1,none,3,9,3,9
R00021,3,UNTOUCHED,T1,none,23,30,23,30
R00022,0,CLONE_INTERVAL,T1,t1_reindent,6,11,6,11
R00022,1,MUTATION,T1,t1_reindent,6,11,6,11
R00022,2,UNTOUCHED,T1,none,3,5,3,5
R00022,3,UNTOUCHED,T1,none,12,20,12,20
R00023,0,CLONE_INTERVAL,T1,t1_add_blank_line,8,13,8,14
R00023,1,MUTATION,T1,t1_add_blank_line,,,9,9
R00023,2,UNTOUCHED,T1,none,3,7,3,7
R00023,3,UNTOUCHED,T1,none,14,21,15,22
R00024,0,CLONE_INTERVAL,T1,t1_add_eol_comment,11,19,11,19
R00024,1,MUTATION,T1,t1_add_eol_comment,12,12,12,12
R00024,2,UNTOUCHED,T1,none,3,10,3,10
R00024,3,UNTOUCHED,T1,none,20,24,20,24
R00025,0,CLONE_INTERVAL,T1,t1_add_block_comment,6,11,6,12
R00025,1,MUTATION,T1,t1_add_block_comment,,,7,7
R00025,2,UNTOUCHED,T1,none,3,5,3,5
R00025,3,UNTOUCHED,T1,none,12,20,13,21
R00026,0,CLONE_INTERVAL,T3,t3_wrap_statement,9,14,9,16
R00026,1,MUTATION,T3,t3_wrap_statement,11,13,11,15
R00026,2,UNTOUCHED,T1,none,3,8,3,8
R00026,3,UNTOUCHED,T1,none,15,20,17,22
R00027,0,CLONE_INTERVAL,T1,t1_add_blank_line,6,11,6,12
R00027,1,MUTATION,T1,t1_add_blank_line,,,8,8
R00027,2,UNTOUCHED,T1,none,3,5,3,5
R00027,3,UNTOUCHED,T1,none,12,27,13,28
R00028,0,CLONE_INTERVAL,T1,t1_add_blank_line,10,15,10,16
R00028,1,MUTATION,T1,t1_add_blank_line,,,11,11
R00028,2,UNTOUCHED,T1,none,3,9,3,9
R00028,3,UNTOUCHED,T1,none,16,18,17,19
R00029,0,CLONE_INTERVAL,T1,t1_add_block_comment,8,13,8,14
R00029,1,MUTATION,T1,t1_add_block_comment,,,9,9
R00029,2,UNTOUCHED,T1,none,5,7,5,7
R00029,3,UNTOUCHED,T1,none,14,24,15,25
R00030,0,CLONE_INTERVAL,T3,t3_wrap_statement,8,16,8,18
R00030,1,MUTATION,T3,t3_wrap_statement,12,14,12,16
R00030,2,UNTOUCHED,T1,none,3,7,3,7
R00030,3,UNTOUCHED,T1,none,17,22,19,24
R00031,0,CLONE_INTERVAL,T1,t1_reindent,11,17,11,17
R00031,1,MUTATION,T1,t1_reindent,11,17,11,17
R00031,2,UNTOUCHED,T1,none,3,10,3,10
R00031,3,UNTOUCHED,T1,none,18,31,18,31
R00032,0,CLONE_INTERVAL,T1,t1_reindent,10,16,10,16
R00032,1,MUTATION,T1,t1_reindent,10,16,10,16
R00032,2,UNTOUCHED,T1,none,4,9,4,9
R00032,3,UNTOUCHED,T1,none,17,30,17,30
R00033,0,CLONE_INTERVAL,T3,t3_insert_statement,7,12,7,13
R00033,1,MUTATION,T3,t3_insert_statement,,,10,10
R00033,2,UNTOUCHED,T1,none,4,6,4,6
R00033,3,UNTOUCHED,T1,none,13,16,14,17
R00034,0,CLONE_INTERVAL,T3,t3_delete_statement,6,11,6,10
R00034,1,MUTATION,T3,t3_delete_statement,9,9,,
R00034,2,UNTOUCHED,T1,none,3,5,3,5
R00034,3,UNTOUCHED,T1,none,12,27,11,26
R00035,0,CLONE_INTERVAL,T3,t3_insert_statement,6,11,6,12
R00035,1,MUTATION,T3,t3_insert_statement,,,8,8
R00035,2,UNTOUCHED,T1,none,3,5,3,5
R00035,3,UNTOUCHED,T1,none,12,48,13,49
R00036,0,CLONE_INTERVAL,T3,t3_delete_statement,75,83,75,82
R00036,1,MUTATION,T3,t3_delete_statement,75,75,,
R00036,2,UNTOUCHED,T1,none,61,74,61,74
R00036,3,UNTOUCHED,T1,none,84,87,83,86
R00037,0,CLONE_INTERVAL,T1,t1_add_eol_comment,13,20,13,20
R00037,1,MUTATION,T1,t1_add_eol_comment,15,15,15,15
R00037,2,UNTOUCHED,T1,none,5,12,5,12
R00037,3,UNTOUCHED,T1,none,21,23,21,23
R00038,0,CLONE_INTERVAL,T2,t2_change_string_literal,9,14,9,14
R00038,1,MUTATION,T2,t2_change_string_literal,11,11,11,11
R00038,2,UNTOUCHED,T1,none,6,8,6,8
R00038,3,UNTOUCHED,T1,none,15,25,15,25
R00039,0,CLONE_INTERVAL,T1,t1_add_eol_comment,8,24,8,24
R00039,1,MUTATION,T1,t1_add_eol_comment,23,23,23,23
R00039,2,UNTOUCHED,T1,none,3,7,3,7
R00039,3,UNTOUCHED,T1,none,25,28,25,28
R00040,0,CLONE_INTERVAL,T1,t1_reindent,8,16,8,16
R00040,1,MUTATION,T1,t1_reindent,8,16,8,16
R00040,2,UNTOUCHED,T1,none,3,7,3,7
R00040,3,UNTOUCHED,T1,none,17,22,17,22
R00041,0,CLONE_INTERVAL,T3,t3_insert_statement,11,18,11,18
R00041,1,MUTATION,T3,t3_insert_statement,,,19,19
R00041,2,UNTOUCHED,T1,none,3,10,3,10
R00041,3,UNTOUCHED,T1,none,19,21,20,22
R00042,0,CLONE_INTERVAL,T3,t3_insert_statement,14,19,14,20
R00042,1,MUTATION,T3,t3_insert_statement,,,15,15
R00042,2,UNTOUCHED,T1,none,11,13,11,13
R00042,3,UNTOUCHED,T1,none,20,25,21,26
R00043,0,CLONE_INTERVAL,T2,t2_change_int_literal,7,14,7,14
R00043,1,MUTATION,T2,t2_change_int_literal,9,9,9,9
R00043,2,UNTOUCHED,T1,none,3,6,3,6
R00043,3,UNTOUCHED,T1,none,15,26,15,26
R00044,0,CLONE_INTERVAL,T1,t1_add_blank_line,7,12,7,13
R00044,1,MUTATION,T1,t1_add_blank_line,,,12,12
R00044,2,UNTOUCHED,T1,none,4,6,4,6
R00044,3,UNTOUCHED,T1,none,13,16,14,17
R00045,0,CLONE_INTERVAL,T2,t2_rename_local_x2,7,12,7,12
R00045,1,MUTATION,T2,t2_rename_local_x2,8,11,8,11
R00045,2,UNTOUCHED,T1,none,3,6,3,6
R00045,3,UNTOUCHED,T1,none,13,16,13,16
R00046,0,CLONE_INTERVAL,T1,t1_add_block_comment,12,34,12,35
R00046,1,MUTATION,T1,t1_add_block_comment,,,27,27
R00046,2,UNTOUCHED,T1,none,6,11,6,11
R00046,3,UNTOUCHED,T1,none,35,41,36,42
R00047,0,CLONE_INTERVAL,T3,t3_wrap_statement,7,12,7,14
R00047,1,MUTATION,T3,t3_wrap_statement,12,12,12,14
R00047,2,UNTOUCHED,T1,none,4,6,4,6
R00047,3,UNTOUCHED,T1,none,13,17,15,19
R00048,0,CLONE_INTERVAL,T3,t3_delete_statement,7,12,7,11
R00048,1,MUTATION,T3,t3_delete_statement,12,12,,
R00048,2,UNTOUCHED,T1,none,4,6,4,6
R00048,3,UNTOUCHED,T1,none,13,18,12,17
R00049,0,CLONE_INTERVAL,T3,t3_wrap_statement,9,14,9,16
R00049,1,MUTATION,T3,t3_wrap_statement,10,12,10,14
R00049,2,UNTOUCHED,T1,none,5,8,5,8
R00049,3,UNTOUCHED,T1,none,15,21,17,23
R00050,0,CLONE_INTERVAL,T2,t2_rename_local_x1,6,12,6,12
R00050,1,MUTATION,T2,t2_rename_local_x1,10,11,10,11
R00050,2,UNTOUCHED,T1,none,3,5,3,5
R00050,3,UNTOUCHED,T1,none,13,15,13,15
R00051,0,CLONE_INTERVAL,T1,t1_reindent,6,11,6,11
R00051,1,MUTATION,T1,t1_reindent,6,11,6,11
R00051,2,UNTOUCHED,T1,none,3,5,3,5
R00051,3,UNTOUCHED,T1,none,12,23,12,23
R00052,0,CLONE_INTERVAL,T2,t2_change_int_literal,6,11,6,11
R00052,1,MUTATION,T2,t2_change_int_literal,7,7,7,7
R00052,2,UNTOUCHED,T1,none,3,5,3,5
R00052,3,UNTOUCHED,T1,none,12,19,12,19
R00053,0,CLONE_INTERVAL,T2,t2_change_string_literal,10,34,10,34
R00053,1,MUTATION,T2,t2_change_string_literal,12,12,12,12
R00053,2,UNTOUCHED,T1,none,3,9,3,9
R00053,3,UNTOUCHED,T1,none,35,42,35,42
R00054,0,CLONE_INTERVAL,T2,t2_change_int_literal,6,11,6,11
R00054,1,MUTATION,T2,t2_change_int_literal,7,7,7,7
R00054,2,UNTOUCHED,T1,none,3,5,3,5
R00054,3,UNTOUCHED,T1,none,12,23,12,23
R00055,0,CLONE_INTERVAL,T1,t1_reindent,6,11,6,11
R00055,1,MUTATION,T1,t1_reindent,6,11,6,11
R00055,2,UNTOUCHED,T1,none,3,5,3,5
R00055,3,UNTOUCHED,T1,none,12,23,12,23
R00056,0,CLONE_INTERVAL,T2,t2_change_string_literal,29,74,29,74
R00056,1,MUTATION,T2,t2_change_string_literal,33,33,33,33
R00056,2,UNTOUCHED,T1,none,21,28,21,28
R00056,3,UNTOUCHED,T1,none,75,82,75,82
R00057,0,CLONE_INTERVAL,T3,t3_wrap_statement,33,38,33,40
R00057,1,MUTATION,T3,t3_wrap_statement,33,36,33,38
R00057,2,UNTOUCHED,T1,none,29,32,29,32
R00057,3,UNTOUCHED,T1,none,39,47,41,49
R00058,0,CLONE_INTERVAL,T2,t2_change_int_literal,7,13,7,13
R00058,1,MUTATION,T2,t2_change_int_literal,11,11,11,11
R00058,2,UNTOUCHED,T1,none,4,6,4,6
R00058,3,UNTOUCHED,T1,none,14,21,14,21
R00059,0,CLONE_INTERVAL,T1,t1_add_blank_line,8,23,8,24
R00059,1,MUTATION,T1,t1_add_blank_line,,,11,11
R00059,2,UNTOUCHED,T1,none,4,7,4,7
R00059,3,UNTOUCHED,T1,none,24,32,25,33
R00060,0,CLONE_INTERVAL,T2,t2_change_string_literal,15,40,15,40
R00060,1,MUTATION,T2,t2_change_string_literal,19,19,19,19
R00060,2,UNTOUCHED,T1,none,4,14,4,14
R00060,3,UNTOUCHED,T1,none,41,43,41,43
R00061,0,CLONE_INTERVAL,T1,t1_reindent,30,35,30,35
R00061,1,MUTATION,T1,t1_reindent,30,35,30,35
R00061,2,UNTOUCHED,T1,none,24,29,24,29
R00061,3,UNTOUCHED,T1,none,36,44,36,44
R00062,0,CLONE_INTERVAL,T3,t3_wrap_statement,46,53,46,55
R00062,1,MUTATION,T3,t3_wrap_statement,47,51,47,53
R00062,2,UNTOUCHED,T1,none,40,45,40,45
R00062,3,UNTOUCHED,T1,none,54,56,56,58
R00063,0,CLONE_INTERVAL,T2,t2_change_int_literal,7,12,7,12
R00063,1,MUTATION,T2,t2_change_int_literal,9,9,9,9
R00063,2,UNTOUCHED,T1,none,3,6,3,6
R00063,3,UNTOUCHED,T1,none,13,22,13,22
R00064,0,CLONE_INTERVAL,T1,t1_add_block_comment,7,12,7,13
R00064,1,MUTATION,T1,t1_add_block_comment,,,9,9
R00064,2,UNTOUCHED,T1,none,3,6,3,6
R00064,3,UNTOUCHED,T1,none,13,34,14,35
R00065,0,CLONE_INTERVAL,T3,t3_delete_statement,7,20,7,19
R00065,1,MUTATION,T3,t3_delete_statement,7,7,,
R00065,2,UNTOUCHED,T1,none,3,6,3,6
R00065,3,UNTOUCHED,T1,none,21,34,20,33
R00066,0,CLONE_INTERVAL,T2,t2_change_int_literal,27,33,27,33
R00066,1,MUTATION,T2,t2_change_int_literal,28,28,28,28
R00066,2,UNTOUCHED,T1,none,24,26,24,26
R00066,3,UNTOUCHED,T1,none,34,37,34,37
R00067,0,CLONE_INTERVAL,T1,t1_add_block_comment,12,17,12,18
R00067,1,MUTATION,T1,t1_add_block_comment,,,16,16
R00067,2,UNTOUCHED,T1,none,4,11,4,11
R00067,3,UNTOUCHED,T1,none,18,26,19,27
R00068,0,CLONE_INTERVAL,T3,t3_delete_statement,9,14,9,13
R00068,1,MUTATION,T3,t3_delete_statement,14,14,,
R00068,2,UNTOUCHED,T1,none,6,8,6,8
R00068,3,UNTOUCHED,T1,none,15,17,14,16
R00069,0,CLONE_INTERVAL,T1,t1_reindent,20,25,20,25
R00069,1,MUTATION,T1,t1_reindent,20,25,20,25
R00069,2,UNTOUCHED,T1,none,13,19,13,19
R00069,3,UNTOUCHED,T1,none,26,35,26,35
R00070,0,CLONE_INTERVAL,T3,t3_insert_statement,6,12,6,13
R00070,1,MUTATION,T3,t3_insert_statement,,,8,8
R00070,2,UNTOUCHED,T1,none,3,5,3,5
R00070,3,UNTOUCHED,T1,none,13,32,14,33
R00071,0,CLONE_INTERVAL,T3,t3_delete_statement,6,11,6,10
R00071,1,MUTATION,T3,t3_delete_statement,8,8,,
R00071,2,UNTOUCHED,T1,none,3,5,3,5
R00071,3,UNTOUCHED,T1,none,12,14,11,13
R00072,0,CLONE_INTERVAL,T1,t1_add_blank_line,7,18,7,19
R00072,1,MUTATION,T1,t1_add_blank_line,,,16,16
R00072,2,UNTOUCHED,T1,none,4,6,4,6
R00072,3,UNTOUCHED,T1,none,19,22,20,23
R00073,0,CLONE_INTERVAL,T2,t2_change_string_literal,7,17,7,17
R00073,1,MUTATION,T2,t2_change_string_literal,10,10,10,10
R00073,2,UNTOUCHED,T1,none,3,6,3,6
R00073,3,UNTOUCHED,T1,none,18,20,18,20
R00074,0,CLONE_INTERVAL,T1,t1_add_block_comment,6,12,6,13
R00074,1,MUTATION,T1,t1_add_block_comment,,,8,8
R00074,2,UNTOUCHED,T1,none,3,5,3,5
R00074,3,UNTOUCHED,T1,none,13,18,14,19
R00075,0,CLONE_INTERVAL,T3,t3_delete_statement,11,19,11,18
R00075,1,MUTATION,T3,t3_delete_statement,14,14,,
R00075,2,UNTOUCHED,T1,none,4,10,4,10
R00075,3,UNTOUCHED,T1,none,20,24,19,23
R00076,0,CLONE_INTERVAL,T1,t1_reindent,27,34,27,34
R00076,1,MUTATION,T1,t1_reindent,27,34,27,34
R00076,2,UNTOUCHED,T1,none,24,26,24,26
R00076,3,UNTOUCHED,T1,none,35,39,35,39
R00077,0,CLONE_INTERVAL,T3,t3_insert_statement,99,105,99,106
R00077,1,MUTATION,T3,t3_insert_statement,,,103,103
R00077,2,UNTOUCHED,T1,none,92,98,92,98
R00077,3,UNTOUCHED,T1,none,106,117,107,118
R00078,0,CLONE_INTERVAL,T3,t3_wrap_statement,7,12,7,13
R00078,1,MUTATION,T3,t3_wrap_statement,12,12,12,13
R00078,2,UNTOUCHED,T1,none,4,6,4,6
R00078,3,UNTOUCHED,T1,none,13,13,14,14
R00078,4,UNTOUCHED,T1,none,14,25,16,27
R00079,0,CLONE_INTERVAL,T2,t2_change_string_literal,6,11,6,11
R00079,1,MUTATION,T2,t2_change_string_literal,7,7,7,7
R00079,2,UNTOUCHED,T1,none,3,5,3,5
R00079,3,UNTOUCHED,T1,none,12,22,12,22
R00080,0,CLONE_INTERVAL,T3,t3_delete_statement,12,17,12,16
R00080,1,MUTATION,T3,t3_delete_statement,13,13,,
R00080,2,UNTOUCHED,T1,none,4,11,4,11
R00080,3,UNTOUCHED,T1,none,18,22,17,21
R00081,0,CLONE_INTERVAL,T1,t1_reindent,6,15,6,15
R00081,1,MUTATION,T1,t1_reindent,6,15,6,15
R00081,2,UNTOUCHED,T1,none,3,5,3,5
R00081,3,UNTOUCHED,T1,none,16,24,16,24
R00082,0,CLONE_INTERVAL,T3,t3_wrap_statement,9,15,9,17
R00082,1,MUTATION,T3,t3_wrap_statement,13,14,13,16
R00082,2,UNTOUCHED,T1,none,3,8,3,8
R00082,3,UNTOUCHED,T1,none,16,23,18,25
R00083,0,CLONE_INTERVAL,T2,t2_change_int_literal,6,11,6,11
R00083,1,MUTATION,T2,t2_change_int_literal,7,7,7,7
R00083,2,UNTOUCHED,T1,none,3,5,3,5
R00083,3,UNTOUCHED,T1,none,12,17,12,17
R00084,0,CLONE_INTERVAL,T1,t1_add_eol_comment,9,14,9,14
R00084,1,MUTATION,T1,t1_add_eol_comment,13,13,13,13
R00084,2,UNTOUCHED,T1,none,3,8,3,8
R00084,3,UNTOUCHED,T1,none,15,20,15,20
R00085,0,CLONE_INTERVAL,T3,t3_wrap_statement,15,34,15,36
R00085,1,MUTATION,T3,t3_wrap_statement,15,32,15,33
R00085,2,UNTOUCHED,T1,none,3,14,3,14
R00085,3,UNTOUCHED,T1,none,35,37,37,39
R00086,0,CLONE_INTERVAL,T3,t3_delete_statement,6,11,6,10
R00086,1,MUTATION,T3,t3_delete_statement,10,10,,
R00086,2,UNTOUCHED,T1,none,3,5,3,5
R00086,3,UNTOUCHED,T1,none,12,19,11,18
R00087,0,CLONE_INTERVAL,T1,t1_add_eol_comment,14,26,14,26
R00087,1,MUTATION,T1,t1_add_eol_comment,21,21,21,21
R00087,2,UNTOUCHED,T1,none,4,13,4,13
R00087,3,UNTOUCHED,T1,none,27,29,27,29
R00088,0,CLONE_INTERVAL,T3,t3_delete_statement,6,11,6,10
R00088,1,MUTATION,T3,t3_delete_statement,9,9,,
R00088,2,UNTOUCHED,T1,none,3,5,3,5
R00088,3,UNTOUCHED,T1,none,12,17,11,16
R00089,0,CLONE_INTERVAL,T1,t1_add_eol_comment,97,102,97,102
R00089,1,MUTATION,T1,t1_add_eol_comment,102,102,102,102
R00089,2,UNTOUCHED,T1,none,92,96,92,96
R00089,3,UNTOUCHED,T1,none,103,117,103,117
R00090,0,CLONE_INTERVAL,T2,t2_rename_local_x6,6,25,6,25
R00090,1,MUTATION,T2,t2_rename_local_x6,8,22,8,22
R00090,2,UNTOUCHED,T1,none,3,5,3,5
R00090,3,UNTOUCHED,T1,none,26,28,26,28
R00091,0,CLONE_INTERVAL,T1,t1_add_block_comment,7,16,7,17
R00091,1,MUTATION,T1,t1_add_block_comment,,,15,15
R00091,2,UNTOUCHED,T1,none,3,6,3,6
R00091,3,UNTOUCHED,T1,none,17,23,18,24
R00092,0,CLONE_INTERVAL,T1,t1_add_eol_comment,6,11,6,11
R00092,1,MUTATION,T1,t1_add_eol_comment,6,6,6,6
R00092,2,UNTOUCHED,T1,none,3,5,3,5
R00092,3,UNTOUCHED,T1,none,12,15,12,15
R00093,0,CLONE_INTERVAL,T2,t2_rename_local_x1,8,18,8,18
R00093,1,MUTATION,T2,t2_rename_local_x1,9,10,9,10
R00093,2,UNTOUCHED,T1,none,3,7,3,7
R00093,3,UNTOUCHED,T1,none,19,21,19,21
R00094,0,CLONE_INTERVAL,T3,t3_wrap_statement,27,32,27,34
R00094,1,MUTATION,T3,t3_wrap_statement,28,30,28,32
R00094,2,UNTOUCHED,T1,none,4,26,4,26
R00094,3,UNTOUCHED,T1,none,33,39,35,41
R00095,0,CLONE_INTERVAL,T3,t3_delete_statement,15,24,15,23
R00095,1,MUTATION,T3,t3_delete_statement,16,16,,
R00095,2,UNTOUCHED,T1,none,5,14,5,14
R00095,3,UNTOUCHED,T1,none,25,27,24,26
R00096,0,CLONE_INTERVAL,T3,t3_delete_statement,13,21,13,20
R00096,1,MUTATION,T3,t3_delete_statement,14,14,,
R00096,2,UNTOUCHED,T1,none,4,12,4,12
R00096,3,UNTOUCHED,T1,none,22,25,21,24
R00097,0,CLONE_INTERVAL,T3,t3_wrap_statement,11,16,11,18
R00097,1,MUTATION,T3,t3_wrap_statement,16,16,16,18
R00097,2,UNTOUCHED,T1,none,3,10,3,10
R00097,3,UNTOUCHED,T1,none,17,109,19,111
R00098,0,CLONE_INTERVAL,T1,t1_add_eol_comment,62,71,62,71
R00098,1,MUTATION,T1,t1_add_eol_comment,68,68,68,68
R00098,2,UNTOUCHED,T1,none,51,61,51,61
R00098,3,UNTOUCHED,T1,none,72,75,72,75
R00099,0,CLONE_INTERVAL,T2,t2_change_int_literal,6,13,6,13
R00099,1,MUTATION,T2,t2_change_int_literal,6,6,6,6
R00099,2,UNTOUCHED,T1,none,3,5,3,5
R00099,3,UNTOUCHED,T1,none,14,26,14,26
R00100,0,CLONE_INTERVAL,T2,t2_change_int_literal,15,22,15,22
R00100,1,MUTATION,T2,t2_change_int_literal,18,18,18,18
R00100,2,UNTOUCHED,T1,none,3,14,3,14
R00100,3,UNTOUCHED,T1,none,23,28,23,28
R00101,0,CLONE_INTERVAL,T1,t1_add_blank_line,6,13,6,14
R00101,1,MUTATION,T1,t1_add_blank_line,,,13,13
R00101,2,UNTOUCHED,T1,none,3,5,3,5
R00101,3,UNTOUCHED,T1,none,14,16,15,17
R00102,0,CLONE_INTERVAL,T1,t1_add_block_comment,21,26,21,27
R00102,1,MUTATION,T1,t1_add_block_comment,,,25,25
R00102,2,UNTOUCHED,T1,none,3,20,3,20
R00102,3,UNTOUCHED,T1,none,27,31,28,32
R00103,0,CLONE_INTERVAL,T2,t2_change_string_literal,7,12,7,12
R00103,1,MUTATION,T2,t2_change_string_literal,7,7,7,7
R00103,2,UNTOUCHED,T1,none,4,6,4,6
R00103,3,UNTOUCHED,T1,none,13,16,13,16
R00104,0,CLONE_INTERVAL,T1,t1_add_eol_comment,8,13,8,13
R00104,1,MUTATION,T1,t1_add_eol_comment,11,11,11,11
R00104,2,UNTOUCHED,T1,none,3,7,3,7
R00104,3,UNTOUCHED,T1,none,14,49,14,49
R00105,0,CLONE_INTERVAL,T1,t1_reindent,7,12,7,12
R00105,1,MUTATION,T1,t1_reindent,7,12,7,12
R00105,2,UNTOUCHED,T1,none,3,6,3,6
R00105,3,UNTOUCHED,T1,none,13,20,13,20
R00106,0,CLONE_INTERVAL,T2,t2_rename_local_x1,10,16,10,16
R00106,1,MUTATION,T2,t2_rename_local_x1,11,12,11,12
R00106,2,UNTOUCHED,T1,none,7,9,7,9
R00106,3,UNTOUCHED,T1,none,17,24,17,24
R00107,0,CLONE_INTERVAL,T3,t3_wrap_statement,6,11,6,13
R00107,1,MUTATION,T3,t3_wrap_statement,11,11,11,13
R00107,2,UNTOUCHED,T1,none,3,5,3,5
R00107,3,UNTOUCHED,T1,none,12,18,14,20
R00108,0,CLONE_INTERVAL,T2,t2_change_int_literal,11,16,11,16
R00108,1,MUTATION,T2,t2_change_int_literal,11,11,11,11
R00108,2,UNTOUCHED,T1,none,3,10,3,10
R00108,3,UNTOUCHED,T1,none,17,22,17,22
R00109,0,CLONE_INTERVAL,T1,t1_add_block_comment,25,31,25,32
R00109,1,MUTATION,T1,t1_add_block_comment,,,31,31
R00109,2,UNTOUCHED,T1,none,22,24,22,24
R00109,3,UNTOUCHED,T1,none,32,34,33,35
R00110,0,CLONE_INTERVAL,T2,t2_change_string_literal,21,28,21,28
R00110,1,MUTATION,T2,t2_change_string_literal,22,22,22,22
R00110,2,UNTOUCHED,T1,none,3,20,3,20
R00110,3,UNTOUCHED,T1,none,29,43,29,43
R00111,0,CLONE_INTERVAL,T3,t3_delete_statement,8,13,8,12
R00111,1,MUTATION,T3,t3_delete_statement,12,12,,
R00111,2,UNTOUCHED,T1,none,3,7,3,7
R00111,3,UNTOUCHED,T1,none,14,16,13,15
R00112,0,CLONE_INTERVAL,T2,t2_rename_local_x1,10,20,10,20
R00112,1,MUTATION,T2,t2_rename_local_x1,12,16,12,16
R00112,2,UNTOUCHED,T1,none,3,9,3,9
R00112,3,UNTOUCHED,T1,none,21,26,21,26
R00113,0,CLONE_INTERVAL,T3,t3_insert_statement,8,13,8,14
R00113,1,MUTATION,T3,t3_insert_statement,,,11,11
R00113,2,UNTOUCHED,T1,none,5,7,5,7
R00113,3,UNTOUCHED,T1,none,14,33,15,34
R00114,0,CLONE_INTERVAL,T3,t3_insert_statement,16,21,16,21
R00114,1,MUTATION,T3,t3_insert_statement,,,22,22
R00114,2,UNTOUCHED,T1,none,3,15,3,15
R00114,3,UNTOUCHED,T1,none,22,25,23,26
R00115,0,CLONE_INTERVAL,T2,t2_change_int_literal,7,14,7,14
R00115,1,MUTATION,T2,t2_change_int_literal,8,8,8,8
R00115,2,UNTOUCHED,T1,none,3,6,3,6
R00115,3,UNTOUCHED,T1,none,15,22,15,22
R00116,0,CLONE_INTERVAL,T2,t2_rename_local_x2,6,11,6,11
R00116,1,MUTATION,T2,t2_rename_local_x2,6,11,6,11
R00116,2,UNTOUCHED,T1,none,3,5,3,5
R00116,3,UNTOUCHED,T1,none,12,17,12,17
R00117,0,CLONE_INTERVAL,T1,t1_add_eol_comment,6,11,6,11
R00117,1,MUTATION,T1,t1_add_eol_comment,10,10,10,10
R00117,2,UNTOUCHED,T1,none,3,5,3,5
R00117,3,UNTOUCHED,T1,none,12,22,12,22
R00118,0,CLONE_INTERVAL,T3,t3_delete_statement,8,14,8,13
R00118,1,MUTATION,T3,t3_delete_statement,8,8,,
R00118,2,UNTOUCHED,T1,none,5,7,5,7
R00118,3,UNTOUCHED,T1,none,15,17,14,16
R00119,0,CLONE_INTERVAL,T2,t2_change_int_literal,8,17,8,17
R00119,1,MUTATION,T2,t2_change_int_literal,11,11,11,11
R00119,2,UNTOUCHED,T1,none,3,7,3,7
R00119,3,UNTOUCHED,T1,none,18,20,18,20
R00120,0,CLONE_INTERVAL,T1,t1_add_eol_comment,16,21,16,21
R00120,1,MUTATION,T1,t1_add_eol_comment,16,16,16,16
R00120,2,UNTOUCHED,T1,none,10,15,10,15
R00120,3,UNTOUCHED,T1,none,22,24,22,24
R00121,0,CLONE_INTERVAL,T2,t2_change_int_literal,7,21,7,21
R00121,1,MUTATION,T2,t2_change_int_literal,8,8,8,8
R00121,2,UNTOUCHED,T1,none,4,6,4,6
R00121,3,UNTOUCHED,T1,none,22,27,22,27
R00122,0,CLONE_INTERVAL,T2,t2_change_string_literal,9,15,9,15
R00122,1,MUTATION,T2,t2_change_string_literal,9,9,9,9
R00122,2,UNTOUCHED,T1,none,5,8,5,8
R00122,3,UNTOUCHED,T1,none,16,18,16,18
R00123,0,CLONE_INTERVAL,T1,t1_reindent,7,15,7,15
R00123,1,MUTATION,T1,t1_reindent,7,15,7,15
R00123,2,UNTOUCHED,T1,none,3,6,3,6
R00123,3,UNTOUCHED,T1,none,16,20,16,20
R00124,0,CLONE_INTERVAL,T2,t2_change_int_literal,12,24,12,24
R00124,1,MUTATION,T2,t2_change_int_literal,13,13,13,13
R00124,2,UNTOUCHED,T1,none,6,11,6,11
R00124,3,UNTOUCHED,T1,none,25,33,25,33
R00125,0,CLONE_INTERVAL,T2,t2_change_string_literal,8,13,8,13
R00125,1,MUTATION,T2,t2_change_string_literal,8,8,8,8
R00125,2,UNTOUCHED,T1,none,5,7,5,7
R00125,3,UNTOUCHED,T1,none,14,23,14,23
R00126,0,CLONE_INTERVAL,T3,t3_wrap_statement,6,14,6,16
R00126,1,MUTATION,T3,t3_wrap_statement,10,12,10,14
R00126,2,UNTOUCHED,T1,none,3,5,3,5
R00126,3,UNTOUCHED,T1,none,15,17,17,19
R00127,0,CLONE_INTERVAL,T1,t1_add_blank_line,6,11,6,12
R00127,1,MUTATION,T1,t1_add_blank_line,,,10,10
R00127,2,UNTOUCHED,T1,none,3,5,3,5
R00127,3,UNTOUCHED,T1,none,12,14,13,15
R00128,0,CLONE_INTERVAL,T1,t1_add_eol_comment,6,11,6,11
R00128,1,MUTATION,T1,t1_add_eol_comment,6,6,6,6
R00128,2,UNTOUCHED,T1,none,3,5,3,5
R00128,3,UNTOUCHED,T1,none,12,18,12,18
R00129,0,CLONE_INTERVAL,T2,t2_change_string_literal,10,18,10,18
R00129,1,MUTATION,T2,t2_change_string_literal,10,10,10,10
R00129,2,UNTOUCHED,T1,none,5,9,5,9
R00129,3,UNTOUCHED,T1,none,19,24,19,24
R00130,0,CLONE_INTERVAL,T1,t1_add_block_comment,12,24,12,25
R00130,1,MUTATION,T1,t1_add_block_comment,,,14,14
R00130,2,UNTOUCHED,T1,none,6,11,6,11
R00130,3,UNTOUCHED,T1,none,25,30,26,31
R00131,0,CLONE_INTERVAL,T2,t2_rename_local_x1,8,20,8,20
R00131,1,MUTATION,T2,t2_rename_local_x1,9,9,9,9
R00131,2,UNTOUCHED,T1,none,5,7,5,7
R00131,3,UNTOUCHED,T1,none,21,35,21,35
R00132,0,CLONE_INTERVAL,T3,t3_wrap_statement,8,19,8,21
R00132,1,MUTATION,T3,t3_wrap_statement,11,17,11,19
R00132,2,UNTOUCHED,T1,none,5,7,5,7
R00132,3,UNTOUCHED,T1,none,20,25,22,27
R00133,0,CLONE_INTERVAL,T1,t1_add_eol_comment,7,12,7,12
R00133,1,MUTATION,T1,t1_add_eol_comment,9,9,9,9
R00133,2,UNTOUCHED,T1,none,4,6,4,6
R00133,3,UNTOUCHED,T1,none,13,21,13,21
R00134,0,CLONE_INTERVAL,T1,t1_add_blank_line,10,16,10,17
R00134,1,MUTATION,T1,t1_add_blank_line,,,16,16
R00134,2,UNTOUCHED,T1,none,3,9,3,9
R00134,3,UNTOUCHED,T1,none,17,28,18,29
R00135,0,CLONE_INTERVAL,T2,t2_change_int_literal,6,11,6,11
R00135,1,MUTATION,T2,t2_change_int_literal,8,8,8,8
R00135,2,UNTOUCHED,T1,none,3,5,3,5
R00135,3,UNTOUCHED,T1,none,12,37,12,37
R00136,0,CLONE_INTERVAL,T1,t1_add_block_comment,8,16,8,17
R00136,1,MUTATION,T1,t1_add_block_comment,,,15,15
R00136,2,UNTOUCHED,T1,none,3,7,3,7
R00136,3,UNTOUCHED,T1,none,17,20,18,21
R00137,0,CLONE_INTERVAL,T1,t1_add_block_comment,8,31,8,32
R00137,1,MUTATION,T1,t1_add_block_comment,,,25,25
R00137,2,UNTOUCHED,T1,none,5,7,5,7
R00137,3,UNTOUCHED,T1,none,32,35,33,36
R00138,0,CLONE_INTERVAL,T3,t3_insert_statement,6,13,6,14
R00138,1,MUTATION,T3,t3_insert_statement,,,7,7
R00138,2,UNTOUCHED,T1,none,3,5,3,5
R00138,3,UNTOUCHED,T1,none,14,19,15,20
R00139,0,CLONE_INTERVAL,T3,t3_insert_statement,111,117,111,118
R00139,1,MUTATION,T3,t3_insert_statement,,,112,112
R00139,2,UNTOUCHED,T1,none,105,110,105,110
R00139,3,UNTOUCHED,T1,none,118,130,119,131
R00140,0,CLONE_INTERVAL,T1,t1_add_blank_line,8,13,8,14
R00140,1,MUTATION,T1,t1_add_blank_line,,,11,11
R00140,2,UNTOUCHED,T1,none,3,7,3,7
R00140,3,UNTOUCHED,T1,none,14,23,15,24
R00141,0,CLONE_INTERVAL,T3,t3_insert_statement,6,11,6,12
R00141,1,MUTATION,T3,t3_insert_statement,,,11,11
R00141,2,UNTOUCHED,T1,none,3,5,3,5
R00141,3,UNTOUCHED,T1,none,12,20,13,21
R00142,0,CLONE_INTERVAL,T2,t2_change_string_literal,30,37,30,37
R00142,1,MUTATION,T2,t2_change_string_literal,30,30,30,30
R00142,2,UNTOUCHED,T1,none,26,29,26,29
R00142,3,UNTOUCHED,T1,none,38,40,38,40
R00143,0,CLONE_INTERVAL,T2,t2_change_string_literal,8,20,8,20
R00143,1,MUTATION,T2,t2_change_string_literal,9,9,9,9
R00143,2,UNTOUCHED,T1,none,3,7,3,7
R00143,3,UNTOUCHED,T1,none,21,25,21,25
R00144,0,CLONE_INTERVAL,T2,t2_rename_local_x1,6,15,6,15
R00144,1,MUTATION,T2,t2_rename_local_x1,9,14,9,14
R00144,2,UNTOUCHED,T1,none,3,5,3,5
R00144,3,UNTOUCHED,T1,none,16,32,16,32
R00145,0,CLONE_INTERVAL,T2,t2_change_string_literal,10,15,10,15
R00145,1,MUTATION,T2,t2_change_string_literal,11,11,11,11
R00145,2,UNTOUCHED,T1,none,6,9,6,9
R00145,3,UNTOUCHED,T1,none,16,26,16,26
R00146,0,CLONE_INTERVAL,T3,t3_wrap_statement,7,12,7,14
R00146,1,MUTATION,T3,t3_wrap_statement,8,11,8,13
R00146,2,UNTOUCHED,T1,none,3,6,3,6
R00146,3,UNTOUCHED,T1,none,13,23,15,25
R00147,0,CLONE_INTERVAL,T1,t1_reindent,65,70,65,70
R00147,1,MUTATION,T1,t1_reindent,65,70,65,70
R00147,2,UNTOUCHED,T1,none,60,64,60,64
R00147,3,UNTOUCHED,T1,none,71,77,71,77
R00148,0,CLONE_INTERVAL,T3,t3_wrap_statement,10,22,10,24
R00148,1,MUTATION,T3,t3_wrap_statement,11,19,11,21
R00148,2,UNTOUCHED,T1,none,3,9,3,9
R00148,3,UNTOUCHED,T1,none,23,44,25,46
R00149,0,CLONE_INTERVAL,T2,t2_change_int_literal,136,142,136,142
R00149,1,MUTATION,T2,t2_change_int_literal,137,137,137,137
R00149,2,UNTOUCHED,T1,none,133,135,133,135
R00149,3,UNTOUCHED,T1,none,143,152,143,152
R00150,0,CLONE_INTERVAL,T1,t1_add_block_comment,11,17,11,18
R00150,1,MUTATION,T1,t1_add_block_comment,,,16,16
R00150,2,UNTOUCHED,T1,none,3,10,3,10
R00150,3,UNTOUCHED,T1,none,18,25,19,26
R00151,0,CLONE_INTERVAL,T3,t3_wrap_statement,6,12,6,15
R00151,1,MUTATION,T3,t3_wrap_statement,11,12,11,15
R00151,2,UNTOUCHED,T1,none,3,5,3,5
R00151,3,UNTOUCHED,T1,none,14,27,16,29
R00152,0,CLONE_INTERVAL,T2,t2_change_int_literal,8,14,8,14
R00152,1,MUTATION,T2,t2_change_int_literal,9,9,9,9
R00152,2,UNTOUCHED,T1,none,3,7,3,7
R00152,3,UNTOUCHED,T1,none,15,24,15,24
R00153,0,CLONE_INTERVAL,T1,t1_add_blank_line,6,11,6,12
R00153,1,MUTATION,T1,t1_add_blank_line,,,11,11
R00153,2,UNTOUCHED,T1,none,3,5,3,5
R00153,3,UNTOUCHED,T1,none,12,15,13,16
R00154,0,CLONE_INTERVAL,T1,t1_reindent,6,12,6,12
R00154,1,MUTATION,T1,t1_reindent,6,12,6,12
R00154,2,UNTOUCHED,T1,none,3,5,3,5
R00154,3,UNTOUCHED,T1,none,13,16,13,16
R00155,0,CLONE_INTERVAL,T2,t2_change_int_literal,7,12,7,12
R00155,1,MUTATION,T2,t2_change_int_literal,9,9,9,9
R00155,2,UNTOUCHED,T1,none,3,6,3,6
R00155,3,UNTOUCHED,T1,none,13,23,13,23
R00156,0,CLONE_INTERVAL,T3,t3_wrap_statement,7,12,7,14
R00156,1,MUTATION,T3,t3_wrap_statement,8,9,8,11
R00156,2,UNTOUCHED,T1,none,4,6,4,6
R00156,3,UNTOUCHED,T1,none,13,17,15,19
R00157,0,CLONE_INTERVAL,T1,t1_add_blank_line,11,20,11,21
R00157,1,MUTATION,T1,t1_add_blank_line,,,13,13
R00157,2,UNTOUCHED,T1,none,3,10,3,10
R00157,3,UNTOUCHED,T1,none,21,40,22,41
R00158,0,CLONE_INTERVAL,T3,t3_insert_statement,6,11,6,12
R00158,1,MUTATION,T3,t3_insert_statement,,,8,8
R00158,2,UNTOUCHED,T1,none,3,5,3,5
R00158,3,UNTOUCHED,T1,none,12,17,13,18
R00159,0,CLONE_INTERVAL,T1,t1_add_block_comment,7,12,7,13
R00159,1,MUTATION,T1,t1_add_block_comment,,,12,12
R00159,2,UNTOUCHED,T1,none,3,6,3,6
R00159,3,UNTOUCHED,T1,none,13,40,14,41
R00160,0,CLONE_INTERVAL,T3,t3_wrap_statement,16,21,16,23
R00160,1,MUTATION,T3,t3_wrap_statement,17,18,17,20
R00160,2,UNTOUCHED,T1,none,13,15,13,15
R00160,3,UNTOUCHED,T1,none,22,26,24,28
R00161,0,CLONE_INTERVAL,T2,t2_change_string_literal,11,18,11,18
R00161,1,MUTATION,T2,t2_change_string_literal,15,15,15,15
R00161,2,UNTOUCHED,T1,none,4,10,4,10
R00161,3,UNTOUCHED,T1,none,19,29,19,29
R00162,0,CLONE_INTERVAL,T1,t1_add_blank_line,82,87,82,88
R00162,1,MUTATION,T1,t1_add_blank_line,,,84,84
R00162,2,UNTOUCHED,T1,none,77,81,77,81
R00162,3,UNTOUCHED,T1,none,88,97,89,98
R00163,0,CLONE_INTERVAL,T1,t1_add_block_comment,11,19,11,20
R00163,1,MUTATION,T1,t1_add_block_comment,,,12,12
R00163,2,UNTOUCHED,T1,none,3,10,3,10
R00163,3,UNTOUCHED,T1,none,20,22,21,23
R00164,0,CLONE_INTERVAL,T2,t2_rename_local_x2,11,21,11,21
R00164,1,MUTATION,T2,t2_rename_local_x2,16,20,16,20
R00164,2,UNTOUCHED,T1,none,5,10,5,10
R00164,3,UNTOUCHED,T1,none,22,36,22,36
R00165,0,CLONE_INTERVAL,T3,t3_insert_statement,8,16,8,16
R00165,1,MUTATION,T3,t3_insert_statement,,,17,17
R00165,2,UNTOUCHED,T1,none,5,7,5,7
R00165,3,UNTOUCHED,T1,none,17,42,18,43
R00166,0,CLONE_INTERVAL,T2,t2_change_string_literal,7,12,7,12
R00166,1,MUTATION,T2,t2_change_string_literal,9,9,9,9
R00166,2,UNTOUCHED,T1,none,3,6,3,6
R00166,3,UNTOUCHED,T1,none,13,34,13,34
R00167,0,CLONE_INTERVAL,T1,t1_add_blank_line,6,11,6,12
R00167,1,MUTATION,T1,t1_add_blank_line,,,11,11
R00167,2,UNTOUCHED,T1,none,3,5,3,5
R00167,3,UNTOUCHED,T1,none,12,17,13,18
R00168,0,CLONE_INTERVAL,T2,t2_change_string_literal,6,14,6,14
R00168,1,MUTATION,T2,t2_change_string_literal,13,13,13,13
R00168,2,UNTOUCHED,T1,none,3,5,3,5
R00168,3,UNTOUCHED,T1,none,15,17,15,17
R00169,0,CLONE_INTERVAL,T2,t2_rename_local_x6,12,24,12,24
R00169,1,MUTATION,T2,t2_rename_local_x6,12,23,12,23
R00169,2,UNTOUCHED,T1,none,5,11,5,11
R00169,3,UNTOUCHED,T1,none,25,28,25,28
R00170,0,CLONE_INTERVAL,T3,t3_delete_statement,7,12,6,10
R00170,1,MUTATION,T3,t3_delete_statement,11,11,,
R00170,2,UNTOUCHED,T1,none,4,6,3,5
R00170,3,UNTOUCHED,T1,none,13,20,11,18
R00171,0,CLONE_INTERVAL,T3,t3_wrap_statement,6,12,6,14
R00171,1,MUTATION,T3,t3_wrap_statement,10,11,10,13
R00171,2,UNTOUCHED,T1,none,3,5,3,5
R00171,3,UNTOUCHED,T1,none,13,16,15,18
R00172,0,CLONE_INTERVAL,T2,t2_rename_local_x3,6,16,6,16
R00172,1,MUTATION,T2,t2_rename_local_x3,6,12,6,12
R00172,2,UNTOUCHED,T1,none,3,5,3,5
R00172,3,UNTOUCHED,T1,none,17,22,17,22
R00173,0,CLONE_INTERVAL,T2,t2_change_int_literal,94,99,94,99
R00173,1,MUTATION,T2,t2_change_int_literal,94,94,94,94
R00173,2,UNTOUCHED,T1,none,89,93,89,93
R00173,3,UNTOUCHED,T1,none,100,109,100,109
R00174,0,CLONE_INTERVAL,T2,t2_change_string_literal,6,11,6,11
R00174,1,MUTATION,T2,t2_change_string_literal,10,10,10,10
R00174,2,UNTOUCHED,T1,none,3,5,3,5
R00174,3,UNTOUCHED,T1,none,12,26,12,26
R00175,0,CLONE_INTERVAL,T3,t3_wrap_statement,6,12,6,14
R00175,1,MUTATION,T3,t3_wrap_statement,8,11,8,13
R00175,2,UNTOUCHED,T1,none,3,5,3,5
R00175,3,UNTOUCHED,T1,none,13,17,15,19
R00176,0,CLONE_INTERVAL,T2,t2_change_string_literal,8,15,8,15
R00176,1,MUTATION,T2,t2_change_string_literal,8,8,8,8
R00176,2,UNTOUCHED,T1,none,3,7,3,7
R00176,3,UNTOUCHED,T1,none,16,21,16,21
R00177,0,CLONE_INTERVAL,T1,t1_reindent,10,17,10,17
R00177,1,MUTATION,T1,t1_reindent,10,17,10,17
R00177,2,UNTOUCHED,T1,none,5,9,5,9
R00177,3,UNTOUCHED,T1,none,18,30,18,30
R00178,0,CLONE_INTERVAL,T1,t1_reindent,9,15,9,15
R00178,1,MUTATION,T1,t1_reindent,9,15,9,15
R00178,2,UNTOUCHED,T1,none,4,8,4,8
R00178,3,UNTOUCHED,T1,none,16,24,16,24
R00179,0,CLONE_INTERVAL,T1,t1_reindent,7,13,7,13
R00179,1,MUTATION,T1,t1_reindent,7,13,7,13
R00179,2,UNTOUCHED,T1,none,3,6,3,6
R00179,3,UNTOUCHED,T1,none,14,34,14,34
R00180,0,CLONE_INTERVAL,T1,t1_add_blank_line,8,13,8,14
R00180,1,MUTATION,T1,t1_add_blank_line,,,9,9
R00180,2,UNTOUCHED,T1,none,5,7,5,7
R00180,3,UNTOUCHED,T1,none,14,22,15,23
R00181,0,CLONE_INTERVAL,T1,t1_add_blank_line,17,24,17,25
R00181,1,MUTATION,T1,t1_add_blank_line,,,20,20
R00181,2,UNTOUCHED,T1,none,3,16,3,16
R00181,3,UNTOUCHED,T1,none,25,27,26,28
R00182,0,CLONE_INTERVAL,T3,t3_wrap_statement,8,13,8,15
R00182,1,MUTATION,T3,t3_wrap_statement,13,13,13,15
R00182,2,UNTOUCHED,T1,none,5,7,5,7
R00182,3,UNTOUCHED,T1,none,14,16,16,18
R00183,0,CLONE_INTERVAL,T3,t3_delete_statement,13,18,13,17
R00183,1,MUTATION,T3,t3_delete_statement,14,14,,
R00183,2,UNTOUCHED,T1,none,10,12,10,12
R00183,3,UNTOUCHED,T1,none,19,25,18,24
R00184,0,CLONE_INTERVAL,T1,t1_reindent,6,11,6,11
R00184,1,MUTATION,T1,t1_reindent,6,11,6,11
R00184,2,UNTOUCHED,T1,none,3,5,3,5
R00184,3,UNTOUCHED,T1,none,12,20,12,20
R00185,0,CLONE_INTERVAL,T1,t1_reindent,12,39,12,39
R00185,1,MUTATION,T1,t1_reindent,12,39,12,39
R00185,2,UNTOUCHED,T1,none,3,11,3,11
R00185,3,UNTOUCHED,T1,none,40,48,40,48
R00186,0,CLONE_INTERVAL,T1,t1_add_eol_comment,7,12,7,12
R00186,1,MUTATION,T1,t1_add_eol_comment,12,12,12,12
R00186,2,UNTOUCHED,T1,none,4,6,4,6
R00186,3,UNTOUCHED,T1,none,13,26,13,26
R00187,0,CLONE_INTERVAL,T3,t3_insert_statement,8,20,8,21
R00187,1,MUTATION,T3,t3_insert_statement,,,9,9
R00187,2,UNTOUCHED,T1,none,5,7,5,7
R00187,3,UNTOUCHED,T1,none,21,26,22,27
R00188,0,CLONE_INTERVAL,T2,t2_change_string_literal,7,19,7,19
R00188,1,MUTATION,T2,t2_change_string_literal,15,15,15,15
R00188,2,UNTOUCHED,T1,none,3,6,3,6
R00188,3,UNTOUCHED,T1,none,20,29,20,29
R00189,0,CLONE_INTERVAL,T3,t3_insert_statement,6,11,6,12
R00189,1,MUTATION,T3,t3_insert_statement,,,7,7
R00189,2,UNTOUCHED,T1,none,3,5,3,5
R00189,3,UNTOUCHED,T1,none,12,29,13,30
R00190,0,CLONE_INTERVAL,T1,t1_add_eol_comment,8,13,8,13
R00190,1,MUTATION,T1,t1_add_eol_comment,11,11,11,11
R00190,2,UNTOUCHED,T1,none,3,7,3,7
R00190,3,UNTOUCHED,T1,none,14,19,14,19
R00191,0,CLONE_INTERVAL,T3,t3_wrap_statement,22,27,21,29
R00191,1,MUTATION,T3,t3_wrap_statement,22,23,21,25
R00191,2,UNTOUCHED,T1,none,5,20,5,20
R00191,3,UNTOUCHED,T1,none,28,41,30,43
R00192,0,CLONE_INTERVAL,T1,t1_reindent,7,22,7,22
R00192,1,MUTATION,T1,t1_reindent,7,22,7,22
R00192,2,UNTOUCHED,T1,none,3,6,3,6
R00192,3,UNTOUCHED,T1,none,23,25,23,25
R00193,0,CLONE_INTERVAL,T1,t1_add_blank_line,12,17,12,18
R00193,1,MUTATION,T1,t1_add_blank_line,,,16,16
R00193,2,UNTOUCHED,T1,none,9,11,9,11
R00193,3,UNTOUCHED,T1,none,18,24,19,25
R00194,0,CLONE_INTERVAL,T3,t3_insert_statement,7,17,7,18
R00194,1,MUTATION,T3,t3_insert_statement,,,8,8
R00194,2,UNTOUCHED,T1,none,3,6,3,6
R00194,3,UNTOUCHED,T1,none,18,20,19,21
R00195,0,CLONE_INTERVAL,T1,t1_reindent,11,16,11,16
R00195,1,MUTATION,T1,t1_reindent,11,16,11,16
R00195,2,UNTOUCHED,T1,none,7,10,7,10
R00195,3,UNTOUCHED,T1,none,17,20,17,20
R00196,0,CLONE_INTERVAL,T1,t1_add_blank_line,125,130,125,131
R00196,1,MUTATION,T1,t1_add_blank_line,,,129,129
R00196,2,UNTOUCHED,T1,none,122,124,122,124
R00196,3,UNTOUCHED,T1,none,131,138,132,139
R00197,0,CLONE_INTERVAL,T1,t1_add_blank_line,7,15,7,16
R00197,1,MUTATION,T1,t1_add_blank_line,,,15,15
R00197,2,UNTOUCHED,T1,none,4,6,4,6
R00197,3,UNTOUCHED,T1,none,16,25,17,26
R00198,0,CLONE_INTERVAL,T2,t2_change_string_literal,6,11,6,11
R00198,1,MUTATION,T2,t2_change_string_literal,9,9,9,9
R00198,2,UNTOUCHED,T1,none,3,5,3,5
R00198,3,UNTOUCHED,T1,none,12,28,12,28
R00199,0,CLONE_INTERVAL,T1,t1_reindent,7,12,7,12
R00199,1,MUTATION,T1,t1_reindent,7,12,7,12
R00199,2,UNTOUCHED,T1,none,4,6,4,6
R00199,3,UNTOUCHED,T1,none,13,31,13,31
R00200,0,CLONE_INTERVAL,T2,t2_change_string_literal,7,12,7,12
R00200,1,MUTATION,T2,t2_change_string_literal,7,7,7,7
R00200,2,UNTOUCHED,T1,none,3,6,3,6
R00200,3,UNTOUCHED,T1,none,13,18,13,18
R00201,0,CLONE_INTERVAL,T1,t1_reindent,6,11,6,11
R00201,1,MUTATION,T1,t1_reindent,6,11,6,11
R00201,2,UNTOUCHED,T1,none,3,5,3,5
R00201,3,UNTOUCHED,T1,none,12,20,12,20
R00202,0,CLONE_INTERVAL,T2,t2_rename_local_x1,11,22,11,22
R00202,1,MUTATION,T2,t2_rename_local_x1,12,17,12,17
R00202,2,UNTOUCHED,T1,none,3,10,3,10
R00202,3,UNTOUCHED,T1,none,23,27,23,27
R00203,0,CLONE_INTERVAL,T1,t1_add_blank_line,6,14,6,15
R00203,1,MUTATION,T1,t1_add_blank_line,,,11,11
R00203,2,UNTOUCHED,T1,none,3,5,3,5
R00203,3,UNTOUCHED,T1,none,15,26,16,27
R00204,0,CLONE_INTERVAL,T1,t1_add_blank_line,7,28,7,29
R00204,1,MUTATION,T1,t1_add_blank_line,,,25,25
R00204,2,UNTOUCHED,T1,none,3,6,3,6
R00204,3,UNTOUCHED,T1,none,29,34,30,35
R00205,0,CLONE_INTERVAL,T1,t1_add_blank_line,14,19,14,20
R00205,1,MUTATION,T1,t1_add_blank_line,,,15,15
R00205,2,UNTOUCHED,T1,none,6,13,6,13
R00205,3,UNTOUCHED,T1,none,20,22,21,23
R00206,0,CLONE_INTERVAL,T2,t2_change_string_literal,6,11,6,11
R00206,1,MUTATION,T2,t2_change_string_literal,9,9,9,9
R00206,2,UNTOUCHED,T1,none,3,5,3,5
R00206,3,UNTOUCHED,T1,none,12,19,12,19
R00207,0,CLONE_INTERVAL,T2,t2_change_int_literal,6,11,6,11
R00207,1,MUTATION,T2,t2_change_int_literal,11,11,11,11
R00207,2,UNTOUCHED,T1,none,3,5,3,5
R00207,3,UNTOUCHED,T1,none,12,14,12,14
R00208,0,CLONE_INTERVAL,T1,t1_reindent,8,13,8,13
R00208,1,MUTATION,T1,t1_reindent,8,13,8,13
R00208,2,UNTOUCHED,T1,none,5,7,5,7
R00208,3,UNTOUCHED,T1,none,14,19,14,19
R00209,0,CLONE_INTERVAL,T2,t2_change_string_literal,11,18,11,18
R00209,1,MUTATION,T2,t2_change_string_literal,13,13,13,13
R00209,2,UNTOUCHED,T1,none,3,10,3,10
R00209,3,UNTOUCHED,T1,none,19,22,19,22
R00210,0,CLONE_INTERVAL,T1,t1_reindent,8,26,8,26
R00210,1,MUTATION,T1,t1_reindent,8,26,8,26
R00210,2,UNTOUCHED,T1,none,5,7,5,7
R00210,3,UNTOUCHED,T1,none,27,29,27,29
R00211,0,CLONE_INTERVAL,T3,t3_insert_statement,13,18,13,19
R00211,1,MUTATION,T3,t3_insert_statement,,,15,15
R00211,2,UNTOUCHED,T1,none,9,12,9,12
R00211,3,UNTOUCHED,T1,none,19,29,20,30
R00212,0,CLONE_INTERVAL,T1,t1_add_eol_comment,13,18,13,18
R00212,1,MUTATION,T1,t1_add_eol_comment,18,18,18,18
R00212,2,UNTOUCHED,T1,none,10,12,10,12
R00212,3,UNTOUCHED,T1,none,19,34,19,34
R00213,0,CLONE_INTERVAL,T1,t1_add_blank_line,6,12,6,13
R00213,1,MUTATION,T1,t1_add_blank_line,,,10,10
R00213,2,UNTOUCHED,T1,none,3,5,3,5
R00213,3,UNTOUCHED,T1,none,13,18,14,19
R00214,0,CLONE_INTERVAL,T1,t1_add_blank_line,7,24,7,25
R00214,1,MUTATION,T1,t1_add_blank_line,,,21,21
R00214,2,UNTOUCHED,T1,none,3,6,3,6
R00214,3,UNTOUCHED,T1,none,25,33,26,34
R00215,0,CLONE_INTERVAL,T1,t1_add_eol_comment,7,13,7,13
R00215,1,MUTATION,T1,t1_add_eol_comment,9,9,9,9
R00215,2,UNTOUCHED,T1,none,3,6,3,6
R00215,3,UNTOUCHED,T1,none,14,29,14,29
R00216,0,CLONE_INTERVAL,T3,t3_insert_statement,16,21,16,22
R00216,1,MUTATION,T3,t3_insert_statement,,,19,19
R00216,2,UNTOUCHED,T1,none,3,15,3,15
R00216,3,UNTOUCHED,T1,none,22,28,23,29
R00217,0,CLONE_INTERVAL,T1,t1_add_block_comment,12,23,12,24
R00217,1,MUTATION,T1,t1_add_block_comment,,,16,16
R00217,2,UNTOUCHED,T1,none,3,11,3,11
R00217,3,UNTOUCHED,T1,none,24,32,25,33
R00218,0,CLONE_INTERVAL,T1,t1_add_eol_comment,35,48,35,48
R00218,1,MUTATION,T1,t1_add_eol_comment,40,40,40,40
R00218,2,UNTOUCHED,T1,none,27,34,27,34
R00218,3,UNTOUCHED,T1,none,49,58,49,58
R00219,0,CLONE_INTERVAL,T2,t2_rename_local_x1,7,12,7,12
R00219,1,MUTATION,T2,t2_rename_local_x1,8,8,8,8
R00219,2,UNTOUCHED,T1,none,4,6,4,6
R00219,3,UNTOUCHED,T1,none,13,20,13,20
R00220,0,CLONE_INTERVAL,T2,t2_change_int_literal,6,17,6,17
R00220,1,MUTATION,T2,t2_change_int_literal,7,7,7,7
R00220,2,UNTOUCHED,T1,none,3,5,3,5
R00220,3,UNTOUCHED,T1,none,18,22,18,22
R00221,0,CLONE_INTERVAL,T2,t2_change_int_literal,8,13,8,13
R00221,1,MUTATION,T2,t2_change_int_literal,9,9,9,9
R00221,2,UNTOUCHED,T1,none,5,7,5,7
R00221,3,UNTOUCHED,T1,none,14,37,14,37
R00222,0,CLONE_INTERVAL,T2,t2_change_int_literal,11,35,11,35
R00222,1,MUTATION,T2,t2_change_int_literal,15,15,15,15
R00222,2,UNTOUCHED,T1,none,5,10,5,10
R00222,3,UNTOUCHED,T1,none,36,39,36,39
R00223,0,CLONE_INTERVAL,T2,t2_change_string_literal,7,12,7,12
R00223,1,MUTATION,T2,t2_change_string_literal,8,8,8,8
R00223,2,UNTOUCHED,T1,none,4,6,4,6
R00223,3,UNTOUCHED,T1,none,13,19,13,19
R00224,0,CLONE_INTERVAL,T2,t2_change_int_literal,13,26,13,26
R00224,1,MUTATION,T2,t2_change_int_literal,13,13,13,13
R00224,2,UNTOUCHED,T1,none,3,12,3,12
R00224,3,UNTOUCHED,T1,none,27,29,27,29
R00225,0,CLONE_INTERVAL,T3,t3_delete_statement,8,13,8,12
R00225,1,MUTATION,T3,t3_delete_statement,8,8,,
R00225,2,UNTOUCHED,T1,none,3,7,3,7
R00225,3,UNTOUCHED,T1,none,14,17,13,16
R00226,0,CLONE_INTERVAL,T1,t1_add_blank_line,7,16,7,17
R00226,1,MUTATION,T1,t1_add_blank_line,,,11,11
R00226,2,UNTOUCHED,T1,none,3,6,3,6
R00226,3,UNTOUCHED,T1,none,17,19,18,20
R00227,0,CLONE_INTERVAL,T2,t2_change_int_literal,6,11,6,11
R00227,1,MUTATION,T2,t2_change_int_literal,7,7,7,7
R00227,2,UNTOUCHED,T1,none,3,5,3,5
R00227,3,UNTOUCHED,T1,none,12,19,12,19
R00228,0,CLONE_INTERVAL,T3,t3_insert_statement,7,12,7,13
R00228,1,MUTATION,T3,t3_insert_statement,,,11,11
R00228,2,UNTOUCHED,T1,none,4,6,4,6
R00228,3,UNTOUCHED,T1,none,13,16,14,17
R00229,0,CLONE_INTERVAL,T1,t1_add_block_comment,74,79,74,80
R00229,1,MUTATION,T1,t1_add_block_comment,,,77,77
R00229,2,UNTOUCHED,T1,none,69,73,69,73
R00229,3,UNTOUCHED,T1,none,80,89,81,90
R00230,0,CLONE_INTERVAL,T2,t2_change_string_literal,8,13,8,13
R00230,1,MUTATION,T2,t2_change_string_literal,8,8,8,8
R00230,2,UNTOUCHED,T1,none,3,7,3,7
R00230,3,UNTOUCHED,T1,none,14,21,14,21
R00231,0,CLONE_INTERVAL,T2,t2_change_int_literal,8,17,8,17
R00231,1,MUTATION,T2,t2_change_int_literal,10,10,10,10
R00231,2,UNTOUCHED,T1,none,5,7,5,7
R00231,3,UNTOUCHED,T1,none,18,20,18,20
R00232,0,CLONE_INTERVAL,T1,t1_add_eol_comment,6,12,6,12
R00232,1,MUTATION,T1,t1_add_eol_comment,10,10,10,10
R00232,2,UNTOUCHED,T1,none,3,5,3,5
R00232,3,UNTOUCHED,T1,none,13,30,13,30
R00233,0,CLONE_INTERVAL,T3,t3_insert_statement,9,19,9,20
R00233,1,MUTATION,T3,t3_insert_statement,,,10,10
R00233,2,UNTOUCHED,T1,none,3,8,3,8
R00233,3,UNTOUCHED,T1,none,20,38,21,39
R00234,0,CLONE_INTERVAL,T3,t3_insert_statement,6,11,6,11
R00234,1,MUTATION,T3,t3_insert_statement,,,12,12
R00234,2,UNTOUCHED,T1,none,3,5,3,5
R00234,3,UNTOUCHED,T1,none,12,20,13,21
R00235,0,CLONE_INTERVAL,T2,t2_change_string_literal,7,13,7,13
R00235,1,MUTATION,T2,t2_change_string_literal,7,7,7,7
R00235,2,UNTOUCHED,T1,none,4,6,4,6
R00235,3,UNTOUCHED,T1,none,14,16,14,16
R00236,0,CLONE_INTERVAL,T1,t1_reindent,8,15,8,15
R00236,1,MUTATION,T1,t1_reindent,8,15,8,15
R00236,2,UNTOUCHED,T1,none,3,7,3,7
R00236,3,UNTOUCHED,T1,none,16,29,16,29
R00237,0,CLONE_INTERVAL,T2,t2_change_string_literal,8,14,8,14
R00237,1,MUTATION,T2,t2_change_string_literal,10,10,10,10
R00237,2,UNTOUCHED,T1,none,5,7,5,7
R00237,3,UNTOUCHED,T1,none,15,17,15,17
R00238,0,CLONE_INTERVAL,T1,t1_add_blank_line,19,26,19,27
R00238,1,MUTATION,T1,t1_add_blank_line,,,25,25
R00238,2,UNTOUCHED,T1,none,8,18,8,18
R00238,3,UNTOUCHED,T1,none,27,32,28,33
R00239,0,CLONE_INTERVAL,T3,t3_insert_statement,15,23,15,23
R00239,1,MUTATION,T3,t3_insert_statement,,,24,24
R00239,2,UNTOUCHED,T1,none,3,14,3,14
R00239,3,UNTOUCHED,T1,none,24,28,25,29
R00240,0,CLONE_INTERVAL,T1,t1_add_eol_comment,46,51,46,51
R00240,1,MUTATION,T1,t1_add_eol_comment,46,46,46,46
R00240,2,UNTOUCHED,T1,none,24,45,24,45
R00240,3,UNTOUCHED,T1,none,52,56,52,56
R00241,0,CLONE_INTERVAL,T3,t3_wrap_statement,8,21,8,23
R00241,1,MUTATION,T3,t3_wrap_statement,10,19,10,21
R00241,2,UNTOUCHED,T1,none,3,7,3,7
R00241,3,UNTOUCHED,T1,none,22,28,24,30
R00242,0,CLONE_INTERVAL,T1,t1_reindent,7,23,7,23
R00242,1,MUTATION,T1,t1_reindent,7,23,7,23
R00242,2,UNTOUCHED,T1,none,3,6,3,6
R00242,3,UNTOUCHED,T1,none,24,29,24,29
R00243,0,CLONE_INTERVAL,T1,t1_add_eol_comment,7,12,7,12
R00243,1,MUTATION,T1,t1_add_eol_comment,10,10,10,10
R00243,2,UNTOUCHED,T1,none,3,6,3,6
R00243,3,UNTOUCHED,T1,none,13,16,13,16
R00244,0,CLONE_INTERVAL,T3,t3_wrap_statement,7,13,7,15
R00244,1,MUTATION,T3,t3_wrap_statement,7,8,7,10
R00244,2,UNTOUCHED,T1,none,3,6,3,6
R00244,3,UNTOUCHED,T1,none,14,21,16,23
R00245,0,CLONE_INTERVAL,T3,t3_wrap_statement,6,13,6,15
R00245,1,MUTATION,T3,t3_wrap_statement,9,9,9,11
R00245,2,UNTOUCHED,T1,none,3,5,3,5
R00245,3,UNTOUCHED,T1,none,14,16,16,18
R00246,0,CLONE_INTERVAL,T2,t2_rename_local_x4,6,11,6,11
R00246,1,MUTATION,T2,t2_rename_local_x4,6,11,6,11
R00246,2,UNTOUCHED,T1,none,3,5,3,5
R00246,3,UNTOUCHED,T1,none,12,14,12,14
R00247,0,CLONE_INTERVAL,T1,t1_add_blank_line,14,25,14,26
R00247,1,MUTATION,T1,t1_add_blank_line,,,17,17
R00247,2,UNTOUCHED,T1,none,3,13,3,13
R00247,3,UNTOUCHED,T1,none,26,31,27,32
R00248,0,CLONE_INTERVAL,T2,t2_change_int_literal,6,15,6,15
R00248,1,MUTATION,T2,t2_change_int_literal,8,8,8,8
R00248,2,UNTOUCHED,T1,none,3,5,3,5
R00248,3,UNTOUCHED,T1,none,16,23,16,23
R00249,0,CLONE_INTERVAL,T1,t1_add_block_comment,6,15,6,16
R00249,1,MUTATION,T1,t1_add_block_comment,,,12,12
R00249,2,UNTOUCHED,T1,none,3,5,3,5
R00249,3,UNTOUCHED,T1,none,16,18,17,19
R00250,0,CLONE_INTERVAL,T2,t2_change_string_literal,9,14,9,14
R00250,1,MUTATION,T2,t2_change_string_literal,14,14,14,14
R00250,2,UNTOUCHED,T1,none,5,8,5,8
R00250,3,UNTOUCHED,T1,none,15,19,15,19
R00251,0,CLONE_INTERVAL,T1,t1_add_block_comment,8,16,8,17
R00251,1,MUTATION,T1,t1_add_block_comment,,,13,13
R00251,2,UNTOUCHED,T1,none,3,7,3,7
R00251,3,UNTOUCHED,T1,none,17,22,18,23
R00252,0,CLONE_INTERVAL,T1,t1_add_block_comment,109,114,109,115
R00252,1,MUTATION,T1,t1_add_block_comment,,,112,112
R00252,2,UNTOUCHED,T1,none,106,108,106,108
R00252,3,UNTOUCHED,T1,none,115,128,116,129
R00253,0,CLONE_INTERVAL,T3,t3_delete_statement,6,15,6,14
R00253,1,MUTATION,T3,t3_delete_statement,6,6,,
R00253,2,UNTOUCHED,T1,none,3,5,3,5
R00253,3,UNTOUCHED,T1,none,16,32,15,31
R00254,0,CLONE_INTERVAL,T2,t2_change_string_literal,11,19,11,19
R00254,1,MUTATION,T2,t2_change_string_literal,13,13,13,13
R00254,2,UNTOUCHED,T1,none,3,10,3,10
R00254,3,UNTOUCHED,T1,none,20,23,20,23
R00255,0,CLONE_INTERVAL,T2,t2_change_string_literal,8,14,8,14
R00255,1,MUTATION,T2,t2_change_string_literal,8,8,8,8
R00255,2,UNTOUCHED,T1,none,3,7,3,7
R00255,3,UNTOUCHED,T1,none,15,17,15,17
R00256,0,CLONE_INTERVAL,T2,t2_rename_local_x3,10,25,10,25
R00256,1,MUTATION,T2,t2_rename_local_x3,15,23,15,23
R00256,2,UNTOUCHED,T1,none,4,9,4,9
R00256,3,UNTOUCHED,T1,none,26,38,26,38
R00257,0,CLONE_INTERVAL,T2,t2_rename_local_x2,10,18,10,18
R00257,1,MUTATION,T2,t2_rename_local_x2,10,16,10,16
R00257,2,UNTOUCHED,T1,none,3,9,3,9
R00257,3,UNTOUCHED,T1,none,19,21,19,21
R00258,0,CLONE_INTERVAL,T1,t1_add_blank_line,8,13,8,14
R00258,1,MUTATION,T1,t1_add_blank_line,,,9,9
R00258,2,UNTOUCHED,T1,none,3,7,3,7
R00258,3,UNTOUCHED,T1,none,14,20,15,21
R00259,0,CLONE_INTERVAL,T3,t3_insert_statement,12,19,12,19
R00259,1,MUTATION,T3,t3_insert_statement,,,20,20
R00259,2,UNTOUCHED,T1,none,9,11,9,11
R00259,3,UNTOUCHED,T1,none,20,25,21,26
R00260,0,CLONE_INTERVAL,T1,t1_add_blank_line,8,13,8,14
R00260,1,MUTATION,T1,t1_add_blank_line,,,13,13
R00260,2,UNTOUCHED,T1,none,4,7,4,7
R00260,3,UNTOUCHED,T1,none,14,21,15,22
R00261,0,CLONE_INTERVAL,T2,t2_change_int_literal,16,23,16,23
R00261,1,MUTATION,T2,t2_change_int_literal,16,16,16,16
R00261,2,UNTOUCHED,T1,none,3,15,3,15
R00261,3,UNTOUCHED,T1,none,24,26,24,26
R00262,0,CLONE_INTERVAL,T3,t3_wrap_statement,17,26,17,28
R00262,1,MUTATION,T3,t3_wrap_statement,19,25,19,27
R00262,2,UNTOUCHED,T1,none,3,16,3,16
R00262,3,UNTOUCHED,T1,none,27,32,29,34
R00263,0,CLONE_INTERVAL,T1,t1_add_eol_comment,12,17,12,17
R00263,1,MUTATION,T1,t1_add_eol_comment,14,14,14,14
R00263,2,UNTOUCHED,T1,none,3,11,3,11
R00263,3,UNTOUCHED,T1,none,18,28,18,28
R00264,0,CLONE_INTERVAL,T2,t2_rename_local_x1,10,15,10,15
R00264,1,MUTATION,T2,t2_rename_local_x1,10,15,10,15
R00264,2,UNTOUCHED,T1,none,4,9,4,9
R00264,3,UNTOUCHED,T1,none,16,23,16,23
R00265,0,CLONE_INTERVAL,T2,t2_rename_local_x6,6,19,6,19
R00265,1,MUTATION,T2,t2_rename_local_x6,6,17,6,17
R00265,2,UNTOUCHED,T1,none,3,5,3,5
R00265,3,UNTOUCHED,T1,none,20,22,20,22
R00266,0,CLONE_INTERVAL,T3,t3_delete_statement,7,12,7,11
R00266,1,MUTATION,T3,t3_delete_statement,10,10,,
R00266,2,UNTOUCHED,T1,none,3,6,3,6
R00266,3,UNTOUCHED,T1,none,13,24,12,23
R00267,0,CLONE_INTERVAL,T1,t1_add_block_comment,14,33,14,34
R00267,1,MUTATION,T1,t1_add_block_comment,,,30,30
R00267,2,UNTOUCHED,T1,none,3,13,3,13
R00267,3,UNTOUCHED,T1,none,34,59,35,60
R00268,0,CLONE_INTERVAL,T1,t1_add_blank_line,8,13,8,14
R00268,1,MUTATION,T1,t1_add_blank_line,,,10,10
R00268,2,UNTOUCHED,T1,none,3,7,3,7
R00268,3,UNTOUCHED,T1,none,14,17,15,18
R00269,0,CLONE_INTERVAL,T1,t1_add_block_comment,9,17,9,18
R00269,1,MUTATION,T1,t1_add_block_comment,,,13,13
R00269,2,UNTOUCHED,T1,none,4,8,4,8
R00269,3,UNTOUCHED,T1,none,18,20,19,21
R00270,0,CLONE_INTERVAL,T1,t1_add_block_comment,15,20,15,21
R00270,1,MUTATION,T1,t1_add_block_comment,,,17,17
R00270,2,UNTOUCHED,T1,none,11,14,11,14
R00270,3,UNTOUCHED,T1,none,21,28,22,29
R00271,0,CLONE_INTERVAL,T3,t3_wrap_statement,10,16,10,18
R00271,1,MUTATION,T3,t3_wrap_statement,12,16,12,18
R00271,2,UNTOUCHED,T1,none,3,9,3,9
R00271,3,UNTOUCHED,T1,none,17,19,19,21
R00272,0,CLONE_INTERVAL,T2,t2_rename_local_x1,27,32,27,32
R00272,1,MUTATION,T2,t2_rename_local_x1,28,30,28,30
R00272,2,UNTOUCHED,T1,none,24,26,24,26
R00272,3,UNTOUCHED,T1,none,33,39,33,39
R00273,0,CLONE_INTERVAL,T3,t3_delete_statement,19,24,19,23
R00273,1,MUTATION,T3,t3_delete_statement,24,24,,
R00273,2,UNTOUCHED,T1,none,16,18,16,18
R00273,3,UNTOUCHED,T1,none,25,50,24,49
R00274,0,CLONE_INTERVAL,T2,t2_rename_local_x4,8,13,8,13
R00274,1,MUTATION,T2,t2_rename_local_x4,8,13,8,13
R00274,2,UNTOUCHED,T1,none,4,7,4,7
R00274,3,UNTOUCHED,T1,none,14,16,14,16
R00275,0,CLONE_INTERVAL,T1,t1_reindent,20,25,20,25
R00275,1,MUTATION,T1,t1_reindent,20,25,20,25
R00275,2,UNTOUCHED,T1,none,6,19,6,19
R00275,3,UNTOUCHED,T1,none,26,33,26,33
R00276,0,CLONE_INTERVAL,T2,t2_change_string_literal,13,19,13,19
R00276,1,MUTATION,T2,t2_change_string_literal,16,16,16,16
R00276,2,UNTOUCHED,T1,none,8,12,8,12
R00276,3,UNTOUCHED,T1,none,20,26,20,26
R00277,0,CLONE_INTERVAL,T2,t2_change_int_literal,11,17,11,17
R00277,1,MUTATION,T2,t2_change_int_literal,11,11,11,11
R00277,2,UNTOUCHED,T1,none,3,10,3,10
R00277,3,UNTOUCHED,T1,none,18,31,18,31
R00278,0,CLONE_INTERVAL,T3,t3_delete_statement,9,14,8,12
R00278,1,MUTATION,T3,t3_delete_statement,12,12,,
R00278,2,UNTOUCHED,T1,none,5,8,4,7
R00278,3,UNTOUCHED,T1,none,15,22,13,20
R00279,0,CLONE_INTERVAL,T2,t2_change_string_literal,6,12,6,12
R00279,1,MUTATION,T2,t2_change_string_literal,10,10,10,10
R00279,2,UNTOUCHED,T1,none,3,5,3,5
R00279,3,UNTOUCHED,T1,none,13,33,13,33
R00280,0,CLONE_INTERVAL,T3,t3_insert_statement,136,142,136,142
R00280,1,MUTATION,T3,t3_insert_statement,,,143,143
R00280,2,UNTOUCHED,T1,none,133,135,133,135
R00280,3,UNTOUCHED,T1,none,143,148,144,149
R00281,0,CLONE_INTERVAL,T1,t1_add_eol_comment,32,37,32,37
R00281,1,MUTATION,T1,t1_add_eol_comment,35,35,35,35
R00281,2,UNTOUCHED,T1,none,3,31,3,31
R00281,3,UNTOUCHED,T1,none,38,40,38,40
R00282,0,CLONE_INTERVAL,T3,t3_insert_statement,17,24,17,24
R00282,1,MUTATION,T3,t3_insert_statement,,,25,25
R00282,2,UNTOUCHED,T1,none,5,16,5,16
R00282,3,UNTOUCHED,T1,none,25,37,26,38
R00283,0,CLONE_INTERVAL,T1,t1_add_eol_comment,11,23,11,23
R00283,1,MUTATION,T1,t1_add_eol_comment,21,21,21,21
R00283,2,UNTOUCHED,T1,none,3,10,3,10
R00283,3,UNTOUCHED,T1,none,24,26,24,26
R00284,0,CLONE_INTERVAL,T3,t3_delete_statement,35,41,35,40
R00284,1,MUTATION,T3,t3_delete_statement,35,35,,
R00284,2,UNTOUCHED,T1,none,30,34,30,34
R00284,3,UNTOUCHED,T1,none,42,45,41,44
R00285,0,CLONE_INTERVAL,T2,t2_change_string_literal,6,13,6,13
R00285,1,MUTATION,T2,t2_change_string_literal,8,8,8,8
R00285,2,UNTOUCHED,T1,none,3,5,3,5
R00285,3,UNTOUCHED,T1,none,14,16,14,16
R00286,0,CLONE_INTERVAL,T1,t1_add_blank_line,77,82,77,83
R00286,1,MUTATION,T1,t1_add_blank_line,,,79,79
R00286,2,UNTOUCHED,T1,none,72,76,72,76
R00286,3,UNTOUCHED,T1,none,83,92,84,93
R00287,0,CLONE_INTERVAL,T1,t1_reindent,10,24,10,24
R00287,1,MUTATION,T1,t1_reindent,10,24,10,24
R00287,2,UNTOUCHED,T1,none,3,9,3,9
R00287,3,UNTOUCHED,T1,none,25,33,25,33
R00288,0,CLONE_INTERVAL,T2,t2_change_int_literal,6,15,6,15
R00288,1,MUTATION,T2,t2_change_int_literal,7,7,7,7
R00288,2,UNTOUCHED,T1,none,3,5,3,5
R00288,3,UNTOUCHED,T1,none,16,21,16,21
R00289,0,CLONE_INTERVAL,T1,t1_add_block_comment,55,69,55,70
R00289,1,MUTATION,T1,t1_add_block_comment,,,59,59
R00289,2,UNTOUCHED,T1,none,47,54,47,54
R00289,3,UNTOUCHED,T1,none,70,72,71,73
R00290,0,CLONE_INTERVAL,T2,t2_change_string_literal,19,25,19,25
R00290,1,MUTATION,T2,t2_change_string_literal,22,22,22,22
R00290,2,UNTOUCHED,T1,none,16,18,16,18
R00290,3,UNTOUCHED,T1,none,26,35,26,35
R00291,0,CLONE_INTERVAL,T3,t3_delete_statement,8,13,7,11
R00291,1,MUTATION,T3,t3_delete_statement,12,12,,
R00291,2,UNTOUCHED,T1,none,4,7,3,6
R00291,3,UNTOUCHED,T1,none,14,18,12,16
R00292,0,CLONE_INTERVAL,T3,t3_insert_statement,72,77,72,78
R00292,1,MUTATION,T3,t3_insert_statement,,,73,73
R00292,2,UNTOUCHED,T1,none,67,71,67,71
R00292,3,UNTOUCHED,T1,none,78,87,79,88
R00293,0,CLONE_INTERVAL,T1,t1_add_block_comment,49,57,59,68
R00293,1,MUTATION,T1,t1_add_block_comment,,,66,66
R00293,2,UNTOUCHED,T1,none,42,48,52,58
R00293,3,UNTOUCHED,T1,none,58,60,69,71
R00294,0,CLONE_INTERVAL,T3,t3_insert_statement,12,18,12,19
R00294,1,MUTATION,T3,t3_insert_statement,,,16,16
R00294,2,UNTOUCHED,T1,none,5,11,5,11
R00294,3,UNTOUCHED,T1,none,19,26,20,27
R00295,0,CLONE_INTERVAL,T1,t1_reindent,6,11,6,11
R00295,1,MUTATION,T1,t1_reindent,6,11,6,11
R00295,2,UNTOUCHED,T1,none,3,5,3,5
R00295,3,UNTOUCHED,T1,none,12,38,12,38
R00296,0,CLONE_INTERVAL,T3,t3_wrap_statement,10,17,10,19
R00296,1,MUTATION,T3,t3_wrap_statement,10,15,10,17
R00296,2,UNTOUCHED,T1,none,3,9,3,9
R00296,3,UNTOUCHED,T1,none,18,22,20,24
R00297,0,CLONE_INTERVAL,T2,t2_change_int_literal,7,13,7,13
R00297,1,MUTATION,T2,t2_change_int_literal,8,8,8,8
R00297,2,UNTOUCHED,T1,none,3,6,3,6
R00297,3,UNTOUCHED,T1,none,14,20,14,20
R00298,0,CLONE_INTERVAL,T3,t3_delete_statement,33,39,33,38
R00298,1,MUTATION,T3,t3_delete_statement,39,39,,
R00298,2,UNTOUCHED,T1,none,30,32,30,32
R00298,3,UNTOUCHED,T1,none,40,42,39,41
R00299,0,CLONE_INTERVAL,T2,t2_change_int_literal,9,17,9,17
R00299,1,MUTATION,T2,t2_change_int_literal,9,9,9,9
R00299,2,UNTOUCHED,T1,none,3,8,3,8
R00299,3,UNTOUCHED,T1,none,18,23,18,23
R00300,0,CLONE_INTERVAL,T1,t1_add_blank_line,6,11,6,12
R00300,1,MUTATION,T1,t1_add_blank_line,,,10,10
R00300,2,UNTOUCHED,T1,none,3,5,3,5
R00300,3,UNTOUCHED,T1,none,12,19,13,20
R00301,0,CLONE_INTERVAL,T3,t3_insert_statement,6,11,6,12
R00301,1,MUTATION,T3,t3_insert_statement,,,9,9
R00301,2,UNTOUCHED,T1,none,3,5,3,5
R00301,3,UNTOUCHED,T1,none,12,19,13,20
R00302,0,CLONE_INTERVAL,T3,t3_delete_statement,24,29,24,28
R00302,1,MUTATION,T3,t3_delete_statement,24,24,,
R00302,2,UNTOUCHED,T1,none,21,23,21,23
R00302,3,UNTOUCHED,T1,none,30,32,29,31
R00303,0,CLONE_INTERVAL,T1,t1_add_blank_line,6,11,6,12
R00303,1,MUTATION,T1,t1_add_blank_line,,,10,10
R00303,2,UNTOUCHED,T1,none,3,5,3,5
R00303,3,UNTOUCHED,T1,none,12,17,13,18
R00304,0,CLONE_INTERVAL,T1,t1_reindent,7,19,7,19
R00304,1,MUTATION,T1,t1_reindent,7,19,7,19
R00304,2,UNTOUCHED,T1,none,3,6,3,6
R00304,3,UNTOUCHED,T1,none,20,22,20,22
R00305,0,CLONE_INTERVAL,T1,t1_add_eol_comment,11,16,11,16
R00305,1,MUTATION,T1,t1_add_eol_comment,15,15,15,15
R00305,2,UNTOUCHED,T1,none,3,10,3,10
R00305,3,UNTOUCHED,T1,none,17,19,17,19
R00306,0,CLONE_INTERVAL,T2,t2_change_string_literal,13,31,13,31
R00306,1,MUTATION,T2,t2_change_string_literal,27,27,27,27
R00306,2,UNTOUCHED,T1,none,10,12,10,12
R00306,3,UNTOUCHED,T1,none,32,34,32,34
R00307,0,CLONE_INTERVAL,T1,t1_add_blank_line,8,20,8,21
R00307,1,MUTATION,T1,t1_add_blank_line,,,19,19
R00307,2,UNTOUCHED,T1,none,3,7,3,7
R00307,3,UNTOUCHED,T1,none,21,31,22,32
R00308,0,CLONE_INTERVAL,T1,t1_add_blank_line,24,33,24,34
R00308,1,MUTATION,T1,t1_add_blank_line,,,25,25
R00308,2,UNTOUCHED,T1,none,19,23,19,23
R00308,3,UNTOUCHED,T1,none,34,36,35,37
R00309,0,CLONE_INTERVAL,T3,t3_wrap_statement,12,17,12,19
R00309,1,MUTATION,T3,t3_wrap_statement,15,15,15,17
R00309,2,UNTOUCHED,T1,none,3,11,3,11
R00309,3,UNTOUCHED,T1,none,18,23,20,25
R00310,0,CLONE_INTERVAL,T1,t1_add_eol_comment,24,31,24,31
R00310,1,MUTATION,T1,t1_add_eol_comment,27,27,27,27
R00310,2,UNTOUCHED,T1,none,12,23,12,23
R00310,3,UNTOUCHED,T1,none,32,39,32,39
R00311,0,CLONE_INTERVAL,T2,t2_rename_local_x2,17,22,17,22
R00311,1,MUTATION,T2,t2_rename_local_x2,19,21,19,21
R00311,2,UNTOUCHED,T1,none,7,16,7,16
R00311,3,UNTOUCHED,T1,none,23,33,23,33
R00312,0,CLONE_INTERVAL,T2,t2_change_string_literal,7,12,7,12
R00312,1,MUTATION,T2,t2_change_string_literal,11,11,11,11
R00312,2,UNTOUCHED,T1,none,3,6,3,6
R00312,3,UNTOUCHED,T1,none,13,43,13,43
R00313,0,CLONE_INTERVAL,T2,t2_change_string_literal,28,41,28,41
R00313,1,MUTATION,T2,t2_change_string_literal,31,31,31,31
R00313,2,UNTOUCHED,T1,none,3,27,3,27
R00313,3,UNTOUCHED,T1,none,42,50,42,50
R00314,0,CLONE_INTERVAL,T3,t3_insert_statement,9,14,9,15
R00314,1,MUTATION,T3,t3_insert_statement,,,10,10
R00314,2,UNTOUCHED,T1,none,5,8,5,8
R00314,3,UNTOUCHED,T1,none,15,30,16,31
R00315,0,CLONE_INTERVAL,T1,t1_reindent,23,28,23,28
R00315,1,MUTATION,T1,t1_reindent,23,28,23,28
R00315,2,UNTOUCHED,T1,none,20,22,20,22
R00315,3,UNTOUCHED,T1,none,29,38,29,38
R00316,0,CLONE_INTERVAL,T1,t1_add_block_comment,8,18,8,19
R00316,1,MUTATION,T1,t1_add_block_comment,,,11,11
R00316,2,UNTOUCHED,T1,none,4,7,4,7
R00316,3,UNTOUCHED,T1,none,19,21,20,22
R00317,0,CLONE_INTERVAL,T1,t1_add_eol_comment,9,14,9,14
R00317,1,MUTATION,T1,t1_add_eol_comment,12,12,12,12
R00317,2,UNTOUCHED,T1,none,4,8,4,8
R00317,3,UNTOUCHED,T1,none,15,17,15,17
R00318,0,CLONE_INTERVAL,T3,t3_delete_statement,10,16,10,15
R00318,1,MUTATION,T3,t3_delete_statement,10,10,,
R00318,2,UNTOUCHED,T1,none,5,9,5,9
R00318,3,UNTOUCHED,T1,none,17,20,16,19
R00319,0,CLONE_INTERVAL,T1,t1_add_eol_comment,89,103,89,103
R00319,1,MUTATION,T1,t1_add_eol_comment,99,99,99,99
R00319,2,UNTOUCHED,T1,none,84,88,84,88
R00319,3,UNTOUCHED,T1,none,104,110,104,110
R00320,0,CLONE_INTERVAL,T3,t3_insert_statement,16,22,16,22
R00320,1,MUTATION,T3,t3_insert_statement,,,23,23
R00320,2,UNTOUCHED,T1,none,3,15,3,15
R00320,3,UNTOUCHED,T1,none,23,34,24,35
R00321,0,CLONE_INTERVAL,T2,t2_change_string_literal,8,18,8,18
R00321,1,MUTATION,T2,t2_change_string_literal,8,8,8,8
R00321,2,UNTOUCHED,T1,none,5,7,5,7
R00321,3,UNTOUCHED,T1,none,19,24,19,24
R00322,0,CLONE_INTERVAL,T3,t3_wrap_statement,13,19,13,21
R00322,1,MUTATION,T3,t3_wrap_statement,16,16,16,18
R00322,2,UNTOUCHED,T1,none,7,12,7,12
R00322,3,UNTOUCHED,T1,none,20,28,22,30
R00323,0,CLONE_INTERVAL,T1,t1_reindent,7,12,7,12
R00323,1,MUTATION,T1,t1_reindent,7,12,7,12
R00323,2,UNTOUCHED,T1,none,3,6,3,6
R00323,3,UNTOUCHED,T1,none,13,17,13,17
R00324,0,CLONE_INTERVAL,T3,t3_insert_statement,15,20,15,21
R00324,1,MUTATION,T3,t3_insert_statement,,,20,20
R00324,2,UNTOUCHED,T1,none,11,14,11,14
R00324,3,UNTOUCHED,T1,none,21,27,22,28
R00325,0,CLONE_INTERVAL,T1,t1_reindent,10,15,10,15
R00325,1,MUTATION,T1,t1_reindent,10,15,10,15
R00325,2,UNTOUCHED,T1,none,7,9,7,9
R00325,3,UNTOUCHED,T1,none,16,25,16,25
R00326,0,CLONE_INTERVAL,T2,t2_rename_local_x1,6,11,6,11
R00326,1,MUTATION,T2,t2_rename_local_x1,7,11,7,11
R00326,2,UNTOUCHED,T1,none,3,5,3,5
R00326,3,UNTOUCHED,T1,none,12,17,12,17
R00327,0,CLONE_INTERVAL,T1,t1_add_blank_line,110,116,110,117
R00327,1,MUTATION,T1,t1_add_blank_line,,,111,111
R00327,2,UNTOUCHED,T1,none,103,109,103,109
R00327,3,UNTOUCHED,T1,none,117,128,118,129
R00328,0,CLONE_INTERVAL,T2,t2_change_string_literal,10,17,10,17
R00328,1,MUTATION,T2,t2_change_string_literal,13,13,13,13
R00328,2,UNTOUCHED,T1,none,5,9,5,9
R00328,3,UNTOUCHED,T1,none,18,27,18,27
R00329,0,CLONE_INTERVAL,T1,t1_reindent,9,14,9,14
R00329,1,MUTATION,T1,t1_reindent,9,14,9,14
R00329,2,UNTOUCHED,T1,none,3,8,3,8
R00329,3,UNTOUCHED,T1,none,15,38,15,38
R00330,0,CLONE_INTERVAL,T1,t1_add_blank_line,29,37,29,38
R00330,1,MUTATION,T1,t1_add_blank_line,,,33,33
R00330,2,UNTOUCHED,T1,none,18,28,18,28
R00330,3,UNTOUCHED,T1,none,38,40,39,41
R00331,0,CLONE_INTERVAL,T3,t3_delete_statement,16,21,16,20
R00331,1,MUTATION,T3,t3_delete_statement,21,21,,
R00331,2,UNTOUCHED,T1,none,13,15,13,15
R00331,3,UNTOUCHED,T1,none,22,28,21,27
R00332,0,CLONE_INTERVAL,T3,t3_insert_statement,71,76,71,77
R00332,1,MUTATION,T3,t3_insert_statement,,,72,72
R00332,2,UNTOUCHED,T1,none,66,70,66,70
R00332,3,UNTOUCHED,T1,none,77,86,78,87
R00333,0,CLONE_INTERVAL,T2,t2_change_string_literal,8,23,8,23
R00333,1,MUTATION,T2,t2_change_string_literal,12,12,12,12
R00333,2,UNTOUCHED,T1,none,3,7,3,7
R00333,3,UNTOUCHED,T1,none,24,29,24,29
R00334,0,CLONE_INTERVAL,T1,t1_add_eol_comment,17,23,17,23
R00334,1,MUTATION,T1,t1_add_eol_comment,21,21,21,21
R00334,2,UNTOUCHED,T1,none,12,16,12,16
R00334,3,UNTOUCHED,T1,none,24,26,24,26
R00335,0,CLONE_INTERVAL,T2,t2_change_string_literal,50,55,50,55
R00335,1,MUTATION,T2,t2_change_string_literal,51,51,51,51
R00335,2,UNTOUCHED,T1,none,11,49,11,49
R00335,3,UNTOUCHED,T1,none,56,60,56,60
R00336,0,CLONE_INTERVAL,T2,t2_rename_local_x1,10,18,10,18
R00336,1,MUTATION,T2,t2_rename_local_x1,11,15,11,15
R00336,2,UNTOUCHED,T1,none,3,9,3,9
R00336,3,UNTOUCHED,T1,none,19,21,19,21
R00337,0,CLONE_INTERVAL,T1,t1_add_blank_line,7,12,7,13
R00337,1,MUTATION,T1,t1_add_blank_line,,,10,10
R00337,2,UNTOUCHED,T1,none,4,6,4,6
R00337,3,UNTOUCHED,T1,none,13,37,14,38
R00338,0,CLONE_INTERVAL,T2,t2_change_string_literal,7,13,7,13
R00338,1,MUTATION,T2,t2_change_string_literal,7,7,7,7
R00338,2,UNTOUCHED,T1,none,3,6,3,6
R00338,3,UNTOUCHED,T1,none,14,16,14,16
R00339,0,CLONE_INTERVAL,T2,t2_change_string_literal,12,23,12,23
R00339,1,MUTATION,T2,t2_change_string_literal,16,16,16,16
R00339,2,UNTOUCHED,T1,none,3,11,3,11
R00339,3,UNTOUCHED,T1,none,24,27,24,27
R00340,0,CLONE_INTERVAL,T2,t2_change_string_literal,8,13,8,13
R00340,1,MUTATION,T2,t2_change_string_literal,8,8,8,8
R00340,2,UNTOUCHED,T1,none,5,7,5,7
R00340,3,UNTOUCHED,T1,none,14,18,14,18
R00341,0,CLONE_INTERVAL,T3,t3_delete_statement,6,18,6,17
R00341,1,MUTATION,T3,t3_delete_statement,8,8,,
R00341,2,UNTOUCHED,T1,none,3,5,3,5
R00341,3,UNTOUCHED,T1,none,19,22,18,21
R00342,0,CLONE_INTERVAL,T3,t3_wrap_statement,7,23,7,25
R00342,1,MUTATION,T3,t3_wrap_statement,11,22,11,23
R00342,2,UNTOUCHED,T1,none,4,6,4,6
R00342,3,UNTOUCHED,T1,none,24,28,26,30
R00343,0,CLONE_INTERVAL,T3,t3_insert_statement,8,13,8,14
R00343,1,MUTATION,T3,t3_insert_statement,,,9,9
R00343,2,UNTOUCHED,T1,none,4,7,4,7
R00343,3,UNTOUCHED,T1,none,14,23,15,24
R00344,0,CLONE_INTERVAL,T3,t3_insert_statement,8,13,8,13
R00344,1,MUTATION,T3,t3_insert_statement,,,14,14
R00344,2,UNTOUCHED,T1,none,5,7,5,7
R00344,3,UNTOUCHED,T1,none,14,25,15,26
R00345,0,CLONE_INTERVAL,T2,t2_change_int_literal,27,35,27,35
R00345,1,MUTATION,T2,t2_change_int_literal,29,29,29,29
R00345,2,UNTOUCHED,T1,none,3,26,3,26
R00345,3,UNTOUCHED,T1,none,36,43,36,43
R00346,0,CLONE_INTERVAL,T3,t3_delete_statement,31,36,30,34
R00346,1,MUTATION,T3,t3_delete_statement,35,35,,
R00346,2,UNTOUCHED,T1,none,22,30,21,29
R00346,3,UNTOUCHED,T1,none,37,39,35,37
R00347,0,CLONE_INTERVAL,T3,t3_wrap_statement,7,14,7,16
R00347,1,MUTATION,T3,t3_wrap_statement,8,11,8,13
R00347,2,UNTOUCHED,T1,none,3,6,3,6
R00347,3,UNTOUCHED,T1,none,15,20,17,22
R00348,0,CLONE_INTERVAL,T1,t1_add_block_comment,6,11,6,12
R00348,1,MUTATION,T1,t1_add_block_comment,,,9,9
R00348,2,UNTOUCHED,T1,none,3,5,3,5
R00348,3,UNTOUCHED,T1,none,12,21,13,22
R00349,0,CLONE_INTERVAL,T2,t2_change_int_literal,6,11,6,11
R00349,1,MUTATION,T2,t2_change_int_literal,8,8,8,8
R00349,2,UNTOUCHED,T1,none,3,5,3,5
R00349,3,UNTOUCHED,T1,none,12,17,12,17
R00350,0,CLONE_INTERVAL,T2,t2_change_int_literal,6,11,6,11
R00350,1,MUTATION,T2,t2_change_int_literal,8,8,8,8
R00350,2,UNTOUCHED,T1,none,3,5,3,5
R00350,3,UNTOUCHED,T1,none,12,18,12,18
R00351,0,CLONE_INTERVAL,T2,t2_rename_local_x1,8,13,8,13
R00351,1,MUTATION,T2,t2_rename_local_x1,8,10,8,10
R00351,2,UNTOUCHED,T1,none,3,7,3,7
R00351,3,UNTOUCHED,T1,none,14,20,14,20
R00352,0,CLONE_INTERVAL,T1,t1_add_block_comment,11,21,11,22
R00352,1,MUTATION,T1,t1_add_block_comment,,,13,13
R00352,2,UNTOUCHED,T1,none,3,10,3,10
R00352,3,UNTOUCHED,T1,none,22,29,23,30
R00353,0,CLONE_INTERVAL,T1,t1_add_eol_comment,12,17,12,17
R00353,1,MUTATION,T1,t1_add_eol_comment,12,12,12,12
R00353,2,UNTOUCHED,T1,none,8,11,8,11
R00353,3,UNTOUCHED,T1,none,18,28,18,28
R00354,0,CLONE_INTERVAL,T1,t1_add_blank_line,7,13,7,14
R00354,1,MUTATION,T1,t1_add_blank_line,,,13,13
R00354,2,UNTOUCHED,T1,none,3,6,3,6
R00354,3,UNTOUCHED,T1,none,14,20,15,21
R00355,0,CLONE_INTERVAL,T3,t3_wrap_statement,7,12,7,14
R00355,1,MUTATION,T3,t3_wrap_statement,8,10,8,12
R00355,2,UNTOUCHED,T1,none,3,6,3,6
R00355,3,UNTOUCHED,T1,none,13,27,15,29
R00356,0,CLONE_INTERVAL,T3,t3_delete_statement,49,54,49,53
R00356,1,MUTATION,T3,t3_delete_statement,54,54,,
R00356,2,UNTOUCHED,T1,none,45,48,45,48
R00356,3,UNTOUCHED,T1,none,55,60,54,59
R00357,0,CLONE_INTERVAL,T2,t2_change_int_literal,8,15,8,15
R00357,1,MUTATION,T2,t2_change_int_literal,8,8,8,8
R00357,2,UNTOUCHED,T1,none,5,7,5,7
R00357,3,UNTOUCHED,T1,none,16,25,16,25
R00358,0,CLONE_INTERVAL,T2,t2_rename_local_x3,8,16,8,16
R00358,1,MUTATION,T2,t2_rename_local_x3,8,14,8,14
R00358,2,UNTOUCHED,T1,none,4,7,4,7
R00358,3,UNTOUCHED,T1,none,17,19,17,19
R00359,0,CLONE_INTERVAL,T1,t1_add_blank_line,9,26,9,27
R00359,1,MUTATION,T1,t1_add_blank_line,,,14,14
R00359,2,UNTOUCHED,T1,none,4,8,4,8
R00359,3,UNTOUCHED,T1,none,27,31,28,32
R00360,0,CLONE_INTERVAL,T2,t2_rename_local_x1,9,18,9,18
R00360,1,MUTATION,T2,t2_rename_local_x1,15,16,15,16
R00360,2,UNTOUCHED,T1,none,3,8,3,8
R00360,3,UNTOUCHED,T1,none,19,32,19,32
R00361,0,CLONE_INTERVAL,T2,t2_rename_local_x1,7,12,7,12
R00361,1,MUTATION,T2,t2_rename_local_x1,7,11,7,11
R00361,2,UNTOUCHED,T1,none,3,6,3,6
R00361,3,UNTOUCHED,T1,none,13,21,13,21
R00362,0,CLONE_INTERVAL,T1,t1_add_blank_line,9,16,9,17
R00362,1,MUTATION,T1,t1_add_blank_line,,,12,12
R00362,2,UNTOUCHED,T1,none,5,8,5,8
R00362,3,UNTOUCHED,T1,none,17,23,18,24
R00363,0,CLONE_INTERVAL,T2,t2_change_int_literal,9,22,9,22
R00363,1,MUTATION,T2,t2_change_int_literal,9,9,9,9
R00363,2,UNTOUCHED,T1,none,3,8,3,8
R00363,3,UNTOUCHED,T1,none,23,29,23,29
R00364,0,CLONE_INTERVAL,T3,t3_insert_statement,7,12,7,13
R00364,1,MUTATION,T3,t3_insert_statement,,,8,8
R00364,2,UNTOUCHED,T1,none,4,6,4,6
R00364,3,UNTOUCHED,T1,none,13,24,14,25
R00365,0,CLONE_INTERVAL,T2,t2_rename_local_x1,7,12,7,12
R00365,1,MUTATION,T2,t2_rename_local_x1,9,11,9,11
R00365,2,UNTOUCHED,T1,none,3,6,3,6
R00365,3,UNTOUCHED,T1,none,13,19,13,19
R00366,0,CLONE_INTERVAL,T3,t3_wrap_statement,8,13,8,15
R00366,1,MUTATION,T3,t3_wrap_statement,9,11,9,13
R00366,2,UNTOUCHED,T1,none,5,7,5,7
R00366,3,UNTOUCHED,T1,none,14,18,16,20
R00367,0,CLONE_INTERVAL,T3,t3_insert_statement,9,14,9,15
R00367,1,MUTATION,T3,t3_insert_statement,,,13,13
R00367,2,UNTOUCHED,T1,none,6,8,6,8
R00367,3,UNTOUCHED,T1,none,15,17,16,18
R00368,0,CLONE_INTERVAL,T2,t2_change_string_literal,19,28,19,28
R00368,1,MUTATION,T2,t2_change_string_literal,20,20,20,20
R00368,2,UNTOUCHED,T1,none,4,18,4,18
R00368,3,UNTOUCHED,T1,none,29,35,29,35
R00369,0,CLONE_INTERVAL,T1,t1_add_block_comment,7,12,7,13
R00369,1,MUTATION,T1,t1_add_block_comment,,,12,12
R00369,2,UNTOUCHED,T1,none,3,6,3,6
R00369,3,UNTOUCHED,T1,none,13,15,14,16
R00370,0,CLONE_INTERVAL,T3,t3_insert_statement,9,15,9,16
R00370,1,MUTATION,T3,t3_insert_statement,,,10,10
R00370,2,UNTOUCHED,T1,none,6,8,6,8
R00370,3,UNTOUCHED,T1,none,16,22,17,23
R00371,0,CLONE_INTERVAL,T3,t3_wrap_statement,16,21,16,23
R00371,1,MUTATION,T3,t3_wrap_statement,16,16,16,18
R00371,2,UNTOUCHED,T1,none,12,15,12,15
R00371,3,UNTOUCHED,T1,none,22,45,24,47
R00372,0,CLONE_INTERVAL,T1,t1_add_eol_comment,38,43,38,43
R00372,1,MUTATION,T1,t1_add_eol_comment,40,40,40,40
R00372,2,UNTOUCHED,T1,none,28,37,28,37
R00372,3,UNTOUCHED,T1,none,44,76,44,76
R00373,0,CLONE_INTERVAL,T1,t1_add_eol_comment,7,12,7,12
R00373,1,MUTATION,T1,t1_add_eol_comment,8,8,8,8
R00373,2,UNTOUCHED,T1,none,3,6,3,6
R00373,3,UNTOUCHED,T1,none,13,15,13,15
R00374,0,CLONE_INTERVAL,T1,t1_add_blank_line,14,39,14,40
R00374,1,MUTATION,T1,t1_add_blank_line,,,27,27
R00374,2,UNTOUCHED,T1,none,3,13,3,13
R00374,3,UNTOUCHED,T1,none,40,42,41,43
R00375,0,CLONE_INTERVAL,T1,t1_add_eol_comment,15,22,15,22
R00375,1,MUTATION,T1,t1_add_eol_comment,18,18,18,18
R00375,2,UNTOUCHED,T1,none,3,14,3,14
R00375,3,UNTOUCHED,T1,none,23,28,23,28
R00376,0,CLONE_INTERVAL,T2,t2_rename_local_x2,8,13,8,13
R00376,1,MUTATION,T2,t2_rename_local_x2,8,13,8,13
R00376,2,UNTOUCHED,T1,none,5,7,5,7
R00376,3,UNTOUCHED,T1,none,14,22,14,22
R00377,0,CLONE_INTERVAL,T2,t2_change_int_literal,11,18,11,18
R00377,1,MUTATION,T2,t2_change_int_literal,11,11,11,11
R00377,2,UNTOUCHED,T1,none,5,10,5,10
R00377,3,UNTOUCHED,T1,none,19,24,19,24
R00378,0,CLONE_INTERVAL,T2,t2_rename_local_x3,8,15,8,15
R00378,1,MUTATION,T2,t2_rename_local_x3,8,15,8,15
R00378,2,UNTOUCHED,T1,none,5,7,5,7
R00378,3,UNTOUCHED,T1,none,16,18,16,18
R00379,0,CLONE_INTERVAL,T2,t2_change_string_literal,6,11,6,11
R00379,1,MUTATION,T2,t2_change_string_literal,6,6,6,6
R00379,2,UNTOUCHED,T1,none,3,5,3,5
R00379,3,UNTOUCHED,T1,none,12,14,12,14
R00380,0,CLONE_INTERVAL,T3,t3_delete_statement,10,15,10,14
R00380,1,MUTATION,T3,t3_delete_statement,15,15,,
R00380,2,UNTOUCHED,T1,none,5,9,5,9
R00380,3,UNTOUCHED,T1,none,16,41,15,40
R00381,0,CLONE_INTERVAL,T3,t3_wrap_statement,8,17,8,19
R00381,1,MUTATION,T3,t3_wrap_statement,8,8,8,10
R00381,2,UNTOUCHED,T1,none,3,7,3,7
R00381,3,UNTOUCHED,T1,none,18,24,20,26
R00382,0,CLONE_INTERVAL,T2,t2_rename_local_x1,7,16,7,16
R00382,1,MUTATION,T2,t2_rename_local_x1,10,11,10,11
R00382,2,UNTOUCHED,T1,none,3,6,3,6
R00382,3,UNTOUCHED,T1,none,17,33,17,33
R00383,0,CLONE_INTERVAL,T2,t2_rename_local_x3,7,13,7,13
R00383,1,MUTATION,T2,t2_rename_local_x3,9,12,9,12
R00383,2,UNTOUCHED,T1,none,3,6,3,6
R00383,3,UNTOUCHED,T1,none,14,19,14,19
R00384,0,CLONE_INTERVAL,T3,t3_wrap_statement,11,17,11,19
R00384,1,MUTATION,T3,t3_wrap_statement,11,17,11,19
R00384,2,UNTOUCHED,T1,none,5,10,5,10
R00384,3,UNTOUCHED,T1,none,18,21,20,23
R00385,0,CLONE_INTERVAL,T2,t2_rename_local_x1,6,11,6,11
R00385,1,MUTATION,T2,t2_rename_local_x1,6,11,6,11
R00385,2,UNTOUCHED,T1,none,3,5,3,5
R00385,3,UNTOUCHED,T1,none,12,17,12,17
R00386,0,CLONE_INTERVAL,T3,t3_delete_statement,12,21,12,20
R00386,1,MUTATION,T3,t3_delete_statement,12,12,,
R00386,2,UNTOUCHED,T1,none,3,11,3,11
R00386,3,UNTOUCHED,T1,none,22,27,21,26
R00387,0,CLONE_INTERVAL,T2,t2_change_string_literal,22,29,22,29
R00387,1,MUTATION,T2,t2_change_string_literal,24,24,24,24
R00387,2,UNTOUCHED,T1,none,18,21,18,21
R00387,3,UNTOUCHED,T1,none,30,40,30,40
R00388,0,CLONE_INTERVAL,T1,t1_add_eol_comment,10,19,10,19
R00388,1,MUTATION,T1,t1_add_eol_comment,11,11,11,11
R00388,2,UNTOUCHED,T1,none,3,9,3,9
R00388,3,UNTOUCHED,T1,none,20,26,20,26
R00389,0,CLONE_INTERVAL,T3,t3_delete_statement,11,16,11,15
R00389,1,MUTATION,T3,t3_delete_statement,13,13,,
R00389,2,UNTOUCHED,T1,none,6,10,6,10
R00389,3,UNTOUCHED,T1,none,17,19,16,18
R00390,0,CLONE_INTERVAL,T1,t1_add_blank_line,13,21,13,22
R00390,1,MUTATION,T1,t1_add_blank_line,,,16,16
R00390,2,UNTOUCHED,T1,none,3,12,3,12
R00390,3,UNTOUCHED,T1,none,22,24,23,25
R00391,0,CLONE_INTERVAL,T1,t1_reindent,14,20,14,20
R00391,1,MUTATION,T1,t1_reindent,14,20,14,20
R00391,2,UNTOUCHED,T1,none,3,13,3,13
R00391,3,UNTOUCHED,T1,none,21,24,21,24
R00392,0,CLONE_INTERVAL,T2,t2_change_int_literal,7,12,7,12
R00392,1,MUTATION,T2,t2_change_int_literal,10,10,10,10
R00392,2,UNTOUCHED,T1,none,4,6,4,6
R00392,3,UNTOUCHED,T1,none,13,19,13,19
R00393,0,CLONE_INTERVAL,T1,t1_add_eol_comment,7,12,7,12
R00393,1,MUTATION,T1,t1_add_eol_comment,9,9,9,9
R00393,2,UNTOUCHED,T1,none,4,6,4,6
R00393,3,UNTOUCHED,T1,none,13,23,13,23
R00394,0,CLONE_INTERVAL,T1,t1_add_block_comment,32,37,32,38
R00394,1,MUTATION,T1,t1_add_block_comment,,,33,33
R00394,2,UNTOUCHED,T1,none,26,31,26,31
R00394,3,UNTOUCHED,T1,none,38,40,39,41
R00395,0,CLONE_INTERVAL,T2,t2_change_int_literal,6,15,6,15
R00395,1,MUTATION,T2,t2_change_int_literal,8,8,8,8
R00395,2,UNTOUCHED,T1,none,3,5,3,5
R00395,3,UNTOUCHED,T1,none,16,20,16,20
R00396,0,CLONE_INTERVAL,T3,t3_delete_statement,8,13,7,11
R00396,1,MUTATION,T3,t3_delete_statement,10,10,,
R00396,2,UNTOUCHED,T1,none,4,7,3,6
R00396,3,UNTOUCHED,T1,none,14,21,12,19
R00397,0,CLONE_INTERVAL,T2,t2_change_int_literal,6,11,6,11
R00397,1,MUTATION,T2,t2_change_int_literal,7,7,7,7
R00397,2,UNTOUCHED,T1,none,3,5,3,5
R00397,3,UNTOUCHED,T1,none,12,21,12,21
R00398,0,CLONE_INTERVAL,T2,t2_change_int_literal,7,16,7,16
R00398,1,MUTATION,T2,t2_change_int_literal,7,7,7,7
R00398,2,UNTOUCHED,T1,none,3,6,3,6
R00398,3,UNTOUCHED,T1,none,17,23,17,23
R00399,0,CLONE_INTERVAL,T3,t3_wrap_statement,9,14,9,16
R00399,1,MUTATION,T3,t3_wrap_statement,10,13,10,15
R00399,2,UNTOUCHED,T1,none,3,8,3,8
R00399,3,UNTOUCHED,T1,none,15,24,17,26
R00400,0,CLONE_INTERVAL,T3,t3_wrap_statement,9,17,9,19
R00400,1,MUTATION,T3,t3_wrap_statement,12,12,12,14
R00400,2,UNTOUCHED,T1,none,4,8,4,8
R00400,3,UNTOUCHED,T1,none,18,28,20,30
R00401,0,CLONE_INTERVAL,T1,t1_add_block_comment,12,18,12,19
R00401,1,MUTATION,T1,t1_add_block_comment,,,17,17
R00401,2,UNTOUCHED,T1,none,5,11,5,11
R00401,3,UNTOUCHED,T1,none,19,23,20,24
R00402,0,CLONE_INTERVAL,T3,t3_wrap_statement,8,13,8,15
R00402,1,MUTATION,T3,t3_wrap_statement,11,12,11,14
R00402,2,UNTOUCHED,T1,none,3,7,3,7
R00402,3,UNTOUCHED,T1,none,14,16,16,18
R00403,0,CLONE_INTERVAL,T2,t2_change_string_literal,8,13,8,13
R00403,1,MUTATION,T2,t2_change_string_literal,10,10,10,10
R00403,2,UNTOUCHED,T1,none,5,7,5,7
R00403,3,UNTOUCHED,T1,none,14,22,14,22
R00404,0,CLONE_INTERVAL,T1,t1_reindent,11,16,11,16
R00404,1,MUTATION,T1,t1_reindent,11,16,11,16
R00404,2,UNTOUCHED,T1,none,5,10,5,10
R00404,3,UNTOUCHED,T1,none,17,26,17,26
R00405,0,CLONE_INTERVAL,T1,t1_reindent,11,24,11,24
R00405,1,MUTATION,T1,t1_reindent,11,24,11,24
R00405,2,UNTOUCHED,T1,none,3,10,3,10
R00405,3,UNTOUCHED,T1,none,25,30,25,30
R00406,0,CLONE_INTERVAL,T1,t1_add_blank_line,193,199,193,200
R00406,1,MUTATION,T1,t1_add_blank_line,,,196,196
R00406,2,UNTOUCHED,T1,none,189,192,189,192
R00406,3,UNTOUCHED,T1,none,200,214,201,215
R00407,0,CLONE_INTERVAL,T3,t3_insert_statement,7,12,7,13
R00407,1,MUTATION,T3,t3_insert_statement,,,12,12
R00407,2,UNTOUCHED,T1,none,4,6,4,6
R00407,3,UNTOUCHED,T1,none,13,17,14,18
R00408,0,CLONE_INTERVAL,T3,t3_delete_statement,10,15,10,14
R00408,1,MUTATION,T3,t3_delete_statement,10,10,,
R00408,2,UNTOUCHED,T1,none,4,9,4,9
R00408,3,UNTOUCHED,T1,none,16,18,15,17
R00409,0,CLONE_INTERVAL,T1,t1_add_block_comment,15,20,15,21
R00409,1,MUTATION,T1,t1_add_block_comment,,,18,18
R00409,2,UNTOUCHED,T1,none,3,14,3,14
R00409,3,UNTOUCHED,T1,none,21,38,22,39
R00410,0,CLONE_INTERVAL,T2,t2_rename_local_x1,11,16,11,16
R00410,1,MUTATION,T2,t2_rename_local_x1,11,12,11,12
R00410,2,UNTOUCHED,T1,none,7,10,7,10
R00410,3,UNTOUCHED,T1,none,17,19,17,19
R00411,0,CLONE_INTERVAL,T3,t3_insert_statement,6,11,6,12
R00411,1,MUTATION,T3,t3_insert_statement,,,7,7
R00411,2,UNTOUCHED,T1,none,3,5,3,5
R00411,3,UNTOUCHED,T1,none,12,20,13,21
R00412,0,CLONE_INTERVAL,T2,t2_change_string_literal,7,24,7,24
R00412,1,MUTATION,T2,t2_change_string_literal,11,11,11,11
R00412,2,UNTOUCHED,T1,none,3,6,3,6
R00412,3,UNTOUCHED,T1,none,25,45,25,45
R00413,0,CLONE_INTERVAL,T1,t1_add_blank_line,13,20,13,21
R00413,1,MUTATION,T1,t1_add_blank_line,,,15,15
R00413,2,UNTOUCHED,T1,none,3,12,3,12
R00413,3,UNTOUCHED,T1,none,21,30,22,31
R00414,0,CLONE_INTERVAL,T1,t1_add_blank_line,8,13,8,14
R00414,1,MUTATION,T1,t1_add_blank_line,,,10,10
R00414,2,UNTOUCHED,T1,none,4,7,4,7
R00414,3,UNTOUCHED,T1,none,14,17,15,18
R00415,0,CLONE_INTERVAL,T3,t3_insert_statement,8,15,8,15
R00415,1,MUTATION,T3,t3_insert_statement,,,16,16
R00415,2,UNTOUCHED,T1,none,5,7,5,7
R00415,3,UNTOUCHED,T1,none,16,23,17,24
R00416,0,CLONE_INTERVAL,T2,t2_change_int_literal,23,30,23,30
R00416,1,MUTATION,T2,t2_change_int_literal,23,23,23,23
R00416,2,UNTOUCHED,T1,none,3,22,3,22
R00416,3,UNTOUCHED,T1,none,31,45,31,45
R00417,0,CLONE_INTERVAL,T1,t1_add_eol_comment,6,13,6,13
R00417,1,MUTATION,T1,t1_add_eol_comment,9,9,9,9
R00417,2,UNTOUCHED,T1,none,3,5,3,5
R00417,3,UNTOUCHED,T1,none,14,35,14,35
R00418,0,CLONE_INTERVAL,T3,t3_delete_statement,10,15,9,13
R00418,1,MUTATION,T3,t3_delete_statement,15,15,,
R00418,2,UNTOUCHED,T1,none,6,9,5,8
R00418,3,UNTOUCHED,T1,none,16,21,14,19
R00419,0,CLONE_INTERVAL,T2,t2_change_string_literal,10,15,10,15
R00419,1,MUTATION,T2,t2_change_string_literal,10,10,10,10
R00419,2,UNTOUCHED,T1,none,4,9,4,9
R00419,3,UNTOUCHED,T1,none,16,18,16,18
R00420,0,CLONE_INTERVAL,T3,t3_delete_statement,10,15,10,14
R00420,1,MUTATION,T3,t3_delete_statement,15,15,,
R00420,2,UNTOUCHED,T1,none,6,9,6,9
R00420,3,UNTOUCHED,T1,none,16,20,15,19
R00421,0,CLONE_INTERVAL,T3,t3_delete_statement,7,22,7,21
R00421,1,MUTATION,T3,t3_delete_statement,9,9,,
R00421,2,UNTOUCHED,T1,none,3,6,3,6
R00421,3,UNTOUCHED,T1,none,23,28,22,27
R00422,0,CLONE_INTERVAL,T1,t1_add_eol_comment,6,11,6,11
R00422,1,MUTATION,T1,t1_add_eol_comment,11,11,11,11
R00422,2,UNTOUCHED,T1,none,3,5,3,5
R00422,3,UNTOUCHED,T1,none,12,19,12,19
R00423,0,CLONE_INTERVAL,T3,t3_insert_statement,6,11,6,12
R00423,1,MUTATION,T3,t3_insert_statement,,,11,11
R00423,2,UNTOUCHED,T1,none,3,5,3,5
R00423,3,UNTOUCHED,T1,none,12,15,13,16
R00424,0,CLONE_INTERVAL,T2,t2_change_int_literal,28,36,28,36
R00424,1,MUTATION,T2,t2_change_int_literal,29,29,29,29
R00424,2,UNTOUCHED,T1,none,19,27,19,27
R00424,3,UNTOUCHED,T1,none,37,54,37,54
R00425,0,CLONE_INTERVAL,T2,t2_rename_local_x2,6,13,6,13
R00425,1,MUTATION,T2,t2_rename_local_x2,9,12,9,12
R00425,2,UNTOUCHED,T1,none,3,5,3,5
R00425,3,UNTOUCHED,T1,none,14,16,14,16
R00426,0,CLONE_INTERVAL,T3,t3_wrap_statement,6,13,6,15
R00426,1,MUTATION,T3,t3_wrap_statement,9,12,9,14
R00426,2,UNTOUCHED,T1,none,3,5,3,5
R00426,3,UNTOUCHED,T1,none,14,24,16,26
R00427,0,CLONE_INTERVAL,T2,t2_change_int_literal,9,15,9,15
R00427,1,MUTATION,T2,t2_change_int_literal,9,9,9,9
R00427,2,UNTOUCHED,T1,none,3,8,3,8
R00427,3,UNTOUCHED,T1,none,16,18,16,18
R00428,0,CLONE_INTERVAL,T3,t3_delete_statement,10,16,10,15
R00428,1,MUTATION,T3,t3_delete_statement,10,10,,
R00428,2,UNTOUCHED,T1,none,4,9,4,9
R00428,3,UNTOUCHED,T1,none,17,20,16,19
R00429,0,CLONE_INTERVAL,T2,t2_rename_local_x3,6,19,6,19
R00429,1,MUTATION,T2,t2_rename_local_x3,6,17,6,17
R00429,2,UNTOUCHED,T1,none,3,5,3,5
R00429,3,UNTOUCHED,T1,none,20,25,20,25
R00430,0,CLONE_INTERVAL,T3,t3_wrap_statement,12,22,12,24
R00430,1,MUTATION,T3,t3_wrap_statement,13,22,13,24
R00430,2,UNTOUCHED,T1,none,4,11,4,11
R00430,3,UNTOUCHED,T1,none,23,25,25,27
R00431,0,CLONE_INTERVAL,T3,t3_delete_statement,9,14,8,12
R00431,1,MUTATION,T3,t3_delete_statement,13,13,,
R00431,2,UNTOUCHED,T1,none,6,8,5,7
R00431,3,UNTOUCHED,T1,none,15,19,13,17
R00432,0,CLONE_INTERVAL,T1,t1_add_eol_comment,6,11,6,11
R00432,1,MUTATION,T1,t1_add_eol_comment,8,8,8,8
R00432,2,UNTOUCHED,T1,none,3,5,3,5
R00432,3,UNTOUCHED,T1,none,12,21,12,21
R00433,0,CLONE_INTERVAL,T2,t2_change_int_literal,9,14,9,14
R00433,1,MUTATION,T2,t2_change_int_literal,12,12,12,12
R00433,2,UNTOUCHED,T1,none,3,8,3,8
R00433,3,UNTOUCHED,T1,none,15,17,15,17
R00434,0,CLONE_INTERVAL,T3,t3_wrap_statement,8,17,8,19
R00434,1,MUTATION,T3,t3_wrap_statement,11,15,11,17
R00434,2,UNTOUCHED,T1,none,3,7,3,7
R00434,3,UNTOUCHED,T1,none,18,24,20,26
R00435,0,CLONE_INTERVAL,T1,t1_add_blank_line,28,33,28,34
R00435,1,MUTATION,T1,t1_add_blank_line,,,31,31
R00435,2,UNTOUCHED,T1,none,21,27,21,27
R00435,3,UNTOUCHED,T1,none,34,60,35,61
R00436,0,CLONE_INTERVAL,T1,t1_add_eol_comment,13,18,13,18
R00436,1,MUTATION,T1,t1_add_eol_comment,16,16,16,16
R00436,2,UNTOUCHED,T1,none,3,12,3,12
R00436,3,UNTOUCHED,T1,none,19,24,19,24
R00437,0,CLONE_INTERVAL,T1,t1_add_blank_line,21,27,21,28
R00437,1,MUTATION,T1,t1_add_blank_line,,,22,22
R00437,2,UNTOUCHED,T1,none,18,20,18,20
R00437,3,UNTOUCHED,T1,none,28,43,29,44
R00438,0,CLONE_INTERVAL,T1,t1_add_block_comment,7,12,7,13
R00438,1,MUTATION,T1,t1_add_block_comment,,,8,8
R00438,2,UNTOUCHED,T1,none,4,6,4,6
R00438,3,UNTOUCHED,T1,none,13,26,14,27
R00439,0,CLONE_INTERVAL,T2,t2_rename_local_x1,7,14,7,14
R00439,1,MUTATION,T2,t2_rename_local_x1,7,8,7,8
R00439,2,UNTOUCHED,T1,none,3,6,3,6
R00439,3,UNTOUCHED,T1,none,15,25,15,25
R00440,0,CLONE_INTERVAL,T2,t2_rename_local_x2,7,12,7,12
R00440,1,MUTATION,T2,t2_rename_local_x2,7,10,7,10
R00440,2,UNTOUCHED,T1,none,4,6,4,6
R00440,3,UNTOUCHED,T1,none,13,19,13,19
R00441,0,CLONE_INTERVAL,T3,t3_wrap_statement,6,12,6,14
R00441,1,MUTATION,T3,t3_wrap_statement,9,11,9,13
R00441,2,UNTOUCHED,T1,none,3,5,3,5
R00441,3,UNTOUCHED,T1,none,13,20,15,22
R00442,0,CLONE_INTERVAL,T3,t3_delete_statement,9,17,9,16
R00442,1,MUTATION,T3,t3_delete_statement,10,10,,
R00442,2,UNTOUCHED,T1,none,3,8,3,8
R00442,3,UNTOUCHED,T1,none,18,30,17,29
R00443,0,CLONE_INTERVAL,T1,t1_add_eol_comment,7,13,7,13
R00443,1,MUTATION,T1,t1_add_eol_comment,11,11,11,11
R00443,2,UNTOUCHED,T1,none,3,6,3,6
R00443,3,UNTOUCHED,T1,none,14,28,14,28
R00444,0,CLONE_INTERVAL,T2,t2_rename_local_x3,7,16,7,16
R00444,1,MUTATION,T2,t2_rename_local_x3,8,13,8,13
R00444,2,UNTOUCHED,T1,none,3,6,3,6
R00444,3,UNTOUCHED,T1,none,17,22,17,22
R00445,0,CLONE_INTERVAL,T3,t3_delete_statement,6,11,6,10
R00445,1,MUTATION,T3,t3_delete_statement,10,10,,
R00445,2,UNTOUCHED,T1,none,3,5,3,5
R00445,3,UNTOUCHED,T1,none,12,21,11,20
R00446,0,CLONE_INTERVAL,T2,t2_rename_local_x3,9,17,9,17
R00446,1,MUTATION,T2,t2_rename_local_x3,9,16,9,16
R00446,2,UNTOUCHED,T1,none,6,8,6,8
R00446,3,UNTOUCHED,T1,none,18,26,18,26
R00447,0,CLONE_INTERVAL,T2,t2_change_string_literal,6,24,6,24
R00447,1,MUTATION,T2,t2_change_string_literal,11,11,11,11
R00447,2,UNTOUCHED,T1,none,3,5,3,5
R00447,3,UNTOUCHED,T1,none,25,45,25,45
R00448,0,CLONE_INTERVAL,T2,t2_change_string_literal,7,13,7,13
R00448,1,MUTATION,T2,t2_change_string_literal,10,10,10,10
R00448,2,UNTOUCHED,T1,none,3,6,3,6
R00448,3,UNTOUCHED,T1,none,14,18,14,18
R00449,0,CLONE_INTERVAL,T2,t2_change_int_literal,6,11,6,11
R00449,1,MUTATION,T2,t2_change_int_literal,8,8,8,8
R00449,2,UNTOUCHED,T1,none,3,5,3,5
R00449,3,UNTOUCHED,T1,none,12,17,12,17
R00450,0,CLONE_INTERVAL,T2,t2_change_string_literal,8,20,8,20
R00450,1,MUTATION,T2,t2_change_string_literal,16,16,16,16
R00450,2,UNTOUCHED,T1,none,4,7,4,7
R00450,3,UNTOUCHED,T1,none,21,30,21,30
R00451,0,CLONE_INTERVAL,T2,t2_rename_local_x1,10,15,10,15
R00451,1,MUTATION,T2,t2_rename_local_x1,10,15,10,15
R00451,2,UNTOUCHED,T1,none,4,9,4,9
R00451,3,UNTOUCHED,T1,none,16,19,16,19
R00452,0,CLONE_INTERVAL,T3,t3_wrap_statement,54,59,54,61
R00452,1,MUTATION,T3,t3_wrap_statement,55,57,55,59
R00452,2,UNTOUCHED,T1,none,49,53,49,53
R00452,3,UNTOUCHED,T1,none,60,69,62,71
R00453,0,CLONE_INTERVAL,T2,t2_rename_local_x1,7,16,7,16
R00453,1,MUTATION,T2,t2_rename_local_x1,8,8,8,8
R00453,2,UNTOUCHED,T1,none,3,6,3,6
R00453,3,UNTOUCHED,T1,none,17,24,17,24
R00454,0,CLONE_INTERVAL,T2,t2_change_string_literal,16,22,15,21
R00454,1,MUTATION,T2,t2_change_string_literal,19,19,18,18
R00454,2,UNTOUCHED,T1,none,11,15,10,14
R00454,3,UNTOUCHED,T1,none,23,33,22,32
R00455,0,CLONE_INTERVAL,T3,t3_wrap_statement,7,13,7,15
R00455,1,MUTATION,T3,t3_wrap_statement,7,7,7,9
R00455,2,UNTOUCHED,T1,none,4,6,4,6
R00455,3,UNTOUCHED,T1,none,14,28,16,30
R00456,0,CLONE_INTERVAL,T2,t2_rename_local_x1,14,22,14,22
R00456,1,MUTATION,T2,t2_rename_local_x1,14,16,14,16
R00456,2,UNTOUCHED,T1,none,8,13,8,13
R00456,3,UNTOUCHED,T1,none,23,31,23,31
R00457,0,CLONE_INTERVAL,T2,t2_change_string_literal,6,12,6,12
R00457,1,MUTATION,T2,t2_change_string_literal,10,10,10,10
R00457,2,UNTOUCHED,T1,none,3,5,3,5
R00457,3,UNTOUCHED,T1,none,13,18,13,18
R00458,0,CLONE_INTERVAL,T3,t3_delete_statement,13,32,13,31
R00458,1,MUTATION,T3,t3_delete_statement,14,14,,
R00458,2,UNTOUCHED,T1,none,7,12,7,12
R00458,3,UNTOUCHED,T1,none,33,35,32,34
R00459,0,CLONE_INTERVAL,T1,t1_add_blank_line,8,13,8,14
R00459,1,MUTATION,T1,t1_add_blank_line,,,10,10
R00459,2,UNTOUCHED,T1,none,3,7,3,7
R00459,3,UNTOUCHED,T1,none,14,18,15,19
R00460,0,CLONE_INTERVAL,T3,t3_wrap_statement,9,22,9,24
R00460,1,MUTATION,T3,t3_wrap_statement,12,20,12,21
R00460,2,UNTOUCHED,T1,none,4,8,4,8
R00460,3,UNTOUCHED,T1,none,23,27,25,29
R00461,0,CLONE_INTERVAL,T1,t1_reindent,6,11,6,11
R00461,1,MUTATION,T1,t1_reindent,6,11,6,11
R00461,2,UNTOUCHED,T1,none,3,5,3,5
R00461,3,UNTOUCHED,T1,none,12,20,12,20
R00462,0,CLONE_INTERVAL,T1,t1_add_block_comment,7,12,7,13
R00462,1,MUTATION,T1,t1_add_block_comment,,,9,9
R00462,2,UNTOUCHED,T1,none,3,6,3,6
R00462,3,UNTOUCHED,T1,none,13,25,14,26
R00463,0,CLONE_INTERVAL,T2,t2_change_string_literal,8,18,8,18
R00463,1,MUTATION,T2,t2_change_string_literal,11,11,11,11
R00463,2,UNTOUCHED,T1,none,5,7,5,7
R00463,3,UNTOUCHED,T1,none,19,22,19,22
R00464,0,CLONE_INTERVAL,T2,t2_rename_local_x3,8,17,8,17
R00464,1,MUTATION,T2,t2_rename_local_x3,12,15,12,15
R00464,2,UNTOUCHED,T1,none,3,7,3,7
R00464,3,UNTOUCHED,T1,none,18,26,18,26
R00465,0,CLONE_INTERVAL,T2,t2_change_int_literal,10,16,10,16
R00465,1,MUTATION,T2,t2_change_int_literal,11,11,11,11
R00465,2,UNTOUCHED,T1,none,7,9,7,9
R00465,3,UNTOUCHED,T1,none,17,19,17,19
R00466,0,CLONE_INTERVAL,T1,t1_add_eol_comment,12,21,12,21
R00466,1,MUTATION,T1,t1_add_eol_comment,15,15,15,15
R00466,2,UNTOUCHED,T1,none,3,11,3,11
R00466,3,UNTOUCHED,T1,none,22,40,22,40
R00467,0,CLONE_INTERVAL,T1,t1_reindent,7,13,7,13
R00467,1,MUTATION,T1,t1_reindent,7,13,7,13
R00467,2,UNTOUCHED,T1,none,3,6,3,6
R00467,3,UNTOUCHED,T1,none,14,22,14,22
R00468,0,CLONE_INTERVAL,T1,t1_add_blank_line,9,18,9,19
R00468,1,MUTATION,T1,t1_add_blank_line,,,11,11
R00468,2,UNTOUCHED,T1,none,3,8,3,8
R00468,3,UNTOUCHED,T1,none,19,25,20,26
R00469,0,CLONE_INTERVAL,T3,t3_wrap_statement,10,15,10,17
R00469,1,MUTATION,T3,t3_wrap_statement,11,11,11,13
R00469,2,UNTOUCHED,T1,none,3,9,3,9
R00469,3,UNTOUCHED,T1,none,16,21,18,23
R00470,0,CLONE_INTERVAL,T2,t2_change_int_literal,11,18,11,18
R00470,1,MUTATION,T2,t2_change_int_literal,11,11,11,11
R00470,2,UNTOUCHED,T1,none,3,10,3,10
R00470,3,UNTOUCHED,T1,none,19,22,19,22
R00471,0,CLONE_INTERVAL,T2,t2_rename_local_x1,24,29,24,29
R00471,1,MUTATION,T2,t2_rename_local_x1,24,25,24,25
R00471,2,UNTOUCHED,T1,none,21,23,21,23
R00471,3,UNTOUCHED,T1,none,30,38,30,38
R00472,0,CLONE_INTERVAL,T1,t1_reindent,9,17,9,17
R00472,1,MUTATION,T1,t1_reindent,9,17,9,17
R00472,2,UNTOUCHED,T1,none,3,8,3,8
R00472,3,UNTOUCHED,T1,none,18,22,18,22
R00473,0,CLONE_INTERVAL,T2,t2_change_string_literal,7,31,7,31
R00473,1,MUTATION,T2,t2_change_string_literal,7,7,7,7
R00473,2,UNTOUCHED,T1,none,3,6,3,6
R00473,3,UNTOUCHED,T1,none,32,34,32,34
R00474,0,CLONE_INTERVAL,T3,t3_delete_statement,7,16,7,15
R00474,1,MUTATION,T3,t3_delete_statement,8,8,,
R00474,2,UNTOUCHED,T1,none,3,6,3,6
R00474,3,UNTOUCHED,T1,none,17,28,16,27
R00475,0,CLONE_INTERVAL,T1,t1_add_blank_line,6,11,6,12
R00475,1,MUTATION,T1,t1_add_blank_line,,,7,7
R00475,2,UNTOUCHED,T1,none,3,5,3,5
R00475,3,UNTOUCHED,T1,none,12,19,13,20
R00476,0,CLONE_INTERVAL,T2,t2_change_string_literal,7,15,7,15
R00476,1,MUTATION,T2,t2_change_string_literal,10,10,10,10
R00476,2,UNTOUCHED,T1,none,3,6,3,6
R00476,3,UNTOUCHED,T1,none,16,18,16,18
R00477,0,CLONE_INTERVAL,T1,t1_add_blank_line,8,13,8,14
R00477,1,MUTATION,T1,t1_add_blank_line,,,12,12
R00477,2,UNTOUCHED,T1,none,3,7,3,7
R00477,3,UNTOUCHED,T1,none,14,21,15,22
R00478,0,CLONE_INTERVAL,T1,t1_add_eol_comment,18,27,18,27
R00478,1,MUTATION,T1,t1_add_eol_comment,18,18,18,18
R00478,2,UNTOUCHED,T1,none,9,17,9,17
R00478,3,UNTOUCHED,T1,none,28,48,28,48
R00479,0,CLONE_INTERVAL,T3,t3_delete_statement,6,11,6,10
R00479,1,MUTATION,T3,t3_delete_statement,8,8,,
R00479,2,UNTOUCHED,T1,none,3,5,3,5
R00479,3,UNTOUCHED,T1,none,12,29,11,28
R00480,0,CLONE_INTERVAL,T1,t1_add_block_comment,6,11,6,12
R00480,1,MUTATION,T1,t1_add_block_comment,,,9,9
R00480,2,UNTOUCHED,T1,none,3,5,3,5
R00480,3,UNTOUCHED,T1,none,12,37,13,38
R00481,0,CLONE_INTERVAL,T1,t1_reindent,10,16,10,16
R00481,1,MUTATION,T1,t1_reindent,10,16,10,16
R00481,2,UNTOUCHED,T1,none,3,9,3,9
R00481,3,UNTOUCHED,T1,none,17,21,17,21
R00482,0,CLONE_INTERVAL,T1,t1_add_block_comment,49,55,14,21
R00482,1,MUTATION,T1,t1_add_block_comment,,,20,20
R00482,2,UNTOUCHED,T1,none,38,48,3,13
R00482,3,UNTOUCHED,T1,none,56,58,22,24
R00483,0,CLONE_INTERVAL,T2,t2_change_string_literal,7,12,7,12
R00483,1,MUTATION,T2,t2_change_string_literal,8,8,8,8
R00483,2,UNTOUCHED,T1,none,4,6,4,6
R00483,3,UNTOUCHED,T1,none,13,22,13,22
R00484,0,CLONE_INTERVAL,T1,t1_add_eol_comment,6,11,6,11
R00484,1,MUTATION,T1,t1_add_eol_comment,11,11,11,11
R00484,2,UNTOUCHED,T1,none,3,5,3,5
R00484,3,UNTOUCHED,T1,none,12,25,12,25
R00485,0,CLONE_INTERVAL,T2,t2_rename_local_x2,61,69,61,69
R00485,1,MUTATION,T2,t2_rename_local_x2,61,68,61,68
R00485,2,UNTOUCHED,T1,none,56,60,56,60
R00485,3,UNTOUCHED,T1,none,70,72,70,72
R00486,0,CLONE_INTERVAL,T1,t1_add_eol_comment,6,16,6,16
R00486,1,MUTATION,T1,t1_add_eol_comment,13,13,13,13
R00486,2,UNTOUCHED,T1,none,3,5,3,5
R00486,3,UNTOUCHED,T1,none,17,20,17,20
R00487,0,CLONE_INTERVAL,T1,t1_add_eol_comment,9,15,9,15
R00487,1,MUTATION,T1,t1_add_eol_comment,11,11,11,11
R00487,2,UNTOUCHED,T1,none,3,8,3,8
R00487,3,UNTOUCHED,T1,none,16,21,16,21
R00488,0,CLONE_INTERVAL,T1,t1_reindent,6,12,6,12
R00488,1,MUTATION,T1,t1_reindent,6,12,6,12
R00488,2,UNTOUCHED,T1,none,3,5,3,5
R00488,3,UNTOUCHED,T1,none,13,21,13,21
R00489,0,CLONE_INTERVAL,T1,t1_add_block_comment,15,30,15,31
R00489,1,MUTATION,T1,t1_add_block_comment,,,26,26
R00489,2,UNTOUCHED,T1,none,8,14,8,14
R00489,3,UNTOUCHED,T1,none,31,35,32,36
R00490,0,CLONE_INTERVAL,T3,t3_insert_statement,6,11,6,12
R00490,1,MUTATION,T3,t3_insert_statement,,,10,10
R00490,2,UNTOUCHED,T1,none,3,5,3,5
R00490,3,UNTOUCHED,T1,none,12,17,13,18
R00491,0,CLONE_INTERVAL,T1,t1_add_block_comment,8,20,8,21
R00491,1,MUTATION,T1,t1_add_block_comment,,,12,12
R00491,2,UNTOUCHED,T1,none,3,7,3,7
R00491,3,UNTOUCHED,T1,none,21,26,22,27
R00492,0,CLONE_INTERVAL,T3,t3_delete_statement,9,14,9,13
R00492,1,MUTATION,T3,t3_delete_statement,14,14,,
R00492,2,UNTOUCHED,T1,none,3,8,3,8
R00492,3,UNTOUCHED,T1,none,15,26,14,25
R00493,0,CLONE_INTERVAL,T2,t2_rename_local_x1,6,11,6,11
R00493,1,MUTATION,T2,t2_rename_local_x1,7,8,7,8
R00493,2,UNTOUCHED,T1,none,3,5,3,5
R00493,3,UNTOUCHED,T1,none,12,26,12,26
R00494,0,CLONE_INTERVAL,T3,t3_insert_statement,9,16,9,17
R00494,1,MUTATION,T3,t3_insert_statement,,,13,13
R00494,2,UNTOUCHED,T1,none,6,8,6,8
R00494,3,UNTOUCHED,T1,none,17,26,18,27
R00495,0,CLONE_INTERVAL,T3,t3_delete_statement,14,19,14,18
R00495,1,MUTATION,T3,t3_delete_statement,19,19,,
R00495,2,UNTOUCHED,T1,none,4,13,4,13
R00495,3,UNTOUCHED,T1,none,20,23,19,22
R00496,0,CLONE_INTERVAL,T3,t3_insert_statement,6,11,6,12
R00496,1,MUTATION,T3,t3_insert_statement,,,7,7
R00496,2,UNTOUCHED,T1,none,3,5,3,5
R00496,3,UNTOUCHED,T1,none,12,18,13,19
R00497,0,CLONE_INTERVAL,T3,t3_wrap_statement,7,23,7,25
R00497,1,MUTATION,T3,t3_wrap_statement,13,21,13,22
R00497,2,UNTOUCHED,T1,none,3,6,3,6
R00497,3,UNTOUCHED,T1,none,24,29,26,31
R00498,0,CLONE_INTERVAL,T3,t3_insert_statement,6,11,6,12
R00498,1,MUTATION,T3,t3_insert_statement,,,7,7
R00498,2,UNTOUCHED,T1,none,3,5,3,5
R00498,3,UNTOUCHED,T1,none,12,22,13,23
R00499,0,CLONE_INTERVAL,T1,t1_add_block_comment,6,12,6,13
R00499,1,MUTATION,T1,t1_add_block_comment,,,8,8
R00499,2,UNTOUCHED,T1,none,3,5,3,5
R00499,3,UNTOUCHED,T1,none,13,15,14,16
R00500,0,CLONE_INTERVAL,T2,t2_change_int_literal,8,13,8,13
R00500,1,MUTATION,T2,t2_change_int_literal,8,8,8,8
R00500,2,UNTOUCHED,T1,none,5,7,5,7
R00500,3,UNTOUCHED,T1,none,14,30,14,30
R00501,0,CLONE_INTERVAL,T2,t2_change_string_literal,7,14,7,14
R00501,1,MUTATION,T2,t2_change_string_literal,7,7,7,7
R00501,2,UNTOUCHED,T1,none,3,6,3,6
R00501,3,UNTOUCHED,T1,none,15,23,15,23
R00502,0,CLONE_INTERVAL,T3,t3_wrap_statement,6,11,6,13
R00502,1,MUTATION,T3,t3_wrap_statement,7,8,7,10
R00502,2,UNTOUCHED,T1,none,3,5,3,5
R00502,3,UNTOUCHED,T1,none,12,20,14,22
R00503,0,CLONE_INTERVAL,T1,t1_add_eol_comment,6,11,6,11
R00503,1,MUTATION,T1,t1_add_eol_comment,6,6,6,6
R00503,2,UNTOUCHED,T1,none,3,5,3,5
R00503,3,UNTOUCHED,T1,none,12,20,12,20
R00504,0,CLONE_INTERVAL,T2,t2_change_int_literal,6,11,6,11
R00504,1,MUTATION,T2,t2_change_int_literal,7,7,7,7
R00504,2,UNTOUCHED,T1,none,3,5,3,5
R00504,3,UNTOUCHED,T1,none,12,32,12,32
R00505,0,CLONE_INTERVAL,T1,t1_reindent,6,11,6,11
R00505,1,MUTATION,T1,t1_reindent,6,11,6,11
R00505,2,UNTOUCHED,T1,none,3,5,3,5
R00505,3,UNTOUCHED,T1,none,12,25,12,25
R00506,0,CLONE_INTERVAL,T1,t1_add_eol_comment,8,14,8,14
R00506,1,MUTATION,T1,t1_add_eol_comment,11,11,11,11
R00506,2,UNTOUCHED,T1,none,3,7,3,7
R00506,3,UNTOUCHED,T1,none,15,17,15,17
R00507,0,CLONE_INTERVAL,T1,t1_add_block_comment,6,12,6,13
R00507,1,MUTATION,T1,t1_add_block_comment,,,8,8
R00507,2,UNTOUCHED,T1,none,3,5,3,5
R00507,3,UNTOUCHED,T1,none,13,19,14,20
R00508,0,CLONE_INTERVAL,T1,t1_add_block_comment,6,11,6,12
R00508,1,MUTATION,T1,t1_add_block_comment,,,10,10
R00508,2,UNTOUCHED,T1,none,3,5,3,5
R00508,3,UNTOUCHED,T1,none,12,16,13,17
R00509,0,CLONE_INTERVAL,T1,t1_add_block_comment,6,11,6,12
R00509,1,MUTATION,T1,t1_add_block_comment,,,7,7
R00509,2,UNTOUCHED,T1,none,3,5,3,5
R00509,3,UNTOUCHED,T1,none,12,18,13,19
R00510,0,CLONE_INTERVAL,T2,t2_change_string_literal,22,35,22,35
R00510,1,MUTATION,T2,t2_change_string_literal,28,28,28,28
R00510,2,UNTOUCHED,T1,none,3,21,3,21
R00510,3,UNTOUCHED,T1,none,36,39,36,39
R00511,0,CLONE_INTERVAL,T2,t2_rename_local_x1,29,39,29,39
R00511,1,MUTATION,T2,t2_rename_local_x1,32,33,32,33
R00511,2,UNTOUCHED,T1,none,10,28,10,28
R00511,3,UNTOUCHED,T1,none,40,46,40,46
R00512,0,CLONE_INTERVAL,T2,t2_change_int_literal,8,21,8,21
R00512,1,MUTATION,T2,t2_change_int_literal,8,8,8,8
R00512,2,UNTOUCHED,T1,none,5,7,5,7
R00512,3,UNTOUCHED,T1,none,22,28,22,28
R00513,0,CLONE_INTERVAL,T1,t1_add_blank_line,7,14,7,15
R00513,1,MUTATION,T1,t1_add_blank_line,,,13,13
R00513,2,UNTOUCHED,T1,none,3,6,3,6
R00513,3,UNTOUCHED,T1,none,15,20,16,21
R00514,0,CLONE_INTERVAL,T3,t3_wrap_statement,6,12,6,14
R00514,1,MUTATION,T3,t3_wrap_statement,10,11,10,13
R00514,2,UNTOUCHED,T1,none,3,5,3,5
R00514,3,UNTOUCHED,T1,none,13,31,15,33
R00515,0,CLONE_INTERVAL,T3,t3_delete_statement,8,13,8,12
R00515,1,MUTATION,T3,t3_delete_statement,12,12,,
R00515,2,UNTOUCHED,T1,none,3,7,3,7
R00515,3,UNTOUCHED,T1,none,14,21,13,20
R00516,0,CLONE_INTERVAL,T1,t1_add_block_comment,6,19,6,20
R00516,1,MUTATION,T1,t1_add_block_comment,,,19,19
R00516,2,UNTOUCHED,T1,none,3,5,3,5
R00516,3,UNTOUCHED,T1,none,20,26,21,27
R00517,0,CLONE_INTERVAL,T2,t2_change_int_literal,6,11,6,11
R00517,1,MUTATION,T2,t2_change_int_literal,7,7,7,7
R00517,2,UNTOUCHED,T1,none,3,5,3,5
R00517,3,UNTOUCHED,T1,none,12,19,12,19
R00518,0,CLONE_INTERVAL,T3,t3_delete_statement,6,11,6,10
R00518,1,MUTATION,T3,t3_delete_statement,11,11,,
R00518,2,UNTOUCHED,T1,none,3,5,3,5
R00518,3,UNTOUCHED,T1,none,12,17,11,16
R00519,0,CLONE_INTERVAL,T1,t1_reindent,194,205,194,205
R00519,1,MUTATION,T1,t1_reindent,194,205,194,205
R00519,2,UNTOUCHED,T1,none,189,193,189,193
R00519,3,UNTOUCHED,T1,none,206,208,206,208
R00520,0,CLONE_INTERVAL,T3,t3_delete_statement,6,11,6,10
R00520,1,MUTATION,T3,t3_delete_statement,10,10,,
R00520,2,UNTOUCHED,T1,none,3,5,3,5
R00520,3,UNTOUCHED,T1,none,12,42,11,41
R00521,0,CLONE_INTERVAL,T3,t3_wrap_statement,6,12,6,14
R00521,1,MUTATION,T3,t3_wrap_statement,8,11,8,13
R00521,2,UNTOUCHED,T1,none,3,5,3,5
R00521,3,UNTOUCHED,T1,none,13,18,15,20
R00522,0,CLONE_INTERVAL,T1,t1_add_eol_comment,6,13,6,13
R00522,1,MUTATION,T1,t1_add_eol_comment,11,11,11,11
R00522,2,UNTOUCHED,T1,none,3,5,3,5
R00522,3,UNTOUCHED,T1,none,14,19,14,19
R00523,0,CLONE_INTERVAL,T1,t1_add_block_comment,8,17,8,18
R00523,1,MUTATION,T1,t1_add_block_comment,,,17,17
R00523,2,UNTOUCHED,T1,none,3,7,3,7
R00523,3,UNTOUCHED,T1,none,18,22,19,23
R00524,0,CLONE_INTERVAL,T1,t1_add_block_comment,6,11,6,12
R00524,1,MUTATION,T1,t1_add_block_comment,,,10,10
R00524,2,UNTOUCHED,T1,none,3,5,3,5
R00524,3,UNTOUCHED,T1,none,12,17,13,18
R00525,0,CLONE_INTERVAL,T1,t1_add_eol_comment,6,12,6,12
R00525,1,MUTATION,T1,t1_add_eol_comment,7,7,7,7
R00525,2,UNTOUCHED,T1,none,3,5,3,5
R00525,3,UNTOUCHED,T1,none,13,15,13,15
R00526,0,CLONE_INTERVAL,T2,t2_change_string_literal,7,15,7,15
R00526,1,MUTATION,T2,t2_change_string_literal,13,13,13,13
R00526,2,UNTOUCHED,T1,none,3,6,3,6
R00526,3,UNTOUCHED,T1,none,16,18,16,18
R00527,0,CLONE_INTERVAL,T2,t2_change_string_literal,8,13,8,13
R00527,1,MUTATION,T2,t2_change_string_literal,8,8,8,8
R00527,2,UNTOUCHED,T1,none,5,7,5,7
R00527,3,UNTOUCHED,T1,none,14,20,14,20
R00528,0,CLONE_INTERVAL,T1,t1_add_blank_line,9,14,9,15
R00528,1,MUTATION,T1,t1_add_blank_line,,,14,14
R00528,2,UNTOUCHED,T1,none,3,8,3,8
R00528,3,UNTOUCHED,T1,none,15,25,16,26
R00529,0,CLONE_INTERVAL,T3,t3_wrap_statement,6,13,6,15
R00529,1,MUTATION,T3,t3_wrap_statement,7,13,7,15
R00529,2,UNTOUCHED,T1,none,3,5,3,5
R00529,3,UNTOUCHED,T1,none,14,16,16,18
R00530,0,CLONE_INTERVAL,T3,t3_delete_statement,6,11,6,10
R00530,1,MUTATION,T3,t3_delete_statement,8,8,,
R00530,2,UNTOUCHED,T1,none,3,5,3,5
R00530,3,UNTOUCHED,T1,none,12,16,11,15
R00531,0,CLONE_INTERVAL,T1,t1_reindent,14,19,14,19
R00531,1,MUTATION,T1,t1_reindent,14,19,14,19
R00531,2,UNTOUCHED,T1,none,3,13,3,13
R00531,3,UNTOUCHED,T1,none,20,23,20,23
R00532,0,CLONE_INTERVAL,T2,t2_change_string_literal,6,11,6,11
R00532,1,MUTATION,T2,t2_change_string_literal,7,7,7,7
R00532,2,UNTOUCHED,T1,none,3,5,3,5
R00532,3,UNTOUCHED,T1,none,12,19,12,19
R00533,0,CLONE_INTERVAL,T1,t1_add_block_comment,6,11,6,12
R00533,1,MUTATION,T1,t1_add_block_comment,,,7,7
R00533,2,UNTOUCHED,T1,none,3,5,3,5
R00533,3,UNTOUCHED,T1,none,12,16,13,17
R00534,0,CLONE_INTERVAL,T3,t3_insert_statement,6,12,6,13
R00534,1,MUTATION,T3,t3_insert_statement,,,7,7
R00534,2,UNTOUCHED,T1,none,3,5,3,5
R00534,3,UNTOUCHED,T1,none,13,15,14,16
R00535,0,CLONE_INTERVAL,T1,t1_reindent,10,17,10,17
R00535,1,MUTATION,T1,t1_reindent,10,17,10,17
R00535,2,UNTOUCHED,T1,none,3,9,3,9
R00535,3,UNTOUCHED,T1,none,18,41,18,41
R00536,0,CLONE_INTERVAL,T2,t2_change_string_literal,9,14,9,14
R00536,1,MUTATION,T2,t2_change_string_literal,13,13,13,13
R00536,2,UNTOUCHED,T1,none,6,8,6,8
R00536,3,UNTOUCHED,T1,none,15,18,15,18
R00537,0,CLONE_INTERVAL,T1,t1_add_block_comment,9,25,9,26
R00537,1,MUTATION,T1,t1_add_block_comment,,,12,12
R00537,2,UNTOUCHED,T1,none,4,8,4,8
R00537,3,UNTOUCHED,T1,none,26,28,27,29
R00538,0,CLONE_INTERVAL,T2,t2_rename_local_x1,9,22,9,22
R00538,1,MUTATION,T2,t2_rename_local_x1,10,12,10,12
R00538,2,UNTOUCHED,T1,none,3,8,3,8
R00538,3,UNTOUCHED,T1,none,23,27,23,27
R00539,0,CLONE_INTERVAL,T2,t2_rename_local_x2,7,17,7,18
R00539,1,MUTATION,T2,t2_rename_local_x2,7,14,7,15
R00539,2,UNTOUCHED,T1,none,3,6,3,6
R00539,3,UNTOUCHED,T1,none,18,20,19,21
R00540,0,CLONE_INTERVAL,T2,t2_rename_local_x2,6,11,6,11
R00540,1,MUTATION,T2,t2_rename_local_x2,6,11,6,11
R00540,2,UNTOUCHED,T1,none,3,5,3,5
R00540,3,UNTOUCHED,T1,none,12,33,12,33
R00541,0,CLONE_INTERVAL,T2,t2_change_int_literal,6,11,6,11
R00541,1,MUTATION,T2,t2_change_int_literal,7,7,7,7
R00541,2,UNTOUCHED,T1,none,3,5,3,5
R00541,3,UNTOUCHED,T1,none,12,20,12,20
R00542,0,CLONE_INTERVAL,T1,t1_add_eol_comment,9,21,9,21
R00542,1,MUTATION,T1,t1_add_eol_comment,10,10,10,10
R00542,2,UNTOUCHED,T1,none,3,8,3,8
R00542,3,UNTOUCHED,T1,none,22,24,22,24
R00543,0,CLONE_INTERVAL,T3,t3_wrap_statement,51,56,51,58
R00543,1,MUTATION,T3,t3_wrap_statement,54,55,54,57
R00543,2,UNTOUCHED,T1,none,47,50,47,50
R00543,3,UNTOUCHED,T1,none,57,64,59,66
R00544,0,CLONE_INTERVAL,T1,t1_add_eol_comment,24,29,24,29
R00544,1,MUTATION,T1,t1_add_eol_comment,28,28,28,28
R00544,2,UNTOUCHED,T1,none,21,23,21,23
R00544,3,UNTOUCHED,T1,none,30,43,30,43
R00545,0,CLONE_INTERVAL,T3,t3_wrap_statement,7,14,7,16
R00545,1,MUTATION,T3,t3_wrap_statement,12,13,12,15
R00545,2,UNTOUCHED,T1,none,3,6,3,6
R00545,3,UNTOUCHED,T1,none,15,19,17,21
R00546,0,CLONE_INTERVAL,T1,t1_reindent,22,31,22,31
R00546,1,MUTATION,T1,t1_reindent,22,31,22,31
R00546,2,UNTOUCHED,T1,none,18,21,18,21
R00546,3,UNTOUCHED,T1,none,32,49,32,49
R00547,0,CLONE_INTERVAL,T2,t2_rename_local_x3,8,14,8,14
R00547,1,MUTATION,T2,t2_rename_local_x3,8,11,8,11
R00547,2,UNTOUCHED,T1,none,4,7,4,7
R00547,3,UNTOUCHED,T1,none,15,17,15,17
R00548,0,CLONE_INTERVAL,T3,t3_delete_statement,9,15,9,14
R00548,1,MUTATION,T3,t3_delete_statement,12,12,,
R00548,2,UNTOUCHED,T1,none,3,8,3,8
R00548,3,UNTOUCHED,T1,none,16,18,15,17
R00549,0,CLONE_INTERVAL,T1,t1_add_eol_comment,7,17,7,17
R00549,1,MUTATION,T1,t1_add_eol_comment,9,9,9,9
R00549,2,UNTOUCHED,T1,none,3,6,3,6
R00549,3,UNTOUCHED,T1,none,18,25,18,25
R00550,0,CLONE_INTERVAL,T2,t2_change_int_literal,12,21,12,21
R00550,1,MUTATION,T2,t2_change_int_literal,12,12,12,12
R00550,2,UNTOUCHED,T1,none,3,11,3,11
R00550,3,UNTOUCHED,T1,none,22,27,22,27
R00551,0,CLONE_INTERVAL,T2,t2_change_string_literal,7,12,7,12
R00551,1,MUTATION,T2,t2_change_string_literal,10,10,10,10
R00551,2,UNTOUCHED,T1,none,3,6,3,6
R00551,3,UNTOUCHED,T1,none,13,25,13,25
R00552,0,CLONE_INTERVAL,T1,t1_reindent,6,11,6,11
R00552,1,MUTATION,T1,t1_reindent,6,11,6,11
R00552,2,UNTOUCHED,T1,none,3,5,3,5
R00552,3,UNTOUCHED,T1,none,12,20,12,20
R00553,0,CLONE_INTERVAL,T3,t3_insert_statement,12,18,12,18
R00553,1,UNTOUCHED,T1,none,9,11,9,11
R00553,2,UNTOUCHED,T1,none,19,19,19,19
R00553,3,UNTOUCHED,T1,none,20,28,21,29
R00554,0,CLONE_INTERVAL,T3,t3_insert_statement,12,21,12,22
R00554,1,MUTATION,T3,t3_insert_statement,,,13,13
R00554,2,UNTOUCHED,T1,none,9,11,9,11
R00554,3,UNTOUCHED,T1,none,22,28,23,29
R00555,0,CLONE_INTERVAL,T1,t1_reindent,10,18,10,18
R00555,1,MUTATION,T1,t1_reindent,10,18,10,18
R00555,2,UNTOUCHED,T1,none,6,9,6,9
R00555,3,UNTOUCHED,T1,none,19,32,19,32
R00556,0,CLONE_INTERVAL,T3,t3_delete_statement,8,13,8,12
R00556,1,MUTATION,T3,t3_delete_statement,10,10,,
R00556,2,UNTOUCHED,T1,none,3,7,3,7
R00556,3,UNTOUCHED,T1,none,14,18,13,17
R00557,0,CLONE_INTERVAL,T1,t1_reindent,6,11,6,11
R00557,1,MUTATION,T1,t1_reindent,6,11,6,11
R00557,2,UNTOUCHED,T1,none,3,5,3,5
R00557,3,UNTOUCHED,T1,none,12,22,12,22
R00558,0,CLONE_INTERVAL,T1,t1_add_blank_line,6,11,6,12
R00558,1,MUTATION,T1,t1_add_blank_line,,,11,11
R00558,2,UNTOUCHED,T1,none,3,5,3,5
R00558,3,UNTOUCHED,T1,none,12,22,13,23
R00559,0,CLONE_INTERVAL,T3,t3_delete_statement,8,13,8,12
R00559,1,MUTATION,T3,t3_delete_statement,13,13,,
R00559,2,UNTOUCHED,T1,none,3,7,3,7
R00559,3,UNTOUCHED,T1,none,14,19,13,18
R00560,0,CLONE_INTERVAL,T3,t3_insert_statement,6,11,6,12
R00560,1,MUTATION,T3,t3_insert_statement,,,7,7
R00560,2,UNTOUCHED,T1,none,3,5,3,5
R00560,3,UNTOUCHED,T1,none,12,18,13,19
R00561,0,CLONE_INTERVAL,T3,t3_wrap_statement,97,103,97,105
R00561,1,MUTATION,T3,t3_wrap_statement,97,99,97,101
R00561,2,UNTOUCHED,T1,none,90,96,90,96
R00561,3,UNTOUCHED,T1,none,104,115,106,117
R00562,0,CLONE_INTERVAL,T1,t1_add_eol_comment,7,12,7,12
R00562,1,MUTATION,T1,t1_add_eol_comment,9,9,9,9
R00562,2,UNTOUCHED,T1,none,3,6,3,6
R00562,3,UNTOUCHED,T1,none,13,17,13,17
R00563,0,CLONE_INTERVAL,T2,t2_change_int_literal,12,27,12,27
R00563,1,MUTATION,T2,t2_change_int_literal,12,12,12,12
R00563,2,UNTOUCHED,T1,none,3,11,3,11
R00563,3,UNTOUCHED,T1,none,28,30,28,30
R00564,0,CLONE_INTERVAL,T1,t1_reindent,16,33,16,33
R00564,1,MUTATION,T1,t1_reindent,16,33,16,33
R00564,2,UNTOUCHED,T1,none,9,15,9,15
R00564,3,UNTOUCHED,T1,none,34,38,34,38
R00565,0,CLONE_INTERVAL,T1,t1_reindent,6,14,6,14
R00565,1,MUTATION,T1,t1_reindent,6,14,6,14
R00565,2,UNTOUCHED,T1,none,3,5,3,5
R00565,3,UNTOUCHED,T1,none,15,26,15,26
R00566,0,CLONE_INTERVAL,T3,t3_delete_statement,6,17,6,16
R00566,1,MUTATION,T3,t3_delete_statement,6,6,,
R00566,2,UNTOUCHED,T1,none,3,5,3,5
R00566,3,UNTOUCHED,T1,none,18,21,17,20
R00567,0,CLONE_INTERVAL,T3,t3_delete_statement,6,11,6,10
R00567,1,MUTATION,T3,t3_delete_statement,10,10,,
R00567,2,UNTOUCHED,T1,none,3,5,3,5
R00567,3,UNTOUCHED,T1,none,12,18,11,17
R00568,0,CLONE_INTERVAL,T1,t1_reindent,54,60,54,60
R00568,1,MUTATION,T1,t1_reindent,54,60,54,60
R00568,2,UNTOUCHED,T1,none,46,53,46,53
R00568,3,UNTOUCHED,T1,none,61,65,61,65
R00569,0,CLONE_INTERVAL,T3,t3_insert_statement,7,20,7,20
R00569,1,MUTATION,T3,t3_insert_statement,,,21,21
R00569,2,UNTOUCHED,T1,none,3,6,3,6
R00569,3,UNTOUCHED,T1,none,21,23,22,24
R00570,0,CLONE_INTERVAL,T2,t2_rename_local_x2,8,18,8,18
R00570,1,MUTATION,T2,t2_rename_local_x2,8,16,8,16
R00570,2,UNTOUCHED,T1,none,3,7,3,7
R00570,3,UNTOUCHED,T1,none,19,22,19,22
R00571,0,CLONE_INTERVAL,T1,t1_add_eol_comment,7,12,7,12
R00571,1,MUTATION,T1,t1_add_eol_comment,7,7,7,7
R00571,2,UNTOUCHED,T1,none,3,6,3,6
R00571,3,UNTOUCHED,T1,none,13,23,13,23
R00572,0,CLONE_INTERVAL,T3,t3_wrap_statement,12,19,12,21
R00572,1,MUTATION,T3,t3_wrap_statement,13,17,13,19
R00572,2,UNTOUCHED,T1,none,3,11,3,11
R00572,3,UNTOUCHED,T1,none,20,22,22,24
R00573,0,CLONE_INTERVAL,T3,t3_delete_statement,31,36,31,35
R00573,1,MUTATION,T3,t3_delete_statement,34,34,,
R00573,2,UNTOUCHED,T1,none,25,30,25,30
R00573,3,UNTOUCHED,T1,none,37,40,36,39
R00574,0,CLONE_INTERVAL,T1,t1_add_block_comment,12,23,12,24
R00574,1,MUTATION,T1,t1_add_block_comment,,,14,14
R00574,2,UNTOUCHED,T1,none,3,11,3,11
R00574,3,UNTOUCHED,T1,none,24,33,25,34
R00575,0,CLONE_INTERVAL,T2,t2_change_int_literal,6,14,6,14
R00575,1,MUTATION,T2,t2_change_int_literal,6,6,6,6
R00575,2,UNTOUCHED,T1,none,3,5,3,5
R00575,3,UNTOUCHED,T1,none,15,20,15,20
R00576,0,CLONE_INTERVAL,T1,t1_reindent,13,37,13,37
R00576,1,MUTATION,T1,t1_reindent,13,37,13,37
R00576,2,UNTOUCHED,T1,none,5,12,5,12
R00576,3,UNTOUCHED,T1,none,38,43,38,43
R00577,0,CLONE_INTERVAL,T1,t1_reindent,8,15,8,15
R00577,1,MUTATION,T1,t1_reindent,8,15,8,15
R00577,2,UNTOUCHED,T1,none,4,7,4,7
R00577,3,UNTOUCHED,T1,none,16,28,16,28
R00578,0,CLONE_INTERVAL,T3,t3_wrap_statement,6,11,6,13
R00578,1,MUTATION,T3,t3_wrap_statement,9,10,9,12
R00578,2,UNTOUCHED,T1,none,3,5,3,5
R00578,3,UNTOUCHED,T1,none,12,15,14,17
R00579,0,CLONE_INTERVAL,T1,t1_add_block_comment,6,14,6,15
R00579,1,MUTATION,T1,t1_add_block_comment,,,7,7
R00579,2,UNTOUCHED,T1,none,3,5,3,5
R00579,3,UNTOUCHED,T1,none,15,19,16,20
R00580,0,CLONE_INTERVAL,T1,t1_add_block_comment,19,25,19,26
R00580,1,MUTATION,T1,t1_add_block_comment,,,25,25
R00580,2,UNTOUCHED,T1,none,16,18,16,18
R00580,3,UNTOUCHED,T1,none,26,32,27,33
R00581,0,CLONE_INTERVAL,T2,t2_change_string_literal,6,15,6,15
R00581,1,MUTATION,T2,t2_change_string_literal,6,6,6,6
R00581,2,UNTOUCHED,T1,none,3,5,3,5
R00581,3,UNTOUCHED,T1,none,16,18,16,18
R00582,0,CLONE_INTERVAL,T2,t2_rename_local_x1,9,18,9,18
R00582,1,MUTATION,T2,t2_rename_local_x1,11,13,11,13
R00582,2,UNTOUCHED,T1,none,5,8,5,8
R00582,3,UNTOUCHED,T1,none,19,24,19,24
R00583,0,CLONE_INTERVAL,T2,t2_change_int_literal,51,58,51,58
R00583,1,MUTATION,T2,t2_change_int_literal,51,51,51,51
R00583,2,UNTOUCHED,T1,none,47,50,47,50
R00583,3,UNTOUCHED,T1,none,59,71,59,71
R00584,0,CLONE_INTERVAL,T3,t3_wrap_statement,10,15,10,17
R00584,1,MUTATION,T3,t3_wrap_statement,11,13,11,15
R00584,2,UNTOUCHED,T1,none,4,9,4,9
R00584,3,UNTOUCHED,T1,none,16,44,18,46
R00585,0,CLONE_INTERVAL,T2,t2_rename_local_x2,9,14,9,14
R00585,1,MUTATION,T2,t2_rename_local_x2,10,12,10,12
R00585,2,UNTOUCHED,T1,none,3,8,3,8
R00585,3,UNTOUCHED,T1,none,15,20,15,20
R00586,0,CLONE_INTERVAL,T2,t2_change_string_literal,8,15,8,15
R00586,1,MUTATION,T2,t2_change_string_literal,12,12,12,12
R00586,2,UNTOUCHED,T1,none,3,7,3,7
R00586,3,UNTOUCHED,T1,none,16,18,16,18
R00587,0,CLONE_INTERVAL,T2,t2_change_string_literal,17,24,17,24
R00587,1,MUTATION,T2,t2_change_string_literal,18,18,18,18
R00587,2,UNTOUCHED,T1,none,6,16,6,16
R00587,3,UNTOUCHED,T1,none,25,33,25,33
R00588,0,CLONE_INTERVAL,T1,t1_add_blank_line,6,12,6,13
R00588,1,MUTATION,T1,t1_add_blank_line,,,11,11
R00588,2,UNTOUCHED,T1,none,3,5,3,5
R00588,3,UNTOUCHED,T1,none,13,33,14,34
R00589,0,CLONE_INTERVAL,T1,t1_add_block_comment,98,103,98,104
R00589,1,MUTATION,T1,t1_add_block_comment,,,99,99
R00589,2,UNTOUCHED,T1,none,93,97,93,97
R00589,3,UNTOUCHED,T1,none,104,113,105,114
R00590,0,CLONE_INTERVAL,T2,t2_rename_local_x2,8,14,8,14
R00590,1,MUTATION,T2,t2_rename_local_x2,8,12,8,12
R00590,2,UNTOUCHED,T1,none,3,7,3,7
R00590,3,UNTOUCHED,T1,none,15,20,15,20
R00591,0,CLONE_INTERVAL,T1,t1_add_blank_line,6,12,6,13
R00591,1,MUTATION,T1,t1_add_blank_line,,,11,11
R00591,2,UNTOUCHED,T1,none,3,5,3,5
R00591,3,UNTOUCHED,T1,none,13,22,14,23
R00592,0,CLONE_INTERVAL,T2,t2_change_int_literal,13,20,13,20
R00592,1,MUTATION,T2,t2_change_int_literal,13,13,13,13
R00592,2,UNTOUCHED,T1,none,8,12,8,12
R00592,3,UNTOUCHED,T1,none,21,27,21,27
R00593,0,CLONE_INTERVAL,T3,t3_delete_statement,6,11,6,10
R00593,1,MUTATION,T3,t3_delete_statement,10,10,,
R00593,2,UNTOUCHED,T1,none,3,5,3,5
R00593,3,UNTOUCHED,T1,none,12,21,11,20
R00594,0,CLONE_INTERVAL,T2,t2_change_int_literal,6,13,6,13
R00594,1,MUTATION,T2,t2_change_int_literal,7,7,7,7
R00594,2,UNTOUCHED,T1,none,3,5,3,5
R00594,3,UNTOUCHED,T1,none,14,22,14,22
R00595,0,CLONE_INTERVAL,T2,t2_rename_local_x1,10,15,10,15
R00595,1,MUTATION,T2,t2_rename_local_x1,10,15,10,15
R00595,2,UNTOUCHED,T1,none,7,9,7,9
R00595,3,UNTOUCHED,T1,none,16,22,16,22
R00596,0,CLONE_INTERVAL,T3,t3_delete_statement,7,17,7,16
R00596,1,MUTATION,T3,t3_delete_statement,7,7,,
R00596,2,UNTOUCHED,T1,none,3,6,3,6
R00596,3,UNTOUCHED,T1,none,18,28,17,27
R00597,0,CLONE_INTERVAL,T1,t1_add_eol_comment,8,14,8,14
R00597,1,MUTATION,T1,t1_add_eol_comment,10,10,10,10
R00597,2,UNTOUCHED,T1,none,3,7,3,7
R00597,3,UNTOUCHED,T1,none,15,30,15,30
R00598,0,CLONE_INTERVAL,T3,t3_insert_statement,7,13,7,14
R00598,1,MUTATION,T3,t3_insert_statement,,,8,8
R00598,2,UNTOUCHED,T1,none,3,6,3,6
R00598,3,UNTOUCHED,T1,none,14,22,15,23
R00599,0,CLONE_INTERVAL,T3,t3_insert_statement,7,23,7,24
R00599,1,MUTATION,T3,t3_insert_statement,,,9,9
R00599,2,UNTOUCHED,T1,none,3,6,3,6
R00599,3,UNTOUCHED,T1,none,24,29,25,30
R00600,0,CLONE_INTERVAL,T1,t1_add_eol_comment,18,36,18,36
R00600,1,MUTATION,T1,t1_add_eol_comment,36,36,36,36
R00600,2,UNTOUCHED,T1,none,12,17,12,17
R00600,3,UNTOUCHED,T1,none,37,57,37,57
R00601,0,CLONE_INTERVAL,T3,t3_wrap_statement,6,11,6,13
R00601,1,MUTATION,T3,t3_wrap_statement,9,10,9,12
R00601,2,UNTOUCHED,T1,none,3,5,3,5
R00601,3,UNTOUCHED,T1,none,12,17,14,19
R00602,0,CLONE_INTERVAL,T2,t2_rename_local_x3,8,15,8,15
R00602,1,MUTATION,T2,t2_rename_local_x3,8,12,8,12
R00602,2,UNTOUCHED,T1,none,4,7,4,7
R00602,3,UNTOUCHED,T1,none,16,18,16,18
R00603,0,CLONE_INTERVAL,T1,t1_reindent,6,11,6,11
R00603,1,MUTATION,T1,t1_reindent,6,11,6,11
R00603,2,UNTOUCHED,T1,none,3,5,3,5
R00603,3,UNTOUCHED,T1,none,12,19,12,19
R00604,0,CLONE_INTERVAL,T3,t3_delete_statement,16,21,16,20
R00604,1,MUTATION,T3,t3_delete_statement,16,16,,
R00604,2,UNTOUCHED,T1,none,4,15,4,15
R00604,3,UNTOUCHED,T1,none,22,30,21,29
R00605,0,CLONE_INTERVAL,T2,t2_change_string_literal,9,14,9,14
R00605,1,MUTATION,T2,t2_change_string_literal,11,11,11,11
R00605,2,UNTOUCHED,T1,none,5,8,5,8
R00605,3,UNTOUCHED,T1,none,15,52,15,52
R00606,0,CLONE_INTERVAL,T3,t3_insert_statement,6,11,6,12
R00606,1,MUTATION,T3,t3_insert_statement,,,10,10
R00606,2,UNTOUCHED,T1,none,3,5,3,5
R00606,3,UNTOUCHED,T1,none,12,21,13,22
R00607,0,CLONE_INTERVAL,T3,t3_wrap_statement,6,11,6,13
R00607,1,MUTATION,T3,t3_wrap_statement,7,7,7,9
R00607,2,UNTOUCHED,T1,none,3,5,3,5
R00607,3,UNTOUCHED,T1,none,12,16,14,18
R00608,0,CLONE_INTERVAL,T3,t3_delete_statement,9,14,8,12
R00608,1,MUTATION,T3,t3_delete_statement,14,14,,
R00608,2,UNTOUCHED,T1,none,6,8,5,7
R00608,3,UNTOUCHED,T1,none,15,25,13,23
R00609,0,CLONE_INTERVAL,T1,t1_add_block_comment,7,13,7,14
R00609,1,MUTATION,T1,t1_add_block_comment,,,13,13
R00609,2,UNTOUCHED,T1,none,4,6,4,6
R00609,3,UNTOUCHED,T1,none,14,20,15,21
R00610,0,CLONE_INTERVAL,T3,t3_insert_statement,7,12,7,13
R00610,1,MUTATION,T3,t3_insert_statement,,,9,9
R00610,2,UNTOUCHED,T1,none,4,6,4,6
R00610,3,UNTOUCHED,T1,none,13,26,14,27
R00611,0,CLONE_INTERVAL,T2,t2_change_int_literal,11,16,11,16
R00611,1,MUTATION,T2,t2_change_int_literal,11,11,11,11
R00611,2,UNTOUCHED,T1,none,5,10,5,10
R00611,3,UNTOUCHED,T1,none,17,19,17,19
R00612,0,CLONE_INTERVAL,T2,t2_change_int_literal,8,13,8,13
R00612,1,MUTATION,T2,t2_change_int_literal,8,8,8,8
R00612,2,UNTOUCHED,T1,none,3,7,3,7
R00612,3,UNTOUCHED,T1,none,14,17,14,17
R00613,0,CLONE_INTERVAL,T2,t2_rename_local_x1,6,11,6,11
R00613,1,MUTATION,T2,t2_rename_local_x1,6,11,6,11
R00613,2,UNTOUCHED,T1,none,3,5,3,5
R00613,3,UNTOUCHED,T1,none,12,14,12,14
R00614,0,CLONE_INTERVAL,T1,t1_add_blank_line,8,18,8,19
R00614,1,MUTATION,T1,t1_add_blank_line,,,15,15
R00614,2,UNTOUCHED,T1,none,3,7,3,7
R00614,3,UNTOUCHED,T1,none,19,28,20,29
R00615,0,CLONE_INTERVAL,T1,t1_add_block_comment,8,19,8,20
R00615,1,MUTATION,T1,t1_add_block_comment,,,11,11
R00615,2,UNTOUCHED,T1,none,5,7,5,7
R00615,3,UNTOUCHED,T1,none,20,22,21,23
R00616,0,CLONE_INTERVAL,T3,t3_delete_statement,7,18,7,17
R00616,1,MUTATION,T3,t3_delete_statement,8,8,,
R00616,2,UNTOUCHED,T1,none,4,6,4,6
R00616,3,UNTOUCHED,T1,none,19,22,18,21
R00617,0,CLONE_INTERVAL,T1,t1_add_blank_line,13,18,13,19
R00617,1,MUTATION,T1,t1_add_blank_line,,,15,15
R00617,2,UNTOUCHED,T1,none,3,12,3,12
R00617,3,UNTOUCHED,T1,none,19,31,20,32
R00618,0,CLONE_INTERVAL,T3,t3_wrap_statement,11,26,11,28
R00618,1,MUTATION,T3,t3_wrap_statement,13,24,13,26
R00618,2,UNTOUCHED,T1,none,8,10,8,10
R00618,3,UNTOUCHED,T1,none,27,32,29,34
R00619,0,CLONE_INTERVAL,T1,t1_add_blank_line,6,12,6,13
R00619,1,MUTATION,T1,t1_add_blank_line,,,7,7
R00619,2,UNTOUCHED,T1,none,3,5,3,5
R00619,3,UNTOUCHED,T1,none,13,15,14,16
R00620,0,CLONE_INTERVAL,T1,t1_add_blank_line,8,15,8,16
R00620,1,MUTATION,T1,t1_add_blank_line,,,10,10
R00620,2,UNTOUCHED,T1,none,3,7,3,7
R00620,3,UNTOUCHED,T1,none,16,21,17,22
R00621,0,CLONE_INTERVAL,T1,t1_add_eol_comment,8,20,8,20
R00621,1,MUTATION,T1,t1_add_eol_comment,9,9,9,9
R00621,2,UNTOUCHED,T1,none,4,7,4,7
R00621,3,UNTOUCHED,T1,none,21,23,21,23
R00622,0,CLONE_INTERVAL,T3,t3_insert_statement,10,15,10,16
R00622,1,MUTATION,T3,t3_insert_statement,,,14,14
R00622,2,UNTOUCHED,T1,none,5,9,5,9
R00622,3,UNTOUCHED,T1,none,16,20,17,21
R00623,0,CLONE_INTERVAL,T1,t1_add_blank_line,10,16,10,17
R00623,1,MUTATION,T1,t1_add_blank_line,,,14,14
R00623,2,UNTOUCHED,T1,none,6,9,6,9
R00623,3,UNTOUCHED,T1,none,17,21,18,22
R00624,0,CLONE_INTERVAL,T3,t3_delete_statement,12,19,11,17
R00624,1,MUTATION,T3,t3_delete_statement,16,16,,
R00624,2,UNTOUCHED,T1,none,6,11,5,10
R00624,3,UNTOUCHED,T1,none,20,22,18,20
R00625,0,CLONE_INTERVAL,T1,t1_add_eol_comment,7,21,7,21
R00625,1,MUTATION,T1,t1_add_eol_comment,11,11,11,11
R00625,2,UNTOUCHED,T1,none,3,6,3,6
R00625,3,UNTOUCHED,T1,none,22,27,22,27
R00626,0,CLONE_INTERVAL,T1,t1_reindent,9,14,9,14
R00626,1,MUTATION,T1,t1_reindent,9,14,9,14
R00626,2,UNTOUCHED,T1,none,5,8,5,8
R00626,3,UNTOUCHED,T1,none,15,30,15,30
R00627,0,CLONE_INTERVAL,T3,t3_insert_statement,8,18,8,19
R00627,1,MUTATION,T3,t3_insert_statement,,,9,9
R00627,2,UNTOUCHED,T1,none,4,7,4,7
R00627,3,UNTOUCHED,T1,none,19,36,20,37
R00628,0,CLONE_INTERVAL,T3,t3_delete_statement,7,13,7,12
R00628,1,MUTATION,T3,t3_delete_statement,10,10,,
R00628,2,UNTOUCHED,T1,none,4,6,4,6
R00628,3,UNTOUCHED,T1,none,14,23,13,22
R00629,0,CLONE_INTERVAL,T1,t1_add_eol_comment,25,30,25,30
R00629,1,MUTATION,T1,t1_add_eol_comment,29,29,29,29
R00629,2,UNTOUCHED,T1,none,5,24,5,24
R00629,3,UNTOUCHED,T1,none,31,33,31,33
R00630,0,CLONE_INTERVAL,T3,t3_wrap_statement,6,11,6,13
R00630,1,MUTATION,T3,t3_wrap_statement,9,10,9,12
R00630,2,UNTOUCHED,T1,none,3,5,3,5
R00630,3,UNTOUCHED,T1,none,12,27,14,29
R00631,0,CLONE_INTERVAL,T2,t2_change_string_literal,17,22,17,22
R00631,1,MUTATION,T2,t2_change_string_literal,18,18,18,18
R00631,2,UNTOUCHED,T1,none,5,16,5,16
R00631,3,UNTOUCHED,T1,none,23,28,23,28
R00632,0,CLONE_INTERVAL,T1,t1_add_eol_comment,6,12,6,12
R00632,1,MUTATION,T1,t1_add_eol_comment,8,8,8,8
R00632,2,UNTOUCHED,T1,none,3,5,3,5
R00632,3,UNTOUCHED,T1,none,13,16,13,16
R00633,0,CLONE_INTERVAL,T2,t2_rename_local_x1,9,22,9,22
R00633,1,MUTATION,T2,t2_rename_local_x1,9,15,9,15
R00633,2,UNTOUCHED,T1,none,3,8,3,8
R00633,3,UNTOUCHED,T1,none,23,26,23,26
R00634,0,CLONE_INTERVAL,T1,t1_reindent,15,20,15,20
R00634,1,MUTATION,T1,t1_reindent,15,20,15,20
R00634,2,UNTOUCHED,T1,none,5,14,5,14
R00634,3,UNTOUCHED,T1,none,21,42,21,42
R00635,0,CLONE_INTERVAL,T2,t2_rename_local_x3,6,13,6,13
R00635,1,MUTATION,T2,t2_rename_local_x3,6,9,6,9
R00635,2,UNTOUCHED,T1,none,3,5,3,5
R00635,3,UNTOUCHED,T1,none,14,16,14,16
R00636,0,CLONE_INTERVAL,T1,t1_reindent,12,19,12,19
R00636,1,MUTATION,T1,t1_reindent,12,19,12,19
R00636,2,UNTOUCHED,T1,none,3,11,3,11
R00636,3,UNTOUCHED,T1,none,20,26,20,26
R00637,0,CLONE_INTERVAL,T1,t1_add_blank_line,23,30,23,31
R00637,1,MUTATION,T1,t1_add_blank_line,,,27,27
R00637,2,UNTOUCHED,T1,none,20,22,20,22
R00637,3,UNTOUCHED,T1,none,31,39,32,40
R00638,0,CLONE_INTERVAL,T1,t1_add_eol_comment,6,14,6,14
R00638,1,MUTATION,T1,t1_add_eol_comment,12,12,12,12
R00638,2,UNTOUCHED,T1,none,3,5,3,5
R00638,3,UNTOUCHED,T1,none,15,20,15,20
R00639,0,CLONE_INTERVAL,T1,t1_add_blank_line,24,29,24,30
R00639,1,MUTATION,T1,t1_add_blank_line,,,26,26
R00639,2,UNTOUCHED,T1,none,21,23,21,23
R00639,3,UNTOUCHED,T1,none,30,39,31,40
R00640,0,CLONE_INTERVAL,T1,t1_add_eol_comment,7,12,7,12
R00640,1,MUTATION,T1,t1_add_eol_comment,12,12,12,12
R00640,2,UNTOUCHED,T1,none,3,6,3,6
R00640,3,UNTOUCHED,T1,none,13,38,13,38
R00641,0,CLONE_INTERVAL,T2,t2_change_string_literal,11,16,11,16
R00641,1,MUTATION,T2,t2_change_string_literal,12,12,12,12
R00641,2,UNTOUCHED,T1,none,5,10,5,10
R00641,3,UNTOUCHED,T1,none,17,19,17,19
R00642,0,CLONE_INTERVAL,T1,t1_add_blank_line,6,12,6,13
R00642,1,MUTATION,T1,t1_add_blank_line,,,8,8
R00642,2,UNTOUCHED,T1,none,3,5,3,5
R00642,3,UNTOUCHED,T1,none,13,26,14,27
R00643,0,CLONE_INTERVAL,T1,t1_reindent,6,12,6,12
R00643,1,MUTATION,T1,t1_reindent,6,12,6,12
R00643,2,UNTOUCHED,T1,none,3,5,3,5
R00643,3,UNTOUCHED,T1,none,13,20,13,20
R00644,0,CLONE_INTERVAL,T3,t3_insert_statement,7,12,7,13
R00644,1,MUTATION,T3,t3_insert_statement,,,10,10
R00644,2,UNTOUCHED,T1,none,4,6,4,6
R00644,3,UNTOUCHED,T1,none,13,34,14,35
R00645,0,CLONE_INTERVAL,T2,t2_change_string_literal,9,18,9,18
R00645,1,MUTATION,T2,t2_change_string_literal,10,10,10,10
R00645,2,UNTOUCHED,T1,none,5,8,5,8
R00645,3,UNTOUCHED,T1,none,19,25,19,25
R00646,0,CLONE_INTERVAL,T2,t2_change_string_literal,6,11,6,11
R00646,1,MUTATION,T2,t2_change_string_literal,6,6,6,6
R00646,2,UNTOUCHED,T1,none,3,5,3,5
R00646,3,UNTOUCHED,T1,none,12,17,12,17
R00647,0,CLONE_INTERVAL,T1,t1_add_block_comment,8,16,8,17
R00647,1,MUTATION,T1,t1_add_block_comment,,,13,13
R00647,2,UNTOUCHED,T1,none,3,7,3,7
R00647,3,UNTOUCHED,T1,none,17,19,18,20
R00648,0,CLONE_INTERVAL,T2,t2_rename_local_x1,8,13,8,13
R00648,1,MUTATION,T2,t2_rename_local_x1,8,10,8,10
R00648,2,UNTOUCHED,T1,none,3,7,3,7
R00648,3,UNTOUCHED,T1,none,14,21,14,21
R00649,0,CLONE_INTERVAL,T1,t1_add_block_comment,9,27,9,28
R00649,1,MUTATION,T1,t1_add_block_comment,,,17,17
R00649,2,UNTOUCHED,T1,none,3,8,3,8
R00649,3,UNTOUCHED,T1,none,28,33,29,34
R00650,0,CLONE_INTERVAL,T2,t2_change_int_literal,8,21,8,21
R00650,1,MUTATION,T2,t2_change_int_literal,9,9,9,9
R00650,2,UNTOUCHED,T1,none,4,7,4,7
R00650,3,UNTOUCHED,T1,none,22,32,22,32
R00651,0,CLONE_INTERVAL,T2,t2_rename_local_x1,15,21,15,21
R00651,1,MUTATION,T2,t2_rename_local_x1,18,20,18,20
R00651,2,UNTOUCHED,T1,none,4,14,4,14
R00651,3,UNTOUCHED,T1,none,22,24,22,24
R00652,0,CLONE_INTERVAL,T1,t1_reindent,99,104,99,104
R00652,1,MUTATION,T1,t1_reindent,99,104,99,104
R00652,2,UNTOUCHED,T1,none,94,98,94,98
R00652,3,UNTOUCHED,T1,none,105,114,105,114
R00653,0,CLONE_INTERVAL,T2,t2_change_string_literal,27,32,27,32
R00653,1,MUTATION,T2,t2_change_string_literal,28,28,28,28
R00653,2,UNTOUCHED,T1,none,23,26,23,26
R00653,3,UNTOUCHED,T1,none,33,40,33,40
R00654,0,CLONE_INTERVAL,T3,t3_insert_statement,6,13,6,14
R00654,1,MUTATION,T3,t3_insert_statement,,,7,7
R00654,2,UNTOUCHED,T1,none,3,5,3,5
R00654,3,UNTOUCHED,T1,none,14,17,15,18
R00655,0,CLONE_INTERVAL,T3,t3_wrap_statement,6,21,6,23
R00655,1,MUTATION,T3,t3_wrap_statement,7,20,7,18
R00655,2,UNTOUCHED,T1,none,3,5,3,5
R00655,3,UNTOUCHED,T1,none,22,31,24,33
R00656,0,CLONE_INTERVAL,T3,t3_insert_statement,12,17,12,18
R00656,1,MUTATION,T3,t3_insert_statement,,,16,16
R00656,2,UNTOUCHED,T1,none,3,11,3,11
R00656,3,UNTOUCHED,T1,none,18,32,19,33
R00657,0,CLONE_INTERVAL,T1,t1_add_block_comment,10,16,10,17
R00657,1,MUTATION,T1,t1_add_block_comment,,,13,13
R00657,2,UNTOUCHED,T1,none,5,9,5,9
R00657,3,UNTOUCHED,T1,none,17,33,18,34
R00658,0,CLONE_INTERVAL,T1,t1_reindent,6,12,6,12
R00658,1,MUTATION,T1,t1_reindent,6,12,6,12
R00658,2,UNTOUCHED,T1,none,3,5,3,5
R00658,3,UNTOUCHED,T1,none,13,31,13,31
R00659,0,CLONE_INTERVAL,T2,t2_change_int_literal,6,11,6,11
R00659,1,MUTATION,T2,t2_change_int_literal,9,9,9,9
R00659,2,UNTOUCHED,T1,none,3,5,3,5
R00659,3,UNTOUCHED,T1,none,12,21,12,21
R00660,0,CLONE_INTERVAL,T3,t3_insert_statement,19,24,19,25
R00660,1,MUTATION,T3,t3_insert_statement,,,20,20
R00660,2,UNTOUCHED,T1,none,11,18,11,18
R00660,3,UNTOUCHED,T1,none,25,28,26,29
R00661,0,CLONE_INTERVAL,T2,t2_change_int_literal,8,26,8,26
R00661,1,MUTATION,T2,t2_change_int_literal,11,11,11,11
R00661,2,UNTOUCHED,T1,none,4,7,4,7
R00661,3,UNTOUCHED,T1,none,27,34,27,34
R00662,0,CLONE_INTERVAL,T3,t3_insert_statement,9,21,9,22
R00662,1,MUTATION,T3,t3_insert_statement,,,11,11
R00662,2,UNTOUCHED,T1,none,3,8,3,8
R00662,3,UNTOUCHED,T1,none,22,27,23,28
R00663,0,CLONE_INTERVAL,T1,t1_add_eol_comment,6,15,6,15
R00663,1,MUTATION,T1,t1_add_eol_comment,10,10,10,10
R00663,2,UNTOUCHED,T1,none,3,5,3,5
R00663,3,UNTOUCHED,T1,none,16,37,16,37
R00664,0,CLONE_INTERVAL,T3,t3_wrap_statement,9,14,9,16
R00664,1,MUTATION,T3,t3_wrap_statement,9,13,9,14
R00664,2,UNTOUCHED,T1,none,3,8,3,8
R00664,3,UNTOUCHED,T1,none,15,22,17,24
R00665,0,CLONE_INTERVAL,T1,t1_reindent,6,14,6,14
R00665,1,MUTATION,T1,t1_reindent,6,14,6,14
R00665,2,UNTOUCHED,T1,none,3,5,3,5
R00665,3,UNTOUCHED,T1,none,15,20,15,20
R00666,0,CLONE_INTERVAL,T2,t2_change_int_literal,14,24,14,24
R00666,1,MUTATION,T2,t2_change_int_literal,14,14,14,14
R00666,2,UNTOUCHED,T1,none,6,13,6,13
R00666,3,UNTOUCHED,T1,none,25,33,25,33
R00667,0,CLONE_INTERVAL,T3,t3_insert_statement,8,14,8,15
R00667,1,MUTATION,T3,t3_insert_statement,,,9,9
R00667,2,UNTOUCHED,T1,none,5,7,5,7
R00667,3,UNTOUCHED,T1,none,15,18,16,19
R00668,0,CLONE_INTERVAL,T1,t1_add_block_comment,9,22,9,23
R00668,1,MUTATION,T1,t1_add_block_comment,,,18,18
R00668,2,UNTOUCHED,T1,none,3,8,3,8
R00668,3,UNTOUCHED,T1,none,23,34,24,35
R00669,0,CLONE_INTERVAL,T1,t1_reindent,9,15,9,15
R00669,1,MUTATION,T1,t1_reindent,9,15,9,15
R00669,2,UNTOUCHED,T1,none,3,8,3,8
R00669,3,UNTOUCHED,T1,none,16,19,16,19
R00670,0,CLONE_INTERVAL,T1,t1_add_block_comment,6,13,6,14
R00670,1,MUTATION,T1,t1_add_block_comment,,,7,7
R00670,2,UNTOUCHED,T1,none,3,5,3,5
R00670,3,UNTOUCHED,T1,none,14,28,15,29
R00671,0,CLONE_INTERVAL,T1,t1_add_eol_comment,9,15,9,15
R00671,1,MUTATION,T1,t1_add_eol_comment,15,15,15,15
R00671,2,UNTOUCHED,T1,none,4,8,4,8
R00671,3,UNTOUCHED,T1,none,16,23,16,23
R00672,0,CLONE_INTERVAL,T1,t1_reindent,6,11,6,11
R00672,1,MUTATION,T1,t1_reindent,6,11,6,11
R00672,2,UNTOUCHED,T1,none,3,5,3,5
R00672,3,UNTOUCHED,T1,none,12,37,12,37
R00673,0,CLONE_INTERVAL,T2,t2_change_string_literal,6,11,6,11
R00673,1,MUTATION,T2,t2_change_string_literal,8,8,8,8
R00673,2,UNTOUCHED,T1,none,3,5,3,5
R00673,3,UNTOUCHED,T1,none,12,17,12,17
R00674,0,CLONE_INTERVAL,T2,t2_change_string_literal,17,24,17,24
R00674,1,MUTATION,T2,t2_change_string_literal,17,17,17,17
R00674,2,UNTOUCHED,T1,none,5,16,5,16
R00674,3,UNTOUCHED,T1,none,25,29,25,29
R00675,0,CLONE_INTERVAL,T2,t2_change_string_literal,6,13,6,13
R00675,1,MUTATION,T2,t2_change_string_literal,9,9,9,9
R00675,2,UNTOUCHED,T1,none,3,5,3,5
R00675,3,UNTOUCHED,T1,none,14,18,14,18
R00676,0,CLONE_INTERVAL,T3,t3_insert_statement,31,37,31,37
R00676,1,MUTATION,T3,t3_insert_statement,,,38,38
R00676,2,UNTOUCHED,T1,none,26,30,26,30
R00676,3,UNTOUCHED,T1,none,38,47,39,48
R00677,0,CLONE_INTERVAL,T3,t3_delete_statement,14,19,14,18
R00677,1,MUTATION,T3,t3_delete_statement,19,19,,
R00677,2,UNTOUCHED,T1,none,10,13,10,13
R00677,3,UNTOUCHED,T1,none,20,29,19,28
R00678,0,CLONE_INTERVAL,T3,t3_wrap_statement,9,14,9,16
R00678,1,MUTATION,T3,t3_wrap_statement,12,12,12,14
R00678,2,UNTOUCHED,T1,none,6,8,6,8
R00678,3,UNTOUCHED,T1,none,15,18,17,20
R00679,0,CLONE_INTERVAL,T1,t1_add_blank_line,28,33,28,34
R00679,1,MUTATION,T1,t1_add_blank_line,,,29,29
R00679,2,UNTOUCHED,T1,none,13,27,13,27
R00679,3,UNTOUCHED,T1,none,34,50,35,51
R00680,0,CLONE_INTERVAL,T3,t3_delete_statement,6,11,6,10
R00680,1,MUTATION,T3,t3_delete_statement,11,11,,
R00680,2,UNTOUCHED,T1,none,3,5,3,5
R00680,3,UNTOUCHED,T1,none,12,19,11,18
R00681,0,CLONE_INTERVAL,T1,t1_reindent,8,13,8,13
R00681,1,MUTATION,T1,t1_reindent,8,13,8,13
R00681,2,UNTOUCHED,T1,none,3,7,3,7
R00681,3,UNTOUCHED,T1,none,14,23,14,23
R00682,0,CLONE_INTERVAL,T2,t2_change_int_literal,8,22,8,22
R00682,1,MUTATION,T2,t2_change_int_literal,8,8,8,8
R00682,2,UNTOUCHED,T1,none,3,7,3,7
R00682,3,UNTOUCHED,T1,none,23,25,23,25
R00683,0,CLONE_INTERVAL,T1,t1_add_block_comment,71,76,71,77
R00683,1,MUTATION,T1,t1_add_block_comment,,,73,73
R00683,2,UNTOUCHED,T1,none,66,70,66,70
R00683,3,UNTOUCHED,T1,none,77,86,78,87
R00684,0,CLONE_INTERVAL,T3,t3_delete_statement,8,13,8,12
R00684,1,MUTATION,T3,t3_delete_statement,11,11,,
R00684,2,UNTOUCHED,T1,none,5,7,5,7
R00684,3,UNTOUCHED,T1,none,14,19,13,18
R00685,0,CLONE_INTERVAL,T1,t1_add_block_comment,11,18,11,19
R00685,1,MUTATION,T1,t1_add_block_comment,,,18,18
R00685,2,UNTOUCHED,T1,none,3,10,3,10
R00685,3,UNTOUCHED,T1,none,19,23,20,24
R00686,0,CLONE_INTERVAL,T1,t1_add_block_comment,8,13,8,14
R00686,1,MUTATION,T1,t1_add_block_comment,,,13,13
R00686,2,UNTOUCHED,T1,none,3,7,3,7
R00686,3,UNTOUCHED,T1,none,14,16,15,17
R00687,0,CLONE_INTERVAL,T3,t3_wrap_statement,9,14,9,16
R00687,1,MUTATION,T3,t3_wrap_statement,9,10,9,12
R00687,2,UNTOUCHED,T1,none,3,8,3,8
R00687,3,UNTOUCHED,T1,none,15,22,17,24
R00688,0,CLONE_INTERVAL,T2,t2_rename_local_x2,6,15,6,15
R00688,1,MUTATION,T2,t2_rename_local_x2,9,13,9,13
R00688,2,UNTOUCHED,T1,none,3,5,3,5
R00688,3,UNTOUCHED,T1,none,16,20,16,20
R00689,0,CLONE_INTERVAL,T3,t3_delete_statement,9,14,9,13
R00689,1,MUTATION,T3,t3_delete_statement,12,12,,
R00689,2,UNTOUCHED,T1,none,3,8,3,8
R00689,3,UNTOUCHED,T1,none,15,33,14,32
R00690,0,CLONE_INTERVAL,T3,t3_delete_statement,9,15,9,14
R00690,1,MUTATION,T3,t3_delete_statement,10,10,,
R00690,2,UNTOUCHED,T1,none,3,8,3,8
R00690,3,UNTOUCHED,T1,none,16,23,15,22
R00691,0,CLONE_INTERVAL,T2,t2_change_string_literal,10,19,10,19
R00691,1,MUTATION,T2,t2_change_string_literal,12,12,12,12
R00691,2,UNTOUCHED,T1,none,3,9,3,9
R00691,3,UNTOUCHED,T1,none,20,29,20,29
R00692,0,CLONE_INTERVAL,T1,t1_add_block_comment,81,86,81,87
R00692,1,MUTATION,T1,t1_add_block_comment,,,86,86
R00692,2,UNTOUCHED,T1,none,76,80,76,80
R00692,3,UNTOUCHED,T1,none,87,96,88,97
R00693,0,CLONE_INTERVAL,T1,t1_reindent,25,40,25,40
R00693,1,MUTATION,T1,t1_reindent,25,40,25,40
R00693,2,UNTOUCHED,T1,none,4,24,4,24
R00693,3,UNTOUCHED,T1,none,41,53,41,53
R00694,0,CLONE_INTERVAL,T2,t2_rename_local_x5,11,19,11,19
R00694,1,MUTATION,T2,t2_rename_local_x5,12,18,12,18
R00694,2,UNTOUCHED,T1,none,3,10,3,10
R00694,3,UNTOUCHED,T1,none,20,23,20,23
R00695,0,CLONE_INTERVAL,T1,t1_add_eol_comment,12,18,12,18
R00695,1,MUTATION,T1,t1_add_eol_comment,12,12,12,12
R00695,2,UNTOUCHED,T1,none,4,11,4,11
R00695,3,UNTOUCHED,T1,none,19,24,19,24
R00696,0,CLONE_INTERVAL,T2,t2_rename_local_x3,8,13,8,13
R00696,1,MUTATION,T2,t2_rename_local_x3,8,10,8,10
R00696,2,UNTOUCHED,T1,none,3,7,3,7
R00696,3,UNTOUCHED,T1,none,14,21,14,21
R00697,0,CLONE_INTERVAL,T3,t3_wrap_statement,14,22,14,24
R00697,1,MUTATION,T3,t3_wrap_statement,15,20,15,22
R00697,2,UNTOUCHED,T1,none,10,13,10,13
R00697,3,UNTOUCHED,T1,none,23,43,25,45
R00698,0,CLONE_INTERVAL,T2,t2_rename_local_x2,7,13,7,13
R00698,1,MUTATION,T2,t2_rename_local_x2,8,13,8,13
R00698,2,UNTOUCHED,T1,none,3,6,3,6
R00698,3,UNTOUCHED,T1,none,14,17,14,17
R00699,0,CLONE_INTERVAL,T1,t1_add_block_comment,6,11,6,12
R00699,1,MUTATION,T1,t1_add_block_comment,,,11,11
R00699,2,UNTOUCHED,T1,none,3,5,3,5
R00699,3,UNTOUCHED,T1,none,12,22,13,23
R00700,0,CLONE_INTERVAL,T2,t2_change_int_literal,12,18,12,18
R00700,1,MUTATION,T2,t2_change_int_literal,12,12,12,12
R00700,2,UNTOUCHED,T1,none,3,11,3,11
R00700,3,UNTOUCHED,T1,none,19,21,19,21
R00701,0,CLONE_INTERVAL,T3,t3_delete_statement,12,20,12,19
R00701,1,MUTATION,T3,t3_delete_statement,12,12,,
R00701,2,UNTOUCHED,T1,none,3,11,3,11
R00701,3,UNTOUCHED,T1,none,21,25,20,24
R00702,0,CLONE_INTERVAL,T1,t1_reindent,8,13,8,13
R00702,1,MUTATION,T1,t1_reindent,8,13,8,13
R00702,2,UNTOUCHED,T1,none,3,7,3,7
R00702,3,UNTOUCHED,T1,none,14,18,14,18
R00703,0,CLONE_INTERVAL,T1,t1_add_block_comment,6,11,6,12
R00703,1,MUTATION,T1,t1_add_block_comment,,,9,9
R00703,2,UNTOUCHED,T1,none,3,5,3,5
R00703,3,UNTOUCHED,T1,none,12,15,13,16
R00704,0,CLONE_INTERVAL,T2,t2_rename_local_x2,6,18,6,18
R00704,1,MUTATION,T2,t2_rename_local_x2,8,10,8,10
R00704,2,UNTOUCHED,T1,none,3,5,3,5
R00704,3,UNTOUCHED,T1,none,19,21,19,21
R00705,0,CLONE_INTERVAL,T1,t1_add_block_comment,11,21,11,22
R00705,1,MUTATION,T1,t1_add_block_comment,,,18,18
R00705,2,UNTOUCHED,T1,none,4,10,4,10
R00705,3,UNTOUCHED,T1,none,22,31,23,32
R00706,0,CLONE_INTERVAL,T2,t2_rename_local_x1,6,11,6,11
R00706,1,MUTATION,T2,t2_rename_local_x1,6,7,6,7
R00706,2,UNTOUCHED,T1,none,3,5,3,5
R00706,3,UNTOUCHED,T1,none,12,14,12,14
R00707,0,CLONE_INTERVAL,T2,t2_rename_local_x1,6,12,6,12
R00707,1,MUTATION,T2,t2_rename_local_x1,9,11,9,11
R00707,2,UNTOUCHED,T1,none,3,5,3,5
R00707,3,UNTOUCHED,T1,none,13,25,13,25
R00708,0,CLONE_INTERVAL,T3,t3_delete_statement,29,34,28,32
R00708,1,MUTATION,T3,t3_delete_statement,29,29,,
R00708,2,UNTOUCHED,T1,none,26,28,25,27
R00708,3,UNTOUCHED,T1,none,35,38,33,36
R00709,0,CLONE_INTERVAL,T1,t1_reindent,99,105,99,105
R00709,1,MUTATION,T1,t1_reindent,99,105,99,105
R00709,2,UNTOUCHED,T1,none,92,98,92,98
R00709,3,UNTOUCHED,T1,none,106,108,106,108
R00710,0,CLONE_INTERVAL,T1,t1_add_eol_comment,6,11,6,11
R00710,1,MUTATION,T1,t1_add_eol_comment,11,11,11,11
R00710,2,UNTOUCHED,T1,none,3,5,3,5
R00710,3,UNTOUCHED,T1,none,12,18,12,18
R00711,0,CLONE_INTERVAL,T2,t2_change_int_literal,6,11,6,11
R00711,1,MUTATION,T2,t2_change_int_literal,8,8,8,8
R00711,2,UNTOUCHED,T1,none,3,5,3,5
R00711,3,UNTOUCHED,T1,none,12,24,12,24
R00712,0,CLONE_INTERVAL,T3,t3_wrap_statement,11,19,11,21
R00712,1,MUTATION,T3,t3_wrap_statement,11,11,11,13
R00712,2,UNTOUCHED,T1,none,5,10,5,10
R00712,3,UNTOUCHED,T1,none,20,22,22,24
R00713,0,CLONE_INTERVAL,T1,t1_add_eol_comment,10,17,10,17
R00713,1,MUTATION,T1,t1_add_eol_comment,15,15,15,15
R00713,2,UNTOUCHED,T1,none,5,9,5,9
R00713,3,UNTOUCHED,T1,none,18,31,18,31
R00714,0,CLONE_INTERVAL,T3,t3_insert_statement,10,16,10,17
R00714,1,MUTATION,T3,t3_insert_statement,,,12,12
R00714,2,UNTOUCHED,T1,none,7,9,7,9
R00714,3,UNTOUCHED,T1,none,17,19,18,20
R00715,0,CLONE_INTERVAL,T2,t2_rename_local_x2,6,11,6,11
R00715,1,MUTATION,T2,t2_rename_local_x2,7,11,7,11
R00715,2,UNTOUCHED,T1,none,3,5,3,5
R00715,3,UNTOUCHED,T1,none,12,14,12,14
R00716,0,CLONE_INTERVAL,T2,t2_change_int_literal,10,17,10,17
R00716,1,MUTATION,T2,t2_change_int_literal,10,10,10,10
R00716,2,UNTOUCHED,T1,none,3,9,3,9
R00716,3,UNTOUCHED,T1,none,18,20,18,20
R00717,0,CLONE_INTERVAL,T1,t1_add_blank_line,18,23,18,24
R00717,1,MUTATION,T1,t1_add_blank_line,,,20,20
R00717,2,UNTOUCHED,T1,none,8,17,8,17
R00717,3,UNTOUCHED,T1,none,24,35,25,36
R00718,0,CLONE_INTERVAL,T1,t1_add_block_comment,10,15,10,16
R00718,1,MUTATION,T1,t1_add_block_comment,,,15,15
R00718,2,UNTOUCHED,T1,none,5,9,5,9
R00718,3,UNTOUCHED,T1,none,16,21,17,22
R00719,0,CLONE_INTERVAL,T2,t2_change_string_literal,7,14,7,14
R00719,1,MUTATION,T2,t2_change_string_literal,12,12,12,12
R00719,2,UNTOUCHED,T1,none,3,6,3,6
R00719,3,UNTOUCHED,T1,none,15,17,15,17
R00720,0,CLONE_INTERVAL,T2,t2_change_string_literal,11,31,11,31
R00720,1,MUTATION,T2,t2_change_string_literal,18,18,18,18
R00720,2,UNTOUCHED,T1,none,4,10,4,10
R00720,3,UNTOUCHED,T1,none,32,36,32,36
R00721,0,CLONE_INTERVAL,T1,t1_add_eol_comment,136,145,136,145
R00721,1,MUTATION,T1,t1_add_eol_comment,136,136,136,136
R00721,2,UNTOUCHED,T1,none,133,135,133,135
R00721,3,UNTOUCHED,T1,none,146,148,146,148
R00722,0,CLONE_INTERVAL,T2,t2_change_string_literal,11,17,11,17
R00722,1,MUTATION,T2,t2_change_string_literal,13,13,13,13
R00722,2,UNTOUCHED,T1,none,3,10,3,10
R00722,3,UNTOUCHED,T1,none,18,20,18,20
R00723,0,CLONE_INTERVAL,T3,t3_wrap_statement,8,13,8,15
R00723,1,MUTATION,T3,t3_wrap_statement,10,12,10,14
R00723,2,UNTOUCHED,T1,none,3,7,3,7
R00723,3,UNTOUCHED,T1,none,14,16,16,18
R00724,0,CLONE_INTERVAL,T1,t1_reindent,9,14,9,14
R00724,1,MUTATION,T1,t1_reindent,9,14,9,14
R00724,2,UNTOUCHED,T1,none,3,8,3,8
R00724,3,UNTOUCHED,T1,none,15,18,15,18
R00725,0,CLONE_INTERVAL,T2,t2_change_string_literal,19,31,19,31
R00725,1,MUTATION,T2,t2_change_string_literal,22,22,22,22
R00725,2,UNTOUCHED,T1,none,12,18,12,18
R00725,3,UNTOUCHED,T1,none,32,36,32,36
R00726,0,CLONE_INTERVAL,T2,t2_rename_local_x1,7,14,7,14
R00726,1,MUTATION,T2,t2_rename_local_x1,8,10,8,10
R00726,2,UNTOUCHED,T1,none,4,6,4,6
R00726,3,UNTOUCHED,T1,none,15,18,15,18
R00727,0,CLONE_INTERVAL,T3,t3_wrap_statement,8,13,8,16
R00727,1,MUTATION,T3,t3_wrap_statement,12,13,12,16
R00727,2,UNTOUCHED,T1,none,3,7,3,7
R00727,3,UNTOUCHED,T1,none,15,18,17,20
R00728,0,CLONE_INTERVAL,T1,t1_add_block_comment,9,22,9,23
R00728,1,MUTATION,T1,t1_add_block_comment,,,13,13
R00728,2,UNTOUCHED,T1,none,3,8,3,8
R00728,3,UNTOUCHED,T1,none,23,26,24,27
R00729,0,CLONE_INTERVAL,T3,t3_insert_statement,78,83,78,84
R00729,1,MUTATION,T3,t3_insert_statement,,,79,79
R00729,2,UNTOUCHED,T1,none,72,77,72,77
R00729,3,UNTOUCHED,T1,none,84,98,85,99
R00730,0,CLONE_INTERVAL,T1,t1_reindent,6,13,6,13
R00730,1,MUTATION,T1,t1_reindent,6,13,6,13
R00730,2,UNTOUCHED,T1,none,3,5,3,5
R00730,3,UNTOUCHED,T1,none,14,19,14,19
R00731,0,CLONE_INTERVAL,T3,t3_delete_statement,6,11,6,10
R00731,1,MUTATION,T3,t3_delete_statement,11,11,,
R00731,2,UNTOUCHED,T1,none,3,5,3,5
R00731,3,UNTOUCHED,T1,none,12,15,11,14
R00732,0,CLONE_INTERVAL,T1,t1_add_eol_comment,41,46,41,46
R00732,1,MUTATION,T1,t1_add_eol_comment,42,42,42,42
R00732,2,UNTOUCHED,T1,none,3,40,3,40
R00732,3,UNTOUCHED,T1,none,47,53,47,53
R00733,0,CLONE_INTERVAL,T3,t3_insert_statement,20,26,20,27
R00733,1,MUTATION,T3,t3_insert_statement,,,25,25
R00733,2,UNTOUCHED,T1,none,3,19,3,19
R00733,3,UNTOUCHED,T1,none,27,36,28,37
R00734,0,CLONE_INTERVAL,T1,t1_add_block_comment,7,15,7,16
R00734,1,MUTATION,T1,t1_add_block_comment,,,13,13
R00734,2,UNTOUCHED,T1,none,4,6,4,6
R00734,3,UNTOUCHED,T1,none,16,34,17,35
R00735,0,CLONE_INTERVAL,T2,t2_rename_local_x1,6,11,6,11
R00735,1,MUTATION,T2,t2_rename_local_x1,7,8,7,8
R00735,2,UNTOUCHED,T1,none,3,5,3,5
R00735,3,UNTOUCHED,T1,none,12,17,12,17
R00736,0,CLONE_INTERVAL,T3,t3_delete_statement,7,13,6,11
R00736,1,MUTATION,T3,t3_delete_statement,10,10,,
R00736,2,UNTOUCHED,T1,none,4,6,3,5
R00736,3,UNTOUCHED,T1,none,14,21,12,19
R00737,0,CLONE_INTERVAL,T3,t3_insert_statement,7,12,7,13
R00737,1,MUTATION,T3,t3_insert_statement,,,10,10
R00737,2,UNTOUCHED,T1,none,3,6,3,6
R00737,3,UNTOUCHED,T1,none,13,24,14,25
R00738,0,CLONE_INTERVAL,T2,t2_change_string_literal,9,26,9,26
R00738,1,MUTATION,T2,t2_change_string_literal,11,11,11,11
R00738,2,UNTOUCHED,T1,none,6,8,6,8
R00738,3,UNTOUCHED,T1,none,27,30,27,30
R00739,0,CLONE_INTERVAL,T1,t1_add_block_comment,8,14,8,15
R00739,1,MUTATION,T1,t1_add_block_comment,,,11,11
R00739,2,UNTOUCHED,T1,none,4,7,4,7
R00739,3,UNTOUCHED,T1,none,15,20,16,21
R00740,0,CLONE_INTERVAL,T3,t3_delete_statement,9,14,9,13
R00740,1,MUTATION,T3,t3_delete_statement,14,14,,
R00740,2,UNTOUCHED,T1,none,6,8,6,8
R00740,3,UNTOUCHED,T1,none,15,17,14,16
R00741,0,CLONE_INTERVAL,T2,t2_change_int_literal,7,22,7,22
R00741,1,MUTATION,T2,t2_change_int_literal,11,11,11,11
R00741,2,UNTOUCHED,T1,none,4,6,4,6
R00741,3,UNTOUCHED,T1,none,23,25,23,25
R00742,0,CLONE_INTERVAL,T1,t1_reindent,33,38,33,38
R00742,1,MUTATION,T1,t1_reindent,33,38,33,38
R00742,2,UNTOUCHED,T1,none,3,32,3,32
R00742,3,UNTOUCHED,T1,none,39,45,39,45
R00743,0,CLONE_INTERVAL,T3,t3_delete_statement,11,16,10,14
R00743,1,MUTATION,T3,t3_delete_statement,16,16,,
R00743,2,UNTOUCHED,T1,none,6,10,5,9
R00743,3,UNTOUCHED,T1,none,17,20,15,18
R00744,0,CLONE_INTERVAL,T1,t1_add_block_comment,6,11,6,12
R00744,1,MUTATION,T1,t1_add_block_comment,,,8,8
R00744,2,UNTOUCHED,T1,none,3,5,3,5
R00744,3,UNTOUCHED,T1,none,12,20,13,21
R00745,0,CLONE_INTERVAL,T1,t1_add_eol_comment,15,28,15,28
R00745,1,MUTATION,T1,t1_add_eol_comment,24,24,24,24
R00745,2,UNTOUCHED,T1,none,4,14,4,14
R00745,3,UNTOUCHED,T1,none,29,49,29,49
R00746,0,CLONE_INTERVAL,T2,t2_rename_local_x2,10,16,10,16
R00746,1,MUTATION,T2,t2_rename_local_x2,10,12,10,12
R00746,2,UNTOUCHED,T1,none,4,9,4,9
R00746,3,UNTOUCHED,T1,none,17,22,17,22
R00747,0,CLONE_INTERVAL,T3,t3_delete_statement,7,15,7,14
R00747,1,MUTATION,T3,t3_delete_statement,7,7,,
R00747,2,UNTOUCHED,T1,none,3,6,3,6
R00747,3,UNTOUCHED,T1,none,16,21,15,20
R00748,0,CLONE_INTERVAL,T1,t1_reindent,21,26,21,26
R00748,1,MUTATION,T1,t1_reindent,21,26,21,26
R00748,2,UNTOUCHED,T1,none,16,20,16,20
R00748,3,UNTOUCHED,T1,none,27,29,27,29
R00749,0,CLONE_INTERVAL,T1,t1_add_blank_line,6,12,6,13
R00749,1,MUTATION,T1,t1_add_blank_line,,,11,11
R00749,2,UNTOUCHED,T1,none,3,5,3,5
R00749,3,UNTOUCHED,T1,none,13,17,14,18
R00750,0,CLONE_INTERVAL,T1,t1_add_eol_comment,26,32,26,32
R00750,1,MUTATION,T1,t1_add_eol_comment,29,29,29,29
R00750,2,UNTOUCHED,T1,none,22,25,22,25
R00750,3,UNTOUCHED,T1,none,33,36,33,36
R00751,0,CLONE_INTERVAL,T3,t3_wrap_statement,12,21,12,23
R00751,1,MUTATION,T3,t3_wrap_statement,12,21,12,23
R00751,2,UNTOUCHED,T1,none,3,11,3,11
R00751,3,UNTOUCHED,T1,none,22,30,24,32
R00752,0,CLONE_INTERVAL,T3,t3_delete_statement,10,15,10,14
R00752,1,MUTATION,T3,t3_delete_statement,15,15,,
R00752,2,UNTOUCHED,T1,none,5,9,5,9
R00752,3,UNTOUCHED,T1,none,16,27,15,26
R00753,0,CLONE_INTERVAL,T2,t2_change_string_literal,13,31,13,31
R00753,1,MUTATION,T2,t2_change_string_literal,15,15,15,15
R00753,2,UNTOUCHED,T1,none,3,12,3,12
R00753,3,UNTOUCHED,T1,none,32,35,32,35
R00754,0,CLONE_INTERVAL,T1,t1_add_blank_line,45,61,45,62
R00754,1,MUTATION,T1,t1_add_blank_line,,,58,58
R00754,2,UNTOUCHED,T1,none,29,44,29,44
R00754,3,UNTOUCHED,T1,none,62,66,63,67
R00755,0,CLONE_INTERVAL,T3,t3_insert_statement,7,15,7,15
R00755,1,MUTATION,T3,t3_insert_statement,,,16,16
R00755,2,UNTOUCHED,T1,none,3,6,3,6
R00755,3,UNTOUCHED,T1,none,16,25,17,26
R00756,0,CLONE_INTERVAL,T2,t2_rename_local_x1,10,19,10,19
R00756,1,MUTATION,T2,t2_rename_local_x1,10,11,10,11
R00756,2,UNTOUCHED,T1,none,4,9,4,9
R00756,3,UNTOUCHED,T1,none,20,22,20,22
R00757,0,CLONE_INTERVAL,T2,t2_change_string_literal,8,14,8,14
R00757,1,MUTATION,T2,t2_change_string_literal,10,10,10,10
R00757,2,UNTOUCHED,T1,none,4,7,4,7
R00757,3,UNTOUCHED,T1,none,15,23,15,23
R00758,0,CLONE_INTERVAL,T3,t3_wrap_statement,6,11,6,13
R00758,1,MUTATION,T3,t3_wrap_statement,7,8,7,10
R00758,2,UNTOUCHED,T1,none,3,5,3,5
R00758,3,UNTOUCHED,T1,none,12,23,14,25
R00759,0,CLONE_INTERVAL,T1,t1_add_blank_line,11,16,11,17
R00759,1,MUTATION,T1,t1_add_blank_line,,,13,13
R00759,2,UNTOUCHED,T1,none,3,10,3,10
R00759,3,UNTOUCHED,T1,none,17,24,18,25
R00760,0,CLONE_INTERVAL,T3,t3_insert_statement,7,13,7,13
R00760,1,UNTOUCHED,T1,none,3,6,3,6
R00760,2,UNTOUCHED,T1,none,14,14,14,14
R00760,3,UNTOUCHED,T1,none,15,49,16,50
R00761,0,CLONE_INTERVAL,T2,t2_change_string_literal,7,18,7,18
R00761,1,MUTATION,T2,t2_change_string_literal,12,12,12,12
R00761,2,UNTOUCHED,T1,none,3,6,3,6
R00761,3,UNTOUCHED,T1,none,19,57,19,57
R00762,0,CLONE_INTERVAL,T2,t2_change_int_literal,9,14,9,14
R00762,1,MUTATION,T2,t2_change_int_literal,9,9,9,9
R00762,2,UNTOUCHED,T1,none,3,8,3,8
R00762,3,UNTOUCHED,T1,none,15,34,15,34
R00763,0,CLONE_INTERVAL,T3,t3_delete_statement,6,11,6,10
R00763,1,MUTATION,T3,t3_delete_statement,11,11,,
R00763,2,UNTOUCHED,T1,none,3,5,3,5
R00763,3,UNTOUCHED,T1,none,12,22,11,21
R00764,0,CLONE_INTERVAL,T2,t2_rename_local_x2,7,13,7,13
R00764,1,MUTATION,T2,t2_rename_local_x2,8,11,8,11
R00764,2,UNTOUCHED,T1,none,3,6,3,6
R00764,3,UNTOUCHED,T1,none,14,24,14,24
R00765,0,CLONE_INTERVAL,T1,t1_add_blank_line,6,11,6,12
R00765,1,MUTATION,T1,t1_add_blank_line,,,8,8
R00765,2,UNTOUCHED,T1,none,3,5,3,5
R00765,3,UNTOUCHED,T1,none,12,20,13,21
R00766,0,CLONE_INTERVAL,T1,t1_add_eol_comment,62,73,62,73
R00766,1,MUTATION,T1,t1_add_eol_comment,64,64,64,64
R00766,2,UNTOUCHED,T1,none,58,61,58,61
R00766,3,UNTOUCHED,T1,none,74,79,74,79
R00767,0,CLONE_INTERVAL,T3,t3_delete_statement,11,21,11,20
R00767,1,MUTATION,T3,t3_delete_statement,14,14,,
R00767,2,UNTOUCHED,T1,none,7,10,7,10
R00767,3,UNTOUCHED,T1,none,22,25,21,24
R00768,0,CLONE_INTERVAL,T2,t2_rename_local_x2,8,26,8,26
R00768,1,MUTATION,T2,t2_rename_local_x2,10,12,10,12
R00768,2,UNTOUCHED,T1,none,3,7,3,7
R00768,3,UNTOUCHED,T1,none,27,31,27,31
R00769,0,CLONE_INTERVAL,T2,t2_change_int_literal,37,52,37,52
R00769,1,MUTATION,T2,t2_change_int_literal,40,40,40,40
R00769,2,UNTOUCHED,T1,none,21,36,21,36
R00769,3,UNTOUCHED,T1,none,53,58,53,58
R00770,0,CLONE_INTERVAL,T3,t3_insert_statement,11,16,11,17
R00770,1,MUTATION,T3,t3_insert_statement,,,12,12
R00770,2,UNTOUCHED,T1,none,3,10,3,10
R00770,3,UNTOUCHED,T1,none,17,36,18,37
R00771,0,CLONE_INTERVAL,T1,t1_add_blank_line,10,15,10,16
R00771,1,MUTATION,T1,t1_add_blank_line,,,13,13
R00771,2,UNTOUCHED,T1,none,7,9,7,9
R00771,3,UNTOUCHED,T1,none,16,24,17,25
R00772,0,CLONE_INTERVAL,T3,t3_insert_statement,6,13,6,14
R00772,1,MUTATION,T3,t3_insert_statement,,,7,7
R00772,2,UNTOUCHED,T1,none,3,5,3,5
R00772,3,UNTOUCHED,T1,none,14,19,15,20
R00773,0,CLONE_INTERVAL,T1,t1_add_block_comment,8,13,8,14
R00773,1,MUTATION,T1,t1_add_block_comment,,,10,10
R00773,2,UNTOUCHED,T1,none,5,7,5,7
R00773,3,UNTOUCHED,T1,none,14,22,15,23
R00774,0,CLONE_INTERVAL,T1,t1_add_block_comment,6,11,6,12
R00774,1,MUTATION,T1,t1_add_block_comment,,,10,10
R00774,2,UNTOUCHED,T1,none,3,5,3,5
R00774,3,UNTOUCHED,T1,none,12,15,13,16
R00775,0,CLONE_INTERVAL,T3,t3_insert_statement,12,17,12,18
R00775,1,MUTATION,T3,t3_insert_statement,,,13,13
R00775,2,UNTOUCHED,T1,none,3,11,3,11
R00775,3,UNTOUCHED,T1,none,18,22,19,23
R00776,0,CLONE_INTERVAL,T3,t3_wrap_statement,10,15,10,17
R00776,1,MUTATION,T3,t3_wrap_statement,11,12,11,14
R00776,2,UNTOUCHED,T1,none,5,9,5,9
R00776,3,UNTOUCHED,T1,none,16,28,18,30
R00777,0,CLONE_INTERVAL,T3,t3_insert_statement,88,93,88,93
R00777,1,MUTATION,T3,t3_insert_statement,,,94,94
R00777,2,UNTOUCHED,T1,none,85,87,85,87
R00777,3,UNTOUCHED,T1,none,94,102,95,103
R00778,0,CLONE_INTERVAL,T1,t1_add_eol_comment,6,11,6,11
R00778,1,MUTATION,T1,t1_add_eol_comment,7,7,7,7
R00778,2,UNTOUCHED,T1,none,3,5,3,5
R00778,3,UNTOUCHED,T1,none,12,17,12,17
R00779,0,CLONE_INTERVAL,T1,t1_reindent,10,16,10,16
R00779,1,MUTATION,T1,t1_reindent,10,16,10,16
R00779,2,UNTOUCHED,T1,none,3,9,3,9
R00779,3,UNTOUCHED,T1,none,17,24,17,24
R00780,0,CLONE_INTERVAL,T1,t1_reindent,13,21,13,21
R00780,1,MUTATION,T1,t1_reindent,13,21,13,21
R00780,2,UNTOUCHED,T1,none,3,12,3,12
R00780,3,UNTOUCHED,T1,none,22,24,22,24
R00781,0,CLONE_INTERVAL,T2,t2_rename_local_x1,7,14,7,14
R00781,1,MUTATION,T2,t2_rename_local_x1,8,11,8,11
R00781,2,UNTOUCHED,T1,none,3,6,3,6
R00781,3,UNTOUCHED,T1,none,15,22,15,22
R00782,0,CLONE_INTERVAL,T1,t1_add_blank_line,9,15,9,16
R00782,1,MUTATION,T1,t1_add_blank_line,,,11,11
R00782,2,UNTOUCHED,T1,none,6,8,6,8
R00782,3,UNTOUCHED,T1,none,16,19,17,20
R00783,0,CLONE_INTERVAL,T3,t3_wrap_statement,9,14,9,16
R00783,1,MUTATION,T3,t3_wrap_statement,14,14,14,16
R00783,2,UNTOUCHED,T1,none,5,8,5,8
R00783,3,UNTOUCHED,T1,none,15,26,17,28
R00784,0,CLONE_INTERVAL,T2,t2_rename_local_x1,13,25,13,25
R00784,1,MUTATION,T2,t2_rename_local_x1,14,23,14,23
R00784,2,UNTOUCHED,T1,none,4,12,4,12
R00784,3,UNTOUCHED,T1,none,26,29,26,29
R00785,0,CLONE_INTERVAL,T3,t3_wrap_statement,18,23,18,25
R00785,1,MUTATION,T3,t3_wrap_statement,19,19,19,21
R00785,2,UNTOUCHED,T1,none,3,17,3,17
R00785,3,UNTOUCHED,T1,none,24,44,26,46
R00786,0,CLONE_INTERVAL,T2,t2_rename_local_x5,6,11,6,11
R00786,1,MUTATION,T2,t2_rename_local_x5,6,11,6,11
R00786,2,UNTOUCHED,T1,none,3,5,3,5
R00786,3,UNTOUCHED,T1,none,12,14,12,14
R00787,0,CLONE_INTERVAL,T3,t3_insert_statement,82,87,82,87
R00787,1,MUTATION,T3,t3_insert_statement,,,88,88
R00787,2,UNTOUCHED,T1,none,79,81,79,81
R00787,3,UNTOUCHED,T1,none,88,102,89,103
R00788,0,CLONE_INTERVAL,T1,t1_reindent,14,20,14,20
R00788,1,MUTATION,T1,t1_reindent,14,20,14,20
R00788,2,UNTOUCHED,T1,none,3,13,3,13
R00788,3,UNTOUCHED,T1,none,21,24,21,24
R00789,0,CLONE_INTERVAL,T3,t3_wrap_statement,17,23,17,25
R00789,1,MUTATION,T3,t3_wrap_statement,18,21,18,23
R00789,2,UNTOUCHED,T1,none,3,16,3,16
R00789,3,UNTOUCHED,T1,none,24,42,26,44
R00790,0,CLONE_INTERVAL,T3,t3_delete_statement,6,17,6,16
R00790,1,MUTATION,T3,t3_delete_statement,7,7,,
R00790,2,UNTOUCHED,T1,none,3,5,3,5
R00790,3,UNTOUCHED,T1,none,18,25,17,24
R00791,0,CLONE_INTERVAL,T1,t1_reindent,7,12,7,12
R00791,1,MUTATION,T1,t1_reindent,7,12,7,12
R00791,2,UNTOUCHED,T1,none,4,6,4,6
R00791,3,UNTOUCHED,T1,none,13,18,13,18
R00792,0,CLONE_INTERVAL,T1,t1_add_block_comment,11,17,11,18
R00792,1,MUTATION,T1,t1_add_block_comment,,,12,12
R00792,2,UNTOUCHED,T1,none,3,10,3,10
R00792,3,UNTOUCHED,T1,none,18,25,19,26
R00793,0,CLONE_INTERVAL,T1,t1_reindent,6,11,6,11
R00793,1,MUTATION,T1,t1_reindent,6,11,6,11
R00793,2,UNTOUCHED,T1,none,3,5,3,5
R00793,3,UNTOUCHED,T1,none,12,14,12,14
R00794,0,CLONE_INTERVAL,T2,t2_change_int_literal,81,86,81,86
R00794,1,MUTATION,T2,t2_change_int_literal,81,81,81,81
R00794,2,UNTOUCHED,T1,none,76,80,76,80
R00794,3,UNTOUCHED,T1,none,87,96,87,96
R00795,0,CLONE_INTERVAL,T1,t1_add_eol_comment,21,33,21,33
R00795,1,MUTATION,T1,t1_add_eol_comment,23,23,23,23
R00795,2,UNTOUCHED,T1,none,4,20,4,20
R00795,3,UNTOUCHED,T1,none,34,38,34,38
R00796,0,CLONE_INTERVAL,T3,t3_delete_statement,10,15,10,14
R00796,1,MUTATION,T3,t3_delete_statement,13,13,,
R00796,2,UNTOUCHED,T1,none,4,9,4,9
R00796,3,UNTOUCHED,T1,none,16,26,15,25
R00797,0,CLONE_INTERVAL,T1,t1_reindent,7,15,7,15
R00797,1,MUTATION,T1,t1_reindent,7,15,7,15
R00797,2,UNTOUCHED,T1,none,3,6,3,6
R00797,3,UNTOUCHED,T1,none,16,21,16,21
R00798,0,CLONE_INTERVAL,T3,t3_insert_statement,75,81,75,81
R00798,1,MUTATION,T3,t3_insert_statement,,,82,82
R00798,2,UNTOUCHED,T1,none,69,74,69,74
R00798,3,UNTOUCHED,T1,none,82,84,83,85
R00799,0,CLONE_INTERVAL,T3,t3_wrap_statement,7,15,7,17
R00799,1,MUTATION,T3,t3_wrap_statement,10,13,10,15
R00799,2,UNTOUCHED,T1,none,3,6,3,6
R00799,3,UNTOUCHED,T1,none,16,18,18,20
R00800,0,CLONE_INTERVAL,T3,t3_wrap_statement,6,12,6,15
R00800,1,MUTATION,T3,t3_wrap_statement,11,12,11,15
R00800,2,UNTOUCHED,T1,none,3,5,3,5
R00800,3,UNTOUCHED,T1,none,14,22,16,24
R00801,0,CLONE_INTERVAL,T3,t3_wrap_statement,6,11,6,13
R00801,1,MUTATION,T3,t3_wrap_statement,8,11,8,13
R00801,2,UNTOUCHED,T1,none,3,5,3,5
R00801,3,UNTOUCHED,T1,none,12,14,14,16
R00802,0,CLONE_INTERVAL,T1,t1_add_block_comment,7,16,7,17
R00802,1,MUTATION,T1,t1_add_block_comment,,,11,11
R00802,2,UNTOUCHED,T1,none,4,6,4,6
R00802,3,UNTOUCHED,T1,none,17,22,18,23
R00803,0,CLONE_INTERVAL,T3,t3_wrap_statement,6,11,6,13
R00803,1,MUTATION,T3,t3_wrap_statement,8,9,8,11
R00803,2,UNTOUCHED,T1,none,3,5,3,5
R00803,3,UNTOUCHED,T1,none,12,33,14,35
R00804,0,CLONE_INTERVAL,T1,t1_add_eol_comment,13,37,13,37
R00804,1,MUTATION,T1,t1_add_eol_comment,29,29,29,29
R00804,2,UNTOUCHED,T1,none,8,12,8,12
R00804,3,UNTOUCHED,T1,none,38,44,38,44
R00805,0,CLONE_INTERVAL,T2,t2_change_string_literal,22,27,22,27
R00805,1,MUTATION,T2,t2_change_string_literal,23,23,23,23
R00805,2,UNTOUCHED,T1,none,19,21,19,21
R00805,3,UNTOUCHED,T1,none,28,46,28,46
R00806,0,CLONE_INTERVAL,T2,t2_change_int_literal,22,28,22,28
R00806,1,MUTATION,T2,t2_change_int_literal,22,22,22,22
R00806,2,UNTOUCHED,T1,none,10,21,10,21
R00806,3,UNTOUCHED,T1,none,29,36,29,36
R00807,0,CLONE_INTERVAL,T1,t1_add_eol_comment,6,15,6,15
R00807,1,MUTATION,T1,t1_add_eol_comment,8,8,8,8
R00807,2,UNTOUCHED,T1,none,3,5,3,5
R00807,3,UNTOUCHED,T1,none,16,21,16,21
R00808,0,CLONE_INTERVAL,T3,t3_wrap_statement,12,17,12,19
R00808,1,MUTATION,T3,t3_wrap_statement,12,12,12,14
R00808,2,UNTOUCHED,T1,none,3,11,3,11
R00808,3,UNTOUCHED,T1,none,18,33,20,35
R00809,0,CLONE_INTERVAL,T2,t2_change_int_literal,7,22,7,22
R00809,1,MUTATION,T2,t2_change_int_literal,10,10,10,10
R00809,2,UNTOUCHED,T1,none,3,6,3,6
R00809,3,UNTOUCHED,T1,none,23,27,23,27
R00810,0,CLONE_INTERVAL,T2,t2_change_int_literal,12,17,12,17
R00810,1,MUTATION,T2,t2_change_int_literal,12,12,12,12
R00810,2,UNTOUCHED,T1,none,6,11,6,11
R00810,3,UNTOUCHED,T1,none,18,27,18,27
R00811,0,CLONE_INTERVAL,T1,t1_add_block_comment,7,12,7,13
R00811,1,MUTATION,T1,t1_add_block_comment,,,10,10
R00811,2,UNTOUCHED,T1,none,3,6,3,6
R00811,3,UNTOUCHED,T1,none,13,79,14,80
R00812,0,CLONE_INTERVAL,T3,t3_delete_statement,12,17,11,15
R00812,1,MUTATION,T3,t3_delete_statement,16,16,,
R00812,2,UNTOUCHED,T1,none,7,11,6,10
R00812,3,UNTOUCHED,T1,none,18,26,16,24
R00813,0,CLONE_INTERVAL,T3,t3_wrap_statement,7,12,7,14
R00813,1,MUTATION,T3,t3_wrap_statement,8,9,8,11
R00813,2,UNTOUCHED,T1,none,4,6,4,6
R00813,3,UNTOUCHED,T1,none,13,25,15,27
R00814,0,CLONE_INTERVAL,T1,t1_add_blank_line,7,16,7,17
R00814,1,MUTATION,T1,t1_add_blank_line,,,14,14
R00814,2,UNTOUCHED,T1,none,3,6,3,6
R00814,3,UNTOUCHED,T1,none,17,20,18,21
R00815,0,CLONE_INTERVAL,T3,t3_delete_statement,8,15,8,14
R00815,1,MUTATION,T3,t3_delete_statement,11,11,,
R00815,2,UNTOUCHED,T1,none,3,7,3,7
R00815,3,UNTOUCHED,T1,none,16,20,15,19
R00816,0,CLONE_INTERVAL,T3,t3_delete_statement,29,35,29,34
R00816,1,MUTATION,T3,t3_delete_statement,35,35,,
R00816,2,UNTOUCHED,T1,none,26,28,26,28
R00816,3,UNTOUCHED,T1,none,36,38,35,37
R00817,0,CLONE_INTERVAL,T1,t1_add_eol_comment,9,14,9,14
R00817,1,MUTATION,T1,t1_add_eol_comment,12,12,12,12
R00817,2,UNTOUCHED,T1,none,3,8,3,8
R00817,3,UNTOUCHED,T1,none,15,33,15,33
R00818,0,CLONE_INTERVAL,T1,t1_add_eol_comment,7,14,7,14
R00818,1,MUTATION,T1,t1_add_eol_comment,12,12,12,12
R00818,2,UNTOUCHED,T1,none,3,6,3,6
R00818,3,UNTOUCHED,T1,none,15,17,15,17
R00819,0,CLONE_INTERVAL,T1,t1_add_eol_comment,14,19,14,19
R00819,1,MUTATION,T1,t1_add_eol_comment,19,19,19,19
R00819,2,UNTOUCHED,T1,none,11,13,11,13
R00819,3,UNTOUCHED,T1,none,20,22,20,22
R00820,0,CLONE_INTERVAL,T3,t3_insert_statement,8,13,8,14
R00820,1,MUTATION,T3,t3_insert_statement,,,9,9
R00820,2,UNTOUCHED,T1,none,3,7,3,7
R00820,3,UNTOUCHED,T1,none,14,24,15,25
R00821,0,CLONE_INTERVAL,T2,t2_change_int_literal,10,16,10,16
R00821,1,MUTATION,T2,t2_change_int_literal,10,10,10,10
R00821,2,UNTOUCHED,T1,none,3,9,3,9
R00821,3,UNTOUCHED,T1,none,17,28,17,28
R00822,0,CLONE_INTERVAL,T2,t2_change_int_literal,58,63,58,63
R00822,1,MUTATION,T2,t2_change_int_literal,58,58,58,58
R00822,2,UNTOUCHED,T1,none,4,57,4,57
R00822,3,UNTOUCHED,T1,none,64,74,64,74
R00823,0,CLONE_INTERVAL,T3,t3_insert_statement,7,13,7,13
R00823,1,UNTOUCHED,T1,none,4,6,4,6
R00823,2,UNTOUCHED,T1,none,14,14,14,14
R00823,3,UNTOUCHED,T1,none,15,17,16,18
R00824,0,CLONE_INTERVAL,T1,t1_add_blank_line,8,29,8,30
R00824,1,MUTATION,T1,t1_add_blank_line,,,18,18
R00824,2,UNTOUCHED,T1,none,3,7,3,7
R00824,3,UNTOUCHED,T1,none,30,33,31,34
R00825,0,CLONE_INTERVAL,T2,t2_change_string_literal,13,32,13,32
R00825,1,MUTATION,T2,t2_change_string_literal,27,27,27,27
R00825,2,UNTOUCHED,T1,none,3,12,3,12
R00825,3,UNTOUCHED,T1,none,33,36,33,36
R00826,0,CLONE_INTERVAL,T2,t2_change_string_literal,10,17,10,17
R00826,1,MUTATION,T2,t2_change_string_literal,13,13,13,13
R00826,2,UNTOUCHED,T1,none,3,9,3,9
R00826,3,UNTOUCHED,T1,none,18,35,18,35
R00827,0,CLONE_INTERVAL,T2,t2_rename_local_x2,6,15,6,15
R00827,1,MUTATION,T2,t2_rename_local_x2,6,14,6,14
R00827,2,UNTOUCHED,T1,none,3,5,3,5
R00827,3,UNTOUCHED,T1,none,16,21,16,21
R00828,0,CLONE_INTERVAL,T1,t1_add_blank_line,6,11,6,12
R00828,1,MUTATION,T1,t1_add_blank_line,,,7,7
R00828,2,UNTOUCHED,T1,none,3,5,3,5
R00828,3,UNTOUCHED,T1,none,12,21,13,22
R00829,0,CLONE_INTERVAL,T3,t3_insert_statement,6,11,6,12
R00829,1,MUTATION,T3,t3_insert_statement,,,11,11
R00829,2,UNTOUCHED,T1,none,3,5,3,5
R00829,3,UNTOUCHED,T1,none,12,41,13,42
R00830,0,CLONE_INTERVAL,T2,t2_rename_local_x3,6,12,6,12
R00830,1,MUTATION,T2,t2_rename_local_x3,7,11,7,11
R00830,2,UNTOUCHED,T1,none,3,5,3,5
R00830,3,UNTOUCHED,T1,none,13,15,13,15
R00831,0,CLONE_INTERVAL,T3,t3_insert_statement,7,13,7,14
R00831,1,MUTATION,T3,t3_insert_statement,,,11,11
R00831,2,UNTOUCHED,T1,none,3,6,3,6
R00831,3,UNTOUCHED,T1,none,14,18,15,19
R00832,0,CLONE_INTERVAL,T1,t1_reindent,6,23,6,23
R00832,1,MUTATION,T1,t1_reindent,6,23,6,23
R00832,2,UNTOUCHED,T1,none,3,5,3,5
R00832,3,UNTOUCHED,T1,none,24,29,24,29
R00833,0,CLONE_INTERVAL,T1,t1_add_blank_line,7,12,7,13
R00833,1,MUTATION,T1,t1_add_blank_line,,,12,12
R00833,2,UNTOUCHED,T1,none,3,6,3,6
R00833,3,UNTOUCHED,T1,none,13,17,14,18
R00834,0,CLONE_INTERVAL,T1,t1_reindent,8,13,8,13
R00834,1,MUTATION,T1,t1_reindent,8,13,8,13
R00834,2,UNTOUCHED,T1,none,5,7,5,7
R00834,3,UNTOUCHED,T1,none,14,19,14,19
R00835,0,CLONE_INTERVAL,T3,t3_delete_statement,8,13,6,10
R00835,1,MUTATION,T3,t3_delete_statement,13,13,,
R00835,2,UNTOUCHED,T1,none,5,7,3,5
R00835,3,UNTOUCHED,T1,none,14,19,11,16
R00836,0,CLONE_INTERVAL,T1,t1_add_blank_line,20,25,20,26
R00836,1,MUTATION,T1,t1_add_blank_line,,,21,21
R00836,2,UNTOUCHED,T1,none,16,19,16,19
R00836,3,UNTOUCHED,T1,none,26,29,27,30
R00837,0,CLONE_INTERVAL,T3,t3_delete_statement,9,14,9,13
R00837,1,MUTATION,T3,t3_delete_statement,11,11,,
R00837,2,UNTOUCHED,T1,none,6,8,6,8
R00837,3,UNTOUCHED,T1,none,15,17,14,16
R00838,0,CLONE_INTERVAL,T1,t1_add_eol_comment,8,17,8,17
R00838,1,MUTATION,T1,t1_add_eol_comment,17,17,17,17
R00838,2,UNTOUCHED,T1,none,3,7,3,7
R00838,3,UNTOUCHED,T1,none,18,24,18,24
R00839,0,CLONE_INTERVAL,T2,t2_change_int_literal,62,73,62,73
R00839,1,MUTATION,T2,t2_change_int_literal,62,62,62,62
R00839,2,UNTOUCHED,T1,none,58,61,58,61
R00839,3,UNTOUCHED,T1,none,74,76,74,76
R00840,0,CLONE_INTERVAL,T1,t1_add_block_comment,11,16,11,17
R00840,1,MUTATION,T1,t1_add_block_comment,,,12,12
R00840,2,UNTOUCHED,T1,none,8,10,8,10
R00840,3,UNTOUCHED,T1,none,17,39,18,40
R00841,0,CLONE_INTERVAL,T1,t1_add_eol_comment,8,13,8,13
R00841,1,MUTATION,T1,t1_add_eol_comment,8,8,8,8
R00841,2,UNTOUCHED,T1,none,3,7,3,7
R00841,3,UNTOUCHED,T1,none,14,22,14,22
R00842,0,CLONE_INTERVAL,T1,t1_add_blank_line,6,15,6,16
R00842,1,MUTATION,T1,t1_add_blank_line,,,14,14
R00842,2,UNTOUCHED,T1,none,3,5,3,5
R00842,3,UNTOUCHED,T1,none,16,21,17,22
R00843,0,CLONE_INTERVAL,T2,t2_rename_local_x1,10,19,10,19
R00843,1,MUTATION,T2,t2_rename_local_x1,11,17,11,17
R00843,2,UNTOUCHED,T1,none,5,9,5,9
R00843,3,UNTOUCHED,T1,none,20,30,20,30
R00844,0,CLONE_INTERVAL,T2,t2_change_int_literal,7,14,7,14
R00844,1,MUTATION,T2,t2_change_int_literal,8,8,8,8
R00844,2,UNTOUCHED,T1,none,3,6,3,6
R00844,3,UNTOUCHED,T1,none,15,19,15,19
R00845,0,CLONE_INTERVAL,T3,t3_wrap_statement,123,129,123,131
R00845,1,MUTATION,T3,t3_wrap_statement,123,125,123,127
R00845,2,UNTOUCHED,T1,none,120,122,120,122
R00845,3,UNTOUCHED,T1,none,130,137,132,139
R00846,0,CLONE_INTERVAL,T3,t3_delete_statement,39,44,39,43
R00846,1,MUTATION,T3,t3_delete_statement,43,43,,
R00846,2,UNTOUCHED,T1,none,36,38,36,38
R00846,3,UNTOUCHED,T1,none,45,49,44,48
R00847,0,CLONE_INTERVAL,T2,t2_rename_local_x2,6,19,6,19
R00847,1,MUTATION,T2,t2_rename_local_x2,8,17,8,17
R00847,2,UNTOUCHED,T1,none,3,5,3,5
R00847,3,UNTOUCHED,T1,none,20,36,20,36
R00848,0,CLONE_INTERVAL,T1,t1_reindent,6,18,6,18
R00848,1,MUTATION,T1,t1_reindent,6,18,6,18
R00848,2,UNTOUCHED,T1,none,3,5,3,5
R00848,3,UNTOUCHED,T1,none,19,34,19,34
R00849,0,CLONE_INTERVAL,T1,t1_reindent,8,23,8,23
R00849,1,MUTATION,T1,t1_reindent,8,23,8,23
R00849,2,UNTOUCHED,T1,none,4,7,4,7
R00849,3,UNTOUCHED,T1,none,24,29,24,29
R00850,0,CLONE_INTERVAL,T1,t1_add_block_comment,7,17,7,18
R00850,1,MUTATION,T1,t1_add_block_comment,,,11,11
R00850,2,UNTOUCHED,T1,none,3,6,3,6
R00850,3,UNTOUCHED,T1,none,18,23,19,24
R00851,0,CLONE_INTERVAL,T1,t1_add_block_comment,6,11,6,12
R00851,1,MUTATION,T1,t1_add_block_comment,,,7,7
R00851,2,UNTOUCHED,T1,none,3,5,3,5
R00851,3,UNTOUCHED,T1,none,12,25,13,26
R00852,0,CLONE_INTERVAL,T1,t1_reindent,6,12,6,12
R00852,1,MUTATION,T1,t1_reindent,6,12,6,12
R00852,2,UNTOUCHED,T1,none,3,5,3,5
R00852,3,UNTOUCHED,T1,none,13,18,13,18
R00853,0,CLONE_INTERVAL,T2,t2_change_string_literal,8,13,8,13
R00853,1,MUTATION,T2,t2_change_string_literal,8,8,8,8
R00853,2,UNTOUCHED,T1,none,3,7,3,7
R00853,3,UNTOUCHED,T1,none,14,31,14,31
R00854,0,CLONE_INTERVAL,T3,t3_insert_statement,7,12,7,13
R00854,1,MUTATION,T3,t3_insert_statement,,,8,8
R00854,2,UNTOUCHED,T1,none,3,6,3,6
R00854,3,UNTOUCHED,T1,none,13,28,14,29
R00855,0,CLONE_INTERVAL,T3,t3_insert_statement,8,30,8,30
R00855,1,MUTATION,T3,t3_insert_statement,,,31,31
R00855,2,UNTOUCHED,T1,none,4,7,4,7
R00855,3,UNTOUCHED,T1,none,31,33,32,34
R00856,0,CLONE_INTERVAL,T1,t1_add_block_comment,7,12,7,13
R00856,1,MUTATION,T1,t1_add_block_comment,,,10,10
R00856,2,UNTOUCHED,T1,none,4,6,4,6
R00856,3,UNTOUCHED,T1,none,13,15,14,16
R00857,0,CLONE_INTERVAL,T3,t3_insert_statement,7,15,7,16
R00857,1,MUTATION,T3,t3_insert_statement,,,8,8
R00857,2,UNTOUCHED,T1,none,3,6,3,6
R00857,3,UNTOUCHED,T1,none,16,25,17,26
R00858,0,CLONE_INTERVAL,T1,t1_add_eol_comment,24,29,24,29
R00858,1,MUTATION,T1,t1_add_eol_comment,26,26,26,26
R00858,2,UNTOUCHED,T1,none,3,23,3,23
R00858,3,UNTOUCHED,T1,none,30,61,30,61
R00859,0,CLONE_INTERVAL,T3,t3_delete_statement,12,18,12,17
R00859,1,MUTATION,T3,t3_delete_statement,13,13,,
R00859,2,UNTOUCHED,T1,none,9,11,9,11
R00859,3,UNTOUCHED,T1,none,19,28,18,27
R00860,0,CLONE_INTERVAL,T2,t2_change_int_literal,7,14,7,14
R00860,1,MUTATION,T2,t2_change_int_literal,7,7,7,7
R00860,2,UNTOUCHED,T1,none,4,6,4,6
R00860,3,UNTOUCHED,T1,none,15,17,15,17
R00861,0,CLONE_INTERVAL,T1,t1_add_eol_comment,8,13,8,13
R00861,1,MUTATION,T1,t1_add_eol_comment,12,12,12,12
R00861,2,UNTOUCHED,T1,none,3,7,3,7
R00861,3,UNTOUCHED,T1,none,14,17,14,17
R00862,0,CLONE_INTERVAL,T1,t1_add_eol_comment,8,19,8,19
R00862,1,MUTATION,T1,t1_add_eol_comment,8,8,8,8
R00862,2,UNTOUCHED,T1,none,5,7,5,7
R00862,3,UNTOUCHED,T1,none,20,32,20,32
R00863,0,CLONE_INTERVAL,T3,t3_insert_statement,6,11,6,12
R00863,1,MUTATION,T3,t3_insert_statement,,,7,7
R00863,2,UNTOUCHED,T1,none,3,5,3,5
R00863,3,UNTOUCHED,T1,none,12,24,13,25
R00864,0,CLONE_INTERVAL,T1,t1_add_eol_comment,6,13,6,13
R00864,1,MUTATION,T1,t1_add_eol_comment,13,13,13,13
R00864,2,UNTOUCHED,T1,none,3,5,3,5
R00864,3,UNTOUCHED,T1,none,14,18,14,18
R00865,0,CLONE_INTERVAL,T2,t2_change_string_literal,7,30,7,30
R00865,1,MUTATION,T2,t2_change_string_literal,8,8,8,8
R00865,2,UNTOUCHED,T1,none,3,6,3,6
R00865,3,UNTOUCHED,T1,none,31,57,31,57
R00866,0,CLONE_INTERVAL,T1,t1_add_eol_comment,9,14,9,14
R00866,1,MUTATION,T1,t1_add_eol_comment,13,13,13,13
R00866,2,UNTOUCHED,T1,none,3,8,3,8
R00866,3,UNTOUCHED,T1,none,15,19,15,19
R00867,0,CLONE_INTERVAL,T1,t1_add_blank_line,6,17,6,18
R00867,1,MUTATION,T1,t1_add_blank_line,,,14,14
R00867,2,UNTOUCHED,T1,none,3,5,3,5
R00867,3,UNTOUCHED,T1,none,18,21,19,22
R00868,0,CLONE_INTERVAL,T2,t2_rename_local_x3,6,11,6,11
R00868,1,MUTATION,T2,t2_rename_local_x3,6,11,6,11
R00868,2,UNTOUCHED,T1,none,3,5,3,5
R00868,3,UNTOUCHED,T1,none,12,62,12,62
R00869,0,CLONE_INTERVAL,T1,t1_add_block_comment,11,20,11,21
R00869,1,MUTATION,T1,t1_add_block_comment,,,15,15
R00869,2,UNTOUCHED,T1,none,3,10,3,10
R00869,3,UNTOUCHED,T1,none,21,36,22,37
R00870,0,CLONE_INTERVAL,T1,t1_add_eol_comment,13,29,13,29
R00870,1,MUTATION,T1,t1_add_eol_comment,17,17,17,17
R00870,2,UNTOUCHED,T1,none,4,12,4,12
R00870,3,UNTOUCHED,T1,none,30,37,30,37
R00871,0,CLONE_INTERVAL,T3,t3_insert_statement,7,12,7,13
R00871,1,MUTATION,T3,t3_insert_statement,,,9,9
R00871,2,UNTOUCHED,T1,none,4,6,4,6
R00871,3,UNTOUCHED,T1,none,13,19,14,20
R00872,0,CLONE_INTERVAL,T2,t2_rename_local_x1,18,23,18,23
R00872,1,MUTATION,T2,t2_rename_local_x1,21,22,21,22
R00872,2,UNTOUCHED,T1,none,15,17,15,17
R00872,3,UNTOUCHED,T1,none,24,26,24,26
R00873,0,CLONE_INTERVAL,T1,t1_add_blank_line,8,14,8,15
R00873,1,MUTATION,T1,t1_add_blank_line,,,12,12
R00873,2,UNTOUCHED,T1,none,3,7,3,7
R00873,3,UNTOUCHED,T1,none,15,42,16,43
R00874,0,CLONE_INTERVAL,T2,t2_change_string_literal,20,28,20,28
R00874,1,MUTATION,T2,t2_change_string_literal,27,27,27,27
R00874,2,UNTOUCHED,T1,none,3,19,3,19
R00874,3,UNTOUCHED,T1,none,29,31,29,31
R00875,0,CLONE_INTERVAL,T1,t1_add_blank_line,10,17,10,18
R00875,1,MUTATION,T1,t1_add_blank_line,,,16,16
R00875,2,UNTOUCHED,T1,none,3,9,3,9
R00875,3,UNTOUCHED,T1,none,18,60,19,61
R00876,0,CLONE_INTERVAL,T3,t3_delete_statement,14,23,14,22
R00876,1,MUTATION,T3,t3_delete_statement,18,18,,
R00876,2,UNTOUCHED,T1,none,11,13,11,13
R00876,3,UNTOUCHED,T1,none,24,30,23,29
R00877,0,CLONE_INTERVAL,T1,t1_reindent,12,26,12,26
R00877,1,MUTATION,T1,t1_reindent,12,26,12,26
R00877,2,UNTOUCHED,T1,none,3,11,3,11
R00877,3,UNTOUCHED,T1,none,27,32,27,32
R00878,0,CLONE_INTERVAL,T3,t3_wrap_statement,7,16,7,18
R00878,1,MUTATION,T3,t3_wrap_statement,9,14,9,16
R00878,2,UNTOUCHED,T1,none,3,6,3,6
R00878,3,UNTOUCHED,T1,none,17,22,19,24
R00879,0,CLONE_INTERVAL,T1,t1_add_block_comment,6,13,6,14
R00879,1,MUTATION,T1,t1_add_block_comment,,,8,8
R00879,2,UNTOUCHED,T1,none,3,5,3,5
R00879,3,UNTOUCHED,T1,none,14,19,15,20
R00880,0,CLONE_INTERVAL,T1,t1_add_block_comment,8,13,8,14
R00880,1,MUTATION,T1,t1_add_block_comment,,,10,10
R00880,2,UNTOUCHED,T1,none,5,7,5,7
R00880,3,UNTOUCHED,T1,none,14,19,15,20
R00881,0,CLONE_INTERVAL,T2,t2_rename_local_x2,6,11,6,11
R00881,1,MUTATION,T2,t2_rename_local_x2,6,11,6,11
R00881,2,UNTOUCHED,T1,none,3,5,3,5
R00881,3,UNTOUCHED,T1,none,12,19,12,19
R00882,0,CLONE_INTERVAL,T3,t3_insert_statement,7,13,7,14
R00882,1,MUTATION,T3,t3_insert_statement,,,9,9
R00882,2,UNTOUCHED,T1,none,3,6,3,6
R00882,3,UNTOUCHED,T1,none,14,20,15,21
R00883,0,CLONE_INTERVAL,T2,t2_change_int_literal,6,11,6,11
R00883,1,MUTATION,T2,t2_change_int_literal,8,8,8,8
R00883,2,UNTOUCHED,T1,none,3,5,3,5
R00883,3,UNTOUCHED,T1,none,12,47,12,47
R00884,0,CLONE_INTERVAL,T2,t2_change_int_literal,8,13,8,13
R00884,1,MUTATION,T2,t2_change_int_literal,8,8,8,8
R00884,2,UNTOUCHED,T1,none,3,7,3,7
R00884,3,UNTOUCHED,T1,none,14,38,14,38
R00885,0,CLONE_INTERVAL,T1,t1_add_eol_comment,8,13,8,13
R00885,1,MUTATION,T1,t1_add_eol_comment,11,11,11,11
R00885,2,UNTOUCHED,T1,none,3,7,3,7
R00885,3,UNTOUCHED,T1,none,14,28,14,28
R00886,0,CLONE_INTERVAL,T1,t1_add_eol_comment,12,17,12,17
R00886,1,MUTATION,T1,t1_add_eol_comment,12,12,12,12
R00886,2,UNTOUCHED,T1,none,3,11,3,11
R00886,3,UNTOUCHED,T1,none,18,46,18,46
R00887,0,CLONE_INTERVAL,T1,t1_reindent,10,17,10,17
R00887,1,MUTATION,T1,t1_reindent,10,17,10,17
R00887,2,UNTOUCHED,T1,none,6,9,6,9
R00887,3,UNTOUCHED,T1,none,18,37,18,37
R00888,0,CLONE_INTERVAL,T2,t2_change_int_literal,39,48,39,48
R00888,1,MUTATION,T2,t2_change_int_literal,39,39,39,39
R00888,2,UNTOUCHED,T1,none,36,38,36,38
R00888,3,UNTOUCHED,T1,none,49,51,49,51
R00889,0,CLONE_INTERVAL,T1,t1_add_blank_line,9,14,9,15
R00889,1,MUTATION,T1,t1_add_blank_line,,,14,14
R00889,2,UNTOUCHED,T1,none,3,8,3,8
R00889,3,UNTOUCHED,T1,none,15,33,16,34
R00890,0,CLONE_INTERVAL,T2,t2_change_int_literal,15,26,15,26
R00890,1,MUTATION,T2,t2_change_int_literal,15,15,15,15
R00890,2,UNTOUCHED,T1,none,4,14,4,14
R00890,3,UNTOUCHED,T1,none,27,35,27,35
R00891,0,CLONE_INTERVAL,T3,t3_wrap_statement,11,17,11,19
R00891,1,MUTATION,T3,t3_wrap_statement,13,16,13,18
R00891,2,UNTOUCHED,T1,none,3,10,3,10
R00891,3,UNTOUCHED,T1,none,18,36,20,38
R00892,0,CLONE_INTERVAL,T1,t1_add_blank_line,118,123,118,124
R00892,1,MUTATION,T1,t1_add_blank_line,,,122,122
R00892,2,UNTOUCHED,T1,none,113,117,113,117
R00892,3,UNTOUCHED,T1,none,124,133,125,134
R00893,0,CLONE_INTERVAL,T2,t2_change_string_literal,10,16,10,16
R00893,1,MUTATION,T2,t2_change_string_literal,12,12,12,12
R00893,2,UNTOUCHED,T1,none,3,9,3,9
R00893,3,UNTOUCHED,T1,none,17,27,17,27
R00894,0,CLONE_INTERVAL,T2,t2_change_string_literal,10,25,10,25
R00894,1,MUTATION,T2,t2_change_string_literal,16,16,16,16
R00894,2,UNTOUCHED,T1,none,5,9,5,9
R00894,3,UNTOUCHED,T1,none,26,31,26,31
R00895,0,CLONE_INTERVAL,T2,t2_rename_local_x3,44,50,44,50
R00895,1,MUTATION,T2,t2_rename_local_x3,44,49,44,49
R00895,2,UNTOUCHED,T1,none,40,43,40,43
R00895,3,UNTOUCHED,T1,none,51,56,51,56
R00896,0,CLONE_INTERVAL,T1,t1_add_block_comment,15,25,15,26
R00896,1,MUTATION,T1,t1_add_block_comment,,,21,21
R00896,2,UNTOUCHED,T1,none,4,14,4,14
R00896,3,UNTOUCHED,T1,none,26,33,27,34
R00897,0,CLONE_INTERVAL,T2,t2_change_int_literal,18,27,18,27
R00897,1,MUTATION,T2,t2_change_int_literal,18,18,18,18
R00897,2,UNTOUCHED,T1,none,7,17,7,17
R00897,3,UNTOUCHED,T1,none,28,41,28,41
R00898,0,CLONE_INTERVAL,T1,t1_add_eol_comment,9,14,9,14
R00898,1,MUTATION,T1,t1_add_eol_comment,10,10,10,10
R00898,2,UNTOUCHED,T1,none,5,8,5,8
R00898,3,UNTOUCHED,T1,none,15,36,15,36
R00899,0,CLONE_INTERVAL,T1,t1_add_blank_line,10,24,10,25
R00899,1,MUTATION,T1,t1_add_blank_line,,,16,16
R00899,2,UNTOUCHED,T1,none,3,9,3,9
R00899,3,UNTOUCHED,T1,none,25,29,26,30
R00900,0,CLONE_INTERVAL,T2,t2_change_int_literal,12,24,12,24
R00900,1,MUTATION,T2,t2_change_int_literal,12,12,12,12
R00900,2,UNTOUCHED,T1,none,4,11,4,11
R00900,3,UNTOUCHED,T1,none,25,34,25,34
R00901,0,CLONE_INTERVAL,T2,t2_change_int_literal,10,16,10,16
R00901,1,MUTATION,T2,t2_change_int_literal,11,11,11,11
R00901,2,UNTOUCHED,T1,none,7,9,7,9
R00901,3,UNTOUCHED,T1,none,17,19,17,19
R00902,0,CLONE_INTERVAL,T3,t3_wrap_statement,7,12,7,14
R00902,1,MUTATION,T3,t3_wrap_statement,8,9,8,11
R00902,2,UNTOUCHED,T1,none,3,6,3,6
R00902,3,UNTOUCHED,T1,none,13,24,15,26
R00903,0,CLONE_INTERVAL,T2,t2_change_int_literal,32,42,32,42
R00903,1,MUTATION,T2,t2_change_int_literal,33,33,33,33
R00903,2,UNTOUCHED,T1,none,28,31,28,31
R00903,3,UNTOUCHED,T1,none,43,47,43,47
R00904,0,CLONE_INTERVAL,T3,t3_insert_statement,8,24,8,25
R00904,1,MUTATION,T3,t3_insert_statement,,,9,9
R00904,2,UNTOUCHED,T1,none,3,7,3,7
R00904,3,UNTOUCHED,T1,none,25,28,26,29
R00905,0,CLONE_INTERVAL,T1,t1_add_block_comment,6,11,6,12
R00905,1,MUTATION,T1,t1_add_block_comment,,,8,8
R00905,2,UNTOUCHED,T1,none,3,5,3,5
R00905,3,UNTOUCHED,T1,none,12,23,13,24
R00906,0,CLONE_INTERVAL,T3,t3_wrap_statement,7,12,7,14
R00906,1,MUTATION,T3,t3_wrap_statement,10,10,10,12
R00906,2,UNTOUCHED,T1,none,3,6,3,6
R00906,3,UNTOUCHED,T1,none,13,17,15,19
R00907,0,CLONE_INTERVAL,T3,t3_insert_statement,28,40,28,41
R00907,1,MUTATION,T3,t3_insert_statement,,,31,31
R00907,2,UNTOUCHED,T1,none,24,27,24,27
R00907,3,UNTOUCHED,T1,none,41,52,42,53
R00908,0,CLONE_INTERVAL,T3,t3_wrap_statement,6,13,6,15
R00908,1,MUTATION,T3,t3_wrap_statement,7,11,7,13
R00908,2,UNTOUCHED,T1,none,3,5,3,5
R00908,3,UNTOUCHED,T1,none,14,29,16,31
R00909,0,CLONE_INTERVAL,T3,t3_delete_statement,8,17,8,16
R00909,1,MUTATION,T3,t3_delete_statement,9,9,,
R00909,2,UNTOUCHED,T1,none,3,7,3,7
R00909,3,UNTOUCHED,T1,none,18,23,17,22
R00910,0,CLONE_INTERVAL,T1,t1_add_block_comment,6,11,6,12
R00910,1,MUTATION,T1,t1_add_block_comment,,,11,11
R00910,2,UNTOUCHED,T1,none,3,5,3,5
R00910,3,UNTOUCHED,T1,none,12,24,13,25
R00911,0,CLONE_INTERVAL,T3,t3_wrap_statement,12,17,12,20
R00911,1,MUTATION,T3,t3_wrap_statement,16,17,16,20
R00911,2,UNTOUCHED,T1,none,9,11,9,11
R00911,3,UNTOUCHED,T1,none,19,32,21,34
R00912,0,CLONE_INTERVAL,T2,t2_change_string_literal,13,18,13,18
R00912,1,MUTATION,T2,t2_change_string_literal,16,16,16,16
R00912,2,UNTOUCHED,T1,none,8,12,8,12
R00912,3,UNTOUCHED,T1,none,19,25,19,25
R00913,0,CLONE_INTERVAL,T1,t1_add_block_comment,6,12,6,13
R00913,1,MUTATION,T1,t1_add_block_comment,,,12,12
R00913,2,UNTOUCHED,T1,none,3,5,3,5
R00913,3,UNTOUCHED,T1,none,13,28,14,29
R00914,0,CLONE_INTERVAL,T3,t3_wrap_statement,8,14,8,16
R00914,1,MUTATION,T3,t3_wrap_statement,9,12,9,14
R00914,2,UNTOUCHED,T1,none,5,7,5,7
R00914,3,UNTOUCHED,T1,none,15,23,17,25
R00915,0,CLONE_INTERVAL,T2,t2_rename_local_x2,9,17,9,17
R00915,1,MUTATION,T2,t2_rename_local_x2,10,12,10,12
R00915,2,UNTOUCHED,T1,none,3,8,3,8
R00915,3,UNTOUCHED,T1,none,18,23,18,23
R00916,0,CLONE_INTERVAL,T1,t1_add_block_comment,6,11,6,12
R00916,1,MUTATION,T1,t1_add_block_comment,,,8,8
R00916,2,UNTOUCHED,T1,none,3,5,3,5
R00916,3,UNTOUCHED,T1,none,12,25,13,26
R00917,0,CLONE_INTERVAL,T3,t3_delete_statement,15,20,15,19
R00917,1,MUTATION,T3,t3_delete_statement,19,19,,
R00917,2,UNTOUCHED,T1,none,10,14,10,14
R00917,3,UNTOUCHED,T1,none,21,33,20,32
R00918,0,CLONE_INTERVAL,T1,t1_add_eol_comment,6,11,6,11
R00918,1,MUTATION,T1,t1_add_eol_comment,9,9,9,9
R00918,2,UNTOUCHED,T1,none,3,5,3,5
R00918,3,UNTOUCHED,T1,none,12,22,12,22
R00919,0,CLONE_INTERVAL,T1,t1_add_blank_line,7,14,7,15
R00919,1,MUTATION,T1,t1_add_blank_line,,,9,9
R00919,2,UNTOUCHED,T1,none,3,6,3,6
R00919,3,UNTOUCHED,T1,none,15,20,16,21
R00920,0,CLONE_INTERVAL,T1,t1_add_blank_line,6,11,6,12
R00920,1,MUTATION,T1,t1_add_blank_line,,,11,11
R00920,2,UNTOUCHED,T1,none,3,5,3,5
R00920,3,UNTOUCHED,T1,none,12,21,13,22
R00921,0,CLONE_INTERVAL,T1,t1_add_blank_line,6,11,6,12
R00921,1,MUTATION,T1,t1_add_blank_line,,,9,9
R00921,2,UNTOUCHED,T1,none,3,5,3,5
R00921,3,UNTOUCHED,T1,none,12,17,13,18
R00922,0,CLONE_INTERVAL,T3,t3_delete_statement,6,13,6,12
R00922,1,MUTATION,T3,t3_delete_statement,8,8,,
R00922,2,UNTOUCHED,T1,none,3,5,3,5
R00922,3,UNTOUCHED,T1,none,14,21,13,20
R00923,0,CLONE_INTERVAL,T1,t1_add_eol_comment,14,19,14,19
R00923,1,MUTATION,T1,t1_add_eol_comment,19,19,19,19
R00923,2,UNTOUCHED,T1,none,11,13,11,13
R00923,3,UNTOUCHED,T1,none,20,25,20,25
R00924,0,CLONE_INTERVAL,T2,t2_change_int_literal,6,17,6,17
R00924,1,MUTATION,T2,t2_change_int_literal,7,7,7,7
R00924,2,UNTOUCHED,T1,none,3,5,3,5
R00924,3,UNTOUCHED,T1,none,18,20,18,20
R00925,0,CLONE_INTERVAL,T3,t3_delete_statement,7,12,7,11
R00925,1,MUTATION,T3,t3_delete_statement,10,10,,
R00925,2,UNTOUCHED,T1,none,4,6,4,6
R00925,3,UNTOUCHED,T1,none,13,19,12,18
R00926,0,CLONE_INTERVAL,T2,t2_rename_local_x2,8,20,8,20
R00926,1,MUTATION,T2,t2_rename_local_x2,8,14,8,14
R00926,2,UNTOUCHED,T1,none,3,7,3,7
R00926,3,UNTOUCHED,T1,none,21,27,21,27
R00927,0,CLONE_INTERVAL,T1,t1_add_block_comment,6,11,6,12
R00927,1,MUTATION,T1,t1_add_block_comment,,,9,9
R00927,2,UNTOUCHED,T1,none,3,5,3,5
R00927,3,UNTOUCHED,T1,none,12,24,13,25
R00928,0,CLONE_INTERVAL,T3,t3_insert_statement,7,12,7,13
R00928,1,MUTATION,T3,t3_insert_statement,,,10,10
R00928,2,UNTOUCHED,T1,none,3,6,3,6
R00928,3,UNTOUCHED,T1,none,13,27,14,28
R00929,0,CLONE_INTERVAL,T1,t1_add_block_comment,98,105,98,106
R00929,1,MUTATION,T1,t1_add_block_comment,,,102,102
R00929,2,UNTOUCHED,T1,none,92,97,92,97
R00929,3,UNTOUCHED,T1,none,106,117,107,118
R00930,0,CLONE_INTERVAL,T1,t1_add_eol_comment,7,13,7,13
R00930,1,MUTATION,T1,t1_add_eol_comment,7,7,7,7
R00930,2,UNTOUCHED,T1,none,3,6,3,6
R00930,3,UNTOUCHED,T1,none,14,17,14,17
R00931,0,CLONE_INTERVAL,T1,t1_add_blank_line,22,27,22,28
R00931,1,MUTATION,T1,t1_add_blank_line,,,27,27
R00931,2,UNTOUCHED,T1,none,19,21,19,21
R00931,3,UNTOUCHED,T1,none,28,32,29,33
R00932,0,CLONE_INTERVAL,T2,t2_rename_local_x1,9,16,9,16
R00932,1,MUTATION,T2,t2_rename_local_x1,10,13,10,13
R00932,2,UNTOUCHED,T1,none,3,8,3,8
R00932,3,UNTOUCHED,T1,none,17,19,17,19
R00933,0,CLONE_INTERVAL,T3,t3_wrap_statement,11,16,11,18
R00933,1,MUTATION,T3,t3_wrap_statement,11,12,11,14
R00933,2,UNTOUCHED,T1,none,3,10,3,10
R00933,3,UNTOUCHED,T1,none,17,27,19,29
R00934,0,CLONE_INTERVAL,T1,t1_add_block_comment,6,11,6,12
R00934,1,MUTATION,T1,t1_add_block_comment,,,10,10
R00934,2,UNTOUCHED,T1,none,3,5,3,5
R00934,3,UNTOUCHED,T1,none,12,15,13,16
R00935,0,CLONE_INTERVAL,T1,t1_reindent,6,12,6,12
R00935,1,MUTATION,T1,t1_reindent,6,12,6,12
R00935,2,UNTOUCHED,T1,none,3,5,3,5
R00935,3,UNTOUCHED,T1,none,13,18,13,18
R00936,0,CLONE_INTERVAL,T1,t1_reindent,8,15,8,15
R00936,1,MUTATION,T1,t1_reindent,8,15,8,15
R00936,2,UNTOUCHED,T1,none,3,7,3,7
R00936,3,UNTOUCHED,T1,none,16,32,16,32
R00937,0,CLONE_INTERVAL,T1,t1_add_blank_line,9,16,9,17
R00937,1,MUTATION,T1,t1_add_blank_line,,,11,11
R00937,2,UNTOUCHED,T1,none,5,8,5,8
R00937,3,UNTOUCHED,T1,none,17,39,18,40
R00938,0,CLONE_INTERVAL,T1,t1_add_eol_comment,244,250,244,250
R00938,1,MUTATION,T1,t1_add_eol_comment,249,249,249,249
R00938,2,UNTOUCHED,T1,none,239,243,239,243
R00938,3,UNTOUCHED,T1,none,251,258,251,258
R00939,0,CLONE_INTERVAL,T1,t1_add_blank_line,29,34,29,35
R00939,1,MUTATION,T1,t1_add_blank_line,,,32,32
R00939,2,UNTOUCHED,T1,none,23,28,23,28
R00939,3,UNTOUCHED,T1,none,35,43,36,44
R00940,0,CLONE_INTERVAL,T1,t1_add_block_comment,9,14,9,15
R00940,1,MUTATION,T1,t1_add_block_comment,,,14,14
R00940,2,UNTOUCHED,T1,none,4,8,4,8
R00940,3,UNTOUCHED,T1,none,15,21,16,22
R00941,0,CLONE_INTERVAL,T3,t3_wrap_statement,10,15,10,17
R00941,1,MUTATION,T3,t3_wrap_statement,14,14,14,16
R00941,2,UNTOUCHED,T1,none,3,9,3,9
R00941,3,UNTOUCHED,T1,none,16,25,18,27
R00942,0,CLONE_INTERVAL,T3,t3_insert_statement,12,23,12,23
R00942,1,MUTATION,T3,t3_insert_statement,,,24,24
R00942,2,UNTOUCHED,T1,none,3,11,3,11
R00942,3,UNTOUCHED,T1,none,24,26,25,27
R00943,0,CLONE_INTERVAL,T1,t1_add_blank_line,6,16,6,17
R00943,1,MUTATION,T1,t1_add_blank_line,,,9,9
R00943,2,UNTOUCHED,T1,none,3,5,3,5
R00943,3,UNTOUCHED,T1,none,17,19,18,20
R00944,0,CLONE_INTERVAL,T2,t2_rename_local_x1,17,22,17,22
R00944,1,MUTATION,T2,t2_rename_local_x1,17,18,17,18
R00944,2,UNTOUCHED,T1,none,8,16,8,16
R00944,3,UNTOUCHED,T1,none,23,29,23,29
R00945,0,CLONE_INTERVAL,T1,t1_add_eol_comment,10,17,10,17
R00945,1,MUTATION,T1,t1_add_eol_comment,17,17,17,17
R00945,2,UNTOUCHED,T1,none,3,9,3,9
R00945,3,UNTOUCHED,T1,none,18,26,18,26
R00946,0,CLONE_INTERVAL,T1,t1_reindent,20,29,20,29
R00946,1,MUTATION,T1,t1_reindent,20,29,20,29
R00946,2,UNTOUCHED,T1,none,3,19,3,19
R00946,3,UNTOUCHED,T1,none,30,60,30,60
R00947,0,CLONE_INTERVAL,T2,t2_change_int_literal,9,15,9,15
R00947,1,MUTATION,T2,t2_change_int_literal,9,9,9,9
R00947,2,UNTOUCHED,T1,none,5,8,5,8
R00947,3,UNTOUCHED,T1,none,16,21,16,21
R00948,0,CLONE_INTERVAL,T1,t1_add_eol_comment,6,11,6,11
R00948,1,MUTATION,T1,t1_add_eol_comment,7,7,7,7
R00948,2,UNTOUCHED,T1,none,3,5,3,5
R00948,3,UNTOUCHED,T1,none,12,26,12,26
R00949,0,CLONE_INTERVAL,T2,t2_change_string_literal,14,25,14,25
R00949,1,MUTATION,T2,t2_change_string_literal,20,20,20,20
R00949,2,UNTOUCHED,T1,none,11,13,11,13
R00949,3,UNTOUCHED,T1,none,26,32,26,32
R00950,0,CLONE_INTERVAL,T2,t2_rename_local_x3,6,15,6,15
R00950,1,MUTATION,T2,t2_rename_local_x3,7,12,7,12
R00950,2,UNTOUCHED,T1,none,3,5,3,5
R00950,3,UNTOUCHED,T1,none,16,19,16,19
R00951,0,CLONE_INTERVAL,T3,t3_delete_statement,6,13,6,12
R00951,1,MUTATION,T3,t3_delete_statement,6,6,,
R00951,2,UNTOUCHED,T1,none,3,5,3,5
R00951,3,UNTOUCHED,T1,none,14,21,13,20
R00952,0,CLONE_INTERVAL,T1,t1_reindent,12,19,12,19
R00952,1,MUTATION,T1,t1_reindent,12,19,12,19
R00952,2,UNTOUCHED,T1,none,3,11,3,11
R00952,3,UNTOUCHED,T1,none,20,30,20,30
R00953,0,CLONE_INTERVAL,T3,t3_insert_statement,11,19,11,20
R00953,1,MUTATION,T3,t3_insert_statement,,,12,12
R00953,2,UNTOUCHED,T1,none,4,10,4,10
R00953,3,UNTOUCHED,T1,none,20,27,21,28
R00954,0,CLONE_INTERVAL,T1,t1_add_blank_line,6,12,6,13
R00954,1,MUTATION,T1,t1_add_blank_line,,,12,12
R00954,2,UNTOUCHED,T1,none,3,5,3,5
R00954,3,UNTOUCHED,T1,none,13,22,14,23
R00955,0,CLONE_INTERVAL,T2,t2_change_int_literal,7,15,7,15
R00955,1,MUTATION,T2,t2_change_int_literal,8,8,8,8
R00955,2,UNTOUCHED,T1,none,4,6,4,6
R00955,3,UNTOUCHED,T1,none,16,27,16,27
R00956,0,CLONE_INTERVAL,T2,t2_change_int_literal,108,114,108,114
R00956,1,MUTATION,T2,t2_change_int_literal,113,113,113,113
R00956,2,UNTOUCHED,T1,none,102,107,102,107
R00956,3,UNTOUCHED,T1,none,115,119,115,119
R00957,0,CLONE_INTERVAL,T3,t3_delete_statement,10,15,9,13
R00957,1,MUTATION,T3,t3_delete_statement,15,15,,
R00957,2,UNTOUCHED,T1,none,6,9,5,8
R00957,3,UNTOUCHED,T1,none,16,32,14,30
R00958,0,CLONE_INTERVAL,T2,t2_change_int_literal,12,17,12,17
R00958,1,MUTATION,T2,t2_change_int_literal,16,16,16,16
R00958,2,UNTOUCHED,T1,none,6,11,6,11
R00958,3,UNTOUCHED,T1,none,18,33,18,33
R00959,0,CLONE_INTERVAL,T1,t1_add_block_comment,8,28,8,29
R00959,1,MUTATION,T1,t1_add_block_comment,,,24,24
R00959,2,UNTOUCHED,T1,none,3,7,3,7
R00959,3,UNTOUCHED,T1,none,29,36,30,37
R00960,0,CLONE_INTERVAL,T3,t3_insert_statement,8,13,8,14
R00960,1,MUTATION,T3,t3_insert_statement,,,12,12
R00960,2,UNTOUCHED,T1,none,5,7,5,7
R00960,3,UNTOUCHED,T1,none,14,23,15,24
R00961,0,CLONE_INTERVAL,T2,t2_rename_local_x2,8,13,8,13
R00961,1,MUTATION,T2,t2_rename_local_x2,9,12,9,12
R00961,2,UNTOUCHED,T1,none,3,7,3,7
R00961,3,UNTOUCHED,T1,none,14,20,14,20
R00962,0,CLONE_INTERVAL,T3,t3_insert_statement,18,27,18,28
R00962,1,MUTATION,T3,t3_insert_statement,,,21,21
R00962,2,UNTOUCHED,T1,none,9,17,9,17
R00962,3,UNTOUCHED,T1,none,28,34,29,35
R00963,0,CLONE_INTERVAL,T1,t1_add_block_comment,8,20,8,21
R00963,1,MUTATION,T1,t1_add_block_comment,,,19,19
R00963,2,UNTOUCHED,T1,none,3,7,3,7
R00963,3,UNTOUCHED,T1,none,21,25,22,26
R00964,0,CLONE_INTERVAL,T2,t2_change_int_literal,6,11,6,11
R00964,1,MUTATION,T2,t2_change_int_literal,6,6,6,6
R00964,2,UNTOUCHED,T1,none,3,5,3,5
R00964,3,UNTOUCHED,T1,none,12,17,12,17
R00965,0,CLONE_INTERVAL,T3,t3_delete_statement,23,29,23,28
R00965,1,MUTATION,T3,t3_delete_statement,25,25,,
R00965,2,UNTOUCHED,T1,none,17,22,17,22
R00965,3,UNTOUCHED,T1,none,30,36,29,35
R00966,0,CLONE_INTERVAL,T1,t1_add_block_comment,7,16,7,17
R00966,1,MUTATION,T1,t1_add_block_comment,,,11,11
R00966,2,UNTOUCHED,T1,none,3,6,3,6
R00966,3,UNTOUCHED,T1,none,17,19,18,20
R00967,0,CLONE_INTERVAL,T1,t1_add_block_comment,9,14,9,15
R00967,1,MUTATION,T1,t1_add_block_comment,,,12,12
R00967,2,UNTOUCHED,T1,none,6,8,6,8
R00967,3,UNTOUCHED,T1,none,15,21,16,22
R00968,0,CLONE_INTERVAL,T2,t2_change_string_literal,6,11,6,11
R00968,1,MUTATION,T2,t2_change_string_literal,9,9,9,9
R00968,2,UNTOUCHED,T1,none,3,5,3,5
R00968,3,UNTOUCHED,T1,none,12,21,12,21
R00969,0,CLONE_INTERVAL,T3,t3_wrap_statement,6,11,6,13
R00969,1,MUTATION,T3,t3_wrap_statement,7,8,7,10
R00969,2,UNTOUCHED,T1,none,3,5,3,5
R00969,3,UNTOUCHED,T1,none,12,35,14,37
R00970,0,CLONE_INTERVAL,T3,t3_wrap_statement,8,13,8,15
R00970,1,MUTATION,T3,t3_wrap_statement,11,12,11,14
R00970,2,UNTOUCHED,T1,none,3,7,3,7
R00970,3,UNTOUCHED,T1,none,14,25,16,27
R00971,0,CLONE_INTERVAL,T1,t1_add_eol_comment,10,15,10,15
R00971,1,MUTATION,T1,t1_add_eol_comment,11,11,11,11
R00971,2,UNTOUCHED,T1,none,7,9,7,9
R00971,3,UNTOUCHED,T1,none,16,19,16,19
R00972,0,CLONE_INTERVAL,T1,t1_add_blank_line,7,12,7,13
R00972,1,MUTATION,T1,t1_add_blank_line,,,9,9
R00972,2,UNTOUCHED,T1,none,3,6,3,6
R00972,3,UNTOUCHED,T1,none,13,22,14,23
R00973,0,CLONE_INTERVAL,T1,t1_add_blank_line,11,19,11,20
R00973,1,MUTATION,T1,t1_add_blank_line,,,18,18
R00973,2,UNTOUCHED,T1,none,8,10,8,10
R00973,3,UNTOUCHED,T1,none,20,28,21,29
R00974,0,CLONE_INTERVAL,T1,t1_add_block_comment,7,17,7,18
R00974,1,MUTATION,T1,t1_add_block_comment,,,11,11
R00974,2,UNTOUCHED,T1,none,3,6,3,6
R00974,3,UNTOUCHED,T1,none,18,22,19,23
R00975,0,CLONE_INTERVAL,T1,t1_reindent,7,23,7,23
R00975,1,MUTATION,T1,t1_reindent,7,23,7,23
R00975,2,UNTOUCHED,T1,none,3,6,3,6
R00975,3,UNTOUCHED,T1,none,24,29,24,29
R00976,0,CLONE_INTERVAL,T2,t2_change_int_literal,8,14,8,14
R00976,1,MUTATION,T2,t2_change_int_literal,8,8,8,8
R00976,2,UNTOUCHED,T1,none,3,7,3,7
R00976,3,UNTOUCHED,T1,none,15,28,15,28
R00977,0,CLONE_INTERVAL,T1,t1_add_blank_line,8,13,8,14
R00977,1,MUTATION,T1,t1_add_blank_line,,,12,12
R00977,2,UNTOUCHED,T1,none,5,7,5,7
R00977,3,UNTOUCHED,T1,none,14,25,15,26
R00978,0,CLONE_INTERVAL,T2,t2_change_int_literal,8,13,8,13
R00978,1,MUTATION,T2,t2_change_int_literal,9,9,9,9
R00978,2,UNTOUCHED,T1,none,3,7,3,7
R00978,3,UNTOUCHED,T1,none,14,25,14,25
R00979,0,CLONE_INTERVAL,T1,t1_reindent,6,27,6,27
R00979,1,MUTATION,T1,t1_reindent,6,27,6,27
R00979,2,UNTOUCHED,T1,none,3,5,3,5
R00979,3,UNTOUCHED,T1,none,28,37,28,37
R00980,0,CLONE_INTERVAL,T3,t3_insert_statement,8,16,8,17
R00980,1,MUTATION,T3,t3_insert_statement,,,9,9
R00980,2,UNTOUCHED,T1,none,3,7,3,7
R00980,3,UNTOUCHED,T1,none,17,27,18,28
R00981,0,CLONE_INTERVAL,T1,t1_add_eol_comment,6,11,6,11
R00981,1,MUTATION,T1,t1_add_eol_comment,7,7,7,7
R00981,2,UNTOUCHED,T1,none,3,5,3,5
R00981,3,UNTOUCHED,T1,none,12,15,12,15
R00982,0,CLONE_INTERVAL,T2,t2_rename_local_x2,7,28,7,28
R00982,1,MUTATION,T2,t2_rename_local_x2,8,24,8,24
R00982,2,UNTOUCHED,T1,none,3,6,3,6
R00982,3,UNTOUCHED,T1,none,29,34,29,34
R00983,0,CLONE_INTERVAL,T1,t1_reindent,24,29,24,29
R00983,1,MUTATION,T1,t1_reindent,24,29,24,29
R00983,2,UNTOUCHED,T1,none,21,23,21,23
R00983,3,UNTOUCHED,T1,none,30,39,30,39
R00984,0,CLONE_INTERVAL,T1,t1_add_block_comment,6,11,6,12
R00984,1,MUTATION,T1,t1_add_block_comment,,,7,7
R00984,2,UNTOUCHED,T1,none,3,5,3,5
R00984,3,UNTOUCHED,T1,none,12,15,13,16
R00985,0,CLONE_INTERVAL,T1,t1_add_block_comment,6,18,6,19
R00985,1,MUTATION,T1,t1_add_block_comment,,,9,9
R00985,2,UNTOUCHED,T1,none,3,5,3,5
R00985,3,UNTOUCHED,T1,none,19,23,20,24
R00986,0,CLONE_INTERVAL,T3,t3_insert_statement,13,30,13,31
R00986,1,MUTATION,T3,t3_insert_statement,,,14,14
R00986,2,UNTOUCHED,T1,none,4,12,4,12
R00986,3,UNTOUCHED,T1,none,31,50,32,51
R00987,0,CLONE_INTERVAL,T1,t1_add_eol_comment,8,13,8,13
R00987,1,MUTATION,T1,t1_add_eol_comment,9,9,9,9
R00987,2,UNTOUCHED,T1,none,3,7,3,7
R00987,3,UNTOUCHED,T1,none,14,24,14,24
R00988,0,CLONE_INTERVAL,T1,t1_reindent,11,23,11,23
R00988,1,MUTATION,T1,t1_reindent,11,23,11,23
R00988,2,UNTOUCHED,T1,none,8,10,8,10
R00988,3,UNTOUCHED,T1,none,24,32,24,32
R00989,0,CLONE_INTERVAL,T3,t3_delete_statement,6,11,6,10
R00989,1,MUTATION,T3,t3_delete_statement,10,10,,
R00989,2,UNTOUCHED,T1,none,3,5,3,5
R00989,3,UNTOUCHED,T1,none,12,14,11,13
R00990,0,CLONE_INTERVAL,T3,t3_wrap_statement,25,35,25,37
R00990,1,MUTATION,T3,t3_wrap_statement,25,33,25,35
R00990,2,UNTOUCHED,T1,none,5,24,5,24
R00990,3,UNTOUCHED,T1,none,36,39,38,41
R00991,0,CLONE_INTERVAL,T3,t3_insert_statement,9,14,9,15
R00991,1,MUTATION,T3,t3_insert_statement,,,10,10
R00991,2,UNTOUCHED,T1,none,3,8,3,8
R00991,3,UNTOUCHED,T1,none,15,23,16,24
R00992,0,CLONE_INTERVAL,T3,t3_insert_statement,11,24,11,25
R00992,1,MUTATION,T3,t3_insert_statement,,,12,12
R00992,2,UNTOUCHED,T1,none,3,10,3,10
R00992,3,UNTOUCHED,T1,none,25,27,26,28
R00993,0,CLONE_INTERVAL,T1,t1_add_blank_line,7,12,7,13
R00993,1,MUTATION,T1,t1_add_blank_line,,,8,8
R00993,2,UNTOUCHED,T1,none,4,6,4,6
R00993,3,UNTOUCHED,T1,none,13,15,14,16
R00994,0,CLONE_INTERVAL,T3,t3_delete_statement,8,28,8,27
R00994,1,MUTATION,T3,t3_delete_statement,10,10,,
R00994,2,UNTOUCHED,T1,none,3,7,3,7
R00994,3,UNTOUCHED,T1,none,29,36,28,35
R00995,0,CLONE_INTERVAL,T3,t3_insert_statement,79,84,79,85
R00995,1,MUTATION,T3,t3_insert_statement,,,84,84
R00995,2,UNTOUCHED,T1,none,74,78,74,78
R00995,3,UNTOUCHED,T1,none,85,94,86,95
R00996,0,CLONE_INTERVAL,T2,t2_rename_local_x1,7,13,7,13
R00996,1,MUTATION,T2,t2_rename_local_x1,10,12,10,12
R00996,2,UNTOUCHED,T1,none,3,6,3,6
R00996,3,UNTOUCHED,T1,none,14,26,14,26
R00997,0,CLONE_INTERVAL,T1,t1_add_blank_line,10,16,10,17
R00997,1,MUTATION,T1,t1_add_blank_line,,,16,16
R00997,2,UNTOUCHED,T1,none,4,9,4,9
R00997,3,UNTOUCHED,T1,none,17,25,18,26
R00998,0,CLONE_INTERVAL,T1,t1_add_blank_line,12,17,12,18
R00998,1,MUTATION,T1,t1_add_blank_line,,,15,15
R00998,2,UNTOUCHED,T1,none,7,11,7,11
R00998,3,UNTOUCHED,T1,none,18,27,19,28
R00999,0,CLONE_INTERVAL,T1,t1_add_blank_line,6,11,6,12
R00999,1,MUTATION,T1,t1_add_blank_line,,,7,7
R00999,2,UNTOUCHED,T1,none,3,5,3,5
R00999,3,UNTOUCHED,T1,none,12,14,13,15
