"FUNCTION_ID_ONE","FUNCTION_ID_TWO","FUNCTIONALITY_ID","SIM_BOTH","NAME1","TYPE1","S1","E1","NAME2","TYPE2","S2","E2"
"6031248","14581601","4","1.0","166275.java","selected","159","171","2558574.java","selected","570","582"
"2825450","14581601","4","1.0","1434515.java","selected","77","89","2558574.java","selected","570","582"
"14581601","16324741","4","1.0","2558574.java","selected","570","582","153582.java","selected","256","268"
"6188784","14581601","4","1.0","2688879.java","selected","37","49","2558574.java","selected","570","582"
"14581601","23596949","4","1.0","2558574.java","selected","570","582","2211044.java","selected","280","292"
"9325670","14581601","4","1.0","1262585.java","selected","54","66","2558574.java","selected","570","582"
"11993046","14581601","4","1.0","1752530.java","selected","128","140","2558574.java","selected","570","582"
"2418918","14581601","4","1.0","1632727.java","selected","129","141","2558574.java","selected","570","582"
"6980854","14581601","4","1.0","567178.java","selected","45","57","2558574.java","selected","570","582"
"14581601","23613195","4","1.0","2558574.java","selected","570","582","215042.java","selected","58","70"
"1424647","14581601","4","1.0","2082.java","selected","64","76","2558574.java","selected","570","582"
"10368839","11627705","4","1.0","836722.java","selected","118","126","77754.java","selected","849","857"
"5523389","11627705","4","1.0","1823751.java","selected","50","58","77754.java","selected","849","857"
"3422759","22271237","4","1.0","1676100.java","selected","297","315","1113498.java","selected","86","104"
"3422759","14502142","4","1.0","1676100.java","selected","297","315","1068957.java","selected","11","29"
"3422759","21177597","4","1.0","1676100.java","selected","297","315","572754.java","selected","19","37"
"15854363","22207779","4","1.0","861615.java","selected","507","528","880474.java","selected","604","625"
"2461169","4623012","4","1.0","927691.java","selected","790","816","375037.java","selected","851","877"
"2461169","8625346","4","1.0","927691.java","selected","790","816","2429982.java","selected","836","862"
"367770","2461169","4","1.0","122954.java","default","836","862","927691.java","selected","790","816"
"2461169","14317425","4","1.0","927691.java","selected","790","816","753625.java","selected","754","780"
"2461169","18269744","4","1.0","927691.java","selected","790","816","59218.java","selected","732","758"
"2461168","2461169","4","1.0","927691.java","selected","754","780","927691.java","selected","790","816"
"2461169","8793825","4","1.0","927691.java","selected","790","816","1607771.java","selected","838","864"
"2461169","16351775","4","1.0","927691.java","selected","790","816","1931054.java","selected","838","864"
"2461169","7760800","4","1.0","927691.java","selected","790","816","2626904.java","selected","838","864"
"2461169","16224017","4","1.0","927691.java","selected","790","816","110490.java","selected","838","864"
"2461169","13783898","4","1.0","927691.java","selected","790","816","1966020.java","selected","858","884"
"2461169","19584877","4","1.0","927691.java","selected","790","816","1098324.java","selected","815","841"
"2461169","2711644","4","1.0","927691.java","selected","790","816","264272.java","selected","754","780"
"2461169","8778961","4","1.0","927691.java","selected","790","816","2599719.java","selected","838","864"
"2461169","12172484","4","1.0","927691.java","selected","790","816","1882693.java","selected","837","863"
"2461169","15571541","4","1.0","927691.java","selected","790","816","1560483.java","selected","754","780"
"1458628","2461169","4","1.0","1511595.java","selected","834","860","927691.java","selected","790","816"
"411630","2461169","4","1.0","77069.java","default","836","862","927691.java","selected","790","816"
"2461169","3768628","4","1.0","927691.java","selected","790","816","2554952.java","selected","838","864"
"831649","2461169","4","1.0","85394.java","default","836","862","927691.java","selected","790","816"
"2461169","6814854","4","1.0","927691.java","selected","790","816","209298.java","selected","804","830"
"2461169","18623182","4","1.0","927691.java","selected","790","816","1561076.java","selected","908","934"
"1421557","2461169","4","1.0","597475.java","selected","838","864","927691.java","selected","790","816"
"2461169","14183083","4","1.0","927691.java","selected","790","816","1103041.java","selected","838","864"
"2461169","16466519","4","1.0","927691.java","selected","790","816","1139080.java","selected","845","871"
"2461169","22246374","4","1.0","927691.java","selected","790","816","2481579.java","selected","857","883"
"250595","2461169","4","1.0","126904.java","default","836","862","927691.java","selected","790","816"
"2461169","7132185","4","1.0","927691.java","selected","790","816","364540.java","selected","835","861"
"2461169","9693856","4","1.0","927691.java","selected","790","816","964253.java","selected","838","864"
"948486","2461169","4","1.0","16883.java","default","853","879","927691.java","selected","790","816"
"1966262","2461169","4","1.0","1483221.java","selected","836","862","927691.java","selected","790","816"
"2461169","10287986","4","1.0","927691.java","selected","790","816","2215261.java","selected","838","864"
"2461169","18731109","4","1.0","927691.java","selected","790","816","2365821.java","selected","838","864"
"2461169","19142736","4","1.0","927691.java","selected","790","816","1402632.java","selected","838","864"
"2461169","6244936","4","1.0","927691.java","selected","790","816","183804.java","selected","752","778"
"2461169","13028546","4","1.0","927691.java","selected","790","816","593263.java","selected","837","863"
"2461169","2532321","4","1.0","927691.java","selected","790","816","244622.java","selected","837","863"
"2461169","11319479","4","1.0","927691.java","selected","790","816","2430560.java","selected","838","864"
"2461169","16388707","4","1.0","927691.java","selected","790","816","1802351.java","selected","838","864"
"2461169","13902980","4","1.0","927691.java","selected","790","816","304936.java","selected","835","861"
"2461169","8612647","4","1.0","927691.java","selected","790","816","707943.java","selected","837","863"
"2461169","4518933","4","1.0","927691.java","selected","790","816","1496807.java","selected","848","874"
"2461169","12678588","4","1.0","927691.java","selected","790","816","2510322.java","selected","754","780"
"2461169","21870536","4","1.0","927691.java","selected","790","816","1876215.java","selected","753","779"
"2461169","11548510","4","1.0","927691.java","selected","790","816","2640664.java","selected","753","779"
"2461169","4471000","4","1.0","927691.java","selected","790","816","2229382.java","selected","838","864"
"2461169","17456565","4","1.0","927691.java","selected","790","816","2038811.java","selected","838","864"
"2461169","19912847","4","1.0","927691.java","selected","790","816","419020.java","selected","901","927"
"2461169","9088422","4","1.0","927691.java","selected","790","816","2348309.java","selected","754","780"
"2461169","12614305","4","1.0","927691.java","selected","790","816","2339370.java","selected","755","781"
"2461169","22993367","4","1.0","927691.java","selected","790","816","2108660.java","selected","923","949"
"2461169","21488868","4","1.0","927691.java","selected","790","816","588446.java","selected","839","865"
"2461169","6061402","4","1.0","927691.java","selected","790","816","2190287.java","selected","837","863"
"4623012","12614306","4","1.0","375037.java","selected","851","877","2339370.java","selected","791","817"
"8625346","12614306","4","1.0","2429982.java","selected","836","862","2339370.java","selected","791","817"
"367770","12614306","4","1.0","122954.java","default","836","862","2339370.java","selected","791","817"
"12614306","14317425","4","1.0","2339370.java","selected","791","817","753625.java","selected","754","780"
"12614306","18269744","4","1.0","2339370.java","selected","791","817","59218.java","selected","732","758"
"2461168","12614306","4","1.0","927691.java","selected","754","780","2339370.java","selected","791","817"
"8793825","12614306","4","1.0","1607771.java","selected","838","864","2339370.java","selected","791","817"
"12614306","16351775","4","1.0","2339370.java","selected","791","817","1931054.java","selected","838","864"
"7760800","12614306","4","1.0","2626904.java","selected","838","864","2339370.java","selected","791","817"
"12614306","16224017","4","1.0","2339370.java","selected","791","817","110490.java","selected","838","864"
"12614306","13783898","4","1.0","2339370.java","selected","791","817","1966020.java","selected","858","884"
"12614306","19584877","4","1.0","2339370.java","selected","791","817","1098324.java","selected","815","841"
"2711644","12614306","4","1.0","264272.java","selected","754","780","2339370.java","selected","791","817"
"8778961","12614306","4","1.0","2599719.java","selected","838","864","2339370.java","selected","791","817"
"12172484","12614306","4","1.0","1882693.java","selected","837","863","2339370.java","selected","791","817"
"12614306","15571541","4","1.0","2339370.java","selected","791","817","1560483.java","selected","754","780"
"1458628","12614306","4","1.0","1511595.java","selected","834","860","2339370.java","selected","791","817"
"411630","12614306","4","1.0","77069.java","default","836","862","2339370.java","selected","791","817"
"3768628","12614306","4","1.0","2554952.java","selected","838","864","2339370.java","selected","791","817"
"831649","12614306","4","1.0","85394.java","default","836","862","2339370.java","selected","791","817"
"6814854","12614306","4","1.0","209298.java","selected","804","830","2339370.java","selected","791","817"
"12614306","18623182","4","1.0","2339370.java","selected","791","817","1561076.java","selected","908","934"
"1421557","12614306","4","1.0","597475.java","selected","838","864","2339370.java","selected","791","817"
"12614306","14183083","4","1.0","2339370.java","selected","791","817","1103041.java","selected","838","864"
"12614306","16466519","4","1.0","2339370.java","selected","791","817","1139080.java","selected","845","871"
"12614306","22246374","4","1.0","2339370.java","selected","791","817","2481579.java","selected","857","883"
"250595","12614306","4","1.0","126904.java","default","836","862","2339370.java","selected","791","817"
"7132185","12614306","4","1.0","364540.java","selected","835","861","2339370.java","selected","791","817"
"9693856","12614306","4","1.0","964253.java","selected","838","864","2339370.java","selected","791","817"
"948486","12614306","4","1.0","16883.java","default","853","879","2339370.java","selected","791","817"
"1966262","12614306","4","1.0","1483221.java","selected","836","862","2339370.java","selected","791","817"
"10287986","12614306","4","1.0","2215261.java","selected","838","864","2339370.java","selected","791","817"
"12614306","18731109","4","1.0","2339370.java","selected","791","817","2365821.java","selected","838","864"
"12614306","19142736","4","1.0","2339370.java","selected","791","817","1402632.java","selected","838","864"
"6244936","12614306","4","1.0","183804.java","selected","752","778","2339370.java","selected","791","817"
"12614306","13028546","4","1.0","2339370.java","selected","791","817","593263.java","selected","837","863"
"2532321","12614306","4","1.0","244622.java","selected","837","863","2339370.java","selected","791","817"
"11319479","12614306","4","1.0","2430560.java","selected","838","864","2339370.java","selected","791","817"
"12614306","16388707","4","1.0","2339370.java","selected","791","817","1802351.java","selected","838","864"
"12614306","13902980","4","1.0","2339370.java","selected","791","817","304936.java","selected","835","861"
"8612647","12614306","4","1.0","707943.java","selected","837","863","2339370.java","selected","791","817"
"4518933","12614306","4","1.0","1496807.java","selected","848","874","2339370.java","selected","791","817"
"12614306","12678588","4","1.0","2339370.java","selected","791","817","2510322.java","selected","754","780"
"12614306","21870536","4","1.0","2339370.java","selected","791","817","1876215.java","selected","753","779"
"11548510","12614306","4","1.0","2640664.java","selected","753","779","2339370.java","selected","791","817"
"4471000","12614306","4","1.0","2229382.java","selected","838","864","2339370.java","selected","791","817"
"12614306","17456565","4","1.0","2339370.java","selected","791","817","2038811.java","selected","838","864"
"12614306","19912847","4","1.0","2339370.java","selected","791","817","419020.java","selected","901","927"
"9088422","12614306","4","1.0","2348309.java","selected","754","780","2339370.java","selected","791","817"
"12614305","12614306","4","1.0","2339370.java","selected","755","781","2339370.java","selected","791","817"
"12614306","22993367","4","1.0","2339370.java","selected","791","817","2108660.java","selected","923","949"
"12614306","21488868","4","1.0","2339370.java","selected","791","817","588446.java","selected","839","865"
"6061402","12614306","4","1.0","2190287.java","selected","837","863","2339370.java","selected","791","817"
"3024986","3024993","4","1.0","2078997.java","selected","208","218","2078997.java","selected","296","306"
"4623012","8793826","4","1.0","375037.java","selected","851","877","1607771.java","selected","874","900"
"4623012","18623183","4","1.0","375037.java","selected","851","877","1561076.java","selected","946","972"
"4623012","18269745","4","1.0","375037.java","selected","851","877","59218.java","selected","768","794"
"4623012","7760801","4","1.0","375037.java","selected","851","877","2626904.java","selected","874","900"
"4623012","12678589","4","1.0","375037.java","selected","851","877","2510322.java","selected","790","816"
"4623012","21870537","4","1.0","375037.java","selected","851","877","1876215.java","selected","789","815"
"4623012","4623013","4","1.0","375037.java","selected","851","877","375037.java","selected","887","913"
"4623012","11548511","4","1.0","375037.java","selected","851","877","2640664.java","selected","789","815"
"831650","4623012","4","1.0","85394.java","default","872","898","375037.java","selected","851","877"
"4623012","17456566","4","1.0","375037.java","selected","851","877","2038811.java","selected","874","900"
"3768629","4623012","4","1.0","2554952.java","selected","874","900","375037.java","selected","851","877"
"4623012","19142737","4","1.0","375037.java","selected","851","877","1402632.java","selected","874","900"
"4623012","6814855","4","1.0","375037.java","selected","851","877","209298.java","selected","840","866"
"4623012","19584878","4","1.0","375037.java","selected","851","877","1098324.java","selected","851","877"
"4623012","13028547","4","1.0","375037.java","selected","851","877","593263.java","selected","873","899"
"4623012","11319480","4","1.0","375037.java","selected","851","877","2430560.java","selected","874","900"
"4623012","16466520","4","1.0","375037.java","selected","851","877","1139080.java","selected","881","907"
"4623012","16388708","4","1.0","375037.java","selected","851","877","1802351.java","selected","874","900"
"4623012","16224018","4","1.0","375037.java","selected","851","877","110490.java","selected","874","900"
"4623012","14183084","4","1.0","375037.java","selected","851","877","1103041.java","selected","874","900"
"367771","4623012","4","1.0","122954.java","default","872","898","375037.java","selected","851","877"
"2711645","4623012","4","1.0","264272.java","selected","790","816","375037.java","selected","851","877"
"4623012","12172485","4","1.0","375037.java","selected","851","877","1882693.java","selected","873","899"
"4623012","14317426","4","1.0","375037.java","selected","851","877","753625.java","selected","790","816"
"1458629","4623012","4","1.0","1511595.java","selected","870","896","375037.java","selected","851","877"
"4623012","15571542","4","1.0","375037.java","selected","851","877","1560483.java","selected","790","816"
"250596","4623012","4","1.0","126904.java","default","872","898","375037.java","selected","851","877"
"4623012","10287987","4","1.0","375037.java","selected","851","877","2215261.java","selected","874","900"
"4623012","6244937","4","1.0","375037.java","selected","851","877","183804.java","selected","788","814"
"4623012","6061403","4","1.0","375037.java","selected","851","877","2190287.java","selected","873","899"
"1421558","4623012","4","1.0","597475.java","selected","874","900","375037.java","selected","851","877"
"4623012","13902981","4","1.0","375037.java","selected","851","877","304936.java","selected","871","897"
"4623012","8612648","4","1.0","375037.java","selected","851","877","707943.java","selected","873","899"
"4623012","22246375","4","1.0","375037.java","selected","851","877","2481579.java","selected","893","919"
"4623012","13783899","4","1.0","375037.java","selected","851","877","1966020.java","selected","894","920"
"4623012","7132186","4","1.0","375037.java","selected","851","877","364540.java","selected","871","897"
"4623012","9693857","4","1.0","375037.java","selected","851","877","964253.java","selected","874","900"
"4623012","18731110","4","1.0","375037.java","selected","851","877","2365821.java","selected","874","900"
"1966263","4623012","4","1.0","1483221.java","selected","872","898","375037.java","selected","851","877"
"4623012","8778962","4","1.0","375037.java","selected","851","877","2599719.java","selected","874","900"
"411631","4623012","4","1.0","77069.java","default","872","898","375037.java","selected","851","877"
"4623012","19912848","4","1.0","375037.java","selected","851","877","419020.java","selected","939","965"
"4623012","21488869","4","1.0","375037.java","selected","851","877","588446.java","selected","875","901"
"2532322","4623012","4","1.0","244622.java","selected","873","899","375037.java","selected","851","877"
"4623012","16351776","4","1.0","375037.java","selected","851","877","1931054.java","selected","874","900"
"4518934","4623012","4","1.0","1496807.java","selected","884","910","375037.java","selected","851","877"
"948487","4623012","4","1.0","16883.java","default","889","915","375037.java","selected","851","877"
"4623012","8625347","4","1.0","375037.java","selected","851","877","2429982.java","selected","872","898"
"4471001","4623012","4","1.0","2229382.java","selected","874","900","375037.java","selected","851","877"
"4623012","22993368","4","1.0","375037.java","selected","851","877","2108660.java","selected","959","985"
"4623012","9088423","4","1.0","375037.java","selected","851","877","2348309.java","selected","790","816"
"3613198","20544327","4","1.0","749046.java","selected","23","34","881437.java","selected","27","38"
"8625346","8793826","4","1.0","2429982.java","selected","836","862","1607771.java","selected","874","900"
"367770","8793826","4","1.0","122954.java","default","836","862","1607771.java","selected","874","900"
"8793826","14317425","4","1.0","1607771.java","selected","874","900","753625.java","selected","754","780"
"8793826","18269744","4","1.0","1607771.java","selected","874","900","59218.java","selected","732","758"
"2461168","8793826","4","1.0","927691.java","selected","754","780","1607771.java","selected","874","900"
"8793825","8793826","4","1.0","1607771.java","selected","838","864","1607771.java","selected","874","900"
"8793826","16351775","4","1.0","1607771.java","selected","874","900","1931054.java","selected","838","864"
"7760800","8793826","4","1.0","2626904.java","selected","838","864","1607771.java","selected","874","900"
"8793826","16224017","4","1.0","1607771.java","selected","874","900","110490.java","selected","838","864"
"8793826","13783898","4","1.0","1607771.java","selected","874","900","1966020.java","selected","858","884"
"8793826","19584877","4","1.0","1607771.java","selected","874","900","1098324.java","selected","815","841"
"2711644","8793826","4","1.0","264272.java","selected","754","780","1607771.java","selected","874","900"
"8778961","8793826","4","1.0","2599719.java","selected","838","864","1607771.java","selected","874","900"
"8793826","12172484","4","1.0","1607771.java","selected","874","900","1882693.java","selected","837","863"
"8793826","15571541","4","1.0","1607771.java","selected","874","900","1560483.java","selected","754","780"
"1458628","8793826","4","1.0","1511595.java","selected","834","860","1607771.java","selected","874","900"
"411630","8793826","4","1.0","77069.java","default","836","862","1607771.java","selected","874","900"
"3768628","8793826","4","1.0","2554952.java","selected","838","864","1607771.java","selected","874","900"
"831649","8793826","4","1.0","85394.java","default","836","862","1607771.java","selected","874","900"
"6814854","8793826","4","1.0","209298.java","selected","804","830","1607771.java","selected","874","900"
"8793826","18623182","4","1.0","1607771.java","selected","874","900","1561076.java","selected","908","934"
"1421557","8793826","4","1.0","597475.java","selected","838","864","1607771.java","selected","874","900"
"8793826","14183083","4","1.0","1607771.java","selected","874","900","1103041.java","selected","838","864"
"8793826","16466519","4","1.0","1607771.java","selected","874","900","1139080.java","selected","845","871"
"8793826","22246374","4","1.0","1607771.java","selected","874","900","2481579.java","selected","857","883"
"250595","8793826","4","1.0","126904.java","default","836","862","1607771.java","selected","874","900"
"7132185","8793826","4","1.0","364540.java","selected","835","861","1607771.java","selected","874","900"
"8793826","9693856","4","1.0","1607771.java","selected","874","900","964253.java","selected","838","864"
"948486","8793826","4","1.0","16883.java","default","853","879","1607771.java","selected","874","900"
"1966262","8793826","4","1.0","1483221.java","selected","836","862","1607771.java","selected","874","900"
"8793826","10287986","4","1.0","1607771.java","selected","874","900","2215261.java","selected","838","864"
"8793826","18731109","4","1.0","1607771.java","selected","874","900","2365821.java","selected","838","864"
"8793826","19142736","4","1.0","1607771.java","selected","874","900","1402632.java","selected","838","864"
"6244936","8793826","4","1.0","183804.java","selected","752","778","1607771.java","selected","874","900"
"8793826","13028546","4","1.0","1607771.java","selected","874","900","593263.java","selected","837","863"
"2532321","8793826","4","1.0","244622.java","selected","837","863","1607771.java","selected","874","900"
"8793826","11319479","4","1.0","1607771.java","selected","874","900","2430560.java","selected","838","864"
"8793826","16388707","4","1.0","1607771.java","selected","874","900","1802351.java","selected","838","864"
"8793826","13902980","4","1.0","1607771.java","selected","874","900","304936.java","selected","835","861"
"8612647","8793826","4","1.0","707943.java","selected","837","863","1607771.java","selected","874","900"
"4518933","8793826","4","1.0","1496807.java","selected","848","874","1607771.java","selected","874","900"
"8793826","12678588","4","1.0","1607771.java","selected","874","900","2510322.java","selected","754","780"
"8793826","21870536","4","1.0","1607771.java","selected","874","900","1876215.java","selected","753","779"
"8793826","11548510","4","1.0","1607771.java","selected","874","900","2640664.java","selected","753","779"
"4471000","8793826","4","1.0","2229382.java","selected","838","864","1607771.java","selected","874","900"
"8793826","17456565","4","1.0","1607771.java","selected","874","900","2038811.java","selected","838","864"
"8793826","19912847","4","1.0","1607771.java","selected","874","900","419020.java","selected","901","927"
"8793826","9088422","4","1.0","1607771.java","selected","874","900","2348309.java","selected","754","780"
"8793826","12614305","4","1.0","1607771.java","selected","874","900","2339370.java","selected","755","781"
"8793826","22993367","4","1.0","1607771.java","selected","874","900","2108660.java","selected","923","949"
"8793826","21488868","4","1.0","1607771.java","selected","874","900","588446.java","selected","839","865"
"6061402","8793826","4","1.0","2190287.java","selected","837","863","1607771.java","selected","874","900"
"8625346","18623183","4","1.0","2429982.java","selected","836","862","1561076.java","selected","946","972"
"367770","18623183","4","1.0","122954.java","default","836","862","1561076.java","selected","946","972"
"14317425","18623183","4","1.0","753625.java","selected","754","780","1561076.java","selected","946","972"
"18269744","18623183","4","1.0","59218.java","selected","732","758","1561076.java","selected","946","972"
"2461168","18623183","4","1.0","927691.java","selected","754","780","1561076.java","selected","946","972"
"8793825","18623183","4","1.0","1607771.java","selected","838","864","1561076.java","selected","946","972"
"16351775","18623183","4","1.0","1931054.java","selected","838","864","1561076.java","selected","946","972"
"7760800","18623183","4","1.0","2626904.java","selected","838","864","1561076.java","selected","946","972"
"16224017","18623183","4","1.0","110490.java","selected","838","864","1561076.java","selected","946","972"
"13783898","18623183","4","1.0","1966020.java","selected","858","884","1561076.java","selected","946","972"
"18623183","19584877","4","1.0","1561076.java","selected","946","972","1098324.java","selected","815","841"
"2711644","18623183","4","1.0","264272.java","selected","754","780","1561076.java","selected","946","972"
"8778961","18623183","4","1.0","2599719.java","selected","838","864","1561076.java","selected","946","972"
"12172484","18623183","4","1.0","1882693.java","selected","837","863","1561076.java","selected","946","972"
"15571541","18623183","4","1.0","1560483.java","selected","754","780","1561076.java","selected","946","972"
"1458628","18623183","4","1.0","1511595.java","selected","834","860","1561076.java","selected","946","972"
"411630","18623183","4","1.0","77069.java","default","836","862","1561076.java","selected","946","972"
"3768628","18623183","4","1.0","2554952.java","selected","838","864","1561076.java","selected","946","972"
"831649","18623183","4","1.0","85394.java","default","836","862","1561076.java","selected","946","972"
"6814854","18623183","4","1.0","209298.java","selected","804","830","1561076.java","selected","946","972"
"18623182","18623183","4","1.0","1561076.java","selected","908","934","1561076.java","selected","946","972"
"1421557","18623183","4","1.0","597475.java","selected","838","864","1561076.java","selected","946","972"
"14183083","18623183","4","1.0","1103041.java","selected","838","864","1561076.java","selected","946","972"
"16466519","18623183","4","1.0","1139080.java","selected","845","871","1561076.java","selected","946","972"
"18623183","22246374","4","1.0","1561076.java","selected","946","972","2481579.java","selected","857","883"
"250595","18623183","4","1.0","126904.java","default","836","862","1561076.java","selected","946","972"
"7132185","18623183","4","1.0","364540.java","selected","835","861","1561076.java","selected","946","972"
"9693856","18623183","4","1.0","964253.java","selected","838","864","1561076.java","selected","946","972"
"948486","18623183","4","1.0","16883.java","default","853","879","1561076.java","selected","946","972"
"1966262","18623183","4","1.0","1483221.java","selected","836","862","1561076.java","selected","946","972"
"10287986","18623183","4","1.0","2215261.java","selected","838","864","1561076.java","selected","946","972"
"18623183","18731109","4","1.0","1561076.java","selected","946","972","2365821.java","selected","838","864"
"18623183","19142736","4","1.0","1561076.java","selected","946","972","1402632.java","selected","838","864"
"6244936","18623183","4","1.0","183804.java","selected","752","778","1561076.java","selected","946","972"
"13028546","18623183","4","1.0","593263.java","selected","837","863","1561076.java","selected","946","972"
"2532321","18623183","4","1.0","244622.java","selected","837","863","1561076.java","selected","946","972"
"11319479","18623183","4","1.0","2430560.java","selected","838","864","1561076.java","selected","946","972"
"16388707","18623183","4","1.0","1802351.java","selected","838","864","1561076.java","selected","946","972"
"13902980","18623183","4","1.0","304936.java","selected","835","861","1561076.java","selected","946","972"
"8612647","18623183","4","1.0","707943.java","selected","837","863","1561076.java","selected","946","972"
"4518933","18623183","4","1.0","1496807.java","selected","848","874","1561076.java","selected","946","972"
"12678588","18623183","4","1.0","2510322.java","selected","754","780","1561076.java","selected","946","972"
"18623183","21870536","4","1.0","1561076.java","selected","946","972","1876215.java","selected","753","779"
"11548510","18623183","4","1.0","2640664.java","selected","753","779","1561076.java","selected","946","972"
"4471000","18623183","4","1.0","2229382.java","selected","838","864","1561076.java","selected","946","972"
"17456565","18623183","4","1.0","2038811.java","selected","838","864","1561076.java","selected","946","972"
"18623183","19912847","4","1.0","1561076.java","selected","946","972","419020.java","selected","901","927"
"9088422","18623183","4","1.0","2348309.java","selected","754","780","1561076.java","selected","946","972"
"12614305","18623183","4","1.0","2339370.java","selected","755","781","1561076.java","selected","946","972"
"18623183","22993367","4","1.0","1561076.java","selected","946","972","2108660.java","selected","923","949"
"18623183","21488868","4","1.0","1561076.java","selected","946","972","588446.java","selected","839","865"
"6061402","18623183","4","1.0","2190287.java","selected","837","863","1561076.java","selected","946","972"
"2825450","6031248","4","1.0","1434515.java","selected","77","89","166275.java","selected","159","171"
"6031248","16324741","4","1.0","166275.java","selected","159","171","153582.java","selected","256","268"
"6031248","6188784","4","1.0","166275.java","selected","159","171","2688879.java","selected","37","49"
"6031248","9325670","4","1.0","166275.java","selected","159","171","1262585.java","selected","54","66"
"6031248","6980854","4","1.0","166275.java","selected","159","171","567178.java","selected","45","57"
"6031248","23613195","4","1.0","166275.java","selected","159","171","215042.java","selected","58","70"
"1424647","6031248","4","1.0","2082.java","selected","64","76","166275.java","selected","159","171"
"8625346","18269745","4","1.0","2429982.java","selected","836","862","59218.java","selected","768","794"
"7760801","8625346","4","1.0","2626904.java","selected","874","900","2429982.java","selected","836","862"
"8625346","12678589","4","1.0","2429982.java","selected","836","862","2510322.java","selected","790","816"
"8625346","21870537","4","1.0","2429982.java","selected","836","862","1876215.java","selected","789","815"
"4623013","8625346","4","1.0","375037.java","selected","887","913","2429982.java","selected","836","862"
"8625346","11548511","4","1.0","2429982.java","selected","836","862","2640664.java","selected","789","815"
"831650","8625346","4","1.0","85394.java","default","872","898","2429982.java","selected","836","862"
"8625346","17456566","4","1.0","2429982.java","selected","836","862","2038811.java","selected","874","900"
"3768629","8625346","4","1.0","2554952.java","selected","874","900","2429982.java","selected","836","862"
"8625346","19142737","4","1.0","2429982.java","selected","836","862","1402632.java","selected","874","900"
"6814855","8625346","4","1.0","209298.java","selected","840","866","2429982.java","selected","836","862"
"8625346","19584878","4","1.0","2429982.java","selected","836","862","1098324.java","selected","851","877"
"8625346","13028547","4","1.0","2429982.java","selected","836","862","593263.java","selected","873","899"
"8625346","11319480","4","1.0","2429982.java","selected","836","862","2430560.java","selected","874","900"
"8625346","16466520","4","1.0","2429982.java","selected","836","862","1139080.java","selected","881","907"
"8625346","16388708","4","1.0","2429982.java","selected","836","862","1802351.java","selected","874","900"
"8625346","16224018","4","1.0","2429982.java","selected","836","862","110490.java","selected","874","900"
"8625346","14183084","4","1.0","2429982.java","selected","836","862","1103041.java","selected","874","900"
"367771","8625346","4","1.0","122954.java","default","872","898","2429982.java","selected","836","862"
"2711645","8625346","4","1.0","264272.java","selected","790","816","2429982.java","selected","836","862"
"8625346","12172485","4","1.0","2429982.java","selected","836","862","1882693.java","selected","873","899"
"8625346","14317426","4","1.0","2429982.java","selected","836","862","753625.java","selected","790","816"
"1458629","8625346","4","1.0","1511595.java","selected","870","896","2429982.java","selected","836","862"
"8625346","15571542","4","1.0","2429982.java","selected","836","862","1560483.java","selected","790","816"
"250596","8625346","4","1.0","126904.java","default","872","898","2429982.java","selected","836","862"
"8625346","10287987","4","1.0","2429982.java","selected","836","862","2215261.java","selected","874","900"
"6244937","8625346","4","1.0","183804.java","selected","788","814","2429982.java","selected","836","862"
"6061403","8625346","4","1.0","2190287.java","selected","873","899","2429982.java","selected","836","862"
"1421558","8625346","4","1.0","597475.java","selected","874","900","2429982.java","selected","836","862"
"8625346","13902981","4","1.0","2429982.java","selected","836","862","304936.java","selected","871","897"
"8612648","8625346","4","1.0","707943.java","selected","873","899","2429982.java","selected","836","862"
"8625346","22246375","4","1.0","2429982.java","selected","836","862","2481579.java","selected","893","919"
"8625346","13783899","4","1.0","2429982.java","selected","836","862","1966020.java","selected","894","920"
"7132186","8625346","4","1.0","364540.java","selected","871","897","2429982.java","selected","836","862"
"8625346","9693857","4","1.0","2429982.java","selected","836","862","964253.java","selected","874","900"
"8625346","18731110","4","1.0","2429982.java","selected","836","862","2365821.java","selected","874","900"
"1966263","8625346","4","1.0","1483221.java","selected","872","898","2429982.java","selected","836","862"
"8625346","8778962","4","1.0","2429982.java","selected","836","862","2599719.java","selected","874","900"
"411631","8625346","4","1.0","77069.java","default","872","898","2429982.java","selected","836","862"
"8625346","19912848","4","1.0","2429982.java","selected","836","862","419020.java","selected","939","965"
"8625346","21488869","4","1.0","2429982.java","selected","836","862","588446.java","selected","875","901"
"2532322","8625346","4","1.0","244622.java","selected","873","899","2429982.java","selected","836","862"
"8625346","16351776","4","1.0","2429982.java","selected","836","862","1931054.java","selected","874","900"
"4518934","8625346","4","1.0","1496807.java","selected","884","910","2429982.java","selected","836","862"
"948487","8625346","4","1.0","16883.java","default","889","915","2429982.java","selected","836","862"
"8625346","8625347","4","1.0","2429982.java","selected","836","862","2429982.java","selected","872","898"
"4471001","8625346","4","1.0","2229382.java","selected","874","900","2429982.java","selected","836","862"
"8625346","22993368","4","1.0","2429982.java","selected","836","862","2108660.java","selected","959","985"
"8625346","9088423","4","1.0","2429982.java","selected","836","862","2348309.java","selected","790","816"
"2362445","20544327","4","1.0","1235420.java","selected","78","89","881437.java","selected","27","38"
"7911686","15768167","4","1.0","1613178.java","selected","232","243","2354960.java","selected","15","26"
"20544327","20654105","4","1.0","881437.java","selected","27","38","699527.java","selected","23","34"
"1490117","18613870","4","1.0","812847.java","selected","8","14","1408573.java","selected","251","257"
"1490117","15034107","4","1.0","812847.java","selected","8","14","2227752.java","selected","18","24"
"1490117","21308543","4","1.0","812847.java","selected","8","14","2617201.java","selected","204","210"
"1490117","18457132","4","1.0","812847.java","selected","8","14","1600186.java","selected","565","571"
"3577507","23130941","4","1.0","1344848.java","selected","9","18","775655.java","selected","713","722"
"367770","18269745","4","1.0","122954.java","default","836","862","59218.java","selected","768","794"
"367770","7760801","4","1.0","122954.java","default","836","862","2626904.java","selected","874","900"
"367770","12678589","4","1.0","122954.java","default","836","862","2510322.java","selected","790","816"
"367770","21870537","4","1.0","122954.java","default","836","862","1876215.java","selected","789","815"
"367770","4623013","4","1.0","122954.java","default","836","862","375037.java","selected","887","913"
"367770","11548511","4","1.0","122954.java","default","836","862","2640664.java","selected","789","815"
"367770","831650","4","1.0","122954.java","default","836","862","85394.java","default","872","898"
"367770","17456566","4","1.0","122954.java","default","836","862","2038811.java","selected","874","900"
"367770","3768629","4","1.0","122954.java","default","836","862","2554952.java","selected","874","900"
"367770","19142737","4","1.0","122954.java","default","836","862","1402632.java","selected","874","900"
"367770","6814855","4","1.0","122954.java","default","836","862","209298.java","selected","840","866"
"367770","19584878","4","1.0","122954.java","default","836","862","1098324.java","selected","851","877"
"367770","13028547","4","1.0","122954.java","default","836","862","593263.java","selected","873","899"
"367770","11319480","4","1.0","122954.java","default","836","862","2430560.java","selected","874","900"
"367770","16466520","4","1.0","122954.java","default","836","862","1139080.java","selected","881","907"
"367770","16388708","4","1.0","122954.java","default","836","862","1802351.java","selected","874","900"
"367770","16224018","4","1.0","122954.java","default","836","862","110490.java","selected","874","900"
"367770","14183084","4","1.0","122954.java","default","836","862","1103041.java","selected","874","900"
"367770","367771","4","1.0","122954.java","default","836","862","122954.java","default","872","898"
"367770","2711645","4","1.0","122954.java","default","836","862","264272.java","selected","790","816"
"367770","12172485","4","1.0","122954.java","default","836","862","1882693.java","selected","873","899"
"367770","14317426","4","1.0","122954.java","default","836","862","753625.java","selected","790","816"
"367770","1458629","4","1.0","122954.java","default","836","862","1511595.java","selected","870","896"
"367770","15571542","4","1.0","122954.java","default","836","862","1560483.java","selected","790","816"
"250596","367770","4","1.0","126904.java","default","872","898","122954.java","default","836","862"
"367770","10287987","4","1.0","122954.java","default","836","862","2215261.java","selected","874","900"
"367770","6244937","4","1.0","122954.java","default","836","862","183804.java","selected","788","814"
"367770","6061403","4","1.0","122954.java","default","836","862","2190287.java","selected","873","899"
"367770","1421558","4","1.0","122954.java","default","836","862","597475.java","selected","874","900"
"367770","13902981","4","1.0","122954.java","default","836","862","304936.java","selected","871","897"
"367770","8612648","4","1.0","122954.java","default","836","862","707943.java","selected","873","899"
"367770","22246375","4","1.0","122954.java","default","836","862","2481579.java","selected","893","919"
"367770","13783899","4","1.0","122954.java","default","836","862","1966020.java","selected","894","920"
"367770","7132186","4","1.0","122954.java","default","836","862","364540.java","selected","871","897"
"367770","9693857","4","1.0","122954.java","default","836","862","964253.java","selected","874","900"
"367770","18731110","4","1.0","122954.java","default","836","862","2365821.java","selected","874","900"
"367770","1966263","4","1.0","122954.java","default","836","862","1483221.java","selected","872","898"
"367770","8778962","4","1.0","122954.java","default","836","862","2599719.java","selected","874","900"
"367770","411631","4","1.0","122954.java","default","836","862","77069.java","default","872","898"
"367770","19912848","4","1.0","122954.java","default","836","862","419020.java","selected","939","965"
"367770","21488869","4","1.0","122954.java","default","836","862","588446.java","selected","875","901"
"367770","2532322","4","1.0","122954.java","default","836","862","244622.java","selected","873","899"
"367770","16351776","4","1.0","122954.java","default","836","862","1931054.java","selected","874","900"
"367770","4518934","4","1.0","122954.java","default","836","862","1496807.java","selected","884","910"
"367770","948487","4","1.0","122954.java","default","836","862","16883.java","default","889","915"
"367770","8625347","4","1.0","122954.java","default","836","862","2429982.java","selected","872","898"
"367770","4471001","4","1.0","122954.java","default","836","862","2229382.java","selected","874","900"
"367770","22993368","4","1.0","122954.java","default","836","862","2108660.java","selected","959","985"
"367770","9088423","4","1.0","122954.java","default","836","862","2348309.java","selected","790","816"
"14317425","18269745","4","1.0","753625.java","selected","754","780","59218.java","selected","768","794"
"7760801","14317425","4","1.0","2626904.java","selected","874","900","753625.java","selected","754","780"
"12678589","14317425","4","1.0","2510322.java","selected","790","816","753625.java","selected","754","780"
"14317425","21870537","4","1.0","753625.java","selected","754","780","1876215.java","selected","789","815"
"4623013","14317425","4","1.0","375037.java","selected","887","913","753625.java","selected","754","780"
"11548511","14317425","4","1.0","2640664.java","selected","789","815","753625.java","selected","754","780"
"831650","14317425","4","1.0","85394.java","default","872","898","753625.java","selected","754","780"
"14317425","17456566","4","1.0","753625.java","selected","754","780","2038811.java","selected","874","900"
"3768629","14317425","4","1.0","2554952.java","selected","874","900","753625.java","selected","754","780"
"14317425","19142737","4","1.0","753625.java","selected","754","780","1402632.java","selected","874","900"
"6814855","14317425","4","1.0","209298.java","selected","840","866","753625.java","selected","754","780"
"14317425","19584878","4","1.0","753625.java","selected","754","780","1098324.java","selected","851","877"
"13028547","14317425","4","1.0","593263.java","selected","873","899","753625.java","selected","754","780"
"11319480","14317425","4","1.0","2430560.java","selected","874","900","753625.java","selected","754","780"
"14317425","16466520","4","1.0","753625.java","selected","754","780","1139080.java","selected","881","907"
"14317425","16388708","4","1.0","753625.java","selected","754","780","1802351.java","selected","874","900"
"14317425","16224018","4","1.0","753625.java","selected","754","780","110490.java","selected","874","900"
"14183084","14317425","4","1.0","1103041.java","selected","874","900","753625.java","selected","754","780"
"367771","14317425","4","1.0","122954.java","default","872","898","753625.java","selected","754","780"
"2711645","14317425","4","1.0","264272.java","selected","790","816","753625.java","selected","754","780"
"12172485","14317425","4","1.0","1882693.java","selected","873","899","753625.java","selected","754","780"
"14317425","14317426","4","1.0","753625.java","selected","754","780","753625.java","selected","790","816"
"1458629","14317425","4","1.0","1511595.java","selected","870","896","753625.java","selected","754","780"
"14317425","15571542","4","1.0","753625.java","selected","754","780","1560483.java","selected","790","816"
"250596","14317425","4","1.0","126904.java","default","872","898","753625.java","selected","754","780"
"10287987","14317425","4","1.0","2215261.java","selected","874","900","753625.java","selected","754","780"
"6244937","14317425","4","1.0","183804.java","selected","788","814","753625.java","selected","754","780"
"6061403","14317425","4","1.0","2190287.java","selected","873","899","753625.java","selected","754","780"
"1421558","14317425","4","1.0","597475.java","selected","874","900","753625.java","selected","754","780"
"13902981","14317425","4","1.0","304936.java","selected","871","897","753625.java","selected","754","780"
"8612648","14317425","4","1.0","707943.java","selected","873","899","753625.java","selected","754","780"
"14317425","22246375","4","1.0","753625.java","selected","754","780","2481579.java","selected","893","919"
"13783899","14317425","4","1.0","1966020.java","selected","894","920","753625.java","selected","754","780"
"7132186","14317425","4","1.0","364540.java","selected","871","897","753625.java","selected","754","780"
"9693857","14317425","4","1.0","964253.java","selected","874","900","753625.java","selected","754","780"
"14317425","18731110","4","1.0","753625.java","selected","754","780","2365821.java","selected","874","900"
"1966263","14317425","4","1.0","1483221.java","selected","872","898","753625.java","selected","754","780"
"8778962","14317425","4","1.0","2599719.java","selected","874","900","753625.java","selected","754","780"
"411631","14317425","4","1.0","77069.java","default","872","898","753625.java","selected","754","780"
"14317425","19912848","4","1.0","753625.java","selected","754","780","419020.java","selected","939","965"
"14317425","21488869","4","1.0","753625.java","selected","754","780","588446.java","selected","875","901"
"2532322","14317425","4","1.0","244622.java","selected","873","899","753625.java","selected","754","780"
"14317425","16351776","4","1.0","753625.java","selected","754","780","1931054.java","selected","874","900"
"4518934","14317425","4","1.0","1496807.java","selected","884","910","753625.java","selected","754","780"
"948487","14317425","4","1.0","16883.java","default","889","915","753625.java","selected","754","780"
"8625347","14317425","4","1.0","2429982.java","selected","872","898","753625.java","selected","754","780"
"4471001","14317425","4","1.0","2229382.java","selected","874","900","753625.java","selected","754","780"
"14317425","22993368","4","1.0","753625.java","selected","754","780","2108660.java","selected","959","985"
"9088423","14317425","4","1.0","2348309.java","selected","790","816","753625.java","selected","754","780"
"19549489","20019847","4","1.0","1013593.java","selected","26","32","256068.java","selected","549","555"
"18269744","18269745","4","1.0","59218.java","selected","732","758","59218.java","selected","768","794"
"2461168","18269745","4","1.0","927691.java","selected","754","780","59218.java","selected","768","794"
"8793825","18269745","4","1.0","1607771.java","selected","838","864","59218.java","selected","768","794"
"16351775","18269745","4","1.0","1931054.java","selected","838","864","59218.java","selected","768","794"
"7760800","18269745","4","1.0","2626904.java","selected","838","864","59218.java","selected","768","794"
"16224017","18269745","4","1.0","110490.java","selected","838","864","59218.java","selected","768","794"
"13783898","18269745","4","1.0","1966020.java","selected","858","884","59218.java","selected","768","794"
"18269745","19584877","4","1.0","59218.java","selected","768","794","1098324.java","selected","815","841"
"2711644","18269745","4","1.0","264272.java","selected","754","780","59218.java","selected","768","794"
"8778961","18269745","4","1.0","2599719.java","selected","838","864","59218.java","selected","768","794"
"12172484","18269745","4","1.0","1882693.java","selected","837","863","59218.java","selected","768","794"
"15571541","18269745","4","1.0","1560483.java","selected","754","780","59218.java","selected","768","794"
"1458628","18269745","4","1.0","1511595.java","selected","834","860","59218.java","selected","768","794"
"411630","18269745","4","1.0","77069.java","default","836","862","59218.java","selected","768","794"
"3768628","18269745","4","1.0","2554952.java","selected","838","864","59218.java","selected","768","794"
"831649","18269745","4","1.0","85394.java","default","836","862","59218.java","selected","768","794"
"6814854","18269745","4","1.0","209298.java","selected","804","830","59218.java","selected","768","794"
"18269745","18623182","4","1.0","59218.java","selected","768","794","1561076.java","selected","908","934"
"1421557","18269745","4","1.0","597475.java","selected","838","864","59218.java","selected","768","794"
"14183083","18269745","4","1.0","1103041.java","selected","838","864","59218.java","selected","768","794"
"16466519","18269745","4","1.0","1139080.java","selected","845","871","59218.java","selected","768","794"
"18269745","22246374","4","1.0","59218.java","selected","768","794","2481579.java","selected","857","883"
"250595","18269745","4","1.0","126904.java","default","836","862","59218.java","selected","768","794"
"7132185","18269745","4","1.0","364540.java","selected","835","861","59218.java","selected","768","794"
"9693856","18269745","4","1.0","964253.java","selected","838","864","59218.java","selected","768","794"
"948486","18269745","4","1.0","16883.java","default","853","879","59218.java","selected","768","794"
"1966262","18269745","4","1.0","1483221.java","selected","836","862","59218.java","selected","768","794"
"10287986","18269745","4","1.0","2215261.java","selected","838","864","59218.java","selected","768","794"
"18269745","18731109","4","1.0","59218.java","selected","768","794","2365821.java","selected","838","864"
"18269745","19142736","4","1.0","59218.java","selected","768","794","1402632.java","selected","838","864"
"6244936","18269745","4","1.0","183804.java","selected","752","778","59218.java","selected","768","794"
"13028546","18269745","4","1.0","593263.java","selected","837","863","59218.java","selected","768","794"
"2532321","18269745","4","1.0","244622.java","selected","837","863","59218.java","selected","768","794"
"11319479","18269745","4","1.0","2430560.java","selected","838","864","59218.java","selected","768","794"
"16388707","18269745","4","1.0","1802351.java","selected","838","864","59218.java","selected","768","794"
"13902980","18269745","4","1.0","304936.java","selected","835","861","59218.java","selected","768","794"
"8612647","18269745","4","1.0","707943.java","selected","837","863","59218.java","selected","768","794"
"4518933","18269745","4","1.0","1496807.java","selected","848","874","59218.java","selected","768","794"
"12678588","18269745","4","1.0","2510322.java","selected","754","780","59218.java","selected","768","794"
"18269745","21870536","4","1.0","59218.java","selected","768","794","1876215.java","selected","753","779"
"11548510","18269745","4","1.0","2640664.java","selected","753","779","59218.java","selected","768","794"
"4471000","18269745","4","1.0","2229382.java","selected","838","864","59218.java","selected","768","794"
"17456565","18269745","4","1.0","2038811.java","selected","838","864","59218.java","selected","768","794"
"18269745","19912847","4","1.0","59218.java","selected","768","794","419020.java","selected","901","927"
"9088422","18269745","4","1.0","2348309.java","selected","754","780","59218.java","selected","768","794"
"12614305","18269745","4","1.0","2339370.java","selected","755","781","59218.java","selected","768","794"
"18269745","22993367","4","1.0","59218.java","selected","768","794","2108660.java","selected","923","949"
"18269745","21488868","4","1.0","59218.java","selected","768","794","588446.java","selected","839","865"
"6061402","18269745","4","1.0","2190287.java","selected","837","863","59218.java","selected","768","794"
"16540473","22271237","4","1.0","1552187.java","selected","147","165","1113498.java","selected","86","104"
"14502142","16540473","4","1.0","1068957.java","selected","11","29","1552187.java","selected","147","165"
"16540473","21177597","4","1.0","1552187.java","selected","147","165","572754.java","selected","19","37"
"2825450","16324741","4","1.0","1434515.java","selected","77","89","153582.java","selected","256","268"
"2825450","23596949","4","1.0","1434515.java","selected","77","89","2211044.java","selected","280","292"
"2825450","11993046","4","1.0","1434515.java","selected","77","89","1752530.java","selected","128","140"
"2418918","2825450","4","1.0","1632727.java","selected","129","141","1434515.java","selected","77","89"
"7976872","10369570","4","1.0","1144005.java","selected","142","184","1207917.java","selected","20","62"
"7760801","18269744","4","1.0","2626904.java","selected","874","900","59218.java","selected","732","758"
"2461168","7760801","4","1.0","927691.java","selected","754","780","2626904.java","selected","874","900"
"7760801","8793825","4","1.0","2626904.java","selected","874","900","1607771.java","selected","838","864"
"7760801","16351775","4","1.0","2626904.java","selected","874","900","1931054.java","selected","838","864"
"7760800","7760801","4","1.0","2626904.java","selected","838","864","2626904.java","selected","874","900"
"7760801","16224017","4","1.0","2626904.java","selected","874","900","110490.java","selected","838","864"
"7760801","13783898","4","1.0","2626904.java","selected","874","900","1966020.java","selected","858","884"
"7760801","19584877","4","1.0","2626904.java","selected","874","900","1098324.java","selected","815","841"
"2711644","7760801","4","1.0","264272.java","selected","754","780","2626904.java","selected","874","900"
"7760801","8778961","4","1.0","2626904.java","selected","874","900","2599719.java","selected","838","864"
"7760801","12172484","4","1.0","2626904.java","selected","874","900","1882693.java","selected","837","863"
"7760801","15571541","4","1.0","2626904.java","selected","874","900","1560483.java","selected","754","780"
"1458628","7760801","4","1.0","1511595.java","selected","834","860","2626904.java","selected","874","900"
"411630","7760801","4","1.0","77069.java","default","836","862","2626904.java","selected","874","900"
"3768628","7760801","4","1.0","2554952.java","selected","838","864","2626904.java","selected","874","900"
"831649","7760801","4","1.0","85394.java","default","836","862","2626904.java","selected","874","900"
"6814854","7760801","4","1.0","209298.java","selected","804","830","2626904.java","selected","874","900"
"7760801","18623182","4","1.0","2626904.java","selected","874","900","1561076.java","selected","908","934"
"1421557","7760801","4","1.0","597475.java","selected","838","864","2626904.java","selected","874","900"
"7760801","14183083","4","1.0","2626904.java","selected","874","900","1103041.java","selected","838","864"
"7760801","16466519","4","1.0","2626904.java","selected","874","900","1139080.java","selected","845","871"
"7760801","22246374","4","1.0","2626904.java","selected","874","900","2481579.java","selected","857","883"
"250595","7760801","4","1.0","126904.java","default","836","862","2626904.java","selected","874","900"
"7132185","7760801","4","1.0","364540.java","selected","835","861","2626904.java","selected","874","900"
"7760801","9693856","4","1.0","2626904.java","selected","874","900","964253.java","selected","838","864"
"948486","7760801","4","1.0","16883.java","default","853","879","2626904.java","selected","874","900"
"1966262","7760801","4","1.0","1483221.java","selected","836","862","2626904.java","selected","874","900"
"7760801","10287986","4","1.0","2626904.java","selected","874","900","2215261.java","selected","838","864"
"7760801","18731109","4","1.0","2626904.java","selected","874","900","2365821.java","selected","838","864"
"7760801","19142736","4","1.0","2626904.java","selected","874","900","1402632.java","selected","838","864"
"6244936","7760801","4","1.0","183804.java","selected","752","778","2626904.java","selected","874","900"
"7760801","13028546","4","1.0","2626904.java","selected","874","900","593263.java","selected","837","863"
"2532321","7760801","4","1.0","244622.java","selected","837","863","2626904.java","selected","874","900"
"7760801","11319479","4","1.0","2626904.java","selected","874","900","2430560.java","selected","838","864"
"7760801","16388707","4","1.0","2626904.java","selected","874","900","1802351.java","selected","838","864"
"7760801","13902980","4","1.0","2626904.java","selected","874","900","304936.java","selected","835","861"
"7760801","8612647","4","1.0","2626904.java","selected","874","900","707943.java","selected","837","863"
"4518933","7760801","4","1.0","1496807.java","selected","848","874","2626904.java","selected","874","900"
"7760801","12678588","4","1.0","2626904.java","selected","874","900","2510322.java","selected","754","780"
"7760801","21870536","4","1.0","2626904.java","selected","874","900","1876215.java","selected","753","779"
"7760801","11548510","4","1.0","2626904.java","selected","874","900","2640664.java","selected","753","779"
"4471000","7760801","4","1.0","2229382.java","selected","838","864","2626904.java","selected","874","900"
"7760801","17456565","4","1.0","2626904.java","selected","874","900","2038811.java","selected","838","864"
"7760801","19912847","4","1.0","2626904.java","selected","874","900","419020.java","selected","901","927"
"7760801","9088422","4","1.0","2626904.java","selected","874","900","2348309.java","selected","754","780"
"7760801","12614305","4","1.0","2626904.java","selected","874","900","2339370.java","selected","755","781"
"7760801","22993367","4","1.0","2626904.java","selected","874","900","2108660.java","selected","923","949"
"7760801","21488868","4","1.0","2626904.java","selected","874","900","588446.java","selected","839","865"
"6061402","7760801","4","1.0","2190287.java","selected","837","863","2626904.java","selected","874","900"
"4889264","12306305","4","1.0","1208869.java","selected","460","481","2685107.java","selected","416","437"
"6442346","14717089","4","1.0","1177478.java","selected","51","112","1374284.java","selected","49","110"
"3253027","19251429","4","1.0","1699062.java","selected","183","192","2283235.java","selected","179","188"
"3597316","22271237","4","1.0","702108.java","selected","45","63","1113498.java","selected","86","104"
"14502142","22271237","4","1.0","1068957.java","selected","11","29","1113498.java","selected","86","104"
"266990","22271237","4","1.0","78884.java","default","30","48","1113498.java","selected","86","104"
"19849797","22271237","4","1.0","926926.java","selected","63","81","1113498.java","selected","86","104"
"21177597","22271237","4","1.0","572754.java","selected","19","37","1113498.java","selected","86","104"
"4385640","22271237","4","1.0","1234284.java","selected","70","88","1113498.java","selected","86","104"
"22271237","23069799","4","1.0","1113498.java","selected","86","104","169032.java","selected","187","205"
"18741084","22271237","4","1.0","138213.java","selected","35","53","1113498.java","selected","86","104"
"17097179","22271237","4","1.0","2364800.java","selected","70","88","1113498.java","selected","86","104"
"3419825","22271237","4","1.0","1921449.java","selected","65","83","1113498.java","selected","86","104"
"20085210","22271237","4","1.0","2556943.java","selected","11","29","1113498.java","selected","86","104"
"12678589","18269744","4","1.0","2510322.java","selected","790","816","59218.java","selected","732","758"
"2461168","12678589","4","1.0","927691.java","selected","754","780","2510322.java","selected","790","816"
"8793825","12678589","4","1.0","1607771.java","selected","838","864","2510322.java","selected","790","816"
"12678589","16351775","4","1.0","2510322.java","selected","790","816","1931054.java","selected","838","864"
"7760800","12678589","4","1.0","2626904.java","selected","838","864","2510322.java","selected","790","816"
"12678589","16224017","4","1.0","2510322.java","selected","790","816","110490.java","selected","838","864"
"12678589","13783898","4","1.0","2510322.java","selected","790","816","1966020.java","selected","858","884"
"12678589","19584877","4","1.0","2510322.java","selected","790","816","1098324.java","selected","815","841"
"2711644","12678589","4","1.0","264272.java","selected","754","780","2510322.java","selected","790","816"
"8778961","12678589","4","1.0","2599719.java","selected","838","864","2510322.java","selected","790","816"
"12172484","12678589","4","1.0","1882693.java","selected","837","863","2510322.java","selected","790","816"
"12678589","15571541","4","1.0","2510322.java","selected","790","816","1560483.java","selected","754","780"
"1458628","12678589","4","1.0","1511595.java","selected","834","860","2510322.java","selected","790","816"
"411630","12678589","4","1.0","77069.java","default","836","862","2510322.java","selected","790","816"
"3768628","12678589","4","1.0","2554952.java","selected","838","864","2510322.java","selected","790","816"
"831649","12678589","4","1.0","85394.java","default","836","862","2510322.java","selected","790","816"
"6814854","12678589","4","1.0","209298.java","selected","804","830","2510322.java","selected","790","816"
"12678589","18623182","4","1.0","2510322.java","selected","790","816","1561076.java","selected","908","934"
"1421557","12678589","4","1.0","597475.java","selected","838","864","2510322.java","selected","790","816"
"12678589","14183083","4","1.0","2510322.java","selected","790","816","1103041.java","selected","838","864"
"12678589","16466519","4","1.0","2510322.java","selected","790","816","1139080.java","selected","845","871"
"12678589","22246374","4","1.0","2510322.java","selected","790","816","2481579.java","selected","857","883"
"250595","12678589","4","1.0","126904.java","default","836","862","2510322.java","selected","790","816"
"7132185","12678589","4","1.0","364540.java","selected","835","861","2510322.java","selected","790","816"
"9693856","12678589","4","1.0","964253.java","selected","838","864","2510322.java","selected","790","816"
"948486","12678589","4","1.0","16883.java","default","853","879","2510322.java","selected","790","816"
"1966262","12678589","4","1.0","1483221.java","selected","836","862","2510322.java","selected","790","816"
"10287986","12678589","4","1.0","2215261.java","selected","838","864","2510322.java","selected","790","816"
"12678589","18731109","4","1.0","2510322.java","selected","790","816","2365821.java","selected","838","864"
"12678589","19142736","4","1.0","2510322.java","selected","790","816","1402632.java","selected","838","864"
"6244936","12678589","4","1.0","183804.java","selected","752","778","2510322.java","selected","790","816"
"12678589","13028546","4","1.0","2510322.java","selected","790","816","593263.java","selected","837","863"
"2532321","12678589","4","1.0","244622.java","selected","837","863","2510322.java","selected","790","816"
"11319479","12678589","4","1.0","2430560.java","selected","838","864","2510322.java","selected","790","816"
"12678589","16388707","4","1.0","2510322.java","selected","790","816","1802351.java","selected","838","864"
"12678589","13902980","4","1.0","2510322.java","selected","790","816","304936.java","selected","835","861"
"8612647","12678589","4","1.0","707943.java","selected","837","863","2510322.java","selected","790","816"
"4518933","12678589","4","1.0","1496807.java","selected","848","874","2510322.java","selected","790","816"
"12678588","12678589","4","1.0","2510322.java","selected","754","780","2510322.java","selected","790","816"
"12678589","21870536","4","1.0","2510322.java","selected","790","816","1876215.java","selected","753","779"
"11548510","12678589","4","1.0","2640664.java","selected","753","779","2510322.java","selected","790","816"
"4471000","12678589","4","1.0","2229382.java","selected","838","864","2510322.java","selected","790","816"
"12678589","17456565","4","1.0","2510322.java","selected","790","816","2038811.java","selected","838","864"
"12678589","19912847","4","1.0","2510322.java","selected","790","816","419020.java","selected","901","927"
"9088422","12678589","4","1.0","2348309.java","selected","754","780","2510322.java","selected","790","816"
"12614305","12678589","4","1.0","2339370.java","selected","755","781","2510322.java","selected","790","816"
"12678589","22993367","4","1.0","2510322.java","selected","790","816","2108660.java","selected","923","949"
"12678589","21488868","4","1.0","2510322.java","selected","790","816","588446.java","selected","839","865"
"6061402","12678589","4","1.0","2190287.java","selected","837","863","2510322.java","selected","790","816"
"1629748","16055802","4","1.0","178830.java","selected","14","22","627221.java","selected","14","22"
"1629748","19035955","4","1.0","178830.java","selected","14","22","1710243.java","selected","13","21"
"1629748","6751999","4","1.0","178830.java","selected","14","22","2250750.java","selected","13","21"
"19685311","22434268","4","1.0","582021.java","selected","48","54","299629.java","selected","199","205"
"10318446","19685311","4","1.0","1571204.java","selected","43","49","582021.java","selected","48","54"
"3672328","19685311","4","1.0","1623414.java","selected","34","40","582021.java","selected","48","54"
"19290859","19685311","4","1.0","464186.java","selected","27","33","582021.java","selected","48","54"
"18542300","19685311","4","1.0","999982.java","selected","18","24","582021.java","selected","48","54"
"17857284","19685311","4","1.0","685601.java","selected","89","95","582021.java","selected","48","54"
"14129929","19685311","4","1.0","2088123.java","selected","40","46","582021.java","selected","48","54"
"6399107","7143272","4","1.0","1247433.java","selected","142","148","520526.java","selected","389","395"
"1913136","7143272","4","1.0","2132905.java","selected","72","78","520526.java","selected","389","395"
"7143272","8106130","4","1.0","520526.java","selected","389","395","2220153.java","selected","87","93"
"6188784","16324741","4","1.0","2688879.java","selected","37","49","153582.java","selected","256","268"
"16324741","23596949","4","1.0","153582.java","selected","256","268","2211044.java","selected","280","292"
"9325670","16324741","4","1.0","1262585.java","selected","54","66","153582.java","selected","256","268"
"11993046","16324741","4","1.0","1752530.java","selected","128","140","153582.java","selected","256","268"
"2418918","16324741","4","1.0","1632727.java","selected","129","141","153582.java","selected","256","268"
"6980854","16324741","4","1.0","567178.java","selected","45","57","153582.java","selected","256","268"
"16324741","23613195","4","1.0","153582.java","selected","256","268","215042.java","selected","58","70"
"1424647","16324741","4","1.0","2082.java","selected","64","76","153582.java","selected","256","268"
"15854363","21291602","4","1.0","861615.java","selected","507","528","1436558.java","selected","190","211"
"1699613","15854363","4","1.0","2668601.java","selected","369","390","861615.java","selected","507","528"
"13292288","15854363","4","1.0","356375.java","selected","500","521","861615.java","selected","507","528"
"15854363","16397911","4","1.0","861615.java","selected","507","528","372617.java","selected","499","520"
"2247987","4660318","4","1.0","1117466.java","selected","33","749","670331.java","selected","33","749"
"18269744","21870537","4","1.0","59218.java","selected","732","758","1876215.java","selected","789","815"
"4623013","18269744","4","1.0","375037.java","selected","887","913","59218.java","selected","732","758"
"11548511","18269744","4","1.0","2640664.java","selected","789","815","59218.java","selected","732","758"
"831650","18269744","4","1.0","85394.java","default","872","898","59218.java","selected","732","758"
"17456566","18269744","4","1.0","2038811.java","selected","874","900","59218.java","selected","732","758"
"3768629","18269744","4","1.0","2554952.java","selected","874","900","59218.java","selected","732","758"
"18269744","19142737","4","1.0","59218.java","selected","732","758","1402632.java","selected","874","900"
"6814855","18269744","4","1.0","209298.java","selected","840","866","59218.java","selected","732","758"
"18269744","19584878","4","1.0","59218.java","selected","732","758","1098324.java","selected","851","877"
"13028547","18269744","4","1.0","593263.java","selected","873","899","59218.java","selected","732","758"
"11319480","18269744","4","1.0","2430560.java","selected","874","900","59218.java","selected","732","758"
"16466520","18269744","4","1.0","1139080.java","selected","881","907","59218.java","selected","732","758"
"16388708","18269744","4","1.0","1802351.java","selected","874","900","59218.java","selected","732","758"
"16224018","18269744","4","1.0","110490.java","selected","874","900","59218.java","selected","732","758"
"14183084","18269744","4","1.0","1103041.java","selected","874","900","59218.java","selected","732","758"
"367771","18269744","4","1.0","122954.java","default","872","898","59218.java","selected","732","758"
"2711645","18269744","4","1.0","264272.java","selected","790","816","59218.java","selected","732","758"
"12172485","18269744","4","1.0","1882693.java","selected","873","899","59218.java","selected","732","758"
"14317426","18269744","4","1.0","753625.java","selected","790","816","59218.java","selected","732","758"
"1458629","18269744","4","1.0","1511595.java","selected","870","896","59218.java","selected","732","758"
"15571542","18269744","4","1.0","1560483.java","selected","790","816","59218.java","selected","732","758"
"250596","18269744","4","1.0","126904.java","default","872","898","59218.java","selected","732","758"
"10287987","18269744","4","1.0","2215261.java","selected","874","900","59218.java","selected","732","758"
"6244937","18269744","4","1.0","183804.java","selected","788","814","59218.java","selected","732","758"
"6061403","18269744","4","1.0","2190287.java","selected","873","899","59218.java","selected","732","758"
"1421558","18269744","4","1.0","597475.java","selected","874","900","59218.java","selected","732","758"
"13902981","18269744","4","1.0","304936.java","selected","871","897","59218.java","selected","732","758"
"8612648","18269744","4","1.0","707943.java","selected","873","899","59218.java","selected","732","758"
"18269744","22246375","4","1.0","59218.java","selected","732","758","2481579.java","selected","893","919"
"13783899","18269744","4","1.0","1966020.java","selected","894","920","59218.java","selected","732","758"
"7132186","18269744","4","1.0","364540.java","selected","871","897","59218.java","selected","732","758"
"9693857","18269744","4","1.0","964253.java","selected","874","900","59218.java","selected","732","758"
"18269744","18731110","4","1.0","59218.java","selected","732","758","2365821.java","selected","874","900"
"1966263","18269744","4","1.0","1483221.java","selected","872","898","59218.java","selected","732","758"
"8778962","18269744","4","1.0","2599719.java","selected","874","900","59218.java","selected","732","758"
"411631","18269744","4","1.0","77069.java","default","872","898","59218.java","selected","732","758"
"18269744","19912848","4","1.0","59218.java","selected","732","758","419020.java","selected","939","965"
"18269744","21488869","4","1.0","59218.java","selected","732","758","588446.java","selected","875","901"
"2532322","18269744","4","1.0","244622.java","selected","873","899","59218.java","selected","732","758"
"16351776","18269744","4","1.0","1931054.java","selected","874","900","59218.java","selected","732","758"
"4518934","18269744","4","1.0","1496807.java","selected","884","910","59218.java","selected","732","758"
"948487","18269744","4","1.0","16883.java","default","889","915","59218.java","selected","732","758"
"8625347","18269744","4","1.0","2429982.java","selected","872","898","59218.java","selected","732","758"
"4471001","18269744","4","1.0","2229382.java","selected","874","900","59218.java","selected","732","758"
"18269744","22993368","4","1.0","59218.java","selected","732","758","2108660.java","selected","959","985"
"9088423","18269744","4","1.0","2348309.java","selected","790","816","59218.java","selected","732","758"
"2461168","21870537","4","1.0","927691.java","selected","754","780","1876215.java","selected","789","815"
"2461168","4623013","4","1.0","927691.java","selected","754","780","375037.java","selected","887","913"
"2461168","11548511","4","1.0","927691.java","selected","754","780","2640664.java","selected","789","815"
"831650","2461168","4","1.0","85394.java","default","872","898","927691.java","selected","754","780"
"2461168","17456566","4","1.0","927691.java","selected","754","780","2038811.java","selected","874","900"
"2461168","3768629","4","1.0","927691.java","selected","754","780","2554952.java","selected","874","900"
"2461168","19142737","4","1.0","927691.java","selected","754","780","1402632.java","selected","874","900"
"2461168","6814855","4","1.0","927691.java","selected","754","780","209298.java","selected","840","866"
"2461168","19584878","4","1.0","927691.java","selected","754","780","1098324.java","selected","851","877"
"2461168","13028547","4","1.0","927691.java","selected","754","780","593263.java","selected","873","899"
"2461168","11319480","4","1.0","927691.java","selected","754","780","2430560.java","selected","874","900"
"2461168","16466520","4","1.0","927691.java","selected","754","780","1139080.java","selected","881","907"
"2461168","16388708","4","1.0","927691.java","selected","754","780","1802351.java","selected","874","900"
"2461168","16224018","4","1.0","927691.java","selected","754","780","110490.java","selected","874","900"
"2461168","14183084","4","1.0","927691.java","selected","754","780","1103041.java","selected","874","900"
"367771","2461168","4","1.0","122954.java","default","872","898","927691.java","selected","754","780"
"2461168","2711645","4","1.0","927691.java","selected","754","780","264272.java","selected","790","816"
"2461168","12172485","4","1.0","927691.java","selected","754","780","1882693.java","selected","873","899"
"2461168","14317426","4","1.0","927691.java","selected","754","780","753625.java","selected","790","816"
"1458629","2461168","4","1.0","1511595.java","selected","870","896","927691.java","selected","754","780"
"2461168","15571542","4","1.0","927691.java","selected","754","780","1560483.java","selected","790","816"
"250596","2461168","4","1.0","126904.java","default","872","898","927691.java","selected","754","780"
"2461168","10287987","4","1.0","927691.java","selected","754","780","2215261.java","selected","874","900"
"2461168","6244937","4","1.0","927691.java","selected","754","780","183804.java","selected","788","814"
"2461168","6061403","4","1.0","927691.java","selected","754","780","2190287.java","selected","873","899"
"1421558","2461168","4","1.0","597475.java","selected","874","900","927691.java","selected","754","780"
"2461168","13902981","4","1.0","927691.java","selected","754","780","304936.java","selected","871","897"
"2461168","8612648","4","1.0","927691.java","selected","754","780","707943.java","selected","873","899"
"2461168","22246375","4","1.0","927691.java","selected","754","780","2481579.java","selected","893","919"
"2461168","13783899","4","1.0","927691.java","selected","754","780","1966020.java","selected","894","920"
"2461168","7132186","4","1.0","927691.java","selected","754","780","364540.java","selected","871","897"
"2461168","9693857","4","1.0","927691.java","selected","754","780","964253.java","selected","874","900"
"2461168","18731110","4","1.0","927691.java","selected","754","780","2365821.java","selected","874","900"
"1966263","2461168","4","1.0","1483221.java","selected","872","898","927691.java","selected","754","780"
"2461168","8778962","4","1.0","927691.java","selected","754","780","2599719.java","selected","874","900"
"411631","2461168","4","1.0","77069.java","default","872","898","927691.java","selected","754","780"
"2461168","19912848","4","1.0","927691.java","selected","754","780","419020.java","selected","939","965"
"2461168","21488869","4","1.0","927691.java","selected","754","780","588446.java","selected","875","901"
"2461168","2532322","4","1.0","927691.java","selected","754","780","244622.java","selected","873","899"
"2461168","16351776","4","1.0","927691.java","selected","754","780","1931054.java","selected","874","900"
"2461168","4518934","4","1.0","927691.java","selected","754","780","1496807.java","selected","884","910"
"948487","2461168","4","1.0","16883.java","default","889","915","927691.java","selected","754","780"
"2461168","8625347","4","1.0","927691.java","selected","754","780","2429982.java","selected","872","898"
"2461168","4471001","4","1.0","927691.java","selected","754","780","2229382.java","selected","874","900"
"2461168","22993368","4","1.0","927691.java","selected","754","780","2108660.java","selected","959","985"
"2461168","9088423","4","1.0","927691.java","selected","754","780","2348309.java","selected","790","816"
"10899860","23658098","4","1.0","1126543.java","selected","107","113","2566001.java","selected","217","223"
"10899860","11370967","4","1.0","1126543.java","selected","107","113","2331814.java","selected","67","73"
"3024978","3024992","4","1.0","2078997.java","selected","110","120","2078997.java","selected","284","294"
"3597316","14502142","4","1.0","702108.java","selected","45","63","1068957.java","selected","11","29"
"3597316","21177597","4","1.0","702108.java","selected","45","63","572754.java","selected","19","37"
"5656506","16706229","4","1.0","59576.java","selected","93","99","971300.java","selected","176","182"
"16850375","16850376","4","1.0","2451520.java","selected","56","67","2451520.java","selected","69","80"
"8793825","21870537","4","1.0","1607771.java","selected","838","864","1876215.java","selected","789","815"
"16351775","21870537","4","1.0","1931054.java","selected","838","864","1876215.java","selected","789","815"
"7760800","21870537","4","1.0","2626904.java","selected","838","864","1876215.java","selected","789","815"
"16224017","21870537","4","1.0","110490.java","selected","838","864","1876215.java","selected","789","815"
"13783898","21870537","4","1.0","1966020.java","selected","858","884","1876215.java","selected","789","815"
"19584877","21870537","4","1.0","1098324.java","selected","815","841","1876215.java","selected","789","815"
"2711644","21870537","4","1.0","264272.java","selected","754","780","1876215.java","selected","789","815"
"8778961","21870537","4","1.0","2599719.java","selected","838","864","1876215.java","selected","789","815"
"12172484","21870537","4","1.0","1882693.java","selected","837","863","1876215.java","selected","789","815"
"15571541","21870537","4","1.0","1560483.java","selected","754","780","1876215.java","selected","789","815"
"1458628","21870537","4","1.0","1511595.java","selected","834","860","1876215.java","selected","789","815"
"411630","21870537","4","1.0","77069.java","default","836","862","1876215.java","selected","789","815"
"3768628","21870537","4","1.0","2554952.java","selected","838","864","1876215.java","selected","789","815"
"831649","21870537","4","1.0","85394.java","default","836","862","1876215.java","selected","789","815"
"6814854","21870537","4","1.0","209298.java","selected","804","830","1876215.java","selected","789","815"
"18623182","21870537","4","1.0","1561076.java","selected","908","934","1876215.java","selected","789","815"
"1421557","21870537","4","1.0","597475.java","selected","838","864","1876215.java","selected","789","815"
"14183083","21870537","4","1.0","1103041.java","selected","838","864","1876215.java","selected","789","815"
"16466519","21870537","4","1.0","1139080.java","selected","845","871","1876215.java","selected","789","815"
"21870537","22246374","4","1.0","1876215.java","selected","789","815","2481579.java","selected","857","883"
"250595","21870537","4","1.0","126904.java","default","836","862","1876215.java","selected","789","815"
"7132185","21870537","4","1.0","364540.java","selected","835","861","1876215.java","selected","789","815"
"9693856","21870537","4","1.0","964253.java","selected","838","864","1876215.java","selected","789","815"
"948486","21870537","4","1.0","16883.java","default","853","879","1876215.java","selected","789","815"
"1966262","21870537","4","1.0","1483221.java","selected","836","862","1876215.java","selected","789","815"
"10287986","21870537","4","1.0","2215261.java","selected","838","864","1876215.java","selected","789","815"
"18731109","21870537","4","1.0","2365821.java","selected","838","864","1876215.java","selected","789","815"
"19142736","21870537","4","1.0","1402632.java","selected","838","864","1876215.java","selected","789","815"
"6244936","21870537","4","1.0","183804.java","selected","752","778","1876215.java","selected","789","815"
"13028546","21870537","4","1.0","593263.java","selected","837","863","1876215.java","selected","789","815"
"2532321","21870537","4","1.0","244622.java","selected","837","863","1876215.java","selected","789","815"
"11319479","21870537","4","1.0","2430560.java","selected","838","864","1876215.java","selected","789","815"
"16388707","21870537","4","1.0","1802351.java","selected","838","864","1876215.java","selected","789","815"
"13902980","21870537","4","1.0","304936.java","selected","835","861","1876215.java","selected","789","815"
"8612647","21870537","4","1.0","707943.java","selected","837","863","1876215.java","selected","789","815"
"4518933","21870537","4","1.0","1496807.java","selected","848","874","1876215.java","selected","789","815"
"12678588","21870537","4","1.0","2510322.java","selected","754","780","1876215.java","selected","789","815"
"21870536","21870537","4","1.0","1876215.java","selected","753","779","1876215.java","selected","789","815"
"11548510","21870537","4","1.0","2640664.java","selected","753","779","1876215.java","selected","789","815"
"4471000","21870537","4","1.0","2229382.java","selected","838","864","1876215.java","selected","789","815"
"17456565","21870537","4","1.0","2038811.java","selected","838","864","1876215.java","selected","789","815"
"19912847","21870537","4","1.0","419020.java","selected","901","927","1876215.java","selected","789","815"
"9088422","21870537","4","1.0","2348309.java","selected","754","780","1876215.java","selected","789","815"
"12614305","21870537","4","1.0","2339370.java","selected","755","781","1876215.java","selected","789","815"
"21870537","22993367","4","1.0","1876215.java","selected","789","815","2108660.java","selected","923","949"
"21488868","21870537","4","1.0","588446.java","selected","839","865","1876215.java","selected","789","815"
"6061402","21870537","4","1.0","2190287.java","selected","837","863","1876215.java","selected","789","815"
"15461843","20544327","4","1.0","1558659.java","selected","969","980","881437.java","selected","27","38"
"12232011","20544327","4","1.0","2564261.java","selected","93","104","881437.java","selected","27","38"
"3239010","20544327","4","1.0","332157.java","selected","480","491","881437.java","selected","27","38"
"20544327","23390255","4","1.0","881437.java","selected","27","38","1339727.java","selected","21","32"
"20544327","20806023","4","1.0","881437.java","selected","27","38","2631723.java","selected","112","123"
"7237618","20544327","4","1.0","197938.java","selected","245","256","881437.java","selected","27","38"
"13121131","20544327","4","1.0","1574657.java","selected","111","122","881437.java","selected","27","38"
"20310134","20544327","4","1.0","760963.java","selected","29","40","881437.java","selected","27","38"
"17984312","20544327","4","1.0","91947.java","selected","61","72","881437.java","selected","27","38"
"6319887","20544327","4","1.0","1011432.java","selected","596","607","881437.java","selected","27","38"
"14876163","20544327","4","1.0","1221453.java","selected","21","32","881437.java","selected","27","38"
"15831694","20544327","4","1.0","1372098.java","selected","24","35","881437.java","selected","27","38"
"20544327","21285620","4","1.0","881437.java","selected","27","38","1230451.java","selected","283","294"
"978946","20544327","4","1.0","251951.java","selected","15","26","881437.java","selected","27","38"
"11066056","20544327","4","1.0","2705355.java","selected","1005","1016","881437.java","selected","27","38"
"12728035","20544327","4","1.0","1398143.java","selected","185","196","881437.java","selected","27","38"
"20544327","21457925","4","1.0","881437.java","selected","27","38","1829489.java","selected","289","300"
"13396233","20544327","4","1.0","1023723.java","selected","24","35","881437.java","selected","27","38"
"4623013","8793825","4","1.0","375037.java","selected","887","913","1607771.java","selected","838","864"
"8793825","11548511","4","1.0","1607771.java","selected","838","864","2640664.java","selected","789","815"
"831650","8793825","4","1.0","85394.java","default","872","898","1607771.java","selected","838","864"
"8793825","17456566","4","1.0","1607771.java","selected","838","864","2038811.java","selected","874","900"
"3768629","8793825","4","1.0","2554952.java","selected","874","900","1607771.java","selected","838","864"
"8793825","19142737","4","1.0","1607771.java","selected","838","864","1402632.java","selected","874","900"
"6814855","8793825","4","1.0","209298.java","selected","840","866","1607771.java","selected","838","864"
"8793825","19584878","4","1.0","1607771.java","selected","838","864","1098324.java","selected","851","877"
"8793825","13028547","4","1.0","1607771.java","selected","838","864","593263.java","selected","873","899"
"8793825","11319480","4","1.0","1607771.java","selected","838","864","2430560.java","selected","874","900"
"8793825","16466520","4","1.0","1607771.java","selected","838","864","1139080.java","selected","881","907"
"8793825","16388708","4","1.0","1607771.java","selected","838","864","1802351.java","selected","874","900"
"8793825","16224018","4","1.0","1607771.java","selected","838","864","110490.java","selected","874","900"
"8793825","14183084","4","1.0","1607771.java","selected","838","864","1103041.java","selected","874","900"
"367771","8793825","4","1.0","122954.java","default","872","898","1607771.java","selected","838","864"
"2711645","8793825","4","1.0","264272.java","selected","790","816","1607771.java","selected","838","864"
"8793825","12172485","4","1.0","1607771.java","selected","838","864","1882693.java","selected","873","899"
"8793825","14317426","4","1.0","1607771.java","selected","838","864","753625.java","selected","790","816"
"1458629","8793825","4","1.0","1511595.java","selected","870","896","1607771.java","selected","838","864"
"8793825","15571542","4","1.0","1607771.java","selected","838","864","1560483.java","selected","790","816"
"250596","8793825","4","1.0","126904.java","default","872","898","1607771.java","selected","838","864"
"8793825","10287987","4","1.0","1607771.java","selected","838","864","2215261.java","selected","874","900"
"6244937","8793825","4","1.0","183804.java","selected","788","814","1607771.java","selected","838","864"
"6061403","8793825","4","1.0","2190287.java","selected","873","899","1607771.java","selected","838","864"
"1421558","8793825","4","1.0","597475.java","selected","874","900","1607771.java","selected","838","864"
"8793825","13902981","4","1.0","1607771.java","selected","838","864","304936.java","selected","871","897"
"8612648","8793825","4","1.0","707943.java","selected","873","899","1607771.java","selected","838","864"
"8793825","22246375","4","1.0","1607771.java","selected","838","864","2481579.java","selected","893","919"
"8793825","13783899","4","1.0","1607771.java","selected","838","864","1966020.java","selected","894","920"
"7132186","8793825","4","1.0","364540.java","selected","871","897","1607771.java","selected","838","864"
"8793825","9693857","4","1.0","1607771.java","selected","838","864","964253.java","selected","874","900"
"8793825","18731110","4","1.0","1607771.java","selected","838","864","2365821.java","selected","874","900"
"1966263","8793825","4","1.0","1483221.java","selected","872","898","1607771.java","selected","838","864"
"8778962","8793825","4","1.0","2599719.java","selected","874","900","1607771.java","selected","838","864"
"411631","8793825","4","1.0","77069.java","default","872","898","1607771.java","selected","838","864"
"8793825","19912848","4","1.0","1607771.java","selected","838","864","419020.java","selected","939","965"
"8793825","21488869","4","1.0","1607771.java","selected","838","864","588446.java","selected","875","901"
"2532322","8793825","4","1.0","244622.java","selected","873","899","1607771.java","selected","838","864"
"8793825","16351776","4","1.0","1607771.java","selected","838","864","1931054.java","selected","874","900"
"4518934","8793825","4","1.0","1496807.java","selected","884","910","1607771.java","selected","838","864"
"948487","8793825","4","1.0","16883.java","default","889","915","1607771.java","selected","838","864"
"8625347","8793825","4","1.0","2429982.java","selected","872","898","1607771.java","selected","838","864"
"4471001","8793825","4","1.0","2229382.java","selected","874","900","1607771.java","selected","838","864"
"8793825","22993368","4","1.0","1607771.java","selected","838","864","2108660.java","selected","959","985"
"8793825","9088423","4","1.0","1607771.java","selected","838","864","2348309.java","selected","790","816"
"2668853","2668863","4","1.0","10730.java","selected","755","781","10730.java","selected","1126","1152"
"4623013","16351775","4","1.0","375037.java","selected","887","913","1931054.java","selected","838","864"
"4623013","7760800","4","1.0","375037.java","selected","887","913","2626904.java","selected","838","864"
"4623013","16224017","4","1.0","375037.java","selected","887","913","110490.java","selected","838","864"
"4623013","13783898","4","1.0","375037.java","selected","887","913","1966020.java","selected","858","884"
"4623013","19584877","4","1.0","375037.java","selected","887","913","1098324.java","selected","815","841"
"2711644","4623013","4","1.0","264272.java","selected","754","780","375037.java","selected","887","913"
"4623013","8778961","4","1.0","375037.java","selected","887","913","2599719.java","selected","838","864"
"4623013","12172484","4","1.0","375037.java","selected","887","913","1882693.java","selected","837","863"
"4623013","15571541","4","1.0","375037.java","selected","887","913","1560483.java","selected","754","780"
"1458628","4623013","4","1.0","1511595.java","selected","834","860","375037.java","selected","887","913"
"411630","4623013","4","1.0","77069.java","default","836","862","375037.java","selected","887","913"
"3768628","4623013","4","1.0","2554952.java","selected","838","864","375037.java","selected","887","913"
"831649","4623013","4","1.0","85394.java","default","836","862","375037.java","selected","887","913"
"4623013","6814854","4","1.0","375037.java","selected","887","913","209298.java","selected","804","830"
"4623013","18623182","4","1.0","375037.java","selected","887","913","1561076.java","selected","908","934"
"1421557","4623013","4","1.0","597475.java","selected","838","864","375037.java","selected","887","913"
"4623013","14183083","4","1.0","375037.java","selected","887","913","1103041.java","selected","838","864"
"4623013","16466519","4","1.0","375037.java","selected","887","913","1139080.java","selected","845","871"
"4623013","22246374","4","1.0","375037.java","selected","887","913","2481579.java","selected","857","883"
"250595","4623013","4","1.0","126904.java","default","836","862","375037.java","selected","887","913"
"4623013","7132185","4","1.0","375037.java","selected","887","913","364540.java","selected","835","861"
"4623013","9693856","4","1.0","375037.java","selected","887","913","964253.java","selected","838","864"
"948486","4623013","4","1.0","16883.java","default","853","879","375037.java","selected","887","913"
"1966262","4623013","4","1.0","1483221.java","selected","836","862","375037.java","selected","887","913"
"4623013","10287986","4","1.0","375037.java","selected","887","913","2215261.java","selected","838","864"
"4623013","18731109","4","1.0","375037.java","selected","887","913","2365821.java","selected","838","864"
"4623013","19142736","4","1.0","375037.java","selected","887","913","1402632.java","selected","838","864"
"4623013","6244936","4","1.0","375037.java","selected","887","913","183804.java","selected","752","778"
"4623013","13028546","4","1.0","375037.java","selected","887","913","593263.java","selected","837","863"
"2532321","4623013","4","1.0","244622.java","selected","837","863","375037.java","selected","887","913"
"4623013","11319479","4","1.0","375037.java","selected","887","913","2430560.java","selected","838","864"
"4623013","16388707","4","1.0","375037.java","selected","887","913","1802351.java","selected","838","864"
"4623013","13902980","4","1.0","375037.java","selected","887","913","304936.java","selected","835","861"
"4623013","8612647","4","1.0","375037.java","selected","887","913","707943.java","selected","837","863"
"4518933","4623013","4","1.0","1496807.java","selected","848","874","375037.java","selected","887","913"
"4623013","12678588","4","1.0","375037.java","selected","887","913","2510322.java","selected","754","780"
"4623013","21870536","4","1.0","375037.java","selected","887","913","1876215.java","selected","753","779"
"4623013","11548510","4","1.0","375037.java","selected","887","913","2640664.java","selected","753","779"
"4471000","4623013","4","1.0","2229382.java","selected","838","864","375037.java","selected","887","913"
"4623013","17456565","4","1.0","375037.java","selected","887","913","2038811.java","selected","838","864"
"4623013","19912847","4","1.0","375037.java","selected","887","913","419020.java","selected","901","927"
"4623013","9088422","4","1.0","375037.java","selected","887","913","2348309.java","selected","754","780"
"4623013","12614305","4","1.0","375037.java","selected","887","913","2339370.java","selected","755","781"
"4623013","22993367","4","1.0","375037.java","selected","887","913","2108660.java","selected","923","949"
"4623013","21488868","4","1.0","375037.java","selected","887","913","588446.java","selected","839","865"
"4623013","6061402","4","1.0","375037.java","selected","887","913","2190287.java","selected","837","863"
"11731587","13352120","4","1.0","2235232.java","selected","41","49","942319.java","selected","46","54"
"11548511","16351775","4","1.0","2640664.java","selected","789","815","1931054.java","selected","838","864"
"7760800","11548511","4","1.0","2626904.java","selected","838","864","2640664.java","selected","789","815"
"11548511","16224017","4","1.0","2640664.java","selected","789","815","110490.java","selected","838","864"
"11548511","13783898","4","1.0","2640664.java","selected","789","815","1966020.java","selected","858","884"
"11548511","19584877","4","1.0","2640664.java","selected","789","815","1098324.java","selected","815","841"
"2711644","11548511","4","1.0","264272.java","selected","754","780","2640664.java","selected","789","815"
"8778961","11548511","4","1.0","2599719.java","selected","838","864","2640664.java","selected","789","815"
"11548511","12172484","4","1.0","2640664.java","selected","789","815","1882693.java","selected","837","863"
"11548511","15571541","4","1.0","2640664.java","selected","789","815","1560483.java","selected","754","780"
"1458628","11548511","4","1.0","1511595.java","selected","834","860","2640664.java","selected","789","815"
"411630","11548511","4","1.0","77069.java","default","836","862","2640664.java","selected","789","815"
"3768628","11548511","4","1.0","2554952.java","selected","838","864","2640664.java","selected","789","815"
"831649","11548511","4","1.0","85394.java","default","836","862","2640664.java","selected","789","815"
"6814854","11548511","4","1.0","209298.java","selected","804","830","2640664.java","selected","789","815"
"11548511","18623182","4","1.0","2640664.java","selected","789","815","1561076.java","selected","908","934"
"1421557","11548511","4","1.0","597475.java","selected","838","864","2640664.java","selected","789","815"
"11548511","14183083","4","1.0","2640664.java","selected","789","815","1103041.java","selected","838","864"
"11548511","16466519","4","1.0","2640664.java","selected","789","815","1139080.java","selected","845","871"
"11548511","22246374","4","1.0","2640664.java","selected","789","815","2481579.java","selected","857","883"
"250595","11548511","4","1.0","126904.java","default","836","862","2640664.java","selected","789","815"
"7132185","11548511","4","1.0","364540.java","selected","835","861","2640664.java","selected","789","815"
"9693856","11548511","4","1.0","964253.java","selected","838","864","2640664.java","selected","789","815"
"948486","11548511","4","1.0","16883.java","default","853","879","2640664.java","selected","789","815"
"1966262","11548511","4","1.0","1483221.java","selected","836","862","2640664.java","selected","789","815"
"10287986","11548511","4","1.0","2215261.java","selected","838","864","2640664.java","selected","789","815"
"11548511","18731109","4","1.0","2640664.java","selected","789","815","2365821.java","selected","838","864"
"11548511","19142736","4","1.0","2640664.java","selected","789","815","1402632.java","selected","838","864"
"6244936","11548511","4","1.0","183804.java","selected","752","778","2640664.java","selected","789","815"
"11548511","13028546","4","1.0","2640664.java","selected","789","815","593263.java","selected","837","863"
"2532321","11548511","4","1.0","244622.java","selected","837","863","2640664.java","selected","789","815"
"11319479","11548511","4","1.0","2430560.java","selected","838","864","2640664.java","selected","789","815"
"11548511","16388707","4","1.0","2640664.java","selected","789","815","1802351.java","selected","838","864"
"11548511","13902980","4","1.0","2640664.java","selected","789","815","304936.java","selected","835","861"
"8612647","11548511","4","1.0","707943.java","selected","837","863","2640664.java","selected","789","815"
"4518933","11548511","4","1.0","1496807.java","selected","848","874","2640664.java","selected","789","815"
"11548511","12678588","4","1.0","2640664.java","selected","789","815","2510322.java","selected","754","780"
"11548511","21870536","4","1.0","2640664.java","selected","789","815","1876215.java","selected","753","779"
"11548510","11548511","4","1.0","2640664.java","selected","753","779","2640664.java","selected","789","815"
"4471000","11548511","4","1.0","2229382.java","selected","838","864","2640664.java","selected","789","815"
"11548511","17456565","4","1.0","2640664.java","selected","789","815","2038811.java","selected","838","864"
"11548511","19912847","4","1.0","2640664.java","selected","789","815","419020.java","selected","901","927"
"9088422","11548511","4","1.0","2348309.java","selected","754","780","2640664.java","selected","789","815"
"11548511","12614305","4","1.0","2640664.java","selected","789","815","2339370.java","selected","755","781"
"11548511","22993367","4","1.0","2640664.java","selected","789","815","2108660.java","selected","923","949"
"11548511","21488868","4","1.0","2640664.java","selected","789","815","588446.java","selected","839","865"
"6061402","11548511","4","1.0","2190287.java","selected","837","863","2640664.java","selected","789","815"
"6419481","7976872","4","1.0","1142350.java","selected","17","59","1144005.java","selected","142","184"
"3253024","19251426","4","1.0","1699062.java","selected","73","93","2283235.java","selected","71","91"
"22135198","22135201","4","1.0","1913416.java","selected","112","132","1913416.java","selected","180","200"
"7460369","7460370","4","1.0","1494993.java","selected","837","863","1494993.java","selected","873","899"
"975289","8931241","4","1.0","1567865.java","selected","150","198","1697640.java","selected","171","219"
"831650","16351775","4","1.0","85394.java","default","872","898","1931054.java","selected","838","864"
"16351775","17456566","4","1.0","1931054.java","selected","838","864","2038811.java","selected","874","900"
"3768629","16351775","4","1.0","2554952.java","selected","874","900","1931054.java","selected","838","864"
"16351775","19142737","4","1.0","1931054.java","selected","838","864","1402632.java","selected","874","900"
"6814855","16351775","4","1.0","209298.java","selected","840","866","1931054.java","selected","838","864"
"16351775","19584878","4","1.0","1931054.java","selected","838","864","1098324.java","selected","851","877"
"13028547","16351775","4","1.0","593263.java","selected","873","899","1931054.java","selected","838","864"
"11319480","16351775","4","1.0","2430560.java","selected","874","900","1931054.java","selected","838","864"
"16351775","16466520","4","1.0","1931054.java","selected","838","864","1139080.java","selected","881","907"
"16351775","16388708","4","1.0","1931054.java","selected","838","864","1802351.java","selected","874","900"
"16224018","16351775","4","1.0","110490.java","selected","874","900","1931054.java","selected","838","864"
"14183084","16351775","4","1.0","1103041.java","selected","874","900","1931054.java","selected","838","864"
"367771","16351775","4","1.0","122954.java","default","872","898","1931054.java","selected","838","864"
"2711645","16351775","4","1.0","264272.java","selected","790","816","1931054.java","selected","838","864"
"12172485","16351775","4","1.0","1882693.java","selected","873","899","1931054.java","selected","838","864"
"14317426","16351775","4","1.0","753625.java","selected","790","816","1931054.java","selected","838","864"
"1458629","16351775","4","1.0","1511595.java","selected","870","896","1931054.java","selected","838","864"
"15571542","16351775","4","1.0","1560483.java","selected","790","816","1931054.java","selected","838","864"
"250596","16351775","4","1.0","126904.java","default","872","898","1931054.java","selected","838","864"
"10287987","16351775","4","1.0","2215261.java","selected","874","900","1931054.java","selected","838","864"
"6244937","16351775","4","1.0","183804.java","selected","788","814","1931054.java","selected","838","864"
"6061403","16351775","4","1.0","2190287.java","selected","873","899","1931054.java","selected","838","864"
"1421558","16351775","4","1.0","597475.java","selected","874","900","1931054.java","selected","838","864"
"13902981","16351775","4","1.0","304936.java","selected","871","897","1931054.java","selected","838","864"
"8612648","16351775","4","1.0","707943.java","selected","873","899","1931054.java","selected","838","864"
"16351775","22246375","4","1.0","1931054.java","selected","838","864","2481579.java","selected","893","919"
"13783899","16351775","4","1.0","1966020.java","selected","894","920","1931054.java","selected","838","864"
"7132186","16351775","4","1.0","364540.java","selected","871","897","1931054.java","selected","838","864"
"9693857","16351775","4","1.0","964253.java","selected","874","900","1931054.java","selected","838","864"
"16351775","18731110","4","1.0","1931054.java","selected","838","864","2365821.java","selected","874","900"
"1966263","16351775","4","1.0","1483221.java","selected","872","898","1931054.java","selected","838","864"
"8778962","16351775","4","1.0","2599719.java","selected","874","900","1931054.java","selected","838","864"
"411631","16351775","4","1.0","77069.java","default","872","898","1931054.java","selected","838","864"
"16351775","19912848","4","1.0","1931054.java","selected","838","864","419020.java","selected","939","965"
"16351775","21488869","4","1.0","1931054.java","selected","838","864","588446.java","selected","875","901"
"2532322","16351775","4","1.0","244622.java","selected","873","899","1931054.java","selected","838","864"
"16351775","16351776","4","1.0","1931054.java","selected","838","864","1931054.java","selected","874","900"
"4518934","16351775","4","1.0","1496807.java","selected","884","910","1931054.java","selected","838","864"
"948487","16351775","4","1.0","16883.java","default","889","915","1931054.java","selected","838","864"
"8625347","16351775","4","1.0","2429982.java","selected","872","898","1931054.java","selected","838","864"
"4471001","16351775","4","1.0","2229382.java","selected","874","900","1931054.java","selected","838","864"
"16351775","22993368","4","1.0","1931054.java","selected","838","864","2108660.java","selected","959","985"
"9088423","16351775","4","1.0","2348309.java","selected","790","816","1931054.java","selected","838","864"
"18600879","23252484","4","1.0","2117277.java","selected","88","95","24364.java","selected","105","112"
"9592646","23252484","4","1.0","580446.java","selected","7","14","24364.java","selected","105","112"
"2538511","23252484","4","1.0","2260531.java","selected","504","511","24364.java","selected","105","112"
"10878062","23252484","4","1.0","463196.java","selected","251","258","24364.java","selected","105","112"
"831650","7760800","4","1.0","85394.java","default","872","898","2626904.java","selected","838","864"
"7760800","17456566","4","1.0","2626904.java","selected","838","864","2038811.java","selected","874","900"
"3768629","7760800","4","1.0","2554952.java","selected","874","900","2626904.java","selected","838","864"
"7760800","19142737","4","1.0","2626904.java","selected","838","864","1402632.java","selected","874","900"
"6814855","7760800","4","1.0","209298.java","selected","840","866","2626904.java","selected","838","864"
"7760800","19584878","4","1.0","2626904.java","selected","838","864","1098324.java","selected","851","877"
"7760800","13028547","4","1.0","2626904.java","selected","838","864","593263.java","selected","873","899"
"7760800","11319480","4","1.0","2626904.java","selected","838","864","2430560.java","selected","874","900"
"7760800","16466520","4","1.0","2626904.java","selected","838","864","1139080.java","selected","881","907"
"7760800","16388708","4","1.0","2626904.java","selected","838","864","1802351.java","selected","874","900"
"7760800","16224018","4","1.0","2626904.java","selected","838","864","110490.java","selected","874","900"
"7760800","14183084","4","1.0","2626904.java","selected","838","864","1103041.java","selected","874","900"
"367771","7760800","4","1.0","122954.java","default","872","898","2626904.java","selected","838","864"
"2711645","7760800","4","1.0","264272.java","selected","790","816","2626904.java","selected","838","864"
"7760800","12172485","4","1.0","2626904.java","selected","838","864","1882693.java","selected","873","899"
"7760800","14317426","4","1.0","2626904.java","selected","838","864","753625.java","selected","790","816"
"1458629","7760800","4","1.0","1511595.java","selected","870","896","2626904.java","selected","838","864"
"7760800","15571542","4","1.0","2626904.java","selected","838","864","1560483.java","selected","790","816"
"250596","7760800","4","1.0","126904.java","default","872","898","2626904.java","selected","838","864"
"7760800","10287987","4","1.0","2626904.java","selected","838","864","2215261.java","selected","874","900"
"6244937","7760800","4","1.0","183804.java","selected","788","814","2626904.java","selected","838","864"
"6061403","7760800","4","1.0","2190287.java","selected","873","899","2626904.java","selected","838","864"
"1421558","7760800","4","1.0","597475.java","selected","874","900","2626904.java","selected","838","864"
"7760800","13902981","4","1.0","2626904.java","selected","838","864","304936.java","selected","871","897"
"7760800","8612648","4","1.0","2626904.java","selected","838","864","707943.java","selected","873","899"
"7760800","22246375","4","1.0","2626904.java","selected","838","864","2481579.java","selected","893","919"
"7760800","13783899","4","1.0","2626904.java","selected","838","864","1966020.java","selected","894","920"
"7132186","7760800","4","1.0","364540.java","selected","871","897","2626904.java","selected","838","864"
"7760800","9693857","4","1.0","2626904.java","selected","838","864","964253.java","selected","874","900"
"7760800","18731110","4","1.0","2626904.java","selected","838","864","2365821.java","selected","874","900"
"1966263","7760800","4","1.0","1483221.java","selected","872","898","2626904.java","selected","838","864"
"7760800","8778962","4","1.0","2626904.java","selected","838","864","2599719.java","selected","874","900"
"411631","7760800","4","1.0","77069.java","default","872","898","2626904.java","selected","838","864"
"7760800","19912848","4","1.0","2626904.java","selected","838","864","419020.java","selected","939","965"
"7760800","21488869","4","1.0","2626904.java","selected","838","864","588446.java","selected","875","901"
"2532322","7760800","4","1.0","244622.java","selected","873","899","2626904.java","selected","838","864"
"7760800","16351776","4","1.0","2626904.java","selected","838","864","1931054.java","selected","874","900"
"4518934","7760800","4","1.0","1496807.java","selected","884","910","2626904.java","selected","838","864"
"948487","7760800","4","1.0","16883.java","default","889","915","2626904.java","selected","838","864"
"7760800","8625347","4","1.0","2626904.java","selected","838","864","2429982.java","selected","872","898"
"4471001","7760800","4","1.0","2229382.java","selected","874","900","2626904.java","selected","838","864"
"7760800","22993368","4","1.0","2626904.java","selected","838","864","2108660.java","selected","959","985"
"7760800","9088423","4","1.0","2626904.java","selected","838","864","2348309.java","selected","790","816"
"10131427","21247844","4","1.0","1385816.java","selected","49","55","1183848.java","selected","84","90"
"6527977","21247844","4","1.0","1152093.java","selected","55","61","1183848.java","selected","84","90"
"1896089","21247844","4","1.0","2205390.java","selected","47","53","1183848.java","selected","84","90"
"14702119","21247844","4","1.0","1627071.java","selected","116","122","1183848.java","selected","84","90"
"2575374","21247844","4","1.0","2256300.java","selected","15","21","1183848.java","selected","84","90"
"14598566","21247844","4","1.0","1542784.java","selected","128","134","1183848.java","selected","84","90"
"21247844","23058336","4","1.0","1183848.java","selected","84","90","690424.java","selected","14","20"
"16098010","21247844","4","1.0","2687364.java","selected","24","30","1183848.java","selected","84","90"
"20082006","21247844","4","1.0","1893527.java","selected","47","53","1183848.java","selected","84","90"
"4716110","21247844","4","1.0","1796857.java","selected","36","42","1183848.java","selected","84","90"
"6527977","10131427","4","1.0","1152093.java","selected","55","61","1385816.java","selected","49","55"
"1896089","10131427","4","1.0","2205390.java","selected","47","53","1385816.java","selected","49","55"
"10131427","14702119","4","1.0","1385816.java","selected","49","55","1627071.java","selected","116","122"
"2575374","10131427","4","1.0","2256300.java","selected","15","21","1385816.java","selected","49","55"
"10131427","14598566","4","1.0","1385816.java","selected","49","55","1542784.java","selected","128","134"
"10131427","23058336","4","1.0","1385816.java","selected","49","55","690424.java","selected","14","20"
"10131427","16098010","4","1.0","1385816.java","selected","49","55","2687364.java","selected","24","30"
"10131427","20082006","4","1.0","1385816.java","selected","49","55","1893527.java","selected","47","53"
"4716110","10131427","4","1.0","1796857.java","selected","36","42","1385816.java","selected","49","55"
"831650","16224017","4","1.0","85394.java","default","872","898","110490.java","selected","838","864"
"831650","13783898","4","1.0","85394.java","default","872","898","1966020.java","selected","858","884"
"831650","19584877","4","1.0","85394.java","default","872","898","1098324.java","selected","815","841"
"831650","2711644","4","1.0","85394.java","default","872","898","264272.java","selected","754","780"
"831650","8778961","4","1.0","85394.java","default","872","898","2599719.java","selected","838","864"
"831650","12172484","4","1.0","85394.java","default","872","898","1882693.java","selected","837","863"
"831650","15571541","4","1.0","85394.java","default","872","898","1560483.java","selected","754","780"
"831650","1458628","4","1.0","85394.java","default","872","898","1511595.java","selected","834","860"
"411630","831650","4","1.0","77069.java","default","836","862","85394.java","default","872","898"
"831650","3768628","4","1.0","85394.java","default","872","898","2554952.java","selected","838","864"
"831649","831650","4","1.0","85394.java","default","836","862","85394.java","default","872","898"
"831650","6814854","4","1.0","85394.java","default","872","898","209298.java","selected","804","830"
"831650","18623182","4","1.0","85394.java","default","872","898","1561076.java","selected","908","934"
"831650","1421557","4","1.0","85394.java","default","872","898","597475.java","selected","838","864"
"831650","14183083","4","1.0","85394.java","default","872","898","1103041.java","selected","838","864"
"831650","16466519","4","1.0","85394.java","default","872","898","1139080.java","selected","845","871"
"831650","22246374","4","1.0","85394.java","default","872","898","2481579.java","selected","857","883"
"250595","831650","4","1.0","126904.java","default","836","862","85394.java","default","872","898"
"831650","7132185","4","1.0","85394.java","default","872","898","364540.java","selected","835","861"
"831650","9693856","4","1.0","85394.java","default","872","898","964253.java","selected","838","864"
"831650","948486","4","1.0","85394.java","default","872","898","16883.java","default","853","879"
"831650","1966262","4","1.0","85394.java","default","872","898","1483221.java","selected","836","862"
"831650","10287986","4","1.0","85394.java","default","872","898","2215261.java","selected","838","864"
"831650","18731109","4","1.0","85394.java","default","872","898","2365821.java","selected","838","864"
"831650","19142736","4","1.0","85394.java","default","872","898","1402632.java","selected","838","864"
"831650","6244936","4","1.0","85394.java","default","872","898","183804.java","selected","752","778"
"831650","13028546","4","1.0","85394.java","default","872","898","593263.java","selected","837","863"
"831650","2532321","4","1.0","85394.java","default","872","898","244622.java","selected","837","863"
"831650","11319479","4","1.0","85394.java","default","872","898","2430560.java","selected","838","864"
"831650","16388707","4","1.0","85394.java","default","872","898","1802351.java","selected","838","864"
"831650","13902980","4","1.0","85394.java","default","872","898","304936.java","selected","835","861"
"831650","8612647","4","1.0","85394.java","default","872","898","707943.java","selected","837","863"
"831650","4518933","4","1.0","85394.java","default","872","898","1496807.java","selected","848","874"
"831650","12678588","4","1.0","85394.java","default","872","898","2510322.java","selected","754","780"
"831650","21870536","4","1.0","85394.java","default","872","898","1876215.java","selected","753","779"
"831650","11548510","4","1.0","85394.java","default","872","898","2640664.java","selected","753","779"
"831650","4471000","4","1.0","85394.java","default","872","898","2229382.java","selected","838","864"
"831650","17456565","4","1.0","85394.java","default","872","898","2038811.java","selected","838","864"
"831650","19912847","4","1.0","85394.java","default","872","898","419020.java","selected","901","927"
"831650","9088422","4","1.0","85394.java","default","872","898","2348309.java","selected","754","780"
"831650","12614305","4","1.0","85394.java","default","872","898","2339370.java","selected","755","781"
"831650","22993367","4","1.0","85394.java","default","872","898","2108660.java","selected","923","949"
"831650","21488868","4","1.0","85394.java","default","872","898","588446.java","selected","839","865"
"831650","6061402","4","1.0","85394.java","default","872","898","2190287.java","selected","837","863"
"16224017","17456566","4","1.0","110490.java","selected","838","864","2038811.java","selected","874","900"
"3768629","16224017","4","1.0","2554952.java","selected","874","900","110490.java","selected","838","864"
"16224017","19142737","4","1.0","110490.java","selected","838","864","1402632.java","selected","874","900"
"6814855","16224017","4","1.0","209298.java","selected","840","866","110490.java","selected","838","864"
"16224017","19584878","4","1.0","110490.java","selected","838","864","1098324.java","selected","851","877"
"13028547","16224017","4","1.0","593263.java","selected","873","899","110490.java","selected","838","864"
"11319480","16224017","4","1.0","2430560.java","selected","874","900","110490.java","selected","838","864"
"16224017","16466520","4","1.0","110490.java","selected","838","864","1139080.java","selected","881","907"
"16224017","16388708","4","1.0","110490.java","selected","838","864","1802351.java","selected","874","900"
"16224017","16224018","4","1.0","110490.java","selected","838","864","110490.java","selected","874","900"
"14183084","16224017","4","1.0","1103041.java","selected","874","900","110490.java","selected","838","864"
"367771","16224017","4","1.0","122954.java","default","872","898","110490.java","selected","838","864"
"2711645","16224017","4","1.0","264272.java","selected","790","816","110490.java","selected","838","864"
"12172485","16224017","4","1.0","1882693.java","selected","873","899","110490.java","selected","838","864"
"14317426","16224017","4","1.0","753625.java","selected","790","816","110490.java","selected","838","864"
"1458629","16224017","4","1.0","1511595.java","selected","870","896","110490.java","selected","838","864"
"15571542","16224017","4","1.0","1560483.java","selected","790","816","110490.java","selected","838","864"
"250596","16224017","4","1.0","126904.java","default","872","898","110490.java","selected","838","864"
"10287987","16224017","4","1.0","2215261.java","selected","874","900","110490.java","selected","838","864"
"6244937","16224017","4","1.0","183804.java","selected","788","814","110490.java","selected","838","864"
"6061403","16224017","4","1.0","2190287.java","selected","873","899","110490.java","selected","838","864"
"1421558","16224017","4","1.0","597475.java","selected","874","900","110490.java","selected","838","864"
"13902981","16224017","4","1.0","304936.java","selected","871","897","110490.java","selected","838","864"
"8612648","16224017","4","1.0","707943.java","selected","873","899","110490.java","selected","838","864"
"16224017","22246375","4","1.0","110490.java","selected","838","864","2481579.java","selected","893","919"
"13783899","16224017","4","1.0","1966020.java","selected","894","920","110490.java","selected","838","864"
"7132186","16224017","4","1.0","364540.java","selected","871","897","110490.java","selected","838","864"
"9693857","16224017","4","1.0","964253.java","selected","874","900","110490.java","selected","838","864"
"16224017","18731110","4","1.0","110490.java","selected","838","864","2365821.java","selected","874","900"
"1966263","16224017","4","1.0","1483221.java","selected","872","898","110490.java","selected","838","864"
"8778962","16224017","4","1.0","2599719.java","selected","874","900","110490.java","selected","838","864"
"411631","16224017","4","1.0","77069.java","default","872","898","110490.java","selected","838","864"
"16224017","19912848","4","1.0","110490.java","selected","838","864","419020.java","selected","939","965"
"16224017","21488869","4","1.0","110490.java","selected","838","864","588446.java","selected","875","901"
"2532322","16224017","4","1.0","244622.java","selected","873","899","110490.java","selected","838","864"
"16224017","16351776","4","1.0","110490.java","selected","838","864","1931054.java","selected","874","900"
"4518934","16224017","4","1.0","1496807.java","selected","884","910","110490.java","selected","838","864"
"948487","16224017","4","1.0","16883.java","default","889","915","110490.java","selected","838","864"
"8625347","16224017","4","1.0","2429982.java","selected","872","898","110490.java","selected","838","864"
"4471001","16224017","4","1.0","2229382.java","selected","874","900","110490.java","selected","838","864"
"16224017","22993368","4","1.0","110490.java","selected","838","864","2108660.java","selected","959","985"
"9088423","16224017","4","1.0","2348309.java","selected","790","816","110490.java","selected","838","864"
"266990","14502142","4","1.0","78884.java","default","30","48","1068957.java","selected","11","29"
"14502142","19849797","4","1.0","1068957.java","selected","11","29","926926.java","selected","63","81"
"14502142","21177597","4","1.0","1068957.java","selected","11","29","572754.java","selected","19","37"
"4385640","14502142","4","1.0","1234284.java","selected","70","88","1068957.java","selected","11","29"
"14502142","23069799","4","1.0","1068957.java","selected","11","29","169032.java","selected","187","205"
"14502142","18741084","4","1.0","1068957.java","selected","11","29","138213.java","selected","35","53"
"14502142","17097179","4","1.0","1068957.java","selected","11","29","2364800.java","selected","70","88"
"3419825","14502142","4","1.0","1921449.java","selected","65","83","1068957.java","selected","11","29"
"14502142","20085210","4","1.0","1068957.java","selected","11","29","2556943.java","selected","11","29"
"13783898","17456566","4","1.0","1966020.java","selected","858","884","2038811.java","selected","874","900"
"17456566","19584877","4","1.0","2038811.java","selected","874","900","1098324.java","selected","815","841"
"2711644","17456566","4","1.0","264272.java","selected","754","780","2038811.java","selected","874","900"
"8778961","17456566","4","1.0","2599719.java","selected","838","864","2038811.java","selected","874","900"
"12172484","17456566","4","1.0","1882693.java","selected","837","863","2038811.java","selected","874","900"
"15571541","17456566","4","1.0","1560483.java","selected","754","780","2038811.java","selected","874","900"
"1458628","17456566","4","1.0","1511595.java","selected","834","860","2038811.java","selected","874","900"
"411630","17456566","4","1.0","77069.java","default","836","862","2038811.java","selected","874","900"
"3768628","17456566","4","1.0","2554952.java","selected","838","864","2038811.java","selected","874","900"
"831649","17456566","4","1.0","85394.java","default","836","862","2038811.java","selected","874","900"
"6814854","17456566","4","1.0","209298.java","selected","804","830","2038811.java","selected","874","900"
"17456566","18623182","4","1.0","2038811.java","selected","874","900","1561076.java","selected","908","934"
"1421557","17456566","4","1.0","597475.java","selected","838","864","2038811.java","selected","874","900"
"14183083","17456566","4","1.0","1103041.java","selected","838","864","2038811.java","selected","874","900"
"16466519","17456566","4","1.0","1139080.java","selected","845","871","2038811.java","selected","874","900"
"17456566","22246374","4","1.0","2038811.java","selected","874","900","2481579.java","selected","857","883"
"250595","17456566","4","1.0","126904.java","default","836","862","2038811.java","selected","874","900"
"7132185","17456566","4","1.0","364540.java","selected","835","861","2038811.java","selected","874","900"
"9693856","17456566","4","1.0","964253.java","selected","838","864","2038811.java","selected","874","900"
"948486","17456566","4","1.0","16883.java","default","853","879","2038811.java","selected","874","900"
"1966262","17456566","4","1.0","1483221.java","selected","836","862","2038811.java","selected","874","900"
"10287986","17456566","4","1.0","2215261.java","selected","838","864","2038811.java","selected","874","900"
"17456566","18731109","4","1.0","2038811.java","selected","874","900","2365821.java","selected","838","864"
"17456566","19142736","4","1.0","2038811.java","selected","874","900","1402632.java","selected","838","864"
"6244936","17456566","4","1.0","183804.java","selected","752","778","2038811.java","selected","874","900"
"13028546","17456566","4","1.0","593263.java","selected","837","863","2038811.java","selected","874","900"
"2532321","17456566","4","1.0","244622.java","selected","837","863","2038811.java","selected","874","900"
"11319479","17456566","4","1.0","2430560.java","selected","838","864","2038811.java","selected","874","900"
"16388707","17456566","4","1.0","1802351.java","selected","838","864","2038811.java","selected","874","900"
"13902980","17456566","4","1.0","304936.java","selected","835","861","2038811.java","selected","874","900"
"8612647","17456566","4","1.0","707943.java","selected","837","863","2038811.java","selected","874","900"
"4518933","17456566","4","1.0","1496807.java","selected","848","874","2038811.java","selected","874","900"
"12678588","17456566","4","1.0","2510322.java","selected","754","780","2038811.java","selected","874","900"
"17456566","21870536","4","1.0","2038811.java","selected","874","900","1876215.java","selected","753","779"
"11548510","17456566","4","1.0","2640664.java","selected","753","779","2038811.java","selected","874","900"
"4471000","17456566","4","1.0","2229382.java","selected","838","864","2038811.java","selected","874","900"
"17456565","17456566","4","1.0","2038811.java","selected","838","864","2038811.java","selected","874","900"
"17456566","19912847","4","1.0","2038811.java","selected","874","900","419020.java","selected","901","927"
"9088422","17456566","4","1.0","2348309.java","selected","754","780","2038811.java","selected","874","900"
"12614305","17456566","4","1.0","2339370.java","selected","755","781","2038811.java","selected","874","900"
"17456566","22993367","4","1.0","2038811.java","selected","874","900","2108660.java","selected","923","949"
"17456566","21488868","4","1.0","2038811.java","selected","874","900","588446.java","selected","839","865"
"6061402","17456566","4","1.0","2190287.java","selected","837","863","2038811.java","selected","874","900"
"10318446","22434268","4","1.0","1571204.java","selected","43","49","299629.java","selected","199","205"
"3672328","22434268","4","1.0","1623414.java","selected","34","40","299629.java","selected","199","205"
"19290859","22434268","4","1.0","464186.java","selected","27","33","299629.java","selected","199","205"
"18542300","22434268","4","1.0","999982.java","selected","18","24","299629.java","selected","199","205"
"17857284","22434268","4","1.0","685601.java","selected","89","95","299629.java","selected","199","205"
"14129929","22434268","4","1.0","2088123.java","selected","40","46","299629.java","selected","199","205"
"1332258","23595064","4","1.0","527236.java","selected","153","167","1875065.java","selected","203","217"
"1332258","6424937","4","1.0","527236.java","selected","153","167","1608219.java","selected","146","160"
"17891162","18492103","4","1.0","1596280.java","selected","119","128","2407823.java","selected","119","128"
"3768629","13783898","4","1.0","2554952.java","selected","874","900","1966020.java","selected","858","884"
"3768629","19584877","4","1.0","2554952.java","selected","874","900","1098324.java","selected","815","841"
"2711644","3768629","4","1.0","264272.java","selected","754","780","2554952.java","selected","874","900"
"3768629","8778961","4","1.0","2554952.java","selected","874","900","2599719.java","selected","838","864"
"3768629","12172484","4","1.0","2554952.java","selected","874","900","1882693.java","selected","837","863"
"3768629","15571541","4","1.0","2554952.java","selected","874","900","1560483.java","selected","754","780"
"1458628","3768629","4","1.0","1511595.java","selected","834","860","2554952.java","selected","874","900"
"411630","3768629","4","1.0","77069.java","default","836","862","2554952.java","selected","874","900"
"3768628","3768629","4","1.0","2554952.java","selected","838","864","2554952.java","selected","874","900"
"831649","3768629","4","1.0","85394.java","default","836","862","2554952.java","selected","874","900"
"3768629","6814854","4","1.0","2554952.java","selected","874","900","209298.java","selected","804","830"
"3768629","18623182","4","1.0","2554952.java","selected","874","900","1561076.java","selected","908","934"
"1421557","3768629","4","1.0","597475.java","selected","838","864","2554952.java","selected","874","900"
"3768629","14183083","4","1.0","2554952.java","selected","874","900","1103041.java","selected","838","864"
"3768629","16466519","4","1.0","2554952.java","selected","874","900","1139080.java","selected","845","871"
"3768629","22246374","4","1.0","2554952.java","selected","874","900","2481579.java","selected","857","883"
"250595","3768629","4","1.0","126904.java","default","836","862","2554952.java","selected","874","900"
"3768629","7132185","4","1.0","2554952.java","selected","874","900","364540.java","selected","835","861"
"3768629","9693856","4","1.0","2554952.java","selected","874","900","964253.java","selected","838","864"
"948486","3768629","4","1.0","16883.java","default","853","879","2554952.java","selected","874","900"
"1966262","3768629","4","1.0","1483221.java","selected","836","862","2554952.java","selected","874","900"
"3768629","10287986","4","1.0","2554952.java","selected","874","900","2215261.java","selected","838","864"
"3768629","18731109","4","1.0","2554952.java","selected","874","900","2365821.java","selected","838","864"
"3768629","19142736","4","1.0","2554952.java","selected","874","900","1402632.java","selected","838","864"
"3768629","6244936","4","1.0","2554952.java","selected","874","900","183804.java","selected","752","778"
"3768629","13028546","4","1.0","2554952.java","selected","874","900","593263.java","selected","837","863"
"2532321","3768629","4","1.0","244622.java","selected","837","863","2554952.java","selected","874","900"
"3768629","11319479","4","1.0","2554952.java","selected","874","900","2430560.java","selected","838","864"
"3768629","16388707","4","1.0","2554952.java","selected","874","900","1802351.java","selected","838","864"
"3768629","13902980","4","1.0","2554952.java","selected","874","900","304936.java","selected","835","861"
"3768629","8612647","4","1.0","2554952.java","selected","874","900","707943.java","selected","837","863"
"3768629","4518933","4","1.0","2554952.java","selected","874","900","1496807.java","selected","848","874"
"3768629","12678588","4","1.0","2554952.java","selected","874","900","2510322.java","selected","754","780"
"3768629","21870536","4","1.0","2554952.java","selected","874","900","1876215.java","selected","753","779"
"3768629","11548510","4","1.0","2554952.java","selected","874","900","2640664.java","selected","753","779"
"3768629","4471000","4","1.0","2554952.java","selected","874","900","2229382.java","selected","838","864"
"3768629","17456565","4","1.0","2554952.java","selected","874","900","2038811.java","selected","838","864"
"3768629","19912847","4","1.0","2554952.java","selected","874","900","419020.java","selected","901","927"
"3768629","9088422","4","1.0","2554952.java","selected","874","900","2348309.java","selected","754","780"
"3768629","12614305","4","1.0","2554952.java","selected","874","900","2339370.java","selected","755","781"
"3768629","22993367","4","1.0","2554952.java","selected","874","900","2108660.java","selected","923","949"
"3768629","21488868","4","1.0","2554952.java","selected","874","900","588446.java","selected","839","865"
"3768629","6061402","4","1.0","2554952.java","selected","874","900","2190287.java","selected","837","863"
"10368839","10601019","4","1.0","836722.java","selected","118","126","2077739.java","selected","747","755"
"5523389","10601019","4","1.0","1823751.java","selected","50","58","2077739.java","selected","747","755"
"266990","21177597","4","1.0","78884.java","default","30","48","572754.java","selected","19","37"
"10251387","23099329","4","1.0","2332106.java","selected","29","50","426921.java","selected","46","67"
"1624010","8489742","4","1.0","443043.java","selected","1550","1559","594064.java","selected","15","24"
"1624010","18748516","4","1.0","443043.java","selected","1550","1559","351570.java","selected","83","92"
"1896089","6527977","4","1.0","2205390.java","selected","47","53","1152093.java","selected","55","61"
"6527977","14702119","4","1.0","1152093.java","selected","55","61","1627071.java","selected","116","122"
"2575374","6527977","4","1.0","2256300.java","selected","15","21","1152093.java","selected","55","61"
"6527977","14598566","4","1.0","1152093.java","selected","55","61","1542784.java","selected","128","134"
"6527977","23058336","4","1.0","1152093.java","selected","55","61","690424.java","selected","14","20"
"6527977","16098010","4","1.0","1152093.java","selected","55","61","2687364.java","selected","24","30"
"6527977","20082006","4","1.0","1152093.java","selected","55","61","1893527.java","selected","47","53"
"4716110","6527977","4","1.0","1796857.java","selected","36","42","1152093.java","selected","55","61"
"6188784","23596949","4","1.0","2688879.java","selected","37","49","2211044.java","selected","280","292"
"6188784","11993046","4","1.0","2688879.java","selected","37","49","1752530.java","selected","128","140"
"2418918","6188784","4","1.0","1632727.java","selected","129","141","2688879.java","selected","37","49"
"10368839","16924659","4","1.0","836722.java","selected","118","126","2455851.java","selected","855","863"
"10368839","17791385","4","1.0","836722.java","selected","118","126","499481.java","selected","849","857"
"5523389","10368839","4","1.0","1823751.java","selected","50","58","836722.java","selected","118","126"
"10368839","13834118","4","1.0","836722.java","selected","118","126","591946.java","selected","827","835"
"13783898","19142737","4","1.0","1966020.java","selected","858","884","1402632.java","selected","874","900"
"19142737","19584877","4","1.0","1402632.java","selected","874","900","1098324.java","selected","815","841"
"2711644","19142737","4","1.0","264272.java","selected","754","780","1402632.java","selected","874","900"
"8778961","19142737","4","1.0","2599719.java","selected","838","864","1402632.java","selected","874","900"
"12172484","19142737","4","1.0","1882693.java","selected","837","863","1402632.java","selected","874","900"
"15571541","19142737","4","1.0","1560483.java","selected","754","780","1402632.java","selected","874","900"
"1458628","19142737","4","1.0","1511595.java","selected","834","860","1402632.java","selected","874","900"
"411630","19142737","4","1.0","77069.java","default","836","862","1402632.java","selected","874","900"
"3768628","19142737","4","1.0","2554952.java","selected","838","864","1402632.java","selected","874","900"
"831649","19142737","4","1.0","85394.java","default","836","862","1402632.java","selected","874","900"
"6814854","19142737","4","1.0","209298.java","selected","804","830","1402632.java","selected","874","900"
"18623182","19142737","4","1.0","1561076.java","selected","908","934","1402632.java","selected","874","900"
"1421557","19142737","4","1.0","597475.java","selected","838","864","1402632.java","selected","874","900"
"14183083","19142737","4","1.0","1103041.java","selected","838","864","1402632.java","selected","874","900"
"16466519","19142737","4","1.0","1139080.java","selected","845","871","1402632.java","selected","874","900"
"19142737","22246374","4","1.0","1402632.java","selected","874","900","2481579.java","selected","857","883"
"250595","19142737","4","1.0","126904.java","default","836","862","1402632.java","selected","874","900"
"7132185","19142737","4","1.0","364540.java","selected","835","861","1402632.java","selected","874","900"
"9693856","19142737","4","1.0","964253.java","selected","838","864","1402632.java","selected","874","900"
"948486","19142737","4","1.0","16883.java","default","853","879","1402632.java","selected","874","900"
"1966262","19142737","4","1.0","1483221.java","selected","836","862","1402632.java","selected","874","900"
"10287986","19142737","4","1.0","2215261.java","selected","838","864","1402632.java","selected","874","900"
"18731109","19142737","4","1.0","2365821.java","selected","838","864","1402632.java","selected","874","900"
"19142736","19142737","4","1.0","1402632.java","selected","838","864","1402632.java","selected","874","900"
"6244936","19142737","4","1.0","183804.java","selected","752","778","1402632.java","selected","874","900"
"13028546","19142737","4","1.0","593263.java","selected","837","863","1402632.java","selected","874","900"
"2532321","19142737","4","1.0","244622.java","selected","837","863","1402632.java","selected","874","900"
"11319479","19142737","4","1.0","2430560.java","selected","838","864","1402632.java","selected","874","900"
"16388707","19142737","4","1.0","1802351.java","selected","838","864","1402632.java","selected","874","900"
"13902980","19142737","4","1.0","304936.java","selected","835","861","1402632.java","selected","874","900"
"8612647","19142737","4","1.0","707943.java","selected","837","863","1402632.java","selected","874","900"
"4518933","19142737","4","1.0","1496807.java","selected","848","874","1402632.java","selected","874","900"
"12678588","19142737","4","1.0","2510322.java","selected","754","780","1402632.java","selected","874","900"
"19142737","21870536","4","1.0","1402632.java","selected","874","900","1876215.java","selected","753","779"
"11548510","19142737","4","1.0","2640664.java","selected","753","779","1402632.java","selected","874","900"
"4471000","19142737","4","1.0","2229382.java","selected","838","864","1402632.java","selected","874","900"
"17456565","19142737","4","1.0","2038811.java","selected","838","864","1402632.java","selected","874","900"
"19142737","19912847","4","1.0","1402632.java","selected","874","900","419020.java","selected","901","927"
"9088422","19142737","4","1.0","2348309.java","selected","754","780","1402632.java","selected","874","900"
"12614305","19142737","4","1.0","2339370.java","selected","755","781","1402632.java","selected","874","900"
"19142737","22993367","4","1.0","1402632.java","selected","874","900","2108660.java","selected","923","949"
"19142737","21488868","4","1.0","1402632.java","selected","874","900","588446.java","selected","839","865"
"6061402","19142737","4","1.0","2190287.java","selected","837","863","1402632.java","selected","874","900"
"6814855","13783898","4","1.0","209298.java","selected","840","866","1966020.java","selected","858","884"
"6814855","19584877","4","1.0","209298.java","selected","840","866","1098324.java","selected","815","841"
"2711644","6814855","4","1.0","264272.java","selected","754","780","209298.java","selected","840","866"
"6814855","8778961","4","1.0","209298.java","selected","840","866","2599719.java","selected","838","864"
"6814855","12172484","4","1.0","209298.java","selected","840","866","1882693.java","selected","837","863"
"6814855","15571541","4","1.0","209298.java","selected","840","866","1560483.java","selected","754","780"
"1458628","6814855","4","1.0","1511595.java","selected","834","860","209298.java","selected","840","866"
"411630","6814855","4","1.0","77069.java","default","836","862","209298.java","selected","840","866"
"3768628","6814855","4","1.0","2554952.java","selected","838","864","209298.java","selected","840","866"
"831649","6814855","4","1.0","85394.java","default","836","862","209298.java","selected","840","866"
"6814854","6814855","4","1.0","209298.java","selected","804","830","209298.java","selected","840","866"
"6814855","18623182","4","1.0","209298.java","selected","840","866","1561076.java","selected","908","934"
"1421557","6814855","4","1.0","597475.java","selected","838","864","209298.java","selected","840","866"
"6814855","14183083","4","1.0","209298.java","selected","840","866","1103041.java","selected","838","864"
"6814855","16466519","4","1.0","209298.java","selected","840","866","1139080.java","selected","845","871"
"6814855","22246374","4","1.0","209298.java","selected","840","866","2481579.java","selected","857","883"
"250595","6814855","4","1.0","126904.java","default","836","862","209298.java","selected","840","866"
"6814855","7132185","4","1.0","209298.java","selected","840","866","364540.java","selected","835","861"
"6814855","9693856","4","1.0","209298.java","selected","840","866","964253.java","selected","838","864"
"948486","6814855","4","1.0","16883.java","default","853","879","209298.java","selected","840","866"
"1966262","6814855","4","1.0","1483221.java","selected","836","862","209298.java","selected","840","866"
"6814855","10287986","4","1.0","209298.java","selected","840","866","2215261.java","selected","838","864"
"6814855","18731109","4","1.0","209298.java","selected","840","866","2365821.java","selected","838","864"
"6814855","19142736","4","1.0","209298.java","selected","840","866","1402632.java","selected","838","864"
"6244936","6814855","4","1.0","183804.java","selected","752","778","209298.java","selected","840","866"
"6814855","13028546","4","1.0","209298.java","selected","840","866","593263.java","selected","837","863"
"2532321","6814855","4","1.0","244622.java","selected","837","863","209298.java","selected","840","866"
"6814855","11319479","4","1.0","209298.java","selected","840","866","2430560.java","selected","838","864"
"6814855","16388707","4","1.0","209298.java","selected","840","866","1802351.java","selected","838","864"
"6814855","13902980","4","1.0","209298.java","selected","840","866","304936.java","selected","835","861"
"6814855","8612647","4","1.0","209298.java","selected","840","866","707943.java","selected","837","863"
"4518933","6814855","4","1.0","1496807.java","selected","848","874","209298.java","selected","840","866"
"6814855","12678588","4","1.0","209298.java","selected","840","866","2510322.java","selected","754","780"
"6814855","21870536","4","1.0","209298.java","selected","840","866","1876215.java","selected","753","779"
"6814855","11548510","4","1.0","209298.java","selected","840","866","2640664.java","selected","753","779"
"4471000","6814855","4","1.0","2229382.java","selected","838","864","209298.java","selected","840","866"
"6814855","17456565","4","1.0","209298.java","selected","840","866","2038811.java","selected","838","864"
"6814855","19912847","4","1.0","209298.java","selected","840","866","419020.java","selected","901","927"
"6814855","9088422","4","1.0","209298.java","selected","840","866","2348309.java","selected","754","780"
"6814855","12614305","4","1.0","209298.java","selected","840","866","2339370.java","selected","755","781"
"6814855","22993367","4","1.0","209298.java","selected","840","866","2108660.java","selected","923","949"
"6814855","21488868","4","1.0","209298.java","selected","840","866","588446.java","selected","839","865"
"6061402","6814855","4","1.0","2190287.java","selected","837","863","209298.java","selected","840","866"
"16055802","19035955","4","1.0","627221.java","selected","14","22","1710243.java","selected","13","21"
"6751999","16055802","4","1.0","2250750.java","selected","13","21","627221.java","selected","14","22"
"8489742","20372195","4","1.0","594064.java","selected","15","24","1360935.java","selected","504","513"
"18748516","20372195","4","1.0","351570.java","selected","83","92","1360935.java","selected","504","513"
"3229361","17557352","4","1.0","1719348.java","selected","113","158","1047383.java","selected","118","163"
"1896089","14702119","4","1.0","2205390.java","selected","47","53","1627071.java","selected","116","122"
"1896089","2575374","4","1.0","2205390.java","selected","47","53","2256300.java","selected","15","21"
"1896089","23058336","4","1.0","2205390.java","selected","47","53","690424.java","selected","14","20"
"1896089","16098010","4","1.0","2205390.java","selected","47","53","2687364.java","selected","24","30"
"1896089","20082006","4","1.0","2205390.java","selected","47","53","1893527.java","selected","47","53"
"1896089","4716110","4","1.0","2205390.java","selected","47","53","1796857.java","selected","36","42"
"13783898","19584878","4","1.0","1966020.java","selected","858","884","1098324.java","selected","851","877"
"13028547","13783898","4","1.0","593263.java","selected","873","899","1966020.java","selected","858","884"
"11319480","13783898","4","1.0","2430560.java","selected","874","900","1966020.java","selected","858","884"
"13783898","16466520","4","1.0","1966020.java","selected","858","884","1139080.java","selected","881","907"
"13783898","16388708","4","1.0","1966020.java","selected","858","884","1802351.java","selected","874","900"
"13783898","16224018","4","1.0","1966020.java","selected","858","884","110490.java","selected","874","900"
"13783898","14183084","4","1.0","1966020.java","selected","858","884","1103041.java","selected","874","900"
"367771","13783898","4","1.0","122954.java","default","872","898","1966020.java","selected","858","884"
"2711645","13783898","4","1.0","264272.java","selected","790","816","1966020.java","selected","858","884"
"12172485","13783898","4","1.0","1882693.java","selected","873","899","1966020.java","selected","858","884"
"13783898","14317426","4","1.0","1966020.java","selected","858","884","753625.java","selected","790","816"
"1458629","13783898","4","1.0","1511595.java","selected","870","896","1966020.java","selected","858","884"
"13783898","15571542","4","1.0","1966020.java","selected","858","884","1560483.java","selected","790","816"
"250596","13783898","4","1.0","126904.java","default","872","898","1966020.java","selected","858","884"
"10287987","13783898","4","1.0","2215261.java","selected","874","900","1966020.java","selected","858","884"
"6244937","13783898","4","1.0","183804.java","selected","788","814","1966020.java","selected","858","884"
"6061403","13783898","4","1.0","2190287.java","selected","873","899","1966020.java","selected","858","884"
"1421558","13783898","4","1.0","597475.java","selected","874","900","1966020.java","selected","858","884"
"13783898","13902981","4","1.0","1966020.java","selected","858","884","304936.java","selected","871","897"
"8612648","13783898","4","1.0","707943.java","selected","873","899","1966020.java","selected","858","884"
"13783898","22246375","4","1.0","1966020.java","selected","858","884","2481579.java","selected","893","919"
"13783898","13783899","4","1.0","1966020.java","selected","858","884","1966020.java","selected","894","920"
"7132186","13783898","4","1.0","364540.java","selected","871","897","1966020.java","selected","858","884"
"9693857","13783898","4","1.0","964253.java","selected","874","900","1966020.java","selected","858","884"
"13783898","18731110","4","1.0","1966020.java","selected","858","884","2365821.java","selected","874","900"
"1966263","13783898","4","1.0","1483221.java","selected","872","898","1966020.java","selected","858","884"
"8778962","13783898","4","1.0","2599719.java","selected","874","900","1966020.java","selected","858","884"
"411631","13783898","4","1.0","77069.java","default","872","898","1966020.java","selected","858","884"
"13783898","19912848","4","1.0","1966020.java","selected","858","884","419020.java","selected","939","965"
"13783898","21488869","4","1.0","1966020.java","selected","858","884","588446.java","selected","875","901"
"2532322","13783898","4","1.0","244622.java","selected","873","899","1966020.java","selected","858","884"
"13783898","16351776","4","1.0","1966020.java","selected","858","884","1931054.java","selected","874","900"
"4518934","13783898","4","1.0","1496807.java","selected","884","910","1966020.java","selected","858","884"
"948487","13783898","4","1.0","16883.java","default","889","915","1966020.java","selected","858","884"
"8625347","13783898","4","1.0","2429982.java","selected","872","898","1966020.java","selected","858","884"
"4471001","13783898","4","1.0","2229382.java","selected","874","900","1966020.java","selected","858","884"
"13783898","22993368","4","1.0","1966020.java","selected","858","884","2108660.java","selected","959","985"
"9088423","13783898","4","1.0","2348309.java","selected","790","816","1966020.java","selected","858","884"
"6399107","8106130","4","1.0","1247433.java","selected","142","148","2220153.java","selected","87","93"
"19643372","19643373","4","1.0","925397.java","selected","854","880","925397.java","selected","890","916"
"19584877","19584878","4","1.0","1098324.java","selected","815","841","1098324.java","selected","851","877"
"13028547","19584877","4","1.0","593263.java","selected","873","899","1098324.java","selected","815","841"
"11319480","19584877","4","1.0","2430560.java","selected","874","900","1098324.java","selected","815","841"
"16466520","19584877","4","1.0","1139080.java","selected","881","907","1098324.java","selected","815","841"
"16388708","19584877","4","1.0","1802351.java","selected","874","900","1098324.java","selected","815","841"
"16224018","19584877","4","1.0","110490.java","selected","874","900","1098324.java","selected","815","841"
"14183084","19584877","4","1.0","1103041.java","selected","874","900","1098324.java","selected","815","841"
"367771","19584877","4","1.0","122954.java","default","872","898","1098324.java","selected","815","841"
"2711645","19584877","4","1.0","264272.java","selected","790","816","1098324.java","selected","815","841"
"12172485","19584877","4","1.0","1882693.java","selected","873","899","1098324.java","selected","815","841"
"14317426","19584877","4","1.0","753625.java","selected","790","816","1098324.java","selected","815","841"
"1458629","19584877","4","1.0","1511595.java","selected","870","896","1098324.java","selected","815","841"
"15571542","19584877","4","1.0","1560483.java","selected","790","816","1098324.java","selected","815","841"
"250596","19584877","4","1.0","126904.java","default","872","898","1098324.java","selected","815","841"
"10287987","19584877","4","1.0","2215261.java","selected","874","900","1098324.java","selected","815","841"
"6244937","19584877","4","1.0","183804.java","selected","788","814","1098324.java","selected","815","841"
"6061403","19584877","4","1.0","2190287.java","selected","873","899","1098324.java","selected","815","841"
"1421558","19584877","4","1.0","597475.java","selected","874","900","1098324.java","selected","815","841"
"13902981","19584877","4","1.0","304936.java","selected","871","897","1098324.java","selected","815","841"
"8612648","19584877","4","1.0","707943.java","selected","873","899","1098324.java","selected","815","841"
"19584877","22246375","4","1.0","1098324.java","selected","815","841","2481579.java","selected","893","919"
"13783899","19584877","4","1.0","1966020.java","selected","894","920","1098324.java","selected","815","841"
"7132186","19584877","4","1.0","364540.java","selected","871","897","1098324.java","selected","815","841"
"9693857","19584877","4","1.0","964253.java","selected","874","900","1098324.java","selected","815","841"
"18731110","19584877","4","1.0","2365821.java","selected","874","900","1098324.java","selected","815","841"
"1966263","19584877","4","1.0","1483221.java","selected","872","898","1098324.java","selected","815","841"
"8778962","19584877","4","1.0","2599719.java","selected","874","900","1098324.java","selected","815","841"
"411631","19584877","4","1.0","77069.java","default","872","898","1098324.java","selected","815","841"
"19584877","19912848","4","1.0","1098324.java","selected","815","841","419020.java","selected","939","965"
"19584877","21488869","4","1.0","1098324.java","selected","815","841","588446.java","selected","875","901"
"2532322","19584877","4","1.0","244622.java","selected","873","899","1098324.java","selected","815","841"
"16351776","19584877","4","1.0","1931054.java","selected","874","900","1098324.java","selected","815","841"
"4518934","19584877","4","1.0","1496807.java","selected","884","910","1098324.java","selected","815","841"
"948487","19584877","4","1.0","16883.java","default","889","915","1098324.java","selected","815","841"
"8625347","19584877","4","1.0","2429982.java","selected","872","898","1098324.java","selected","815","841"
"4471001","19584877","4","1.0","2229382.java","selected","874","900","1098324.java","selected","815","841"
"19584877","22993368","4","1.0","1098324.java","selected","815","841","2108660.java","selected","959","985"
"9088423","19584877","4","1.0","2348309.java","selected","790","816","1098324.java","selected","815","841"
"10318446","19290859","4","1.0","1571204.java","selected","43","49","464186.java","selected","27","33"
"10318446","18542300","4","1.0","1571204.java","selected","43","49","999982.java","selected","18","24"
"10318446","17857284","4","1.0","1571204.java","selected","43","49","685601.java","selected","89","95"
"2711644","19584878","4","1.0","264272.java","selected","754","780","1098324.java","selected","851","877"
"8778961","19584878","4","1.0","2599719.java","selected","838","864","1098324.java","selected","851","877"
"12172484","19584878","4","1.0","1882693.java","selected","837","863","1098324.java","selected","851","877"
"15571541","19584878","4","1.0","1560483.java","selected","754","780","1098324.java","selected","851","877"
"1458628","19584878","4","1.0","1511595.java","selected","834","860","1098324.java","selected","851","877"
"411630","19584878","4","1.0","77069.java","default","836","862","1098324.java","selected","851","877"
"3768628","19584878","4","1.0","2554952.java","selected","838","864","1098324.java","selected","851","877"
"831649","19584878","4","1.0","85394.java","default","836","862","1098324.java","selected","851","877"
"6814854","19584878","4","1.0","209298.java","selected","804","830","1098324.java","selected","851","877"
"18623182","19584878","4","1.0","1561076.java","selected","908","934","1098324.java","selected","851","877"
"1421557","19584878","4","1.0","597475.java","selected","838","864","1098324.java","selected","851","877"
"14183083","19584878","4","1.0","1103041.java","selected","838","864","1098324.java","selected","851","877"
"16466519","19584878","4","1.0","1139080.java","selected","845","871","1098324.java","selected","851","877"
"19584878","22246374","4","1.0","1098324.java","selected","851","877","2481579.java","selected","857","883"
"250595","19584878","4","1.0","126904.java","default","836","862","1098324.java","selected","851","877"
"7132185","19584878","4","1.0","364540.java","selected","835","861","1098324.java","selected","851","877"
"9693856","19584878","4","1.0","964253.java","selected","838","864","1098324.java","selected","851","877"
"948486","19584878","4","1.0","16883.java","default","853","879","1098324.java","selected","851","877"
"1966262","19584878","4","1.0","1483221.java","selected","836","862","1098324.java","selected","851","877"
"10287986","19584878","4","1.0","2215261.java","selected","838","864","1098324.java","selected","851","877"
"18731109","19584878","4","1.0","2365821.java","selected","838","864","1098324.java","selected","851","877"
"19142736","19584878","4","1.0","1402632.java","selected","838","864","1098324.java","selected","851","877"
"6244936","19584878","4","1.0","183804.java","selected","752","778","1098324.java","selected","851","877"
"13028546","19584878","4","1.0","593263.java","selected","837","863","1098324.java","selected","851","877"
"2532321","19584878","4","1.0","244622.java","selected","837","863","1098324.java","selected","851","877"
"11319479","19584878","4","1.0","2430560.java","selected","838","864","1098324.java","selected","851","877"
"16388707","19584878","4","1.0","1802351.java","selected","838","864","1098324.java","selected","851","877"
"13902980","19584878","4","1.0","304936.java","selected","835","861","1098324.java","selected","851","877"
"8612647","19584878","4","1.0","707943.java","selected","837","863","1098324.java","selected","851","877"
"4518933","19584878","4","1.0","1496807.java","selected","848","874","1098324.java","selected","851","877"
"12678588","19584878","4","1.0","2510322.java","selected","754","780","1098324.java","selected","851","877"
"19584878","21870536","4","1.0","1098324.java","selected","851","877","1876215.java","selected","753","779"
"11548510","19584878","4","1.0","2640664.java","selected","753","779","1098324.java","selected","851","877"
"4471000","19584878","4","1.0","2229382.java","selected","838","864","1098324.java","selected","851","877"
"17456565","19584878","4","1.0","2038811.java","selected","838","864","1098324.java","selected","851","877"
"19584878","19912847","4","1.0","1098324.java","selected","851","877","419020.java","selected","901","927"
"9088422","19584878","4","1.0","2348309.java","selected","754","780","1098324.java","selected","851","877"
"12614305","19584878","4","1.0","2339370.java","selected","755","781","1098324.java","selected","851","877"
"19584878","22993367","4","1.0","1098324.java","selected","851","877","2108660.java","selected","923","949"
"19584878","21488868","4","1.0","1098324.java","selected","851","877","588446.java","selected","839","865"
"6061402","19584878","4","1.0","2190287.java","selected","837","863","1098324.java","selected","851","877"
"2711644","13028547","4","1.0","264272.java","selected","754","780","593263.java","selected","873","899"
"2711644","11319480","4","1.0","264272.java","selected","754","780","2430560.java","selected","874","900"
"2711644","16466520","4","1.0","264272.java","selected","754","780","1139080.java","selected","881","907"
"2711644","16388708","4","1.0","264272.java","selected","754","780","1802351.java","selected","874","900"
"2711644","16224018","4","1.0","264272.java","selected","754","780","110490.java","selected","874","900"
"2711644","14183084","4","1.0","264272.java","selected","754","780","1103041.java","selected","874","900"
"367771","2711644","4","1.0","122954.java","default","872","898","264272.java","selected","754","780"
"2711644","2711645","4","1.0","264272.java","selected","754","780","264272.java","selected","790","816"
"2711644","12172485","4","1.0","264272.java","selected","754","780","1882693.java","selected","873","899"
"2711644","14317426","4","1.0","264272.java","selected","754","780","753625.java","selected","790","816"
"1458629","2711644","4","1.0","1511595.java","selected","870","896","264272.java","selected","754","780"
"2711644","15571542","4","1.0","264272.java","selected","754","780","1560483.java","selected","790","816"
"250596","2711644","4","1.0","126904.java","default","872","898","264272.java","selected","754","780"
"2711644","10287987","4","1.0","264272.java","selected","754","780","2215261.java","selected","874","900"
"2711644","6244937","4","1.0","264272.java","selected","754","780","183804.java","selected","788","814"
"2711644","6061403","4","1.0","264272.java","selected","754","780","2190287.java","selected","873","899"
"1421558","2711644","4","1.0","597475.java","selected","874","900","264272.java","selected","754","780"
"2711644","13902981","4","1.0","264272.java","selected","754","780","304936.java","selected","871","897"
"2711644","8612648","4","1.0","264272.java","selected","754","780","707943.java","selected","873","899"
"2711644","22246375","4","1.0","264272.java","selected","754","780","2481579.java","selected","893","919"
"2711644","13783899","4","1.0","264272.java","selected","754","780","1966020.java","selected","894","920"
"2711644","7132186","4","1.0","264272.java","selected","754","780","364540.java","selected","871","897"
"2711644","9693857","4","1.0","264272.java","selected","754","780","964253.java","selected","874","900"
"2711644","18731110","4","1.0","264272.java","selected","754","780","2365821.java","selected","874","900"
"1966263","2711644","4","1.0","1483221.java","selected","872","898","264272.java","selected","754","780"
"2711644","8778962","4","1.0","264272.java","selected","754","780","2599719.java","selected","874","900"
"411631","2711644","4","1.0","77069.java","default","872","898","264272.java","selected","754","780"
"2711644","19912848","4","1.0","264272.java","selected","754","780","419020.java","selected","939","965"
"2711644","21488869","4","1.0","264272.java","selected","754","780","588446.java","selected","875","901"
"2532322","2711644","4","1.0","244622.java","selected","873","899","264272.java","selected","754","780"
"2711644","16351776","4","1.0","264272.java","selected","754","780","1931054.java","selected","874","900"
"2711644","4518934","4","1.0","264272.java","selected","754","780","1496807.java","selected","884","910"
"948487","2711644","4","1.0","16883.java","default","889","915","264272.java","selected","754","780"
"2711644","8625347","4","1.0","264272.java","selected","754","780","2429982.java","selected","872","898"
"2711644","4471001","4","1.0","264272.java","selected","754","780","2229382.java","selected","874","900"
"2711644","22993368","4","1.0","264272.java","selected","754","780","2108660.java","selected","959","985"
"2711644","9088423","4","1.0","264272.java","selected","754","780","2348309.java","selected","790","816"
"2575374","14702119","4","1.0","2256300.java","selected","15","21","1627071.java","selected","116","122"
"14598566","14702119","4","1.0","1542784.java","selected","128","134","1627071.java","selected","116","122"
"14702119","23058336","4","1.0","1627071.java","selected","116","122","690424.java","selected","14","20"
"14702119","16098010","4","1.0","1627071.java","selected","116","122","2687364.java","selected","24","30"
"14702119","20082006","4","1.0","1627071.java","selected","116","122","1893527.java","selected","47","53"
"4716110","14702119","4","1.0","1796857.java","selected","36","42","1627071.java","selected","116","122"
"8778961","13028547","4","1.0","2599719.java","selected","838","864","593263.java","selected","873","899"
"12172484","13028547","4","1.0","1882693.java","selected","837","863","593263.java","selected","873","899"
"13028547","15571541","4","1.0","593263.java","selected","873","899","1560483.java","selected","754","780"
"1458628","13028547","4","1.0","1511595.java","selected","834","860","593263.java","selected","873","899"
"411630","13028547","4","1.0","77069.java","default","836","862","593263.java","selected","873","899"
"3768628","13028547","4","1.0","2554952.java","selected","838","864","593263.java","selected","873","899"
"831649","13028547","4","1.0","85394.java","default","836","862","593263.java","selected","873","899"
"6814854","13028547","4","1.0","209298.java","selected","804","830","593263.java","selected","873","899"
"13028547","18623182","4","1.0","593263.java","selected","873","899","1561076.java","selected","908","934"
"1421557","13028547","4","1.0","597475.java","selected","838","864","593263.java","selected","873","899"
"13028547","14183083","4","1.0","593263.java","selected","873","899","1103041.java","selected","838","864"
"13028547","16466519","4","1.0","593263.java","selected","873","899","1139080.java","selected","845","871"
"13028547","22246374","4","1.0","593263.java","selected","873","899","2481579.java","selected","857","883"
"250595","13028547","4","1.0","126904.java","default","836","862","593263.java","selected","873","899"
"7132185","13028547","4","1.0","364540.java","selected","835","861","593263.java","selected","873","899"
"9693856","13028547","4","1.0","964253.java","selected","838","864","593263.java","selected","873","899"
"948486","13028547","4","1.0","16883.java","default","853","879","593263.java","selected","873","899"
"1966262","13028547","4","1.0","1483221.java","selected","836","862","593263.java","selected","873","899"
"10287986","13028547","4","1.0","2215261.java","selected","838","864","593263.java","selected","873","899"
"13028547","18731109","4","1.0","593263.java","selected","873","899","2365821.java","selected","838","864"
"13028547","19142736","4","1.0","593263.java","selected","873","899","1402632.java","selected","838","864"
"6244936","13028547","4","1.0","183804.java","selected","752","778","593263.java","selected","873","899"
"13028546","13028547","4","1.0","593263.java","selected","837","863","593263.java","selected","873","899"
"2532321","13028547","4","1.0","244622.java","selected","837","863","593263.java","selected","873","899"
"11319479","13028547","4","1.0","2430560.java","selected","838","864","593263.java","selected","873","899"
"13028547","16388707","4","1.0","593263.java","selected","873","899","1802351.java","selected","838","864"
"13028547","13902980","4","1.0","593263.java","selected","873","899","304936.java","selected","835","861"
"8612647","13028547","4","1.0","707943.java","selected","837","863","593263.java","selected","873","899"
"4518933","13028547","4","1.0","1496807.java","selected","848","874","593263.java","selected","873","899"
"12678588","13028547","4","1.0","2510322.java","selected","754","780","593263.java","selected","873","899"
"13028547","21870536","4","1.0","593263.java","selected","873","899","1876215.java","selected","753","779"
"11548510","13028547","4","1.0","2640664.java","selected","753","779","593263.java","selected","873","899"
"4471000","13028547","4","1.0","2229382.java","selected","838","864","593263.java","selected","873","899"
"13028547","17456565","4","1.0","593263.java","selected","873","899","2038811.java","selected","838","864"
"13028547","19912847","4","1.0","593263.java","selected","873","899","419020.java","selected","901","927"
"9088422","13028547","4","1.0","2348309.java","selected","754","780","593263.java","selected","873","899"
"12614305","13028547","4","1.0","2339370.java","selected","755","781","593263.java","selected","873","899"
"13028547","22993367","4","1.0","593263.java","selected","873","899","2108660.java","selected","923","949"
"13028547","21488868","4","1.0","593263.java","selected","873","899","588446.java","selected","839","865"
"6061402","13028547","4","1.0","2190287.java","selected","837","863","593263.java","selected","873","899"
"8778961","11319480","4","1.0","2599719.java","selected","838","864","2430560.java","selected","874","900"
"8778961","16466520","4","1.0","2599719.java","selected","838","864","1139080.java","selected","881","907"
"8778961","16388708","4","1.0","2599719.java","selected","838","864","1802351.java","selected","874","900"
"8778961","16224018","4","1.0","2599719.java","selected","838","864","110490.java","selected","874","900"
"8778961","14183084","4","1.0","2599719.java","selected","838","864","1103041.java","selected","874","900"
"367771","8778961","4","1.0","122954.java","default","872","898","2599719.java","selected","838","864"
"2711645","8778961","4","1.0","264272.java","selected","790","816","2599719.java","selected","838","864"
"8778961","12172485","4","1.0","2599719.java","selected","838","864","1882693.java","selected","873","899"
"8778961","14317426","4","1.0","2599719.java","selected","838","864","753625.java","selected","790","816"
"1458629","8778961","4","1.0","1511595.java","selected","870","896","2599719.java","selected","838","864"
"8778961","15571542","4","1.0","2599719.java","selected","838","864","1560483.java","selected","790","816"
"250596","8778961","4","1.0","126904.java","default","872","898","2599719.java","selected","838","864"
"8778961","10287987","4","1.0","2599719.java","selected","838","864","2215261.java","selected","874","900"
"6244937","8778961","4","1.0","183804.java","selected","788","814","2599719.java","selected","838","864"
"6061403","8778961","4","1.0","2190287.java","selected","873","899","2599719.java","selected","838","864"
"1421558","8778961","4","1.0","597475.java","selected","874","900","2599719.java","selected","838","864"
"8778961","13902981","4","1.0","2599719.java","selected","838","864","304936.java","selected","871","897"
"8612648","8778961","4","1.0","707943.java","selected","873","899","2599719.java","selected","838","864"
"8778961","22246375","4","1.0","2599719.java","selected","838","864","2481579.java","selected","893","919"
"8778961","13783899","4","1.0","2599719.java","selected","838","864","1966020.java","selected","894","920"
"7132186","8778961","4","1.0","364540.java","selected","871","897","2599719.java","selected","838","864"
"8778961","9693857","4","1.0","2599719.java","selected","838","864","964253.java","selected","874","900"
"8778961","18731110","4","1.0","2599719.java","selected","838","864","2365821.java","selected","874","900"
"1966263","8778961","4","1.0","1483221.java","selected","872","898","2599719.java","selected","838","864"
"8778961","8778962","4","1.0","2599719.java","selected","838","864","2599719.java","selected","874","900"
"411631","8778961","4","1.0","77069.java","default","872","898","2599719.java","selected","838","864"
"8778961","19912848","4","1.0","2599719.java","selected","838","864","419020.java","selected","939","965"
"8778961","21488869","4","1.0","2599719.java","selected","838","864","588446.java","selected","875","901"
"2532322","8778961","4","1.0","244622.java","selected","873","899","2599719.java","selected","838","864"
"8778961","16351776","4","1.0","2599719.java","selected","838","864","1931054.java","selected","874","900"
"4518934","8778961","4","1.0","1496807.java","selected","884","910","2599719.java","selected","838","864"
"948487","8778961","4","1.0","16883.java","default","889","915","2599719.java","selected","838","864"
"8625347","8778961","4","1.0","2429982.java","selected","872","898","2599719.java","selected","838","864"
"4471001","8778961","4","1.0","2229382.java","selected","874","900","2599719.java","selected","838","864"
"8778961","22993368","4","1.0","2599719.java","selected","838","864","2108660.java","selected","959","985"
"8778961","9088423","4","1.0","2599719.java","selected","838","864","2348309.java","selected","790","816"
"11319480","12172484","4","1.0","2430560.java","selected","874","900","1882693.java","selected","837","863"
"12172484","16466520","4","1.0","1882693.java","selected","837","863","1139080.java","selected","881","907"
"12172484","16388708","4","1.0","1882693.java","selected","837","863","1802351.java","selected","874","900"
"12172484","16224018","4","1.0","1882693.java","selected","837","863","110490.java","selected","874","900"
"12172484","14183084","4","1.0","1882693.java","selected","837","863","1103041.java","selected","874","900"
"367771","12172484","4","1.0","122954.java","default","872","898","1882693.java","selected","837","863"
"2711645","12172484","4","1.0","264272.java","selected","790","816","1882693.java","selected","837","863"
"12172484","12172485","4","1.0","1882693.java","selected","837","863","1882693.java","selected","873","899"
"12172484","14317426","4","1.0","1882693.java","selected","837","863","753625.java","selected","790","816"
"1458629","12172484","4","1.0","1511595.java","selected","870","896","1882693.java","selected","837","863"
"12172484","15571542","4","1.0","1882693.java","selected","837","863","1560483.java","selected","790","816"
"250596","12172484","4","1.0","126904.java","default","872","898","1882693.java","selected","837","863"
"10287987","12172484","4","1.0","2215261.java","selected","874","900","1882693.java","selected","837","863"
"6244937","12172484","4","1.0","183804.java","selected","788","814","1882693.java","selected","837","863"
"6061403","12172484","4","1.0","2190287.java","selected","873","899","1882693.java","selected","837","863"
"1421558","12172484","4","1.0","597475.java","selected","874","900","1882693.java","selected","837","863"
"12172484","13902981","4","1.0","1882693.java","selected","837","863","304936.java","selected","871","897"
"8612648","12172484","4","1.0","707943.java","selected","873","899","1882693.java","selected","837","863"
"12172484","22246375","4","1.0","1882693.java","selected","837","863","2481579.java","selected","893","919"
"12172484","13783899","4","1.0","1882693.java","selected","837","863","1966020.java","selected","894","920"
"7132186","12172484","4","1.0","364540.java","selected","871","897","1882693.java","selected","837","863"
"9693857","12172484","4","1.0","964253.java","selected","874","900","1882693.java","selected","837","863"
"12172484","18731110","4","1.0","1882693.java","selected","837","863","2365821.java","selected","874","900"
"1966263","12172484","4","1.0","1483221.java","selected","872","898","1882693.java","selected","837","863"
"8778962","12172484","4","1.0","2599719.java","selected","874","900","1882693.java","selected","837","863"
"411631","12172484","4","1.0","77069.java","default","872","898","1882693.java","selected","837","863"
"12172484","19912848","4","1.0","1882693.java","selected","837","863","419020.java","selected","939","965"
"12172484","21488869","4","1.0","1882693.java","selected","837","863","588446.java","selected","875","901"
"2532322","12172484","4","1.0","244622.java","selected","873","899","1882693.java","selected","837","863"
"12172484","16351776","4","1.0","1882693.java","selected","837","863","1931054.java","selected","874","900"
"4518934","12172484","4","1.0","1496807.java","selected","884","910","1882693.java","selected","837","863"
"948487","12172484","4","1.0","16883.java","default","889","915","1882693.java","selected","837","863"
"8625347","12172484","4","1.0","2429982.java","selected","872","898","1882693.java","selected","837","863"
"4471001","12172484","4","1.0","2229382.java","selected","874","900","1882693.java","selected","837","863"
"12172484","22993368","4","1.0","1882693.java","selected","837","863","2108660.java","selected","959","985"
"9088423","12172484","4","1.0","2348309.java","selected","790","816","1882693.java","selected","837","863"
"14231545","22674018","4","1.0","60744.java","selected","47","57","2059561.java","selected","59","69"
"11370967","23658098","4","1.0","2331814.java","selected","67","73","2566001.java","selected","217","223"
"11319480","15571541","4","1.0","2430560.java","selected","874","900","1560483.java","selected","754","780"
"1458628","11319480","4","1.0","1511595.java","selected","834","860","2430560.java","selected","874","900"
"411630","11319480","4","1.0","77069.java","default","836","862","2430560.java","selected","874","900"
"3768628","11319480","4","1.0","2554952.java","selected","838","864","2430560.java","selected","874","900"
"831649","11319480","4","1.0","85394.java","default","836","862","2430560.java","selected","874","900"
"6814854","11319480","4","1.0","209298.java","selected","804","830","2430560.java","selected","874","900"
"11319480","18623182","4","1.0","2430560.java","selected","874","900","1561076.java","selected","908","934"
"1421557","11319480","4","1.0","597475.java","selected","838","864","2430560.java","selected","874","900"
"11319480","14183083","4","1.0","2430560.java","selected","874","900","1103041.java","selected","838","864"
"11319480","16466519","4","1.0","2430560.java","selected","874","900","1139080.java","selected","845","871"
"11319480","22246374","4","1.0","2430560.java","selected","874","900","2481579.java","selected","857","883"
"250595","11319480","4","1.0","126904.java","default","836","862","2430560.java","selected","874","900"
"7132185","11319480","4","1.0","364540.java","selected","835","861","2430560.java","selected","874","900"
"9693856","11319480","4","1.0","964253.java","selected","838","864","2430560.java","selected","874","900"
"948486","11319480","4","1.0","16883.java","default","853","879","2430560.java","selected","874","900"
"1966262","11319480","4","1.0","1483221.java","selected","836","862","2430560.java","selected","874","900"
"10287986","11319480","4","1.0","2215261.java","selected","838","864","2430560.java","selected","874","900"
"11319480","18731109","4","1.0","2430560.java","selected","874","900","2365821.java","selected","838","864"
"11319480","19142736","4","1.0","2430560.java","selected","874","900","1402632.java","selected","838","864"
"6244936","11319480","4","1.0","183804.java","selected","752","778","2430560.java","selected","874","900"
"11319480","13028546","4","1.0","2430560.java","selected","874","900","593263.java","selected","837","863"
"2532321","11319480","4","1.0","244622.java","selected","837","863","2430560.java","selected","874","900"
"11319479","11319480","4","1.0","2430560.java","selected","838","864","2430560.java","selected","874","900"
"11319480","16388707","4","1.0","2430560.java","selected","874","900","1802351.java","selected","838","864"
"11319480","13902980","4","1.0","2430560.java","selected","874","900","304936.java","selected","835","861"
"8612647","11319480","4","1.0","707943.java","selected","837","863","2430560.java","selected","874","900"
"4518933","11319480","4","1.0","1496807.java","selected","848","874","2430560.java","selected","874","900"
"11319480","12678588","4","1.0","2430560.java","selected","874","900","2510322.java","selected","754","780"
"11319480","21870536","4","1.0","2430560.java","selected","874","900","1876215.java","selected","753","779"
"11319480","11548510","4","1.0","2430560.java","selected","874","900","2640664.java","selected","753","779"
"4471000","11319480","4","1.0","2229382.java","selected","838","864","2430560.java","selected","874","900"
"11319480","17456565","4","1.0","2430560.java","selected","874","900","2038811.java","selected","838","864"
"11319480","19912847","4","1.0","2430560.java","selected","874","900","419020.java","selected","901","927"
"9088422","11319480","4","1.0","2348309.java","selected","754","780","2430560.java","selected","874","900"
"11319480","12614305","4","1.0","2430560.java","selected","874","900","2339370.java","selected","755","781"
"11319480","22993367","4","1.0","2430560.java","selected","874","900","2108660.java","selected","923","949"
"11319480","21488868","4","1.0","2430560.java","selected","874","900","588446.java","selected","839","865"
"6061402","11319480","4","1.0","2190287.java","selected","837","863","2430560.java","selected","874","900"
"8117216","13289545","4","1.0","1574719.java","selected","145","163","1435050.java","selected","199","217"
"8117216","12328424","4","1.0","1574719.java","selected","145","163","1791697.java","selected","70","88"
"15571541","16466520","4","1.0","1560483.java","selected","754","780","1139080.java","selected","881","907"
"15571541","16388708","4","1.0","1560483.java","selected","754","780","1802351.java","selected","874","900"
"15571541","16224018","4","1.0","1560483.java","selected","754","780","110490.java","selected","874","900"
"14183084","15571541","4","1.0","1103041.java","selected","874","900","1560483.java","selected","754","780"
"367771","15571541","4","1.0","122954.java","default","872","898","1560483.java","selected","754","780"
"2711645","15571541","4","1.0","264272.java","selected","790","816","1560483.java","selected","754","780"
"12172485","15571541","4","1.0","1882693.java","selected","873","899","1560483.java","selected","754","780"
"14317426","15571541","4","1.0","753625.java","selected","790","816","1560483.java","selected","754","780"
"1458629","15571541","4","1.0","1511595.java","selected","870","896","1560483.java","selected","754","780"
"15571541","15571542","4","1.0","1560483.java","selected","754","780","1560483.java","selected","790","816"
"250596","15571541","4","1.0","126904.java","default","872","898","1560483.java","selected","754","780"
"10287987","15571541","4","1.0","2215261.java","selected","874","900","1560483.java","selected","754","780"
"6244937","15571541","4","1.0","183804.java","selected","788","814","1560483.java","selected","754","780"
"6061403","15571541","4","1.0","2190287.java","selected","873","899","1560483.java","selected","754","780"
"1421558","15571541","4","1.0","597475.java","selected","874","900","1560483.java","selected","754","780"
"13902981","15571541","4","1.0","304936.java","selected","871","897","1560483.java","selected","754","780"
"8612648","15571541","4","1.0","707943.java","selected","873","899","1560483.java","selected","754","780"
"15571541","22246375","4","1.0","1560483.java","selected","754","780","2481579.java","selected","893","919"
"13783899","15571541","4","1.0","1966020.java","selected","894","920","1560483.java","selected","754","780"
"7132186","15571541","4","1.0","364540.java","selected","871","897","1560483.java","selected","754","780"
"9693857","15571541","4","1.0","964253.java","selected","874","900","1560483.java","selected","754","780"
"15571541","18731110","4","1.0","1560483.java","selected","754","780","2365821.java","selected","874","900"
"1966263","15571541","4","1.0","1483221.java","selected","872","898","1560483.java","selected","754","780"
"8778962","15571541","4","1.0","2599719.java","selected","874","900","1560483.java","selected","754","780"
"411631","15571541","4","1.0","77069.java","default","872","898","1560483.java","selected","754","780"
"15571541","19912848","4","1.0","1560483.java","selected","754","780","419020.java","selected","939","965"
"15571541","21488869","4","1.0","1560483.java","selected","754","780","588446.java","selected","875","901"
"2532322","15571541","4","1.0","244622.java","selected","873","899","1560483.java","selected","754","780"
"15571541","16351776","4","1.0","1560483.java","selected","754","780","1931054.java","selected","874","900"
"4518934","15571541","4","1.0","1496807.java","selected","884","910","1560483.java","selected","754","780"
"948487","15571541","4","1.0","16883.java","default","889","915","1560483.java","selected","754","780"
"8625347","15571541","4","1.0","2429982.java","selected","872","898","1560483.java","selected","754","780"
"4471001","15571541","4","1.0","2229382.java","selected","874","900","1560483.java","selected","754","780"
"15571541","22993368","4","1.0","1560483.java","selected","754","780","2108660.java","selected","959","985"
"9088423","15571541","4","1.0","2348309.java","selected","790","816","1560483.java","selected","754","780"
"1458628","16466520","4","1.0","1511595.java","selected","834","860","1139080.java","selected","881","907"
"411630","16466520","4","1.0","77069.java","default","836","862","1139080.java","selected","881","907"
"3768628","16466520","4","1.0","2554952.java","selected","838","864","1139080.java","selected","881","907"
"831649","16466520","4","1.0","85394.java","default","836","862","1139080.java","selected","881","907"
"6814854","16466520","4","1.0","209298.java","selected","804","830","1139080.java","selected","881","907"
"16466520","18623182","4","1.0","1139080.java","selected","881","907","1561076.java","selected","908","934"
"1421557","16466520","4","1.0","597475.java","selected","838","864","1139080.java","selected","881","907"
"14183083","16466520","4","1.0","1103041.java","selected","838","864","1139080.java","selected","881","907"
"16466519","16466520","4","1.0","1139080.java","selected","845","871","1139080.java","selected","881","907"
"16466520","22246374","4","1.0","1139080.java","selected","881","907","2481579.java","selected","857","883"
"250595","16466520","4","1.0","126904.java","default","836","862","1139080.java","selected","881","907"
"7132185","16466520","4","1.0","364540.java","selected","835","861","1139080.java","selected","881","907"
"9693856","16466520","4","1.0","964253.java","selected","838","864","1139080.java","selected","881","907"
"948486","16466520","4","1.0","16883.java","default","853","879","1139080.java","selected","881","907"
"1966262","16466520","4","1.0","1483221.java","selected","836","862","1139080.java","selected","881","907"
"10287986","16466520","4","1.0","2215261.java","selected","838","864","1139080.java","selected","881","907"
"16466520","18731109","4","1.0","1139080.java","selected","881","907","2365821.java","selected","838","864"
"16466520","19142736","4","1.0","1139080.java","selected","881","907","1402632.java","selected","838","864"
"6244936","16466520","4","1.0","183804.java","selected","752","778","1139080.java","selected","881","907"
"13028546","16466520","4","1.0","593263.java","selected","837","863","1139080.java","selected","881","907"
"2532321","16466520","4","1.0","244622.java","selected","837","863","1139080.java","selected","881","907"
"11319479","16466520","4","1.0","2430560.java","selected","838","864","1139080.java","selected","881","907"
"16388707","16466520","4","1.0","1802351.java","selected","838","864","1139080.java","selected","881","907"
"13902980","16466520","4","1.0","304936.java","selected","835","861","1139080.java","selected","881","907"
"8612647","16466520","4","1.0","707943.java","selected","837","863","1139080.java","selected","881","907"
"4518933","16466520","4","1.0","1496807.java","selected","848","874","1139080.java","selected","881","907"
"12678588","16466520","4","1.0","2510322.java","selected","754","780","1139080.java","selected","881","907"
"16466520","21870536","4","1.0","1139080.java","selected","881","907","1876215.java","selected","753","779"
"11548510","16466520","4","1.0","2640664.java","selected","753","779","1139080.java","selected","881","907"
"4471000","16466520","4","1.0","2229382.java","selected","838","864","1139080.java","selected","881","907"
"16466520","17456565","4","1.0","1139080.java","selected","881","907","2038811.java","selected","838","864"
"16466520","19912847","4","1.0","1139080.java","selected","881","907","419020.java","selected","901","927"
"9088422","16466520","4","1.0","2348309.java","selected","754","780","1139080.java","selected","881","907"
"12614305","16466520","4","1.0","2339370.java","selected","755","781","1139080.java","selected","881","907"
"16466520","22993367","4","1.0","1139080.java","selected","881","907","2108660.java","selected","923","949"
"16466520","21488868","4","1.0","1139080.java","selected","881","907","588446.java","selected","839","865"
"6061402","16466520","4","1.0","2190287.java","selected","837","863","1139080.java","selected","881","907"
"2575374","14598566","4","1.0","2256300.java","selected","15","21","1542784.java","selected","128","134"
"2575374","23058336","4","1.0","2256300.java","selected","15","21","690424.java","selected","14","20"
"2575374","16098010","4","1.0","2256300.java","selected","15","21","2687364.java","selected","24","30"
"2575374","20082006","4","1.0","2256300.java","selected","15","21","1893527.java","selected","47","53"
"2575374","4716110","4","1.0","2256300.java","selected","15","21","1796857.java","selected","36","42"
"12328424","13289545","4","1.0","1791697.java","selected","70","88","1435050.java","selected","199","217"
"1458628","16388708","4","1.0","1511595.java","selected","834","860","1802351.java","selected","874","900"
"1458628","16224018","4","1.0","1511595.java","selected","834","860","110490.java","selected","874","900"
"1458628","14183084","4","1.0","1511595.java","selected","834","860","1103041.java","selected","874","900"
"367771","1458628","4","1.0","122954.java","default","872","898","1511595.java","selected","834","860"
"1458628","2711645","4","1.0","1511595.java","selected","834","860","264272.java","selected","790","816"
"1458628","12172485","4","1.0","1511595.java","selected","834","860","1882693.java","selected","873","899"
"1458628","14317426","4","1.0","1511595.java","selected","834","860","753625.java","selected","790","816"
"1458628","1458629","4","1.0","1511595.java","selected","834","860","1511595.java","selected","870","896"
"1458628","15571542","4","1.0","1511595.java","selected","834","860","1560483.java","selected","790","816"
"250596","1458628","4","1.0","126904.java","default","872","898","1511595.java","selected","834","860"
"1458628","10287987","4","1.0","1511595.java","selected","834","860","2215261.java","selected","874","900"
"1458628","6244937","4","1.0","1511595.java","selected","834","860","183804.java","selected","788","814"
"1458628","6061403","4","1.0","1511595.java","selected","834","860","2190287.java","selected","873","899"
"1421558","1458628","4","1.0","597475.java","selected","874","900","1511595.java","selected","834","860"
"1458628","13902981","4","1.0","1511595.java","selected","834","860","304936.java","selected","871","897"
"1458628","8612648","4","1.0","1511595.java","selected","834","860","707943.java","selected","873","899"
"1458628","22246375","4","1.0","1511595.java","selected","834","860","2481579.java","selected","893","919"
"1458628","13783899","4","1.0","1511595.java","selected","834","860","1966020.java","selected","894","920"
"1458628","7132186","4","1.0","1511595.java","selected","834","860","364540.java","selected","871","897"
"1458628","9693857","4","1.0","1511595.java","selected","834","860","964253.java","selected","874","900"
"1458628","18731110","4","1.0","1511595.java","selected","834","860","2365821.java","selected","874","900"
"1458628","1966263","4","1.0","1511595.java","selected","834","860","1483221.java","selected","872","898"
"1458628","8778962","4","1.0","1511595.java","selected","834","860","2599719.java","selected","874","900"
"411631","1458628","4","1.0","77069.java","default","872","898","1511595.java","selected","834","860"
"1458628","19912848","4","1.0","1511595.java","selected","834","860","419020.java","selected","939","965"
"1458628","21488869","4","1.0","1511595.java","selected","834","860","588446.java","selected","875","901"
"1458628","2532322","4","1.0","1511595.java","selected","834","860","244622.java","selected","873","899"
"1458628","16351776","4","1.0","1511595.java","selected","834","860","1931054.java","selected","874","900"
"1458628","4518934","4","1.0","1511595.java","selected","834","860","1496807.java","selected","884","910"
"948487","1458628","4","1.0","16883.java","default","889","915","1511595.java","selected","834","860"
"1458628","8625347","4","1.0","1511595.java","selected","834","860","2429982.java","selected","872","898"
"1458628","4471001","4","1.0","1511595.java","selected","834","860","2229382.java","selected","874","900"
"1458628","22993368","4","1.0","1511595.java","selected","834","860","2108660.java","selected","959","985"
"1458628","9088423","4","1.0","1511595.java","selected","834","860","2348309.java","selected","790","816"
"7976872","17534703","4","1.0","1144005.java","selected","142","184","226776.java","selected","20","62"
"7726775","10545755","4","1.0","1300439.java","selected","522","531","2327363.java","selected","451","460"
"411630","16388708","4","1.0","77069.java","default","836","862","1802351.java","selected","874","900"
"3768628","16388708","4","1.0","2554952.java","selected","838","864","1802351.java","selected","874","900"
"831649","16388708","4","1.0","85394.java","default","836","862","1802351.java","selected","874","900"
"6814854","16388708","4","1.0","209298.java","selected","804","830","1802351.java","selected","874","900"
"16388708","18623182","4","1.0","1802351.java","selected","874","900","1561076.java","selected","908","934"
"1421557","16388708","4","1.0","597475.java","selected","838","864","1802351.java","selected","874","900"
"14183083","16388708","4","1.0","1103041.java","selected","838","864","1802351.java","selected","874","900"
"16388708","16466519","4","1.0","1802351.java","selected","874","900","1139080.java","selected","845","871"
"16388708","22246374","4","1.0","1802351.java","selected","874","900","2481579.java","selected","857","883"
"250595","16388708","4","1.0","126904.java","default","836","862","1802351.java","selected","874","900"
"7132185","16388708","4","1.0","364540.java","selected","835","861","1802351.java","selected","874","900"
"9693856","16388708","4","1.0","964253.java","selected","838","864","1802351.java","selected","874","900"
"948486","16388708","4","1.0","16883.java","default","853","879","1802351.java","selected","874","900"
"1966262","16388708","4","1.0","1483221.java","selected","836","862","1802351.java","selected","874","900"
"10287986","16388708","4","1.0","2215261.java","selected","838","864","1802351.java","selected","874","900"
"16388708","18731109","4","1.0","1802351.java","selected","874","900","2365821.java","selected","838","864"
"16388708","19142736","4","1.0","1802351.java","selected","874","900","1402632.java","selected","838","864"
"6244936","16388708","4","1.0","183804.java","selected","752","778","1802351.java","selected","874","900"
"13028546","16388708","4","1.0","593263.java","selected","837","863","1802351.java","selected","874","900"
"2532321","16388708","4","1.0","244622.java","selected","837","863","1802351.java","selected","874","900"
"11319479","16388708","4","1.0","2430560.java","selected","838","864","1802351.java","selected","874","900"
"16388707","16388708","4","1.0","1802351.java","selected","838","864","1802351.java","selected","874","900"
"13902980","16388708","4","1.0","304936.java","selected","835","861","1802351.java","selected","874","900"
"8612647","16388708","4","1.0","707943.java","selected","837","863","1802351.java","selected","874","900"
"4518933","16388708","4","1.0","1496807.java","selected","848","874","1802351.java","selected","874","900"
"12678588","16388708","4","1.0","2510322.java","selected","754","780","1802351.java","selected","874","900"
"16388708","21870536","4","1.0","1802351.java","selected","874","900","1876215.java","selected","753","779"
"11548510","16388708","4","1.0","2640664.java","selected","753","779","1802351.java","selected","874","900"
"4471000","16388708","4","1.0","2229382.java","selected","838","864","1802351.java","selected","874","900"
"16388708","17456565","4","1.0","1802351.java","selected","874","900","2038811.java","selected","838","864"
"16388708","19912847","4","1.0","1802351.java","selected","874","900","419020.java","selected","901","927"
"9088422","16388708","4","1.0","2348309.java","selected","754","780","1802351.java","selected","874","900"
"12614305","16388708","4","1.0","2339370.java","selected","755","781","1802351.java","selected","874","900"
"16388708","22993367","4","1.0","1802351.java","selected","874","900","2108660.java","selected","923","949"
"16388708","21488868","4","1.0","1802351.java","selected","874","900","588446.java","selected","839","865"
"6061402","16388708","4","1.0","2190287.java","selected","837","863","1802351.java","selected","874","900"
"411630","16224018","4","1.0","77069.java","default","836","862","110490.java","selected","874","900"
"411630","14183084","4","1.0","77069.java","default","836","862","1103041.java","selected","874","900"
"367771","411630","4","1.0","122954.java","default","872","898","77069.java","default","836","862"
"411630","2711645","4","1.0","77069.java","default","836","862","264272.java","selected","790","816"
"411630","12172485","4","1.0","77069.java","default","836","862","1882693.java","selected","873","899"
"411630","14317426","4","1.0","77069.java","default","836","862","753625.java","selected","790","816"
"411630","1458629","4","1.0","77069.java","default","836","862","1511595.java","selected","870","896"
"411630","15571542","4","1.0","77069.java","default","836","862","1560483.java","selected","790","816"
"250596","411630","4","1.0","126904.java","default","872","898","77069.java","default","836","862"
"411630","10287987","4","1.0","77069.java","default","836","862","2215261.java","selected","874","900"
"411630","6244937","4","1.0","77069.java","default","836","862","183804.java","selected","788","814"
"411630","6061403","4","1.0","77069.java","default","836","862","2190287.java","selected","873","899"
"411630","1421558","4","1.0","77069.java","default","836","862","597475.java","selected","874","900"
"411630","13902981","4","1.0","77069.java","default","836","862","304936.java","selected","871","897"
"411630","8612648","4","1.0","77069.java","default","836","862","707943.java","selected","873","899"
"411630","22246375","4","1.0","77069.java","default","836","862","2481579.java","selected","893","919"
"411630","13783899","4","1.0","77069.java","default","836","862","1966020.java","selected","894","920"
"411630","7132186","4","1.0","77069.java","default","836","862","364540.java","selected","871","897"
"411630","9693857","4","1.0","77069.java","default","836","862","964253.java","selected","874","900"
"411630","18731110","4","1.0","77069.java","default","836","862","2365821.java","selected","874","900"
"411630","1966263","4","1.0","77069.java","default","836","862","1483221.java","selected","872","898"
"411630","8778962","4","1.0","77069.java","default","836","862","2599719.java","selected","874","900"
"411630","411631","4","1.0","77069.java","default","836","862","77069.java","default","872","898"
"411630","19912848","4","1.0","77069.java","default","836","862","419020.java","selected","939","965"
"411630","21488869","4","1.0","77069.java","default","836","862","588446.java","selected","875","901"
"411630","2532322","4","1.0","77069.java","default","836","862","244622.java","selected","873","899"
"411630","16351776","4","1.0","77069.java","default","836","862","1931054.java","selected","874","900"
"411630","4518934","4","1.0","77069.java","default","836","862","1496807.java","selected","884","910"
"411630","948487","4","1.0","77069.java","default","836","862","16883.java","default","889","915"
"411630","8625347","4","1.0","77069.java","default","836","862","2429982.java","selected","872","898"
"411630","4471001","4","1.0","77069.java","default","836","862","2229382.java","selected","874","900"
"411630","22993368","4","1.0","77069.java","default","836","862","2108660.java","selected","959","985"
"411630","9088423","4","1.0","77069.java","default","836","862","2348309.java","selected","790","816"
"3768628","16224018","4","1.0","2554952.java","selected","838","864","110490.java","selected","874","900"
"831649","16224018","4","1.0","85394.java","default","836","862","110490.java","selected","874","900"
"6814854","16224018","4","1.0","209298.java","selected","804","830","110490.java","selected","874","900"
"16224018","18623182","4","1.0","110490.java","selected","874","900","1561076.java","selected","908","934"
"1421557","16224018","4","1.0","597475.java","selected","838","864","110490.java","selected","874","900"
"14183083","16224018","4","1.0","1103041.java","selected","838","864","110490.java","selected","874","900"
"16224018","16466519","4","1.0","110490.java","selected","874","900","1139080.java","selected","845","871"
"16224018","22246374","4","1.0","110490.java","selected","874","900","2481579.java","selected","857","883"
"250595","16224018","4","1.0","126904.java","default","836","862","110490.java","selected","874","900"
"7132185","16224018","4","1.0","364540.java","selected","835","861","110490.java","selected","874","900"
"9693856","16224018","4","1.0","964253.java","selected","838","864","110490.java","selected","874","900"
"948486","16224018","4","1.0","16883.java","default","853","879","110490.java","selected","874","900"
"1966262","16224018","4","1.0","1483221.java","selected","836","862","110490.java","selected","874","900"
"10287986","16224018","4","1.0","2215261.java","selected","838","864","110490.java","selected","874","900"
"16224018","18731109","4","1.0","110490.java","selected","874","900","2365821.java","selected","838","864"
"16224018","19142736","4","1.0","110490.java","selected","874","900","1402632.java","selected","838","864"
"6244936","16224018","4","1.0","183804.java","selected","752","778","110490.java","selected","874","900"
"13028546","16224018","4","1.0","593263.java","selected","837","863","110490.java","selected","874","900"
"2532321","16224018","4","1.0","244622.java","selected","837","863","110490.java","selected","874","900"
"11319479","16224018","4","1.0","2430560.java","selected","838","864","110490.java","selected","874","900"
"16224018","16388707","4","1.0","110490.java","selected","874","900","1802351.java","selected","838","864"
"13902980","16224018","4","1.0","304936.java","selected","835","861","110490.java","selected","874","900"
"8612647","16224018","4","1.0","707943.java","selected","837","863","110490.java","selected","874","900"
"4518933","16224018","4","1.0","1496807.java","selected","848","874","110490.java","selected","874","900"
"12678588","16224018","4","1.0","2510322.java","selected","754","780","110490.java","selected","874","900"
"16224018","21870536","4","1.0","110490.java","selected","874","900","1876215.java","selected","753","779"
"11548510","16224018","4","1.0","2640664.java","selected","753","779","110490.java","selected","874","900"
"4471000","16224018","4","1.0","2229382.java","selected","838","864","110490.java","selected","874","900"
"16224018","17456565","4","1.0","110490.java","selected","874","900","2038811.java","selected","838","864"
"16224018","19912847","4","1.0","110490.java","selected","874","900","419020.java","selected","901","927"
"9088422","16224018","4","1.0","2348309.java","selected","754","780","110490.java","selected","874","900"
"12614305","16224018","4","1.0","2339370.java","selected","755","781","110490.java","selected","874","900"
"16224018","22993367","4","1.0","110490.java","selected","874","900","2108660.java","selected","923","949"
"16224018","21488868","4","1.0","110490.java","selected","874","900","588446.java","selected","839","865"
"6061402","16224018","4","1.0","2190287.java","selected","837","863","110490.java","selected","874","900"
"3768628","14183084","4","1.0","2554952.java","selected","838","864","1103041.java","selected","874","900"
"831649","14183084","4","1.0","85394.java","default","836","862","1103041.java","selected","874","900"
"6814854","14183084","4","1.0","209298.java","selected","804","830","1103041.java","selected","874","900"
"14183084","18623182","4","1.0","1103041.java","selected","874","900","1561076.java","selected","908","934"
"1421557","14183084","4","1.0","597475.java","selected","838","864","1103041.java","selected","874","900"
"14183083","14183084","4","1.0","1103041.java","selected","838","864","1103041.java","selected","874","900"
"14183084","16466519","4","1.0","1103041.java","selected","874","900","1139080.java","selected","845","871"
"14183084","22246374","4","1.0","1103041.java","selected","874","900","2481579.java","selected","857","883"
"250595","14183084","4","1.0","126904.java","default","836","862","1103041.java","selected","874","900"
"7132185","14183084","4","1.0","364540.java","selected","835","861","1103041.java","selected","874","900"
"9693856","14183084","4","1.0","964253.java","selected","838","864","1103041.java","selected","874","900"
"948486","14183084","4","1.0","16883.java","default","853","879","1103041.java","selected","874","900"
"1966262","14183084","4","1.0","1483221.java","selected","836","862","1103041.java","selected","874","900"
"10287986","14183084","4","1.0","2215261.java","selected","838","864","1103041.java","selected","874","900"
"14183084","18731109","4","1.0","1103041.java","selected","874","900","2365821.java","selected","838","864"
"14183084","19142736","4","1.0","1103041.java","selected","874","900","1402632.java","selected","838","864"
"6244936","14183084","4","1.0","183804.java","selected","752","778","1103041.java","selected","874","900"
"13028546","14183084","4","1.0","593263.java","selected","837","863","1103041.java","selected","874","900"
"2532321","14183084","4","1.0","244622.java","selected","837","863","1103041.java","selected","874","900"
"11319479","14183084","4","1.0","2430560.java","selected","838","864","1103041.java","selected","874","900"
"14183084","16388707","4","1.0","1103041.java","selected","874","900","1802351.java","selected","838","864"
"13902980","14183084","4","1.0","304936.java","selected","835","861","1103041.java","selected","874","900"
"8612647","14183084","4","1.0","707943.java","selected","837","863","1103041.java","selected","874","900"
"4518933","14183084","4","1.0","1496807.java","selected","848","874","1103041.java","selected","874","900"
"12678588","14183084","4","1.0","2510322.java","selected","754","780","1103041.java","selected","874","900"
"14183084","21870536","4","1.0","1103041.java","selected","874","900","1876215.java","selected","753","779"
"11548510","14183084","4","1.0","2640664.java","selected","753","779","1103041.java","selected","874","900"
"4471000","14183084","4","1.0","2229382.java","selected","838","864","1103041.java","selected","874","900"
"14183084","17456565","4","1.0","1103041.java","selected","874","900","2038811.java","selected","838","864"
"14183084","19912847","4","1.0","1103041.java","selected","874","900","419020.java","selected","901","927"
"9088422","14183084","4","1.0","2348309.java","selected","754","780","1103041.java","selected","874","900"
"12614305","14183084","4","1.0","2339370.java","selected","755","781","1103041.java","selected","874","900"
"14183084","22993367","4","1.0","1103041.java","selected","874","900","2108660.java","selected","923","949"
"14183084","21488868","4","1.0","1103041.java","selected","874","900","588446.java","selected","839","865"
"6061402","14183084","4","1.0","2190287.java","selected","837","863","1103041.java","selected","874","900"
"367771","3768628","4","1.0","122954.java","default","872","898","2554952.java","selected","838","864"
"2711645","3768628","4","1.0","264272.java","selected","790","816","2554952.java","selected","838","864"
"3768628","12172485","4","1.0","2554952.java","selected","838","864","1882693.java","selected","873","899"
"3768628","14317426","4","1.0","2554952.java","selected","838","864","753625.java","selected","790","816"
"1458629","3768628","4","1.0","1511595.java","selected","870","896","2554952.java","selected","838","864"
"3768628","15571542","4","1.0","2554952.java","selected","838","864","1560483.java","selected","790","816"
"250596","3768628","4","1.0","126904.java","default","872","898","2554952.java","selected","838","864"
"3768628","10287987","4","1.0","2554952.java","selected","838","864","2215261.java","selected","874","900"
"3768628","6244937","4","1.0","2554952.java","selected","838","864","183804.java","selected","788","814"
"3768628","6061403","4","1.0","2554952.java","selected","838","864","2190287.java","selected","873","899"
"1421558","3768628","4","1.0","597475.java","selected","874","900","2554952.java","selected","838","864"
"3768628","13902981","4","1.0","2554952.java","selected","838","864","304936.java","selected","871","897"
"3768628","8612648","4","1.0","2554952.java","selected","838","864","707943.java","selected","873","899"
"3768628","22246375","4","1.0","2554952.java","selected","838","864","2481579.java","selected","893","919"
"3768628","13783899","4","1.0","2554952.java","selected","838","864","1966020.java","selected","894","920"
"3768628","7132186","4","1.0","2554952.java","selected","838","864","364540.java","selected","871","897"
"3768628","9693857","4","1.0","2554952.java","selected","838","864","964253.java","selected","874","900"
"3768628","18731110","4","1.0","2554952.java","selected","838","864","2365821.java","selected","874","900"
"1966263","3768628","4","1.0","1483221.java","selected","872","898","2554952.java","selected","838","864"
"3768628","8778962","4","1.0","2554952.java","selected","838","864","2599719.java","selected","874","900"
"411631","3768628","4","1.0","77069.java","default","872","898","2554952.java","selected","838","864"
"3768628","19912848","4","1.0","2554952.java","selected","838","864","419020.java","selected","939","965"
"3768628","21488869","4","1.0","2554952.java","selected","838","864","588446.java","selected","875","901"
"2532322","3768628","4","1.0","244622.java","selected","873","899","2554952.java","selected","838","864"
"3768628","16351776","4","1.0","2554952.java","selected","838","864","1931054.java","selected","874","900"
"3768628","4518934","4","1.0","2554952.java","selected","838","864","1496807.java","selected","884","910"
"948487","3768628","4","1.0","16883.java","default","889","915","2554952.java","selected","838","864"
"3768628","8625347","4","1.0","2554952.java","selected","838","864","2429982.java","selected","872","898"
"3768628","4471001","4","1.0","2554952.java","selected","838","864","2229382.java","selected","874","900"
"3768628","22993368","4","1.0","2554952.java","selected","838","864","2108660.java","selected","959","985"
"3768628","9088423","4","1.0","2554952.java","selected","838","864","2348309.java","selected","790","816"
"367771","831649","4","1.0","122954.java","default","872","898","85394.java","default","836","862"
"831649","2711645","4","1.0","85394.java","default","836","862","264272.java","selected","790","816"
"831649","12172485","4","1.0","85394.java","default","836","862","1882693.java","selected","873","899"
"831649","14317426","4","1.0","85394.java","default","836","862","753625.java","selected","790","816"
"831649","1458629","4","1.0","85394.java","default","836","862","1511595.java","selected","870","896"
"831649","15571542","4","1.0","85394.java","default","836","862","1560483.java","selected","790","816"
"250596","831649","4","1.0","126904.java","default","872","898","85394.java","default","836","862"
"831649","10287987","4","1.0","85394.java","default","836","862","2215261.java","selected","874","900"
"831649","6244937","4","1.0","85394.java","default","836","862","183804.java","selected","788","814"
"831649","6061403","4","1.0","85394.java","default","836","862","2190287.java","selected","873","899"
"831649","1421558","4","1.0","85394.java","default","836","862","597475.java","selected","874","900"
"831649","13902981","4","1.0","85394.java","default","836","862","304936.java","selected","871","897"
"831649","8612648","4","1.0","85394.java","default","836","862","707943.java","selected","873","899"
"831649","22246375","4","1.0","85394.java","default","836","862","2481579.java","selected","893","919"
"831649","13783899","4","1.0","85394.java","default","836","862","1966020.java","selected","894","920"
"831649","7132186","4","1.0","85394.java","default","836","862","364540.java","selected","871","897"
"831649","9693857","4","1.0","85394.java","default","836","862","964253.java","selected","874","900"
"831649","18731110","4","1.0","85394.java","default","836","862","2365821.java","selected","874","900"
"831649","1966263","4","1.0","85394.java","default","836","862","1483221.java","selected","872","898"
"831649","8778962","4","1.0","85394.java","default","836","862","2599719.java","selected","874","900"
"411631","831649","4","1.0","77069.java","default","872","898","85394.java","default","836","862"
"831649","19912848","4","1.0","85394.java","default","836","862","419020.java","selected","939","965"
"831649","21488869","4","1.0","85394.java","default","836","862","588446.java","selected","875","901"
"831649","2532322","4","1.0","85394.java","default","836","862","244622.java","selected","873","899"
"831649","16351776","4","1.0","85394.java","default","836","862","1931054.java","selected","874","900"
"831649","4518934","4","1.0","85394.java","default","836","862","1496807.java","selected","884","910"
"831649","948487","4","1.0","85394.java","default","836","862","16883.java","default","889","915"
"831649","8625347","4","1.0","85394.java","default","836","862","2429982.java","selected","872","898"
"831649","4471001","4","1.0","85394.java","default","836","862","2229382.java","selected","874","900"
"831649","22993368","4","1.0","85394.java","default","836","862","2108660.java","selected","959","985"
"831649","9088423","4","1.0","85394.java","default","836","862","2348309.java","selected","790","816"
"19849797","21177597","4","1.0","926926.java","selected","63","81","572754.java","selected","19","37"
"6751999","19035955","4","1.0","2250750.java","selected","13","21","1710243.java","selected","13","21"
"14598566","23058336","4","1.0","1542784.java","selected","128","134","690424.java","selected","14","20"
"14598566","16098010","4","1.0","1542784.java","selected","128","134","2687364.java","selected","24","30"
"14598566","20082006","4","1.0","1542784.java","selected","128","134","1893527.java","selected","47","53"
"4716110","14598566","4","1.0","1796857.java","selected","36","42","1542784.java","selected","128","134"
"3325456","8489742","4","1.0","273144.java","selected","504","513","594064.java","selected","15","24"
"3325456","18748516","4","1.0","273144.java","selected","504","513","351570.java","selected","83","92"
"4385640","21177597","4","1.0","1234284.java","selected","70","88","572754.java","selected","19","37"
"21177597","23069799","4","1.0","572754.java","selected","19","37","169032.java","selected","187","205"
"18741084","21177597","4","1.0","138213.java","selected","35","53","572754.java","selected","19","37"
"17097179","21177597","4","1.0","2364800.java","selected","70","88","572754.java","selected","19","37"
"3419825","21177597","4","1.0","1921449.java","selected","65","83","572754.java","selected","19","37"
"20085210","21177597","4","1.0","2556943.java","selected","11","29","572754.java","selected","19","37"
"11965514","17258629","4","1.0","977341.java","selected","128","136","2115494.java","selected","93","101"
"367771","6814854","4","1.0","122954.java","default","872","898","209298.java","selected","804","830"
"367771","18623182","4","1.0","122954.java","default","872","898","1561076.java","selected","908","934"
"367771","1421557","4","1.0","122954.java","default","872","898","597475.java","selected","838","864"
"367771","14183083","4","1.0","122954.java","default","872","898","1103041.java","selected","838","864"
"367771","16466519","4","1.0","122954.java","default","872","898","1139080.java","selected","845","871"
"367771","22246374","4","1.0","122954.java","default","872","898","2481579.java","selected","857","883"
"250595","367771","4","1.0","126904.java","default","836","862","122954.java","default","872","898"
"367771","7132185","4","1.0","122954.java","default","872","898","364540.java","selected","835","861"
"367771","9693856","4","1.0","122954.java","default","872","898","964253.java","selected","838","864"
"367771","948486","4","1.0","122954.java","default","872","898","16883.java","default","853","879"
"367771","1966262","4","1.0","122954.java","default","872","898","1483221.java","selected","836","862"
"367771","10287986","4","1.0","122954.java","default","872","898","2215261.java","selected","838","864"
"367771","18731109","4","1.0","122954.java","default","872","898","2365821.java","selected","838","864"
"367771","19142736","4","1.0","122954.java","default","872","898","1402632.java","selected","838","864"
"367771","6244936","4","1.0","122954.java","default","872","898","183804.java","selected","752","778"
"367771","13028546","4","1.0","122954.java","default","872","898","593263.java","selected","837","863"
"367771","2532321","4","1.0","122954.java","default","872","898","244622.java","selected","837","863"
"367771","11319479","4","1.0","122954.java","default","872","898","2430560.java","selected","838","864"
"367771","16388707","4","1.0","122954.java","default","872","898","1802351.java","selected","838","864"
"367771","13902980","4","1.0","122954.java","default","872","898","304936.java","selected","835","861"
"367771","8612647","4","1.0","122954.java","default","872","898","707943.java","selected","837","863"
"367771","4518933","4","1.0","122954.java","default","872","898","1496807.java","selected","848","874"
"367771","12678588","4","1.0","122954.java","default","872","898","2510322.java","selected","754","780"
"367771","21870536","4","1.0","122954.java","default","872","898","1876215.java","selected","753","779"
"367771","11548510","4","1.0","122954.java","default","872","898","2640664.java","selected","753","779"
"367771","4471000","4","1.0","122954.java","default","872","898","2229382.java","selected","838","864"
"367771","17456565","4","1.0","122954.java","default","872","898","2038811.java","selected","838","864"
"367771","19912847","4","1.0","122954.java","default","872","898","419020.java","selected","901","927"
"367771","9088422","4","1.0","122954.java","default","872","898","2348309.java","selected","754","780"
"367771","12614305","4","1.0","122954.java","default","872","898","2339370.java","selected","755","781"
"367771","22993367","4","1.0","122954.java","default","872","898","2108660.java","selected","923","949"
"367771","21488868","4","1.0","122954.java","default","872","898","588446.java","selected","839","865"
"367771","6061402","4","1.0","122954.java","default","872","898","2190287.java","selected","837","863"
"12473411","23494305","4","1.0","1317500.java","selected","121","131","941488.java","selected","297","307"
"11776522","15299682","4","1.0","2087427.java","selected","48","73","1275361.java","selected","48","73"
"7976872","19993993","4","1.0","1144005.java","selected","142","184","1208371.java","selected","105","147"
"3672328","19290859","4","1.0","1623414.java","selected","34","40","464186.java","selected","27","33"
"3672328","18542300","4","1.0","1623414.java","selected","34","40","999982.java","selected","18","24"
"3672328","17857284","4","1.0","1623414.java","selected","34","40","685601.java","selected","89","95"
"2711645","6814854","4","1.0","264272.java","selected","790","816","209298.java","selected","804","830"
"6814854","12172485","4","1.0","209298.java","selected","804","830","1882693.java","selected","873","899"
"6814854","14317426","4","1.0","209298.java","selected","804","830","753625.java","selected","790","816"
"1458629","6814854","4","1.0","1511595.java","selected","870","896","209298.java","selected","804","830"
"6814854","15571542","4","1.0","209298.java","selected","804","830","1560483.java","selected","790","816"
"250596","6814854","4","1.0","126904.java","default","872","898","209298.java","selected","804","830"
"6814854","10287987","4","1.0","209298.java","selected","804","830","2215261.java","selected","874","900"
"6244937","6814854","4","1.0","183804.java","selected","788","814","209298.java","selected","804","830"
"6061403","6814854","4","1.0","2190287.java","selected","873","899","209298.java","selected","804","830"
"1421558","6814854","4","1.0","597475.java","selected","874","900","209298.java","selected","804","830"
"6814854","13902981","4","1.0","209298.java","selected","804","830","304936.java","selected","871","897"
"6814854","8612648","4","1.0","209298.java","selected","804","830","707943.java","selected","873","899"
"6814854","22246375","4","1.0","209298.java","selected","804","830","2481579.java","selected","893","919"
"6814854","13783899","4","1.0","209298.java","selected","804","830","1966020.java","selected","894","920"
"6814854","7132186","4","1.0","209298.java","selected","804","830","364540.java","selected","871","897"
"6814854","9693857","4","1.0","209298.java","selected","804","830","964253.java","selected","874","900"
"6814854","18731110","4","1.0","209298.java","selected","804","830","2365821.java","selected","874","900"
"1966263","6814854","4","1.0","1483221.java","selected","872","898","209298.java","selected","804","830"
"6814854","8778962","4","1.0","209298.java","selected","804","830","2599719.java","selected","874","900"
"411631","6814854","4","1.0","77069.java","default","872","898","209298.java","selected","804","830"
"6814854","19912848","4","1.0","209298.java","selected","804","830","419020.java","selected","939","965"
"6814854","21488869","4","1.0","209298.java","selected","804","830","588446.java","selected","875","901"
"2532322","6814854","4","1.0","244622.java","selected","873","899","209298.java","selected","804","830"
"6814854","16351776","4","1.0","209298.java","selected","804","830","1931054.java","selected","874","900"
"4518934","6814854","4","1.0","1496807.java","selected","884","910","209298.java","selected","804","830"
"948487","6814854","4","1.0","16883.java","default","889","915","209298.java","selected","804","830"
"6814854","8625347","4","1.0","209298.java","selected","804","830","2429982.java","selected","872","898"
"4471001","6814854","4","1.0","2229382.java","selected","874","900","209298.java","selected","804","830"
"6814854","22993368","4","1.0","209298.java","selected","804","830","2108660.java","selected","959","985"
"6814854","9088423","4","1.0","209298.java","selected","804","830","2348309.java","selected","790","816"
"2711645","18623182","4","1.0","264272.java","selected","790","816","1561076.java","selected","908","934"
"12172485","18623182","4","1.0","1882693.java","selected","873","899","1561076.java","selected","908","934"
"14317426","18623182","4","1.0","753625.java","selected","790","816","1561076.java","selected","908","934"
"1458629","18623182","4","1.0","1511595.java","selected","870","896","1561076.java","selected","908","934"
"15571542","18623182","4","1.0","1560483.java","selected","790","816","1561076.java","selected","908","934"
"250596","18623182","4","1.0","126904.java","default","872","898","1561076.java","selected","908","934"
"10287987","18623182","4","1.0","2215261.java","selected","874","900","1561076.java","selected","908","934"
"6244937","18623182","4","1.0","183804.java","selected","788","814","1561076.java","selected","908","934"
"6061403","18623182","4","1.0","2190287.java","selected","873","899","1561076.java","selected","908","934"
"1421558","18623182","4","1.0","597475.java","selected","874","900","1561076.java","selected","908","934"
"13902981","18623182","4","1.0","304936.java","selected","871","897","1561076.java","selected","908","934"
"8612648","18623182","4","1.0","707943.java","selected","873","899","1561076.java","selected","908","934"
"18623182","22246375","4","1.0","1561076.java","selected","908","934","2481579.java","selected","893","919"
"13783899","18623182","4","1.0","1966020.java","selected","894","920","1561076.java","selected","908","934"
"7132186","18623182","4","1.0","364540.java","selected","871","897","1561076.java","selected","908","934"
"9693857","18623182","4","1.0","964253.java","selected","874","900","1561076.java","selected","908","934"
"18623182","18731110","4","1.0","1561076.java","selected","908","934","2365821.java","selected","874","900"
"1966263","18623182","4","1.0","1483221.java","selected","872","898","1561076.java","selected","908","934"
"8778962","18623182","4","1.0","2599719.java","selected","874","900","1561076.java","selected","908","934"
"411631","18623182","4","1.0","77069.java","default","872","898","1561076.java","selected","908","934"
"18623182","19912848","4","1.0","1561076.java","selected","908","934","419020.java","selected","939","965"
"18623182","21488869","4","1.0","1561076.java","selected","908","934","588446.java","selected","875","901"
"2532322","18623182","4","1.0","244622.java","selected","873","899","1561076.java","selected","908","934"
"16351776","18623182","4","1.0","1931054.java","selected","874","900","1561076.java","selected","908","934"
"4518934","18623182","4","1.0","1496807.java","selected","884","910","1561076.java","selected","908","934"
"948487","18623182","4","1.0","16883.java","default","889","915","1561076.java","selected","908","934"
"8625347","18623182","4","1.0","2429982.java","selected","872","898","1561076.java","selected","908","934"
"4471001","18623182","4","1.0","2229382.java","selected","874","900","1561076.java","selected","908","934"
"18623182","22993368","4","1.0","1561076.java","selected","908","934","2108660.java","selected","959","985"
"9088423","18623182","4","1.0","2348309.java","selected","790","816","1561076.java","selected","908","934"
"12626917","12626918","4","1.0","1982357.java","selected","17","24","1982357.java","selected","26","33"
"1421557","2711645","4","1.0","597475.java","selected","838","864","264272.java","selected","790","816"
"2711645","14183083","4","1.0","264272.java","selected","790","816","1103041.java","selected","838","864"
"2711645","16466519","4","1.0","264272.java","selected","790","816","1139080.java","selected","845","871"
"2711645","22246374","4","1.0","264272.java","selected","790","816","2481579.java","selected","857","883"
"250595","2711645","4","1.0","126904.java","default","836","862","264272.java","selected","790","816"
"2711645","7132185","4","1.0","264272.java","selected","790","816","364540.java","selected","835","861"
"2711645","9693856","4","1.0","264272.java","selected","790","816","964253.java","selected","838","864"
"948486","2711645","4","1.0","16883.java","default","853","879","264272.java","selected","790","816"
"1966262","2711645","4","1.0","1483221.java","selected","836","862","264272.java","selected","790","816"
"2711645","10287986","4","1.0","264272.java","selected","790","816","2215261.java","selected","838","864"
"2711645","18731109","4","1.0","264272.java","selected","790","816","2365821.java","selected","838","864"
"2711645","19142736","4","1.0","264272.java","selected","790","816","1402632.java","selected","838","864"
"2711645","6244936","4","1.0","264272.java","selected","790","816","183804.java","selected","752","778"
"2711645","13028546","4","1.0","264272.java","selected","790","816","593263.java","selected","837","863"
"2532321","2711645","4","1.0","244622.java","selected","837","863","264272.java","selected","790","816"
"2711645","11319479","4","1.0","264272.java","selected","790","816","2430560.java","selected","838","864"
"2711645","16388707","4","1.0","264272.java","selected","790","816","1802351.java","selected","838","864"
"2711645","13902980","4","1.0","264272.java","selected","790","816","304936.java","selected","835","861"
"2711645","8612647","4","1.0","264272.java","selected","790","816","707943.java","selected","837","863"
"2711645","4518933","4","1.0","264272.java","selected","790","816","1496807.java","selected","848","874"
"2711645","12678588","4","1.0","264272.java","selected","790","816","2510322.java","selected","754","780"
"2711645","21870536","4","1.0","264272.java","selected","790","816","1876215.java","selected","753","779"
"2711645","11548510","4","1.0","264272.java","selected","790","816","2640664.java","selected","753","779"
"2711645","4471000","4","1.0","264272.java","selected","790","816","2229382.java","selected","838","864"
"2711645","17456565","4","1.0","264272.java","selected","790","816","2038811.java","selected","838","864"
"2711645","19912847","4","1.0","264272.java","selected","790","816","419020.java","selected","901","927"
"2711645","9088422","4","1.0","264272.java","selected","790","816","2348309.java","selected","754","780"
"2711645","12614305","4","1.0","264272.java","selected","790","816","2339370.java","selected","755","781"
"2711645","22993367","4","1.0","264272.java","selected","790","816","2108660.java","selected","923","949"
"2711645","21488868","4","1.0","264272.java","selected","790","816","588446.java","selected","839","865"
"2711645","6061402","4","1.0","264272.java","selected","790","816","2190287.java","selected","837","863"
"5523389","16924659","4","1.0","1823751.java","selected","50","58","2455851.java","selected","855","863"
"1421557","12172485","4","1.0","597475.java","selected","838","864","1882693.java","selected","873","899"
"1421557","14317426","4","1.0","597475.java","selected","838","864","753625.java","selected","790","816"
"1421557","1458629","4","1.0","597475.java","selected","838","864","1511595.java","selected","870","896"
"1421557","15571542","4","1.0","597475.java","selected","838","864","1560483.java","selected","790","816"
"250596","1421557","4","1.0","126904.java","default","872","898","597475.java","selected","838","864"
"1421557","10287987","4","1.0","597475.java","selected","838","864","2215261.java","selected","874","900"
"1421557","6244937","4","1.0","597475.java","selected","838","864","183804.java","selected","788","814"
"1421557","6061403","4","1.0","597475.java","selected","838","864","2190287.java","selected","873","899"
"1421557","1421558","4","1.0","597475.java","selected","838","864","597475.java","selected","874","900"
"1421557","13902981","4","1.0","597475.java","selected","838","864","304936.java","selected","871","897"
"1421557","8612648","4","1.0","597475.java","selected","838","864","707943.java","selected","873","899"
"1421557","22246375","4","1.0","597475.java","selected","838","864","2481579.java","selected","893","919"
"1421557","13783899","4","1.0","597475.java","selected","838","864","1966020.java","selected","894","920"
"1421557","7132186","4","1.0","597475.java","selected","838","864","364540.java","selected","871","897"
"1421557","9693857","4","1.0","597475.java","selected","838","864","964253.java","selected","874","900"
"1421557","18731110","4","1.0","597475.java","selected","838","864","2365821.java","selected","874","900"
"1421557","1966263","4","1.0","597475.java","selected","838","864","1483221.java","selected","872","898"
"1421557","8778962","4","1.0","597475.java","selected","838","864","2599719.java","selected","874","900"
"411631","1421557","4","1.0","77069.java","default","872","898","597475.java","selected","838","864"
"1421557","19912848","4","1.0","597475.java","selected","838","864","419020.java","selected","939","965"
"1421557","21488869","4","1.0","597475.java","selected","838","864","588446.java","selected","875","901"
"1421557","2532322","4","1.0","597475.java","selected","838","864","244622.java","selected","873","899"
"1421557","16351776","4","1.0","597475.java","selected","838","864","1931054.java","selected","874","900"
"1421557","4518934","4","1.0","597475.java","selected","838","864","1496807.java","selected","884","910"
"948487","1421557","4","1.0","16883.java","default","889","915","597475.java","selected","838","864"
"1421557","8625347","4","1.0","597475.java","selected","838","864","2429982.java","selected","872","898"
"1421557","4471001","4","1.0","597475.java","selected","838","864","2229382.java","selected","874","900"
"1421557","22993368","4","1.0","597475.java","selected","838","864","2108660.java","selected","959","985"
"1421557","9088423","4","1.0","597475.java","selected","838","864","2348309.java","selected","790","816"
"12172485","14183083","4","1.0","1882693.java","selected","873","899","1103041.java","selected","838","864"
"12172485","16466519","4","1.0","1882693.java","selected","873","899","1139080.java","selected","845","871"
"12172485","22246374","4","1.0","1882693.java","selected","873","899","2481579.java","selected","857","883"
"250595","12172485","4","1.0","126904.java","default","836","862","1882693.java","selected","873","899"
"7132185","12172485","4","1.0","364540.java","selected","835","861","1882693.java","selected","873","899"
"9693856","12172485","4","1.0","964253.java","selected","838","864","1882693.java","selected","873","899"
"948486","12172485","4","1.0","16883.java","default","853","879","1882693.java","selected","873","899"
"1966262","12172485","4","1.0","1483221.java","selected","836","862","1882693.java","selected","873","899"
"10287986","12172485","4","1.0","2215261.java","selected","838","864","1882693.java","selected","873","899"
"12172485","18731109","4","1.0","1882693.java","selected","873","899","2365821.java","selected","838","864"
"12172485","19142736","4","1.0","1882693.java","selected","873","899","1402632.java","selected","838","864"
"6244936","12172485","4","1.0","183804.java","selected","752","778","1882693.java","selected","873","899"
"12172485","13028546","4","1.0","1882693.java","selected","873","899","593263.java","selected","837","863"
"2532321","12172485","4","1.0","244622.java","selected","837","863","1882693.java","selected","873","899"
"11319479","12172485","4","1.0","2430560.java","selected","838","864","1882693.java","selected","873","899"
"12172485","16388707","4","1.0","1882693.java","selected","873","899","1802351.java","selected","838","864"
"12172485","13902980","4","1.0","1882693.java","selected","873","899","304936.java","selected","835","861"
"8612647","12172485","4","1.0","707943.java","selected","837","863","1882693.java","selected","873","899"
"4518933","12172485","4","1.0","1496807.java","selected","848","874","1882693.java","selected","873","899"
"12172485","12678588","4","1.0","1882693.java","selected","873","899","2510322.java","selected","754","780"
"12172485","21870536","4","1.0","1882693.java","selected","873","899","1876215.java","selected","753","779"
"11548510","12172485","4","1.0","2640664.java","selected","753","779","1882693.java","selected","873","899"
"4471000","12172485","4","1.0","2229382.java","selected","838","864","1882693.java","selected","873","899"
"12172485","17456565","4","1.0","1882693.java","selected","873","899","2038811.java","selected","838","864"
"12172485","19912847","4","1.0","1882693.java","selected","873","899","419020.java","selected","901","927"
"9088422","12172485","4","1.0","2348309.java","selected","754","780","1882693.java","selected","873","899"
"12172485","12614305","4","1.0","1882693.java","selected","873","899","2339370.java","selected","755","781"
"12172485","22993367","4","1.0","1882693.java","selected","873","899","2108660.java","selected","923","949"
"12172485","21488868","4","1.0","1882693.java","selected","873","899","588446.java","selected","839","865"
"6061402","12172485","4","1.0","2190287.java","selected","837","863","1882693.java","selected","873","899"
"14183083","14317426","4","1.0","1103041.java","selected","838","864","753625.java","selected","790","816"
"14317426","16466519","4","1.0","753625.java","selected","790","816","1139080.java","selected","845","871"
"14317426","22246374","4","1.0","753625.java","selected","790","816","2481579.java","selected","857","883"
"250595","14317426","4","1.0","126904.java","default","836","862","753625.java","selected","790","816"
"7132185","14317426","4","1.0","364540.java","selected","835","861","753625.java","selected","790","816"
"9693856","14317426","4","1.0","964253.java","selected","838","864","753625.java","selected","790","816"
"948486","14317426","4","1.0","16883.java","default","853","879","753625.java","selected","790","816"
"1966262","14317426","4","1.0","1483221.java","selected","836","862","753625.java","selected","790","816"
"10287986","14317426","4","1.0","2215261.java","selected","838","864","753625.java","selected","790","816"
"14317426","18731109","4","1.0","753625.java","selected","790","816","2365821.java","selected","838","864"
"14317426","19142736","4","1.0","753625.java","selected","790","816","1402632.java","selected","838","864"
"6244936","14317426","4","1.0","183804.java","selected","752","778","753625.java","selected","790","816"
"13028546","14317426","4","1.0","593263.java","selected","837","863","753625.java","selected","790","816"
"2532321","14317426","4","1.0","244622.java","selected","837","863","753625.java","selected","790","816"
"11319479","14317426","4","1.0","2430560.java","selected","838","864","753625.java","selected","790","816"
"14317426","16388707","4","1.0","753625.java","selected","790","816","1802351.java","selected","838","864"
"13902980","14317426","4","1.0","304936.java","selected","835","861","753625.java","selected","790","816"
"8612647","14317426","4","1.0","707943.java","selected","837","863","753625.java","selected","790","816"
"4518933","14317426","4","1.0","1496807.java","selected","848","874","753625.java","selected","790","816"
"12678588","14317426","4","1.0","2510322.java","selected","754","780","753625.java","selected","790","816"
"14317426","21870536","4","1.0","753625.java","selected","790","816","1876215.java","selected","753","779"
"11548510","14317426","4","1.0","2640664.java","selected","753","779","753625.java","selected","790","816"
"4471000","14317426","4","1.0","2229382.java","selected","838","864","753625.java","selected","790","816"
"14317426","17456565","4","1.0","753625.java","selected","790","816","2038811.java","selected","838","864"
"14317426","19912847","4","1.0","753625.java","selected","790","816","419020.java","selected","901","927"
"9088422","14317426","4","1.0","2348309.java","selected","754","780","753625.java","selected","790","816"
"12614305","14317426","4","1.0","2339370.java","selected","755","781","753625.java","selected","790","816"
"14317426","22993367","4","1.0","753625.java","selected","790","816","2108660.java","selected","923","949"
"14317426","21488868","4","1.0","753625.java","selected","790","816","588446.java","selected","839","865"
"6061402","14317426","4","1.0","2190287.java","selected","837","863","753625.java","selected","790","816"
"1458629","14183083","4","1.0","1511595.java","selected","870","896","1103041.java","selected","838","864"
"1458629","16466519","4","1.0","1511595.java","selected","870","896","1139080.java","selected","845","871"
"1458629","22246374","4","1.0","1511595.java","selected","870","896","2481579.java","selected","857","883"
"250595","1458629","4","1.0","126904.java","default","836","862","1511595.java","selected","870","896"
"1458629","7132185","4","1.0","1511595.java","selected","870","896","364540.java","selected","835","861"
"1458629","9693856","4","1.0","1511595.java","selected","870","896","964253.java","selected","838","864"
"948486","1458629","4","1.0","16883.java","default","853","879","1511595.java","selected","870","896"
"1458629","1966262","4","1.0","1511595.java","selected","870","896","1483221.java","selected","836","862"
"1458629","10287986","4","1.0","1511595.java","selected","870","896","2215261.java","selected","838","864"
"1458629","18731109","4","1.0","1511595.java","selected","870","896","2365821.java","selected","838","864"
"1458629","19142736","4","1.0","1511595.java","selected","870","896","1402632.java","selected","838","864"
"1458629","6244936","4","1.0","1511595.java","selected","870","896","183804.java","selected","752","778"
"1458629","13028546","4","1.0","1511595.java","selected","870","896","593263.java","selected","837","863"
"1458629","2532321","4","1.0","1511595.java","selected","870","896","244622.java","selected","837","863"
"1458629","11319479","4","1.0","1511595.java","selected","870","896","2430560.java","selected","838","864"
"1458629","16388707","4","1.0","1511595.java","selected","870","896","1802351.java","selected","838","864"
"1458629","13902980","4","1.0","1511595.java","selected","870","896","304936.java","selected","835","861"
"1458629","8612647","4","1.0","1511595.java","selected","870","896","707943.java","selected","837","863"
"1458629","4518933","4","1.0","1511595.java","selected","870","896","1496807.java","selected","848","874"
"1458629","12678588","4","1.0","1511595.java","selected","870","896","2510322.java","selected","754","780"
"1458629","21870536","4","1.0","1511595.java","selected","870","896","1876215.java","selected","753","779"
"1458629","11548510","4","1.0","1511595.java","selected","870","896","2640664.java","selected","753","779"
"1458629","4471000","4","1.0","1511595.java","selected","870","896","2229382.java","selected","838","864"
"1458629","17456565","4","1.0","1511595.java","selected","870","896","2038811.java","selected","838","864"
"1458629","19912847","4","1.0","1511595.java","selected","870","896","419020.java","selected","901","927"
"1458629","9088422","4","1.0","1511595.java","selected","870","896","2348309.java","selected","754","780"
"1458629","12614305","4","1.0","1511595.java","selected","870","896","2339370.java","selected","755","781"
"1458629","22993367","4","1.0","1511595.java","selected","870","896","2108660.java","selected","923","949"
"1458629","21488868","4","1.0","1511595.java","selected","870","896","588446.java","selected","839","865"
"1458629","6061402","4","1.0","1511595.java","selected","870","896","2190287.java","selected","837","863"
"14183083","15571542","4","1.0","1103041.java","selected","838","864","1560483.java","selected","790","816"
"15571542","16466519","4","1.0","1560483.java","selected","790","816","1139080.java","selected","845","871"
"15571542","22246374","4","1.0","1560483.java","selected","790","816","2481579.java","selected","857","883"
"250595","15571542","4","1.0","126904.java","default","836","862","1560483.java","selected","790","816"
"7132185","15571542","4","1.0","364540.java","selected","835","861","1560483.java","selected","790","816"
"9693856","15571542","4","1.0","964253.java","selected","838","864","1560483.java","selected","790","816"
"948486","15571542","4","1.0","16883.java","default","853","879","1560483.java","selected","790","816"
"1966262","15571542","4","1.0","1483221.java","selected","836","862","1560483.java","selected","790","816"
"10287986","15571542","4","1.0","2215261.java","selected","838","864","1560483.java","selected","790","816"
"15571542","18731109","4","1.0","1560483.java","selected","790","816","2365821.java","selected","838","864"
"15571542","19142736","4","1.0","1560483.java","selected","790","816","1402632.java","selected","838","864"
"6244936","15571542","4","1.0","183804.java","selected","752","778","1560483.java","selected","790","816"
"13028546","15571542","4","1.0","593263.java","selected","837","863","1560483.java","selected","790","816"
"2532321","15571542","4","1.0","244622.java","selected","837","863","1560483.java","selected","790","816"
"11319479","15571542","4","1.0","2430560.java","selected","838","864","1560483.java","selected","790","816"
"15571542","16388707","4","1.0","1560483.java","selected","790","816","1802351.java","selected","838","864"
"13902980","15571542","4","1.0","304936.java","selected","835","861","1560483.java","selected","790","816"
"8612647","15571542","4","1.0","707943.java","selected","837","863","1560483.java","selected","790","816"
"4518933","15571542","4","1.0","1496807.java","selected","848","874","1560483.java","selected","790","816"
"12678588","15571542","4","1.0","2510322.java","selected","754","780","1560483.java","selected","790","816"
"15571542","21870536","4","1.0","1560483.java","selected","790","816","1876215.java","selected","753","779"
"11548510","15571542","4","1.0","2640664.java","selected","753","779","1560483.java","selected","790","816"
"4471000","15571542","4","1.0","2229382.java","selected","838","864","1560483.java","selected","790","816"
"15571542","17456565","4","1.0","1560483.java","selected","790","816","2038811.java","selected","838","864"
"15571542","19912847","4","1.0","1560483.java","selected","790","816","419020.java","selected","901","927"
"9088422","15571542","4","1.0","2348309.java","selected","754","780","1560483.java","selected","790","816"
"12614305","15571542","4","1.0","2339370.java","selected","755","781","1560483.java","selected","790","816"
"15571542","22993367","4","1.0","1560483.java","selected","790","816","2108660.java","selected","923","949"
"15571542","21488868","4","1.0","1560483.java","selected","790","816","588446.java","selected","839","865"
"6061402","15571542","4","1.0","2190287.java","selected","837","863","1560483.java","selected","790","816"
"16098010","23058336","4","1.0","2687364.java","selected","24","30","690424.java","selected","14","20"
"20082006","23058336","4","1.0","1893527.java","selected","47","53","690424.java","selected","14","20"
"250596","14183083","4","1.0","126904.java","default","872","898","1103041.java","selected","838","864"
"250596","16466519","4","1.0","126904.java","default","872","898","1139080.java","selected","845","871"
"250596","22246374","4","1.0","126904.java","default","872","898","2481579.java","selected","857","883"
"250595","250596","4","1.0","126904.java","default","836","862","126904.java","default","872","898"
"250596","7132185","4","1.0","126904.java","default","872","898","364540.java","selected","835","861"
"250596","9693856","4","1.0","126904.java","default","872","898","964253.java","selected","838","864"
"250596","948486","4","1.0","126904.java","default","872","898","16883.java","default","853","879"
"250596","1966262","4","1.0","126904.java","default","872","898","1483221.java","selected","836","862"
"250596","10287986","4","1.0","126904.java","default","872","898","2215261.java","selected","838","864"
"250596","18731109","4","1.0","126904.java","default","872","898","2365821.java","selected","838","864"
"250596","19142736","4","1.0","126904.java","default","872","898","1402632.java","selected","838","864"
"250596","6244936","4","1.0","126904.java","default","872","898","183804.java","selected","752","778"
"250596","13028546","4","1.0","126904.java","default","872","898","593263.java","selected","837","863"
"250596","2532321","4","1.0","126904.java","default","872","898","244622.java","selected","837","863"
"250596","11319479","4","1.0","126904.java","default","872","898","2430560.java","selected","838","864"
"250596","16388707","4","1.0","126904.java","default","872","898","1802351.java","selected","838","864"
"250596","13902980","4","1.0","126904.java","default","872","898","304936.java","selected","835","861"
"250596","8612647","4","1.0","126904.java","default","872","898","707943.java","selected","837","863"
"250596","4518933","4","1.0","126904.java","default","872","898","1496807.java","selected","848","874"
"250596","12678588","4","1.0","126904.java","default","872","898","2510322.java","selected","754","780"
"250596","21870536","4","1.0","126904.java","default","872","898","1876215.java","selected","753","779"
"250596","11548510","4","1.0","126904.java","default","872","898","2640664.java","selected","753","779"
"250596","4471000","4","1.0","126904.java","default","872","898","2229382.java","selected","838","864"
"250596","17456565","4","1.0","126904.java","default","872","898","2038811.java","selected","838","864"
"250596","19912847","4","1.0","126904.java","default","872","898","419020.java","selected","901","927"
"250596","9088422","4","1.0","126904.java","default","872","898","2348309.java","selected","754","780"
"250596","12614305","4","1.0","126904.java","default","872","898","2339370.java","selected","755","781"
"250596","22993367","4","1.0","126904.java","default","872","898","2108660.java","selected","923","949"
"250596","21488868","4","1.0","126904.java","default","872","898","588446.java","selected","839","865"
"250596","6061402","4","1.0","126904.java","default","872","898","2190287.java","selected","837","863"
"10287987","14183083","4","1.0","2215261.java","selected","874","900","1103041.java","selected","838","864"
"6244937","14183083","4","1.0","183804.java","selected","788","814","1103041.java","selected","838","864"
"6061403","14183083","4","1.0","2190287.java","selected","873","899","1103041.java","selected","838","864"
"1421558","14183083","4","1.0","597475.java","selected","874","900","1103041.java","selected","838","864"
"13902981","14183083","4","1.0","304936.java","selected","871","897","1103041.java","selected","838","864"
"8612648","14183083","4","1.0","707943.java","selected","873","899","1103041.java","selected","838","864"
"14183083","22246375","4","1.0","1103041.java","selected","838","864","2481579.java","selected","893","919"
"13783899","14183083","4","1.0","1966020.java","selected","894","920","1103041.java","selected","838","864"
"7132186","14183083","4","1.0","364540.java","selected","871","897","1103041.java","selected","838","864"
"9693857","14183083","4","1.0","964253.java","selected","874","900","1103041.java","selected","838","864"
"14183083","18731110","4","1.0","1103041.java","selected","838","864","2365821.java","selected","874","900"
"1966263","14183083","4","1.0","1483221.java","selected","872","898","1103041.java","selected","838","864"
"8778962","14183083","4","1.0","2599719.java","selected","874","900","1103041.java","selected","838","864"
"411631","14183083","4","1.0","77069.java","default","872","898","1103041.java","selected","838","864"
"14183083","19912848","4","1.0","1103041.java","selected","838","864","419020.java","selected","939","965"
"14183083","21488869","4","1.0","1103041.java","selected","838","864","588446.java","selected","875","901"
"2532322","14183083","4","1.0","244622.java","selected","873","899","1103041.java","selected","838","864"
"14183083","16351776","4","1.0","1103041.java","selected","838","864","1931054.java","selected","874","900"
"4518934","14183083","4","1.0","1496807.java","selected","884","910","1103041.java","selected","838","864"
"948487","14183083","4","1.0","16883.java","default","889","915","1103041.java","selected","838","864"
"8625347","14183083","4","1.0","2429982.java","selected","872","898","1103041.java","selected","838","864"
"4471001","14183083","4","1.0","2229382.java","selected","874","900","1103041.java","selected","838","864"
"14183083","22993368","4","1.0","1103041.java","selected","838","864","2108660.java","selected","959","985"
"9088423","14183083","4","1.0","2348309.java","selected","790","816","1103041.java","selected","838","864"
"10287987","16466519","4","1.0","2215261.java","selected","874","900","1139080.java","selected","845","871"
"6244937","16466519","4","1.0","183804.java","selected","788","814","1139080.java","selected","845","871"
"6061403","16466519","4","1.0","2190287.java","selected","873","899","1139080.java","selected","845","871"
"1421558","16466519","4","1.0","597475.java","selected","874","900","1139080.java","selected","845","871"
"13902981","16466519","4","1.0","304936.java","selected","871","897","1139080.java","selected","845","871"
"8612648","16466519","4","1.0","707943.java","selected","873","899","1139080.java","selected","845","871"
"16466519","22246375","4","1.0","1139080.java","selected","845","871","2481579.java","selected","893","919"
"13783899","16466519","4","1.0","1966020.java","selected","894","920","1139080.java","selected","845","871"
"7132186","16466519","4","1.0","364540.java","selected","871","897","1139080.java","selected","845","871"
"9693857","16466519","4","1.0","964253.java","selected","874","900","1139080.java","selected","845","871"
"16466519","18731110","4","1.0","1139080.java","selected","845","871","2365821.java","selected","874","900"
"1966263","16466519","4","1.0","1483221.java","selected","872","898","1139080.java","selected","845","871"
"8778962","16466519","4","1.0","2599719.java","selected","874","900","1139080.java","selected","845","871"
"411631","16466519","4","1.0","77069.java","default","872","898","1139080.java","selected","845","871"
"16466519","19912848","4","1.0","1139080.java","selected","845","871","419020.java","selected","939","965"
"16466519","21488869","4","1.0","1139080.java","selected","845","871","588446.java","selected","875","901"
"2532322","16466519","4","1.0","244622.java","selected","873","899","1139080.java","selected","845","871"
"16351776","16466519","4","1.0","1931054.java","selected","874","900","1139080.java","selected","845","871"
"4518934","16466519","4","1.0","1496807.java","selected","884","910","1139080.java","selected","845","871"
"948487","16466519","4","1.0","16883.java","default","889","915","1139080.java","selected","845","871"
"8625347","16466519","4","1.0","2429982.java","selected","872","898","1139080.java","selected","845","871"
"4471001","16466519","4","1.0","2229382.java","selected","874","900","1139080.java","selected","845","871"
"16466519","22993368","4","1.0","1139080.java","selected","845","871","2108660.java","selected","959","985"
"9088423","16466519","4","1.0","2348309.java","selected","790","816","1139080.java","selected","845","871"
"10287987","22246374","4","1.0","2215261.java","selected","874","900","2481579.java","selected","857","883"
"250595","10287987","4","1.0","126904.java","default","836","862","2215261.java","selected","874","900"
"7132185","10287987","4","1.0","364540.java","selected","835","861","2215261.java","selected","874","900"
"9693856","10287987","4","1.0","964253.java","selected","838","864","2215261.java","selected","874","900"
"948486","10287987","4","1.0","16883.java","default","853","879","2215261.java","selected","874","900"
"1966262","10287987","4","1.0","1483221.java","selected","836","862","2215261.java","selected","874","900"
"10287986","10287987","4","1.0","2215261.java","selected","838","864","2215261.java","selected","874","900"
"10287987","18731109","4","1.0","2215261.java","selected","874","900","2365821.java","selected","838","864"
"10287987","19142736","4","1.0","2215261.java","selected","874","900","1402632.java","selected","838","864"
"6244936","10287987","4","1.0","183804.java","selected","752","778","2215261.java","selected","874","900"
"10287987","13028546","4","1.0","2215261.java","selected","874","900","593263.java","selected","837","863"
"2532321","10287987","4","1.0","244622.java","selected","837","863","2215261.java","selected","874","900"
"10287987","11319479","4","1.0","2215261.java","selected","874","900","2430560.java","selected","838","864"
"10287987","16388707","4","1.0","2215261.java","selected","874","900","1802351.java","selected","838","864"
"10287987","13902980","4","1.0","2215261.java","selected","874","900","304936.java","selected","835","861"
"8612647","10287987","4","1.0","707943.java","selected","837","863","2215261.java","selected","874","900"
"4518933","10287987","4","1.0","1496807.java","selected","848","874","2215261.java","selected","874","900"
"10287987","12678588","4","1.0","2215261.java","selected","874","900","2510322.java","selected","754","780"
"10287987","21870536","4","1.0","2215261.java","selected","874","900","1876215.java","selected","753","779"
"10287987","11548510","4","1.0","2215261.java","selected","874","900","2640664.java","selected","753","779"
"4471000","10287987","4","1.0","2229382.java","selected","838","864","2215261.java","selected","874","900"
"10287987","17456565","4","1.0","2215261.java","selected","874","900","2038811.java","selected","838","864"
"10287987","19912847","4","1.0","2215261.java","selected","874","900","419020.java","selected","901","927"
"9088422","10287987","4","1.0","2348309.java","selected","754","780","2215261.java","selected","874","900"
"10287987","12614305","4","1.0","2215261.java","selected","874","900","2339370.java","selected","755","781"
"10287987","22993367","4","1.0","2215261.java","selected","874","900","2108660.java","selected","923","949"
"10287987","21488868","4","1.0","2215261.java","selected","874","900","588446.java","selected","839","865"
"6061402","10287987","4","1.0","2190287.java","selected","837","863","2215261.java","selected","874","900"
"6244937","22246374","4","1.0","183804.java","selected","788","814","2481579.java","selected","857","883"
"6061403","22246374","4","1.0","2190287.java","selected","873","899","2481579.java","selected","857","883"
"1421558","22246374","4","1.0","597475.java","selected","874","900","2481579.java","selected","857","883"
"13902981","22246374","4","1.0","304936.java","selected","871","897","2481579.java","selected","857","883"
"8612648","22246374","4","1.0","707943.java","selected","873","899","2481579.java","selected","857","883"
"22246374","22246375","4","1.0","2481579.java","selected","857","883","2481579.java","selected","893","919"
"13783899","22246374","4","1.0","1966020.java","selected","894","920","2481579.java","selected","857","883"
"7132186","22246374","4","1.0","364540.java","selected","871","897","2481579.java","selected","857","883"
"9693857","22246374","4","1.0","964253.java","selected","874","900","2481579.java","selected","857","883"
"18731110","22246374","4","1.0","2365821.java","selected","874","900","2481579.java","selected","857","883"
"1966263","22246374","4","1.0","1483221.java","selected","872","898","2481579.java","selected","857","883"
"8778962","22246374","4","1.0","2599719.java","selected","874","900","2481579.java","selected","857","883"
"411631","22246374","4","1.0","77069.java","default","872","898","2481579.java","selected","857","883"
"19912848","22246374","4","1.0","419020.java","selected","939","965","2481579.java","selected","857","883"
"21488869","22246374","4","1.0","588446.java","selected","875","901","2481579.java","selected","857","883"
"2532322","22246374","4","1.0","244622.java","selected","873","899","2481579.java","selected","857","883"
"16351776","22246374","4","1.0","1931054.java","selected","874","900","2481579.java","selected","857","883"
"4518934","22246374","4","1.0","1496807.java","selected","884","910","2481579.java","selected","857","883"
"948487","22246374","4","1.0","16883.java","default","889","915","2481579.java","selected","857","883"
"8625347","22246374","4","1.0","2429982.java","selected","872","898","2481579.java","selected","857","883"
"4471001","22246374","4","1.0","2229382.java","selected","874","900","2481579.java","selected","857","883"
"22246374","22993368","4","1.0","2481579.java","selected","857","883","2108660.java","selected","959","985"
"9088423","22246374","4","1.0","2348309.java","selected","790","816","2481579.java","selected","857","883"
"14132965","19033605","4","1.0","1161856.java","selected","11","19","1741101.java","selected","263","271"
"6190167","6190168","4","1.0","171320.java","selected","154","162","171320.java","selected","164","172"
"250595","6244937","4","1.0","126904.java","default","836","862","183804.java","selected","788","814"
"250595","6061403","4","1.0","126904.java","default","836","862","2190287.java","selected","873","899"
"250595","1421558","4","1.0","126904.java","default","836","862","597475.java","selected","874","900"
"250595","13902981","4","1.0","126904.java","default","836","862","304936.java","selected","871","897"
"250595","8612648","4","1.0","126904.java","default","836","862","707943.java","selected","873","899"
"250595","22246375","4","1.0","126904.java","default","836","862","2481579.java","selected","893","919"
"250595","13783899","4","1.0","126904.java","default","836","862","1966020.java","selected","894","920"
"250595","7132186","4","1.0","126904.java","default","836","862","364540.java","selected","871","897"
"250595","9693857","4","1.0","126904.java","default","836","862","964253.java","selected","874","900"
"250595","18731110","4","1.0","126904.java","default","836","862","2365821.java","selected","874","900"
"250595","1966263","4","1.0","126904.java","default","836","862","1483221.java","selected","872","898"
"250595","8778962","4","1.0","126904.java","default","836","862","2599719.java","selected","874","900"
"250595","411631","4","1.0","126904.java","default","836","862","77069.java","default","872","898"
"250595","19912848","4","1.0","126904.java","default","836","862","419020.java","selected","939","965"
"250595","21488869","4","1.0","126904.java","default","836","862","588446.java","selected","875","901"
"250595","2532322","4","1.0","126904.java","default","836","862","244622.java","selected","873","899"
"250595","16351776","4","1.0","126904.java","default","836","862","1931054.java","selected","874","900"
"250595","4518934","4","1.0","126904.java","default","836","862","1496807.java","selected","884","910"
"250595","948487","4","1.0","126904.java","default","836","862","16883.java","default","889","915"
"250595","8625347","4","1.0","126904.java","default","836","862","2429982.java","selected","872","898"
"250595","4471001","4","1.0","126904.java","default","836","862","2229382.java","selected","874","900"
"250595","22993368","4","1.0","126904.java","default","836","862","2108660.java","selected","959","985"
"250595","9088423","4","1.0","126904.java","default","836","862","2348309.java","selected","790","816"
"1913136","8106130","4","1.0","2132905.java","selected","72","78","2220153.java","selected","87","93"
"15034107","18613870","4","1.0","2227752.java","selected","18","24","1408573.java","selected","251","257"
"18613870","21308543","4","1.0","1408573.java","selected","251","257","2617201.java","selected","204","210"
"5751313","5751314","4","1.0","438322.java","selected","865","885","438322.java","selected","897","917"
"15034107","21308543","4","1.0","2227752.java","selected","18","24","2617201.java","selected","204","210"
"15034107","18457132","4","1.0","2227752.java","selected","18","24","1600186.java","selected","565","571"
"6244937","7132185","4","1.0","183804.java","selected","788","814","364540.java","selected","835","861"
"6061403","7132185","4","1.0","2190287.java","selected","873","899","364540.java","selected","835","861"
"1421558","7132185","4","1.0","597475.java","selected","874","900","364540.java","selected","835","861"
"7132185","13902981","4","1.0","364540.java","selected","835","861","304936.java","selected","871","897"
"7132185","8612648","4","1.0","364540.java","selected","835","861","707943.java","selected","873","899"
"7132185","22246375","4","1.0","364540.java","selected","835","861","2481579.java","selected","893","919"
"7132185","13783899","4","1.0","364540.java","selected","835","861","1966020.java","selected","894","920"
"7132185","7132186","4","1.0","364540.java","selected","835","861","364540.java","selected","871","897"
"7132185","9693857","4","1.0","364540.java","selected","835","861","964253.java","selected","874","900"
"7132185","18731110","4","1.0","364540.java","selected","835","861","2365821.java","selected","874","900"
"1966263","7132185","4","1.0","1483221.java","selected","872","898","364540.java","selected","835","861"
"7132185","8778962","4","1.0","364540.java","selected","835","861","2599719.java","selected","874","900"
"411631","7132185","4","1.0","77069.java","default","872","898","364540.java","selected","835","861"
"7132185","19912848","4","1.0","364540.java","selected","835","861","419020.java","selected","939","965"
"7132185","21488869","4","1.0","364540.java","selected","835","861","588446.java","selected","875","901"
"2532322","7132185","4","1.0","244622.java","selected","873","899","364540.java","selected","835","861"
"7132185","16351776","4","1.0","364540.java","selected","835","861","1931054.java","selected","874","900"
"4518934","7132185","4","1.0","1496807.java","selected","884","910","364540.java","selected","835","861"
"948487","7132185","4","1.0","16883.java","default","889","915","364540.java","selected","835","861"
"7132185","8625347","4","1.0","364540.java","selected","835","861","2429982.java","selected","872","898"
"4471001","7132185","4","1.0","2229382.java","selected","874","900","364540.java","selected","835","861"
"7132185","22993368","4","1.0","364540.java","selected","835","861","2108660.java","selected","959","985"
"7132185","9088423","4","1.0","364540.java","selected","835","861","2348309.java","selected","790","816"
"14974844","18935118","4","1.0","2387239.java","selected","361","387","1047166.java","selected","372","398"
"6244937","9693856","4","1.0","183804.java","selected","788","814","964253.java","selected","838","864"
"948486","6244937","4","1.0","16883.java","default","853","879","183804.java","selected","788","814"
"1966262","6244937","4","1.0","1483221.java","selected","836","862","183804.java","selected","788","814"
"6244937","10287986","4","1.0","183804.java","selected","788","814","2215261.java","selected","838","864"
"6244937","18731109","4","1.0","183804.java","selected","788","814","2365821.java","selected","838","864"
"6244937","19142736","4","1.0","183804.java","selected","788","814","1402632.java","selected","838","864"
"6244936","6244937","4","1.0","183804.java","selected","752","778","183804.java","selected","788","814"
"6244937","13028546","4","1.0","183804.java","selected","788","814","593263.java","selected","837","863"
"2532321","6244937","4","1.0","244622.java","selected","837","863","183804.java","selected","788","814"
"6244937","11319479","4","1.0","183804.java","selected","788","814","2430560.java","selected","838","864"
"6244937","16388707","4","1.0","183804.java","selected","788","814","1802351.java","selected","838","864"
"6244937","13902980","4","1.0","183804.java","selected","788","814","304936.java","selected","835","861"
"6244937","8612647","4","1.0","183804.java","selected","788","814","707943.java","selected","837","863"
"4518933","6244937","4","1.0","1496807.java","selected","848","874","183804.java","selected","788","814"
"6244937","12678588","4","1.0","183804.java","selected","788","814","2510322.java","selected","754","780"
"6244937","21870536","4","1.0","183804.java","selected","788","814","1876215.java","selected","753","779"
"6244937","11548510","4","1.0","183804.java","selected","788","814","2640664.java","selected","753","779"
"4471000","6244937","4","1.0","2229382.java","selected","838","864","183804.java","selected","788","814"
"6244937","17456565","4","1.0","183804.java","selected","788","814","2038811.java","selected","838","864"
"6244937","19912847","4","1.0","183804.java","selected","788","814","419020.java","selected","901","927"
"6244937","9088422","4","1.0","183804.java","selected","788","814","2348309.java","selected","754","780"
"6244937","12614305","4","1.0","183804.java","selected","788","814","2339370.java","selected","755","781"
"6244937","22993367","4","1.0","183804.java","selected","788","814","2108660.java","selected","923","949"
"6244937","21488868","4","1.0","183804.java","selected","788","814","588446.java","selected","839","865"
"6061402","6244937","4","1.0","2190287.java","selected","837","863","183804.java","selected","788","814"
"6061403","9693856","4","1.0","2190287.java","selected","873","899","964253.java","selected","838","864"
"1421558","9693856","4","1.0","597475.java","selected","874","900","964253.java","selected","838","864"
"9693856","13902981","4","1.0","964253.java","selected","838","864","304936.java","selected","871","897"
"8612648","9693856","4","1.0","707943.java","selected","873","899","964253.java","selected","838","864"
"9693856","22246375","4","1.0","964253.java","selected","838","864","2481579.java","selected","893","919"
"9693856","13783899","4","1.0","964253.java","selected","838","864","1966020.java","selected","894","920"
"7132186","9693856","4","1.0","364540.java","selected","871","897","964253.java","selected","838","864"
"9693856","9693857","4","1.0","964253.java","selected","838","864","964253.java","selected","874","900"
"9693856","18731110","4","1.0","964253.java","selected","838","864","2365821.java","selected","874","900"
"1966263","9693856","4","1.0","1483221.java","selected","872","898","964253.java","selected","838","864"
"8778962","9693856","4","1.0","2599719.java","selected","874","900","964253.java","selected","838","864"
"411631","9693856","4","1.0","77069.java","default","872","898","964253.java","selected","838","864"
"9693856","19912848","4","1.0","964253.java","selected","838","864","419020.java","selected","939","965"
"9693856","21488869","4","1.0","964253.java","selected","838","864","588446.java","selected","875","901"
"2532322","9693856","4","1.0","244622.java","selected","873","899","964253.java","selected","838","864"
"9693856","16351776","4","1.0","964253.java","selected","838","864","1931054.java","selected","874","900"
"4518934","9693856","4","1.0","1496807.java","selected","884","910","964253.java","selected","838","864"
"948487","9693856","4","1.0","16883.java","default","889","915","964253.java","selected","838","864"
"8625347","9693856","4","1.0","2429982.java","selected","872","898","964253.java","selected","838","864"
"4471001","9693856","4","1.0","2229382.java","selected","874","900","964253.java","selected","838","864"
"9693856","22993368","4","1.0","964253.java","selected","838","864","2108660.java","selected","959","985"
"9088423","9693856","4","1.0","2348309.java","selected","790","816","964253.java","selected","838","864"
"8489742","18748516","4","1.0","594064.java","selected","15","24","351570.java","selected","83","92"
"948486","6061403","4","1.0","16883.java","default","853","879","2190287.java","selected","873","899"
"1966262","6061403","4","1.0","1483221.java","selected","836","862","2190287.java","selected","873","899"
"6061403","10287986","4","1.0","2190287.java","selected","873","899","2215261.java","selected","838","864"
"6061403","18731109","4","1.0","2190287.java","selected","873","899","2365821.java","selected","838","864"
"6061403","19142736","4","1.0","2190287.java","selected","873","899","1402632.java","selected","838","864"
"6061403","6244936","4","1.0","2190287.java","selected","873","899","183804.java","selected","752","778"
"6061403","13028546","4","1.0","2190287.java","selected","873","899","593263.java","selected","837","863"
"2532321","6061403","4","1.0","244622.java","selected","837","863","2190287.java","selected","873","899"
"6061403","11319479","4","1.0","2190287.java","selected","873","899","2430560.java","selected","838","864"
"6061403","16388707","4","1.0","2190287.java","selected","873","899","1802351.java","selected","838","864"
"6061403","13902980","4","1.0","2190287.java","selected","873","899","304936.java","selected","835","861"
"6061403","8612647","4","1.0","2190287.java","selected","873","899","707943.java","selected","837","863"
"4518933","6061403","4","1.0","1496807.java","selected","848","874","2190287.java","selected","873","899"
"6061403","12678588","4","1.0","2190287.java","selected","873","899","2510322.java","selected","754","780"
"6061403","21870536","4","1.0","2190287.java","selected","873","899","1876215.java","selected","753","779"
"6061403","11548510","4","1.0","2190287.java","selected","873","899","2640664.java","selected","753","779"
"4471000","6061403","4","1.0","2229382.java","selected","838","864","2190287.java","selected","873","899"
"6061403","17456565","4","1.0","2190287.java","selected","873","899","2038811.java","selected","838","864"
"6061403","19912847","4","1.0","2190287.java","selected","873","899","419020.java","selected","901","927"
"6061403","9088422","4","1.0","2190287.java","selected","873","899","2348309.java","selected","754","780"
"6061403","12614305","4","1.0","2190287.java","selected","873","899","2339370.java","selected","755","781"
"6061403","22993367","4","1.0","2190287.java","selected","873","899","2108660.java","selected","923","949"
"6061403","21488868","4","1.0","2190287.java","selected","873","899","588446.java","selected","839","865"
"6061402","6061403","4","1.0","2190287.java","selected","837","863","2190287.java","selected","873","899"
"9325670","23596949","4","1.0","1262585.java","selected","54","66","2211044.java","selected","280","292"
"6980854","23596949","4","1.0","567178.java","selected","45","57","2211044.java","selected","280","292"
"23596949","23613195","4","1.0","2211044.java","selected","280","292","215042.java","selected","58","70"
"1424647","23596949","4","1.0","2082.java","selected","64","76","2211044.java","selected","280","292"
"948486","1421558","4","1.0","16883.java","default","853","879","597475.java","selected","874","900"
"948486","13902981","4","1.0","16883.java","default","853","879","304936.java","selected","871","897"
"948486","8612648","4","1.0","16883.java","default","853","879","707943.java","selected","873","899"
"948486","22246375","4","1.0","16883.java","default","853","879","2481579.java","selected","893","919"
"948486","13783899","4","1.0","16883.java","default","853","879","1966020.java","selected","894","920"
"948486","7132186","4","1.0","16883.java","default","853","879","364540.java","selected","871","897"
"948486","9693857","4","1.0","16883.java","default","853","879","964253.java","selected","874","900"
"948486","18731110","4","1.0","16883.java","default","853","879","2365821.java","selected","874","900"
"948486","1966263","4","1.0","16883.java","default","853","879","1483221.java","selected","872","898"
"948486","8778962","4","1.0","16883.java","default","853","879","2599719.java","selected","874","900"
"411631","948486","4","1.0","77069.java","default","872","898","16883.java","default","853","879"
"948486","19912848","4","1.0","16883.java","default","853","879","419020.java","selected","939","965"
"948486","21488869","4","1.0","16883.java","default","853","879","588446.java","selected","875","901"
"948486","2532322","4","1.0","16883.java","default","853","879","244622.java","selected","873","899"
"948486","16351776","4","1.0","16883.java","default","853","879","1931054.java","selected","874","900"
"948486","4518934","4","1.0","16883.java","default","853","879","1496807.java","selected","884","910"
"948486","948487","4","1.0","16883.java","default","853","879","16883.java","default","889","915"
"948486","8625347","4","1.0","16883.java","default","853","879","2429982.java","selected","872","898"
"948486","4471001","4","1.0","16883.java","default","853","879","2229382.java","selected","874","900"
"948486","22993368","4","1.0","16883.java","default","853","879","2108660.java","selected","959","985"
"948486","9088423","4","1.0","16883.java","default","853","879","2348309.java","selected","790","816"
"1421558","1966262","4","1.0","597475.java","selected","874","900","1483221.java","selected","836","862"
"1421558","10287986","4","1.0","597475.java","selected","874","900","2215261.java","selected","838","864"
"1421558","18731109","4","1.0","597475.java","selected","874","900","2365821.java","selected","838","864"
"1421558","19142736","4","1.0","597475.java","selected","874","900","1402632.java","selected","838","864"
"1421558","6244936","4","1.0","597475.java","selected","874","900","183804.java","selected","752","778"
"1421558","13028546","4","1.0","597475.java","selected","874","900","593263.java","selected","837","863"
"1421558","2532321","4","1.0","597475.java","selected","874","900","244622.java","selected","837","863"
"1421558","11319479","4","1.0","597475.java","selected","874","900","2430560.java","selected","838","864"
"1421558","16388707","4","1.0","597475.java","selected","874","900","1802351.java","selected","838","864"
"1421558","13902980","4","1.0","597475.java","selected","874","900","304936.java","selected","835","861"
"1421558","8612647","4","1.0","597475.java","selected","874","900","707943.java","selected","837","863"
"1421558","4518933","4","1.0","597475.java","selected","874","900","1496807.java","selected","848","874"
"1421558","12678588","4","1.0","597475.java","selected","874","900","2510322.java","selected","754","780"
"1421558","21870536","4","1.0","597475.java","selected","874","900","1876215.java","selected","753","779"
"1421558","11548510","4","1.0","597475.java","selected","874","900","2640664.java","selected","753","779"
"1421558","4471000","4","1.0","597475.java","selected","874","900","2229382.java","selected","838","864"
"1421558","17456565","4","1.0","597475.java","selected","874","900","2038811.java","selected","838","864"
"1421558","19912847","4","1.0","597475.java","selected","874","900","419020.java","selected","901","927"
"1421558","9088422","4","1.0","597475.java","selected","874","900","2348309.java","selected","754","780"
"1421558","12614305","4","1.0","597475.java","selected","874","900","2339370.java","selected","755","781"
"1421558","22993367","4","1.0","597475.java","selected","874","900","2108660.java","selected","923","949"
"1421558","21488868","4","1.0","597475.java","selected","874","900","588446.java","selected","839","865"
"1421558","6061402","4","1.0","597475.java","selected","874","900","2190287.java","selected","837","863"
"12670642","20103762","4","1.0","2525899.java","selected","749","777","1424874.java","selected","775","803"
"9592646","18600879","4","1.0","580446.java","selected","7","14","2117277.java","selected","88","95"
"2538511","18600879","4","1.0","2260531.java","selected","504","511","2117277.java","selected","88","95"
"10878062","18600879","4","1.0","463196.java","selected","251","258","2117277.java","selected","88","95"
"1966262","13902981","4","1.0","1483221.java","selected","836","862","304936.java","selected","871","897"
"10287986","13902981","4","1.0","2215261.java","selected","838","864","304936.java","selected","871","897"
"13902981","18731109","4","1.0","304936.java","selected","871","897","2365821.java","selected","838","864"
"13902981","19142736","4","1.0","304936.java","selected","871","897","1402632.java","selected","838","864"
"6244936","13902981","4","1.0","183804.java","selected","752","778","304936.java","selected","871","897"
"13028546","13902981","4","1.0","593263.java","selected","837","863","304936.java","selected","871","897"
"2532321","13902981","4","1.0","244622.java","selected","837","863","304936.java","selected","871","897"
"11319479","13902981","4","1.0","2430560.java","selected","838","864","304936.java","selected","871","897"
"13902981","16388707","4","1.0","304936.java","selected","871","897","1802351.java","selected","838","864"
"13902980","13902981","4","1.0","304936.java","selected","835","861","304936.java","selected","871","897"
"8612647","13902981","4","1.0","707943.java","selected","837","863","304936.java","selected","871","897"
"4518933","13902981","4","1.0","1496807.java","selected","848","874","304936.java","selected","871","897"
"12678588","13902981","4","1.0","2510322.java","selected","754","780","304936.java","selected","871","897"
"13902981","21870536","4","1.0","304936.java","selected","871","897","1876215.java","selected","753","779"
"11548510","13902981","4","1.0","2640664.java","selected","753","779","304936.java","selected","871","897"
"4471000","13902981","4","1.0","2229382.java","selected","838","864","304936.java","selected","871","897"
"13902981","17456565","4","1.0","304936.java","selected","871","897","2038811.java","selected","838","864"
"13902981","19912847","4","1.0","304936.java","selected","871","897","419020.java","selected","901","927"
"9088422","13902981","4","1.0","2348309.java","selected","754","780","304936.java","selected","871","897"
"12614305","13902981","4","1.0","2339370.java","selected","755","781","304936.java","selected","871","897"
"13902981","22993367","4","1.0","304936.java","selected","871","897","2108660.java","selected","923","949"
"13902981","21488868","4","1.0","304936.java","selected","871","897","588446.java","selected","839","865"
"6061402","13902981","4","1.0","2190287.java","selected","837","863","304936.java","selected","871","897"
"15854368","22207784","4","1.0","861615.java","selected","708","720","880474.java","selected","777","789"
"16706229","19582152","4","1.0","971300.java","selected","176","182","530308.java","selected","111","117"
"4960419","4960420","4","1.0","1909072.java","selected","177","190","1909072.java","selected","200","213"
"4960417","4960420","4","1.0","1909072.java","selected","136","149","1909072.java","selected","200","213"
"1966262","8612648","4","1.0","1483221.java","selected","836","862","707943.java","selected","873","899"
"1966262","22246375","4","1.0","1483221.java","selected","836","862","2481579.java","selected","893","919"
"1966262","13783899","4","1.0","1483221.java","selected","836","862","1966020.java","selected","894","920"
"1966262","7132186","4","1.0","1483221.java","selected","836","862","364540.java","selected","871","897"
"1966262","9693857","4","1.0","1483221.java","selected","836","862","964253.java","selected","874","900"
"1966262","18731110","4","1.0","1483221.java","selected","836","862","2365821.java","selected","874","900"
"1966262","1966263","4","1.0","1483221.java","selected","836","862","1483221.java","selected","872","898"
"1966262","8778962","4","1.0","1483221.java","selected","836","862","2599719.java","selected","874","900"
"411631","1966262","4","1.0","77069.java","default","872","898","1483221.java","selected","836","862"
"1966262","19912848","4","1.0","1483221.java","selected","836","862","419020.java","selected","939","965"
"1966262","21488869","4","1.0","1483221.java","selected","836","862","588446.java","selected","875","901"
"1966262","2532322","4","1.0","1483221.java","selected","836","862","244622.java","selected","873","899"
"1966262","16351776","4","1.0","1483221.java","selected","836","862","1931054.java","selected","874","900"
"1966262","4518934","4","1.0","1483221.java","selected","836","862","1496807.java","selected","884","910"
"948487","1966262","4","1.0","16883.java","default","889","915","1483221.java","selected","836","862"
"1966262","8625347","4","1.0","1483221.java","selected","836","862","2429982.java","selected","872","898"
"1966262","4471001","4","1.0","1483221.java","selected","836","862","2229382.java","selected","874","900"
"1966262","22993368","4","1.0","1483221.java","selected","836","862","2108660.java","selected","959","985"
"1966262","9088423","4","1.0","1483221.java","selected","836","862","2348309.java","selected","790","816"
"8612648","10287986","4","1.0","707943.java","selected","873","899","2215261.java","selected","838","864"
"10287986","22246375","4","1.0","2215261.java","selected","838","864","2481579.java","selected","893","919"
"10287986","13783899","4","1.0","2215261.java","selected","838","864","1966020.java","selected","894","920"
"7132186","10287986","4","1.0","364540.java","selected","871","897","2215261.java","selected","838","864"
"9693857","10287986","4","1.0","964253.java","selected","874","900","2215261.java","selected","838","864"
"10287986","18731110","4","1.0","2215261.java","selected","838","864","2365821.java","selected","874","900"
"1966263","10287986","4","1.0","1483221.java","selected","872","898","2215261.java","selected","838","864"
"8778962","10287986","4","1.0","2599719.java","selected","874","900","2215261.java","selected","838","864"
"411631","10287986","4","1.0","77069.java","default","872","898","2215261.java","selected","838","864"
"10287986","19912848","4","1.0","2215261.java","selected","838","864","419020.java","selected","939","965"
"10287986","21488869","4","1.0","2215261.java","selected","838","864","588446.java","selected","875","901"
"2532322","10287986","4","1.0","244622.java","selected","873","899","2215261.java","selected","838","864"
"10287986","16351776","4","1.0","2215261.java","selected","838","864","1931054.java","selected","874","900"
"4518934","10287986","4","1.0","1496807.java","selected","884","910","2215261.java","selected","838","864"
"948487","10287986","4","1.0","16883.java","default","889","915","2215261.java","selected","838","864"
"8625347","10287986","4","1.0","2429982.java","selected","872","898","2215261.java","selected","838","864"
"4471001","10287986","4","1.0","2229382.java","selected","874","900","2215261.java","selected","838","864"
"10287986","22993368","4","1.0","2215261.java","selected","838","864","2108660.java","selected","959","985"
"9088423","10287986","4","1.0","2348309.java","selected","790","816","2215261.java","selected","838","864"
"8612648","18731109","4","1.0","707943.java","selected","873","899","2365821.java","selected","838","864"
"18731109","22246375","4","1.0","2365821.java","selected","838","864","2481579.java","selected","893","919"
"13783899","18731109","4","1.0","1966020.java","selected","894","920","2365821.java","selected","838","864"
"7132186","18731109","4","1.0","364540.java","selected","871","897","2365821.java","selected","838","864"
"9693857","18731109","4","1.0","964253.java","selected","874","900","2365821.java","selected","838","864"
"18731109","18731110","4","1.0","2365821.java","selected","838","864","2365821.java","selected","874","900"
"1966263","18731109","4","1.0","1483221.java","selected","872","898","2365821.java","selected","838","864"
"8778962","18731109","4","1.0","2599719.java","selected","874","900","2365821.java","selected","838","864"
"411631","18731109","4","1.0","77069.java","default","872","898","2365821.java","selected","838","864"
"18731109","19912848","4","1.0","2365821.java","selected","838","864","419020.java","selected","939","965"
"18731109","21488869","4","1.0","2365821.java","selected","838","864","588446.java","selected","875","901"
"2532322","18731109","4","1.0","244622.java","selected","873","899","2365821.java","selected","838","864"
"16351776","18731109","4","1.0","1931054.java","selected","874","900","2365821.java","selected","838","864"
"4518934","18731109","4","1.0","1496807.java","selected","884","910","2365821.java","selected","838","864"
"948487","18731109","4","1.0","16883.java","default","889","915","2365821.java","selected","838","864"
"8625347","18731109","4","1.0","2429982.java","selected","872","898","2365821.java","selected","838","864"
"4471001","18731109","4","1.0","2229382.java","selected","874","900","2365821.java","selected","838","864"
"18731109","22993368","4","1.0","2365821.java","selected","838","864","2108660.java","selected","959","985"
"9088423","18731109","4","1.0","2348309.java","selected","790","816","2365821.java","selected","838","864"
"8612648","19142736","4","1.0","707943.java","selected","873","899","1402632.java","selected","838","864"
"6244936","8612648","4","1.0","183804.java","selected","752","778","707943.java","selected","873","899"
"8612648","13028546","4","1.0","707943.java","selected","873","899","593263.java","selected","837","863"
"2532321","8612648","4","1.0","244622.java","selected","837","863","707943.java","selected","873","899"
"8612648","11319479","4","1.0","707943.java","selected","873","899","2430560.java","selected","838","864"
"8612648","16388707","4","1.0","707943.java","selected","873","899","1802351.java","selected","838","864"
"8612648","13902980","4","1.0","707943.java","selected","873","899","304936.java","selected","835","861"
"8612647","8612648","4","1.0","707943.java","selected","837","863","707943.java","selected","873","899"
"4518933","8612648","4","1.0","1496807.java","selected","848","874","707943.java","selected","873","899"
"8612648","12678588","4","1.0","707943.java","selected","873","899","2510322.java","selected","754","780"
"8612648","21870536","4","1.0","707943.java","selected","873","899","1876215.java","selected","753","779"
"8612648","11548510","4","1.0","707943.java","selected","873","899","2640664.java","selected","753","779"
"4471000","8612648","4","1.0","2229382.java","selected","838","864","707943.java","selected","873","899"
"8612648","17456565","4","1.0","707943.java","selected","873","899","2038811.java","selected","838","864"
"8612648","19912847","4","1.0","707943.java","selected","873","899","419020.java","selected","901","927"
"8612648","9088422","4","1.0","707943.java","selected","873","899","2348309.java","selected","754","780"
"8612648","12614305","4","1.0","707943.java","selected","873","899","2339370.java","selected","755","781"
"8612648","22993367","4","1.0","707943.java","selected","873","899","2108660.java","selected","923","949"
"8612648","21488868","4","1.0","707943.java","selected","873","899","588446.java","selected","839","865"
"6061402","8612648","4","1.0","2190287.java","selected","837","863","707943.java","selected","873","899"
"19142736","22246375","4","1.0","1402632.java","selected","838","864","2481579.java","selected","893","919"
"6244936","22246375","4","1.0","183804.java","selected","752","778","2481579.java","selected","893","919"
"13028546","22246375","4","1.0","593263.java","selected","837","863","2481579.java","selected","893","919"
"2532321","22246375","4","1.0","244622.java","selected","837","863","2481579.java","selected","893","919"
"11319479","22246375","4","1.0","2430560.java","selected","838","864","2481579.java","selected","893","919"
"16388707","22246375","4","1.0","1802351.java","selected","838","864","2481579.java","selected","893","919"
"13902980","22246375","4","1.0","304936.java","selected","835","861","2481579.java","selected","893","919"
"8612647","22246375","4","1.0","707943.java","selected","837","863","2481579.java","selected","893","919"
"4518933","22246375","4","1.0","1496807.java","selected","848","874","2481579.java","selected","893","919"
"12678588","22246375","4","1.0","2510322.java","selected","754","780","2481579.java","selected","893","919"
"21870536","22246375","4","1.0","1876215.java","selected","753","779","2481579.java","selected","893","919"
"11548510","22246375","4","1.0","2640664.java","selected","753","779","2481579.java","selected","893","919"
"4471000","22246375","4","1.0","2229382.java","selected","838","864","2481579.java","selected","893","919"
"17456565","22246375","4","1.0","2038811.java","selected","838","864","2481579.java","selected","893","919"
"19912847","22246375","4","1.0","419020.java","selected","901","927","2481579.java","selected","893","919"
"9088422","22246375","4","1.0","2348309.java","selected","754","780","2481579.java","selected","893","919"
"12614305","22246375","4","1.0","2339370.java","selected","755","781","2481579.java","selected","893","919"
"22246375","22993367","4","1.0","2481579.java","selected","893","919","2108660.java","selected","923","949"
"21488868","22246375","4","1.0","588446.java","selected","839","865","2481579.java","selected","893","919"
"6061402","22246375","4","1.0","2190287.java","selected","837","863","2481579.java","selected","893","919"
"5523389","17791385","4","1.0","1823751.java","selected","50","58","499481.java","selected","849","857"
"13783899","19142736","4","1.0","1966020.java","selected","894","920","1402632.java","selected","838","864"
"7132186","19142736","4","1.0","364540.java","selected","871","897","1402632.java","selected","838","864"
"9693857","19142736","4","1.0","964253.java","selected","874","900","1402632.java","selected","838","864"
"18731110","19142736","4","1.0","2365821.java","selected","874","900","1402632.java","selected","838","864"
"1966263","19142736","4","1.0","1483221.java","selected","872","898","1402632.java","selected","838","864"
"8778962","19142736","4","1.0","2599719.java","selected","874","900","1402632.java","selected","838","864"
"411631","19142736","4","1.0","77069.java","default","872","898","1402632.java","selected","838","864"
"19142736","19912848","4","1.0","1402632.java","selected","838","864","419020.java","selected","939","965"
"19142736","21488869","4","1.0","1402632.java","selected","838","864","588446.java","selected","875","901"
"2532322","19142736","4","1.0","244622.java","selected","873","899","1402632.java","selected","838","864"
"16351776","19142736","4","1.0","1931054.java","selected","874","900","1402632.java","selected","838","864"
"4518934","19142736","4","1.0","1496807.java","selected","884","910","1402632.java","selected","838","864"
"948487","19142736","4","1.0","16883.java","default","889","915","1402632.java","selected","838","864"
"8625347","19142736","4","1.0","2429982.java","selected","872","898","1402632.java","selected","838","864"
"4471001","19142736","4","1.0","2229382.java","selected","874","900","1402632.java","selected","838","864"
"19142736","22993368","4","1.0","1402632.java","selected","838","864","2108660.java","selected","959","985"
"9088423","19142736","4","1.0","2348309.java","selected","790","816","1402632.java","selected","838","864"
"9325670","11993046","4","1.0","1262585.java","selected","54","66","1752530.java","selected","128","140"
"2418918","9325670","4","1.0","1632727.java","selected","129","141","1262585.java","selected","54","66"
"6244936","13783899","4","1.0","183804.java","selected","752","778","1966020.java","selected","894","920"
"13028546","13783899","4","1.0","593263.java","selected","837","863","1966020.java","selected","894","920"
"2532321","13783899","4","1.0","244622.java","selected","837","863","1966020.java","selected","894","920"
"11319479","13783899","4","1.0","2430560.java","selected","838","864","1966020.java","selected","894","920"
"13783899","16388707","4","1.0","1966020.java","selected","894","920","1802351.java","selected","838","864"
"13783899","13902980","4","1.0","1966020.java","selected","894","920","304936.java","selected","835","861"
"8612647","13783899","4","1.0","707943.java","selected","837","863","1966020.java","selected","894","920"
"4518933","13783899","4","1.0","1496807.java","selected","848","874","1966020.java","selected","894","920"
"12678588","13783899","4","1.0","2510322.java","selected","754","780","1966020.java","selected","894","920"
"13783899","21870536","4","1.0","1966020.java","selected","894","920","1876215.java","selected","753","779"
"11548510","13783899","4","1.0","2640664.java","selected","753","779","1966020.java","selected","894","920"
"4471000","13783899","4","1.0","2229382.java","selected","838","864","1966020.java","selected","894","920"
"13783899","17456565","4","1.0","1966020.java","selected","894","920","2038811.java","selected","838","864"
"13783899","19912847","4","1.0","1966020.java","selected","894","920","419020.java","selected","901","927"
"9088422","13783899","4","1.0","2348309.java","selected","754","780","1966020.java","selected","894","920"
"12614305","13783899","4","1.0","2339370.java","selected","755","781","1966020.java","selected","894","920"
"13783899","22993367","4","1.0","1966020.java","selected","894","920","2108660.java","selected","923","949"
"13783899","21488868","4","1.0","1966020.java","selected","894","920","588446.java","selected","839","865"
"6061402","13783899","4","1.0","2190287.java","selected","837","863","1966020.java","selected","894","920"
"6244936","7132186","4","1.0","183804.java","selected","752","778","364540.java","selected","871","897"
"7132186","13028546","4","1.0","364540.java","selected","871","897","593263.java","selected","837","863"
"2532321","7132186","4","1.0","244622.java","selected","837","863","364540.java","selected","871","897"
"7132186","11319479","4","1.0","364540.java","selected","871","897","2430560.java","selected","838","864"
"7132186","16388707","4","1.0","364540.java","selected","871","897","1802351.java","selected","838","864"
"7132186","13902980","4","1.0","364540.java","selected","871","897","304936.java","selected","835","861"
"7132186","8612647","4","1.0","364540.java","selected","871","897","707943.java","selected","837","863"
"4518933","7132186","4","1.0","1496807.java","selected","848","874","364540.java","selected","871","897"
"7132186","12678588","4","1.0","364540.java","selected","871","897","2510322.java","selected","754","780"
"7132186","21870536","4","1.0","364540.java","selected","871","897","1876215.java","selected","753","779"
"7132186","11548510","4","1.0","364540.java","selected","871","897","2640664.java","selected","753","779"
"4471000","7132186","4","1.0","2229382.java","selected","838","864","364540.java","selected","871","897"
"7132186","17456565","4","1.0","364540.java","selected","871","897","2038811.java","selected","838","864"
"7132186","19912847","4","1.0","364540.java","selected","871","897","419020.java","selected","901","927"
"7132186","9088422","4","1.0","364540.java","selected","871","897","2348309.java","selected","754","780"
"7132186","12614305","4","1.0","364540.java","selected","871","897","2339370.java","selected","755","781"
"7132186","22993367","4","1.0","364540.java","selected","871","897","2108660.java","selected","923","949"
"7132186","21488868","4","1.0","364540.java","selected","871","897","588446.java","selected","839","865"
"6061402","7132186","4","1.0","2190287.java","selected","837","863","364540.java","selected","871","897"
"6244936","9693857","4","1.0","183804.java","selected","752","778","964253.java","selected","874","900"
"9693857","13028546","4","1.0","964253.java","selected","874","900","593263.java","selected","837","863"
"2532321","9693857","4","1.0","244622.java","selected","837","863","964253.java","selected","874","900"
"9693857","11319479","4","1.0","964253.java","selected","874","900","2430560.java","selected","838","864"
"9693857","16388707","4","1.0","964253.java","selected","874","900","1802351.java","selected","838","864"
"9693857","13902980","4","1.0","964253.java","selected","874","900","304936.java","selected","835","861"
"8612647","9693857","4","1.0","707943.java","selected","837","863","964253.java","selected","874","900"
"4518933","9693857","4","1.0","1496807.java","selected","848","874","964253.java","selected","874","900"
"9693857","12678588","4","1.0","964253.java","selected","874","900","2510322.java","selected","754","780"
"9693857","21870536","4","1.0","964253.java","selected","874","900","1876215.java","selected","753","779"
"9693857","11548510","4","1.0","964253.java","selected","874","900","2640664.java","selected","753","779"
"4471000","9693857","4","1.0","2229382.java","selected","838","864","964253.java","selected","874","900"
"9693857","17456565","4","1.0","964253.java","selected","874","900","2038811.java","selected","838","864"
"9693857","19912847","4","1.0","964253.java","selected","874","900","419020.java","selected","901","927"
"9088422","9693857","4","1.0","2348309.java","selected","754","780","964253.java","selected","874","900"
"9693857","12614305","4","1.0","964253.java","selected","874","900","2339370.java","selected","755","781"
"9693857","22993367","4","1.0","964253.java","selected","874","900","2108660.java","selected","923","949"
"9693857","21488868","4","1.0","964253.java","selected","874","900","588446.java","selected","839","865"
"6061402","9693857","4","1.0","2190287.java","selected","837","863","964253.java","selected","874","900"
"18542300","19290859","4","1.0","999982.java","selected","18","24","464186.java","selected","27","33"
"17857284","19290859","4","1.0","685601.java","selected","89","95","464186.java","selected","27","33"
"14129929","19290859","4","1.0","2088123.java","selected","40","46","464186.java","selected","27","33"
"6980854","11993046","4","1.0","567178.java","selected","45","57","1752530.java","selected","128","140"
"11993046","23613195","4","1.0","1752530.java","selected","128","140","215042.java","selected","58","70"
"1424647","11993046","4","1.0","2082.java","selected","64","76","1752530.java","selected","128","140"
"12626919","12626920","4","1.0","1982357.java","selected","35","41","1982357.java","selected","43","49"
"6244936","18731110","4","1.0","183804.java","selected","752","778","2365821.java","selected","874","900"
"1966263","6244936","4","1.0","1483221.java","selected","872","898","183804.java","selected","752","778"
"6244936","8778962","4","1.0","183804.java","selected","752","778","2599719.java","selected","874","900"
"411631","6244936","4","1.0","77069.java","default","872","898","183804.java","selected","752","778"
"6244936","19912848","4","1.0","183804.java","selected","752","778","419020.java","selected","939","965"
"6244936","21488869","4","1.0","183804.java","selected","752","778","588446.java","selected","875","901"
"2532322","6244936","4","1.0","244622.java","selected","873","899","183804.java","selected","752","778"
"6244936","16351776","4","1.0","183804.java","selected","752","778","1931054.java","selected","874","900"
"4518934","6244936","4","1.0","1496807.java","selected","884","910","183804.java","selected","752","778"
"948487","6244936","4","1.0","16883.java","default","889","915","183804.java","selected","752","778"
"6244936","8625347","4","1.0","183804.java","selected","752","778","2429982.java","selected","872","898"
"4471001","6244936","4","1.0","2229382.java","selected","874","900","183804.java","selected","752","778"
"6244936","22993368","4","1.0","183804.java","selected","752","778","2108660.java","selected","959","985"
"6244936","9088423","4","1.0","183804.java","selected","752","778","2348309.java","selected","790","816"
"9219797","9219798","4","1.0","893534.java","selected","128","139","893534.java","selected","150","161"
"2418918","6980854","4","1.0","1632727.java","selected","129","141","567178.java","selected","45","57"
"2418918","23613195","4","1.0","1632727.java","selected","129","141","215042.java","selected","58","70"
"1424647","2418918","4","1.0","2082.java","selected","64","76","1632727.java","selected","129","141"
"13028546","18731110","4","1.0","593263.java","selected","837","863","2365821.java","selected","874","900"
"1966263","13028546","4","1.0","1483221.java","selected","872","898","593263.java","selected","837","863"
"8778962","13028546","4","1.0","2599719.java","selected","874","900","593263.java","selected","837","863"
"411631","13028546","4","1.0","77069.java","default","872","898","593263.java","selected","837","863"
"13028546","19912848","4","1.0","593263.java","selected","837","863","419020.java","selected","939","965"
"13028546","21488869","4","1.0","593263.java","selected","837","863","588446.java","selected","875","901"
"2532322","13028546","4","1.0","244622.java","selected","873","899","593263.java","selected","837","863"
"13028546","16351776","4","1.0","593263.java","selected","837","863","1931054.java","selected","874","900"
"4518934","13028546","4","1.0","1496807.java","selected","884","910","593263.java","selected","837","863"
"948487","13028546","4","1.0","16883.java","default","889","915","593263.java","selected","837","863"
"8625347","13028546","4","1.0","2429982.java","selected","872","898","593263.java","selected","837","863"
"4471001","13028546","4","1.0","2229382.java","selected","874","900","593263.java","selected","837","863"
"13028546","22993368","4","1.0","593263.java","selected","837","863","2108660.java","selected","959","985"
"9088423","13028546","4","1.0","2348309.java","selected","790","816","593263.java","selected","837","863"
"2532321","18731110","4","1.0","244622.java","selected","837","863","2365821.java","selected","874","900"
"11319479","18731110","4","1.0","2430560.java","selected","838","864","2365821.java","selected","874","900"
"16388707","18731110","4","1.0","1802351.java","selected","838","864","2365821.java","selected","874","900"
"13902980","18731110","4","1.0","304936.java","selected","835","861","2365821.java","selected","874","900"
"8612647","18731110","4","1.0","707943.java","selected","837","863","2365821.java","selected","874","900"
"4518933","18731110","4","1.0","1496807.java","selected","848","874","2365821.java","selected","874","900"
"12678588","18731110","4","1.0","2510322.java","selected","754","780","2365821.java","selected","874","900"
"18731110","21870536","4","1.0","2365821.java","selected","874","900","1876215.java","selected","753","779"
"11548510","18731110","4","1.0","2640664.java","selected","753","779","2365821.java","selected","874","900"
"4471000","18731110","4","1.0","2229382.java","selected","838","864","2365821.java","selected","874","900"
"17456565","18731110","4","1.0","2038811.java","selected","838","864","2365821.java","selected","874","900"
"18731110","19912847","4","1.0","2365821.java","selected","874","900","419020.java","selected","901","927"
"9088422","18731110","4","1.0","2348309.java","selected","754","780","2365821.java","selected","874","900"
"12614305","18731110","4","1.0","2339370.java","selected","755","781","2365821.java","selected","874","900"
"18731110","22993367","4","1.0","2365821.java","selected","874","900","2108660.java","selected","923","949"
"18731110","21488868","4","1.0","2365821.java","selected","874","900","588446.java","selected","839","865"
"6061402","18731110","4","1.0","2190287.java","selected","837","863","2365821.java","selected","874","900"
"1966263","2532321","4","1.0","1483221.java","selected","872","898","244622.java","selected","837","863"
"1966263","11319479","4","1.0","1483221.java","selected","872","898","2430560.java","selected","838","864"
"1966263","16388707","4","1.0","1483221.java","selected","872","898","1802351.java","selected","838","864"
"1966263","13902980","4","1.0","1483221.java","selected","872","898","304936.java","selected","835","861"
"1966263","8612647","4","1.0","1483221.java","selected","872","898","707943.java","selected","837","863"
"1966263","4518933","4","1.0","1483221.java","selected","872","898","1496807.java","selected","848","874"
"1966263","12678588","4","1.0","1483221.java","selected","872","898","2510322.java","selected","754","780"
"1966263","21870536","4","1.0","1483221.java","selected","872","898","1876215.java","selected","753","779"
"1966263","11548510","4","1.0","1483221.java","selected","872","898","2640664.java","selected","753","779"
"1966263","4471000","4","1.0","1483221.java","selected","872","898","2229382.java","selected","838","864"
"1966263","17456565","4","1.0","1483221.java","selected","872","898","2038811.java","selected","838","864"
"1966263","19912847","4","1.0","1483221.java","selected","872","898","419020.java","selected","901","927"
"1966263","9088422","4","1.0","1483221.java","selected","872","898","2348309.java","selected","754","780"
"1966263","12614305","4","1.0","1483221.java","selected","872","898","2339370.java","selected","755","781"
"1966263","22993367","4","1.0","1483221.java","selected","872","898","2108660.java","selected","923","949"
"1966263","21488868","4","1.0","1483221.java","selected","872","898","588446.java","selected","839","865"
"1966263","6061402","4","1.0","1483221.java","selected","872","898","2190287.java","selected","837","863"
"16098010","20082006","4","1.0","2687364.java","selected","24","30","1893527.java","selected","47","53"
"4716110","16098010","4","1.0","1796857.java","selected","36","42","2687364.java","selected","24","30"
"2532321","8778962","4","1.0","244622.java","selected","837","863","2599719.java","selected","874","900"
"411631","2532321","4","1.0","77069.java","default","872","898","244622.java","selected","837","863"
"2532321","19912848","4","1.0","244622.java","selected","837","863","419020.java","selected","939","965"
"2532321","21488869","4","1.0","244622.java","selected","837","863","588446.java","selected","875","901"
"2532321","2532322","4","1.0","244622.java","selected","837","863","244622.java","selected","873","899"
"2532321","16351776","4","1.0","244622.java","selected","837","863","1931054.java","selected","874","900"
"2532321","4518934","4","1.0","244622.java","selected","837","863","1496807.java","selected","884","910"
"948487","2532321","4","1.0","16883.java","default","889","915","244622.java","selected","837","863"
"2532321","8625347","4","1.0","244622.java","selected","837","863","2429982.java","selected","872","898"
"2532321","4471001","4","1.0","244622.java","selected","837","863","2229382.java","selected","874","900"
"2532321","22993368","4","1.0","244622.java","selected","837","863","2108660.java","selected","959","985"
"2532321","9088423","4","1.0","244622.java","selected","837","863","2348309.java","selected","790","816"
"8778962","11319479","4","1.0","2599719.java","selected","874","900","2430560.java","selected","838","864"
"411631","11319479","4","1.0","77069.java","default","872","898","2430560.java","selected","838","864"
"11319479","19912848","4","1.0","2430560.java","selected","838","864","419020.java","selected","939","965"
"11319479","21488869","4","1.0","2430560.java","selected","838","864","588446.java","selected","875","901"
"2532322","11319479","4","1.0","244622.java","selected","873","899","2430560.java","selected","838","864"
"11319479","16351776","4","1.0","2430560.java","selected","838","864","1931054.java","selected","874","900"
"4518934","11319479","4","1.0","1496807.java","selected","884","910","2430560.java","selected","838","864"
"948487","11319479","4","1.0","16883.java","default","889","915","2430560.java","selected","838","864"
"8625347","11319479","4","1.0","2429982.java","selected","872","898","2430560.java","selected","838","864"
"4471001","11319479","4","1.0","2229382.java","selected","874","900","2430560.java","selected","838","864"
"11319479","22993368","4","1.0","2430560.java","selected","838","864","2108660.java","selected","959","985"
"9088423","11319479","4","1.0","2348309.java","selected","790","816","2430560.java","selected","838","864"
"8778962","16388707","4","1.0","2599719.java","selected","874","900","1802351.java","selected","838","864"
"8778962","13902980","4","1.0","2599719.java","selected","874","900","304936.java","selected","835","861"
"8612647","8778962","4","1.0","707943.java","selected","837","863","2599719.java","selected","874","900"
"4518933","8778962","4","1.0","1496807.java","selected","848","874","2599719.java","selected","874","900"
"8778962","12678588","4","1.0","2599719.java","selected","874","900","2510322.java","selected","754","780"
"8778962","21870536","4","1.0","2599719.java","selected","874","900","1876215.java","selected","753","779"
"8778962","11548510","4","1.0","2599719.java","selected","874","900","2640664.java","selected","753","779"
"4471000","8778962","4","1.0","2229382.java","selected","838","864","2599719.java","selected","874","900"
"8778962","17456565","4","1.0","2599719.java","selected","874","900","2038811.java","selected","838","864"
"8778962","19912847","4","1.0","2599719.java","selected","874","900","419020.java","selected","901","927"
"8778962","9088422","4","1.0","2599719.java","selected","874","900","2348309.java","selected","754","780"
"8778962","12614305","4","1.0","2599719.java","selected","874","900","2339370.java","selected","755","781"
"8778962","22993367","4","1.0","2599719.java","selected","874","900","2108660.java","selected","923","949"
"8778962","21488868","4","1.0","2599719.java","selected","874","900","588446.java","selected","839","865"
"6061402","8778962","4","1.0","2190287.java","selected","837","863","2599719.java","selected","874","900"
"15102902","15102903","4","1.0","469461.java","selected","138","149","469461.java","selected","159","170"
"4889271","15854368","4","1.0","1208869.java","selected","735","747","861615.java","selected","708","720"
"13292295","15854368","4","1.0","356375.java","selected","829","841","861615.java","selected","708","720"
"10524166","15854368","4","1.0","2672764.java","selected","217","229","861615.java","selected","708","720"
"411631","16388707","4","1.0","77069.java","default","872","898","1802351.java","selected","838","864"
"16388707","19912848","4","1.0","1802351.java","selected","838","864","419020.java","selected","939","965"
"16388707","21488869","4","1.0","1802351.java","selected","838","864","588446.java","selected","875","901"
"2532322","16388707","4","1.0","244622.java","selected","873","899","1802351.java","selected","838","864"
"16351776","16388707","4","1.0","1931054.java","selected","874","900","1802351.java","selected","838","864"
"4518934","16388707","4","1.0","1496807.java","selected","884","910","1802351.java","selected","838","864"
"948487","16388707","4","1.0","16883.java","default","889","915","1802351.java","selected","838","864"
"8625347","16388707","4","1.0","2429982.java","selected","872","898","1802351.java","selected","838","864"
"4471001","16388707","4","1.0","2229382.java","selected","874","900","1802351.java","selected","838","864"
"16388707","22993368","4","1.0","1802351.java","selected","838","864","2108660.java","selected","959","985"
"9088423","16388707","4","1.0","2348309.java","selected","790","816","1802351.java","selected","838","864"
"411631","13902980","4","1.0","77069.java","default","872","898","304936.java","selected","835","861"
"411631","8612647","4","1.0","77069.java","default","872","898","707943.java","selected","837","863"
"411631","4518933","4","1.0","77069.java","default","872","898","1496807.java","selected","848","874"
"411631","12678588","4","1.0","77069.java","default","872","898","2510322.java","selected","754","780"
"411631","21870536","4","1.0","77069.java","default","872","898","1876215.java","selected","753","779"
"411631","11548510","4","1.0","77069.java","default","872","898","2640664.java","selected","753","779"
"411631","4471000","4","1.0","77069.java","default","872","898","2229382.java","selected","838","864"
"411631","17456565","4","1.0","77069.java","default","872","898","2038811.java","selected","838","864"
"411631","19912847","4","1.0","77069.java","default","872","898","419020.java","selected","901","927"
"411631","9088422","4","1.0","77069.java","default","872","898","2348309.java","selected","754","780"
"411631","12614305","4","1.0","77069.java","default","872","898","2339370.java","selected","755","781"
"411631","22993367","4","1.0","77069.java","default","872","898","2108660.java","selected","923","949"
"411631","21488868","4","1.0","77069.java","default","872","898","588446.java","selected","839","865"
"411631","6061402","4","1.0","77069.java","default","872","898","2190287.java","selected","837","863"
"4960417","4960419","4","1.0","1909072.java","selected","136","149","1909072.java","selected","177","190"
"13902980","19912848","4","1.0","304936.java","selected","835","861","419020.java","selected","939","965"
"13902980","21488869","4","1.0","304936.java","selected","835","861","588446.java","selected","875","901"
"2532322","13902980","4","1.0","244622.java","selected","873","899","304936.java","selected","835","861"
"13902980","16351776","4","1.0","304936.java","selected","835","861","1931054.java","selected","874","900"
"4518934","13902980","4","1.0","1496807.java","selected","884","910","304936.java","selected","835","861"
"948487","13902980","4","1.0","16883.java","default","889","915","304936.java","selected","835","861"
"8625347","13902980","4","1.0","2429982.java","selected","872","898","304936.java","selected","835","861"
"4471001","13902980","4","1.0","2229382.java","selected","874","900","304936.java","selected","835","861"
"13902980","22993368","4","1.0","304936.java","selected","835","861","2108660.java","selected","959","985"
"9088423","13902980","4","1.0","2348309.java","selected","790","816","304936.java","selected","835","861"
"8612647","19912848","4","1.0","707943.java","selected","837","863","419020.java","selected","939","965"
"8612647","21488869","4","1.0","707943.java","selected","837","863","588446.java","selected","875","901"
"2532322","8612647","4","1.0","244622.java","selected","873","899","707943.java","selected","837","863"
"8612647","16351776","4","1.0","707943.java","selected","837","863","1931054.java","selected","874","900"
"4518934","8612647","4","1.0","1496807.java","selected","884","910","707943.java","selected","837","863"
"948487","8612647","4","1.0","16883.java","default","889","915","707943.java","selected","837","863"
"8612647","8625347","4","1.0","707943.java","selected","837","863","2429982.java","selected","872","898"
"4471001","8612647","4","1.0","2229382.java","selected","874","900","707943.java","selected","837","863"
"8612647","22993368","4","1.0","707943.java","selected","837","863","2108660.java","selected","959","985"
"8612647","9088423","4","1.0","707943.java","selected","837","863","2348309.java","selected","790","816"
"2687277","2687278","4","1.0","598137.java","selected","37","61","598137.java","selected","63","87"
"5523389","13834118","4","1.0","1823751.java","selected","50","58","591946.java","selected","827","835"
"4518933","19912848","4","1.0","1496807.java","selected","848","874","419020.java","selected","939","965"
"12678588","19912848","4","1.0","2510322.java","selected","754","780","419020.java","selected","939","965"
"19912848","21870536","4","1.0","419020.java","selected","939","965","1876215.java","selected","753","779"
"11548510","19912848","4","1.0","2640664.java","selected","753","779","419020.java","selected","939","965"
"4471000","19912848","4","1.0","2229382.java","selected","838","864","419020.java","selected","939","965"
"17456565","19912848","4","1.0","2038811.java","selected","838","864","419020.java","selected","939","965"
"19912847","19912848","4","1.0","419020.java","selected","901","927","419020.java","selected","939","965"
"9088422","19912848","4","1.0","2348309.java","selected","754","780","419020.java","selected","939","965"
"12614305","19912848","4","1.0","2339370.java","selected","755","781","419020.java","selected","939","965"
"19912848","22993367","4","1.0","419020.java","selected","939","965","2108660.java","selected","923","949"
"19912848","21488868","4","1.0","419020.java","selected","939","965","588446.java","selected","839","865"
"6061402","19912848","4","1.0","2190287.java","selected","837","863","419020.java","selected","939","965"
"4518933","21488869","4","1.0","1496807.java","selected","848","874","588446.java","selected","875","901"
"2532322","4518933","4","1.0","244622.java","selected","873","899","1496807.java","selected","848","874"
"4518933","16351776","4","1.0","1496807.java","selected","848","874","1931054.java","selected","874","900"
"4518933","4518934","4","1.0","1496807.java","selected","848","874","1496807.java","selected","884","910"
"948487","4518933","4","1.0","16883.java","default","889","915","1496807.java","selected","848","874"
"4518933","8625347","4","1.0","1496807.java","selected","848","874","2429982.java","selected","872","898"
"4471001","4518933","4","1.0","2229382.java","selected","874","900","1496807.java","selected","848","874"
"4518933","22993368","4","1.0","1496807.java","selected","848","874","2108660.java","selected","959","985"
"4518933","9088423","4","1.0","1496807.java","selected","848","874","2348309.java","selected","790","816"
"3253028","19251430","4","1.0","1699062.java","selected","201","215","2283235.java","selected","197","211"
"2538511","9592646","4","1.0","2260531.java","selected","504","511","580446.java","selected","7","14"
"9592646","10878062","4","1.0","580446.java","selected","7","14","463196.java","selected","251","258"
"12678588","21488869","4","1.0","2510322.java","selected","754","780","588446.java","selected","875","901"
"2532322","12678588","4","1.0","244622.java","selected","873","899","2510322.java","selected","754","780"
"12678588","16351776","4","1.0","2510322.java","selected","754","780","1931054.java","selected","874","900"
"4518934","12678588","4","1.0","1496807.java","selected","884","910","2510322.java","selected","754","780"
"948487","12678588","4","1.0","16883.java","default","889","915","2510322.java","selected","754","780"
"8625347","12678588","4","1.0","2429982.java","selected","872","898","2510322.java","selected","754","780"
"4471001","12678588","4","1.0","2229382.java","selected","874","900","2510322.java","selected","754","780"
"12678588","22993368","4","1.0","2510322.java","selected","754","780","2108660.java","selected","959","985"
"9088423","12678588","4","1.0","2348309.java","selected","790","816","2510322.java","selected","754","780"
"21488869","21870536","4","1.0","588446.java","selected","875","901","1876215.java","selected","753","779"
"2532322","21870536","4","1.0","244622.java","selected","873","899","1876215.java","selected","753","779"
"16351776","21870536","4","1.0","1931054.java","selected","874","900","1876215.java","selected","753","779"
"4518934","21870536","4","1.0","1496807.java","selected","884","910","1876215.java","selected","753","779"
"948487","21870536","4","1.0","16883.java","default","889","915","1876215.java","selected","753","779"
"8625347","21870536","4","1.0","2429982.java","selected","872","898","1876215.java","selected","753","779"
"4471001","21870536","4","1.0","2229382.java","selected","874","900","1876215.java","selected","753","779"
"21870536","22993368","4","1.0","1876215.java","selected","753","779","2108660.java","selected","959","985"
"9088423","21870536","4","1.0","2348309.java","selected","790","816","1876215.java","selected","753","779"
"11548510","21488869","4","1.0","2640664.java","selected","753","779","588446.java","selected","875","901"
"4471000","21488869","4","1.0","2229382.java","selected","838","864","588446.java","selected","875","901"
"17456565","21488869","4","1.0","2038811.java","selected","838","864","588446.java","selected","875","901"
"19912847","21488869","4","1.0","419020.java","selected","901","927","588446.java","selected","875","901"
"9088422","21488869","4","1.0","2348309.java","selected","754","780","588446.java","selected","875","901"
"12614305","21488869","4","1.0","2339370.java","selected","755","781","588446.java","selected","875","901"
"21488869","22993367","4","1.0","588446.java","selected","875","901","2108660.java","selected","923","949"
"21488868","21488869","4","1.0","588446.java","selected","839","865","588446.java","selected","875","901"
"6061402","21488869","4","1.0","2190287.java","selected","837","863","588446.java","selected","875","901"
"4716110","20082006","4","1.0","1796857.java","selected","36","42","1893527.java","selected","47","53"
"17857284","18542300","4","1.0","685601.java","selected","89","95","999982.java","selected","18","24"
"14129929","18542300","4","1.0","2088123.java","selected","40","46","999982.java","selected","18","24"
"2532322","11548510","4","1.0","244622.java","selected","873","899","2640664.java","selected","753","779"
"11548510","16351776","4","1.0","2640664.java","selected","753","779","1931054.java","selected","874","900"
"4518934","11548510","4","1.0","1496807.java","selected","884","910","2640664.java","selected","753","779"
"948487","11548510","4","1.0","16883.java","default","889","915","2640664.java","selected","753","779"
"8625347","11548510","4","1.0","2429982.java","selected","872","898","2640664.java","selected","753","779"
"4471001","11548510","4","1.0","2229382.java","selected","874","900","2640664.java","selected","753","779"
"11548510","22993368","4","1.0","2640664.java","selected","753","779","2108660.java","selected","959","985"
"9088423","11548510","4","1.0","2348309.java","selected","790","816","2640664.java","selected","753","779"
"14341904","18865693","4","1.0","1669355.java","selected","59","66","1194610.java","selected","180","187"
"2532322","4471000","4","1.0","244622.java","selected","873","899","2229382.java","selected","838","864"
"2532322","17456565","4","1.0","244622.java","selected","873","899","2038811.java","selected","838","864"
"2532322","19912847","4","1.0","244622.java","selected","873","899","419020.java","selected","901","927"
"2532322","9088422","4","1.0","244622.java","selected","873","899","2348309.java","selected","754","780"
"2532322","12614305","4","1.0","244622.java","selected","873","899","2339370.java","selected","755","781"
"2532322","22993367","4","1.0","244622.java","selected","873","899","2108660.java","selected","923","949"
"2532322","21488868","4","1.0","244622.java","selected","873","899","588446.java","selected","839","865"
"2532322","6061402","4","1.0","244622.java","selected","873","899","2190287.java","selected","837","863"
"17119759","17119760","4","1.0","1990911.java","selected","20","29","1990911.java","selected","31","40"
"4471000","16351776","4","1.0","2229382.java","selected","838","864","1931054.java","selected","874","900"
"16351776","17456565","4","1.0","1931054.java","selected","874","900","2038811.java","selected","838","864"
"16351776","19912847","4","1.0","1931054.java","selected","874","900","419020.java","selected","901","927"
"9088422","16351776","4","1.0","2348309.java","selected","754","780","1931054.java","selected","874","900"
"12614305","16351776","4","1.0","2339370.java","selected","755","781","1931054.java","selected","874","900"
"16351776","22993367","4","1.0","1931054.java","selected","874","900","2108660.java","selected","923","949"
"16351776","21488868","4","1.0","1931054.java","selected","874","900","588446.java","selected","839","865"
"6061402","16351776","4","1.0","2190287.java","selected","837","863","1931054.java","selected","874","900"
"4471000","4518934","4","1.0","2229382.java","selected","838","864","1496807.java","selected","884","910"
"948487","4471000","4","1.0","16883.java","default","889","915","2229382.java","selected","838","864"
"4471000","8625347","4","1.0","2229382.java","selected","838","864","2429982.java","selected","872","898"
"4471000","4471001","4","1.0","2229382.java","selected","838","864","2229382.java","selected","874","900"
"4471000","22993368","4","1.0","2229382.java","selected","838","864","2108660.java","selected","959","985"
"4471000","9088423","4","1.0","2229382.java","selected","838","864","2348309.java","selected","790","816"
"4518934","17456565","4","1.0","1496807.java","selected","884","910","2038811.java","selected","838","864"
"948487","17456565","4","1.0","16883.java","default","889","915","2038811.java","selected","838","864"
"8625347","17456565","4","1.0","2429982.java","selected","872","898","2038811.java","selected","838","864"
"4471001","17456565","4","1.0","2229382.java","selected","874","900","2038811.java","selected","838","864"
"17456565","22993368","4","1.0","2038811.java","selected","838","864","2108660.java","selected","959","985"
"9088423","17456565","4","1.0","2348309.java","selected","790","816","2038811.java","selected","838","864"
"18457132","21308543","4","1.0","1600186.java","selected","565","571","2617201.java","selected","204","210"
"4518934","19912847","4","1.0","1496807.java","selected","884","910","419020.java","selected","901","927"
"948487","19912847","4","1.0","16883.java","default","889","915","419020.java","selected","901","927"
"8625347","19912847","4","1.0","2429982.java","selected","872","898","419020.java","selected","901","927"
"4471001","19912847","4","1.0","2229382.java","selected","874","900","419020.java","selected","901","927"
"19912847","22993368","4","1.0","419020.java","selected","901","927","2108660.java","selected","959","985"
"9088423","19912847","4","1.0","2348309.java","selected","790","816","419020.java","selected","901","927"
"4518934","9088422","4","1.0","1496807.java","selected","884","910","2348309.java","selected","754","780"
"4518934","12614305","4","1.0","1496807.java","selected","884","910","2339370.java","selected","755","781"
"4518934","22993367","4","1.0","1496807.java","selected","884","910","2108660.java","selected","923","949"
"4518934","21488868","4","1.0","1496807.java","selected","884","910","588446.java","selected","839","865"
"4518934","6061402","4","1.0","1496807.java","selected","884","910","2190287.java","selected","837","863"
"948487","9088422","4","1.0","16883.java","default","889","915","2348309.java","selected","754","780"
"8625347","9088422","4","1.0","2429982.java","selected","872","898","2348309.java","selected","754","780"
"4471001","9088422","4","1.0","2229382.java","selected","874","900","2348309.java","selected","754","780"
"9088422","22993368","4","1.0","2348309.java","selected","754","780","2108660.java","selected","959","985"
"9088422","9088423","4","1.0","2348309.java","selected","754","780","2348309.java","selected","790","816"
"948487","12614305","4","1.0","16883.java","default","889","915","2339370.java","selected","755","781"
"8625347","12614305","4","1.0","2429982.java","selected","872","898","2339370.java","selected","755","781"
"4471001","12614305","4","1.0","2229382.java","selected","874","900","2339370.java","selected","755","781"
"12614305","22993368","4","1.0","2339370.java","selected","755","781","2108660.java","selected","959","985"
"9088423","12614305","4","1.0","2348309.java","selected","790","816","2339370.java","selected","755","781"
"14129929","17857284","4","1.0","2088123.java","selected","40","46","685601.java","selected","89","95"
"948487","22993367","4","1.0","16883.java","default","889","915","2108660.java","selected","923","949"
"8625347","22993367","4","1.0","2429982.java","selected","872","898","2108660.java","selected","923","949"
"4471001","22993367","4","1.0","2229382.java","selected","874","900","2108660.java","selected","923","949"
"22993367","22993368","4","1.0","2108660.java","selected","923","949","2108660.java","selected","959","985"
"9088423","22993367","4","1.0","2348309.java","selected","790","816","2108660.java","selected","923","949"
"948487","21488868","4","1.0","16883.java","default","889","915","588446.java","selected","839","865"
"8625347","21488868","4","1.0","2429982.java","selected","872","898","588446.java","selected","839","865"
"4471001","21488868","4","1.0","2229382.java","selected","874","900","588446.java","selected","839","865"
"21488868","22993368","4","1.0","588446.java","selected","839","865","2108660.java","selected","959","985"
"9088423","21488868","4","1.0","2348309.java","selected","790","816","588446.java","selected","839","865"
"948487","6061402","4","1.0","16883.java","default","889","915","2190287.java","selected","837","863"
"2538511","10878062","4","1.0","2260531.java","selected","504","511","463196.java","selected","251","258"
"6061402","8625347","4","1.0","2190287.java","selected","837","863","2429982.java","selected","872","898"
"4471001","6061402","4","1.0","2229382.java","selected","874","900","2190287.java","selected","837","863"
"6061402","22993368","4","1.0","2190287.java","selected","837","863","2108660.java","selected","959","985"
"6061402","9088423","4","1.0","2190287.java","selected","837","863","2348309.java","selected","790","816"
"2086683","2086684","7","1.0","2630946.java","selected","221","237","2630946.java","selected","242","258"
"12483251","21779336","7","1.0","952281.java","selected","230","284","2055948.java","selected","230","284"
"12483251","12646326","7","1.0","952281.java","selected","230","284","638915.java","selected","230","284"
"12646326","21779336","7","1.0","638915.java","selected","230","284","2055948.java","selected","230","284"
"7843322","17806538","8","1.0","701343.java","selected","51","70","443314.java","selected","52","71"
"7843322","9857940","8","1.0","701343.java","selected","51","70","1209675.java","selected","52","71"
"3857069","7843322","8","1.0","1255609.java","selected","50","69","701343.java","selected","51","70"
"3088336","7843322","8","1.0","531806.java","selected","52","71","701343.java","selected","51","70"
"3857069","17806538","8","1.0","1255609.java","selected","50","69","443314.java","selected","52","71"
"3857069","9857940","8","1.0","1255609.java","selected","50","69","1209675.java","selected","52","71"
"3088336","3857069","8","1.0","531806.java","selected","52","71","1255609.java","selected","50","69"
"1403912","1403913","29","1.0","1144618.java","selected","177","188","1144618.java","selected","190","201"
"1746343","1746347","29","1.0","2098966.java","selected","24","36","2098966.java","selected","59","71"
"17484945","17484947","20","1.0","592330.java","selected","365","370","592330.java","selected","393","398"
"7767978","19082323","22","1.0","1264057.java","selected","99","260","95926.java","selected","99","260"
"23677195","23677196","31","1.0","FileChooser.java","sample","9","36","FileChooser.java","sample","38","65"
"23677197","23677198","31","1.0","FileChooser.java","sample","67","94","FileChooser.java","sample","96","123"
"97595","154179","31","1.0","100442.java","default","395","401","75101.java","default","376","382"
"97595","97596","31","1.0","100442.java","default","395","401","100442.java","default","406","412"
"97594","97595","31","1.0","100442.java","default","384","390","100442.java","default","395","401"
"97595","216272","31","1.0","100442.java","default","395","401","112293.java","default","362","368"
"97595","154175","31","1.0","100442.java","default","395","401","75101.java","default","332","338"
"97595","154176","31","1.0","100442.java","default","395","401","75101.java","default","343","349"
"97595","154177","31","1.0","100442.java","default","395","401","75101.java","default","354","360"
"97595","216276","31","1.0","100442.java","default","395","401","112293.java","default","406","412"
"97593","97595","31","1.0","100442.java","default","373","379","100442.java","default","395","401"
"97595","216273","31","1.0","100442.java","default","395","401","112293.java","default","373","379"
"97592","97595","31","1.0","100442.java","default","362","368","100442.java","default","395","401"
"97595","216274","31","1.0","100442.java","default","395","401","112293.java","default","384","390"
"97594","154179","31","1.0","100442.java","default","384","390","75101.java","default","376","382"
"154179","216272","31","1.0","75101.java","default","376","382","112293.java","default","362","368"
"154175","154179","31","1.0","75101.java","default","332","338","75101.java","default","376","382"
"154176","154179","31","1.0","75101.java","default","343","349","75101.java","default","376","382"
"154177","154179","31","1.0","75101.java","default","354","360","75101.java","default","376","382"
"154178","154179","31","1.0","75101.java","default","365","371","75101.java","default","376","382"
"154179","216275","31","1.0","75101.java","default","376","382","112293.java","default","395","401"
"97593","154179","31","1.0","100442.java","default","373","379","75101.java","default","376","382"
"154179","216273","31","1.0","75101.java","default","376","382","112293.java","default","373","379"
"97592","154179","31","1.0","100442.java","default","362","368","75101.java","default","376","382"
"154179","216274","31","1.0","75101.java","default","376","382","112293.java","default","384","390"
"97594","97596","31","1.0","100442.java","default","384","390","100442.java","default","406","412"
"97596","216272","31","1.0","100442.java","default","406","412","112293.java","default","362","368"
"97596","154175","31","1.0","100442.java","default","406","412","75101.java","default","332","338"
"97596","154176","31","1.0","100442.java","default","406","412","75101.java","default","343","349"
"97596","154177","31","1.0","100442.java","default","406","412","75101.java","default","354","360"
"97596","154178","31","1.0","100442.java","default","406","412","75101.java","default","365","371"
"97596","216275","31","1.0","100442.java","default","406","412","112293.java","default","395","401"
"97593","97596","31","1.0","100442.java","default","373","379","100442.java","default","406","412"
"97596","216273","31","1.0","100442.java","default","406","412","112293.java","default","373","379"
"97592","97596","31","1.0","100442.java","default","362","368","100442.java","default","406","412"
"97596","216274","31","1.0","100442.java","default","406","412","112293.java","default","384","390"
"97594","216272","31","1.0","100442.java","default","384","390","112293.java","default","362","368"
"97594","154175","31","1.0","100442.java","default","384","390","75101.java","default","332","338"
"97594","154176","31","1.0","100442.java","default","384","390","75101.java","default","343","349"
"97594","154178","31","1.0","100442.java","default","384","390","75101.java","default","365","371"
"97594","216275","31","1.0","100442.java","default","384","390","112293.java","default","395","401"
"97594","216276","31","1.0","100442.java","default","384","390","112293.java","default","406","412"
"97593","97594","31","1.0","100442.java","default","373","379","100442.java","default","384","390"
"97594","216273","31","1.0","100442.java","default","384","390","112293.java","default","373","379"
"97592","97594","31","1.0","100442.java","default","362","368","100442.java","default","384","390"
"154176","216272","31","1.0","75101.java","default","343","349","112293.java","default","362","368"
"154177","216272","31","1.0","75101.java","default","354","360","112293.java","default","362","368"
"154178","216272","31","1.0","75101.java","default","365","371","112293.java","default","362","368"
"216272","216275","31","1.0","112293.java","default","362","368","112293.java","default","395","401"
"216272","216276","31","1.0","112293.java","default","362","368","112293.java","default","406","412"
"97593","216272","31","1.0","100442.java","default","373","379","112293.java","default","362","368"
"216272","216273","31","1.0","112293.java","default","362","368","112293.java","default","373","379"
"216272","216274","31","1.0","112293.java","default","362","368","112293.java","default","384","390"
"12814","12816","31","1.0","103209.java","default","86","96","103209.java","default","101","111"
"154175","154176","31","1.0","75101.java","default","332","338","75101.java","default","343","349"
"154175","154177","31","1.0","75101.java","default","332","338","75101.java","default","354","360"
"154175","154178","31","1.0","75101.java","default","332","338","75101.java","default","365","371"
"154175","216275","31","1.0","75101.java","default","332","338","112293.java","default","395","401"
"154175","216276","31","1.0","75101.java","default","332","338","112293.java","default","406","412"
"97593","154175","31","1.0","100442.java","default","373","379","75101.java","default","332","338"
"154175","216273","31","1.0","75101.java","default","332","338","112293.java","default","373","379"
"154175","216274","31","1.0","75101.java","default","332","338","112293.java","default","384","390"
"222634","222636","31","1.0","104740.java","default","255","269","104740.java","default","280","294"
"154176","154177","31","1.0","75101.java","default","343","349","75101.java","default","354","360"
"154176","154178","31","1.0","75101.java","default","343","349","75101.java","default","365","371"
"154176","216275","31","1.0","75101.java","default","343","349","112293.java","default","395","401"
"154176","216276","31","1.0","75101.java","default","343","349","112293.java","default","406","412"
"97592","154176","31","1.0","100442.java","default","362","368","75101.java","default","343","349"
"154176","216274","31","1.0","75101.java","default","343","349","112293.java","default","384","390"
"278810","278811","31","1.0","54838.java","default","301","309","54838.java","default","311","319"
"154177","154178","31","1.0","75101.java","default","354","360","75101.java","default","365","371"
"154177","216275","31","1.0","75101.java","default","354","360","112293.java","default","395","401"
"154177","216276","31","1.0","75101.java","default","354","360","112293.java","default","406","412"
"97593","154177","31","1.0","100442.java","default","373","379","75101.java","default","354","360"
"154177","216273","31","1.0","75101.java","default","354","360","112293.java","default","373","379"
"97592","154177","31","1.0","100442.java","default","362","368","75101.java","default","354","360"
"154178","216276","31","1.0","75101.java","default","365","371","112293.java","default","406","412"
"97593","154178","31","1.0","100442.java","default","373","379","75101.java","default","365","371"
"154178","216273","31","1.0","75101.java","default","365","371","112293.java","default","373","379"
"97592","154178","31","1.0","100442.java","default","362","368","75101.java","default","365","371"
"154178","216274","31","1.0","75101.java","default","365","371","112293.java","default","384","390"
"69322","96077","31","1.0","17692.java","default","184","204","48037.java","default","123","142"
"216275","216276","31","1.0","112293.java","default","395","401","112293.java","default","406","412"
"97593","216275","31","1.0","100442.java","default","373","379","112293.java","default","395","401"
"216273","216275","31","1.0","112293.java","default","373","379","112293.java","default","395","401"
"97592","216275","31","1.0","100442.java","default","362","368","112293.java","default","395","401"
"216274","216275","31","1.0","112293.java","default","384","390","112293.java","default","395","401"
"97593","216276","31","1.0","100442.java","default","373","379","112293.java","default","406","412"
"216273","216276","31","1.0","112293.java","default","373","379","112293.java","default","406","412"
"97592","216276","31","1.0","100442.java","default","362","368","112293.java","default","406","412"
"216274","216276","31","1.0","112293.java","default","384","390","112293.java","default","406","412"
"97592","97593","31","1.0","100442.java","default","362","368","100442.java","default","373","379"
"97593","216274","31","1.0","100442.java","default","373","379","112293.java","default","384","390"
"97592","216273","31","1.0","100442.java","default","362","368","112293.java","default","373","379"
"216273","216274","31","1.0","112293.java","default","373","379","112293.java","default","384","390"
"97592","216274","31","1.0","100442.java","default","362","368","112293.java","default","384","390"
"661901","661902","34","1.0","87994.java","default","178","192","87994.java","default","198","212"
"661900","661901","34","1.0","87994.java","default","158","172","87994.java","default","178","192"
"661900","661902","34","1.0","87994.java","default","158","172","87994.java","default","198","212"
"531798","537687","34","1.0","73106.java","default","44","58","115098.java","default","17","31"
"537687","909317","34","1.0","115098.java","default","17","31","47244.java","default","44","58"
"395847","537687","34","1.0","54509.java","default","44","58","115098.java","default","17","31"
"531798","868888","34","1.0","73106.java","default","44","58","70983.java","default","17","31"
"531798","567090","34","1.0","73106.java","default","44","58","132518.java","default","17","31"
"326355","531798","34","1.0","5300.java","default","17","31","73106.java","default","44","58"
"77645","531798","34","1.0","81016.java","default","17","31","73106.java","default","44","58"
"531798","831125","34","1.0","73106.java","default","44","58","89435.java","default","17","31"
"531798","855791","34","1.0","73106.java","default","44","58","43829.java","default","17","31"
"868888","909317","34","1.0","70983.java","default","17","31","47244.java","default","44","58"
"567090","909317","34","1.0","132518.java","default","17","31","47244.java","default","44","58"
"326355","909317","34","1.0","5300.java","default","17","31","47244.java","default","44","58"
"77645","909317","34","1.0","81016.java","default","17","31","47244.java","default","44","58"
"831125","909317","34","1.0","89435.java","default","17","31","47244.java","default","44","58"
"855791","909317","34","1.0","43829.java","default","17","31","47244.java","default","44","58"
"395847","868888","34","1.0","54509.java","default","44","58","70983.java","default","17","31"
"395847","567090","34","1.0","54509.java","default","44","58","132518.java","default","17","31"
"326355","395847","34","1.0","5300.java","default","17","31","54509.java","default","44","58"
"77645","395847","34","1.0","81016.java","default","17","31","54509.java","default","44","58"
"395847","831125","34","1.0","54509.java","default","44","58","89435.java","default","17","31"
"395847","855791","34","1.0","54509.java","default","44","58","43829.java","default","17","31"
"661896","661898","34","1.0","87994.java","default","25","39","87994.java","default","118","132"
"147918","183041","36","1.0","110486.java","default","63","112","41292.java","default","63","112"
"42892","205710","36","1.0","33357.java","default","63","112","115328.java","default","63","112"
"183041","205710","36","1.0","41292.java","default","63","112","115328.java","default","63","112"
"14846","205710","36","1.0","127805.java","default","63","112","115328.java","default","63","112"
"47558","205710","36","1.0","33328.java","default","63","112","115328.java","default","63","112"
"115582","183041","36","1.0","30382.java","default","63","112","41292.java","default","63","112"
"86878","205710","36","1.0","2890.java","default","63","112","115328.java","default","63","112"
"91760","117806","36","1.0","84051.java","default","61","122","88523.java","default","61","122"
"51282","117806","36","1.0","106959.java","default","61","122","88523.java","default","61","122"
"59363","91760","36","1.0","61177.java","default","61","122","84051.java","default","61","122"
"51282","59363","36","1.0","106959.java","default","61","122","61177.java","default","61","122"
"86878","147918","36","1.0","2890.java","default","63","112","110486.java","default","63","112"
"14846","147918","36","1.0","127805.java","default","63","112","110486.java","default","63","112"
"47558","147918","36","1.0","33328.java","default","63","112","110486.java","default","63","112"
"42892","147918","36","1.0","33357.java","default","63","112","110486.java","default","63","112"
"86878","115582","36","1.0","2890.java","default","63","112","30382.java","default","63","112"
"158889","205372","36","1.0","120135.java","default","63","112","59171.java","default","63","112"
"14846","115582","36","1.0","127805.java","default","63","112","30382.java","default","63","112"
"75073","115541","36","1.0","123314.java","default","5","28","118926.java","default","5","28"
"158889","192715","36","1.0","120135.java","default","63","112","24063.java","default","63","112"
"47558","115582","36","1.0","33328.java","default","63","112","30382.java","default","63","112"
"61852","221804","36","1.0","118395.java","default","62","90","114457.java","default","62","90"
"91760","105882","36","1.0","84051.java","default","61","122","64999.java","default","61","122"
"51282","105882","36","1.0","106959.java","default","61","122","64999.java","default","61","122"
"42892","115582","36","1.0","33357.java","default","63","112","30382.java","default","63","112"
"61851","221803","36","1.0","118395.java","default","35","60","114457.java","default","35","60"
"5676","91760","36","1.0","17532.java","default","61","122","84051.java","default","61","122"
"21192","91760","36","1.0","74770.java","default","61","122","84051.java","default","61","122"
"217836","217837","36","1.0","73181.java","default","62","107","73181.java","default","109","154"
"46804","158889","36","1.0","54665.java","default","63","112","120135.java","default","63","112"
"91670","158889","36","1.0","88126.java","default","63","112","120135.java","default","63","112"
"156839","156841","36","1.0","131044.java","default","39","51","131044.java","default","66","78"
"5676","51282","36","1.0","17532.java","default","61","122","106959.java","default","61","122"
"21192","51282","36","1.0","74770.java","default","61","122","106959.java","default","61","122"
"342725","491382","24","1.0","61445.java","default","963","974","44040.java","default","924","935"
"317503","491382","24","1.0","125352.java","default","918","929","44040.java","default","924","935"
"317503","342725","24","1.0","125352.java","default","918","929","61445.java","default","963","974"
"342725","881515","24","1.0","61445.java","default","963","974","134106.java","default","918","929"
"21940605","21940606","24","1.0","802711.java","selected","528","537","802711.java","selected","539","548"
"342729","881519","24","1.0","61445.java","default","992","1003","134106.java","default","947","958"
"317507","881519","24","1.0","125352.java","default","947","958","134106.java","default","947","958"
"317503","881515","24","1.0","125352.java","default","918","929","134106.java","default","918","929"
"342729","491386","24","1.0","61445.java","default","992","1003","44040.java","default","953","964"
"317507","342729","24","1.0","125352.java","default","947","958","61445.java","default","992","1003"
"5940271","14479243","24","1.0","2121134.java","selected","18","28","2608069.java","selected","18","28"
"11531232","16774111","24","1.0","936842.java","selected","265","273","2482020.java","selected","290","298"
"21103177","21103178","24","1.0","2097456.java","selected","42","48","2097456.java","selected","50","56"
"13620416","13620417","24","1.0","2645497.java","selected","239","250","2645497.java","selected","255","266"
"317507","491386","24","1.0","125352.java","default","947","958","44040.java","default","953","964"
"10240262","10240265","24","1.0","700474.java","selected","14","26","700474.java","selected","56","68"
"10240262","10240264","24","1.0","700474.java","selected","14","26","700474.java","selected","42","54"
"10240264","10240265","24","1.0","700474.java","selected","42","54","700474.java","selected","56","68"
"1076874","19236670","24","1.0","17904.java","selected","133","146","1118161.java","selected","125","138"
"3386501","11322590","30","1.0","792237.java","selected","190","203","2639176.java","selected","121","134"
"10840001","14787145","30","1.0","815008.java","selected","122","129","1530957.java","selected","149","156"
"14787144","14787145","30","1.0","1530957.java","selected","134","141","1530957.java","selected","149","156"
"10839998","14787145","30","1.0","815008.java","selected","76","83","1530957.java","selected","149","156"
"311925","540460","30","1.0","118046.java","default","393","448","15752.java","default","356","411"
"23114339","23114340","30","1.0","2624919.java","selected","142","154","2624919.java","selected","156","168"
"8748737","16088469","30","1.0","1956548.java","selected","110","117","843997.java","selected","145","152"
"12030974","12030975","14","1.0","1619699.java","selected","196","205","1619699.java","selected","207","216"
"3109532","15150446","14","1.0","1601992.java","selected","32","53","2562828.java","selected","48","69"
"6824301","6824302","14","1.0","454268.java","selected","266","284","454268.java","selected","292","310"
"16699355","19645139","14","1.0","160980.java","selected","66","77","1968658.java","selected","47","58"
"3287279","3287280","14","1.0","1568689.java","selected","88","101","1568689.java","selected","103","116"
"10193805","10193807","14","1.0","2289390.java","selected","110","128","2289390.java","selected","163","181"
"23347274","23347277","14","1.0","1572759.java","selected","373","405","1572759.java","selected","454","486"
"2486620","3631683","30","1.0","1119346.java","selected","101","111","62915.java","selected","132","142"
"15784074","16062997","30","1.0","848052.java","selected","262","311","2146328.java","selected","195","244"
"8600663","18550176","30","1.0","2099265.java","selected","22","39","2092811.java","selected","22","39"
"2539368","2539369","30","1.0","1235891.java","selected","129","146","1235891.java","selected","148","165"
"21442","144354","28","1.0","108650.java","default","743","760","10034.java","default","316","333"
"144354","144389","28","1.0","10034.java","default","316","333","10034.java","default","726","743"
"32326","32327","28","1.0","57146.java","default","30","38","57146.java","default","40","48"
"144355","144390","28","1.0","10034.java","default","335","354","10034.java","default","745","764"
"21443","144355","28","1.0","108650.java","default","762","781","10034.java","default","335","354"
"587","111078","28","1.0","72578.java","default","56","81","48760.java","default","54","79"
"21408","21443","28","1.0","108650.java","default","352","371","108650.java","default","762","781"
"21408","144390","28","1.0","108650.java","default","352","371","10034.java","default","745","764"
"21407","21442","28","1.0","108650.java","default","333","350","108650.java","default","743","760"
"21407","144389","28","1.0","108650.java","default","333","350","10034.java","default","726","743"
"20566","29918","27","1.0","7770.java","default","8","24","22037.java","default","8","24"
"2486619","3631679","30","1.0","1119346.java","selected","81","99","62915.java","selected","57","75"
"7223","54700","27","1.0","130289.java","default","97","132","89717.java","default","97","132"
"12845","29918","27","1.0","115968.java","default","8","24","22037.java","default","8","24"
"29918","431354","27","1.0","22037.java","default","8","24","87732.java","default","8","24"
"131724","131725","27","1.0","63334.java","default","276","309","63334.java","default","311","344"
"29918","34433","27","1.0","22037.java","default","8","24","87968.java","default","8","24"
"131726","131727","27","1.0","63334.java","default","346","415","63334.java","default","417","486"
"54700","336028","27","1.0","89717.java","default","97","132","121428.java","default","97","132"
"6020298","10840007","30","1.0","79166.java","selected","51","79","815008.java","selected","220","248"
"10840007","14787150","30","1.0","815008.java","selected","220","248","1530957.java","selected","233","261"
"4659431","14027099","30","1.0","2435044.java","selected","88","124","2567783.java","selected","74","110"
"10840001","10840002","30","1.0","815008.java","selected","122","129","815008.java","selected","137","144"
"10839998","10840001","30","1.0","815008.java","selected","76","83","815008.java","selected","122","129"
"2473125","9589432","30","1.0","894656.java","selected","269","322","2207009.java","selected","118","171"
"9366918","17751467","30","1.0","2103569.java","selected","76","102","109107.java","selected","82","108"
"14274304","18550176","30","1.0","2714700.java","selected","22","39","2092811.java","selected","22","39"
"23532523","23532524","30","1.0","2524269.java","selected","124","141","2524269.java","selected","143","160"
"18550176","22125253","30","1.0","2092811.java","selected","22","39","368888.java","selected","22","39"
"6442357","14717100","30","1.0","1177478.java","selected","459","479","1374284.java","selected","457","477"
"5245201","7320429","30","1.0","1655431.java","selected","82","89","862775.java","selected","88","95"
"10840002","14787144","30","1.0","815008.java","selected","137","144","1530957.java","selected","134","141"
"10839998","14787144","30","1.0","815008.java","selected","76","83","1530957.java","selected","134","141"
"3980938","5823954","37","1.0","2306561.java","selected","151","164","1630747.java","selected","134","147"
"3333616","3980938","37","1.0","1035502.java","selected","107","120","2306561.java","selected","151","164"
"3368163","3980938","37","1.0","2259120.java","selected","126","139","2306561.java","selected","151","164"
"561435","804560","37","1.0","91218.java","default","127","133","7258.java","default","456","462"
"16088469","16972108","30","1.0","843997.java","selected","145","152","1130027.java","selected","101","108"
"10251387","23099329","30","1.0","2332106.java","selected","29","50","426921.java","selected","46","67"
"6020298","14787150","30","1.0","79166.java","selected","51","79","1530957.java","selected","233","261"
"10042671","21540552","30","1.0","1680532.java","selected","156","161","2693115.java","selected","176","181"
"10839998","10840002","30","1.0","815008.java","selected","76","83","815008.java","selected","137","144"
"13689366","16088469","30","1.0","931585.java","selected","67","74","843997.java","selected","145","152"
"6517610","18712047","41","1.0","209583.java","selected","209","217","844874.java","selected","31","39"
"6517610","17468722","41","1.0","209583.java","selected","209","217","2485419.java","selected","233","241"
"6517610","8317735","41","1.0","209583.java","selected","209","217","1359462.java","selected","186","194"
"3324262","6517610","41","1.0","594135.java","selected","210","218","209583.java","selected","209","217"
"1666041","13295660","41","1.0","2296687.java","selected","92","102","2474941.java","selected","486","496"
"10844851","13295660","41","1.0","292515.java","selected","40","50","2474941.java","selected","486","496"
"3207328","15932545","41","1.0","2341814.java","selected","148","185","1040058.java","selected","132","169"
"11719424","19214553","41","1.0","957171.java","selected","540","547","2315713.java","selected","229","236"
"11719424","14321943","41","1.0","957171.java","selected","540","547","39335.java","selected","335","342"
"8182887","11719424","41","1.0","615216.java","selected","335","342","957171.java","selected","540","547"
"12849786","12849787","41","1.0","1440276.java","selected","65","79","1440276.java","selected","81","95"
"12849785","12849787","41","1.0","1440276.java","selected","49","63","1440276.java","selected","81","95"
"9133208","19615168","41","1.0","852958.java","selected","881","898","1911451.java","selected","820","837"
"9133208","9133209","41","1.0","852958.java","selected","881","898","852958.java","selected","905","922"
"5236784","21884793","41","1.0","1202455.java","selected","7","15","515120.java","selected","1754","1762"
"15730395","21884793","41","1.0","1268821.java","selected","193","201","515120.java","selected","1754","1762"
"6689657","14499002","41","1.0","551360.java","selected","627","637","1689589.java","selected","906","916"
"4630753","6409829","41","1.0","932718.java","selected","73","83","860471.java","selected","73","83"
"4630753","16536090","41","1.0","932718.java","selected","73","83","1734265.java","selected","73","83"
"8182888","11719425","41","1.0","615216.java","selected","349","356","957171.java","selected","554","561"
"11719425","19214554","41","1.0","957171.java","selected","554","561","2315713.java","selected","240","247"
"11719425","14321944","41","1.0","957171.java","selected","554","561","39335.java","selected","349","356"
"12849785","12849786","41","1.0","1440276.java","selected","49","63","1440276.java","selected","65","79"
"7615037","10513108","41","1.0","223814.java","selected","433","440","1607259.java","selected","330","337"
"13402674","14819978","41","1.0","2331165.java","selected","118","133","1927162.java","selected","118","133"
"2425091","2425117","41","1.0","1710788.java","selected","884","906","1710788.java","selected","1190","1212"
"13402675","14819979","41","1.0","2331165.java","selected","135","176","1927162.java","selected","135","176"
"11440870","21655926","41","1.0","2274744.java","selected","413","422","1322429.java","selected","988","997"
"6803828","9927331","41","1.0","519949.java","selected","121","136","2344198.java","selected","109","124"
"8405993","8889557","41","1.0","2289040.java","selected","25","51","2472413.java","selected","25","51"
"8182888","18306141","41","1.0","615216.java","selected","349","356","2738010.java","selected","565","572"
"18306141","19214554","41","1.0","2738010.java","selected","565","572","2315713.java","selected","240","247"
"14321944","18306141","41","1.0","39335.java","selected","349","356","2738010.java","selected","565","572"
"17468722","18712047","41","1.0","2485419.java","selected","233","241","844874.java","selected","31","39"
"8317735","18712047","41","1.0","1359462.java","selected","186","194","844874.java","selected","31","39"
"3324262","18712047","41","1.0","594135.java","selected","210","218","844874.java","selected","31","39"
"1666041","10844851","41","1.0","2296687.java","selected","92","102","292515.java","selected","40","50"
"18306140","19214553","41","1.0","2738010.java","selected","551","558","2315713.java","selected","229","236"
"14321943","18306140","41","1.0","39335.java","selected","335","342","2738010.java","selected","551","558"
"8182887","18306140","41","1.0","615216.java","selected","335","342","2738010.java","selected","551","558"
"8317735","17468722","41","1.0","1359462.java","selected","186","194","2485419.java","selected","233","241"
"3324262","17468722","41","1.0","594135.java","selected","210","218","2485419.java","selected","233","241"
"3324262","8317735","41","1.0","594135.java","selected","210","218","1359462.java","selected","186","194"
"19615167","19615168","41","1.0","1911451.java","selected","796","813","1911451.java","selected","820","837"
"9133209","19615167","41","1.0","852958.java","selected","905","922","1911451.java","selected","796","813"
"12335352","19375222","41","1.0","240671.java","selected","787","795","1119061.java","selected","62","70"
"8182888","14313421","41","1.0","615216.java","selected","349","356","179109.java","selected","311","318"
"14313421","19214554","41","1.0","179109.java","selected","311","318","2315713.java","selected","240","247"
"8759821","9466326","41","1.0","1576913.java","selected","434","446","1665475.java","selected","577","589"
"7412290","17663965","41","1.0","2149595.java","selected","220","228","2557108.java","selected","29","37"
"14313420","19214553","41","1.0","179109.java","selected","300","307","2315713.java","selected","229","236"
"14313420","14321943","41","1.0","179109.java","selected","300","307","39335.java","selected","335","342"
"8182887","14313420","41","1.0","615216.java","selected","335","342","179109.java","selected","300","307"
"14313421","14321944","41","1.0","179109.java","selected","311","318","39335.java","selected","349","356"
"4183835","7542627","41","1.0","2592062.java","selected","270","277","1012963.java","selected","366","373"
"16385622","16385623","41","1.0","1675335.java","selected","5","16","1675335.java","selected","18","29"
"5170545","23677153","12","1.0","50360.java","selected","8","18","PrimeFactors.java","sample","18","28"
"5170545","23677152","12","1.0","50360.java","selected","8","18","PrimeFactors.java","sample","6","16"
"23677152","23677153","12","1.0","PrimeFactors.java","sample","6","16","PrimeFactors.java","sample","18","28"
"2451218","14009710","13","1.0","662269.java","selected","77","85","2702525.java","selected","70","78"
"6138230","9210368","13","1.0","1718226.java","selected","76","84","552581.java","selected","79","87"
"6138230","7436917","13","1.0","1718226.java","selected","76","84","421582.java","selected","103","111"
"7436917","9210368","13","1.0","421582.java","selected","103","111","552581.java","selected","79","87"
"11205237","22648484","13","1.0","2390657.java","selected","84","92","1486710.java","selected","43","51"
"3862187","17325816","25","1.0","654838.java","selected","55","87","1458446.java","selected","55","87"
"1455979","2807054","32","1.0","458533.java","selected","55","81","2001898.java","selected","55","81"
"152848","1718711","32","1.0","88172.java","default","11","29","2249456.java","selected","21","39"
"1808108","13101897","33","1.0","28507.java","selected","199","231","2121322.java","selected","177","209"
"21128891","21992102","33","1.0","2430119.java","selected","92","106","1310255.java","selected","56","70"
"14531911","21992102","33","1.0","802589.java","selected","58","72","1310255.java","selected","56","70"
"653681","2641959","39","1.0","2549.java","default","8","20","1374845.java","selected","152","164"
"2233543","3108904","39","1.0","1626928.java","selected","95","107","1132845.java","selected","55","67"
"1176194","3108904","39","1.0","1774422.java","selected","164","176","1132845.java","selected","55","67"
"3108904","3538574","39","1.0","1132845.java","selected","55","67","692987.java","selected","104","116"
"1982368","2233543","39","1.0","2627881.java","selected","83","95","1626928.java","selected","95","107"
"1176194","1982368","39","1.0","1774422.java","selected","164","176","2627881.java","selected","83","95"
"1982368","3538574","39","1.0","2627881.java","selected","83","95","692987.java","selected","104","116"
"1552000","2233543","39","1.0","801858.java","selected","37","49","1626928.java","selected","95","107"
"1176194","1552000","39","1.0","1774422.java","selected","164","176","801858.java","selected","37","49"
"1552000","3538574","39","1.0","801858.java","selected","37","49","692987.java","selected","104","116"
"1934652","2641959","39","1.0","541141.java","selected","81","93","1374845.java","selected","152","164"
"1239587","2927950","39","1.0","257575.java","selected","118","128","935351.java","selected","43","53"
"1176194","2233543","39","1.0","1774422.java","selected","164","176","1626928.java","selected","95","107"
"2233543","3538574","39","1.0","1626928.java","selected","95","107","692987.java","selected","104","116"
"1940473","2641959","39","1.0","2044480.java","selected","93","105","1374845.java","selected","152","164"
"1799462","2641959","39","1.0","35167.java","selected","62","74","1374845.java","selected","152","164"
"453142","2641959","39","1.0","106458.java","default","8","20","1374845.java","selected","152","164"
"2641959","2759206","39","1.0","1374845.java","selected","152","164","663745.java","selected","266","278"
"2641959","2989245","39","1.0","1374845.java","selected","152","164","746054.java","selected","18","30"
"322116","2641959","39","1.0","63068.java","default","221","233","1374845.java","selected","152","164"
"1202104","2641959","39","1.0","1211155.java","selected","134","146","1374845.java","selected","152","164"
"1176194","3538574","39","1.0","1774422.java","selected","164","176","692987.java","selected","104","116"
"662161","2641959","39","1.0","80687.java","default","137","149","1374845.java","selected","152","164"
"1977983","2641959","39","1.0","663926.java","selected","18","30","1374845.java","selected","152","164"
"11453370","17082610","23","1.0","931602.java","selected","52","66","1422595.java","selected","104","118"
"2746909","11453370","23","1.0","245886.java","selected","56","70","931602.java","selected","52","66"
"8704580","8868514","23","1.0","366521.java","selected","44","50","584246.java","selected","272","278"
"8868514","11025049","23","1.0","584246.java","selected","272","278","651095.java","selected","112","118"
"9477765","21548455","23","1.0","2530570.java","selected","137","142","2439312.java","selected","28","33"
"6589981","20440214","23","1.0","2221389.java","selected","202","212","998534.java","selected","192","202"
"2474379","9902406","23","1.0","2560459.java","selected","67","72","426251.java","selected","205","210"
"2474379","23414974","23","1.0","2560459.java","selected","67","72","2339104.java","selected","22","27"
"8704580","12875962","23","1.0","366521.java","selected","44","50","1297421.java","selected","273","279"
"11025049","12875962","23","1.0","651095.java","selected","112","118","1297421.java","selected","273","279"
"2062674","15998751","23","1.0","2094874.java","selected","169","176","1885362.java","selected","42","49"
"8704580","11025049","23","1.0","366521.java","selected","44","50","651095.java","selected","112","118"
"8704580","11028375","23","1.0","366521.java","selected","44","50","2521145.java","selected","301","307"
"11025049","11028375","23","1.0","651095.java","selected","112","118","2521145.java","selected","301","307"
"2474381","16743155","23","1.0","2560459.java","selected","81","86","2557833.java","selected","167","172"
"9902406","23414974","23","1.0","426251.java","selected","205","210","2339104.java","selected","22","27"
"5454931","14711925","23","1.0","34946.java","selected","263","268","1374996.java","selected","221","226"
"4442595","14996027","23","1.0","589840.java","selected","211","218","1827694.java","selected","211","218"
"11453370","12194043","23","1.0","931602.java","selected","52","66","2069719.java","selected","97","111"
"4733160","14711925","23","1.0","1355559.java","selected","424","429","1374996.java","selected","221","226"
"4836413","14711925","23","1.0","301444.java","selected","260","265","1374996.java","selected","221","226"
"3416138","14711925","23","1.0","1475283.java","selected","313","318","1374996.java","selected","221","226"
"8539991","11453370","23","1.0","2501958.java","selected","107","121","931602.java","selected","52","66"
"744497","4540074","45","1.0","110908.java","default","8","29","2263602.java","selected","19","40"
"2165942","2165944","45","1.0","712642.java","selected","200","253","712642.java","selected","294","347"
"2111179","3349280","45","1.0","773080.java","selected","30","47","2731227.java","selected","26","43"
"2021278","2357408","35","1.0","473517.java","selected","13","20","1589828.java","selected","13","20"
"1136066","2874199","35","1.0","2101025.java","selected","252","351","1042270.java","selected","269","368"
"1136066","1142010","35","1.0","2101025.java","selected","252","351","1600479.java","selected","251","350"
"366700","1136066","35","1.0","130158.java","default","261","360","2101025.java","selected","252","351"
"2097595","2458229","35","1.0","2257119.java","selected","105","121","82565.java","selected","93","109"
"1753734","1753735","35","1.0","865946.java","selected","511","547","865946.java","selected","557","593"
"3112316","3112317","35","1.0","1929996.java","selected","29","41","1929996.java","selected","43","55"
"2237418","2237419","35","1.0","666355.java","selected","353","359","666355.java","selected","361","367"
"2241423","2648310","35","1.0","260051.java","selected","78","87","900577.java","selected","89","98"
"2648310","3108765","35","1.0","900577.java","selected","89","98","2706463.java","selected","35","44"
"1724482","3361557","35","1.0","2233182.java","selected","28","34","508430.java","selected","28","34"
"1753732","1753733","35","1.0","865946.java","selected","415","453","865946.java","selected","463","501"
"999127","2874199","35","1.0","805947.java","selected","251","350","1042270.java","selected","269","368"
"999127","1142010","35","1.0","805947.java","selected","251","350","1600479.java","selected","251","350"
"366700","999127","35","1.0","130158.java","default","261","360","805947.java","selected","251","350"
"1205414","2874199","35","1.0","1894116.java","selected","253","352","1042270.java","selected","269","368"
"1142010","2874199","35","1.0","1600479.java","selected","251","350","1042270.java","selected","269","368"
"1715797","2874199","35","1.0","1291365.java","selected","251","350","1042270.java","selected","269","368"
"2874199","2920425","35","1.0","1042270.java","selected","269","368","1453958.java","selected","252","351"
"1037736","2874199","35","1.0","1140887.java","selected","250","349","1042270.java","selected","269","368"
"366700","2874199","35","1.0","130158.java","default","261","360","1042270.java","selected","269","368"
"1990444","2874199","35","1.0","52376.java","selected","251","350","1042270.java","selected","269","368"
"2330412","3267497","35","1.0","955883.java","selected","26","32","985365.java","selected","20","26"
"2241423","3108765","35","1.0","260051.java","selected","78","87","2706463.java","selected","35","44"
"1142010","2920425","35","1.0","1600479.java","selected","251","350","1453958.java","selected","252","351"
"366700","2920425","35","1.0","130158.java","default","261","360","1453958.java","selected","252","351"
"1142010","1715797","35","1.0","1600479.java","selected","251","350","1291365.java","selected","251","350"
"366700","1715797","35","1.0","130158.java","default","261","360","1291365.java","selected","251","350"
"968361","968372","35","1.0","2247325.java","selected","30","44","2247325.java","selected","174","188"
"1142010","1990444","35","1.0","1600479.java","selected","251","350","52376.java","selected","251","350"
"366700","1142010","35","1.0","130158.java","default","261","360","1600479.java","selected","251","350"
"1142010","1205414","35","1.0","1600479.java","selected","251","350","1894116.java","selected","253","352"
"1037736","1142010","35","1.0","1140887.java","selected","250","349","1600479.java","selected","251","350"
"1771182","1771183","35","1.0","366994.java","selected","22","32","366994.java","selected","34","44"
"761561","849718","35","1.0","90080.java","default","168","259","71126.java","default","178","269"
"366700","1205414","35","1.0","130158.java","default","261","360","1894116.java","selected","253","352"
"366700","1037736","35","1.0","130158.java","default","261","360","1140887.java","selected","250","349"
"366700","1990444","35","1.0","130158.java","default","261","360","52376.java","selected","251","350"
"82859","849718","35","1.0","61133.java","default","168","259","71126.java","default","178","269"
"429198","849718","35","1.0","11876.java","default","168","259","71126.java","default","178","269"
"542204","849718","35","1.0","65886.java","default","168","259","71126.java","default","178","269"
"217836","217837","40","1.0","73181.java","default","62","107","73181.java","default","109","154"
"131726","131727","40","1.0","63334.java","default","346","415","63334.java","default","417","486"
"1856896","17732043","42","1.0","2522000.java","selected","406","485","175022.java","selected","370","449"
"17732043","18813873","42","1.0","175022.java","selected","370","449","1265596.java","selected","476","555"
"17732043","21374916","42","1.0","175022.java","selected","370","449","639925.java","selected","399","478"
"11391381","11391382","42","1.0","2223899.java","selected","48","63","2223899.java","selected","65","80"
"4106017","4106020","42","1.0","1392470.java","selected","71","86","1392470.java","selected","141","156"
"15144869","17651814","42","1.0","2108545.java","selected","250","263","1440111.java","selected","67","80"
"1856896","18813873","42","1.0","2522000.java","selected","406","485","1265596.java","selected","476","555"
"1856896","21374916","42","1.0","2522000.java","selected","406","485","639925.java","selected","399","478"
"13945476","13945477","42","1.0","2055704.java","selected","257","268","2055704.java","selected","276","287"
"9655453","15970446","42","1.0","1040230.java","selected","8","22","1718979.java","selected","18","32"
"6719729","6719730","42","1.0","1648136.java","selected","222","235","1648136.java","selected","237","250"
"2645433","20361756","42","1.0","472180.java","selected","12","23","447977.java","selected","12","23"
"11308514","21990620","42","1.0","111441.java","selected","58","145","2711351.java","selected","58","145"
"4742891","11242896","42","1.0","2068341.java","selected","27","55","96719.java","selected","27","55"
"6719723","6719724","42","1.0","1648136.java","selected","136","147","1648136.java","selected","149","160"
"6719723","6719725","42","1.0","1648136.java","selected","136","147","1648136.java","selected","162","173"
"6719724","6719725","42","1.0","1648136.java","selected","149","160","1648136.java","selected","162","173"
"15255558","15255559","42","1.0","1855064.java","selected","12","27","1855064.java","selected","29","44"
"6719719","6719720","42","1.0","1648136.java","selected","65","74","1648136.java","selected","76","85"
"2545752","5628435","43","1.0","306788.java","selected","106","118","159979.java","selected","44","56"
"2210047","8915743","43","1.0","2118832.java","selected","28","44","477520.java","selected","28","44"
"975289","8931241","43","1.0","1567865.java","selected","150","198","1697640.java","selected","171","219"
"23531897","23531898","10","1.0","1841359.java","selected","457","491","1841359.java","selected","499","533"
"21224972","23402244","10","1.0","673338.java","selected","137","159","515961.java","selected","174","196"
"10115630","19984810","10","1.0","2019686.java","selected","1418","1523","2673703.java","selected","1387","1492"
"1831677","4921632","10","1.0","1360561.java","selected","93","116","1874150.java","selected","95","118"
"4921632","20306677","10","1.0","1874150.java","selected","95","118","1540543.java","selected","164","187"
"4921632","20306675","10","1.0","1874150.java","selected","95","118","1540543.java","selected","91","114"
"4921632","22366637","10","1.0","1874150.java","selected","95","118","1038530.java","selected","93","116"
"4921632","16085714","10","1.0","1874150.java","selected","95","118","999902.java","selected","92","115"
"2168608","4921632","10","1.0","180318.java","selected","98","121","1874150.java","selected","95","118"
"1760353","1760355","10","1.0","2375833.java","selected","127","163","2375833.java","selected","204","240"
"1831676","22366636","10","1.0","1360561.java","selected","55","86","1038530.java","selected","55","86"
"479674","808408","10","1.0","37153.java","default","9","44","112585.java","default","9","44"
"1760350","1760354","10","1.0","2375833.java","selected","10","47","2375833.java","selected","165","202"
"1760351","1760354","10","1.0","2375833.java","selected","49","86","2375833.java","selected","165","202"
"1760352","1760354","10","1.0","2375833.java","selected","88","125","2375833.java","selected","165","202"
"16289496","16470512","10","1.0","1291481.java","selected","12","36","150711.java","selected","16","40"
"1169633","16289496","10","1.0","1601964.java","selected","12","36","1291481.java","selected","12","36"
"1831677","20306677","10","1.0","1360561.java","selected","93","116","1540543.java","selected","164","187"
"1831677","20306675","10","1.0","1360561.java","selected","93","116","1540543.java","selected","91","114"
"1831677","22366637","10","1.0","1360561.java","selected","93","116","1038530.java","selected","93","116"
"1831677","16085714","10","1.0","1360561.java","selected","93","116","999902.java","selected","92","115"
"1831677","2168608","10","1.0","1360561.java","selected","93","116","180318.java","selected","98","121"
"12469141","21186038","10","1.0","1085000.java","selected","157","200","1610205.java","selected","110","153"
"19147275","23402237","10","1.0","1596202.java","selected","34","56","515961.java","selected","33","55"
"3495456","19147275","10","1.0","1244579.java","selected","34","56","1596202.java","selected","34","56"
"19147275","21224967","10","1.0","1596202.java","selected","34","56","673338.java","selected","34","56"
"3495456","23402237","10","1.0","1244579.java","selected","34","56","515961.java","selected","33","55"
"21224967","23402237","10","1.0","673338.java","selected","34","56","515961.java","selected","33","55"
"19147300","19147301","10","1.0","1596202.java","selected","476","497","1596202.java","selected","499","520"
"19147296","19147300","10","1.0","1596202.java","selected","398","419","1596202.java","selected","476","497"
"19147297","19147300","10","1.0","1596202.java","selected","421","442","1596202.java","selected","476","497"
"8561735","23402240","10","1.0","2256163.java","selected","262","283","515961.java","selected","88","109"
"19147296","19147301","10","1.0","1596202.java","selected","398","419","1596202.java","selected","499","520"
"19147297","19147301","10","1.0","1596202.java","selected","421","442","1596202.java","selected","499","520"
"20306675","20306677","10","1.0","1540543.java","selected","91","114","1540543.java","selected","164","187"
"20306677","22366637","10","1.0","1540543.java","selected","164","187","1038530.java","selected","93","116"
"16085714","20306677","10","1.0","999902.java","selected","92","115","1540543.java","selected","164","187"
"2168608","20306677","10","1.0","180318.java","selected","98","121","1540543.java","selected","164","187"
"16511009","21438070","10","1.0","2645034.java","selected","111","154","1062561.java","selected","110","153"
"15431560","16511009","10","1.0","1761885.java","selected","110","153","2645034.java","selected","111","154"
"1423646","3709102","10","1.0","184584.java","selected","93","113","2250324.java","selected","60","80"
"1760350","1760351","10","1.0","2375833.java","selected","10","47","2375833.java","selected","49","86"
"1760350","1760352","10","1.0","2375833.java","selected","10","47","2375833.java","selected","88","125"
"14093043","14093044","10","1.0","1500836.java","selected","203","332","1500836.java","selected","334","463"
"15431560","21438070","10","1.0","1761885.java","selected","110","153","1062561.java","selected","110","153"
"5021577","19984810","10","1.0","1161571.java","selected","1370","1475","2673703.java","selected","1387","1492"
"1313409","10329098","10","1.0","1369800.java","selected","49","86","816451.java","selected","49","86"
"1760351","1760352","10","1.0","2375833.java","selected","49","86","2375833.java","selected","88","125"
"20306675","22366637","10","1.0","1540543.java","selected","91","114","1038530.java","selected","93","116"
"16085714","20306675","10","1.0","999902.java","selected","92","115","1540543.java","selected","91","114"
"2168608","20306675","10","1.0","180318.java","selected","98","121","1540543.java","selected","91","114"
"1169633","16470512","10","1.0","1601964.java","selected","12","36","150711.java","selected","16","40"
"19147296","19147297","10","1.0","1596202.java","selected","398","419","1596202.java","selected","421","442"
"16085714","22366637","10","1.0","999902.java","selected","92","115","1038530.java","selected","93","116"
"2168608","22366637","10","1.0","180318.java","selected","98","121","1038530.java","selected","93","116"
"4830848","4830849","10","1.0","2144556.java","selected","232","297","2144556.java","selected","299","364"
"8561731","19147293","10","1.0","2256163.java","selected","186","207","1596202.java","selected","343","364"
"7464995","20955455","10","1.0","78050.java","selected","126","139","2596627.java","selected","130","143"
"2168608","16085714","10","1.0","180318.java","selected","98","121","999902.java","selected","92","115"
"4830846","4830850","10","1.0","2144556.java","selected","133","184","2144556.java","selected","366","417"
"3495456","21224967","10","1.0","1244579.java","selected","34","56","673338.java","selected","34","56"
"7464991","7464994","10","1.0","78050.java","selected","60","73","78050.java","selected","111","124"
"1831679","22366639","10","1.0","1360561.java","selected","171","199","1038530.java","selected","167","195"
"20148775","23548073","10","1.0","2476251.java","selected","71","102","2227145.java","selected","46","77"
"7760030","7760031","2","1.0","2305793.java","selected","137","156","2305793.java","selected","158","177"
"23205","23206","2","1.0","102597.java","default","85","95","102597.java","default","97","107"
"3493862","3493863","2","1.0","2186639.java","selected","124","146","2186639.java","selected","148","170"
"12255573","19062635","2","1.0","2411688.java","selected","50","90","146562.java","selected","31","71"
"12255573","19498550","2","1.0","2411688.java","selected","50","90","577870.java","selected","32","72"
"12039034","12039035","2","1.0","194044.java","selected","13","35","194044.java","selected","37","59"
"7802218","15292162","2","1.0","614288.java","selected","101","139","1451598.java","selected","101","139"
"13104737","15035227","2","1.0","1680611.java","selected","41","94","1187269.java","selected","41","94"
"20519147","21407347","2","1.0","1865866.java","selected","136","159","1920322.java","selected","136","159"
"12264241","12264242","3","1.0","1115032.java","selected","92","109","1115032.java","selected","117","134"
"4723745","19395766","3","1.0","2216898.java","selected","28","40","2050986.java","selected","26","38"
"5199811","19395766","3","1.0","1570795.java","selected","28","40","2050986.java","selected","26","38"
"10193598","19395766","3","1.0","722366.java","selected","27","39","2050986.java","selected","26","38"
"9415194","13395222","3","1.0","1258528.java","selected","22","29","1979029.java","selected","44","51"
"13395222","18773058","3","1.0","1979029.java","selected","44","51","2628969.java","selected","26","33"
"3286240","13395222","3","1.0","1647335.java","selected","22","29","1979029.java","selected","44","51"
"13395222","15351863","3","1.0","1979029.java","selected","44","51","6505.java","selected","22","29"
"8921716","13395222","3","1.0","680627.java","selected","26","33","1979029.java","selected","44","51"
"8385785","13395222","3","1.0","2591858.java","selected","22","29","1979029.java","selected","44","51"
"13395222","17808515","3","1.0","1979029.java","selected","44","51","2039681.java","selected","22","29"
"13395222","15894276","3","1.0","1979029.java","selected","44","51","1851422.java","selected","27","34"
"13395222","17420328","3","1.0","1979029.java","selected","44","51","753578.java","selected","26","33"
"13395222","16076390","3","1.0","1979029.java","selected","44","51","2656905.java","selected","22","29"
"13395222","22262998","3","1.0","1979029.java","selected","44","51","2364224.java","selected","387","394"
"13395222","19934218","3","1.0","1979029.java","selected","44","51","170580.java","selected","22","29"
"13395222","22810500","3","1.0","1979029.java","selected","44","51","1534009.java","selected","41","48"
"13395222","17815062","3","1.0","1979029.java","selected","44","51","790184.java","selected","22","29"
"13395222","14785308","3","1.0","1979029.java","selected","44","51","1641263.java","selected","21","28"
"6756635","13395222","3","1.0","1019843.java","selected","22","29","1979029.java","selected","44","51"
"4223265","13395222","3","1.0","203961.java","selected","22","29","1979029.java","selected","44","51"
"6168445","13395222","3","1.0","1186892.java","selected","116","123","1979029.java","selected","44","51"
"3608108","13395222","3","1.0","2388104.java","selected","419","426","1979029.java","selected","44","51"
"2141749","13395222","3","1.0","2585622.java","selected","26","33","1979029.java","selected","44","51"
"4938100","13395222","3","1.0","2345098.java","selected","20","27","1979029.java","selected","44","51"
"607094","13395222","3","1.0","72588.java","default","24","31","1979029.java","selected","44","51"
"9415194","10793696","3","1.0","1258528.java","selected","22","29","2482315.java","selected","33","40"
"9415194","21827619","3","1.0","1258528.java","selected","22","29","1944148.java","selected","71","78"
"9415194","15351863","3","1.0","1258528.java","selected","22","29","6505.java","selected","22","29"
"9415194","20603864","3","1.0","1258528.java","selected","22","29","2615605.java","selected","26","33"
"4224228","9415194","3","1.0","45714.java","selected","26","33","1258528.java","selected","22","29"
"9415194","21636561","3","1.0","1258528.java","selected","22","29","916462.java","selected","23","30"
"9415194","12606395","3","1.0","1258528.java","selected","22","29","2729985.java","selected","22","29"
"9415194","17808515","3","1.0","1258528.java","selected","22","29","2039681.java","selected","22","29"
"7346958","9415194","3","1.0","2229630.java","selected","22","29","1258528.java","selected","22","29"
"9415194","9792904","3","1.0","1258528.java","selected","22","29","229916.java","selected","26","33"
"9415194","15894276","3","1.0","1258528.java","selected","22","29","1851422.java","selected","27","34"
"9415194","16076390","3","1.0","1258528.java","selected","22","29","2656905.java","selected","22","29"
"9415194","22262998","3","1.0","1258528.java","selected","22","29","2364224.java","selected","387","394"
"9415194","19934218","3","1.0","1258528.java","selected","22","29","170580.java","selected","22","29"
"7317602","9415194","3","1.0","1440269.java","selected","26","33","1258528.java","selected","22","29"
"9415194","17815062","3","1.0","1258528.java","selected","22","29","790184.java","selected","22","29"
"9415194","14785308","3","1.0","1258528.java","selected","22","29","1641263.java","selected","21","28"
"4223265","9415194","3","1.0","203961.java","selected","22","29","1258528.java","selected","22","29"
"3608108","9415194","3","1.0","2388104.java","selected","419","426","1258528.java","selected","22","29"
"9415194","16209101","3","1.0","1258528.java","selected","22","29","758050.java","selected","26","33"
"4938100","9415194","3","1.0","2345098.java","selected","20","27","1258528.java","selected","22","29"
"9415194","18471152","3","1.0","1258528.java","selected","22","29","1205527.java","selected","388","395"
"3252116","5551392","3","1.0","976200.java","selected","5","24","641293.java","selected","21","40"
"6659731","14742330","3","1.0","1077933.java","selected","25","40","542382.java","selected","191","206"
"5321947","6659731","3","1.0","1957335.java","selected","147","162","1077933.java","selected","25","40"
"6659731","17856104","3","1.0","1077933.java","selected","25","40","1421935.java","selected","285","300"
"6659731","21946945","3","1.0","1077933.java","selected","25","40","151366.java","selected","191","206"
"8667872","18395048","3","1.0","1933084.java","selected","271","282","2716610.java","selected","349","360"
"4852691","18395048","3","1.0","64404.java","selected","443","454","2716610.java","selected","349","360"
"132551","932225","3","1.0","34322.java","default","164","177","55330.java","default","179","192"
"132551","132552","3","1.0","34322.java","default","164","177","34322.java","default","179","192"
"932224","932225","3","1.0","55330.java","default","164","177","55330.java","default","179","192"
"14386499","21996068","3","1.0","2341073.java","selected","15","30","2448986.java","selected","16","31"
"14386499","14849002","3","1.0","2341073.java","selected","15","30","1319165.java","selected","17","32"
"3362080","14386499","3","1.0","1052731.java","selected","15","30","2341073.java","selected","15","30"
"14386499","19782619","3","1.0","2341073.java","selected","15","30","1647261.java","selected","21","36"
"14053882","14386499","3","1.0","2118889.java","selected","15","30","2341073.java","selected","15","30"
"10350952","14386499","3","1.0","523647.java","selected","15","30","2341073.java","selected","15","30"
"15166511","15972030","3","1.0","814095.java","selected","38","72","349715.java","selected","38","72"
"9568958","15166511","3","1.0","1070751.java","selected","118","152","814095.java","selected","38","72"
"14338365","14548507","3","1.0","820333.java","selected","40","47","253935.java","selected","609","616"
"11953289","14338365","3","1.0","1414859.java","selected","36","43","820333.java","selected","40","47"
"14675462","14675463","3","1.0","2170947.java","selected","22","37","2170947.java","selected","45","60"
"5399593","22899738","3","1.0","1137762.java","selected","15","22","1328802.java","selected","31","38"
"15972030","22312282","3","1.0","349715.java","selected","38","72","453369.java","selected","38","72"
"9568958","22312282","3","1.0","1070751.java","selected","118","152","453369.java","selected","38","72"
"10793696","18773058","3","1.0","2482315.java","selected","33","40","2628969.java","selected","26","33"
"18773058","21827619","3","1.0","2628969.java","selected","26","33","1944148.java","selected","71","78"
"15351863","18773058","3","1.0","6505.java","selected","22","29","2628969.java","selected","26","33"
"18773058","20603864","3","1.0","2628969.java","selected","26","33","2615605.java","selected","26","33"
"4224228","18773058","3","1.0","45714.java","selected","26","33","2628969.java","selected","26","33"
"18773058","21636561","3","1.0","2628969.java","selected","26","33","916462.java","selected","23","30"
"12606395","18773058","3","1.0","2729985.java","selected","22","29","2628969.java","selected","26","33"
"17808515","18773058","3","1.0","2039681.java","selected","22","29","2628969.java","selected","26","33"
"7346958","18773058","3","1.0","2229630.java","selected","22","29","2628969.java","selected","26","33"
"9792904","18773058","3","1.0","229916.java","selected","26","33","2628969.java","selected","26","33"
"15894276","18773058","3","1.0","1851422.java","selected","27","34","2628969.java","selected","26","33"
"16076390","18773058","3","1.0","2656905.java","selected","22","29","2628969.java","selected","26","33"
"18773058","22262998","3","1.0","2628969.java","selected","26","33","2364224.java","selected","387","394"
"18773058","19934218","3","1.0","2628969.java","selected","26","33","170580.java","selected","22","29"
"7317602","18773058","3","1.0","1440269.java","selected","26","33","2628969.java","selected","26","33"
"17815062","18773058","3","1.0","790184.java","selected","22","29","2628969.java","selected","26","33"
"14785308","18773058","3","1.0","1641263.java","selected","21","28","2628969.java","selected","26","33"
"4223265","18773058","3","1.0","203961.java","selected","22","29","2628969.java","selected","26","33"
"3608108","18773058","3","1.0","2388104.java","selected","419","426","2628969.java","selected","26","33"
"16209101","18773058","3","1.0","758050.java","selected","26","33","2628969.java","selected","26","33"
"4938100","18773058","3","1.0","2345098.java","selected","20","27","2628969.java","selected","26","33"
"18471152","18773058","3","1.0","1205527.java","selected","388","395","2628969.java","selected","26","33"
"15500892","15972030","3","1.0","1132046.java","selected","177","211","349715.java","selected","38","72"
"9568958","15500892","3","1.0","1070751.java","selected","118","152","1132046.java","selected","177","211"
"13139266","13139267","3","1.0","1888177.java","selected","15","28","1888177.java","selected","30","43"
"15972030","16385631","3","1.0","349715.java","selected","38","72","783705.java","selected","45","79"
"9568958","16385631","3","1.0","1070751.java","selected","118","152","783705.java","selected","45","79"
"6788258","15972030","3","1.0","2181232.java","selected","44","78","349715.java","selected","38","72"
"6788258","9568958","3","1.0","2181232.java","selected","44","78","1070751.java","selected","118","152"
"14742330","22560224","3","1.0","542382.java","selected","191","206","1508294.java","selected","111","126"
"14742330","17856104","3","1.0","542382.java","selected","191","206","1421935.java","selected","285","300"
"4892654","7550876","3","1.0","511256.java","selected","19","110","1908914.java","selected","19","110"
"3286240","10793696","3","1.0","1647335.java","selected","22","29","2482315.java","selected","33","40"
"10793696","15351863","3","1.0","2482315.java","selected","33","40","6505.java","selected","22","29"
"8921716","10793696","3","1.0","680627.java","selected","26","33","2482315.java","selected","33","40"
"8385785","10793696","3","1.0","2591858.java","selected","22","29","2482315.java","selected","33","40"
"10793696","17808515","3","1.0","2482315.java","selected","33","40","2039681.java","selected","22","29"
"10793696","15894276","3","1.0","2482315.java","selected","33","40","1851422.java","selected","27","34"
"10793696","17420328","3","1.0","2482315.java","selected","33","40","753578.java","selected","26","33"
"10793696","16076390","3","1.0","2482315.java","selected","33","40","2656905.java","selected","22","29"
"10793696","22262998","3","1.0","2482315.java","selected","33","40","2364224.java","selected","387","394"
"10793696","19934218","3","1.0","2482315.java","selected","33","40","170580.java","selected","22","29"
"10793696","22810500","3","1.0","2482315.java","selected","33","40","1534009.java","selected","41","48"
"10793696","17815062","3","1.0","2482315.java","selected","33","40","790184.java","selected","22","29"
"10793696","14785308","3","1.0","2482315.java","selected","33","40","1641263.java","selected","21","28"
"6756635","10793696","3","1.0","1019843.java","selected","22","29","2482315.java","selected","33","40"
"4223265","10793696","3","1.0","203961.java","selected","22","29","2482315.java","selected","33","40"
"6168445","10793696","3","1.0","1186892.java","selected","116","123","2482315.java","selected","33","40"
"3608108","10793696","3","1.0","2388104.java","selected","419","426","2482315.java","selected","33","40"
"2141749","10793696","3","1.0","2585622.java","selected","26","33","2482315.java","selected","33","40"
"4938100","10793696","3","1.0","2345098.java","selected","20","27","2482315.java","selected","33","40"
"607094","10793696","3","1.0","72588.java","default","24","31","2482315.java","selected","33","40"
"3286240","21827619","3","1.0","1647335.java","selected","22","29","1944148.java","selected","71","78"
"3286240","15351863","3","1.0","1647335.java","selected","22","29","6505.java","selected","22","29"
"3286240","20603864","3","1.0","1647335.java","selected","22","29","2615605.java","selected","26","33"
"3286240","4224228","3","1.0","1647335.java","selected","22","29","45714.java","selected","26","33"
"3286240","21636561","3","1.0","1647335.java","selected","22","29","916462.java","selected","23","30"
"3286240","12606395","3","1.0","1647335.java","selected","22","29","2729985.java","selected","22","29"
"3286240","17808515","3","1.0","1647335.java","selected","22","29","2039681.java","selected","22","29"
"3286240","7346958","3","1.0","1647335.java","selected","22","29","2229630.java","selected","22","29"
"3286240","9792904","3","1.0","1647335.java","selected","22","29","229916.java","selected","26","33"
"3286240","15894276","3","1.0","1647335.java","selected","22","29","1851422.java","selected","27","34"
"3286240","16076390","3","1.0","1647335.java","selected","22","29","2656905.java","selected","22","29"
"3286240","22262998","3","1.0","1647335.java","selected","22","29","2364224.java","selected","387","394"
"3286240","19934218","3","1.0","1647335.java","selected","22","29","170580.java","selected","22","29"
"3286240","7317602","3","1.0","1647335.java","selected","22","29","1440269.java","selected","26","33"
"3286240","17815062","3","1.0","1647335.java","selected","22","29","790184.java","selected","22","29"
"3286240","14785308","3","1.0","1647335.java","selected","22","29","1641263.java","selected","21","28"
"3286240","4223265","3","1.0","1647335.java","selected","22","29","203961.java","selected","22","29"
"3286240","3608108","3","1.0","1647335.java","selected","22","29","2388104.java","selected","419","426"
"3286240","16209101","3","1.0","1647335.java","selected","22","29","758050.java","selected","26","33"
"3286240","4938100","3","1.0","1647335.java","selected","22","29","2345098.java","selected","20","27"
"3286240","18471152","3","1.0","1647335.java","selected","22","29","1205527.java","selected","388","395"
"18820148","20418573","3","1.0","595552.java","selected","212","222","1966077.java","selected","72","82"
"13569337","18820148","3","1.0","2464493.java","selected","19","29","595552.java","selected","212","222"
"2533570","15972030","3","1.0","1394936.java","selected","41","75","349715.java","selected","38","72"
"2533570","9568958","3","1.0","1394936.java","selected","41","75","1070751.java","selected","118","152"
"13569337","20418573","3","1.0","2464493.java","selected","19","29","1966077.java","selected","72","82"
"15351863","21827619","3","1.0","6505.java","selected","22","29","1944148.java","selected","71","78"
"8921716","21827619","3","1.0","680627.java","selected","26","33","1944148.java","selected","71","78"
"8385785","21827619","3","1.0","2591858.java","selected","22","29","1944148.java","selected","71","78"
"17808515","21827619","3","1.0","2039681.java","selected","22","29","1944148.java","selected","71","78"
"15894276","21827619","3","1.0","1851422.java","selected","27","34","1944148.java","selected","71","78"
"17420328","21827619","3","1.0","753578.java","selected","26","33","1944148.java","selected","71","78"
"16076390","21827619","3","1.0","2656905.java","selected","22","29","1944148.java","selected","71","78"
"21827619","22262998","3","1.0","1944148.java","selected","71","78","2364224.java","selected","387","394"
"19934218","21827619","3","1.0","170580.java","selected","22","29","1944148.java","selected","71","78"
"21827619","22810500","3","1.0","1944148.java","selected","71","78","1534009.java","selected","41","48"
"17815062","21827619","3","1.0","790184.java","selected","22","29","1944148.java","selected","71","78"
"14785308","21827619","3","1.0","1641263.java","selected","21","28","1944148.java","selected","71","78"
"6756635","21827619","3","1.0","1019843.java","selected","22","29","1944148.java","selected","71","78"
"4223265","21827619","3","1.0","203961.java","selected","22","29","1944148.java","selected","71","78"
"6168445","21827619","3","1.0","1186892.java","selected","116","123","1944148.java","selected","71","78"
"3608108","21827619","3","1.0","2388104.java","selected","419","426","1944148.java","selected","71","78"
"2141749","21827619","3","1.0","2585622.java","selected","26","33","1944148.java","selected","71","78"
"4938100","21827619","3","1.0","2345098.java","selected","20","27","1944148.java","selected","71","78"
"607094","21827619","3","1.0","72588.java","default","24","31","1944148.java","selected","71","78"
"5321947","22560224","3","1.0","1957335.java","selected","147","162","1508294.java","selected","111","126"
"5321947","17856104","3","1.0","1957335.java","selected","147","162","1421935.java","selected","285","300"
"3945916","16367499","3","1.0","79211.java","selected","34","41","878659.java","selected","45","52"
"15351863","20603864","3","1.0","6505.java","selected","22","29","2615605.java","selected","26","33"
"4224228","15351863","3","1.0","45714.java","selected","26","33","6505.java","selected","22","29"
"15351863","21636561","3","1.0","6505.java","selected","22","29","916462.java","selected","23","30"
"8921716","15351863","3","1.0","680627.java","selected","26","33","6505.java","selected","22","29"
"8385785","15351863","3","1.0","2591858.java","selected","22","29","6505.java","selected","22","29"
"12606395","15351863","3","1.0","2729985.java","selected","22","29","6505.java","selected","22","29"
"15351863","17808515","3","1.0","6505.java","selected","22","29","2039681.java","selected","22","29"
"7346958","15351863","3","1.0","2229630.java","selected","22","29","6505.java","selected","22","29"
"9792904","15351863","3","1.0","229916.java","selected","26","33","6505.java","selected","22","29"
"15351863","15894276","3","1.0","6505.java","selected","22","29","1851422.java","selected","27","34"
"15351863","17420328","3","1.0","6505.java","selected","22","29","753578.java","selected","26","33"
"15351863","16076390","3","1.0","6505.java","selected","22","29","2656905.java","selected","22","29"
"15351863","22262998","3","1.0","6505.java","selected","22","29","2364224.java","selected","387","394"
"15351863","19934218","3","1.0","6505.java","selected","22","29","170580.java","selected","22","29"
"15351863","22810500","3","1.0","6505.java","selected","22","29","1534009.java","selected","41","48"
"7317602","15351863","3","1.0","1440269.java","selected","26","33","6505.java","selected","22","29"
"15351863","17815062","3","1.0","6505.java","selected","22","29","790184.java","selected","22","29"
"14785308","15351863","3","1.0","1641263.java","selected","21","28","6505.java","selected","22","29"
"6756635","15351863","3","1.0","1019843.java","selected","22","29","6505.java","selected","22","29"
"4223265","15351863","3","1.0","203961.java","selected","22","29","6505.java","selected","22","29"
"6168445","15351863","3","1.0","1186892.java","selected","116","123","6505.java","selected","22","29"
"3608108","15351863","3","1.0","2388104.java","selected","419","426","6505.java","selected","22","29"
"15351863","16209101","3","1.0","6505.java","selected","22","29","758050.java","selected","26","33"
"2141749","15351863","3","1.0","2585622.java","selected","26","33","6505.java","selected","22","29"
"4938100","15351863","3","1.0","2345098.java","selected","20","27","6505.java","selected","22","29"
"15351863","18471152","3","1.0","6505.java","selected","22","29","1205527.java","selected","388","395"
"607094","15351863","3","1.0","72588.java","default","24","31","6505.java","selected","22","29"
"4569312","4569313","3","1.0","2310574.java","selected","272","282","2310574.java","selected","284","294"
"15972030","19474501","3","1.0","349715.java","selected","38","72","2704481.java","selected","38","72"
"9568958","19474501","3","1.0","1070751.java","selected","118","152","2704481.java","selected","38","72"
"3790245","11939185","3","1.0","738233.java","selected","46","57","1488519.java","selected","25","36"
"2499053","2499054","3","1.0","400025.java","selected","28","39","400025.java","selected","48","59"
"8921716","20603864","3","1.0","680627.java","selected","26","33","2615605.java","selected","26","33"
"8385785","20603864","3","1.0","2591858.java","selected","22","29","2615605.java","selected","26","33"
"17808515","20603864","3","1.0","2039681.java","selected","22","29","2615605.java","selected","26","33"
"15894276","20603864","3","1.0","1851422.java","selected","27","34","2615605.java","selected","26","33"
"17420328","20603864","3","1.0","753578.java","selected","26","33","2615605.java","selected","26","33"
"16076390","20603864","3","1.0","2656905.java","selected","22","29","2615605.java","selected","26","33"
"20603864","22262998","3","1.0","2615605.java","selected","26","33","2364224.java","selected","387","394"
"19934218","20603864","3","1.0","170580.java","selected","22","29","2615605.java","selected","26","33"
"20603864","22810500","3","1.0","2615605.java","selected","26","33","1534009.java","selected","41","48"
"17815062","20603864","3","1.0","790184.java","selected","22","29","2615605.java","selected","26","33"
"14785308","20603864","3","1.0","1641263.java","selected","21","28","2615605.java","selected","26","33"
"6756635","20603864","3","1.0","1019843.java","selected","22","29","2615605.java","selected","26","33"
"4223265","20603864","3","1.0","203961.java","selected","22","29","2615605.java","selected","26","33"
"6168445","20603864","3","1.0","1186892.java","selected","116","123","2615605.java","selected","26","33"
"3608108","20603864","3","1.0","2388104.java","selected","419","426","2615605.java","selected","26","33"
"2141749","20603864","3","1.0","2585622.java","selected","26","33","2615605.java","selected","26","33"
"4938100","20603864","3","1.0","2345098.java","selected","20","27","2615605.java","selected","26","33"
"607094","20603864","3","1.0","72588.java","default","24","31","2615605.java","selected","26","33"
"7564559","7564560","3","1.0","1746336.java","selected","19","36","1746336.java","selected","44","61"
"4224228","8921716","3","1.0","45714.java","selected","26","33","680627.java","selected","26","33"
"4224228","8385785","3","1.0","45714.java","selected","26","33","2591858.java","selected","22","29"
"4224228","17808515","3","1.0","45714.java","selected","26","33","2039681.java","selected","22","29"
"4224228","15894276","3","1.0","45714.java","selected","26","33","1851422.java","selected","27","34"
"4224228","17420328","3","1.0","45714.java","selected","26","33","753578.java","selected","26","33"
"4224228","16076390","3","1.0","45714.java","selected","26","33","2656905.java","selected","22","29"
"4224228","22262998","3","1.0","45714.java","selected","26","33","2364224.java","selected","387","394"
"4224228","19934218","3","1.0","45714.java","selected","26","33","170580.java","selected","22","29"
"4224228","22810500","3","1.0","45714.java","selected","26","33","1534009.java","selected","41","48"
"4224228","17815062","3","1.0","45714.java","selected","26","33","790184.java","selected","22","29"
"4224228","14785308","3","1.0","45714.java","selected","26","33","1641263.java","selected","21","28"
"4224228","6756635","3","1.0","45714.java","selected","26","33","1019843.java","selected","22","29"
"4223265","4224228","3","1.0","203961.java","selected","22","29","45714.java","selected","26","33"
"4224228","6168445","3","1.0","45714.java","selected","26","33","1186892.java","selected","116","123"
"3608108","4224228","3","1.0","2388104.java","selected","419","426","45714.java","selected","26","33"
"2141749","4224228","3","1.0","2585622.java","selected","26","33","45714.java","selected","26","33"
"4224228","4938100","3","1.0","45714.java","selected","26","33","2345098.java","selected","20","27"
"607094","4224228","3","1.0","72588.java","default","24","31","45714.java","selected","26","33"
"4764618","15972030","3","1.0","1211389.java","selected","38","72","349715.java","selected","38","72"
"4764618","9568958","3","1.0","1211389.java","selected","38","72","1070751.java","selected","118","152"
"10933932","20691303","3","1.0","2073774.java","selected","16","37","1532453.java","selected","22","43"
"2890392","10445018","3","1.0","1239513.java","selected","22","29","1755560.java","selected","120","127"
"17856104","22560224","3","1.0","1421935.java","selected","285","300","1508294.java","selected","111","126"
"21946945","22560224","3","1.0","151366.java","selected","191","206","1508294.java","selected","111","126"
"5017377","5017378","3","1.0","306261.java","selected","375","394","306261.java","selected","396","415"
"6270867","6270868","3","1.0","835371.java","selected","27","54","835371.java","selected","61","88"
"8921716","21636561","3","1.0","680627.java","selected","26","33","916462.java","selected","23","30"
"8385785","21636561","3","1.0","2591858.java","selected","22","29","916462.java","selected","23","30"
"17808515","21636561","3","1.0","2039681.java","selected","22","29","916462.java","selected","23","30"
"15894276","21636561","3","1.0","1851422.java","selected","27","34","916462.java","selected","23","30"
"17420328","21636561","3","1.0","753578.java","selected","26","33","916462.java","selected","23","30"
"16076390","21636561","3","1.0","2656905.java","selected","22","29","916462.java","selected","23","30"
"21636561","22262998","3","1.0","916462.java","selected","23","30","2364224.java","selected","387","394"
"19934218","21636561","3","1.0","170580.java","selected","22","29","916462.java","selected","23","30"
"21636561","22810500","3","1.0","916462.java","selected","23","30","1534009.java","selected","41","48"
"17815062","21636561","3","1.0","790184.java","selected","22","29","916462.java","selected","23","30"
"14785308","21636561","3","1.0","1641263.java","selected","21","28","916462.java","selected","23","30"
"6756635","21636561","3","1.0","1019843.java","selected","22","29","916462.java","selected","23","30"
"4223265","21636561","3","1.0","203961.java","selected","22","29","916462.java","selected","23","30"
"6168445","21636561","3","1.0","1186892.java","selected","116","123","916462.java","selected","23","30"
"3608108","21636561","3","1.0","2388104.java","selected","419","426","916462.java","selected","23","30"
"2141749","21636561","3","1.0","2585622.java","selected","26","33","916462.java","selected","23","30"
"4938100","21636561","3","1.0","2345098.java","selected","20","27","916462.java","selected","23","30"
"607094","21636561","3","1.0","72588.java","default","24","31","916462.java","selected","23","30"
"8667872","15087907","3","1.0","1933084.java","selected","271","282","269132.java","selected","375","386"
"4852691","8667872","3","1.0","64404.java","selected","443","454","1933084.java","selected","271","282"
"4798330","4798332","3","1.0","37463.java","selected","12","25","37463.java","selected","42","55"
"4798330","4798331","3","1.0","37463.java","selected","12","25","37463.java","selected","27","40"
"8921716","12606395","3","1.0","680627.java","selected","26","33","2729985.java","selected","22","29"
"8921716","17808515","3","1.0","680627.java","selected","26","33","2039681.java","selected","22","29"
"7346958","8921716","3","1.0","2229630.java","selected","22","29","680627.java","selected","26","33"
"8921716","9792904","3","1.0","680627.java","selected","26","33","229916.java","selected","26","33"
"8921716","15894276","3","1.0","680627.java","selected","26","33","1851422.java","selected","27","34"
"8921716","16076390","3","1.0","680627.java","selected","26","33","2656905.java","selected","22","29"
"8921716","22262998","3","1.0","680627.java","selected","26","33","2364224.java","selected","387","394"
"8921716","19934218","3","1.0","680627.java","selected","26","33","170580.java","selected","22","29"
"7317602","8921716","3","1.0","1440269.java","selected","26","33","680627.java","selected","26","33"
"8921716","17815062","3","1.0","680627.java","selected","26","33","790184.java","selected","22","29"
"8921716","14785308","3","1.0","680627.java","selected","26","33","1641263.java","selected","21","28"
"4223265","8921716","3","1.0","203961.java","selected","22","29","680627.java","selected","26","33"
"3608108","8921716","3","1.0","2388104.java","selected","419","426","680627.java","selected","26","33"
"8921716","16209101","3","1.0","680627.java","selected","26","33","758050.java","selected","26","33"
"4938100","8921716","3","1.0","2345098.java","selected","20","27","680627.java","selected","26","33"
"8921716","18471152","3","1.0","680627.java","selected","26","33","1205527.java","selected","388","395"
"3087100","10142186","3","1.0","1998230.java","selected","14","32","2523541.java","selected","12","30"
"10142186","20929570","3","1.0","2523541.java","selected","12","30","607641.java","selected","22","40"
"22307321","22307323","3","1.0","1888675.java","selected","12","17","1888675.java","selected","23","28"
"5174084","22899270","3","1.0","2329259.java","selected","14","23","2136516.java","selected","189","198"
"15675187","18631594","3","1.0","338794.java","selected","17","33","648694.java","selected","13","29"
"15972030","23465746","3","1.0","349715.java","selected","38","72","149268.java","selected","38","72"
"9568958","23465746","3","1.0","1070751.java","selected","118","152","149268.java","selected","38","72"
"3357568","9191794","3","1.0","838444.java","selected","15","30","1929750.java","selected","15","30"
"11953289","14548507","3","1.0","1414859.java","selected","36","43","253935.java","selected","609","616"
"12973065","15972030","3","1.0","395885.java","selected","38","72","349715.java","selected","38","72"
"9568958","12973065","3","1.0","1070751.java","selected","118","152","395885.java","selected","38","72"
"17856104","21946945","3","1.0","1421935.java","selected","285","300","151366.java","selected","191","206"
"1162904","7082101","3","1.0","401196.java","selected","43","56","1955725.java","selected","41","54"
"4798331","4798332","3","1.0","37463.java","selected","27","40","37463.java","selected","42","55"
"15972030","23161545","3","1.0","349715.java","selected","38","72","452587.java","selected","41","75"
"9568958","23161545","3","1.0","1070751.java","selected","118","152","452587.java","selected","41","75"
"5620793","15328073","3","1.0","1271468.java","selected","35","42","160181.java","selected","77","84"
"8385785","12606395","3","1.0","2591858.java","selected","22","29","2729985.java","selected","22","29"
"8385785","17808515","3","1.0","2591858.java","selected","22","29","2039681.java","selected","22","29"
"7346958","8385785","3","1.0","2229630.java","selected","22","29","2591858.java","selected","22","29"
"8385785","9792904","3","1.0","2591858.java","selected","22","29","229916.java","selected","26","33"
"8385785","15894276","3","1.0","2591858.java","selected","22","29","1851422.java","selected","27","34"
"8385785","16076390","3","1.0","2591858.java","selected","22","29","2656905.java","selected","22","29"
"8385785","22262998","3","1.0","2591858.java","selected","22","29","2364224.java","selected","387","394"
"8385785","19934218","3","1.0","2591858.java","selected","22","29","170580.java","selected","22","29"
"7317602","8385785","3","1.0","1440269.java","selected","26","33","2591858.java","selected","22","29"
"8385785","17815062","3","1.0","2591858.java","selected","22","29","790184.java","selected","22","29"
"8385785","14785308","3","1.0","2591858.java","selected","22","29","1641263.java","selected","21","28"
"4223265","8385785","3","1.0","203961.java","selected","22","29","2591858.java","selected","22","29"
"3608108","8385785","3","1.0","2388104.java","selected","419","426","2591858.java","selected","22","29"
"8385785","16209101","3","1.0","2591858.java","selected","22","29","758050.java","selected","26","33"
"4938100","8385785","3","1.0","2345098.java","selected","20","27","2591858.java","selected","22","29"
"8385785","18471152","3","1.0","2591858.java","selected","22","29","1205527.java","selected","388","395"
"12606395","17808515","3","1.0","2729985.java","selected","22","29","2039681.java","selected","22","29"
"12606395","15894276","3","1.0","2729985.java","selected","22","29","1851422.java","selected","27","34"
"12606395","17420328","3","1.0","2729985.java","selected","22","29","753578.java","selected","26","33"
"12606395","16076390","3","1.0","2729985.java","selected","22","29","2656905.java","selected","22","29"
"12606395","22262998","3","1.0","2729985.java","selected","22","29","2364224.java","selected","387","394"
"12606395","19934218","3","1.0","2729985.java","selected","22","29","170580.java","selected","22","29"
"12606395","22810500","3","1.0","2729985.java","selected","22","29","1534009.java","selected","41","48"
"12606395","17815062","3","1.0","2729985.java","selected","22","29","790184.java","selected","22","29"
"12606395","14785308","3","1.0","2729985.java","selected","22","29","1641263.java","selected","21","28"
"6756635","12606395","3","1.0","1019843.java","selected","22","29","2729985.java","selected","22","29"
"4223265","12606395","3","1.0","203961.java","selected","22","29","2729985.java","selected","22","29"
"6168445","12606395","3","1.0","1186892.java","selected","116","123","2729985.java","selected","22","29"
"3608108","12606395","3","1.0","2388104.java","selected","419","426","2729985.java","selected","22","29"
"2141749","12606395","3","1.0","2585622.java","selected","26","33","2729985.java","selected","22","29"
"4938100","12606395","3","1.0","2345098.java","selected","20","27","2729985.java","selected","22","29"
"607094","12606395","3","1.0","72588.java","default","24","31","2729985.java","selected","22","29"
"14849002","21996068","3","1.0","1319165.java","selected","17","32","2448986.java","selected","16","31"
"3362080","21996068","3","1.0","1052731.java","selected","15","30","2448986.java","selected","16","31"
"19782619","21996068","3","1.0","1647261.java","selected","21","36","2448986.java","selected","16","31"
"15972030","17224030","3","1.0","349715.java","selected","38","72","785238.java","selected","43","77"
"9568958","17224030","3","1.0","1070751.java","selected","118","152","785238.java","selected","43","77"
"19471650","19471651","3","1.0","105758.java","selected","319","330","105758.java","selected","338","349"
"3087100","20929570","3","1.0","1998230.java","selected","14","32","607641.java","selected","22","40"
"3087100","7133024","3","1.0","1998230.java","selected","14","32","1218421.java","selected","12","30"
"3087100","3517430","3","1.0","1998230.java","selected","14","32","460636.java","selected","25","43"
"6508481","12820117","3","1.0","2738608.java","selected","41","72","203662.java","selected","41","72"
"8678081","14288306","3","1.0","1455875.java","selected","10","20","1838198.java","selected","9","19"
"6155833","15972030","3","1.0","384944.java","selected","41","75","349715.java","selected","38","72"
"6155833","9568958","3","1.0","384944.java","selected","41","75","1070751.java","selected","118","152"
"18828006","18828007","3","1.0","1242997.java","selected","26","39","1242997.java","selected","41","54"
"7346958","17808515","3","1.0","2229630.java","selected","22","29","2039681.java","selected","22","29"
"9792904","17808515","3","1.0","229916.java","selected","26","33","2039681.java","selected","22","29"
"15894276","17808515","3","1.0","1851422.java","selected","27","34","2039681.java","selected","22","29"
"17420328","17808515","3","1.0","753578.java","selected","26","33","2039681.java","selected","22","29"
"16076390","17808515","3","1.0","2656905.java","selected","22","29","2039681.java","selected","22","29"
"17808515","22262998","3","1.0","2039681.java","selected","22","29","2364224.java","selected","387","394"
"17808515","19934218","3","1.0","2039681.java","selected","22","29","170580.java","selected","22","29"
"17808515","22810500","3","1.0","2039681.java","selected","22","29","1534009.java","selected","41","48"
"7317602","17808515","3","1.0","1440269.java","selected","26","33","2039681.java","selected","22","29"
"17808515","17815062","3","1.0","2039681.java","selected","22","29","790184.java","selected","22","29"
"14785308","17808515","3","1.0","1641263.java","selected","21","28","2039681.java","selected","22","29"
"6756635","17808515","3","1.0","1019843.java","selected","22","29","2039681.java","selected","22","29"
"4223265","17808515","3","1.0","203961.java","selected","22","29","2039681.java","selected","22","29"
"6168445","17808515","3","1.0","1186892.java","selected","116","123","2039681.java","selected","22","29"
"3608108","17808515","3","1.0","2388104.java","selected","419","426","2039681.java","selected","22","29"
"16209101","17808515","3","1.0","758050.java","selected","26","33","2039681.java","selected","22","29"
"2141749","17808515","3","1.0","2585622.java","selected","26","33","2039681.java","selected","22","29"
"4938100","17808515","3","1.0","2345098.java","selected","20","27","2039681.java","selected","22","29"
"17808515","18471152","3","1.0","2039681.java","selected","22","29","1205527.java","selected","388","395"
"607094","17808515","3","1.0","72588.java","default","24","31","2039681.java","selected","22","29"
"7346958","15894276","3","1.0","2229630.java","selected","22","29","1851422.java","selected","27","34"
"7346958","17420328","3","1.0","2229630.java","selected","22","29","753578.java","selected","26","33"
"7346958","16076390","3","1.0","2229630.java","selected","22","29","2656905.java","selected","22","29"
"7346958","22262998","3","1.0","2229630.java","selected","22","29","2364224.java","selected","387","394"
"7346958","19934218","3","1.0","2229630.java","selected","22","29","170580.java","selected","22","29"
"7346958","22810500","3","1.0","2229630.java","selected","22","29","1534009.java","selected","41","48"
"7346958","17815062","3","1.0","2229630.java","selected","22","29","790184.java","selected","22","29"
"7346958","14785308","3","1.0","2229630.java","selected","22","29","1641263.java","selected","21","28"
"6756635","7346958","3","1.0","1019843.java","selected","22","29","2229630.java","selected","22","29"
"4223265","7346958","3","1.0","203961.java","selected","22","29","2229630.java","selected","22","29"
"6168445","7346958","3","1.0","1186892.java","selected","116","123","2229630.java","selected","22","29"
"3608108","7346958","3","1.0","2388104.java","selected","419","426","2229630.java","selected","22","29"
"2141749","7346958","3","1.0","2585622.java","selected","26","33","2229630.java","selected","22","29"
"4938100","7346958","3","1.0","2345098.java","selected","20","27","2229630.java","selected","22","29"
"607094","7346958","3","1.0","72588.java","default","24","31","2229630.java","selected","22","29"
"9792904","15894276","3","1.0","229916.java","selected","26","33","1851422.java","selected","27","34"
"9792904","17420328","3","1.0","229916.java","selected","26","33","753578.java","selected","26","33"
"9792904","16076390","3","1.0","229916.java","selected","26","33","2656905.java","selected","22","29"
"9792904","22262998","3","1.0","229916.java","selected","26","33","2364224.java","selected","387","394"
"9792904","19934218","3","1.0","229916.java","selected","26","33","170580.java","selected","22","29"
"9792904","22810500","3","1.0","229916.java","selected","26","33","1534009.java","selected","41","48"
"9792904","17815062","3","1.0","229916.java","selected","26","33","790184.java","selected","22","29"
"9792904","14785308","3","1.0","229916.java","selected","26","33","1641263.java","selected","21","28"
"6756635","9792904","3","1.0","1019843.java","selected","22","29","229916.java","selected","26","33"
"4223265","9792904","3","1.0","203961.java","selected","22","29","229916.java","selected","26","33"
"6168445","9792904","3","1.0","1186892.java","selected","116","123","229916.java","selected","26","33"
"3608108","9792904","3","1.0","2388104.java","selected","419","426","229916.java","selected","26","33"
"2141749","9792904","3","1.0","2585622.java","selected","26","33","229916.java","selected","26","33"
"4938100","9792904","3","1.0","2345098.java","selected","20","27","229916.java","selected","26","33"
"607094","9792904","3","1.0","72588.java","default","24","31","229916.java","selected","26","33"
"15894276","17420328","3","1.0","1851422.java","selected","27","34","753578.java","selected","26","33"
"15894276","16076390","3","1.0","1851422.java","selected","27","34","2656905.java","selected","22","29"
"15894276","22262998","3","1.0","1851422.java","selected","27","34","2364224.java","selected","387","394"
"15894276","19934218","3","1.0","1851422.java","selected","27","34","170580.java","selected","22","29"
"15894276","22810500","3","1.0","1851422.java","selected","27","34","1534009.java","selected","41","48"
"7317602","15894276","3","1.0","1440269.java","selected","26","33","1851422.java","selected","27","34"
"15894276","17815062","3","1.0","1851422.java","selected","27","34","790184.java","selected","22","29"
"14785308","15894276","3","1.0","1641263.java","selected","21","28","1851422.java","selected","27","34"
"6756635","15894276","3","1.0","1019843.java","selected","22","29","1851422.java","selected","27","34"
"4223265","15894276","3","1.0","203961.java","selected","22","29","1851422.java","selected","27","34"
"6168445","15894276","3","1.0","1186892.java","selected","116","123","1851422.java","selected","27","34"
"3608108","15894276","3","1.0","2388104.java","selected","419","426","1851422.java","selected","27","34"
"15894276","16209101","3","1.0","1851422.java","selected","27","34","758050.java","selected","26","33"
"2141749","15894276","3","1.0","2585622.java","selected","26","33","1851422.java","selected","27","34"
"4938100","15894276","3","1.0","2345098.java","selected","20","27","1851422.java","selected","27","34"
"15894276","18471152","3","1.0","1851422.java","selected","27","34","1205527.java","selected","388","395"
"607094","15894276","3","1.0","72588.java","default","24","31","1851422.java","selected","27","34"
"22768445","22768446","3","1.0","2171396.java","selected","21","39","2171396.java","selected","41","59"
"3362080","14849002","3","1.0","1052731.java","selected","15","30","1319165.java","selected","17","32"
"14849002","19782619","3","1.0","1319165.java","selected","17","32","1647261.java","selected","21","36"
"14053882","14849002","3","1.0","2118889.java","selected","15","30","1319165.java","selected","17","32"
"10350952","14849002","3","1.0","523647.java","selected","15","30","1319165.java","selected","17","32"
"3076854","5620793","3","1.0","71744.java","selected","77","84","1271468.java","selected","35","42"
"6983973","15972030","3","1.0","2458021.java","selected","41","75","349715.java","selected","38","72"
"6983973","9568958","3","1.0","2458021.java","selected","41","75","1070751.java","selected","118","152"
"16076390","17420328","3","1.0","2656905.java","selected","22","29","753578.java","selected","26","33"
"17420328","22262998","3","1.0","753578.java","selected","26","33","2364224.java","selected","387","394"
"17420328","19934218","3","1.0","753578.java","selected","26","33","170580.java","selected","22","29"
"7317602","17420328","3","1.0","1440269.java","selected","26","33","753578.java","selected","26","33"
"17420328","17815062","3","1.0","753578.java","selected","26","33","790184.java","selected","22","29"
"14785308","17420328","3","1.0","1641263.java","selected","21","28","753578.java","selected","26","33"
"4223265","17420328","3","1.0","203961.java","selected","22","29","753578.java","selected","26","33"
"3608108","17420328","3","1.0","2388104.java","selected","419","426","753578.java","selected","26","33"
"16209101","17420328","3","1.0","758050.java","selected","26","33","753578.java","selected","26","33"
"4938100","17420328","3","1.0","2345098.java","selected","20","27","753578.java","selected","26","33"
"17420328","18471152","3","1.0","753578.java","selected","26","33","1205527.java","selected","388","395"
"13974204","15972030","3","1.0","2644786.java","selected","135","169","349715.java","selected","38","72"
"9568958","13974204","3","1.0","1070751.java","selected","118","152","2644786.java","selected","135","169"
"20717530","20717531","3","1.0","1362088.java","selected","363","385","1362088.java","selected","395","417"
"6729311","15972030","3","1.0","2650687.java","selected","41","75","349715.java","selected","38","72"
"6729311","9568958","3","1.0","2650687.java","selected","41","75","1070751.java","selected","118","152"
"132552","932224","3","1.0","34322.java","default","179","192","55330.java","default","164","177"
"4852691","15087907","3","1.0","64404.java","selected","443","454","269132.java","selected","375","386"
"16076390","22262998","3","1.0","2656905.java","selected","22","29","2364224.java","selected","387","394"
"16076390","19934218","3","1.0","2656905.java","selected","22","29","170580.java","selected","22","29"
"16076390","22810500","3","1.0","2656905.java","selected","22","29","1534009.java","selected","41","48"
"7317602","16076390","3","1.0","1440269.java","selected","26","33","2656905.java","selected","22","29"
"16076390","17815062","3","1.0","2656905.java","selected","22","29","790184.java","selected","22","29"
"14785308","16076390","3","1.0","1641263.java","selected","21","28","2656905.java","selected","22","29"
"6756635","16076390","3","1.0","1019843.java","selected","22","29","2656905.java","selected","22","29"
"4223265","16076390","3","1.0","203961.java","selected","22","29","2656905.java","selected","22","29"
"6168445","16076390","3","1.0","1186892.java","selected","116","123","2656905.java","selected","22","29"
"3608108","16076390","3","1.0","2388104.java","selected","419","426","2656905.java","selected","22","29"
"16076390","16209101","3","1.0","2656905.java","selected","22","29","758050.java","selected","26","33"
"2141749","16076390","3","1.0","2585622.java","selected","26","33","2656905.java","selected","22","29"
"4938100","16076390","3","1.0","2345098.java","selected","20","27","2656905.java","selected","22","29"
"16076390","18471152","3","1.0","2656905.java","selected","22","29","1205527.java","selected","388","395"
"607094","16076390","3","1.0","72588.java","default","24","31","2656905.java","selected","22","29"
"10249398","10445018","3","1.0","461177.java","selected","22","29","1755560.java","selected","120","127"
"3362080","19782619","3","1.0","1052731.java","selected","15","30","1647261.java","selected","21","36"
"3362080","14053882","3","1.0","1052731.java","selected","15","30","2118889.java","selected","15","30"
"3362080","10350952","3","1.0","1052731.java","selected","15","30","523647.java","selected","15","30"
"10445018","19674840","3","1.0","1755560.java","selected","120","127","2311938.java","selected","22","29"
"19934218","22262998","3","1.0","170580.java","selected","22","29","2364224.java","selected","387","394"
"22262998","22810500","3","1.0","2364224.java","selected","387","394","1534009.java","selected","41","48"
"7317602","22262998","3","1.0","1440269.java","selected","26","33","2364224.java","selected","387","394"
"17815062","22262998","3","1.0","790184.java","selected","22","29","2364224.java","selected","387","394"
"14785308","22262998","3","1.0","1641263.java","selected","21","28","2364224.java","selected","387","394"
"6756635","22262998","3","1.0","1019843.java","selected","22","29","2364224.java","selected","387","394"
"4223265","22262998","3","1.0","203961.java","selected","22","29","2364224.java","selected","387","394"
"6168445","22262998","3","1.0","1186892.java","selected","116","123","2364224.java","selected","387","394"
"16209101","22262998","3","1.0","758050.java","selected","26","33","2364224.java","selected","387","394"
"2141749","22262998","3","1.0","2585622.java","selected","26","33","2364224.java","selected","387","394"
"4938100","22262998","3","1.0","2345098.java","selected","20","27","2364224.java","selected","387","394"
"18471152","22262998","3","1.0","1205527.java","selected","388","395","2364224.java","selected","387","394"
"607094","22262998","3","1.0","72588.java","default","24","31","2364224.java","selected","387","394"
"15972030","20378673","3","1.0","349715.java","selected","38","72","2054510.java","selected","41","75"
"9568958","20378673","3","1.0","1070751.java","selected","118","152","2054510.java","selected","41","75"
"19934218","22810500","3","1.0","170580.java","selected","22","29","1534009.java","selected","41","48"
"7317602","19934218","3","1.0","1440269.java","selected","26","33","170580.java","selected","22","29"
"17815062","19934218","3","1.0","790184.java","selected","22","29","170580.java","selected","22","29"
"14785308","19934218","3","1.0","1641263.java","selected","21","28","170580.java","selected","22","29"
"6756635","19934218","3","1.0","1019843.java","selected","22","29","170580.java","selected","22","29"
"4223265","19934218","3","1.0","203961.java","selected","22","29","170580.java","selected","22","29"
"6168445","19934218","3","1.0","1186892.java","selected","116","123","170580.java","selected","22","29"
"3608108","19934218","3","1.0","2388104.java","selected","419","426","170580.java","selected","22","29"
"16209101","19934218","3","1.0","758050.java","selected","26","33","170580.java","selected","22","29"
"2141749","19934218","3","1.0","2585622.java","selected","26","33","170580.java","selected","22","29"
"4938100","19934218","3","1.0","2345098.java","selected","20","27","170580.java","selected","22","29"
"18471152","19934218","3","1.0","1205527.java","selected","388","395","170580.java","selected","22","29"
"607094","19934218","3","1.0","72588.java","default","24","31","170580.java","selected","22","29"
"22899260","22899270","3","1.0","2136516.java","selected","28","37","2136516.java","selected","189","198"
"7317602","22810500","3","1.0","1440269.java","selected","26","33","1534009.java","selected","41","48"
"17815062","22810500","3","1.0","790184.java","selected","22","29","1534009.java","selected","41","48"
"14785308","22810500","3","1.0","1641263.java","selected","21","28","1534009.java","selected","41","48"
"4223265","22810500","3","1.0","203961.java","selected","22","29","1534009.java","selected","41","48"
"3608108","22810500","3","1.0","2388104.java","selected","419","426","1534009.java","selected","41","48"
"16209101","22810500","3","1.0","758050.java","selected","26","33","1534009.java","selected","41","48"
"4938100","22810500","3","1.0","2345098.java","selected","20","27","1534009.java","selected","41","48"
"18471152","22810500","3","1.0","1205527.java","selected","388","395","1534009.java","selected","41","48"
"8024375","15972030","3","1.0","2713526.java","selected","41","75","349715.java","selected","38","72"
"8024375","9568958","3","1.0","2713526.java","selected","41","75","1070751.java","selected","118","152"
"7317602","17815062","3","1.0","1440269.java","selected","26","33","790184.java","selected","22","29"
"7317602","14785308","3","1.0","1440269.java","selected","26","33","1641263.java","selected","21","28"
"6756635","7317602","3","1.0","1019843.java","selected","22","29","1440269.java","selected","26","33"
"4223265","7317602","3","1.0","203961.java","selected","22","29","1440269.java","selected","26","33"
"6168445","7317602","3","1.0","1186892.java","selected","116","123","1440269.java","selected","26","33"
"3608108","7317602","3","1.0","2388104.java","selected","419","426","1440269.java","selected","26","33"
"2141749","7317602","3","1.0","2585622.java","selected","26","33","1440269.java","selected","26","33"
"4938100","7317602","3","1.0","2345098.java","selected","20","27","1440269.java","selected","26","33"
"607094","7317602","3","1.0","72588.java","default","24","31","1440269.java","selected","26","33"
"14785308","17815062","3","1.0","1641263.java","selected","21","28","790184.java","selected","22","29"
"6756635","17815062","3","1.0","1019843.java","selected","22","29","790184.java","selected","22","29"
"4223265","17815062","3","1.0","203961.java","selected","22","29","790184.java","selected","22","29"
"6168445","17815062","3","1.0","1186892.java","selected","116","123","790184.java","selected","22","29"
"3608108","17815062","3","1.0","2388104.java","selected","419","426","790184.java","selected","22","29"
"16209101","17815062","3","1.0","758050.java","selected","26","33","790184.java","selected","22","29"
"2141749","17815062","3","1.0","2585622.java","selected","26","33","790184.java","selected","22","29"
"4938100","17815062","3","1.0","2345098.java","selected","20","27","790184.java","selected","22","29"
"17815062","18471152","3","1.0","790184.java","selected","22","29","1205527.java","selected","388","395"
"607094","17815062","3","1.0","72588.java","default","24","31","790184.java","selected","22","29"
"6756635","14785308","3","1.0","1019843.java","selected","22","29","1641263.java","selected","21","28"
"4223265","14785308","3","1.0","203961.java","selected","22","29","1641263.java","selected","21","28"
"6168445","14785308","3","1.0","1186892.java","selected","116","123","1641263.java","selected","21","28"
"3608108","14785308","3","1.0","2388104.java","selected","419","426","1641263.java","selected","21","28"
"14785308","16209101","3","1.0","1641263.java","selected","21","28","758050.java","selected","26","33"
"2141749","14785308","3","1.0","2585622.java","selected","26","33","1641263.java","selected","21","28"
"14785308","18471152","3","1.0","1641263.java","selected","21","28","1205527.java","selected","388","395"
"607094","14785308","3","1.0","72588.java","default","24","31","1641263.java","selected","21","28"
"4223265","6756635","3","1.0","203961.java","selected","22","29","1019843.java","selected","22","29"
"3608108","6756635","3","1.0","2388104.java","selected","419","426","1019843.java","selected","22","29"
"6756635","16209101","3","1.0","1019843.java","selected","22","29","758050.java","selected","26","33"
"4938100","6756635","3","1.0","2345098.java","selected","20","27","1019843.java","selected","22","29"
"6756635","18471152","3","1.0","1019843.java","selected","22","29","1205527.java","selected","388","395"
"4223265","6168445","3","1.0","203961.java","selected","22","29","1186892.java","selected","116","123"
"3608108","4223265","3","1.0","2388104.java","selected","419","426","203961.java","selected","22","29"
"4223265","16209101","3","1.0","203961.java","selected","22","29","758050.java","selected","26","33"
"2141749","4223265","3","1.0","2585622.java","selected","26","33","203961.java","selected","22","29"
"4223265","4938100","3","1.0","203961.java","selected","22","29","2345098.java","selected","20","27"
"4223265","18471152","3","1.0","203961.java","selected","22","29","1205527.java","selected","388","395"
"607094","4223265","3","1.0","72588.java","default","24","31","203961.java","selected","22","29"
"3516106","15972030","3","1.0","2140231.java","selected","44","78","349715.java","selected","38","72"
"3516106","9568958","3","1.0","2140231.java","selected","44","78","1070751.java","selected","118","152"
"7133024","20929570","3","1.0","1218421.java","selected","12","30","607641.java","selected","22","40"
"3517430","20929570","3","1.0","460636.java","selected","25","43","607641.java","selected","22","40"
"17347450","17347452","3","1.0","1940607.java","selected","9","22","1940607.java","selected","37","50"
"3608108","6168445","3","1.0","2388104.java","selected","419","426","1186892.java","selected","116","123"
"6168445","16209101","3","1.0","1186892.java","selected","116","123","758050.java","selected","26","33"
"4938100","6168445","3","1.0","2345098.java","selected","20","27","1186892.java","selected","116","123"
"6168445","18471152","3","1.0","1186892.java","selected","116","123","1205527.java","selected","388","395"
"8769373","15972030","3","1.0","761324.java","selected","41","75","349715.java","selected","38","72"
"8769373","9568958","3","1.0","761324.java","selected","41","75","1070751.java","selected","118","152"
"3608108","16209101","3","1.0","2388104.java","selected","419","426","758050.java","selected","26","33"
"2141749","3608108","3","1.0","2585622.java","selected","26","33","2388104.java","selected","419","426"
"3608108","4938100","3","1.0","2388104.java","selected","419","426","2345098.java","selected","20","27"
"3608108","18471152","3","1.0","2388104.java","selected","419","426","1205527.java","selected","388","395"
"607094","3608108","3","1.0","72588.java","default","24","31","2388104.java","selected","419","426"
"14053882","19782619","3","1.0","2118889.java","selected","15","30","1647261.java","selected","21","36"
"10350952","19782619","3","1.0","523647.java","selected","15","30","1647261.java","selected","21","36"
"2141749","16209101","3","1.0","2585622.java","selected","26","33","758050.java","selected","26","33"
"4938100","16209101","3","1.0","2345098.java","selected","20","27","758050.java","selected","26","33"
"607094","16209101","3","1.0","72588.java","default","24","31","758050.java","selected","26","33"
"2490462","15972030","3","1.0","349286.java","selected","41","75","349715.java","selected","38","72"
"14887616","15972030","3","1.0","705884.java","selected","38","72","349715.java","selected","38","72"
"11997195","15972030","3","1.0","1919515.java","selected","41","75","349715.java","selected","38","72"
"1884023","15972030","3","1.0","2247413.java","selected","38","72","349715.java","selected","38","72"
"9568958","15972030","3","1.0","1070751.java","selected","118","152","349715.java","selected","38","72"
"6795580","15972030","3","1.0","2376971.java","selected","40","74","349715.java","selected","38","72"
"10298747","15972030","3","1.0","759664.java","selected","41","75","349715.java","selected","38","72"
"15972030","23243320","3","1.0","349715.java","selected","38","72","807333.java","selected","38","72"
"2490462","9568958","3","1.0","349286.java","selected","41","75","1070751.java","selected","118","152"
"13703886","17180286","3","1.0","1466234.java","selected","16","28","1226440.java","selected","21","33"
"9568958","14887616","3","1.0","1070751.java","selected","118","152","705884.java","selected","38","72"
"2141749","4938100","3","1.0","2585622.java","selected","26","33","2345098.java","selected","20","27"
"2141749","18471152","3","1.0","2585622.java","selected","26","33","1205527.java","selected","388","395"
"9568958","11997195","3","1.0","1070751.java","selected","118","152","1919515.java","selected","41","75"
"1884023","9568958","3","1.0","2247413.java","selected","38","72","1070751.java","selected","118","152"
"4938100","18471152","3","1.0","2345098.java","selected","20","27","1205527.java","selected","388","395"
"607094","4938100","3","1.0","72588.java","default","24","31","2345098.java","selected","20","27"
"607094","18471152","3","1.0","72588.java","default","24","31","1205527.java","selected","388","395"
"6795580","9568958","3","1.0","2376971.java","selected","40","74","1070751.java","selected","118","152"
"9568958","10298747","3","1.0","1070751.java","selected","118","152","759664.java","selected","41","75"
"9568958","23243320","3","1.0","1070751.java","selected","118","152","807333.java","selected","38","72"
"23677117","23677118","4","1.0","CopyFileSamples.java","sample","55","61","CopyFileSamples.java","sample","63","69"
"79841","81852","31","1.0","22322.java","default","613","625","136733.java","default","328","340"
"81850","241043","31","1.0","136733.java","default","262","273","83666.java","default","252","263"
"81850","212115","31","1.0","136733.java","default","262","273","129946.java","default","281","292"
"81850","156659","31","1.0","136733.java","default","262","273","65855.java","default","252","263"
"212115","241043","31","1.0","129946.java","default","281","292","83666.java","default","252","263"
"165691","165694","31","1.0","71387.java","default","78","96","71387.java","default","106","124"
"156659","212115","31","1.0","65855.java","default","252","263","129946.java","default","281","292"
"3616770","3616773","24","1.0","980861.java","selected","114","123","980861.java","selected","150","159"
"15102950","18446898","41","1.0","2030394.java","selected","24","36","4933.java","selected","25","37"
"16193685","16193686","25","1.0","2338556.java","selected","40","48","2338556.java","selected","54","62"
"8267316","8267317","25","1.0","2665763.java","selected","89","106","2665763.java","selected","118","135"
