"FUNCTION_ID_ONE","FUNCTION_ID_TWO","FUNCTIONALITY_ID","SIM_BOTH","NAME1","TYPE1","S1","E1","NAME2","TYPE2","S2","E2"
"3046300","23594635","4","0.947368421052632","1269559.java","selected","225","243","2615218.java","selected","200","217"
"6959224","14581601","4","0.933333333333333","1637296.java","selected","142","154","2558574.java","selected","570","582"
"2467221","11627705","4","0.9","2521981.java","selected","49","57","77754.java","selected","849","857"
"11627705","12345227","4","0.9","77754.java","selected","849","857","1815674.java","selected","81","89"
"11627705","22197335","4","0.9","77754.java","selected","849","857","2309268.java","selected","35","43"
"11627705","19994918","4","0.9","77754.java","selected","849","857","322320.java","selected","81","89"
"11627705","17728719","4","0.9","77754.java","selected","849","857","2300478.java","selected","60","68"
"3422759","4336715","4","0.947368421052632","1676100.java","selected","297","315","871757.java","selected","711","729"
"657801","3422759","4","0.9","93742.java","default","55","74","1676100.java","selected","297","315"
"3422759","8117216","4","0.947368421052632","1676100.java","selected","297","315","1574719.java","selected","145","163"
"3422759","13289545","4","0.947368421052632","1676100.java","selected","297","315","1435050.java","selected","199","217"
"3422759","22403259","4","0.947368421052632","1676100.java","selected","297","315","1524798.java","selected","43","61"
"3422759","11986970","4","0.947368421052632","1676100.java","selected","297","315","668466.java","selected","50","68"
"3422759","20725036","4","0.947368421052632","1676100.java","selected","297","315","1819337.java","selected","144","162"
"3422759","12328424","4","0.947368421052632","1676100.java","selected","297","315","1791697.java","selected","70","88"
"3422759","5090669","4","0.947368421052632","1676100.java","selected","297","315","388654.java","selected","111","129"
"3058818","3058819","4","0.944444444444444","1952858.java","selected","15","30","1952858.java","selected","32","47"
"3058819","17871427","4","0.944444444444444","1952858.java","selected","32","47","2139695.java","selected","35","50"
"20601755","20601756","4","0.947368421052632","2345804.java","selected","148","166","2345804.java","selected","173","191"
"10482004","11902597","4","0.945945945945946","569804.java","selected","20","56","409578.java","selected","19","55"
"2461169","19643373","4","0.962962962962963","927691.java","selected","790","816","925397.java","selected","890","916"
"2461169","19643372","4","0.962962962962963","927691.java","selected","790","816","925397.java","selected","854","880"
"22300980","22303544","4","0.950920245398773","1770455.java","selected","17","37","137393.java","selected","66","86"
"18070587","22303544","4","0.933734939759036","2138232.java","selected","45","66","137393.java","selected","66","86"
"7227024","11066054","4","0.941176470588235","1070134.java","selected","72","105","2705355.java","selected","927","960"
"8801744","11066054","4","0.911764705882353","2560469.java","selected","17","50","2705355.java","selected","927","960"
"10006681","11066054","4","0.970588235294118","1370199.java","selected","22","55","2705355.java","selected","927","960"
"5260867","20080077","4","0.964285714285714","1156117.java","selected","61","87","1603133.java","selected","65","91"
"15924093","16378626","4","0.909090909090909","1337392.java","selected","59","68","2151077.java","selected","295","305"
"10415388","16378626","4","0.909090909090909","1334309.java","selected","19","29","2151077.java","selected","295","305"
"8843442","16378626","4","0.909090909090909","2279865.java","selected","16","26","2151077.java","selected","295","305"
"12614306","19643373","4","0.962962962962963","2339370.java","selected","791","817","925397.java","selected","890","916"
"12614306","19643372","4","0.962962962962963","2339370.java","selected","791","817","925397.java","selected","854","880"
"18489831","18611368","4","0.902857142857143","2526528.java","selected","205","236","1716483.java","selected","365","394"
"5271797","21733505","4","0.970588235294118","765176.java","selected","300","333","1946551.java","selected","308","341"
"6288459","6288460","4","0.945205479452055","2693775.java","selected","22","92","2693775.java","selected","94","164"
"4889303","15854397","4","0.923076923076923","1208869.java","selected","1416","1428","861615.java","selected","1430","1442"
"2467221","22197335","4","0.9","2521981.java","selected","49","57","2309268.java","selected","35","43"
"2467221","10601019","4","0.9","2521981.java","selected","49","57","2077739.java","selected","747","755"
"2467221","10368839","4","0.9","2521981.java","selected","49","57","836722.java","selected","118","126"
"2467221","16924659","4","0.9","2521981.java","selected","49","57","2455851.java","selected","855","863"
"2467221","17728719","4","0.9","2521981.java","selected","49","57","2300478.java","selected","60","68"
"2467221","17791385","4","0.9","2521981.java","selected","49","57","499481.java","selected","849","857"
"2467221","5523389","4","0.9","2521981.java","selected","49","57","1823751.java","selected","50","58"
"2467221","13834118","4","0.9","2521981.java","selected","49","57","591946.java","selected","827","835"
"2150993","7257286","4","0.928571428571429","2231703.java","selected","404","465","1579848.java","selected","141","205"
"3024989","3024993","4","0.909090909090909","2078997.java","selected","244","254","2078997.java","selected","296","306"
"11776522","20735941","4","0.923076923076923","2087427.java","selected","48","73","207366.java","selected","52","77"
"15299682","20735941","4","0.923076923076923","1275361.java","selected","48","73","207366.java","selected","52","77"
"18850012","20514481","4","0.918158567774936","2074856.java","selected","293","331","1718200.java","selected","88","128"
"20514481","20898459","4","0.912820512820513","1718200.java","selected","88","128","673606.java","selected","16","53"
"3229363","17557354","4","0.955555555555556","1719348.java","selected","168","195","1047383.java","selected","173","199"
"17557354","22423727","4","0.9","1047383.java","selected","173","199","43936.java","selected","302","328"
"1244216","20492176","4","0.90625","2309025.java","selected","43","71","1103248.java","selected","49","77"
"4623012","19643373","4","0.962962962962963","375037.java","selected","851","877","925397.java","selected","890","916"
"4623012","19643372","4","0.962962962962963","375037.java","selected","851","877","925397.java","selected","854","880"
"3613198","19868933","4","0.928571428571429","749046.java","selected","23","34","2240414.java","selected","127","138"
"2252378","3613198","4","0.928571428571429","1121084.java","selected","40","51","749046.java","selected","23","34"
"1663419","3613198","4","0.928571428571429","1236073.java","selected","145","156","749046.java","selected","23","34"
"3613198","17551461","4","0.928571428571429","749046.java","selected","23","34","2027381.java","selected","127","138"
"3613198","14763206","4","0.928571428571429","749046.java","selected","23","34","1303146.java","selected","127","138"
"3613198","21374275","4","0.928571428571429","749046.java","selected","23","34","652645.java","selected","35","46"
"1037968","3613198","4","0.928571428571429","2393609.java","selected","127","138","749046.java","selected","23","34"
"3613198","22137915","4","0.928571428571429","749046.java","selected","23","34","1480760.java","selected","105","116"
"3613198","20870396","4","0.928571428571429","749046.java","selected","23","34","221494.java","selected","39","50"
"3613198","9756057","4","0.928571428571429","749046.java","selected","23","34","1538221.java","selected","261","272"
"1769771","3613198","4","0.928571428571429","2295586.java","selected","234","245","749046.java","selected","23","34"
"3108499","3613198","4","0.928571428571429","310688.java","selected","127","138","749046.java","selected","23","34"
"17891160","18492101","4","0.9","1596280.java","selected","101","110","2407823.java","selected","101","110"
"10934628","13292215","4","0.960629921259842","1944537.java","selected","74","201","665187.java","selected","66","193"
"557732","557734","4","0.972602739726027","71841.java","default","467","534","71841.java","default","600","667"
"8793826","19643373","4","0.962962962962963","1607771.java","selected","874","900","925397.java","selected","890","916"
"8793826","19643372","4","0.962962962962963","1607771.java","selected","874","900","925397.java","selected","854","880"
"16082064","23403205","4","0.973684210526316","1035827.java","selected","119","152","634122.java","selected","42","75"
"1977837","16082064","4","0.973684210526316","2072957.java","selected","41","74","1035827.java","selected","119","152"
"11514180","16082064","4","0.973684210526316","2111281.java","selected","42","75","1035827.java","selected","119","152"
"18623183","19643373","4","0.962962962962963","1561076.java","selected","946","972","925397.java","selected","890","916"
"18623183","19643372","4","0.962962962962963","1561076.java","selected","946","972","925397.java","selected","854","880"
"15588201","16639229","4","0.923076923076923","2494519.java","selected","16","28","1732579.java","selected","379","391"
"7678253","22306604","4","0.95","2147346.java","selected","28","47","2505802.java","selected","359","378"
"6031248","6959224","4","0.933333333333333","166275.java","selected","159","171","1637296.java","selected","142","154"
"16851953","16851954","4","0.9375","2324737.java","selected","15","29","2324737.java","selected","31","46"
"16851954","16851955","4","0.914893617021277","2324737.java","selected","31","46","2324737.java","selected","48","64"
"12543783","23630686","4","0.9375","1896308.java","selected","177","192","638634.java","selected","140","155"
"8625346","19643373","4","0.962962962962963","2429982.java","selected","836","862","925397.java","selected","890","916"
"8625346","19643372","4","0.962962962962963","2429982.java","selected","836","862","925397.java","selected","854","880"
"2362445","19868933","4","0.928571428571429","1235420.java","selected","78","89","2240414.java","selected","127","138"
"2252378","2362445","4","0.928571428571429","1121084.java","selected","40","51","1235420.java","selected","78","89"
"1663419","2362445","4","0.928571428571429","1236073.java","selected","145","156","1235420.java","selected","78","89"
"2362445","17551461","4","0.928571428571429","1235420.java","selected","78","89","2027381.java","selected","127","138"
"2362445","14763206","4","0.928571428571429","1235420.java","selected","78","89","1303146.java","selected","127","138"
"2362445","21374275","4","0.928571428571429","1235420.java","selected","78","89","652645.java","selected","35","46"
"1037968","2362445","4","0.928571428571429","2393609.java","selected","127","138","1235420.java","selected","78","89"
"2362445","22137915","4","0.928571428571429","1235420.java","selected","78","89","1480760.java","selected","105","116"
"2362445","20870396","4","0.928571428571429","1235420.java","selected","78","89","221494.java","selected","39","50"
"2362445","9756057","4","0.928571428571429","1235420.java","selected","78","89","1538221.java","selected","261","272"
"1769771","2362445","4","0.928571428571429","2295586.java","selected","234","245","1235420.java","selected","78","89"
"2362445","3108499","4","0.928571428571429","1235420.java","selected","78","89","310688.java","selected","127","138"
"4382405","20886787","4","0.941176470588235","1762255.java","selected","228","244","1049350.java","selected","40","56"
"3078767","3959503","4","0.933333333333333","2239204.java","selected","33","45","1253848.java","selected","33","45"
"3078767","8980221","4","0.933333333333333","2239204.java","selected","33","45","214880.java","selected","83","95"
"19868933","20654105","4","0.928571428571429","2240414.java","selected","127","138","699527.java","selected","23","34"
"2252378","20654105","4","0.928571428571429","1121084.java","selected","40","51","699527.java","selected","23","34"
"1663419","20654105","4","0.928571428571429","1236073.java","selected","145","156","699527.java","selected","23","34"
"17551461","20654105","4","0.928571428571429","2027381.java","selected","127","138","699527.java","selected","23","34"
"14763206","20654105","4","0.928571428571429","1303146.java","selected","127","138","699527.java","selected","23","34"
"20654105","21374275","4","0.928571428571429","699527.java","selected","23","34","652645.java","selected","35","46"
"1037968","20654105","4","0.928571428571429","2393609.java","selected","127","138","699527.java","selected","23","34"
"20654105","22137915","4","0.928571428571429","699527.java","selected","23","34","1480760.java","selected","105","116"
"20654105","20870396","4","0.928571428571429","699527.java","selected","23","34","221494.java","selected","39","50"
"9756057","20654105","4","0.928571428571429","1538221.java","selected","261","272","699527.java","selected","23","34"
"1769771","20654105","4","0.928571428571429","2295586.java","selected","234","245","699527.java","selected","23","34"
"3108499","20654105","4","0.928571428571429","310688.java","selected","127","138","699527.java","selected","23","34"
"20128728","23130941","4","0.916666666666667","409069.java","selected","77","86","775655.java","selected","713","722"
"367770","19643373","4","0.962962962962963","122954.java","default","836","862","925397.java","selected","890","916"
"367770","19643372","4","0.962962962962963","122954.java","default","836","862","925397.java","selected","854","880"
"14317425","19643373","4","0.962962962962963","753625.java","selected","754","780","925397.java","selected","890","916"
"14317425","19643372","4","0.962962962962963","753625.java","selected","754","780","925397.java","selected","854","880"
"615357","615358","4","0.944444444444444","24530.java","default","50","66","24530.java","default","68","84"
"3058818","17871426","4","0.944444444444444","1952858.java","selected","15","30","2139695.java","selected","18","33"
"3024985","3024988","4","0.9","2078997.java","selected","197","206","2078997.java","selected","233","242"
"18269745","19643373","4","0.962962962962963","59218.java","selected","768","794","925397.java","selected","890","916"
"18269745","19643372","4","0.962962962962963","59218.java","selected","768","794","925397.java","selected","854","880"
"4336715","16540473","4","0.947368421052632","871757.java","selected","711","729","1552187.java","selected","147","165"
"657801","16540473","4","0.9","93742.java","default","55","74","1552187.java","selected","147","165"
"8117216","16540473","4","0.947368421052632","1574719.java","selected","145","163","1552187.java","selected","147","165"
"13289545","16540473","4","0.947368421052632","1435050.java","selected","199","217","1552187.java","selected","147","165"
"16540473","22403259","4","0.947368421052632","1552187.java","selected","147","165","1524798.java","selected","43","61"
"11986970","16540473","4","0.947368421052632","668466.java","selected","50","68","1552187.java","selected","147","165"
"16540473","20725036","4","0.947368421052632","1552187.java","selected","147","165","1819337.java","selected","144","162"
"12328424","16540473","4","0.947368421052632","1791697.java","selected","70","88","1552187.java","selected","147","165"
"5090669","16540473","4","0.947368421052632","388654.java","selected","111","129","1552187.java","selected","147","165"
"2825450","6959224","4","0.933333333333333","1434515.java","selected","77","89","1637296.java","selected","142","154"
"6780166","19950034","4","0.923076923076923","2459825.java","selected","55","71","941324.java","selected","53","69"
"10369570","11066055","4","0.925925925925926","1207917.java","selected","20","62","2705355.java","selected","962","1003"
"1704751","10369570","4","0.927272727272727","2016846.java","selected","39","81","1207917.java","selected","20","62"
"9499457","10369570","4","0.981481481481482","2685697.java","selected","64","106","1207917.java","selected","20","62"
"7760801","19643373","4","0.962962962962963","2626904.java","selected","874","900","925397.java","selected","890","916"
"7760801","19643372","4","0.962962962962963","2626904.java","selected","874","900","925397.java","selected","854","880"
"1856912","21925741","4","0.941176470588235","964081.java","selected","120","228","2021068.java","selected","304","410"
"12345227","22197335","4","0.9","1815674.java","selected","81","89","2309268.java","selected","35","43"
"10601019","12345227","4","0.9","2077739.java","selected","747","755","1815674.java","selected","81","89"
"10368839","12345227","4","0.9","836722.java","selected","118","126","1815674.java","selected","81","89"
"12345227","16924659","4","0.9","1815674.java","selected","81","89","2455851.java","selected","855","863"
"12345227","17728719","4","0.9","1815674.java","selected","81","89","2300478.java","selected","60","68"
"12345227","17791385","4","0.9","1815674.java","selected","81","89","499481.java","selected","849","857"
"5523389","12345227","4","0.9","1823751.java","selected","50","58","1815674.java","selected","81","89"
"12345227","13834118","4","0.9","1815674.java","selected","81","89","591946.java","selected","827","835"
"9109613","9265781","4","0.94","855185.java","selected","104","142","440442.java","selected","27","64"
"9265781","22712288","4","0.94","440442.java","selected","27","64","1367404.java","selected","123","161"
"4336715","22271237","4","0.947368421052632","871757.java","selected","711","729","1113498.java","selected","86","104"
"657801","22271237","4","0.9","93742.java","default","55","74","1113498.java","selected","86","104"
"8117216","22271237","4","0.947368421052632","1574719.java","selected","145","163","1113498.java","selected","86","104"
"13289545","22271237","4","0.947368421052632","1435050.java","selected","199","217","1113498.java","selected","86","104"
"22271237","22403259","4","0.947368421052632","1113498.java","selected","86","104","1524798.java","selected","43","61"
"11986970","22271237","4","0.947368421052632","668466.java","selected","50","68","1113498.java","selected","86","104"
"20725036","22271237","4","0.947368421052632","1819337.java","selected","144","162","1113498.java","selected","86","104"
"12328424","22271237","4","0.947368421052632","1791697.java","selected","70","88","1113498.java","selected","86","104"
"5090669","22271237","4","0.947368421052632","388654.java","selected","111","129","1113498.java","selected","86","104"
"2883828","22427840","4","0.933333333333333","734475.java","selected","104","117","1049521.java","selected","90","104"
"12678589","19643373","4","0.962962962962963","2510322.java","selected","790","816","925397.java","selected","890","916"
"12678589","19643372","4","0.962962962962963","2510322.java","selected","790","816","925397.java","selected","854","880"
"6959224","16324741","4","0.933333333333333","1637296.java","selected","142","154","153582.java","selected","256","268"
"7227024","8801744","4","0.911764705882353","1070134.java","selected","72","105","2560469.java","selected","17","50"
"7227024","10006681","4","0.970588235294118","1070134.java","selected","72","105","1370199.java","selected","22","55"
"635006","18293811","4","0.944444444444444","123372.java","default","25","67","2237913.java","selected","17","59"
"302936","635006","4","0.946428571428571","110358.java","default","14","58","123372.java","default","25","67"
"18269744","19643373","4","0.962962962962963","59218.java","selected","732","758","925397.java","selected","890","916"
"18269744","19643372","4","0.962962962962963","59218.java","selected","732","758","925397.java","selected","854","880"
"21754659","22728536","4","0.945945945945946","1263468.java","selected","345","381","2247836.java","selected","342","378"
"3577507","20128728","4","0.916666666666667","1344848.java","selected","9","18","409069.java","selected","77","86"
"6188784","6959224","4","0.933333333333333","2688879.java","selected","37","49","1637296.java","selected","142","154"
"6959224","23596949","4","0.933333333333333","1637296.java","selected","142","154","2211044.java","selected","280","292"
"6959224","9325670","4","0.933333333333333","1637296.java","selected","142","154","1262585.java","selected","54","66"
"6959224","11993046","4","0.933333333333333","1637296.java","selected","142","154","1752530.java","selected","128","140"
"2418918","6959224","4","0.933333333333333","1632727.java","selected","129","141","1637296.java","selected","142","154"
"6959224","6980854","4","0.933333333333333","1637296.java","selected","142","154","567178.java","selected","45","57"
"6959224","23613195","4","0.933333333333333","1637296.java","selected","142","154","215042.java","selected","58","70"
"1424647","6959224","4","0.933333333333333","2082.java","selected","64","76","1637296.java","selected","142","154"
"2461168","19643373","4","0.962962962962963","927691.java","selected","754","780","925397.java","selected","890","916"
"2461168","19643372","4","0.962962962962963","927691.java","selected","754","780","925397.java","selected","854","880"
"6419481","11066055","4","0.925925925925926","1142350.java","selected","17","59","2705355.java","selected","962","1003"
"11066055","17534703","4","0.925925925925926","2705355.java","selected","962","1003","226776.java","selected","20","62"
"7976872","11066055","4","0.925925925925926","1144005.java","selected","142","184","2705355.java","selected","962","1003"
"11066055","19993993","4","0.925925925925926","2705355.java","selected","962","1003","1208371.java","selected","105","147"
"9499457","11066055","4","0.944444444444444","2685697.java","selected","64","106","2705355.java","selected","962","1003"
"3024981","3024992","4","0.909090909090909","2078997.java","selected","148","158","2078997.java","selected","284","294"
"19994918","22197335","4","0.9","322320.java","selected","81","89","2309268.java","selected","35","43"
"10601019","22197335","4","0.9","2077739.java","selected","747","755","2309268.java","selected","35","43"
"10368839","22197335","4","0.9","836722.java","selected","118","126","2309268.java","selected","35","43"
"16924659","22197335","4","0.9","2455851.java","selected","855","863","2309268.java","selected","35","43"
"17791385","22197335","4","0.9","499481.java","selected","849","857","2309268.java","selected","35","43"
"5523389","22197335","4","0.9","1823751.java","selected","50","58","2309268.java","selected","35","43"
"13834118","22197335","4","0.9","591946.java","selected","827","835","2309268.java","selected","35","43"
"3597316","4336715","4","0.947368421052632","702108.java","selected","45","63","871757.java","selected","711","729"
"657801","3597316","4","0.9","93742.java","default","55","74","702108.java","selected","45","63"
"3597316","8117216","4","0.947368421052632","702108.java","selected","45","63","1574719.java","selected","145","163"
"3597316","13289545","4","0.947368421052632","702108.java","selected","45","63","1435050.java","selected","199","217"
"3597316","22403259","4","0.947368421052632","702108.java","selected","45","63","1524798.java","selected","43","61"
"3597316","11986970","4","0.947368421052632","702108.java","selected","45","63","668466.java","selected","50","68"
"3597316","20725036","4","0.947368421052632","702108.java","selected","45","63","1819337.java","selected","144","162"
"3597316","12328424","4","0.947368421052632","702108.java","selected","45","63","1791697.java","selected","70","88"
"3597316","5090669","4","0.947368421052632","702108.java","selected","45","63","388654.java","selected","111","129"
"13122204","17477957","4","0.956521739130435","2154817.java","selected","183","203","2337215.java","selected","109","130"
"12764800","18288470","4","0.9","2481488.java","selected","54","80","2543434.java","selected","154","181"
"19643373","21870537","4","0.962962962962963","925397.java","selected","890","916","1876215.java","selected","789","815"
"19643372","21870537","4","0.962962962962963","925397.java","selected","854","880","1876215.java","selected","789","815"
"19868933","20544327","4","0.928571428571429","2240414.java","selected","127","138","881437.java","selected","27","38"
"2252378","20544327","4","0.928571428571429","1121084.java","selected","40","51","881437.java","selected","27","38"
"1663419","20544327","4","0.928571428571429","1236073.java","selected","145","156","881437.java","selected","27","38"
"17551461","20544327","4","0.928571428571429","2027381.java","selected","127","138","881437.java","selected","27","38"
"14763206","20544327","4","0.928571428571429","1303146.java","selected","127","138","881437.java","selected","27","38"
"20544327","21374275","4","0.928571428571429","881437.java","selected","27","38","652645.java","selected","35","46"
"1037968","20544327","4","0.928571428571429","2393609.java","selected","127","138","881437.java","selected","27","38"
"20544327","22137915","4","0.928571428571429","881437.java","selected","27","38","1480760.java","selected","105","116"
"20544327","20870396","4","0.928571428571429","881437.java","selected","27","38","221494.java","selected","39","50"
"9756057","20544327","4","0.928571428571429","1538221.java","selected","261","272","881437.java","selected","27","38"
"1769771","20544327","4","0.928571428571429","2295586.java","selected","234","245","881437.java","selected","27","38"
"3108499","20544327","4","0.928571428571429","310688.java","selected","127","138","881437.java","selected","27","38"
"8793825","19643373","4","0.962962962962963","1607771.java","selected","838","864","925397.java","selected","890","916"
"8793825","19643372","4","0.962962962962963","1607771.java","selected","838","864","925397.java","selected","854","880"
"607724","7130579","4","0.9","93611.java","default","296","315","2224914.java","selected","346","365"
"938889","7130579","4","0.9","100020.java","default","296","315","2224914.java","selected","346","365"
"7130579","14778878","4","0.9","2224914.java","selected","346","365","2159413.java","selected","299","318"
"4623013","19643373","4","0.962962962962963","375037.java","selected","887","913","925397.java","selected","890","916"
"4623013","19643372","4","0.962962962962963","375037.java","selected","887","913","925397.java","selected","854","880"
"11846837","15225841","4","0.911764705882353","1663295.java","selected","43","76","1029586.java","selected","88","121"
"2252378","19868933","4","0.928571428571429","1121084.java","selected","40","51","2240414.java","selected","127","138"
"15461843","19868933","4","0.928571428571429","1558659.java","selected","969","980","2240414.java","selected","127","138"
"1663419","19868933","4","0.928571428571429","1236073.java","selected","145","156","2240414.java","selected","127","138"
"12232011","19868933","4","0.928571428571429","2564261.java","selected","93","104","2240414.java","selected","127","138"
"3239010","19868933","4","0.928571428571429","332157.java","selected","480","491","2240414.java","selected","127","138"
"19868933","23390255","4","0.928571428571429","2240414.java","selected","127","138","1339727.java","selected","21","32"
"19868933","20806023","4","0.928571428571429","2240414.java","selected","127","138","2631723.java","selected","112","123"
"7237618","19868933","4","0.928571428571429","197938.java","selected","245","256","2240414.java","selected","127","138"
"13121131","19868933","4","0.928571428571429","1574657.java","selected","111","122","2240414.java","selected","127","138"
"19868933","21374275","4","0.928571428571429","2240414.java","selected","127","138","652645.java","selected","35","46"
"19868933","20310134","4","0.928571428571429","2240414.java","selected","127","138","760963.java","selected","29","40"
"17984312","19868933","4","0.928571428571429","91947.java","selected","61","72","2240414.java","selected","127","138"
"6319887","19868933","4","0.928571428571429","1011432.java","selected","596","607","2240414.java","selected","127","138"
"14876163","19868933","4","0.928571428571429","1221453.java","selected","21","32","2240414.java","selected","127","138"
"15831694","19868933","4","0.928571428571429","1372098.java","selected","24","35","2240414.java","selected","127","138"
"19868933","20870396","4","0.928571428571429","2240414.java","selected","127","138","221494.java","selected","39","50"
"19868933","21285620","4","0.928571428571429","2240414.java","selected","127","138","1230451.java","selected","283","294"
"978946","19868933","4","0.928571428571429","251951.java","selected","15","26","2240414.java","selected","127","138"
"11066056","19868933","4","0.928571428571429","2705355.java","selected","1005","1016","2240414.java","selected","127","138"
"12728035","19868933","4","0.928571428571429","1398143.java","selected","185","196","2240414.java","selected","127","138"
"19868933","21457925","4","0.928571428571429","2240414.java","selected","127","138","1829489.java","selected","289","300"
"13396233","19868933","4","0.928571428571429","1023723.java","selected","24","35","2240414.java","selected","127","138"
"9756057","19868933","4","0.928571428571429","1538221.java","selected","261","272","2240414.java","selected","127","138"
"1769771","19868933","4","0.928571428571429","2295586.java","selected","234","245","2240414.java","selected","127","138"
"657801","4336715","4","0.9","93742.java","default","55","74","871757.java","selected","711","729"
"4336715","14502142","4","0.947368421052632","871757.java","selected","711","729","1068957.java","selected","11","29"
"266990","4336715","4","0.947368421052632","78884.java","default","30","48","871757.java","selected","711","729"
"4336715","8117216","4","0.947368421052632","871757.java","selected","711","729","1574719.java","selected","145","163"
"4336715","13289545","4","0.947368421052632","871757.java","selected","711","729","1435050.java","selected","199","217"
"4336715","19849797","4","0.947368421052632","871757.java","selected","711","729","926926.java","selected","63","81"
"4336715","21177597","4","0.947368421052632","871757.java","selected","711","729","572754.java","selected","19","37"
"4336715","22403259","4","0.947368421052632","871757.java","selected","711","729","1524798.java","selected","43","61"
"4336715","11986970","4","0.939130434782609","871757.java","selected","711","729","668466.java","selected","50","68"
"4336715","4385640","4","0.947368421052632","871757.java","selected","711","729","1234284.java","selected","70","88"
"4336715","23069799","4","0.947368421052632","871757.java","selected","711","729","169032.java","selected","187","205"
"4336715","18741084","4","0.947368421052632","871757.java","selected","711","729","138213.java","selected","35","53"
"4336715","12328424","4","0.947368421052632","871757.java","selected","711","729","1791697.java","selected","70","88"
"4336715","17097179","4","0.947368421052632","871757.java","selected","711","729","2364800.java","selected","70","88"
"3419825","4336715","4","0.947368421052632","1921449.java","selected","65","83","871757.java","selected","711","729"
"4336715","20085210","4","0.947368421052632","871757.java","selected","711","729","2556943.java","selected","11","29"
"4672830","20180801","4","0.9","563459.java","selected","16","25","1118984.java","selected","53","62"
"11548511","19643373","4","0.962962962962963","2640664.java","selected","789","815","925397.java","selected","890","916"
"11548511","19643372","4","0.962962962962963","2640664.java","selected","789","815","925397.java","selected","854","880"
"18850012","20898459","4","0.910485933503836","2074856.java","selected","293","331","673606.java","selected","16","53"
"1704751","6419481","4","0.927272727272727","2016846.java","selected","39","81","1142350.java","selected","17","59"
"6419481","9499457","4","0.981481481481482","1142350.java","selected","17","59","2685697.java","selected","64","106"
"10062076","19565151","4","0.942528735632184","2111982.java","selected","925","1003","2722391.java","selected","828","908"
"10824317","21930706","4","0.941176470588235","1113146.java","selected","19","33","784065.java","selected","86","100"
"3746824","15607448","4","0.944444444444444","39128.java","selected","41","58","730575.java","selected","31","48"
"7460369","19643373","4","0.962962962962963","1494993.java","selected","837","863","925397.java","selected","890","916"
"7460369","19643372","4","0.962962962962963","1494993.java","selected","837","863","925397.java","selected","854","880"
"2252378","15461843","4","0.928571428571429","1121084.java","selected","40","51","1558659.java","selected","969","980"
"2252378","12232011","4","0.928571428571429","1121084.java","selected","40","51","2564261.java","selected","93","104"
"2252378","3239010","4","0.928571428571429","1121084.java","selected","40","51","332157.java","selected","480","491"
"2252378","23390255","4","0.928571428571429","1121084.java","selected","40","51","1339727.java","selected","21","32"
"2252378","20806023","4","0.928571428571429","1121084.java","selected","40","51","2631723.java","selected","112","123"
"2252378","7237618","4","0.928571428571429","1121084.java","selected","40","51","197938.java","selected","245","256"
"2252378","17551461","4","0.928571428571429","1121084.java","selected","40","51","2027381.java","selected","127","138"
"2252378","14763206","4","0.928571428571429","1121084.java","selected","40","51","1303146.java","selected","127","138"
"2252378","13121131","4","0.928571428571429","1121084.java","selected","40","51","1574657.java","selected","111","122"
"1037968","2252378","4","0.928571428571429","2393609.java","selected","127","138","1121084.java","selected","40","51"
"2252378","20310134","4","0.928571428571429","1121084.java","selected","40","51","760963.java","selected","29","40"
"2252378","17984312","4","0.928571428571429","1121084.java","selected","40","51","91947.java","selected","61","72"
"2252378","6319887","4","0.928571428571429","1121084.java","selected","40","51","1011432.java","selected","596","607"
"2252378","22137915","4","0.928571428571429","1121084.java","selected","40","51","1480760.java","selected","105","116"
"2252378","14876163","4","0.928571428571429","1121084.java","selected","40","51","1221453.java","selected","21","32"
"2252378","15831694","4","0.928571428571429","1121084.java","selected","40","51","1372098.java","selected","24","35"
"2252378","21285620","4","0.928571428571429","1121084.java","selected","40","51","1230451.java","selected","283","294"
"978946","2252378","4","0.928571428571429","251951.java","selected","15","26","1121084.java","selected","40","51"
"2252378","11066056","4","0.928571428571429","1121084.java","selected","40","51","2705355.java","selected","1005","1016"
"2252378","12728035","4","0.928571428571429","1121084.java","selected","40","51","1398143.java","selected","185","196"
"2252378","21457925","4","0.928571428571429","1121084.java","selected","40","51","1829489.java","selected","289","300"
"2252378","13396233","4","0.928571428571429","1121084.java","selected","40","51","1023723.java","selected","24","35"
"2252378","9756057","4","0.928571428571429","1121084.java","selected","40","51","1538221.java","selected","261","272"
"1769771","2252378","4","0.928571428571429","2295586.java","selected","234","245","1121084.java","selected","40","51"
"2252378","3108499","4","0.928571428571429","1121084.java","selected","40","51","310688.java","selected","127","138"
"13351384","13955716","4","0.958333333333333","201950.java","selected","47","70","2582891.java","selected","30","53"
"2069219","13955716","4","0.958333333333333","1947495.java","selected","44","67","2582891.java","selected","30","53"
"13955716","14284540","4","0.916083916083916","2582891.java","selected","30","53","1176675.java","selected","112","137"
"16351775","19643373","4","0.962962962962963","1931054.java","selected","838","864","925397.java","selected","890","916"
"16351775","19643372","4","0.962962962962963","1931054.java","selected","838","864","925397.java","selected","854","880"
"3224152","17267680","4","0.930232558139535","2070726.java","selected","233","275","2298666.java","selected","154","195"
"10601019","19994918","4","0.9","2077739.java","selected","747","755","322320.java","selected","81","89"
"10368839","19994918","4","0.9","836722.java","selected","118","126","322320.java","selected","81","89"
"16924659","19994918","4","0.9","2455851.java","selected","855","863","322320.java","selected","81","89"
"17728719","19994918","4","0.9","2300478.java","selected","60","68","322320.java","selected","81","89"
"17791385","19994918","4","0.9","499481.java","selected","849","857","322320.java","selected","81","89"
"5523389","19994918","4","0.9","1823751.java","selected","50","58","322320.java","selected","81","89"
"13834118","19994918","4","0.9","591946.java","selected","827","835","322320.java","selected","81","89"
"657801","14502142","4","0.9","93742.java","default","55","74","1068957.java","selected","11","29"
"266990","657801","4","0.9","78884.java","default","30","48","93742.java","default","55","74"
"657801","8117216","4","0.9","93742.java","default","55","74","1574719.java","selected","145","163"
"657801","13289545","4","0.9","93742.java","default","55","74","1435050.java","selected","199","217"
"657801","19849797","4","0.9","93742.java","default","55","74","926926.java","selected","63","81"
"657801","21177597","4","0.9","93742.java","default","55","74","572754.java","selected","19","37"
"657801","22403259","4","0.9","93742.java","default","55","74","1524798.java","selected","43","61"
"657801","4385640","4","0.9","93742.java","default","55","74","1234284.java","selected","70","88"
"657801","23069799","4","0.9","93742.java","default","55","74","169032.java","selected","187","205"
"657801","20725036","4","0.9","93742.java","default","55","74","1819337.java","selected","144","162"
"657801","18741084","4","0.9","93742.java","default","55","74","138213.java","selected","35","53"
"657801","12328424","4","0.9","93742.java","default","55","74","1791697.java","selected","70","88"
"657801","17097179","4","0.9","93742.java","default","55","74","2364800.java","selected","70","88"
"657801","5090669","4","0.9","93742.java","default","55","74","388654.java","selected","111","129"
"657801","3419825","4","0.9","93742.java","default","55","74","1921449.java","selected","65","83"
"657801","20085210","4","0.9","93742.java","default","55","74","2556943.java","selected","11","29"
"2069219","13351384","4","0.958333333333333","1947495.java","selected","44","67","201950.java","selected","47","70"
"3024984","3024990","4","0.909090909090909","2078997.java","selected","185","195","2078997.java","selected","256","266"
"7760800","19643373","4","0.962962962962963","2626904.java","selected","838","864","925397.java","selected","890","916"
"7760800","19643372","4","0.962962962962963","2626904.java","selected","838","864","925397.java","selected","854","880"
"3746824","19999376","4","0.944444444444444","39128.java","selected","41","58","974343.java","selected","27","44"
"12903179","16987999","4","0.952380952380952","2358129.java","selected","91","111","861428.java","selected","327","347"
"831650","19643373","4","0.962962962962963","85394.java","default","872","898","925397.java","selected","890","916"
"831650","19643372","4","0.962962962962963","85394.java","default","872","898","925397.java","selected","854","880"
"16224017","19643373","4","0.962962962962963","110490.java","selected","838","864","925397.java","selected","890","916"
"16224017","19643372","4","0.962962962962963","110490.java","selected","838","864","925397.java","selected","854","880"
"15854397","22207815","4","0.923076923076923","861615.java","selected","1430","1442","880474.java","selected","1454","1466"
"13111022","18648407","4","0.909090909090909","1359688.java","selected","162","180","293134.java","selected","33","51"
"9413061","20305472","4","0.916666666666667","818379.java","selected","60","81","265205.java","selected","60","81"
"8117216","14502142","4","0.947368421052632","1574719.java","selected","145","163","1068957.java","selected","11","29"
"13289545","14502142","4","0.947368421052632","1435050.java","selected","199","217","1068957.java","selected","11","29"
"14502142","22403259","4","0.947368421052632","1068957.java","selected","11","29","1524798.java","selected","43","61"
"11986970","14502142","4","0.947368421052632","668466.java","selected","50","68","1068957.java","selected","11","29"
"14502142","20725036","4","0.947368421052632","1068957.java","selected","11","29","1819337.java","selected","144","162"
"12328424","14502142","4","0.947368421052632","1791697.java","selected","70","88","1068957.java","selected","11","29"
"5090669","14502142","4","0.947368421052632","388654.java","selected","111","129","1068957.java","selected","11","29"
"17456566","19643373","4","0.962962962962963","2038811.java","selected","874","900","925397.java","selected","890","916"
"17456566","19643372","4","0.962962962962963","2038811.java","selected","874","900","925397.java","selected","854","880"
"6780166","12607168","4","0.923076923076923","2459825.java","selected","55","71","706168.java","selected","89","105"
"2688428","6780166","4","0.923076923076923","255150.java","selected","53","69","2459825.java","selected","55","71"
"6780166","13824827","4","0.923076923076923","2459825.java","selected","55","71","2239915.java","selected","58","74"
"6780166","11314030","4","0.923076923076923","2459825.java","selected","55","71","1062267.java","selected","346","362"
"14555517","14555518","4","0.941176470588235","2068344.java","selected","135","151","2068344.java","selected","153","169"
"7872662","7872663","4","0.954887218045113","1809056.java","selected","395","427","1809056.java","selected","440","472"
"670011","18293811","4","0.944444444444444","5352.java","default","25","67","2237913.java","selected","17","59"
"302936","670011","4","0.946428571428571","110358.java","default","14","58","5352.java","default","25","67"
"3768629","19643373","4","0.962962962962963","2554952.java","selected","874","900","925397.java","selected","890","916"
"3768629","19643372","4","0.962962962962963","2554952.java","selected","874","900","925397.java","selected","854","880"
"10601019","17728719","4","0.9","2077739.java","selected","747","755","2300478.java","selected","60","68"
"5883596","7209394","4","0.947368421052632","2306882.java","selected","153","169","952509.java","selected","21","37"
"7209394","17585720","4","0.923611111111111","952509.java","selected","21","37","2347105.java","selected","129","146"
"5744493","7209394","4","0.947368421052632","850830.java","selected","37","53","952509.java","selected","21","37"
"266990","8117216","4","0.947368421052632","78884.java","default","30","48","1574719.java","selected","145","163"
"266990","13289545","4","0.947368421052632","78884.java","default","30","48","1435050.java","selected","199","217"
"266990","22403259","4","0.947368421052632","78884.java","default","30","48","1524798.java","selected","43","61"
"266990","11986970","4","0.947368421052632","78884.java","default","30","48","668466.java","selected","50","68"
"266990","20725036","4","0.947368421052632","78884.java","default","30","48","1819337.java","selected","144","162"
"266990","12328424","4","0.947368421052632","78884.java","default","30","48","1791697.java","selected","70","88"
"266990","5090669","4","0.947368421052632","78884.java","default","30","48","388654.java","selected","111","129"
"1624010","3318214","4","0.909090909090909","443043.java","selected","1550","1559","664690.java","selected","712","721"
"10368839","17728719","4","0.9","836722.java","selected","118","126","2300478.java","selected","60","68"
"19142737","19643373","4","0.962962962962963","1402632.java","selected","874","900","925397.java","selected","890","916"
"19142737","19643372","4","0.962962962962963","1402632.java","selected","874","900","925397.java","selected","854","880"
"1663419","15461843","4","0.928571428571429","1236073.java","selected","145","156","1558659.java","selected","969","980"
"15461843","17551461","4","0.928571428571429","1558659.java","selected","969","980","2027381.java","selected","127","138"
"14763206","15461843","4","0.928571428571429","1303146.java","selected","127","138","1558659.java","selected","969","980"
"15461843","21374275","4","0.928571428571429","1558659.java","selected","969","980","652645.java","selected","35","46"
"1037968","15461843","4","0.928571428571429","2393609.java","selected","127","138","1558659.java","selected","969","980"
"15461843","22137915","4","0.928571428571429","1558659.java","selected","969","980","1480760.java","selected","105","116"
"15461843","20870396","4","0.928571428571429","1558659.java","selected","969","980","221494.java","selected","39","50"
"9756057","15461843","4","0.928571428571429","1538221.java","selected","261","272","1558659.java","selected","969","980"
"1769771","15461843","4","0.928571428571429","2295586.java","selected","234","245","1558659.java","selected","969","980"
"3108499","15461843","4","0.928571428571429","310688.java","selected","127","138","1558659.java","selected","969","980"
"6814855","19643373","4","0.962962962962963","209298.java","selected","840","866","925397.java","selected","890","916"
"6814855","19643372","4","0.962962962962963","209298.java","selected","840","866","925397.java","selected","854","880"
"3318214","20372195","4","0.909090909090909","664690.java","selected","712","721","1360935.java","selected","504","513"
"16200294","19178258","4","0.948717948717949","1970148.java","selected","34","71","1067359.java","selected","50","88"
"20987164","23403205","4","0.973684210526316","676684.java","selected","119","152","634122.java","selected","42","75"
"16287151","21057438","4","0.970149253731343","861886.java","selected","76","135","2065465.java","selected","74","133"
"16287151","18084457","4","0.970149253731343","861886.java","selected","76","135","2616673.java","selected","74","133"
"7600378","19295911","4","0.916666666666667","1809621.java","selected","262","285","98056.java","selected","1385","1408"
"15599613","16005066","4","0.911764705882353","725825.java","selected","300","333","2460067.java","selected","300","331"
"13783898","19643373","4","0.962962962962963","1966020.java","selected","858","884","925397.java","selected","890","916"
"13783898","19643372","4","0.962962962962963","1966020.java","selected","858","884","925397.java","selected","854","880"
"19584877","19643373","4","0.962962962962963","1098324.java","selected","815","841","925397.java","selected","890","916"
"19584878","19643373","4","0.962962962962963","1098324.java","selected","851","877","925397.java","selected","890","916"
"2711644","19643373","4","0.962962962962963","264272.java","selected","754","780","925397.java","selected","890","916"
"13028547","19643373","4","0.962962962962963","593263.java","selected","873","899","925397.java","selected","890","916"
"8778961","19643373","4","0.962962962962963","2599719.java","selected","838","864","925397.java","selected","890","916"
"12172484","19643373","4","0.962962962962963","1882693.java","selected","837","863","925397.java","selected","890","916"
"11319480","19643373","4","0.962962962962963","2430560.java","selected","874","900","925397.java","selected","890","916"
"15571541","19643373","4","0.962962962962963","1560483.java","selected","754","780","925397.java","selected","890","916"
"16466520","19643373","4","0.962962962962963","1139080.java","selected","881","907","925397.java","selected","890","916"
"1458628","19643373","4","0.962962962962963","1511595.java","selected","834","860","925397.java","selected","890","916"
"16388708","19643373","4","0.962962962962963","1802351.java","selected","874","900","925397.java","selected","890","916"
"411630","19643373","4","0.962962962962963","77069.java","default","836","862","925397.java","selected","890","916"
"16224018","19643373","4","0.962962962962963","110490.java","selected","874","900","925397.java","selected","890","916"
"14183084","19643373","4","0.962962962962963","1103041.java","selected","874","900","925397.java","selected","890","916"
"3768628","19643373","4","0.962962962962963","2554952.java","selected","838","864","925397.java","selected","890","916"
"831649","19643373","4","0.962962962962963","85394.java","default","836","862","925397.java","selected","890","916"
"367771","19643373","4","0.962962962962963","122954.java","default","872","898","925397.java","selected","890","916"
"6814854","19643373","4","0.962962962962963","209298.java","selected","804","830","925397.java","selected","890","916"
"18623182","19643373","4","0.962962962962963","1561076.java","selected","908","934","925397.java","selected","890","916"
"2711645","19643373","4","0.962962962962963","264272.java","selected","790","816","925397.java","selected","890","916"
"1421557","19643373","4","0.962962962962963","597475.java","selected","838","864","925397.java","selected","890","916"
"12172485","19643373","4","0.962962962962963","1882693.java","selected","873","899","925397.java","selected","890","916"
"14317426","19643373","4","0.962962962962963","753625.java","selected","790","816","925397.java","selected","890","916"
"1458629","19643373","4","0.962962962962963","1511595.java","selected","870","896","925397.java","selected","890","916"
"15571542","19643373","4","0.962962962962963","1560483.java","selected","790","816","925397.java","selected","890","916"
"250596","19643373","4","0.962962962962963","126904.java","default","872","898","925397.java","selected","890","916"
"14183083","19643373","4","0.962962962962963","1103041.java","selected","838","864","925397.java","selected","890","916"
"16466519","19643373","4","0.962962962962963","1139080.java","selected","845","871","925397.java","selected","890","916"
"10287987","19643373","4","0.962962962962963","2215261.java","selected","874","900","925397.java","selected","890","916"
"19643373","22246374","4","0.962962962962963","925397.java","selected","890","916","2481579.java","selected","857","883"
"250595","19643373","4","0.962962962962963","126904.java","default","836","862","925397.java","selected","890","916"
"7132185","19643373","4","0.962962962962963","364540.java","selected","835","861","925397.java","selected","890","916"
"6244937","19643373","4","0.962962962962963","183804.java","selected","788","814","925397.java","selected","890","916"
"9693856","19643373","4","0.962962962962963","964253.java","selected","838","864","925397.java","selected","890","916"
"6061403","19643373","4","0.962962962962963","2190287.java","selected","873","899","925397.java","selected","890","916"
"948486","19643373","4","0.962962962962963","16883.java","default","853","879","925397.java","selected","890","916"
"1421558","19643373","4","0.962962962962963","597475.java","selected","874","900","925397.java","selected","890","916"
"13902981","19643373","4","0.962962962962963","304936.java","selected","871","897","925397.java","selected","890","916"
"1966262","19643373","4","0.962962962962963","1483221.java","selected","836","862","925397.java","selected","890","916"
"10287986","19643373","4","0.962962962962963","2215261.java","selected","838","864","925397.java","selected","890","916"
"18731109","19643373","4","0.962962962962963","2365821.java","selected","838","864","925397.java","selected","890","916"
"8612648","19643373","4","0.962962962962963","707943.java","selected","873","899","925397.java","selected","890","916"
"19643373","22246375","4","0.962962962962963","925397.java","selected","890","916","2481579.java","selected","893","919"
"19142736","19643373","4","0.962962962962963","1402632.java","selected","838","864","925397.java","selected","890","916"
"13783899","19643373","4","0.962962962962963","1966020.java","selected","894","920","925397.java","selected","890","916"
"7132186","19643373","4","0.962962962962963","364540.java","selected","871","897","925397.java","selected","890","916"
"9693857","19643373","4","0.962962962962963","964253.java","selected","874","900","925397.java","selected","890","916"
"6244936","19643373","4","0.962962962962963","183804.java","selected","752","778","925397.java","selected","890","916"
"13028546","19643373","4","0.962962962962963","593263.java","selected","837","863","925397.java","selected","890","916"
"18731110","19643373","4","0.962962962962963","2365821.java","selected","874","900","925397.java","selected","890","916"
"1966263","19643373","4","0.962962962962963","1483221.java","selected","872","898","925397.java","selected","890","916"
"2532321","19643373","4","0.962962962962963","244622.java","selected","837","863","925397.java","selected","890","916"
"11319479","19643373","4","0.962962962962963","2430560.java","selected","838","864","925397.java","selected","890","916"
"8778962","19643373","4","0.962962962962963","2599719.java","selected","874","900","925397.java","selected","890","916"
"16388707","19643373","4","0.962962962962963","1802351.java","selected","838","864","925397.java","selected","890","916"
"411631","19643373","4","0.962962962962963","77069.java","default","872","898","925397.java","selected","890","916"
"13902980","19643373","4","0.962962962962963","304936.java","selected","835","861","925397.java","selected","890","916"
"8612647","19643373","4","0.962962962962963","707943.java","selected","837","863","925397.java","selected","890","916"
"19643373","19912848","4","0.962962962962963","925397.java","selected","890","916","419020.java","selected","939","965"
"4518933","19643373","4","0.962962962962963","1496807.java","selected","848","874","925397.java","selected","890","916"
"12678588","19643373","4","0.962962962962963","2510322.java","selected","754","780","925397.java","selected","890","916"
"19643373","21870536","4","0.962962962962963","925397.java","selected","890","916","1876215.java","selected","753","779"
"19643373","21488869","4","0.962962962962963","925397.java","selected","890","916","588446.java","selected","875","901"
"11548510","19643373","4","0.962962962962963","2640664.java","selected","753","779","925397.java","selected","890","916"
"2532322","19643373","4","0.962962962962963","244622.java","selected","873","899","925397.java","selected","890","916"
"16351776","19643373","4","0.962962962962963","1931054.java","selected","874","900","925397.java","selected","890","916"
"4471000","19643373","4","0.962962962962963","2229382.java","selected","838","864","925397.java","selected","890","916"
"7460370","19643373","4","0.962962962962963","1494993.java","selected","873","899","925397.java","selected","890","916"
"17456565","19643373","4","0.962962962962963","2038811.java","selected","838","864","925397.java","selected","890","916"
"19643373","19912847","4","0.962962962962963","925397.java","selected","890","916","419020.java","selected","901","927"
"4518934","19643373","4","0.962962962962963","1496807.java","selected","884","910","925397.java","selected","890","916"
"9088422","19643373","4","0.962962962962963","2348309.java","selected","754","780","925397.java","selected","890","916"
"12614305","19643373","4","0.962962962962963","2339370.java","selected","755","781","925397.java","selected","890","916"
"19643373","22993367","4","0.962962962962963","925397.java","selected","890","916","2108660.java","selected","923","949"
"19643373","21488868","4","0.962962962962963","925397.java","selected","890","916","588446.java","selected","839","865"
"948487","19643373","4","0.962962962962963","16883.java","default","889","915","925397.java","selected","890","916"
"6061402","19643373","4","0.962962962962963","2190287.java","selected","837","863","925397.java","selected","890","916"
"8625347","19643373","4","0.962962962962963","2429982.java","selected","872","898","925397.java","selected","890","916"
"4471001","19643373","4","0.962962962962963","2229382.java","selected","874","900","925397.java","selected","890","916"
"19643373","22993368","4","0.962962962962963","925397.java","selected","890","916","2108660.java","selected","959","985"
"9088423","19643373","4","0.962962962962963","2348309.java","selected","790","816","925397.java","selected","890","916"
"1663419","12232011","4","0.928571428571429","1236073.java","selected","145","156","2564261.java","selected","93","104"
"1663419","3239010","4","0.928571428571429","1236073.java","selected","145","156","332157.java","selected","480","491"
"1663419","23390255","4","0.928571428571429","1236073.java","selected","145","156","1339727.java","selected","21","32"
"1663419","20806023","4","0.928571428571429","1236073.java","selected","145","156","2631723.java","selected","112","123"
"1663419","7237618","4","0.928571428571429","1236073.java","selected","145","156","197938.java","selected","245","256"
"1663419","17551461","4","0.928571428571429","1236073.java","selected","145","156","2027381.java","selected","127","138"
"1663419","14763206","4","0.928571428571429","1236073.java","selected","145","156","1303146.java","selected","127","138"
"1663419","13121131","4","0.928571428571429","1236073.java","selected","145","156","1574657.java","selected","111","122"
"1037968","1663419","4","0.928571428571429","2393609.java","selected","127","138","1236073.java","selected","145","156"
"1663419","20310134","4","0.928571428571429","1236073.java","selected","145","156","760963.java","selected","29","40"
"1663419","17984312","4","0.928571428571429","1236073.java","selected","145","156","91947.java","selected","61","72"
"1663419","6319887","4","0.928571428571429","1236073.java","selected","145","156","1011432.java","selected","596","607"
"1663419","22137915","4","0.928571428571429","1236073.java","selected","145","156","1480760.java","selected","105","116"
"1663419","14876163","4","0.928571428571429","1236073.java","selected","145","156","1221453.java","selected","21","32"
"1663419","15831694","4","0.928571428571429","1236073.java","selected","145","156","1372098.java","selected","24","35"
"1663419","21285620","4","0.928571428571429","1236073.java","selected","145","156","1230451.java","selected","283","294"
"978946","1663419","4","0.928571428571429","251951.java","selected","15","26","1236073.java","selected","145","156"
"1663419","11066056","4","0.928571428571429","1236073.java","selected","145","156","2705355.java","selected","1005","1016"
"1663419","12728035","4","0.928571428571429","1236073.java","selected","145","156","1398143.java","selected","185","196"
"1663419","21457925","4","0.928571428571429","1236073.java","selected","145","156","1829489.java","selected","289","300"
"1663419","13396233","4","0.928571428571429","1236073.java","selected","145","156","1023723.java","selected","24","35"
"1663419","9756057","4","0.928571428571429","1236073.java","selected","145","156","1538221.java","selected","261","272"
"1663419","1769771","4","0.928571428571429","1236073.java","selected","145","156","2295586.java","selected","234","245"
"1663419","3108499","4","0.928571428571429","1236073.java","selected","145","156","310688.java","selected","127","138"
"23531657","23531658","4","0.954761904761905","307186.java","selected","213","267","307186.java","selected","269","322"
"19584877","19643372","4","0.962962962962963","1098324.java","selected","815","841","925397.java","selected","854","880"
"3959503","8980221","4","0.933333333333333","1253848.java","selected","33","45","214880.java","selected","83","95"
"3959503","22410173","4","0.933333333333333","1253848.java","selected","33","45","2383916.java","selected","15","27"
"8801744","10006681","4","0.911764705882353","2560469.java","selected","17","50","1370199.java","selected","22","55"
"19584878","19643372","4","0.962962962962963","1098324.java","selected","851","877","925397.java","selected","854","880"
"4020497","22948959","4","0.933333333333333","797836.java","selected","147","161","418452.java","selected","97","111"
"16663549","18377055","4","0.928571428571429","1507679.java","selected","100","127","885096.java","selected","91","118"
"2711644","19643372","4","0.962962962962963","264272.java","selected","754","780","925397.java","selected","854","880"
"12232011","17551461","4","0.928571428571429","2564261.java","selected","93","104","2027381.java","selected","127","138"
"12232011","14763206","4","0.928571428571429","2564261.java","selected","93","104","1303146.java","selected","127","138"
"12232011","21374275","4","0.928571428571429","2564261.java","selected","93","104","652645.java","selected","35","46"
"1037968","12232011","4","0.928571428571429","2393609.java","selected","127","138","2564261.java","selected","93","104"
"12232011","22137915","4","0.928571428571429","2564261.java","selected","93","104","1480760.java","selected","105","116"
"12232011","20870396","4","0.928571428571429","2564261.java","selected","93","104","221494.java","selected","39","50"
"9756057","12232011","4","0.928571428571429","1538221.java","selected","261","272","2564261.java","selected","93","104"
"1769771","12232011","4","0.928571428571429","2295586.java","selected","234","245","2564261.java","selected","93","104"
"3108499","12232011","4","0.928571428571429","310688.java","selected","127","138","2564261.java","selected","93","104"
"13028547","19643372","4","0.962962962962963","593263.java","selected","873","899","925397.java","selected","854","880"
"8778961","19643372","4","0.962962962962963","2599719.java","selected","838","864","925397.java","selected","854","880"
"3239010","17551461","4","0.928571428571429","332157.java","selected","480","491","2027381.java","selected","127","138"
"3239010","14763206","4","0.928571428571429","332157.java","selected","480","491","1303146.java","selected","127","138"
"3239010","21374275","4","0.928571428571429","332157.java","selected","480","491","652645.java","selected","35","46"
"1037968","3239010","4","0.928571428571429","2393609.java","selected","127","138","332157.java","selected","480","491"
"3239010","22137915","4","0.928571428571429","332157.java","selected","480","491","1480760.java","selected","105","116"
"3239010","20870396","4","0.928571428571429","332157.java","selected","480","491","221494.java","selected","39","50"
"3239010","9756057","4","0.928571428571429","332157.java","selected","480","491","1538221.java","selected","261","272"
"1769771","3239010","4","0.928571428571429","2295586.java","selected","234","245","332157.java","selected","480","491"
"3108499","3239010","4","0.928571428571429","310688.java","selected","127","138","332157.java","selected","480","491"
"13924908","14974844","4","0.962962962962963","816071.java","selected","43","69","2387239.java","selected","361","387"
"13924908","18935118","4","0.962962962962963","816071.java","selected","43","69","1047166.java","selected","372","398"
"12172484","19643372","4","0.962962962962963","1882693.java","selected","837","863","925397.java","selected","854","880"
"1704751","17534703","4","0.927272727272727","2016846.java","selected","39","81","226776.java","selected","20","62"
"1704751","7976872","4","0.927272727272727","2016846.java","selected","39","81","1144005.java","selected","142","184"
"1704751","19993993","4","0.927272727272727","2016846.java","selected","39","81","1208371.java","selected","105","147"
"1704751","9499457","4","0.909090909090909","2016846.java","selected","39","81","2685697.java","selected","64","106"
"11319480","19643372","4","0.962962962962963","2430560.java","selected","874","900","925397.java","selected","854","880"
"5883596","17585720","4","0.9","2306882.java","selected","153","169","2347105.java","selected","129","146"
"5744493","5883596","4","0.947368421052632","850830.java","selected","37","53","2306882.java","selected","153","169"
"8117216","19849797","4","0.947368421052632","1574719.java","selected","145","163","926926.java","selected","63","81"
"8117216","21177597","4","0.947368421052632","1574719.java","selected","145","163","572754.java","selected","19","37"
"8117216","22403259","4","0.947368421052632","1574719.java","selected","145","163","1524798.java","selected","43","61"
"8117216","11986970","4","0.947368421052632","1574719.java","selected","145","163","668466.java","selected","50","68"
"4385640","8117216","4","0.947368421052632","1234284.java","selected","70","88","1574719.java","selected","145","163"
"8117216","23069799","4","0.947368421052632","1574719.java","selected","145","163","169032.java","selected","187","205"
"8117216","20725036","4","0.947368421052632","1574719.java","selected","145","163","1819337.java","selected","144","162"
"8117216","18741084","4","0.947368421052632","1574719.java","selected","145","163","138213.java","selected","35","53"
"8117216","17097179","4","0.947368421052632","1574719.java","selected","145","163","2364800.java","selected","70","88"
"5090669","8117216","4","0.947368421052632","388654.java","selected","111","129","1574719.java","selected","145","163"
"3419825","8117216","4","0.947368421052632","1921449.java","selected","65","83","1574719.java","selected","145","163"
"8117216","20085210","4","0.947368421052632","1574719.java","selected","145","163","2556943.java","selected","11","29"
"15571541","19643372","4","0.962962962962963","1560483.java","selected","754","780","925397.java","selected","854","880"
"16466520","19643372","4","0.962962962962963","1139080.java","selected","881","907","925397.java","selected","854","880"
"13289545","19849797","4","0.947368421052632","1435050.java","selected","199","217","926926.java","selected","63","81"
"13289545","21177597","4","0.947368421052632","1435050.java","selected","199","217","572754.java","selected","19","37"
"13289545","22403259","4","0.947368421052632","1435050.java","selected","199","217","1524798.java","selected","43","61"
"11986970","13289545","4","0.947368421052632","668466.java","selected","50","68","1435050.java","selected","199","217"
"4385640","13289545","4","0.947368421052632","1234284.java","selected","70","88","1435050.java","selected","199","217"
"13289545","23069799","4","0.947368421052632","1435050.java","selected","199","217","169032.java","selected","187","205"
"13289545","20725036","4","0.947368421052632","1435050.java","selected","199","217","1819337.java","selected","144","162"
"13289545","18741084","4","0.947368421052632","1435050.java","selected","199","217","138213.java","selected","35","53"
"13289545","17097179","4","0.947368421052632","1435050.java","selected","199","217","2364800.java","selected","70","88"
"5090669","13289545","4","0.947368421052632","388654.java","selected","111","129","1435050.java","selected","199","217"
"3419825","13289545","4","0.947368421052632","1921449.java","selected","65","83","1435050.java","selected","199","217"
"13289545","20085210","4","0.947368421052632","1435050.java","selected","199","217","2556943.java","selected","11","29"
"1458628","19643372","4","0.962962962962963","1511595.java","selected","834","860","925397.java","selected","854","880"
"9499457","17534703","4","0.981481481481482","2685697.java","selected","64","106","226776.java","selected","20","62"
"12380475","19731419","4","0.95","795816.java","selected","25","42","325498.java","selected","22","39"
"22441244","22441245","4","0.946061643835616","2521000.java","selected","85","218","2521000.java","selected","240","367"
"3197089","16157869","4","0.921052631578947","2142746.java","selected","935","1010","355056.java","selected","946","1021"
"10824317","23413733","4","0.941176470588235","1113146.java","selected","19","33","1093996.java","selected","86","100"
"16388708","19643372","4","0.962962962962963","1802351.java","selected","874","900","925397.java","selected","854","880"
"17551461","23390255","4","0.928571428571429","2027381.java","selected","127","138","1339727.java","selected","21","32"
"14763206","23390255","4","0.928571428571429","1303146.java","selected","127","138","1339727.java","selected","21","32"
"21374275","23390255","4","0.928571428571429","652645.java","selected","35","46","1339727.java","selected","21","32"
"1037968","23390255","4","0.928571428571429","2393609.java","selected","127","138","1339727.java","selected","21","32"
"22137915","23390255","4","0.928571428571429","1480760.java","selected","105","116","1339727.java","selected","21","32"
"20870396","23390255","4","0.928571428571429","221494.java","selected","39","50","1339727.java","selected","21","32"
"9756057","23390255","4","0.928571428571429","1538221.java","selected","261","272","1339727.java","selected","21","32"
"1769771","23390255","4","0.928571428571429","2295586.java","selected","234","245","1339727.java","selected","21","32"
"3108499","23390255","4","0.928571428571429","310688.java","selected","127","138","1339727.java","selected","21","32"
"3024977","3024983","4","0.928571428571429","2078997.java","selected","95","108","2078997.java","selected","170","183"
"411630","19643372","4","0.962962962962963","77069.java","default","836","862","925397.java","selected","854","880"
"16224018","19643372","4","0.962962962962963","110490.java","selected","874","900","925397.java","selected","854","880"
"14183084","19643372","4","0.962962962962963","1103041.java","selected","874","900","925397.java","selected","854","880"
"3768628","19643372","4","0.962962962962963","2554952.java","selected","838","864","925397.java","selected","854","880"
"831649","19643372","4","0.962962962962963","85394.java","default","836","862","925397.java","selected","854","880"
"19849797","22403259","4","0.947368421052632","926926.java","selected","63","81","1524798.java","selected","43","61"
"11986970","19849797","4","0.947368421052632","668466.java","selected","50","68","926926.java","selected","63","81"
"19849797","20725036","4","0.947368421052632","926926.java","selected","63","81","1819337.java","selected","144","162"
"12328424","19849797","4","0.947368421052632","1791697.java","selected","70","88","926926.java","selected","63","81"
"5090669","19849797","4","0.947368421052632","388654.java","selected","111","129","926926.java","selected","63","81"
"17551461","20806023","4","0.928571428571429","2027381.java","selected","127","138","2631723.java","selected","112","123"
"14763206","20806023","4","0.928571428571429","1303146.java","selected","127","138","2631723.java","selected","112","123"
"20806023","21374275","4","0.928571428571429","2631723.java","selected","112","123","652645.java","selected","35","46"
"1037968","20806023","4","0.928571428571429","2393609.java","selected","127","138","2631723.java","selected","112","123"
"20806023","22137915","4","0.928571428571429","2631723.java","selected","112","123","1480760.java","selected","105","116"
"20806023","20870396","4","0.928571428571429","2631723.java","selected","112","123","221494.java","selected","39","50"
"9756057","20806023","4","0.928571428571429","1538221.java","selected","261","272","2631723.java","selected","112","123"
"1769771","20806023","4","0.928571428571429","2295586.java","selected","234","245","2631723.java","selected","112","123"
"3108499","20806023","4","0.928571428571429","310688.java","selected","127","138","2631723.java","selected","112","123"
"1977837","20987164","4","0.973684210526316","2072957.java","selected","41","74","676684.java","selected","119","152"
"11514180","20987164","4","0.973684210526316","2111281.java","selected","42","75","676684.java","selected","119","152"
"607724","10467996","4","0.904761904761905","93611.java","default","296","315","168944.java","selected","152","172"
"938889","10467996","4","0.904761904761905","100020.java","default","296","315","168944.java","selected","152","172"
"10467996","14778878","4","0.904761904761905","168944.java","selected","152","172","2159413.java","selected","299","318"
"3318214","3325456","4","0.909090909090909","664690.java","selected","712","721","273144.java","selected","504","513"
"302936","18293811","4","0.910714285714286","110358.java","default","14","58","2237913.java","selected","17","59"
"21177597","22403259","4","0.947368421052632","572754.java","selected","19","37","1524798.java","selected","43","61"
"11986970","21177597","4","0.947368421052632","668466.java","selected","50","68","572754.java","selected","19","37"
"20725036","21177597","4","0.947368421052632","1819337.java","selected","144","162","572754.java","selected","19","37"
"12328424","21177597","4","0.947368421052632","1791697.java","selected","70","88","572754.java","selected","19","37"
"5090669","21177597","4","0.947368421052632","388654.java","selected","111","129","572754.java","selected","19","37"
"367771","19643372","4","0.962962962962963","122954.java","default","872","898","925397.java","selected","854","880"
"10824317","22321272","4","0.941176470588235","1113146.java","selected","19","33","2733872.java","selected","85","99"
"12473411","21425787","4","0.909090909090909","1317500.java","selected","121","131","1629556.java","selected","365","375"
"10415388","12473411","4","0.909090909090909","1334309.java","selected","19","29","1317500.java","selected","121","131"
"12782570","17296916","4","0.970588235294118","2268528.java","selected","25","58","34150.java","selected","40","73"
"7976872","9499457","4","0.981481481481482","1144005.java","selected","142","184","2685697.java","selected","64","106"
"6814854","19643372","4","0.962962962962963","209298.java","selected","804","830","925397.java","selected","854","880"
"18623182","19643372","4","0.962962962962963","1561076.java","selected","908","934","925397.java","selected","854","880"
"16733950","17638222","4","0.9375","253429.java","selected","26","38","1354007.java","selected","158","170"
"20368648","21425787","4","0.909090909090909","1059599.java","selected","79","89","1629556.java","selected","365","375"
"7237618","17551461","4","0.928571428571429","197938.java","selected","245","256","2027381.java","selected","127","138"
"7237618","14763206","4","0.928571428571429","197938.java","selected","245","256","1303146.java","selected","127","138"
"7237618","21374275","4","0.928571428571429","197938.java","selected","245","256","652645.java","selected","35","46"
"1037968","7237618","4","0.928571428571429","2393609.java","selected","127","138","197938.java","selected","245","256"
"7237618","22137915","4","0.928571428571429","197938.java","selected","245","256","1480760.java","selected","105","116"
"7237618","20870396","4","0.928571428571429","197938.java","selected","245","256","221494.java","selected","39","50"
"7237618","9756057","4","0.928571428571429","197938.java","selected","245","256","1538221.java","selected","261","272"
"1769771","7237618","4","0.928571428571429","2295586.java","selected","234","245","197938.java","selected","245","256"
"3108499","7237618","4","0.928571428571429","310688.java","selected","127","138","197938.java","selected","245","256"
"2711645","19643372","4","0.962962962962963","264272.java","selected","790","816","925397.java","selected","854","880"
"1421557","19643372","4","0.962962962962963","597475.java","selected","838","864","925397.java","selected","854","880"
"12172485","19643372","4","0.962962962962963","1882693.java","selected","873","899","925397.java","selected","854","880"
"14317426","19643372","4","0.962962962962963","753625.java","selected","790","816","925397.java","selected","854","880"
"1458629","19643372","4","0.962962962962963","1511595.java","selected","870","896","925397.java","selected","854","880"
"15571542","19643372","4","0.962962962962963","1560483.java","selected","790","816","925397.java","selected","854","880"
"250596","19643372","4","0.962962962962963","126904.java","default","872","898","925397.java","selected","854","880"
"14183083","19643372","4","0.962962962962963","1103041.java","selected","838","864","925397.java","selected","854","880"
"16466519","19643372","4","0.962962962962963","1139080.java","selected","845","871","925397.java","selected","854","880"
"10287987","19643372","4","0.962962962962963","2215261.java","selected","874","900","925397.java","selected","854","880"
"19643372","22246374","4","0.962962962962963","925397.java","selected","854","880","2481579.java","selected","857","883"
"250595","19643372","4","0.962962962962963","126904.java","default","836","862","925397.java","selected","854","880"
"7132185","19643372","4","0.962962962962963","364540.java","selected","835","861","925397.java","selected","854","880"
"6244937","19643372","4","0.962962962962963","183804.java","selected","788","814","925397.java","selected","854","880"
"9693856","19643372","4","0.962962962962963","964253.java","selected","838","864","925397.java","selected","854","880"
"6061403","19643372","4","0.962962962962963","2190287.java","selected","873","899","925397.java","selected","854","880"
"948486","19643372","4","0.962962962962963","16883.java","default","853","879","925397.java","selected","854","880"
"1421558","19643372","4","0.962962962962963","597475.java","selected","874","900","925397.java","selected","854","880"
"13902981","19643372","4","0.962962962962963","304936.java","selected","871","897","925397.java","selected","854","880"
"1966262","19643372","4","0.962962962962963","1483221.java","selected","836","862","925397.java","selected","854","880"
"10287986","19643372","4","0.962962962962963","2215261.java","selected","838","864","925397.java","selected","854","880"
"18731109","19643372","4","0.962962962962963","2365821.java","selected","838","864","925397.java","selected","854","880"
"8612648","19643372","4","0.962962962962963","707943.java","selected","873","899","925397.java","selected","854","880"
"19643372","22246375","4","0.962962962962963","925397.java","selected","854","880","2481579.java","selected","893","919"
"19142736","19643372","4","0.962962962962963","1402632.java","selected","838","864","925397.java","selected","854","880"
"13783899","19643372","4","0.962962962962963","1966020.java","selected","894","920","925397.java","selected","854","880"
"7132186","19643372","4","0.962962962962963","364540.java","selected","871","897","925397.java","selected","854","880"
"9693857","19643372","4","0.962962962962963","964253.java","selected","874","900","925397.java","selected","854","880"
"6244936","19643372","4","0.962962962962963","183804.java","selected","752","778","925397.java","selected","854","880"
"13028546","19643372","4","0.962962962962963","593263.java","selected","837","863","925397.java","selected","854","880"
"18731110","19643372","4","0.962962962962963","2365821.java","selected","874","900","925397.java","selected","854","880"
"1966263","19643372","4","0.962962962962963","1483221.java","selected","872","898","925397.java","selected","854","880"
"2532321","19643372","4","0.962962962962963","244622.java","selected","837","863","925397.java","selected","854","880"
"11319479","19643372","4","0.962962962962963","2430560.java","selected","838","864","925397.java","selected","854","880"
"8778962","19643372","4","0.962962962962963","2599719.java","selected","874","900","925397.java","selected","854","880"
"16388707","19643372","4","0.962962962962963","1802351.java","selected","838","864","925397.java","selected","854","880"
"411631","19643372","4","0.962962962962963","77069.java","default","872","898","925397.java","selected","854","880"
"13902980","19643372","4","0.962962962962963","304936.java","selected","835","861","925397.java","selected","854","880"
"8612647","19643372","4","0.962962962962963","707943.java","selected","837","863","925397.java","selected","854","880"
"19643372","19912848","4","0.962962962962963","925397.java","selected","854","880","419020.java","selected","939","965"
"4518933","19643372","4","0.962962962962963","1496807.java","selected","848","874","925397.java","selected","854","880"
"12678588","19643372","4","0.962962962962963","2510322.java","selected","754","780","925397.java","selected","854","880"
"19643372","21870536","4","0.962962962962963","925397.java","selected","854","880","1876215.java","selected","753","779"
"19643372","21488869","4","0.962962962962963","925397.java","selected","854","880","588446.java","selected","875","901"
"11548510","19643372","4","0.962962962962963","2640664.java","selected","753","779","925397.java","selected","854","880"
"2532322","19643372","4","0.962962962962963","244622.java","selected","873","899","925397.java","selected","854","880"
"16351776","19643372","4","0.962962962962963","1931054.java","selected","874","900","925397.java","selected","854","880"
"4471000","19643372","4","0.962962962962963","2229382.java","selected","838","864","925397.java","selected","854","880"
"7460370","19643372","4","0.962962962962963","1494993.java","selected","873","899","925397.java","selected","854","880"
"17456565","19643372","4","0.962962962962963","2038811.java","selected","838","864","925397.java","selected","854","880"
"19643372","19912847","4","0.962962962962963","925397.java","selected","854","880","419020.java","selected","901","927"
"4518934","19643372","4","0.962962962962963","1496807.java","selected","884","910","925397.java","selected","854","880"
"9088422","19643372","4","0.962962962962963","2348309.java","selected","754","780","925397.java","selected","854","880"
"12614305","19643372","4","0.962962962962963","2339370.java","selected","755","781","925397.java","selected","854","880"
"19643372","22993367","4","0.962962962962963","925397.java","selected","854","880","2108660.java","selected","923","949"
"19643372","21488868","4","0.962962962962963","925397.java","selected","854","880","588446.java","selected","839","865"
"948487","19643372","4","0.962962962962963","16883.java","default","889","915","925397.java","selected","854","880"
"6061402","19643372","4","0.962962962962963","2190287.java","selected","837","863","925397.java","selected","854","880"
"8625347","19643372","4","0.962962962962963","2429982.java","selected","872","898","925397.java","selected","854","880"
"4471001","19643372","4","0.962962962962963","2229382.java","selected","874","900","925397.java","selected","854","880"
"19643372","22993368","4","0.962962962962963","925397.java","selected","854","880","2108660.java","selected","959","985"
"9088423","19643372","4","0.962962962962963","2348309.java","selected","790","816","925397.java","selected","854","880"
"13666876","17231006","4","0.928571428571429","1395350.java","selected","24","50","1851161.java","selected","24","49"
"716032","18288470","4","0.935483870967742","102549.java","default","16","44","2543434.java","selected","154","181"
"2996859","10717656","4","0.947658402203857","633540.java","selected","80","434","1858513.java","selected","78","417"
"13121131","17551461","4","0.928571428571429","1574657.java","selected","111","122","2027381.java","selected","127","138"
"17551461","21374275","4","0.928571428571429","2027381.java","selected","127","138","652645.java","selected","35","46"
"17551461","20310134","4","0.928571428571429","2027381.java","selected","127","138","760963.java","selected","29","40"
"17551461","17984312","4","0.928571428571429","2027381.java","selected","127","138","91947.java","selected","61","72"
"6319887","17551461","4","0.928571428571429","1011432.java","selected","596","607","2027381.java","selected","127","138"
"14876163","17551461","4","0.928571428571429","1221453.java","selected","21","32","2027381.java","selected","127","138"
"15831694","17551461","4","0.928571428571429","1372098.java","selected","24","35","2027381.java","selected","127","138"
"17551461","20870396","4","0.928571428571429","2027381.java","selected","127","138","221494.java","selected","39","50"
"17551461","21285620","4","0.928571428571429","2027381.java","selected","127","138","1230451.java","selected","283","294"
"978946","17551461","4","0.928571428571429","251951.java","selected","15","26","2027381.java","selected","127","138"
"11066056","17551461","4","0.928571428571429","2705355.java","selected","1005","1016","2027381.java","selected","127","138"
"12728035","17551461","4","0.928571428571429","1398143.java","selected","185","196","2027381.java","selected","127","138"
"17551461","21457925","4","0.928571428571429","2027381.java","selected","127","138","1829489.java","selected","289","300"
"13396233","17551461","4","0.928571428571429","1023723.java","selected","24","35","2027381.java","selected","127","138"
"9756057","17551461","4","0.928571428571429","1538221.java","selected","261","272","2027381.java","selected","127","138"
"1769771","17551461","4","0.928571428571429","2295586.java","selected","234","245","2027381.java","selected","127","138"
"11277510","19117993","4","0.9","1560307.java","selected","124","133","2098134.java","selected","737","746"
"11986970","22403259","4","0.947368421052632","668466.java","selected","50","68","1524798.java","selected","43","61"
"4385640","22403259","4","0.947368421052632","1234284.java","selected","70","88","1524798.java","selected","43","61"
"22403259","23069799","4","0.947368421052632","1524798.java","selected","43","61","169032.java","selected","187","205"
"20725036","22403259","4","0.947368421052632","1819337.java","selected","144","162","1524798.java","selected","43","61"
"18741084","22403259","4","0.947368421052632","138213.java","selected","35","53","1524798.java","selected","43","61"
"12328424","22403259","4","0.947368421052632","1791697.java","selected","70","88","1524798.java","selected","43","61"
"17097179","22403259","4","0.947368421052632","2364800.java","selected","70","88","1524798.java","selected","43","61"
"5090669","22403259","4","0.947368421052632","388654.java","selected","111","129","1524798.java","selected","43","61"
"3419825","22403259","4","0.947368421052632","1921449.java","selected","65","83","1524798.java","selected","43","61"
"20085210","22403259","4","0.947368421052632","2556943.java","selected","11","29","1524798.java","selected","43","61"
"2903590","23029916","4","0.928571428571429","1512552.java","selected","23","35","187973.java","selected","19","32"
"16924659","17728719","4","0.9","2455851.java","selected","855","863","2300478.java","selected","60","68"
"12971450","18536907","4","0.9375","2403960.java","selected","34","49","1081859.java","selected","197","212"
"13121131","14763206","4","0.928571428571429","1574657.java","selected","111","122","1303146.java","selected","127","138"
"14763206","21374275","4","0.928571428571429","1303146.java","selected","127","138","652645.java","selected","35","46"
"14763206","20310134","4","0.928571428571429","1303146.java","selected","127","138","760963.java","selected","29","40"
"14763206","17984312","4","0.928571428571429","1303146.java","selected","127","138","91947.java","selected","61","72"
"6319887","14763206","4","0.928571428571429","1011432.java","selected","596","607","1303146.java","selected","127","138"
"14763206","14876163","4","0.928571428571429","1303146.java","selected","127","138","1221453.java","selected","21","32"
"14763206","15831694","4","0.928571428571429","1303146.java","selected","127","138","1372098.java","selected","24","35"
"14763206","20870396","4","0.928571428571429","1303146.java","selected","127","138","221494.java","selected","39","50"
"14763206","21285620","4","0.928571428571429","1303146.java","selected","127","138","1230451.java","selected","283","294"
"978946","14763206","4","0.928571428571429","251951.java","selected","15","26","1303146.java","selected","127","138"
"11066056","14763206","4","0.928571428571429","2705355.java","selected","1005","1016","1303146.java","selected","127","138"
"12728035","14763206","4","0.928571428571429","1398143.java","selected","185","196","1303146.java","selected","127","138"
"14763206","21457925","4","0.928571428571429","1303146.java","selected","127","138","1829489.java","selected","289","300"
"13396233","14763206","4","0.928571428571429","1023723.java","selected","24","35","1303146.java","selected","127","138"
"9756057","14763206","4","0.928571428571429","1538221.java","selected","261","272","1303146.java","selected","127","138"
"1769771","14763206","4","0.928571428571429","2295586.java","selected","234","245","1303146.java","selected","127","138"
"3746824","14729262","4","0.944444444444444","39128.java","selected","41","58","1810839.java","selected","360","377"
"4385640","11986970","4","0.947368421052632","1234284.java","selected","70","88","668466.java","selected","50","68"
"11986970","23069799","4","0.947368421052632","668466.java","selected","50","68","169032.java","selected","187","205"
"11986970","20725036","4","0.939130434782609","668466.java","selected","50","68","1819337.java","selected","144","162"
"11986970","18741084","4","0.947368421052632","668466.java","selected","50","68","138213.java","selected","35","53"
"11986970","12328424","4","0.947368421052632","668466.java","selected","50","68","1791697.java","selected","70","88"
"11986970","17097179","4","0.947368421052632","668466.java","selected","50","68","2364800.java","selected","70","88"
"5090669","11986970","4","0.939130434782609","388654.java","selected","111","129","668466.java","selected","50","68"
"3419825","11986970","4","0.947368421052632","1921449.java","selected","65","83","668466.java","selected","50","68"
"11986970","20085210","4","0.947368421052632","668466.java","selected","50","68","2556943.java","selected","11","29"
"17371628","21369761","4","0.9375","1126373.java","selected","107","122","1002110.java","selected","19","34"
"5744493","17585720","4","0.9","850830.java","selected","37","53","2347105.java","selected","129","146"
"13121131","21374275","4","0.928571428571429","1574657.java","selected","111","122","652645.java","selected","35","46"
"1037968","13121131","4","0.928571428571429","2393609.java","selected","127","138","1574657.java","selected","111","122"
"13121131","22137915","4","0.928571428571429","1574657.java","selected","111","122","1480760.java","selected","105","116"
"13121131","20870396","4","0.928571428571429","1574657.java","selected","111","122","221494.java","selected","39","50"
"9756057","13121131","4","0.928571428571429","1538221.java","selected","261","272","1574657.java","selected","111","122"
"1769771","13121131","4","0.928571428571429","2295586.java","selected","234","245","1574657.java","selected","111","122"
"3108499","13121131","4","0.928571428571429","310688.java","selected","127","138","1574657.java","selected","111","122"
"3024986","3024989","4","0.909090909090909","2078997.java","selected","208","218","2078997.java","selected","244","254"
"588571","16012363","4","0.916666666666667","127477.java","default","10","21","1431040.java","selected","18","29"
"1037968","21374275","4","0.928571428571429","2393609.java","selected","127","138","652645.java","selected","35","46"
"20310134","21374275","4","0.928571428571429","760963.java","selected","29","40","652645.java","selected","35","46"
"17984312","21374275","4","0.928571428571429","91947.java","selected","61","72","652645.java","selected","35","46"
"6319887","21374275","4","0.928571428571429","1011432.java","selected","596","607","652645.java","selected","35","46"
"21374275","22137915","4","0.928571428571429","652645.java","selected","35","46","1480760.java","selected","105","116"
"14876163","21374275","4","0.928571428571429","1221453.java","selected","21","32","652645.java","selected","35","46"
"15831694","21374275","4","0.928571428571429","1372098.java","selected","24","35","652645.java","selected","35","46"
"21285620","21374275","4","0.928571428571429","1230451.java","selected","283","294","652645.java","selected","35","46"
"978946","21374275","4","0.928571428571429","251951.java","selected","15","26","652645.java","selected","35","46"
"11066056","21374275","4","0.928571428571429","2705355.java","selected","1005","1016","652645.java","selected","35","46"
"12728035","21374275","4","0.928571428571429","1398143.java","selected","185","196","652645.java","selected","35","46"
"21374275","21457925","4","0.928571428571429","652645.java","selected","35","46","1829489.java","selected","289","300"
"13396233","21374275","4","0.928571428571429","1023723.java","selected","24","35","652645.java","selected","35","46"
"9756057","21374275","4","0.928571428571429","1538221.java","selected","261","272","652645.java","selected","35","46"
"1769771","21374275","4","0.928571428571429","2295586.java","selected","234","245","652645.java","selected","35","46"
"3108499","21374275","4","0.928571428571429","310688.java","selected","127","138","652645.java","selected","35","46"
"14711051","17371628","4","0.9375","42000.java","selected","49","64","1126373.java","selected","107","122"
"7669917","16157869","4","0.921052631578947","1730017.java","selected","999","1074","355056.java","selected","946","1021"
"1037968","20310134","4","0.928571428571429","2393609.java","selected","127","138","760963.java","selected","29","40"
"1037968","17984312","4","0.928571428571429","2393609.java","selected","127","138","91947.java","selected","61","72"
"1037968","6319887","4","0.928571428571429","2393609.java","selected","127","138","1011432.java","selected","596","607"
"1037968","14876163","4","0.928571428571429","2393609.java","selected","127","138","1221453.java","selected","21","32"
"1037968","15831694","4","0.928571428571429","2393609.java","selected","127","138","1372098.java","selected","24","35"
"1037968","20870396","4","0.928571428571429","2393609.java","selected","127","138","221494.java","selected","39","50"
"1037968","21285620","4","0.928571428571429","2393609.java","selected","127","138","1230451.java","selected","283","294"
"978946","1037968","4","0.928571428571429","251951.java","selected","15","26","2393609.java","selected","127","138"
"1037968","11066056","4","0.928571428571429","2393609.java","selected","127","138","2705355.java","selected","1005","1016"
"1037968","12728035","4","0.928571428571429","2393609.java","selected","127","138","1398143.java","selected","185","196"
"1037968","21457925","4","0.928571428571429","2393609.java","selected","127","138","1829489.java","selected","289","300"
"1037968","13396233","4","0.928571428571429","2393609.java","selected","127","138","1023723.java","selected","24","35"
"1037968","9756057","4","0.928571428571429","2393609.java","selected","127","138","1538221.java","selected","261","272"
"1037968","1769771","4","0.928571428571429","2393609.java","selected","127","138","2295586.java","selected","234","245"
"13812091","20898459","4","0.916666666666667","293333.java","selected","72","107","673606.java","selected","16","53"
"2994947","2994948","4","0.964285714285714","1729216.java","selected","30","57","1729216.java","selected","59","85"
"20310134","22137915","4","0.928571428571429","760963.java","selected","29","40","1480760.java","selected","105","116"
"20310134","20870396","4","0.928571428571429","760963.java","selected","29","40","221494.java","selected","39","50"
"9756057","20310134","4","0.928571428571429","1538221.java","selected","261","272","760963.java","selected","29","40"
"1769771","20310134","4","0.928571428571429","2295586.java","selected","234","245","760963.java","selected","29","40"
"3108499","20310134","4","0.928571428571429","310688.java","selected","127","138","760963.java","selected","29","40"
"8980221","22410173","4","0.933333333333333","214880.java","selected","83","95","2383916.java","selected","15","27"
"3318214","8489742","4","0.909090909090909","664690.java","selected","712","721","594064.java","selected","15","24"
"4385640","20725036","4","0.947368421052632","1234284.java","selected","70","88","1819337.java","selected","144","162"
"4385640","12328424","4","0.947368421052632","1234284.java","selected","70","88","1791697.java","selected","70","88"
"4385640","5090669","4","0.947368421052632","1234284.java","selected","70","88","388654.java","selected","111","129"
"3024978","3024981","4","0.909090909090909","2078997.java","selected","110","120","2078997.java","selected","148","158"
"23047155","23047157","4","0.930147058823529","2157952.java","selected","88","126","2157952.java","selected","137","175"
"17728719","17791385","4","0.9","2300478.java","selected","60","68","499481.java","selected","849","857"
"5523389","17728719","4","0.9","1823751.java","selected","50","58","2300478.java","selected","60","68"
"13834118","17728719","4","0.9","591946.java","selected","827","835","2300478.java","selected","60","68"
"3318214","18748516","4","0.909090909090909","664690.java","selected","712","721","351570.java","selected","83","92"
"14647876","20898459","4","0.916666666666667","1568102.java","selected","73","108","673606.java","selected","16","53"
"6037295","6037296","4","0.95","172947.java","selected","350","388","172947.java","selected","393","431"
"17984312","22137915","4","0.928571428571429","91947.java","selected","61","72","1480760.java","selected","105","116"
"17984312","20870396","4","0.928571428571429","91947.java","selected","61","72","221494.java","selected","39","50"
"9756057","17984312","4","0.928571428571429","1538221.java","selected","261","272","91947.java","selected","61","72"
"1769771","17984312","4","0.928571428571429","2295586.java","selected","234","245","91947.java","selected","61","72"
"3108499","17984312","4","0.928571428571429","310688.java","selected","127","138","91947.java","selected","61","72"
"4456641","9756366","4","0.941176470588235","1082721.java","selected","155","168","277906.java","selected","114","127"
"4456641","15445861","4","0.941176470588235","1082721.java","selected","155","168","630719.java","selected","131","144"
"14770723","14770729","4","0.9","2646900.java","selected","50","85","2646900.java","selected","194","231"
"21425787","23494305","4","0.909090909090909","1629556.java","selected","365","375","941488.java","selected","297","307"
"10415388","23494305","4","0.909090909090909","1334309.java","selected","19","29","941488.java","selected","297","307"
"18070587","18070589","4","0.937853107344633","2138232.java","selected","45","66","2138232.java","selected","76","98"
"13048962","13048963","4","0.904761904761905","1006288.java","selected","370","389","1006288.java","selected","397","415"
"2199604","3746824","4","0.944444444444444","2245750.java","selected","360","377","39128.java","selected","41","58"
"3746824","9186582","4","0.944444444444444","39128.java","selected","41","58","1495157.java","selected","360","377"
"9996802","11854456","4","0.972972972972973","2196281.java","selected","602","635","829960.java","selected","318","352"
"6319887","22137915","4","0.928571428571429","1011432.java","selected","596","607","1480760.java","selected","105","116"
"6319887","20870396","4","0.928571428571429","1011432.java","selected","596","607","221494.java","selected","39","50"
"6319887","9756057","4","0.928571428571429","1011432.java","selected","596","607","1538221.java","selected","261","272"
"1769771","6319887","4","0.928571428571429","2295586.java","selected","234","245","1011432.java","selected","596","607"
"3108499","6319887","4","0.928571428571429","310688.java","selected","127","138","1011432.java","selected","596","607"
"14876163","22137915","4","0.928571428571429","1221453.java","selected","21","32","1480760.java","selected","105","116"
"15831694","22137915","4","0.928571428571429","1372098.java","selected","24","35","1480760.java","selected","105","116"
"20870396","22137915","4","0.928571428571429","221494.java","selected","39","50","1480760.java","selected","105","116"
"21285620","22137915","4","0.928571428571429","1230451.java","selected","283","294","1480760.java","selected","105","116"
"978946","22137915","4","0.928571428571429","251951.java","selected","15","26","1480760.java","selected","105","116"
"11066056","22137915","4","0.928571428571429","2705355.java","selected","1005","1016","1480760.java","selected","105","116"
"12728035","22137915","4","0.928571428571429","1398143.java","selected","185","196","1480760.java","selected","105","116"
"21457925","22137915","4","0.928571428571429","1829489.java","selected","289","300","1480760.java","selected","105","116"
"13396233","22137915","4","0.928571428571429","1023723.java","selected","24","35","1480760.java","selected","105","116"
"9756057","22137915","4","0.928571428571429","1538221.java","selected","261","272","1480760.java","selected","105","116"
"1769771","22137915","4","0.928571428571429","2295586.java","selected","234","245","1480760.java","selected","105","116"
"14876163","20870396","4","0.928571428571429","1221453.java","selected","21","32","221494.java","selected","39","50"
"9756057","14876163","4","0.928571428571429","1538221.java","selected","261","272","1221453.java","selected","21","32"
"1769771","14876163","4","0.928571428571429","2295586.java","selected","234","245","1221453.java","selected","21","32"
"3108499","14876163","4","0.928571428571429","310688.java","selected","127","138","1221453.java","selected","21","32"
"1824914","10536444","4","0.91304347826087","1929059.java","selected","166","178","889549.java","selected","75","86"
"15831694","20870396","4","0.928571428571429","1372098.java","selected","24","35","221494.java","selected","39","50"
"9756057","15831694","4","0.928571428571429","1538221.java","selected","261","272","1372098.java","selected","24","35"
"1769771","15831694","4","0.928571428571429","2295586.java","selected","234","245","1372098.java","selected","24","35"
"3108499","15831694","4","0.928571428571429","310688.java","selected","127","138","1372098.java","selected","24","35"
"9499457","19993993","4","0.981481481481482","2685697.java","selected","64","106","1208371.java","selected","105","147"
"20870396","21285620","4","0.928571428571429","221494.java","selected","39","50","1230451.java","selected","283","294"
"978946","20870396","4","0.928571428571429","251951.java","selected","15","26","221494.java","selected","39","50"
"11066056","20870396","4","0.928571428571429","2705355.java","selected","1005","1016","221494.java","selected","39","50"
"12728035","20870396","4","0.928571428571429","1398143.java","selected","185","196","221494.java","selected","39","50"
"20870396","21457925","4","0.928571428571429","221494.java","selected","39","50","1829489.java","selected","289","300"
"13396233","20870396","4","0.928571428571429","1023723.java","selected","24","35","221494.java","selected","39","50"
"9756057","20870396","4","0.928571428571429","1538221.java","selected","261","272","221494.java","selected","39","50"
"1769771","20870396","4","0.928571428571429","2295586.java","selected","234","245","221494.java","selected","39","50"
"3108499","20870396","4","0.928571428571429","310688.java","selected","127","138","221494.java","selected","39","50"
"9756057","21285620","4","0.928571428571429","1538221.java","selected","261","272","1230451.java","selected","283","294"
"1769771","21285620","4","0.928571428571429","2295586.java","selected","234","245","1230451.java","selected","283","294"
"3108499","21285620","4","0.928571428571429","310688.java","selected","127","138","1230451.java","selected","283","294"
"13356869","14899566","4","0.966666666666667","388821.java","selected","87","113","2659180.java","selected","70","96"
"9525318","21425787","4","0.909090909090909","776814.java","selected","79","89","1629556.java","selected","365","375"
"978946","9756057","4","0.928571428571429","251951.java","selected","15","26","1538221.java","selected","261","272"
"978946","1769771","4","0.928571428571429","251951.java","selected","15","26","2295586.java","selected","234","245"
"978946","3108499","4","0.928571428571429","251951.java","selected","15","26","310688.java","selected","127","138"
"8361376","8361377","4","0.92","687723.java","selected","110","134","687723.java","selected","136","160"
"20725036","23069799","4","0.947368421052632","1819337.java","selected","144","162","169032.java","selected","187","205"
"12328424","23069799","4","0.947368421052632","1791697.java","selected","70","88","169032.java","selected","187","205"
"5090669","23069799","4","0.947368421052632","388654.java","selected","111","129","169032.java","selected","187","205"
"10415388","15924093","4","0.909090909090909","1334309.java","selected","19","29","1337392.java","selected","59","68"
"8843442","15924093","4","0.909090909090909","2279865.java","selected","16","26","1337392.java","selected","59","68"
"5299276","8546232","4","0.942857142857143","920107.java","selected","101","135","518912.java","selected","124","158"
"2059352","17119760","4","0.9","2221171.java","selected","14","23","1990911.java","selected","31","40"
"2059352","17119759","4","0.9","2221171.java","selected","14","23","1990911.java","selected","20","29"
"21754657","22728534","4","0.948717948717949","1263468.java","selected","300","338","2247836.java","selected","297","335"
"18741084","20725036","4","0.947368421052632","138213.java","selected","35","53","1819337.java","selected","144","162"
"12328424","20725036","4","0.947368421052632","1791697.java","selected","70","88","1819337.java","selected","144","162"
"17097179","20725036","4","0.947368421052632","2364800.java","selected","70","88","1819337.java","selected","144","162"
"3419825","20725036","4","0.947368421052632","1921449.java","selected","65","83","1819337.java","selected","144","162"
"20085210","20725036","4","0.947368421052632","2556943.java","selected","11","29","1819337.java","selected","144","162"
"19416287","19722336","4","0.9","616858.java","selected","115","133","97354.java","selected","167","186"
"9756057","11066056","4","0.928571428571429","1538221.java","selected","261","272","2705355.java","selected","1005","1016"
"1769771","11066056","4","0.928571428571429","2295586.java","selected","234","245","2705355.java","selected","1005","1016"
"3108499","11066056","4","0.928571428571429","310688.java","selected","127","138","2705355.java","selected","1005","1016"
"18070587","22300980","4","0.909090909090909","2138232.java","selected","45","66","1770455.java","selected","17","37"
"2737487","11403723","4","0.9","141184.java","selected","20","29","971518.java","selected","20","29"
"12328424","18741084","4","0.947368421052632","1791697.java","selected","70","88","138213.java","selected","35","53"
"5090669","18741084","4","0.947368421052632","388654.java","selected","111","129","138213.java","selected","35","53"
"12328424","17097179","4","0.947368421052632","1791697.java","selected","70","88","2364800.java","selected","70","88"
"5090669","12328424","4","0.947368421052632","388654.java","selected","111","129","1791697.java","selected","70","88"
"3419825","12328424","4","0.947368421052632","1921449.java","selected","65","83","1791697.java","selected","70","88"
"12328424","20085210","4","0.947368421052632","1791697.java","selected","70","88","2556943.java","selected","11","29"
"17871426","17871427","4","0.944444444444444","2139695.java","selected","18","33","2139695.java","selected","35","50"
"8843442","10415388","4","0.909090909090909","2279865.java","selected","16","26","1334309.java","selected","19","29"
"9756057","12728035","4","0.928571428571429","1538221.java","selected","261","272","1398143.java","selected","185","196"
"1769771","12728035","4","0.928571428571429","2295586.java","selected","234","245","1398143.java","selected","185","196"
"3108499","12728035","4","0.928571428571429","310688.java","selected","127","138","1398143.java","selected","185","196"
"11854456","14495973","4","0.972972972972973","829960.java","selected","318","352","412180.java","selected","399","432"
"17076233","23250845","4","0.964028776978417","1256206.java","selected","1124","1172","54311.java","selected","287","336"
"9756057","21457925","4","0.928571428571429","1538221.java","selected","261","272","1829489.java","selected","289","300"
"1769771","21457925","4","0.928571428571429","2295586.java","selected","234","245","1829489.java","selected","289","300"
"3108499","21457925","4","0.928571428571429","310688.java","selected","127","138","1829489.java","selected","289","300"
"5090669","17097179","4","0.947368421052632","388654.java","selected","111","129","2364800.java","selected","70","88"
"19416288","19722337","4","0.91304347826087","616858.java","selected","135","156","97354.java","selected","188","210"
"3419825","5090669","4","0.947368421052632","1921449.java","selected","65","83","388654.java","selected","111","129"
"5090669","20085210","4","0.947368421052632","388654.java","selected","111","129","2556943.java","selected","11","29"
"9756057","13396233","4","0.928571428571429","1538221.java","selected","261","272","1023723.java","selected","24","35"
"1769771","13396233","4","0.928571428571429","2295586.java","selected","234","245","1023723.java","selected","24","35"
"3108499","13396233","4","0.928571428571429","310688.java","selected","127","138","1023723.java","selected","24","35"
"1769771","9756057","4","0.928571428571429","2295586.java","selected","234","245","1538221.java","selected","261","272"
"3108499","9756057","4","0.928571428571429","310688.java","selected","127","138","1538221.java","selected","261","272"
"1769771","3108499","4","0.928571428571429","2295586.java","selected","234","245","310688.java","selected","127","138"
"7228953","14072818","6","0.90669014084507","951510.java","selected","406","448","903019.java","selected","419","460"
"8452131","19044529","6","0.9","1222008.java","selected","47","76","1103983.java","selected","43","72"
"12499284","16929855","6","0.984615384615385","2594846.java","selected","220","284","1577658.java","selected","201","265"
"8452133","19044531","6","0.952380952380952","1222008.java","selected","106","126","1103983.java","selected","102","122"
"2021567","2021569","6","0.925714285714286","884330.java","selected","91","118","884330.java","selected","142","170"
"4166046","13031564","6","0.934426229508197","776961.java","selected","21","78","897597.java","selected","103","163"
"10937054","11154758","6","0.91304347826087","282532.java","selected","9","31","611689.java","selected","9","30"
"6023157","12049266","6","0.901960784313726","1702641.java","selected","229","275","801019.java","selected","713","763"
"10447014","10447015","6","0.931034482758621","402336.java","selected","95","123","402336.java","selected","125","152"
"18378776","19260977","7","0.956521739130435","2643652.java","selected","88","108","4649.java","selected","69","89"
"17630905","17630909","7","0.904761904761905","2705691.java","selected","154","170","2705691.java","selected","238","254"
"17630905","17630906","7","0.904761904761905","2705691.java","selected","154","170","2705691.java","selected","175","191"
"17630905","17630907","7","0.952380952380952","2705691.java","selected","154","170","2705691.java","selected","196","212"
"21273053","21273054","7","0.974358974358974","665194.java","selected","537","570","665194.java","selected","572","605"
"17630906","17630909","7","0.904761904761905","2705691.java","selected","175","191","2705691.java","selected","238","254"
"17630909","17630910","7","0.952380952380952","2705691.java","selected","238","254","2705691.java","selected","259","275"
"21273057","21273058","7","0.962962962962963","665194.java","selected","701","724","665194.java","selected","726","749"
"21273052","21273058","7","0.962962962962963","665194.java","selected","512","535","665194.java","selected","726","749"
"21273051","21273058","7","0.925925925925926","665194.java","selected","487","510","665194.java","selected","726","749"
"13696846","20680657","7","0.96","2403255.java","selected","32","53","1912418.java","selected","59","80"
"17630906","17630908","7","0.952380952380952","2705691.java","selected","175","191","2705691.java","selected","217","233"
"7635628","8786313","7","0.933333333333333","1939092.java","selected","16","27","2406121.java","selected","18","30"
"17630907","17630910","7","0.904761904761905","2705691.java","selected","196","212","2705691.java","selected","259","275"
"17630908","17630910","7","0.904761904761905","2705691.java","selected","217","233","2705691.java","selected","259","275"
"21273052","21273057","7","0.925925925925926","665194.java","selected","512","535","665194.java","selected","701","724"
"21273051","21273057","7","0.962962962962963","665194.java","selected","487","510","665194.java","selected","701","724"
"477320","6480424","7","0.941176470588235","83085.java","default","292","306","110869.java","selected","172","186"
"17630907","17630908","7","0.904761904761905","2705691.java","selected","196","212","2705691.java","selected","217","233"
"21273051","21273052","7","0.962962962962963","665194.java","selected","487","510","665194.java","selected","512","535"
"21273055","21273056","7","0.981481481481482","665194.java","selected","607","652","665194.java","selected","654","699"
"21817955","21817956","10","0.975609756097561","1926814.java","selected","1740","1778","1926814.java","selected","1793","1831"
"88739","3309468","22","0.944444444444444","119293.java","default","76","146","1811847.java","selected","77","144"
"3058818","17871426","22","0.944444444444444","1952858.java","selected","15","30","2139695.java","selected","18","33"
"18245","61715","31","0.966666666666667","45154.java","default","44","73","83133.java","default","44","73"
"61715","270827","31","0.966666666666667","83133.java","default","44","73","111032.java","default","44","73"
"18245","47561","31","0.966666666666667","45154.java","default","44","73","69900.java","default","44","73"
"47561","270827","31","0.966666666666667","69900.java","default","44","73","111032.java","default","44","73"
"18245","134256","31","0.966666666666667","45154.java","default","44","73","94122.java","default","44","73"
"134256","270827","31","0.966666666666667","94122.java","default","44","73","111032.java","default","44","73"
"18245","136563","31","0.966666666666667","45154.java","default","44","73","79057.java","default","44","73"
"136563","270827","31","0.966666666666667","79057.java","default","44","73","111032.java","default","44","73"
"117094","117095","31","0.916666666666667","77600.java","default","223","234","77600.java","default","236","247"
"18245","86512","31","0.966666666666667","45154.java","default","44","73","31615.java","default","44","73"
"86512","270827","31","0.966666666666667","31615.java","default","44","73","111032.java","default","44","73"
"18245","335710","31","0.966666666666667","45154.java","default","44","73","26471.java","default","32","61"
"18245","274170","31","0.966666666666667","45154.java","default","44","73","63081.java","default","44","73"
"18245","110285","31","0.966666666666667","45154.java","default","44","73","123100.java","default","44","73"
"18245","291039","31","0.966666666666667","45154.java","default","44","73","125875.java","default","44","73"
"18245","335578","31","0.966666666666667","45154.java","default","44","73","101188.java","default","44","73"
"18245","288596","31","0.966666666666667","45154.java","default","44","73","77601.java","default","44","73"
"18245","313605","31","0.966666666666667","45154.java","default","44","73","19114.java","default","44","73"
"18245","305943","31","0.966666666666667","45154.java","default","44","73","132075.java","default","44","73"
"18245","341872","31","0.966666666666667","45154.java","default","44","73","108647.java","default","44","73"
"15041","18245","31","0.966666666666667","96497.java","default","44","73","45154.java","default","44","73"
"18245","75540","31","0.966666666666667","45154.java","default","44","73","30877.java","default","44","73"
"18245","299621","31","0.966666666666667","45154.java","default","44","73","96485.java","default","44","73"
"18245","41643","31","0.966666666666667","45154.java","default","44","73","7356.java","default","44","73"
"18245","164142","31","0.966666666666667","45154.java","default","44","73","31193.java","default","44","73"
"18245","258730","31","0.966666666666667","45154.java","default","44","73","97898.java","default","44","73"
"18245","206478","31","0.966666666666667","45154.java","default","44","73","53735.java","default","44","73"
"18245","68955","31","0.966666666666667","45154.java","default","44","73","47744.java","default","44","73"
"18245","123799","31","0.966666666666667","45154.java","default","44","73","114161.java","default","44","73"
"18245","203505","31","0.966666666666667","45154.java","default","44","73","122340.java","default","44","73"
"18245","238833","31","0.966666666666667","45154.java","default","44","73","71288.java","default","32","61"
"18245","52588","31","0.966666666666667","45154.java","default","44","73","72387.java","default","44","73"
"18245","341244","31","0.966666666666667","45154.java","default","44","73","46229.java","default","44","73"
"18245","25974","31","0.966666666666667","45154.java","default","44","73","46306.java","default","44","73"
"18245","79779","31","0.966666666666667","45154.java","default","44","73","55028.java","default","44","73"
"18245","293080","31","0.966666666666667","45154.java","default","44","73","92732.java","default","44","73"
"18245","206077","31","0.966666666666667","45154.java","default","44","73","80774.java","default","44","73"
"18245","136575","31","0.966666666666667","45154.java","default","44","73","134657.java","default","44","73"
"18245","126365","31","0.966666666666667","45154.java","default","44","73","75543.java","default","44","73"
"18245","289774","31","0.966666666666667","45154.java","default","44","73","46619.java","default","44","73"
"18245","206143","31","0.966666666666667","45154.java","default","44","73","113089.java","default","44","73"
"18245","339507","31","0.966666666666667","45154.java","default","44","73","125870.java","default","44","73"
"18245","169904","31","0.966666666666667","45154.java","default","44","73","126039.java","default","44","73"
"18245","172115","31","0.966666666666667","45154.java","default","44","73","22719.java","default","44","73"
"18245","278544","31","0.966666666666667","45154.java","default","44","73","42661.java","default","44","73"
"18245","189496","31","0.966666666666667","45154.java","default","44","73","118045.java","default","44","73"
"18245","45374","31","0.966666666666667","45154.java","default","44","73","30150.java","default","44","73"
"18245","258138","31","0.966666666666667","45154.java","default","44","73","106019.java","default","44","73"
"270827","335710","31","0.966666666666667","111032.java","default","44","73","26471.java","default","32","61"
"270827","274170","31","0.966666666666667","111032.java","default","44","73","63081.java","default","44","73"
"110285","270827","31","0.966666666666667","123100.java","default","44","73","111032.java","default","44","73"
"61488","61489","31","0.923076923076923","30142.java","default","133","145","30142.java","default","152","164"
"270827","291039","31","0.966666666666667","111032.java","default","44","73","125875.java","default","44","73"
"270827","335578","31","0.966666666666667","111032.java","default","44","73","101188.java","default","44","73"
"270827","288596","31","0.966666666666667","111032.java","default","44","73","77601.java","default","44","73"
"130685","145912","31","0.904761904761905","15356.java","default","247","265","110890.java","default","239","257"
"270827","313605","31","0.966666666666667","111032.java","default","44","73","19114.java","default","44","73"
"270827","305943","31","0.966666666666667","111032.java","default","44","73","132075.java","default","44","73"
"270827","341872","31","0.966666666666667","111032.java","default","44","73","108647.java","default","44","73"
"15041","270827","31","0.966666666666667","96497.java","default","44","73","111032.java","default","44","73"
"75540","270827","31","0.966666666666667","30877.java","default","44","73","111032.java","default","44","73"
"270827","299621","31","0.966666666666667","111032.java","default","44","73","96485.java","default","44","73"
"41643","270827","31","0.966666666666667","7356.java","default","44","73","111032.java","default","44","73"
"103227","103256","31","0.928571428571429","35551.java","default","180","195","35551.java","default","571","586"
"164142","270827","31","0.966666666666667","31193.java","default","44","73","111032.java","default","44","73"
"258730","270827","31","0.966666666666667","97898.java","default","44","73","111032.java","default","44","73"
"59329","169126","31","0.941176470588235","54039.java","default","310","326","53513.java","default","239","255"
"206478","270827","31","0.966666666666667","53735.java","default","44","73","111032.java","default","44","73"
"68955","270827","31","0.966666666666667","47744.java","default","44","73","111032.java","default","44","73"
"123799","270827","31","0.966666666666667","114161.java","default","44","73","111032.java","default","44","73"
"203505","270827","31","0.966666666666667","122340.java","default","44","73","111032.java","default","44","73"
"238833","270827","31","0.966666666666667","71288.java","default","32","61","111032.java","default","44","73"
"52588","270827","31","0.966666666666667","72387.java","default","44","73","111032.java","default","44","73"
"270827","341244","31","0.966666666666667","111032.java","default","44","73","46229.java","default","44","73"
"25974","270827","31","0.966666666666667","46306.java","default","44","73","111032.java","default","44","73"
"79779","270827","31","0.966666666666667","55028.java","default","44","73","111032.java","default","44","73"
"270827","293080","31","0.966666666666667","111032.java","default","44","73","92732.java","default","44","73"
"206077","270827","31","0.966666666666667","80774.java","default","44","73","111032.java","default","44","73"
"136575","270827","31","0.966666666666667","134657.java","default","44","73","111032.java","default","44","73"
"126365","270827","31","0.966666666666667","75543.java","default","44","73","111032.java","default","44","73"
"270827","289774","31","0.966666666666667","111032.java","default","44","73","46619.java","default","44","73"
"206143","270827","31","0.966666666666667","113089.java","default","44","73","111032.java","default","44","73"
"270827","339507","31","0.966666666666667","111032.java","default","44","73","125870.java","default","44","73"
"169904","270827","31","0.966666666666667","126039.java","default","44","73","111032.java","default","44","73"
"172115","270827","31","0.966666666666667","22719.java","default","44","73","111032.java","default","44","73"
"270827","278544","31","0.966666666666667","111032.java","default","44","73","42661.java","default","44","73"
"189496","270827","31","0.966666666666667","118045.java","default","44","73","111032.java","default","44","73"
"45374","270827","31","0.966666666666667","30150.java","default","44","73","111032.java","default","44","73"
"258138","270827","31","0.966666666666667","106019.java","default","44","73","111032.java","default","44","73"
"143136","159440","31","0.990026595744681","19075.java","default","41","227","5385.java","default","41","226"
"91897","190877","31","0.909090909090909","93930.java","default","37","54","9881.java","default","97","116"
"41700","249913","31","0.9","17835.java","default","379","388","66548.java","default","164","172"
"569226","948002","34","0.991452991452991","8986.java","default","48","157","72432.java","default","48","157"
"569226","794567","34","0.991452991452991","8986.java","default","48","157","121215.java","default","48","157"
"166887","569226","34","0.991452991452991","49316.java","default","48","157","8986.java","default","48","157"
"92772","569226","34","0.991452991452991","61132.java","default","48","157","8986.java","default","48","157"
"569226","631025","34","0.991452991452991","8986.java","default","48","157","2026.java","default","48","157"
"569226","615133","34","0.991452991452991","8986.java","default","48","157","98852.java","default","48","157"
"168320","569226","34","0.991452991452991","12753.java","default","48","157","8986.java","default","48","157"
"569226","683983","34","0.991452991452991","8986.java","default","48","157","50932.java","default","48","157"
"385126","569226","34","0.991452991452991","75105.java","default","48","157","8986.java","default","48","157"
"98022","569226","34","0.991452991452991","75351.java","default","48","157","8986.java","default","48","157"
"569226","644662","34","0.991452991452991","8986.java","default","48","157","99928.java","default","48","157"
"569226","649158","34","0.991452991452991","8986.java","default","48","157","111141.java","default","48","157"
"5994","569226","34","0.991452991452991","121997.java","default","48","157","8986.java","default","48","157"
"569226","684308","34","0.991452991452991","8986.java","default","48","157","66132.java","default","48","157"
"52962","569226","34","0.991452991452991","102852.java","default","48","157","8986.java","default","48","157"
"569226","665895","34","0.991452991452991","8986.java","default","48","157","129185.java","default","46","155"
"569226","783855","34","0.991452991452991","8986.java","default","48","157","90932.java","default","48","157"
"569226","733072","34","0.991452991452991","8986.java","default","48","157","77167.java","default","48","157"
"569226","679416","34","0.991452991452991","8986.java","default","48","157","94689.java","default","48","157"
"368166","569226","34","0.991452991452991","89792.java","default","48","157","8986.java","default","48","157"
"569226","826976","34","0.991452991452991","8986.java","default","48","157","110670.java","default","48","157"
"569226","883584","34","0.991452991452991","8986.java","default","48","157","83797.java","default","48","157"
"224200","569226","34","0.991452991452991","14511.java","default","48","157","8986.java","default","48","157"
"471645","569226","34","0.991452991452991","26478.java","default","48","157","8986.java","default","48","157"
"539536","569226","34","0.991452991452991","30064.java","default","48","157","8986.java","default","48","157"
"569226","576881","34","0.991452991452991","8986.java","default","48","157","65897.java","default","48","157"
"569226","691839","34","0.991452991452991","8986.java","default","48","157","39960.java","default","48","157"
"19321","569226","34","0.991452991452991","9441.java","default","48","157","8986.java","default","48","157"
"569226","656124","34","0.991452991452991","8986.java","default","48","157","8810.java","default","48","157"
"569226","761427","34","0.991452991452991","8986.java","default","48","157","31770.java","default","48","157"
"551003","569226","34","0.991452991452991","1316.java","default","48","157","8986.java","default","48","157"
"569226","920875","34","0.991452991452991","8986.java","default","48","157","84822.java","default","48","157"
"128983","569226","34","0.991452991452991","84877.java","default","48","157","8986.java","default","48","157"
"333457","569226","34","0.991452991452991","79128.java","default","48","157","8986.java","default","48","157"
"454472","569226","34","0.991452991452991","133291.java","default","48","157","8986.java","default","48","157"
"569226","893803","34","0.991452991452991","8986.java","default","48","157","45645.java","default","48","157"
"569226","575998","34","0.991452991452991","8986.java","default","48","157","133555.java","default","48","157"
"269877","569226","34","0.991452991452991","37150.java","default","48","157","8986.java","default","48","157"
"337754","569226","34","0.991452991452991","18339.java","default","48","157","8986.java","default","48","157"
"92425","569226","34","0.991452991452991","107391.java","default","48","157","8986.java","default","48","157"
"569226","808353","34","0.991452991452991","8986.java","default","48","157","101486.java","default","48","157"
"569226","606037","34","0.991452991452991","8986.java","default","48","157","23897.java","default","48","157"
"569226","871396","34","0.991452991452991","8986.java","default","48","157","127494.java","default","48","157"
"569226","767236","34","0.991452991452991","8986.java","default","48","157","174.java","default","48","157"
"569226","574904","34","0.991452991452991","8986.java","default","48","157","48453.java","default","48","157"
"169210","569226","34","0.991452991452991","66437.java","default","48","157","8986.java","default","48","157"
"468058","569226","34","0.991452991452991","89610.java","default","48","157","8986.java","default","48","157"
"121823","241411","34","0.90625","12879.java","default","72","102","96374.java","default","97","128"
"40168","241411","34","0.90625","122979.java","default","72","102","96374.java","default","97","128"
"426226","484449","34","0.909090909090909","122864.java","default","13","30","134581.java","default","14","31"
"484449","698488","34","0.909090909090909","134581.java","default","14","31","114255.java","default","13","30"
"45844","484449","34","0.909090909090909","33430.java","default","13","30","134581.java","default","14","31"
"445966","484449","34","0.909090909090909","130255.java","default","13","30","134581.java","default","14","31"
"661896","661901","34","0.933333333333333","87994.java","default","25","39","87994.java","default","178","192"
"661898","661901","34","0.933333333333333","87994.java","default","118","132","87994.java","default","178","192"
"547325","948002","34","0.991452991452991","26742.java","default","48","157","72432.java","default","48","157"
"891614","948002","34","0.991452991452991","130223.java","default","48","157","72432.java","default","48","157"
"223122","948002","34","0.991452991452991","121029.java","default","43","152","72432.java","default","48","157"
"338353","948002","34","0.991452991452991","27320.java","default","48","157","72432.java","default","48","157"
"442091","948002","34","0.991452991452991","18834.java","default","48","157","72432.java","default","48","157"
"151248","948002","34","0.991452991452991","56025.java","default","48","157","72432.java","default","48","157"
"738785","948002","34","0.991452991452991","40796.java","default","43","152","72432.java","default","48","157"
"389826","948002","34","0.991452991452991","28568.java","default","48","157","72432.java","default","48","157"
"948002","948930","34","0.991452991452991","72432.java","default","48","157","57496.java","default","48","157"
"321738","948002","34","0.991452991452991","29270.java","default","48","157","72432.java","default","48","157"
"329965","948002","34","0.991452991452991","36962.java","default","48","157","72432.java","default","48","157"
"666031","948002","34","0.991452991452991","65145.java","default","48","157","72432.java","default","48","157"
"814913","858025","34","0.9375","61706.java","default","68","83","75129.java","default","68","83"
"635421","792276","34","0.916666666666667","67550.java","default","522","545","67821.java","default","550","573"
"792276","889475","34","0.916666666666667","67821.java","default","550","573","58941.java","default","522","545"
"760909","792276","34","0.916666666666667","47706.java","default","522","545","67821.java","default","550","573"
"22683","873964","34","0.914473684210526","21199.java","default","655","795","25960.java","default","614","744"
"22683","128331","34","0.921052631578947","21199.java","default","655","795","60402.java","default","598","728"
"22683","548510","34","0.921052631578947","21199.java","default","655","795","132930.java","default","598","728"
"547325","794567","34","0.991452991452991","26742.java","default","48","157","121215.java","default","48","157"
"794567","891614","34","0.991452991452991","121215.java","default","48","157","130223.java","default","48","157"
"223122","794567","34","0.991452991452991","121029.java","default","43","152","121215.java","default","48","157"
"338353","794567","34","0.991452991452991","27320.java","default","48","157","121215.java","default","48","157"
"442091","794567","34","0.991452991452991","18834.java","default","48","157","121215.java","default","48","157"
"151248","794567","34","0.991452991452991","56025.java","default","48","157","121215.java","default","48","157"
"738785","794567","34","0.991452991452991","40796.java","default","43","152","121215.java","default","48","157"
"389826","794567","34","0.991452991452991","28568.java","default","48","157","121215.java","default","48","157"
"794567","948930","34","0.991452991452991","121215.java","default","48","157","57496.java","default","48","157"
"321738","794567","34","0.991452991452991","29270.java","default","48","157","121215.java","default","48","157"
"329965","794567","34","0.991452991452991","36962.java","default","48","157","121215.java","default","48","157"
"666031","794567","34","0.991452991452991","65145.java","default","48","157","121215.java","default","48","157"
"15195","77269","34","0.916666666666667","133782.java","default","366","389","77842.java","default","473","496"
"236064","581851","34","0.939393939393939","46669.java","default","1439","1525","11981.java","default","1181","1261"
"207747","236064","34","0.939393939393939","60868.java","default","1181","1261","46669.java","default","1439","1525"
"166887","547325","34","0.991452991452991","49316.java","default","48","157","26742.java","default","48","157"
"166887","891614","34","0.991452991452991","49316.java","default","48","157","130223.java","default","48","157"
"166887","223122","34","0.991452991452991","49316.java","default","48","157","121029.java","default","43","152"
"166887","338353","34","0.991452991452991","49316.java","default","48","157","27320.java","default","48","157"
"166887","442091","34","0.991452991452991","49316.java","default","48","157","18834.java","default","48","157"
"151248","166887","34","0.991452991452991","56025.java","default","48","157","49316.java","default","48","157"
"166887","738785","34","0.991452991452991","49316.java","default","48","157","40796.java","default","43","152"
"166887","389826","34","0.991452991452991","49316.java","default","48","157","28568.java","default","48","157"
"166887","948930","34","0.991452991452991","49316.java","default","48","157","57496.java","default","48","157"
"166887","321738","34","0.991452991452991","49316.java","default","48","157","29270.java","default","48","157"
"166887","329965","34","0.991452991452991","49316.java","default","48","157","36962.java","default","48","157"
"166887","666031","34","0.991452991452991","49316.java","default","48","157","65145.java","default","48","157"
"661896","661902","34","0.933333333333333","87994.java","default","25","39","87994.java","default","198","212"
"661898","661902","34","0.933333333333333","87994.java","default","118","132","87994.java","default","198","212"
"92772","547325","34","0.991452991452991","61132.java","default","48","157","26742.java","default","48","157"
"92772","891614","34","0.991452991452991","61132.java","default","48","157","130223.java","default","48","157"
"92772","223122","34","0.991452991452991","61132.java","default","48","157","121029.java","default","43","152"
"92772","338353","34","0.991452991452991","61132.java","default","48","157","27320.java","default","48","157"
"92772","442091","34","0.991452991452991","61132.java","default","48","157","18834.java","default","48","157"
"92772","151248","34","0.991452991452991","61132.java","default","48","157","56025.java","default","48","157"
"92772","738785","34","0.991452991452991","61132.java","default","48","157","40796.java","default","43","152"
"92772","389826","34","0.991452991452991","61132.java","default","48","157","28568.java","default","48","157"
"92772","948930","34","0.991452991452991","61132.java","default","48","157","57496.java","default","48","157"
"92772","321738","34","0.991452991452991","61132.java","default","48","157","29270.java","default","48","157"
"92772","329965","34","0.991452991452991","61132.java","default","48","157","36962.java","default","48","157"
"92772","666031","34","0.991452991452991","61132.java","default","48","157","65145.java","default","48","157"
"191352","938122","34","0.909090909090909","44474.java","default","26","58","131830.java","default","26","56"
"547325","631025","34","0.991452991452991","26742.java","default","48","157","2026.java","default","48","157"
"631025","891614","34","0.991452991452991","2026.java","default","48","157","130223.java","default","48","157"
"223122","631025","34","0.991452991452991","121029.java","default","43","152","2026.java","default","48","157"
"338353","631025","34","0.991452991452991","27320.java","default","48","157","2026.java","default","48","157"
"442091","631025","34","0.991452991452991","18834.java","default","48","157","2026.java","default","48","157"
"151248","631025","34","0.991452991452991","56025.java","default","48","157","2026.java","default","48","157"
"631025","738785","34","0.991452991452991","2026.java","default","48","157","40796.java","default","43","152"
"389826","631025","34","0.991452991452991","28568.java","default","48","157","2026.java","default","48","157"
"631025","948930","34","0.991452991452991","2026.java","default","48","157","57496.java","default","48","157"
"321738","631025","34","0.991452991452991","29270.java","default","48","157","2026.java","default","48","157"
"329965","631025","34","0.991452991452991","36962.java","default","48","157","2026.java","default","48","157"
"631025","666031","34","0.991452991452991","2026.java","default","48","157","65145.java","default","48","157"
"426226","882205","34","0.909090909090909","122864.java","default","13","30","69131.java","default","14","31"
"271986","426226","34","0.909090909090909","119334.java","default","14","31","122864.java","default","13","30"
"426226","657116","34","0.909090909090909","122864.java","default","13","30","59329.java","default","14","31"
"635055","801150","34","0.903225806451613","28362.java","default","20","46","20985.java","default","19","44"
"801150","914605","34","0.903225806451613","20985.java","default","19","44","87926.java","default","20","46"
"801150","880167","34","0.903225806451613","20985.java","default","19","44","137419.java","default","20","46"
"801150","858717","34","0.903225806451613","20985.java","default","19","44","46477.java","default","20","46"
"547325","615133","34","0.991452991452991","26742.java","default","48","157","98852.java","default","48","157"
"615133","891614","34","0.991452991452991","98852.java","default","48","157","130223.java","default","48","157"
"223122","615133","34","0.991452991452991","121029.java","default","43","152","98852.java","default","48","157"
"338353","615133","34","0.991452991452991","27320.java","default","48","157","98852.java","default","48","157"
"442091","615133","34","0.991452991452991","18834.java","default","48","157","98852.java","default","48","157"
"151248","615133","34","0.991452991452991","56025.java","default","48","157","98852.java","default","48","157"
"615133","738785","34","0.991452991452991","98852.java","default","48","157","40796.java","default","43","152"
"389826","615133","34","0.991452991452991","28568.java","default","48","157","98852.java","default","48","157"
"615133","948930","34","0.991452991452991","98852.java","default","48","157","57496.java","default","48","157"
"321738","615133","34","0.991452991452991","29270.java","default","48","157","98852.java","default","48","157"
"329965","615133","34","0.991452991452991","36962.java","default","48","157","98852.java","default","48","157"
"615133","666031","34","0.991452991452991","98852.java","default","48","157","65145.java","default","48","157"
"611459","635055","34","0.903225806451613","43088.java","default","19","44","28362.java","default","20","46"
"611459","914605","34","0.903225806451613","43088.java","default","19","44","87926.java","default","20","46"
"611459","880167","34","0.903225806451613","43088.java","default","19","44","137419.java","default","20","46"
"611459","858717","34","0.903225806451613","43088.java","default","19","44","46477.java","default","20","46"
"885619","907602","34","0.944444444444444","112878.java","default","226","243","32033.java","default","226","243"
"459763","907602","34","0.944444444444444","86702.java","default","226","243","32033.java","default","226","243"
"760899","792265","34","0.916666666666667","47706.java","default","32","55","67821.java","default","63","86"
"572340","760899","34","0.916666666666667","83210.java","default","53","76","47706.java","default","32","55"
"753871","760899","34","0.916666666666667","90115.java","default","63","86","47706.java","default","32","55"
"635411","792265","34","0.916666666666667","67550.java","default","32","55","67821.java","default","63","86"
"572340","635411","34","0.916666666666667","83210.java","default","53","76","67550.java","default","32","55"
"635411","753871","34","0.916666666666667","67550.java","default","32","55","90115.java","default","63","86"
"128324","873957","34","0.992805755395683","60402.java","default","142","266","25960.java","default","158","282"
"22676","128324","34","0.906040268456376","21199.java","default","148","282","60402.java","default","142","266"
"128324","280464","34","0.906040268456376","60402.java","default","142","266","28484.java","default","148","282"
"128331","873964","34","0.992957746478873","60402.java","default","598","728","25960.java","default","614","744"
"280471","873964","34","0.914473684210526","28484.java","default","655","795","25960.java","default","614","744"
"548510","873964","34","0.992957746478873","132930.java","default","598","728","25960.java","default","614","744"
"168320","547325","34","0.991452991452991","12753.java","default","48","157","26742.java","default","48","157"
"168320","891614","34","0.991452991452991","12753.java","default","48","157","130223.java","default","48","157"
"168320","223122","34","0.991452991452991","12753.java","default","48","157","121029.java","default","43","152"
"168320","338353","34","0.991452991452991","12753.java","default","48","157","27320.java","default","48","157"
"168320","442091","34","0.991452991452991","12753.java","default","48","157","18834.java","default","48","157"
"151248","168320","34","0.991452991452991","56025.java","default","48","157","12753.java","default","48","157"
"168320","738785","34","0.991452991452991","12753.java","default","48","157","40796.java","default","43","152"
"168320","389826","34","0.991452991452991","12753.java","default","48","157","28568.java","default","48","157"
"168320","948930","34","0.991452991452991","12753.java","default","48","157","57496.java","default","48","157"
"168320","321738","34","0.991452991452991","12753.java","default","48","157","29270.java","default","48","157"
"168320","329965","34","0.991452991452991","12753.java","default","48","157","36962.java","default","48","157"
"168320","666031","34","0.991452991452991","12753.java","default","48","157","65145.java","default","48","157"
"547325","683983","34","0.991452991452991","26742.java","default","48","157","50932.java","default","48","157"
"683983","891614","34","0.991452991452991","50932.java","default","48","157","130223.java","default","48","157"
"223122","683983","34","0.991452991452991","121029.java","default","43","152","50932.java","default","48","157"
"338353","683983","34","0.991452991452991","27320.java","default","48","157","50932.java","default","48","157"
"442091","683983","34","0.991452991452991","18834.java","default","48","157","50932.java","default","48","157"
"151248","683983","34","0.991452991452991","56025.java","default","48","157","50932.java","default","48","157"
"683983","738785","34","0.991452991452991","50932.java","default","48","157","40796.java","default","43","152"
"389826","683983","34","0.991452991452991","28568.java","default","48","157","50932.java","default","48","157"
"683983","948930","34","0.991452991452991","50932.java","default","48","157","57496.java","default","48","157"
"321738","683983","34","0.991452991452991","29270.java","default","48","157","50932.java","default","48","157"
"329965","683983","34","0.991452991452991","36962.java","default","48","157","50932.java","default","48","157"
"666031","683983","34","0.991452991452991","65145.java","default","48","157","50932.java","default","48","157"
"350782","885619","34","0.944444444444444","92257.java","default","226","243","112878.java","default","226","243"
"385126","547325","34","0.991452991452991","75105.java","default","48","157","26742.java","default","48","157"
"385126","891614","34","0.991452991452991","75105.java","default","48","157","130223.java","default","48","157"
"223122","385126","34","0.991452991452991","121029.java","default","43","152","75105.java","default","48","157"
"338353","385126","34","0.991452991452991","27320.java","default","48","157","75105.java","default","48","157"
"385126","442091","34","0.991452991452991","75105.java","default","48","157","18834.java","default","48","157"
"151248","385126","34","0.991452991452991","56025.java","default","48","157","75105.java","default","48","157"
"385126","738785","34","0.991452991452991","75105.java","default","48","157","40796.java","default","43","152"
"385126","389826","34","0.991452991452991","75105.java","default","48","157","28568.java","default","48","157"
"385126","948930","34","0.991452991452991","75105.java","default","48","157","57496.java","default","48","157"
"321738","385126","34","0.991452991452991","29270.java","default","48","157","75105.java","default","48","157"
"329965","385126","34","0.991452991452991","36962.java","default","48","157","75105.java","default","48","157"
"385126","666031","34","0.991452991452991","75105.java","default","48","157","65145.java","default","48","157"
"98022","547325","34","0.991452991452991","75351.java","default","48","157","26742.java","default","48","157"
"98022","891614","34","0.991452991452991","75351.java","default","48","157","130223.java","default","48","157"
"98022","223122","34","0.991452991452991","75351.java","default","48","157","121029.java","default","43","152"
"98022","338353","34","0.991452991452991","75351.java","default","48","157","27320.java","default","48","157"
"98022","442091","34","0.991452991452991","75351.java","default","48","157","18834.java","default","48","157"
"98022","151248","34","0.991452991452991","75351.java","default","48","157","56025.java","default","48","157"
"98022","738785","34","0.991452991452991","75351.java","default","48","157","40796.java","default","43","152"
"98022","389826","34","0.991452991452991","75351.java","default","48","157","28568.java","default","48","157"
"98022","948930","34","0.991452991452991","75351.java","default","48","157","57496.java","default","48","157"
"98022","321738","34","0.991452991452991","75351.java","default","48","157","29270.java","default","48","157"
"98022","329965","34","0.991452991452991","75351.java","default","48","157","36962.java","default","48","157"
"98022","666031","34","0.991452991452991","75351.java","default","48","157","65145.java","default","48","157"
"547325","644662","34","0.991452991452991","26742.java","default","48","157","99928.java","default","48","157"
"644662","891614","34","0.991452991452991","99928.java","default","48","157","130223.java","default","48","157"
"223122","644662","34","0.991452991452991","121029.java","default","43","152","99928.java","default","48","157"
"338353","644662","34","0.991452991452991","27320.java","default","48","157","99928.java","default","48","157"
"442091","644662","34","0.991452991452991","18834.java","default","48","157","99928.java","default","48","157"
"151248","644662","34","0.991452991452991","56025.java","default","48","157","99928.java","default","48","157"
"644662","738785","34","0.991452991452991","99928.java","default","48","157","40796.java","default","43","152"
"389826","644662","34","0.991452991452991","28568.java","default","48","157","99928.java","default","48","157"
"644662","948930","34","0.991452991452991","99928.java","default","48","157","57496.java","default","48","157"
"321738","644662","34","0.991452991452991","29270.java","default","48","157","99928.java","default","48","157"
"329965","644662","34","0.991452991452991","36962.java","default","48","157","99928.java","default","48","157"
"644662","666031","34","0.991452991452991","99928.java","default","48","157","65145.java","default","48","157"
"350782","459763","34","0.944444444444444","92257.java","default","226","243","86702.java","default","226","243"
"128325","873958","34","0.993715083798883","60402.java","default","268","417","25960.java","default","284","433"
"128325","280465","34","0.92485549132948","60402.java","default","268","417","28484.java","default","284","443"
"22677","128325","34","0.92485549132948","21199.java","default","284","443","60402.java","default","268","417"
"121823","890533","34","0.90625","12879.java","default","72","102","76074.java","default","97","128"
"40168","890533","34","0.90625","122979.java","default","72","102","76074.java","default","97","128"
"112088","581851","34","0.939393939393939","94873.java","default","1438","1524","11981.java","default","1181","1261"
"792265","889465","34","0.916666666666667","67821.java","default","63","86","58941.java","default","32","55"
"572340","889465","34","0.916666666666667","83210.java","default","53","76","58941.java","default","32","55"
"753871","889465","34","0.916666666666667","90115.java","default","63","86","58941.java","default","32","55"
"547325","649158","34","0.991452991452991","26742.java","default","48","157","111141.java","default","48","157"
"649158","891614","34","0.991452991452991","111141.java","default","48","157","130223.java","default","48","157"
"223122","649158","34","0.991452991452991","121029.java","default","43","152","111141.java","default","48","157"
"338353","649158","34","0.991452991452991","27320.java","default","48","157","111141.java","default","48","157"
"442091","649158","34","0.991452991452991","18834.java","default","48","157","111141.java","default","48","157"
"151248","649158","34","0.991452991452991","56025.java","default","48","157","111141.java","default","48","157"
"649158","738785","34","0.991452991452991","111141.java","default","48","157","40796.java","default","43","152"
"389826","649158","34","0.991452991452991","28568.java","default","48","157","111141.java","default","48","157"
"649158","948930","34","0.991452991452991","111141.java","default","48","157","57496.java","default","48","157"
"321738","649158","34","0.991452991452991","29270.java","default","48","157","111141.java","default","48","157"
"329965","649158","34","0.991452991452991","36962.java","default","48","157","111141.java","default","48","157"
"649158","666031","34","0.991452991452991","111141.java","default","48","157","65145.java","default","48","157"
"539275","635055","34","0.903225806451613","46930.java","default","19","44","28362.java","default","20","46"
"393028","635055","34","0.903225806451613","21369.java","default","19","44","28362.java","default","20","46"
"698488","882205","34","0.909090909090909","114255.java","default","13","30","69131.java","default","14","31"
"45844","882205","34","0.909090909090909","33430.java","default","13","30","69131.java","default","14","31"
"445966","882205","34","0.909090909090909","130255.java","default","13","30","69131.java","default","14","31"
"5994","547325","34","0.991452991452991","121997.java","default","48","157","26742.java","default","48","157"
"5994","891614","34","0.991452991452991","121997.java","default","48","157","130223.java","default","48","157"
"5994","223122","34","0.991452991452991","121997.java","default","48","157","121029.java","default","43","152"
"5994","338353","34","0.991452991452991","121997.java","default","48","157","27320.java","default","48","157"
"5994","442091","34","0.991452991452991","121997.java","default","48","157","18834.java","default","48","157"
"5994","151248","34","0.991452991452991","121997.java","default","48","157","56025.java","default","48","157"
"5994","738785","34","0.991452991452991","121997.java","default","48","157","40796.java","default","43","152"
"5994","389826","34","0.991452991452991","121997.java","default","48","157","28568.java","default","48","157"
"5994","948930","34","0.991452991452991","121997.java","default","48","157","57496.java","default","48","157"
"5994","321738","34","0.991452991452991","121997.java","default","48","157","29270.java","default","48","157"
"5994","329965","34","0.991452991452991","121997.java","default","48","157","36962.java","default","48","157"
"5994","666031","34","0.991452991452991","121997.java","default","48","157","65145.java","default","48","157"
"547325","684308","34","0.991452991452991","26742.java","default","48","157","66132.java","default","48","157"
"684308","891614","34","0.991452991452991","66132.java","default","48","157","130223.java","default","48","157"
"223122","684308","34","0.991452991452991","121029.java","default","43","152","66132.java","default","48","157"
"338353","684308","34","0.991452991452991","27320.java","default","48","157","66132.java","default","48","157"
"442091","684308","34","0.991452991452991","18834.java","default","48","157","66132.java","default","48","157"
"151248","684308","34","0.991452991452991","56025.java","default","48","157","66132.java","default","48","157"
"684308","738785","34","0.991452991452991","66132.java","default","48","157","40796.java","default","43","152"
"389826","684308","34","0.991452991452991","28568.java","default","48","157","66132.java","default","48","157"
"684308","948930","34","0.991452991452991","66132.java","default","48","157","57496.java","default","48","157"
"321738","684308","34","0.991452991452991","29270.java","default","48","157","66132.java","default","48","157"
"329965","684308","34","0.991452991452991","36962.java","default","48","157","66132.java","default","48","157"
"666031","684308","34","0.991452991452991","65145.java","default","48","157","66132.java","default","48","157"
"112088","207747","34","0.939393939393939","94873.java","default","1438","1524","60868.java","default","1181","1261"
"52962","547325","34","0.991452991452991","102852.java","default","48","157","26742.java","default","48","157"
"52962","891614","34","0.991452991452991","102852.java","default","48","157","130223.java","default","48","157"
"52962","223122","34","0.991452991452991","102852.java","default","48","157","121029.java","default","43","152"
"52962","338353","34","0.991452991452991","102852.java","default","48","157","27320.java","default","48","157"
"52962","442091","34","0.991452991452991","102852.java","default","48","157","18834.java","default","48","157"
"52962","151248","34","0.991452991452991","102852.java","default","48","157","56025.java","default","48","157"
"52962","738785","34","0.991452991452991","102852.java","default","48","157","40796.java","default","43","152"
"52962","389826","34","0.991452991452991","102852.java","default","48","157","28568.java","default","48","157"
"52962","948930","34","0.991452991452991","102852.java","default","48","157","57496.java","default","48","157"
"52962","321738","34","0.991452991452991","102852.java","default","48","157","29270.java","default","48","157"
"52962","329965","34","0.991452991452991","102852.java","default","48","157","36962.java","default","48","157"
"52962","666031","34","0.991452991452991","102852.java","default","48","157","65145.java","default","48","157"
"419736","565271","34","0.967032967032967","123277.java","default","176","212","44489.java","default","176","212"
"381088","419736","34","0.967032967032967","102540.java","default","176","212","123277.java","default","176","212"
"547325","665895","34","0.991452991452991","26742.java","default","48","157","129185.java","default","46","155"
"665895","891614","34","0.991452991452991","129185.java","default","46","155","130223.java","default","48","157"
"223122","665895","34","0.991452991452991","121029.java","default","43","152","129185.java","default","46","155"
"338353","665895","34","0.991452991452991","27320.java","default","48","157","129185.java","default","46","155"
"442091","665895","34","0.991452991452991","18834.java","default","48","157","129185.java","default","46","155"
"151248","665895","34","0.991452991452991","56025.java","default","48","157","129185.java","default","46","155"
"665895","738785","34","0.991452991452991","129185.java","default","46","155","40796.java","default","43","152"
"389826","665895","34","0.991452991452991","28568.java","default","48","157","129185.java","default","46","155"
"665895","948930","34","0.991452991452991","129185.java","default","46","155","57496.java","default","48","157"
"321738","665895","34","0.991452991452991","29270.java","default","48","157","129185.java","default","46","155"
"329965","665895","34","0.991452991452991","36962.java","default","48","157","129185.java","default","46","155"
"665895","666031","34","0.991452991452991","129185.java","default","46","155","65145.java","default","48","157"
"547325","783855","34","0.991452991452991","26742.java","default","48","157","90932.java","default","48","157"
"547325","733072","34","0.991452991452991","26742.java","default","48","157","77167.java","default","48","157"
"547325","679416","34","0.991452991452991","26742.java","default","48","157","94689.java","default","48","157"
"368166","547325","34","0.991452991452991","89792.java","default","48","157","26742.java","default","48","157"
"547325","826976","34","0.991452991452991","26742.java","default","48","157","110670.java","default","48","157"
"547325","883584","34","0.991452991452991","26742.java","default","48","157","83797.java","default","48","157"
"224200","547325","34","0.991452991452991","14511.java","default","48","157","26742.java","default","48","157"
"471645","547325","34","0.991452991452991","26478.java","default","48","157","26742.java","default","48","157"
"539536","547325","34","0.991452991452991","30064.java","default","48","157","26742.java","default","48","157"
"547325","576881","34","0.991452991452991","26742.java","default","48","157","65897.java","default","48","157"
"547325","691839","34","0.991452991452991","26742.java","default","48","157","39960.java","default","48","157"
"19321","547325","34","0.991452991452991","9441.java","default","48","157","26742.java","default","48","157"
"547325","656124","34","0.991452991452991","26742.java","default","48","157","8810.java","default","48","157"
"547325","761427","34","0.991452991452991","26742.java","default","48","157","31770.java","default","48","157"
"547325","551003","34","0.991452991452991","26742.java","default","48","157","1316.java","default","48","157"
"547325","920875","34","0.991452991452991","26742.java","default","48","157","84822.java","default","48","157"
"128983","547325","34","0.991452991452991","84877.java","default","48","157","26742.java","default","48","157"
"333457","547325","34","0.991452991452991","79128.java","default","48","157","26742.java","default","48","157"
"454472","547325","34","0.991452991452991","133291.java","default","48","157","26742.java","default","48","157"
"547325","893803","34","0.991452991452991","26742.java","default","48","157","45645.java","default","48","157"
"547325","575998","34","0.991452991452991","26742.java","default","48","157","133555.java","default","48","157"
"269877","547325","34","0.991452991452991","37150.java","default","48","157","26742.java","default","48","157"
"337754","547325","34","0.991452991452991","18339.java","default","48","157","26742.java","default","48","157"
"92425","547325","34","0.991452991452991","107391.java","default","48","157","26742.java","default","48","157"
"547325","808353","34","0.991452991452991","26742.java","default","48","157","101486.java","default","48","157"
"547325","606037","34","0.991452991452991","26742.java","default","48","157","23897.java","default","48","157"
"547325","871396","34","0.991452991452991","26742.java","default","48","157","127494.java","default","48","157"
"547325","767236","34","0.991452991452991","26742.java","default","48","157","174.java","default","48","157"
"547325","574904","34","0.991452991452991","26742.java","default","48","157","48453.java","default","48","157"
"169210","547325","34","0.991452991452991","66437.java","default","48","157","26742.java","default","48","157"
"468058","547325","34","0.991452991452991","89610.java","default","48","157","26742.java","default","48","157"
"783855","891614","34","0.991452991452991","90932.java","default","48","157","130223.java","default","48","157"
"223122","783855","34","0.991452991452991","121029.java","default","43","152","90932.java","default","48","157"
"338353","783855","34","0.991452991452991","27320.java","default","48","157","90932.java","default","48","157"
"442091","783855","34","0.991452991452991","18834.java","default","48","157","90932.java","default","48","157"
"151248","783855","34","0.991452991452991","56025.java","default","48","157","90932.java","default","48","157"
"738785","783855","34","0.991452991452991","40796.java","default","43","152","90932.java","default","48","157"
"389826","783855","34","0.991452991452991","28568.java","default","48","157","90932.java","default","48","157"
"783855","948930","34","0.991452991452991","90932.java","default","48","157","57496.java","default","48","157"
"321738","783855","34","0.991452991452991","29270.java","default","48","157","90932.java","default","48","157"
"329965","783855","34","0.991452991452991","36962.java","default","48","157","90932.java","default","48","157"
"666031","783855","34","0.991452991452991","65145.java","default","48","157","90932.java","default","48","157"
"733072","891614","34","0.991452991452991","77167.java","default","48","157","130223.java","default","48","157"
"223122","733072","34","0.991452991452991","121029.java","default","43","152","77167.java","default","48","157"
"338353","733072","34","0.991452991452991","27320.java","default","48","157","77167.java","default","48","157"
"442091","733072","34","0.991452991452991","18834.java","default","48","157","77167.java","default","48","157"
"151248","733072","34","0.991452991452991","56025.java","default","48","157","77167.java","default","48","157"
"733072","738785","34","0.991452991452991","77167.java","default","48","157","40796.java","default","43","152"
"389826","733072","34","0.991452991452991","28568.java","default","48","157","77167.java","default","48","157"
"733072","948930","34","0.991452991452991","77167.java","default","48","157","57496.java","default","48","157"
"321738","733072","34","0.991452991452991","29270.java","default","48","157","77167.java","default","48","157"
"329965","733072","34","0.991452991452991","36962.java","default","48","157","77167.java","default","48","157"
"666031","733072","34","0.991452991452991","65145.java","default","48","157","77167.java","default","48","157"
"128331","280471","34","0.921052631578947","60402.java","default","598","728","28484.java","default","655","795"
"679416","891614","34","0.991452991452991","94689.java","default","48","157","130223.java","default","48","157"
"223122","679416","34","0.991452991452991","121029.java","default","43","152","94689.java","default","48","157"
"338353","679416","34","0.991452991452991","27320.java","default","48","157","94689.java","default","48","157"
"442091","679416","34","0.991452991452991","18834.java","default","48","157","94689.java","default","48","157"
"151248","679416","34","0.991452991452991","56025.java","default","48","157","94689.java","default","48","157"
"679416","738785","34","0.991452991452991","94689.java","default","48","157","40796.java","default","43","152"
"389826","679416","34","0.991452991452991","28568.java","default","48","157","94689.java","default","48","157"
"679416","948930","34","0.991452991452991","94689.java","default","48","157","57496.java","default","48","157"
"321738","679416","34","0.991452991452991","29270.java","default","48","157","94689.java","default","48","157"
"329965","679416","34","0.991452991452991","36962.java","default","48","157","94689.java","default","48","157"
"666031","679416","34","0.991452991452991","65145.java","default","48","157","94689.java","default","48","157"
"368166","891614","34","0.991452991452991","89792.java","default","48","157","130223.java","default","48","157"
"223122","368166","34","0.991452991452991","121029.java","default","43","152","89792.java","default","48","157"
"338353","368166","34","0.991452991452991","27320.java","default","48","157","89792.java","default","48","157"
"368166","442091","34","0.991452991452991","89792.java","default","48","157","18834.java","default","48","157"
"151248","368166","34","0.991452991452991","56025.java","default","48","157","89792.java","default","48","157"
"368166","738785","34","0.991452991452991","89792.java","default","48","157","40796.java","default","43","152"
"368166","389826","34","0.991452991452991","89792.java","default","48","157","28568.java","default","48","157"
"368166","948930","34","0.991452991452991","89792.java","default","48","157","57496.java","default","48","157"
"321738","368166","34","0.991452991452991","29270.java","default","48","157","89792.java","default","48","157"
"329965","368166","34","0.991452991452991","36962.java","default","48","157","89792.java","default","48","157"
"368166","666031","34","0.991452991452991","89792.java","default","48","157","65145.java","default","48","157"
"280471","548510","34","0.921052631578947","28484.java","default","655","795","132930.java","default","598","728"
"826976","891614","34","0.991452991452991","110670.java","default","48","157","130223.java","default","48","157"
"223122","826976","34","0.991452991452991","121029.java","default","43","152","110670.java","default","48","157"
"338353","826976","34","0.991452991452991","27320.java","default","48","157","110670.java","default","48","157"
"442091","826976","34","0.991452991452991","18834.java","default","48","157","110670.java","default","48","157"
"151248","826976","34","0.991452991452991","56025.java","default","48","157","110670.java","default","48","157"
"738785","826976","34","0.991452991452991","40796.java","default","43","152","110670.java","default","48","157"
"389826","826976","34","0.991452991452991","28568.java","default","48","157","110670.java","default","48","157"
"826976","948930","34","0.991452991452991","110670.java","default","48","157","57496.java","default","48","157"
"321738","826976","34","0.991452991452991","29270.java","default","48","157","110670.java","default","48","157"
"329965","826976","34","0.991452991452991","36962.java","default","48","157","110670.java","default","48","157"
"666031","826976","34","0.991452991452991","65145.java","default","48","157","110670.java","default","48","157"
"539275","914605","34","0.903225806451613","46930.java","default","19","44","87926.java","default","20","46"
"393028","914605","34","0.903225806451613","21369.java","default","19","44","87926.java","default","20","46"
"883584","891614","34","0.991452991452991","83797.java","default","48","157","130223.java","default","48","157"
"223122","883584","34","0.991452991452991","121029.java","default","43","152","83797.java","default","48","157"
"338353","883584","34","0.991452991452991","27320.java","default","48","157","83797.java","default","48","157"
"442091","883584","34","0.991452991452991","18834.java","default","48","157","83797.java","default","48","157"
"151248","883584","34","0.991452991452991","56025.java","default","48","157","83797.java","default","48","157"
"738785","883584","34","0.991452991452991","40796.java","default","43","152","83797.java","default","48","157"
"389826","883584","34","0.991452991452991","28568.java","default","48","157","83797.java","default","48","157"
"883584","948930","34","0.991452991452991","83797.java","default","48","157","57496.java","default","48","157"
"321738","883584","34","0.991452991452991","29270.java","default","48","157","83797.java","default","48","157"
"329965","883584","34","0.991452991452991","36962.java","default","48","157","83797.java","default","48","157"
"666031","883584","34","0.991452991452991","65145.java","default","48","157","83797.java","default","48","157"
"224200","891614","34","0.991452991452991","14511.java","default","48","157","130223.java","default","48","157"
"223122","224200","34","0.991452991452991","121029.java","default","43","152","14511.java","default","48","157"
"224200","338353","34","0.991452991452991","14511.java","default","48","157","27320.java","default","48","157"
"224200","442091","34","0.991452991452991","14511.java","default","48","157","18834.java","default","48","157"
"151248","224200","34","0.991452991452991","56025.java","default","48","157","14511.java","default","48","157"
"224200","738785","34","0.991452991452991","14511.java","default","48","157","40796.java","default","43","152"
"224200","389826","34","0.991452991452991","14511.java","default","48","157","28568.java","default","48","157"
"224200","948930","34","0.991452991452991","14511.java","default","48","157","57496.java","default","48","157"
"224200","321738","34","0.991452991452991","14511.java","default","48","157","29270.java","default","48","157"
"224200","329965","34","0.991452991452991","14511.java","default","48","157","36962.java","default","48","157"
"224200","666031","34","0.991452991452991","14511.java","default","48","157","65145.java","default","48","157"
"539275","880167","34","0.903225806451613","46930.java","default","19","44","137419.java","default","20","46"
"539275","858717","34","0.903225806451613","46930.java","default","19","44","46477.java","default","20","46"
"471645","891614","34","0.991452991452991","26478.java","default","48","157","130223.java","default","48","157"
"223122","471645","34","0.991452991452991","121029.java","default","43","152","26478.java","default","48","157"
"338353","471645","34","0.991452991452991","27320.java","default","48","157","26478.java","default","48","157"
"442091","471645","34","0.991452991452991","18834.java","default","48","157","26478.java","default","48","157"
"151248","471645","34","0.991452991452991","56025.java","default","48","157","26478.java","default","48","157"
"471645","738785","34","0.991452991452991","26478.java","default","48","157","40796.java","default","43","152"
"389826","471645","34","0.991452991452991","28568.java","default","48","157","26478.java","default","48","157"
"471645","948930","34","0.991452991452991","26478.java","default","48","157","57496.java","default","48","157"
"321738","471645","34","0.991452991452991","29270.java","default","48","157","26478.java","default","48","157"
"329965","471645","34","0.991452991452991","36962.java","default","48","157","26478.java","default","48","157"
"471645","666031","34","0.991452991452991","26478.java","default","48","157","65145.java","default","48","157"
"539536","891614","34","0.991452991452991","30064.java","default","48","157","130223.java","default","48","157"
"223122","539536","34","0.991452991452991","121029.java","default","43","152","30064.java","default","48","157"
"338353","539536","34","0.991452991452991","27320.java","default","48","157","30064.java","default","48","157"
"442091","539536","34","0.991452991452991","18834.java","default","48","157","30064.java","default","48","157"
"151248","539536","34","0.991452991452991","56025.java","default","48","157","30064.java","default","48","157"
"539536","738785","34","0.991452991452991","30064.java","default","48","157","40796.java","default","43","152"
"389826","539536","34","0.991452991452991","28568.java","default","48","157","30064.java","default","48","157"
"539536","948930","34","0.991452991452991","30064.java","default","48","157","57496.java","default","48","157"
"321738","539536","34","0.991452991452991","29270.java","default","48","157","30064.java","default","48","157"
"329965","539536","34","0.991452991452991","36962.java","default","48","157","30064.java","default","48","157"
"539536","666031","34","0.991452991452991","30064.java","default","48","157","65145.java","default","48","157"
"576881","891614","34","0.991452991452991","65897.java","default","48","157","130223.java","default","48","157"
"223122","576881","34","0.991452991452991","121029.java","default","43","152","65897.java","default","48","157"
"338353","576881","34","0.991452991452991","27320.java","default","48","157","65897.java","default","48","157"
"442091","576881","34","0.991452991452991","18834.java","default","48","157","65897.java","default","48","157"
"151248","576881","34","0.991452991452991","56025.java","default","48","157","65897.java","default","48","157"
"576881","738785","34","0.991452991452991","65897.java","default","48","157","40796.java","default","43","152"
"389826","576881","34","0.991452991452991","28568.java","default","48","157","65897.java","default","48","157"
"576881","948930","34","0.991452991452991","65897.java","default","48","157","57496.java","default","48","157"
"321738","576881","34","0.991452991452991","29270.java","default","48","157","65897.java","default","48","157"
"329965","576881","34","0.991452991452991","36962.java","default","48","157","65897.java","default","48","157"
"576881","666031","34","0.991452991452991","65897.java","default","48","157","65145.java","default","48","157"
"691839","891614","34","0.991452991452991","39960.java","default","48","157","130223.java","default","48","157"
"19321","891614","34","0.991452991452991","9441.java","default","48","157","130223.java","default","48","157"
"656124","891614","34","0.991452991452991","8810.java","default","48","157","130223.java","default","48","157"
"761427","891614","34","0.991452991452991","31770.java","default","48","157","130223.java","default","48","157"
"551003","891614","34","0.991452991452991","1316.java","default","48","157","130223.java","default","48","157"
"891614","920875","34","0.991452991452991","130223.java","default","48","157","84822.java","default","48","157"
"128983","891614","34","0.991452991452991","84877.java","default","48","157","130223.java","default","48","157"
"333457","891614","34","0.991452991452991","79128.java","default","48","157","130223.java","default","48","157"
"454472","891614","34","0.991452991452991","133291.java","default","48","157","130223.java","default","48","157"
"891614","893803","34","0.991452991452991","130223.java","default","48","157","45645.java","default","48","157"
"575998","891614","34","0.991452991452991","133555.java","default","48","157","130223.java","default","48","157"
"269877","891614","34","0.991452991452991","37150.java","default","48","157","130223.java","default","48","157"
"337754","891614","34","0.991452991452991","18339.java","default","48","157","130223.java","default","48","157"
"92425","891614","34","0.991452991452991","107391.java","default","48","157","130223.java","default","48","157"
"808353","891614","34","0.991452991452991","101486.java","default","48","157","130223.java","default","48","157"
"606037","891614","34","0.991452991452991","23897.java","default","48","157","130223.java","default","48","157"
"871396","891614","34","0.991452991452991","127494.java","default","48","157","130223.java","default","48","157"
"767236","891614","34","0.991452991452991","174.java","default","48","157","130223.java","default","48","157"
"574904","891614","34","0.991452991452991","48453.java","default","48","157","130223.java","default","48","157"
"169210","891614","34","0.991452991452991","66437.java","default","48","157","130223.java","default","48","157"
"468058","891614","34","0.991452991452991","89610.java","default","48","157","130223.java","default","48","157"
"223122","691839","34","0.991452991452991","121029.java","default","43","152","39960.java","default","48","157"
"338353","691839","34","0.991452991452991","27320.java","default","48","157","39960.java","default","48","157"
"442091","691839","34","0.991452991452991","18834.java","default","48","157","39960.java","default","48","157"
"151248","691839","34","0.991452991452991","56025.java","default","48","157","39960.java","default","48","157"
"691839","738785","34","0.991452991452991","39960.java","default","48","157","40796.java","default","43","152"
"389826","691839","34","0.991452991452991","28568.java","default","48","157","39960.java","default","48","157"
"691839","948930","34","0.991452991452991","39960.java","default","48","157","57496.java","default","48","157"
"321738","691839","34","0.991452991452991","29270.java","default","48","157","39960.java","default","48","157"
"329965","691839","34","0.991452991452991","36962.java","default","48","157","39960.java","default","48","157"
"666031","691839","34","0.991452991452991","65145.java","default","48","157","39960.java","default","48","157"
"19321","223122","34","0.991452991452991","9441.java","default","48","157","121029.java","default","43","152"
"19321","338353","34","0.991452991452991","9441.java","default","48","157","27320.java","default","48","157"
"19321","442091","34","0.991452991452991","9441.java","default","48","157","18834.java","default","48","157"
"19321","151248","34","0.991452991452991","9441.java","default","48","157","56025.java","default","48","157"
"19321","738785","34","0.991452991452991","9441.java","default","48","157","40796.java","default","43","152"
"19321","389826","34","0.991452991452991","9441.java","default","48","157","28568.java","default","48","157"
"19321","948930","34","0.991452991452991","9441.java","default","48","157","57496.java","default","48","157"
"19321","321738","34","0.991452991452991","9441.java","default","48","157","29270.java","default","48","157"
"19321","329965","34","0.991452991452991","9441.java","default","48","157","36962.java","default","48","157"
"19321","666031","34","0.991452991452991","9441.java","default","48","157","65145.java","default","48","157"
"271986","698488","34","0.909090909090909","119334.java","default","14","31","114255.java","default","13","30"
"657116","698488","34","0.909090909090909","59329.java","default","14","31","114255.java","default","13","30"
"635421","753882","34","0.916666666666667","67550.java","default","522","545","90115.java","default","535","558"
"572352","635421","34","0.916666666666667","83210.java","default","626","649","67550.java","default","522","545"
"280465","873958","34","0.919075144508671","28484.java","default","284","443","25960.java","default","284","433"
"548504","873958","34","0.993715083798883","132930.java","default","268","417","25960.java","default","284","433"
"22677","873958","34","0.919075144508671","21199.java","default","284","443","25960.java","default","284","433"
"45844","271986","34","0.909090909090909","33430.java","default","13","30","119334.java","default","14","31"
"271986","445966","34","0.909090909090909","119334.java","default","14","31","130255.java","default","13","30"
"223122","656124","34","0.991452991452991","121029.java","default","43","152","8810.java","default","48","157"
"338353","656124","34","0.991452991452991","27320.java","default","48","157","8810.java","default","48","157"
"442091","656124","34","0.991452991452991","18834.java","default","48","157","8810.java","default","48","157"
"151248","656124","34","0.991452991452991","56025.java","default","48","157","8810.java","default","48","157"
"656124","738785","34","0.991452991452991","8810.java","default","48","157","40796.java","default","43","152"
"389826","656124","34","0.991452991452991","28568.java","default","48","157","8810.java","default","48","157"
"656124","948930","34","0.991452991452991","8810.java","default","48","157","57496.java","default","48","157"
"321738","656124","34","0.991452991452991","29270.java","default","48","157","8810.java","default","48","157"
"329965","656124","34","0.991452991452991","36962.java","default","48","157","8810.java","default","48","157"
"656124","666031","34","0.991452991452991","8810.java","default","48","157","65145.java","default","48","157"
"548503","873957","34","0.992805755395683","132930.java","default","142","266","25960.java","default","158","282"
"753882","889475","34","0.916666666666667","90115.java","default","535","558","58941.java","default","522","545"
"572352","889475","34","0.916666666666667","83210.java","default","626","649","58941.java","default","522","545"
"223122","761427","34","0.991452991452991","121029.java","default","43","152","31770.java","default","48","157"
"223122","551003","34","0.991452991452991","121029.java","default","43","152","1316.java","default","48","157"
"223122","920875","34","0.991452991452991","121029.java","default","43","152","84822.java","default","48","157"
"128983","223122","34","0.991452991452991","84877.java","default","48","157","121029.java","default","43","152"
"223122","333457","34","0.991452991452991","121029.java","default","43","152","79128.java","default","48","157"
"223122","454472","34","0.991452991452991","121029.java","default","43","152","133291.java","default","48","157"
"223122","893803","34","0.991452991452991","121029.java","default","43","152","45645.java","default","48","157"
"223122","575998","34","0.991452991452991","121029.java","default","43","152","133555.java","default","48","157"
"223122","269877","34","0.991452991452991","121029.java","default","43","152","37150.java","default","48","157"
"223122","337754","34","0.991452991452991","121029.java","default","43","152","18339.java","default","48","157"
"92425","223122","34","0.991452991452991","107391.java","default","48","157","121029.java","default","43","152"
"223122","808353","34","0.991452991452991","121029.java","default","43","152","101486.java","default","48","157"
"223122","606037","34","0.991452991452991","121029.java","default","43","152","23897.java","default","48","157"
"223122","871396","34","0.991452991452991","121029.java","default","43","152","127494.java","default","48","157"
"223122","767236","34","0.991452991452991","121029.java","default","43","152","174.java","default","48","157"
"223122","574904","34","0.991452991452991","121029.java","default","43","152","48453.java","default","48","157"
"169210","223122","34","0.991452991452991","66437.java","default","48","157","121029.java","default","43","152"
"223122","468058","34","0.991452991452991","121029.java","default","43","152","89610.java","default","48","157"
"22676","548503","34","0.906040268456376","21199.java","default","148","282","132930.java","default","142","266"
"338353","761427","34","0.991452991452991","27320.java","default","48","157","31770.java","default","48","157"
"338353","551003","34","0.991452991452991","27320.java","default","48","157","1316.java","default","48","157"
"338353","920875","34","0.991452991452991","27320.java","default","48","157","84822.java","default","48","157"
"128983","338353","34","0.991452991452991","84877.java","default","48","157","27320.java","default","48","157"
"333457","338353","34","0.991452991452991","79128.java","default","48","157","27320.java","default","48","157"
"338353","454472","34","0.991452991452991","27320.java","default","48","157","133291.java","default","48","157"
"338353","893803","34","0.991452991452991","27320.java","default","48","157","45645.java","default","48","157"
"338353","575998","34","0.991452991452991","27320.java","default","48","157","133555.java","default","48","157"
"269877","338353","34","0.991452991452991","37150.java","default","48","157","27320.java","default","48","157"
"337754","338353","34","0.991452991452991","18339.java","default","48","157","27320.java","default","48","157"
"92425","338353","34","0.991452991452991","107391.java","default","48","157","27320.java","default","48","157"
"338353","808353","34","0.991452991452991","27320.java","default","48","157","101486.java","default","48","157"
"338353","606037","34","0.991452991452991","27320.java","default","48","157","23897.java","default","48","157"
"338353","871396","34","0.991452991452991","27320.java","default","48","157","127494.java","default","48","157"
"338353","767236","34","0.991452991452991","27320.java","default","48","157","174.java","default","48","157"
"338353","574904","34","0.991452991452991","27320.java","default","48","157","48453.java","default","48","157"
"169210","338353","34","0.991452991452991","66437.java","default","48","157","27320.java","default","48","157"
"338353","468058","34","0.991452991452991","27320.java","default","48","157","89610.java","default","48","157"
"341064","612684","34","0.977272727272727","108785.java","default","82","112","101511.java","default","82","113"
"393028","880167","34","0.903225806451613","21369.java","default","19","44","137419.java","default","20","46"
"442091","761427","34","0.991452991452991","18834.java","default","48","157","31770.java","default","48","157"
"151248","761427","34","0.991452991452991","56025.java","default","48","157","31770.java","default","48","157"
"738785","761427","34","0.991452991452991","40796.java","default","43","152","31770.java","default","48","157"
"389826","761427","34","0.991452991452991","28568.java","default","48","157","31770.java","default","48","157"
"761427","948930","34","0.991452991452991","31770.java","default","48","157","57496.java","default","48","157"
"321738","761427","34","0.991452991452991","29270.java","default","48","157","31770.java","default","48","157"
"329965","761427","34","0.991452991452991","36962.java","default","48","157","31770.java","default","48","157"
"666031","761427","34","0.991452991452991","65145.java","default","48","157","31770.java","default","48","157"
"442091","551003","34","0.991452991452991","18834.java","default","48","157","1316.java","default","48","157"
"151248","551003","34","0.991452991452991","56025.java","default","48","157","1316.java","default","48","157"
"551003","738785","34","0.991452991452991","1316.java","default","48","157","40796.java","default","43","152"
"389826","551003","34","0.991452991452991","28568.java","default","48","157","1316.java","default","48","157"
"551003","948930","34","0.991452991452991","1316.java","default","48","157","57496.java","default","48","157"
"321738","551003","34","0.991452991452991","29270.java","default","48","157","1316.java","default","48","157"
"329965","551003","34","0.991452991452991","36962.java","default","48","157","1316.java","default","48","157"
"551003","666031","34","0.991452991452991","1316.java","default","48","157","65145.java","default","48","157"
"442091","920875","34","0.991452991452991","18834.java","default","48","157","84822.java","default","48","157"
"128983","442091","34","0.991452991452991","84877.java","default","48","157","18834.java","default","48","157"
"333457","442091","34","0.991452991452991","79128.java","default","48","157","18834.java","default","48","157"
"442091","454472","34","0.991452991452991","18834.java","default","48","157","133291.java","default","48","157"
"442091","893803","34","0.991452991452991","18834.java","default","48","157","45645.java","default","48","157"
"442091","575998","34","0.991452991452991","18834.java","default","48","157","133555.java","default","48","157"
"269877","442091","34","0.991452991452991","37150.java","default","48","157","18834.java","default","48","157"
"337754","442091","34","0.991452991452991","18339.java","default","48","157","18834.java","default","48","157"
"92425","442091","34","0.991452991452991","107391.java","default","48","157","18834.java","default","48","157"
"442091","808353","34","0.991452991452991","18834.java","default","48","157","101486.java","default","48","157"
"442091","606037","34","0.991452991452991","18834.java","default","48","157","23897.java","default","48","157"
"442091","871396","34","0.991452991452991","18834.java","default","48","157","127494.java","default","48","157"
"442091","767236","34","0.991452991452991","18834.java","default","48","157","174.java","default","48","157"
"442091","574904","34","0.991452991452991","18834.java","default","48","157","48453.java","default","48","157"
"169210","442091","34","0.991452991452991","66437.java","default","48","157","18834.java","default","48","157"
"442091","468058","34","0.991452991452991","18834.java","default","48","157","89610.java","default","48","157"
"151248","920875","34","0.991452991452991","56025.java","default","48","157","84822.java","default","48","157"
"738785","920875","34","0.991452991452991","40796.java","default","43","152","84822.java","default","48","157"
"389826","920875","34","0.991452991452991","28568.java","default","48","157","84822.java","default","48","157"
"920875","948930","34","0.991452991452991","84822.java","default","48","157","57496.java","default","48","157"
"321738","920875","34","0.991452991452991","29270.java","default","48","157","84822.java","default","48","157"
"329965","920875","34","0.991452991452991","36962.java","default","48","157","84822.java","default","48","157"
"666031","920875","34","0.991452991452991","65145.java","default","48","157","84822.java","default","48","157"
"753882","760909","34","0.916666666666667","90115.java","default","535","558","47706.java","default","522","545"
"128983","151248","34","0.991452991452991","84877.java","default","48","157","56025.java","default","48","157"
"151248","333457","34","0.991452991452991","56025.java","default","48","157","79128.java","default","48","157"
"151248","454472","34","0.991452991452991","56025.java","default","48","157","133291.java","default","48","157"
"151248","893803","34","0.991452991452991","56025.java","default","48","157","45645.java","default","48","157"
"151248","575998","34","0.991452991452991","56025.java","default","48","157","133555.java","default","48","157"
"151248","269877","34","0.991452991452991","56025.java","default","48","157","37150.java","default","48","157"
"151248","337754","34","0.991452991452991","56025.java","default","48","157","18339.java","default","48","157"
"92425","151248","34","0.991452991452991","107391.java","default","48","157","56025.java","default","48","157"
"151248","808353","34","0.991452991452991","56025.java","default","48","157","101486.java","default","48","157"
"151248","606037","34","0.991452991452991","56025.java","default","48","157","23897.java","default","48","157"
"151248","871396","34","0.991452991452991","56025.java","default","48","157","127494.java","default","48","157"
"151248","767236","34","0.991452991452991","56025.java","default","48","157","174.java","default","48","157"
"151248","574904","34","0.991452991452991","56025.java","default","48","157","48453.java","default","48","157"
"151248","169210","34","0.991452991452991","56025.java","default","48","157","66437.java","default","48","157"
"151248","468058","34","0.991452991452991","56025.java","default","48","157","89610.java","default","48","157"
"128983","738785","34","0.991452991452991","84877.java","default","48","157","40796.java","default","43","152"
"128983","389826","34","0.991452991452991","84877.java","default","48","157","28568.java","default","48","157"
"128983","948930","34","0.991452991452991","84877.java","default","48","157","57496.java","default","48","157"
"128983","321738","34","0.991452991452991","84877.java","default","48","157","29270.java","default","48","157"
"128983","329965","34","0.991452991452991","84877.java","default","48","157","36962.java","default","48","157"
"128983","666031","34","0.991452991452991","84877.java","default","48","157","65145.java","default","48","157"
"45844","657116","34","0.909090909090909","33430.java","default","13","30","59329.java","default","14","31"
"445966","657116","34","0.909090909090909","130255.java","default","13","30","59329.java","default","14","31"
"333457","738785","34","0.991452991452991","79128.java","default","48","157","40796.java","default","43","152"
"333457","389826","34","0.991452991452991","79128.java","default","48","157","28568.java","default","48","157"
"333457","948930","34","0.991452991452991","79128.java","default","48","157","57496.java","default","48","157"
"321738","333457","34","0.991452991452991","29270.java","default","48","157","79128.java","default","48","157"
"329965","333457","34","0.991452991452991","36962.java","default","48","157","79128.java","default","48","157"
"333457","666031","34","0.991452991452991","79128.java","default","48","157","65145.java","default","48","157"
"661896","661900","34","0.933333333333333","87994.java","default","25","39","87994.java","default","158","172"
"280465","548504","34","0.92485549132948","28484.java","default","284","443","132930.java","default","268","417"
"454472","738785","34","0.991452991452991","133291.java","default","48","157","40796.java","default","43","152"
"389826","454472","34","0.991452991452991","28568.java","default","48","157","133291.java","default","48","157"
"454472","948930","34","0.991452991452991","133291.java","default","48","157","57496.java","default","48","157"
"321738","454472","34","0.991452991452991","29270.java","default","48","157","133291.java","default","48","157"
"329965","454472","34","0.991452991452991","36962.java","default","48","157","133291.java","default","48","157"
"454472","666031","34","0.991452991452991","133291.java","default","48","157","65145.java","default","48","157"
"998763","998764","34","0.928571428571429","848191.java","selected","33","72","848191.java","selected","74","112"
"738785","893803","34","0.991452991452991","40796.java","default","43","152","45645.java","default","48","157"
"389826","893803","34","0.991452991452991","28568.java","default","48","157","45645.java","default","48","157"
"893803","948930","34","0.991452991452991","45645.java","default","48","157","57496.java","default","48","157"
"321738","893803","34","0.991452991452991","29270.java","default","48","157","45645.java","default","48","157"
"329965","893803","34","0.991452991452991","36962.java","default","48","157","45645.java","default","48","157"
"666031","893803","34","0.991452991452991","65145.java","default","48","157","45645.java","default","48","157"
"280464","548503","34","0.906040268456376","28484.java","default","148","282","132930.java","default","142","266"
"572352","760909","34","0.916666666666667","83210.java","default","626","649","47706.java","default","522","545"
"575998","738785","34","0.991452991452991","133555.java","default","48","157","40796.java","default","43","152"
"389826","575998","34","0.991452991452991","28568.java","default","48","157","133555.java","default","48","157"
"575998","948930","34","0.991452991452991","133555.java","default","48","157","57496.java","default","48","157"
"321738","575998","34","0.991452991452991","29270.java","default","48","157","133555.java","default","48","157"
"329965","575998","34","0.991452991452991","36962.java","default","48","157","133555.java","default","48","157"
"575998","666031","34","0.991452991452991","133555.java","default","48","157","65145.java","default","48","157"
"269877","738785","34","0.991452991452991","37150.java","default","48","157","40796.java","default","43","152"
"269877","389826","34","0.991452991452991","37150.java","default","48","157","28568.java","default","48","157"
"269877","948930","34","0.991452991452991","37150.java","default","48","157","57496.java","default","48","157"
"269877","321738","34","0.991452991452991","37150.java","default","48","157","29270.java","default","48","157"
"269877","329965","34","0.991452991452991","37150.java","default","48","157","36962.java","default","48","157"
"269877","666031","34","0.991452991452991","37150.java","default","48","157","65145.java","default","48","157"
"337754","738785","34","0.991452991452991","18339.java","default","48","157","40796.java","default","43","152"
"337754","389826","34","0.991452991452991","18339.java","default","48","157","28568.java","default","48","157"
"337754","948930","34","0.991452991452991","18339.java","default","48","157","57496.java","default","48","157"
"321738","337754","34","0.991452991452991","29270.java","default","48","157","18339.java","default","48","157"
"329965","337754","34","0.991452991452991","36962.java","default","48","157","18339.java","default","48","157"
"337754","666031","34","0.991452991452991","18339.java","default","48","157","65145.java","default","48","157"
"92425","738785","34","0.991452991452991","107391.java","default","48","157","40796.java","default","43","152"
"738785","808353","34","0.991452991452991","40796.java","default","43","152","101486.java","default","48","157"
"606037","738785","34","0.991452991452991","23897.java","default","48","157","40796.java","default","43","152"
"738785","871396","34","0.991452991452991","40796.java","default","43","152","127494.java","default","48","157"
"738785","767236","34","0.991452991452991","40796.java","default","43","152","174.java","default","48","157"
"574904","738785","34","0.991452991452991","48453.java","default","48","157","40796.java","default","43","152"
"169210","738785","34","0.991452991452991","66437.java","default","48","157","40796.java","default","43","152"
"468058","738785","34","0.991452991452991","89610.java","default","48","157","40796.java","default","43","152"
"92425","389826","34","0.991452991452991","107391.java","default","48","157","28568.java","default","48","157"
"92425","948930","34","0.991452991452991","107391.java","default","48","157","57496.java","default","48","157"
"92425","321738","34","0.991452991452991","107391.java","default","48","157","29270.java","default","48","157"
"92425","329965","34","0.991452991452991","107391.java","default","48","157","36962.java","default","48","157"
"92425","666031","34","0.991452991452991","107391.java","default","48","157","65145.java","default","48","157"
"22677","548504","34","0.92485549132948","21199.java","default","284","443","132930.java","default","268","417"
"389826","808353","34","0.991452991452991","28568.java","default","48","157","101486.java","default","48","157"
"808353","948930","34","0.991452991452991","101486.java","default","48","157","57496.java","default","48","157"
"321738","808353","34","0.991452991452991","29270.java","default","48","157","101486.java","default","48","157"
"329965","808353","34","0.991452991452991","36962.java","default","48","157","101486.java","default","48","157"
"666031","808353","34","0.991452991452991","65145.java","default","48","157","101486.java","default","48","157"
"661898","661900","34","0.933333333333333","87994.java","default","118","132","87994.java","default","158","172"
"389826","606037","34","0.991452991452991","28568.java","default","48","157","23897.java","default","48","157"
"606037","948930","34","0.991452991452991","23897.java","default","48","157","57496.java","default","48","157"
"321738","606037","34","0.991452991452991","29270.java","default","48","157","23897.java","default","48","157"
"329965","606037","34","0.991452991452991","36962.java","default","48","157","23897.java","default","48","157"
"606037","666031","34","0.991452991452991","23897.java","default","48","157","65145.java","default","48","157"
"389826","871396","34","0.991452991452991","28568.java","default","48","157","127494.java","default","48","157"
"871396","948930","34","0.991452991452991","127494.java","default","48","157","57496.java","default","48","157"
"321738","871396","34","0.991452991452991","29270.java","default","48","157","127494.java","default","48","157"
"329965","871396","34","0.991452991452991","36962.java","default","48","157","127494.java","default","48","157"
"666031","871396","34","0.991452991452991","65145.java","default","48","157","127494.java","default","48","157"
"393028","858717","34","0.903225806451613","21369.java","default","19","44","46477.java","default","20","46"
"389826","767236","34","0.991452991452991","28568.java","default","48","157","174.java","default","48","157"
"389826","574904","34","0.991452991452991","28568.java","default","48","157","48453.java","default","48","157"
"169210","389826","34","0.991452991452991","66437.java","default","48","157","28568.java","default","48","157"
"389826","468058","34","0.991452991452991","28568.java","default","48","157","89610.java","default","48","157"
"767236","948930","34","0.991452991452991","174.java","default","48","157","57496.java","default","48","157"
"574904","948930","34","0.991452991452991","48453.java","default","48","157","57496.java","default","48","157"
"169210","948930","34","0.991452991452991","66437.java","default","48","157","57496.java","default","48","157"
"468058","948930","34","0.991452991452991","89610.java","default","48","157","57496.java","default","48","157"
"86572","86573","34","0.916666666666667","81514.java","default","19","41","81514.java","default","43","65"
"321738","767236","34","0.991452991452991","29270.java","default","48","157","174.java","default","48","157"
"321738","574904","34","0.991452991452991","29270.java","default","48","157","48453.java","default","48","157"
"169210","321738","34","0.991452991452991","66437.java","default","48","157","29270.java","default","48","157"
"321738","468058","34","0.991452991452991","29270.java","default","48","157","89610.java","default","48","157"
"329965","767236","34","0.991452991452991","36962.java","default","48","157","174.java","default","48","157"
"666031","767236","34","0.991452991452991","65145.java","default","48","157","174.java","default","48","157"
"329965","574904","34","0.991452991452991","36962.java","default","48","157","48453.java","default","48","157"
"574904","666031","34","0.991452991452991","48453.java","default","48","157","65145.java","default","48","157"
"169210","329965","34","0.991452991452991","66437.java","default","48","157","36962.java","default","48","157"
"169210","666031","34","0.991452991452991","66437.java","default","48","157","65145.java","default","48","157"
"329965","468058","34","0.991452991452991","36962.java","default","48","157","89610.java","default","48","157"
"468058","666031","34","0.991452991452991","89610.java","default","48","157","65145.java","default","48","157"
"183041","192715","36","0.906593406593407","41292.java","default","63","112","24063.java","default","63","112"
"192715","205710","36","0.906593406593407","24063.java","default","63","112","115328.java","default","63","112"
"183041","205372","36","0.906593406593407","41292.java","default","63","112","59171.java","default","63","112"
"205372","205710","36","0.906593406593407","59171.java","default","63","112","115328.java","default","63","112"
"46804","183041","36","0.906593406593407","54665.java","default","63","112","41292.java","default","63","112"
"91670","183041","36","0.906593406593407","88126.java","default","63","112","41292.java","default","63","112"
"158889","183041","36","0.906593406593407","120135.java","default","63","112","41292.java","default","63","112"
"46804","205710","36","0.906593406593407","54665.java","default","63","112","115328.java","default","63","112"
"91670","205710","36","0.906593406593407","88126.java","default","63","112","115328.java","default","63","112"
"158889","205710","36","0.906593406593407","120135.java","default","63","112","115328.java","default","63","112"
"147918","205372","36","0.906593406593407","110486.java","default","63","112","59171.java","default","63","112"
"147918","192715","36","0.906593406593407","110486.java","default","63","112","24063.java","default","63","112"
"46804","147918","36","0.906593406593407","54665.java","default","63","112","110486.java","default","63","112"
"91670","147918","36","0.906593406593407","88126.java","default","63","112","110486.java","default","63","112"
"147918","158889","36","0.906593406593407","110486.java","default","63","112","120135.java","default","63","112"
"86878","205372","36","0.906593406593407","2890.java","default","63","112","59171.java","default","63","112"
"86878","192715","36","0.906593406593407","2890.java","default","63","112","24063.java","default","63","112"
"46804","86878","36","0.906593406593407","54665.java","default","63","112","2890.java","default","63","112"
"86878","91670","36","0.906593406593407","2890.java","default","63","112","88126.java","default","63","112"
"86878","158889","36","0.906593406593407","2890.java","default","63","112","120135.java","default","63","112"
"115582","205372","36","0.906593406593407","30382.java","default","63","112","59171.java","default","63","112"
"14846","205372","36","0.906593406593407","127805.java","default","63","112","59171.java","default","63","112"
"14846","192715","36","0.906593406593407","127805.java","default","63","112","24063.java","default","63","112"
"14846","46804","36","0.906593406593407","127805.java","default","63","112","54665.java","default","63","112"
"14846","91670","36","0.906593406593407","127805.java","default","63","112","88126.java","default","63","112"
"14846","158889","36","0.906593406593407","127805.java","default","63","112","120135.java","default","63","112"
"47558","205372","36","0.906593406593407","33328.java","default","63","112","59171.java","default","63","112"
"42892","205372","36","0.906593406593407","33357.java","default","63","112","59171.java","default","63","112"
"115582","192715","36","0.906593406593407","30382.java","default","63","112","24063.java","default","63","112"
"47558","192715","36","0.906593406593407","33328.java","default","63","112","24063.java","default","63","112"
"46804","47558","36","0.906593406593407","54665.java","default","63","112","33328.java","default","63","112"
"47558","91670","36","0.906593406593407","33328.java","default","63","112","88126.java","default","63","112"
"47558","158889","36","0.906593406593407","33328.java","default","63","112","120135.java","default","63","112"
"42892","192715","36","0.906593406593407","33357.java","default","63","112","24063.java","default","63","112"
"42892","46804","36","0.906593406593407","33357.java","default","63","112","54665.java","default","63","112"
"42892","91670","36","0.906593406593407","33357.java","default","63","112","88126.java","default","63","112"
"42892","158889","36","0.906593406593407","33357.java","default","63","112","120135.java","default","63","112"
"49607","120112","36","0.912912912912913","29267.java","default","8","189","40028.java","default","8","176"
"46804","115582","36","0.906593406593407","54665.java","default","63","112","30382.java","default","63","112"
"91670","115582","36","0.906593406593407","88126.java","default","63","112","30382.java","default","63","112"
"115582","158889","36","0.906593406593407","30382.java","default","63","112","120135.java","default","63","112"
"12588265","18170009","24","0.975","1657259.java","selected","141","178","1169109.java","selected","149","186"
"10947776","21509529","24","0.977777777777778","1128200.java","selected","86","125","415416.java","selected","81","120"
"8640120","14489368","24","0.909090909090909","2022414.java","selected","91","101","1370230.java","selected","78","88"
"2874892","8640120","24","0.909090909090909","2543450.java","selected","78","88","2022414.java","selected","91","101"
"8640120","14779144","24","0.909090909090909","2022414.java","selected","91","101","1006039.java","selected","165","175"
"6881493","21509529","24","0.977777777777778","315000.java","selected","141","180","415416.java","selected","81","120"
"8595492","20100873","24","0.95","224751.java","selected","263","282","2000379.java","selected","438","456"
"7726629","20100873","24","0.910344827586207","1374036.java","selected","91","110","2000379.java","selected","438","456"
"3031195","13587810","24","0.916666666666667","217085.java","selected","17","28","1757279.java","selected","17","28"
"3038286","21509529","24","0.977777777777778","2316385.java","selected","85","124","415416.java","selected","81","120"
"14926036","15187702","24","0.928571428571429","1238694.java","selected","35","50","2596805.java","selected","39","55"
"5194891","14479243","24","0.909090909090909","2651064.java","selected","18","28","2608069.java","selected","18","28"
"5194891","5940271","24","0.909090909090909","2651064.java","selected","18","28","2121134.java","selected","18","28"
"6317780","11267767","24","0.9","1325423.java","selected","134","143","2324182.java","selected","228","237"
"7726629","8595492","24","0.917241379310345","1374036.java","selected","91","110","224751.java","selected","263","282"
"14618576","21339664","24","0.939393939393939","291497.java","selected","229","261","2325274.java","selected","294","326"
"1906880","15177202","24","0.953488372093023","1320806.java","selected","187","227","2510642.java","selected","175","215"
"4725834","20984238","24","0.9","468727.java","selected","131","180","2287112.java","selected","89","138"
"10240262","10240263","24","0.923076923076923","700474.java","selected","14","26","700474.java","selected","28","40"
"10240263","10240265","24","0.923076923076923","700474.java","selected","28","40","700474.java","selected","56","68"
"10240263","10240264","24","0.923076923076923","700474.java","selected","28","40","700474.java","selected","42","54"
"1065137","19665793","24","0.924242424242424","2503498.java","selected","109","174","336994.java","selected","107","173"
"9192761","9192762","24","0.9375","1146689.java","selected","14","29","1146689.java","selected","31","46"
"6414571","7423625","24","0.916666666666667","2100486.java","selected","60","71","2114878.java","selected","59","70"
"13356869","14899566","30","0.966666666666667","388821.java","selected","87","113","2659180.java","selected","70","96"
"4337041","6887179","30","0.958333333333333","2321221.java","selected","93","116","917932.java","selected","81","104"
"9061343","9061344","30","0.931034482758621","1533137.java","selected","91","119","1533137.java","selected","126","154"
"9750490","22964678","30","0.90625","712839.java","selected","1069","1096","25266.java","selected","845","871"
"6991541","16962073","30","0.930693069306931","1901682.java","selected","89","185","1467992.java","selected","162","253"
"162674","6991541","30","0.930693069306931","109645.java","default","160","251","1901682.java","selected","89","185"
"383960","6991541","30","0.930693069306931","44688.java","default","160","251","1901682.java","selected","89","185"
"11322590","16540468","30","0.933333333333333","2639176.java","selected","121","134","1552187.java","selected","61","75"
"11322590","14275594","30","0.933333333333333","2639176.java","selected","121","134","2388088.java","selected","36","50"
"112054","236030","30","0.992196209587514","94873.java","default","391","568","46669.java","default","391","569"
"236030","12930950","30","0.932960893854749","46669.java","default","391","569","1264956.java","selected","378","544"
"581819","862524","30","0.993421052631579","11981.java","default","315","466","28121.java","default","315","466"
"3386501","16540468","30","0.933333333333333","792237.java","selected","190","203","1552187.java","selected","61","75"
"3386501","14275594","30","0.933333333333333","792237.java","selected","190","203","2388088.java","selected","36","50"
"8036424","18334399","30","0.904761904761905","1217942.java","selected","94","113","1684912.java","selected","92","110"
"1514108","19331620","30","0.909090909090909","828219.java","selected","530","572","2627995.java","selected","222","263"
"7188626","12451539","30","0.9375","1171219.java","selected","64","94","2583968.java","selected","63","92"
"9151012","13148973","30","0.903890160183066","206434.java","selected","35","78","1865222.java","selected","23","64"
"3974030","18721144","30","0.9125","1823069.java","selected","461","618","2673551.java","selected","423","577"
"2488455","23677160","14","0.916666666666667","2514455.java","selected","9","17","BinarySearch.java","sample","32","46"
"6870106","23677160","14","0.916666666666667","220170.java","selected","10","18","BinarySearch.java","sample","32","46"
"41540","654194","14","0.947368421052632","59964.java","default","3","21","133373.java","default","3","21"
"41540","389153","14","0.947368421052632","59964.java","default","3","21","117286.java","default","3","21"
"41540","45708","14","0.947368421052632","59964.java","default","3","21","87199.java","default","3","21"
"368445","654194","14","0.947368421052632","1501.java","default","3","21","133373.java","default","3","21"
"368445","389153","14","0.947368421052632","1501.java","default","3","21","117286.java","default","3","21"
"45708","368445","14","0.947368421052632","87199.java","default","3","21","1501.java","default","3","21"
"17321013","19293133","14","0.96","121224.java","selected","50","73","260202.java","selected","27","50"
"17321013","19966956","14","0.96","121224.java","selected","50","73","2437000.java","selected","23","46"
"6519458","18934461","14","0.9375","2594341.java","selected","42","54","763634.java","selected","42","54"
"11847415","20203799","14","0.933333333333333","821132.java","selected","149","160","2437097.java","selected","177","188"
"446496","654194","14","0.947368421052632","76504.java","default","3","21","133373.java","default","3","21"
"389153","446496","14","0.947368421052632","117286.java","default","3","21","76504.java","default","3","21"
"45708","446496","14","0.947368421052632","87199.java","default","3","21","76504.java","default","3","21"
"2577012","14163937","14","0.95","1733887.java","selected","54","72","596065.java","selected","53","71"
"22328284","22328285","14","0.972222222222222","2379213.java","selected","38","72","2379213.java","selected","79","113"
"12628208","12777197","14","0.923076923076923","2339181.java","selected","103","118","75077.java","selected","348","363"
"2577011","14163936","14","0.96875","1733887.java","selected","23","52","596065.java","selected","22","51"
"10193805","11273886","14","0.904761904761905","2289390.java","selected","110","128","739437.java","selected","594","611"
"10193807","11273886","14","0.904761904761905","2289390.java","selected","163","181","739437.java","selected","594","611"
"18799599","18799600","14","0.904761904761905","574876.java","selected","220","238","574876.java","selected","240","258"
"17857163","18690714","14","0.933333333333333","1321579.java","selected","56","66","541276.java","selected","73","83"
"15180724","15180725","14","0.9","2155661.java","selected","1134","1140","2155661.java","selected","1142","1148"
"10193805","19849732","14","0.904761904761905","2289390.java","selected","110","128","858955.java","selected","211","229"
"23107697","23107698","14","0.916666666666667","2575852.java","selected","82","104","2575852.java","selected","106","128"
"14867797","16335027","14","0.941176470588235","2298256.java","selected","107","123","537788.java","selected","126","142"
"9756188","9756189","14","0.954545454545455","2379698.java","selected","65","85","2379698.java","selected","87","107"
"10193807","19849732","14","0.904761904761905","2289390.java","selected","163","181","858955.java","selected","211","229"
"13218990","22953885","14","0.95","1200494.java","selected","117","135","2538461.java","selected","52","70"
"18690714","18690715","14","0.933333333333333","541276.java","selected","73","83","541276.java","selected","85","95"
"17857162","18690714","14","0.933333333333333","1321579.java","selected","44","54","541276.java","selected","73","83"
"9482317","9482318","30","0.92156862745098","1065583.java","selected","645","694","1065583.java","selected","715","763"
"5326918","12479725","21","0.923611111111111","1246248.java","selected","27","41","2383306.java","selected","27","40"
"1820410","10337387","30","0.909090909090909","1352770.java","selected","91","108","1172615.java","selected","134","150"
"14218340","19792675","30","0.909090909090909","678071.java","selected","28","38","2218023.java","selected","46","56"
"4341739","6426112","30","0.976190476190476","2305943.java","selected","40","81","1233152.java","selected","37","78"
"3974032","18721146","30","0.935483870967742","1823069.java","selected","672","702","2673551.java","selected","631","661"
"8600663","10169914","30","0.947368421052632","2099265.java","selected","22","39","1005846.java","selected","331","348"
"13806215","22701184","30","0.9","1624041.java","selected","62","79","186581.java","selected","11","29"
"80830","844238","30","0.981981981981982","48824.java","default","117","222","77349.java","default","117","223"
"616054","844238","30","0.990990990990991","85594.java","default","117","222","77349.java","default","117","223"
"17756308","17971488","30","0.944444444444444","215734.java","selected","58","75","1840723.java","selected","45","61"
"19705487","21036139","30","0.96969696969697","1948930.java","selected","41","71","2119863.java","selected","46","76"
"144362","144365","28","0.947368421052632","10034.java","default","464","481","10034.java","default","531","548"
"163269","322916","28","0.914285714285714","103928.java","default","39","72","63943.java","default","33","64"
"163269","268305","28","0.914285714285714","103928.java","default","39","72","49565.java","default","33","64"
"21418","144362","28","0.947368421052632","108650.java","default","548","565","10034.java","default","464","481"
"32324","32325","28","0.9","57146.java","default","8","17","57146.java","default","19","28"
"163269","264361","28","0.909348441926346","103928.java","default","39","72","59546.java","default","39","71"
"163269","404562","28","0.914285714285714","103928.java","default","39","72","43313.java","default","33","64"
"95203","163269","28","0.914285714285714","122216.java","default","33","64","103928.java","default","39","72"
"70168","266271","28","0.954545454545455","124506.java","default","17","37","50714.java","default","17","37"
"379172","414562","28","0.945155393053016","17172.java","default","139","195","15165.java","default","129","187"
"266271","309806","28","0.954545454545455","50714.java","default","17","37","45607.java","default","17","37"
"244113","399345","28","0.914285714285714","88277.java","default","19","52","7809.java","default","19","52"
"128409","244113","28","0.914285714285714","65834.java","default","19","52","88277.java","default","19","52"
"244113","331054","28","0.914285714285714","88277.java","default","19","52","9879.java","default","19","52"
"216897","244113","28","0.914285714285714","77062.java","default","19","52","88277.java","default","19","52"
"121740","309806","28","0.954545454545455","73380.java","default","17","37","45607.java","default","17","37"
"42772","309806","28","0.954545454545455","116954.java","default","17","37","45607.java","default","17","37"
"309806","337404","28","0.954545454545455","45607.java","default","17","37","23614.java","default","17","37"
"123353","309806","28","0.954545454545455","93599.java","default","17","37","45607.java","default","17","37"
"70168","121740","28","0.954545454545455","124506.java","default","17","37","73380.java","default","17","37"
"119969","399345","28","0.914285714285714","31750.java","default","19","52","7809.java","default","19","52"
"42772","70168","28","0.954545454545455","116954.java","default","17","37","124506.java","default","17","37"
"271872","399345","28","0.914285714285714","127059.java","default","19","52","7809.java","default","19","52"
"264361","341478","28","0.909348441926346","59546.java","default","39","71","46085.java","default","39","72"
"196833","264361","28","0.909348441926346","120357.java","default","39","72","59546.java","default","39","71"
"258653","264361","28","0.909348441926346","97818.java","default","39","72","59546.java","default","39","71"
"218044","264361","28","0.909348441926346","66155.java","default","39","72","59546.java","default","39","71"
"264361","322775","28","0.909348441926346","59546.java","default","39","71","44792.java","default","39","72"
"264361","362609","28","0.909348441926346","59546.java","default","39","71","20646.java","default","39","72"
"70168","337404","28","0.954545454545455","124506.java","default","17","37","23614.java","default","17","37"
"322916","341478","28","0.914285714285714","63943.java","default","33","64","46085.java","default","39","72"
"268305","341478","28","0.914285714285714","49565.java","default","33","64","46085.java","default","39","72"
"341478","404562","28","0.914285714285714","46085.java","default","39","72","43313.java","default","33","64"
"95203","341478","28","0.914285714285714","122216.java","default","33","64","46085.java","default","39","72"
"196833","322916","28","0.914285714285714","120357.java","default","39","72","63943.java","default","33","64"
"196833","268305","28","0.914285714285714","120357.java","default","39","72","49565.java","default","33","64"
"196833","404562","28","0.914285714285714","120357.java","default","39","72","43313.java","default","33","64"
"95203","196833","28","0.914285714285714","122216.java","default","33","64","120357.java","default","39","72"
"258653","404562","28","0.914285714285714","97818.java","default","39","72","43313.java","default","33","64"
"95203","258653","28","0.914285714285714","122216.java","default","33","64","97818.java","default","39","72"
"258653","322916","28","0.914285714285714","97818.java","default","39","72","63943.java","default","33","64"
"258653","268305","28","0.914285714285714","97818.java","default","39","72","49565.java","default","33","64"
"70168","123353","28","0.954545454545455","124506.java","default","17","37","93599.java","default","17","37"
"218044","404562","28","0.914285714285714","66155.java","default","39","72","43313.java","default","33","64"
"95203","218044","28","0.914285714285714","122216.java","default","33","64","66155.java","default","39","72"
"218044","322916","28","0.914285714285714","66155.java","default","39","72","63943.java","default","33","64"
"218044","268305","28","0.914285714285714","66155.java","default","39","72","49565.java","default","33","64"
"128409","271872","28","0.914285714285714","65834.java","default","19","52","127059.java","default","19","52"
"271872","331054","28","0.914285714285714","127059.java","default","19","52","9879.java","default","19","52"
"216897","271872","28","0.914285714285714","77062.java","default","19","52","127059.java","default","19","52"
"119969","128409","28","0.914285714285714","31750.java","default","19","52","65834.java","default","19","52"
"21415","21418","28","0.947368421052632","108650.java","default","481","498","108650.java","default","548","565"
"362609","404562","28","0.914285714285714","20646.java","default","39","72","43313.java","default","33","64"
"322775","404562","28","0.914285714285714","44792.java","default","39","72","43313.java","default","33","64"
"95203","322775","28","0.914285714285714","122216.java","default","33","64","44792.java","default","39","72"
"322775","322916","28","0.914285714285714","44792.java","default","39","72","63943.java","default","33","64"
"268305","322775","28","0.914285714285714","49565.java","default","33","64","44792.java","default","39","72"
"21415","144365","28","0.947368421052632","108650.java","default","481","498","10034.java","default","531","548"
"95203","362609","28","0.914285714285714","122216.java","default","33","64","20646.java","default","39","72"
"119969","331054","28","0.914285714285714","31750.java","default","19","52","9879.java","default","19","52"
"119969","216897","28","0.914285714285714","31750.java","default","19","52","77062.java","default","19","52"
"322916","362609","28","0.914285714285714","63943.java","default","33","64","20646.java","default","39","72"
"268305","362609","28","0.914285714285714","49565.java","default","33","64","20646.java","default","39","72"
"15529394","15529395","30","0.973684210526316","516807.java","selected","46","82","516807.java","selected","84","120"
"415563","422987","27","0.947368421052632","32395.java","default","11","28","60847.java","default","11","28"
"279123","422987","27","0.947368421052632","110306.java","default","11","28","60847.java","default","11","28"
"83240","422987","27","0.947368421052632","85386.java","default","11","28","60847.java","default","11","28"
"86778","507000","27","0.984375","111731.java","default","14","77","125374.java","default","14","76"
"507000","521041","27","0.984375","125374.java","default","14","76","108053.java","default","14","77"
"326623","481408","27","0.952380952380952","107040.java","default","5","25","26702.java","default","5","25"
"135199","326623","27","0.927083333333333","84760.java","default","5","25","107040.java","default","5","25"
"37335","326623","27","0.927083333333333","43084.java","default","5","25","107040.java","default","5","25"
"326623","446098","27","0.952380952380952","107040.java","default","5","25","72034.java","default","5","25"
"230700","326623","27","0.952380952380952","117914.java","default","5","25","107040.java","default","5","25"
"126310","326623","27","0.927083333333333","132361.java","default","5","25","107040.java","default","5","25"
"326623","331718","27","0.952380952380952","107040.java","default","5","25","34371.java","default","5","25"
"326623","514648","27","0.952380952380952","107040.java","default","5","25","95365.java","default","5","25"
"112889","326623","27","0.927083333333333","62467.java","default","5","25","107040.java","default","5","25"
"193628","326623","27","0.927083333333333","121123.java","default","5","25","107040.java","default","5","25"
"259742","326623","27","0.927083333333333","2187.java","default","5","25","107040.java","default","5","25"
"58622","326623","27","0.952380952380952","96281.java","default","5","25","107040.java","default","5","25"
"36317","326623","27","0.952380952380952","85528.java","default","5","25","107040.java","default","5","25"
"423437","507000","27","0.984375","129750.java","default","14","77","125374.java","default","14","76"
"399007","507000","27","0.984375","73785.java","default","14","77","125374.java","default","14","76"
"54677","521041","27","0.984375","91094.java","default","14","76","108053.java","default","14","77"
"54677","399007","27","0.984375","91094.java","default","14","76","73785.java","default","14","77"
"54677","86778","27","0.984375","91094.java","default","14","76","111731.java","default","14","77"
"54677","423437","27","0.984375","91094.java","default","14","76","129750.java","default","14","77"
"492976","521041","27","0.984375","15742.java","default","14","76","108053.java","default","14","77"
"309674","352847","27","0.982905982905983","83219.java","default","40","147","91843.java","default","40","147"
"86778","492976","27","0.984375","111731.java","default","14","77","15742.java","default","14","76"
"399007","492976","27","0.984375","73785.java","default","14","77","15742.java","default","14","76"
"201459","521041","27","0.984375","46065.java","default","14","76","108053.java","default","14","77"
"145878","521041","27","0.984375","9202.java","default","14","76","108053.java","default","14","77"
"423437","492976","27","0.984375","129750.java","default","14","77","15742.java","default","14","76"
"116295","521041","27","0.984375","107770.java","default","14","76","108053.java","default","14","77"
"365032","521041","27","0.984375","40072.java","default","14","76","108053.java","default","14","77"
"241807","521041","27","0.984375","133106.java","default","14","76","108053.java","default","14","77"
"151814","521041","27","0.984375","112116.java","default","14","76","108053.java","default","14","77"
"96238","521041","27","0.984375","66341.java","default","14","76","108053.java","default","14","77"
"216779","521041","27","0.984375","83870.java","default","14","76","108053.java","default","14","77"
"470849","521041","27","0.984375","119984.java","default","14","76","108053.java","default","14","77"
"446510","521041","27","0.984375","121071.java","default","14","76","108053.java","default","14","77"
"79354","521041","27","0.984375","21631.java","default","14","76","108053.java","default","14","77"
"492571","521041","27","0.984375","55732.java","default","14","76","108053.java","default","14","77"
"384407","521041","27","0.984375","14017.java","default","14","76","108053.java","default","14","77"
"23669","521041","27","0.984375","2114.java","default","14","76","108053.java","default","14","77"
"103831","521041","27","0.984375","8809.java","default","14","76","108053.java","default","14","77"
"299793","521041","27","0.984375","84146.java","default","14","76","108053.java","default","14","77"
"92570","521041","27","0.984375","13075.java","default","14","76","108053.java","default","14","77"
"496405","521041","27","0.984375","115853.java","default","14","76","108053.java","default","14","77"
"241801","521041","27","0.984375","79253.java","default","14","76","108053.java","default","14","77"
"43720","521041","27","0.984375","84131.java","default","14","76","108053.java","default","14","77"
"94364","521041","27","0.984375","71902.java","default","14","76","108053.java","default","14","77"
"53056","521041","27","0.984375","77314.java","default","14","76","108053.java","default","14","77"
"242062","521041","27","0.984375","1922.java","default","14","76","108053.java","default","14","77"
"490648","521041","27","0.984375","48696.java","default","14","76","108053.java","default","14","77"
"502010","521041","27","0.984375","106287.java","default","14","76","108053.java","default","14","77"
"243530","521041","27","0.984375","69928.java","default","14","76","108053.java","default","14","77"
"521041","526349","27","0.984375","108053.java","default","14","77","93340.java","default","14","76"
"417534","521041","27","0.984375","17735.java","default","14","76","108053.java","default","14","77"
"314443","521041","27","0.984375","119359.java","default","14","76","108053.java","default","14","77"
"223972","279123","27","0.947368421052632","34195.java","default","11","28","110306.java","default","11","28"
"223972","415563","27","0.947368421052632","34195.java","default","11","28","32395.java","default","11","28"
"232916","521041","27","0.984375","36160.java","default","14","76","108053.java","default","14","77"
"381220","521041","27","0.984375","89354.java","default","14","76","108053.java","default","14","77"
"307607","521041","27","0.984375","25271.java","default","14","76","108053.java","default","14","77"
"83240","223972","27","0.947368421052632","85386.java","default","11","28","34195.java","default","11","28"
"83240","480187","27","0.947368421052632","85386.java","default","11","28","41960.java","default","11","28"
"279123","480187","27","0.947368421052632","110306.java","default","11","28","41960.java","default","11","28"
"415563","480187","27","0.947368421052632","32395.java","default","11","28","41960.java","default","11","28"
"94771","279123","27","0.947368421052632","28323.java","default","11","28","110306.java","default","11","28"
"279123","414753","27","0.947368421052632","110306.java","default","11","28","59785.java","default","11","28"
"279123","509930","27","0.947368421052632","110306.java","default","11","28","18303.java","default","11","28"
"228648","279123","27","0.947368421052632","109405.java","default","11","28","110306.java","default","11","28"
"154976","279123","27","0.947368421052632","132663.java","default","11","28","110306.java","default","11","28"
"279123","305093","27","0.947368421052632","110306.java","default","11","28","6932.java","default","11","28"
"171177","279123","27","0.947368421052632","119019.java","default","11","28","110306.java","default","11","28"
"114901","279123","27","0.947368421052632","9208.java","default","11","28","110306.java","default","11","28"
"63811","279123","27","0.947368421052632","110591.java","default","11","28","110306.java","default","11","28"
"89955","279123","27","0.947368421052632","29321.java","default","11","28","110306.java","default","11","28"
"46272","279123","27","0.947368421052632","40427.java","default","11","28","110306.java","default","11","28"
"153021","279123","27","0.947368421052632","116443.java","default","11","28","110306.java","default","11","28"
"279123","347560","27","0.947368421052632","110306.java","default","11","28","31814.java","default","11","28"
"84478","279123","27","0.947368421052632","51567.java","default","11","28","110306.java","default","11","28"
"37168","279123","27","0.947368421052632","104115.java","default","11","28","110306.java","default","11","28"
"262940","279123","27","0.947368421052632","131295.java","default","11","28","110306.java","default","11","28"
"232673","279123","27","0.947368421052632","69172.java","default","11","28","110306.java","default","11","28"
"119556","279123","27","0.947368421052632","65098.java","default","11","28","110306.java","default","11","28"
"279123","395629","27","0.947368421052632","110306.java","default","11","28","45883.java","default","11","28"
"87704","279123","27","0.947368421052632","1120.java","default","11","28","110306.java","default","11","28"
"279123","405771","27","0.947368421052632","110306.java","default","11","28","80855.java","default","11","28"
"279123","498365","27","0.947368421052632","110306.java","default","11","28","122628.java","default","11","28"
"279123","397193","27","0.947368421052632","110306.java","default","11","28","129561.java","default","11","28"
"100043","279123","27","0.947368421052632","62816.java","default","11","28","110306.java","default","11","28"
"279123","434724","27","0.947368421052632","110306.java","default","11","28","79399.java","default","11","28"
"104601","279123","27","0.947368421052632","53810.java","default","11","28","110306.java","default","11","28"
"254932","279123","27","0.947368421052632","121060.java","default","11","28","110306.java","default","11","28"
"279123","482653","27","0.947368421052632","110306.java","default","11","28","107922.java","default","11","28"
"279123","379677","27","0.947368421052632","110306.java","default","11","28","1618.java","default","11","28"
"279123","478817","27","0.947368421052632","110306.java","default","11","28","90440.java","default","11","28"
"52265","279123","27","0.947368421052632","121672.java","default","11","28","110306.java","default","11","28"
"36494","279123","27","0.947368421052632","120383.java","default","11","28","110306.java","default","11","28"
"279123","367518","27","0.947368421052632","110306.java","default","11","28","10966.java","default","11","28"
"83240","89955","27","0.947368421052632","85386.java","default","11","28","29321.java","default","11","28"
"89955","415563","27","0.947368421052632","29321.java","default","11","28","32395.java","default","11","28"
"86778","492571","27","0.984375","111731.java","default","14","77","55732.java","default","14","76"
"399007","492571","27","0.984375","73785.java","default","14","77","55732.java","default","14","76"
"423437","492571","27","0.984375","129750.java","default","14","77","55732.java","default","14","76"
"228648","415563","27","0.947368421052632","109405.java","default","11","28","32395.java","default","11","28"
"154976","415563","27","0.947368421052632","132663.java","default","11","28","32395.java","default","11","28"
"305093","415563","27","0.947368421052632","6932.java","default","11","28","32395.java","default","11","28"
"94771","415563","27","0.947368421052632","28323.java","default","11","28","32395.java","default","11","28"
"414753","415563","27","0.947368421052632","59785.java","default","11","28","32395.java","default","11","28"
"415563","509930","27","0.947368421052632","32395.java","default","11","28","18303.java","default","11","28"
"171177","415563","27","0.947368421052632","119019.java","default","11","28","32395.java","default","11","28"
"114901","415563","27","0.947368421052632","9208.java","default","11","28","32395.java","default","11","28"
"63811","415563","27","0.947368421052632","110591.java","default","11","28","32395.java","default","11","28"
"46272","415563","27","0.947368421052632","40427.java","default","11","28","32395.java","default","11","28"
"86778","384407","27","0.984375","111731.java","default","14","77","14017.java","default","14","76"
"153021","415563","27","0.947368421052632","116443.java","default","11","28","32395.java","default","11","28"
"347560","415563","27","0.947368421052632","31814.java","default","11","28","32395.java","default","11","28"
"84478","415563","27","0.947368421052632","51567.java","default","11","28","32395.java","default","11","28"
"37168","415563","27","0.947368421052632","104115.java","default","11","28","32395.java","default","11","28"
"262940","415563","27","0.947368421052632","131295.java","default","11","28","32395.java","default","11","28"
"232673","415563","27","0.947368421052632","69172.java","default","11","28","32395.java","default","11","28"
"119556","415563","27","0.947368421052632","65098.java","default","11","28","32395.java","default","11","28"
"395629","415563","27","0.947368421052632","45883.java","default","11","28","32395.java","default","11","28"
"87704","415563","27","0.947368421052632","1120.java","default","11","28","32395.java","default","11","28"
"405771","415563","27","0.947368421052632","80855.java","default","11","28","32395.java","default","11","28"
"415563","498365","27","0.947368421052632","32395.java","default","11","28","122628.java","default","11","28"
"397193","415563","27","0.947368421052632","129561.java","default","11","28","32395.java","default","11","28"
"100043","415563","27","0.947368421052632","62816.java","default","11","28","32395.java","default","11","28"
"415563","434724","27","0.947368421052632","32395.java","default","11","28","79399.java","default","11","28"
"104601","415563","27","0.947368421052632","53810.java","default","11","28","32395.java","default","11","28"
"254932","415563","27","0.947368421052632","121060.java","default","11","28","32395.java","default","11","28"
"415563","482653","27","0.947368421052632","32395.java","default","11","28","107922.java","default","11","28"
"379677","415563","27","0.947368421052632","1618.java","default","11","28","32395.java","default","11","28"
"415563","478817","27","0.947368421052632","32395.java","default","11","28","90440.java","default","11","28"
"52265","415563","27","0.947368421052632","121672.java","default","11","28","32395.java","default","11","28"
"36494","415563","27","0.947368421052632","120383.java","default","11","28","32395.java","default","11","28"
"367518","415563","27","0.947368421052632","10966.java","default","11","28","32395.java","default","11","28"
"384407","399007","27","0.984375","14017.java","default","14","76","73785.java","default","14","77"
"384407","423437","27","0.984375","14017.java","default","14","76","129750.java","default","14","77"
"23669","399007","27","0.984375","2114.java","default","14","76","73785.java","default","14","77"
"23669","86778","27","0.984375","2114.java","default","14","76","111731.java","default","14","77"
"23669","423437","27","0.984375","2114.java","default","14","76","129750.java","default","14","77"
"103831","399007","27","0.984375","8809.java","default","14","76","73785.java","default","14","77"
"86778","103831","27","0.984375","111731.java","default","14","77","8809.java","default","14","76"
"103831","423437","27","0.984375","8809.java","default","14","76","129750.java","default","14","77"
"86778","299793","27","0.984375","111731.java","default","14","77","84146.java","default","14","76"
"299793","399007","27","0.984375","84146.java","default","14","76","73785.java","default","14","77"
"299793","423437","27","0.984375","84146.java","default","14","76","129750.java","default","14","77"
"86778","92570","27","0.984375","111731.java","default","14","77","13075.java","default","14","76"
"92570","423437","27","0.984375","13075.java","default","14","76","129750.java","default","14","77"
"92570","399007","27","0.984375","13075.java","default","14","76","73785.java","default","14","77"
"92759","402461","27","0.925925925925926","125427.java","default","76","99","10713.java","default","19","42"
"83240","228648","27","0.947368421052632","85386.java","default","11","28","109405.java","default","11","28"
"83240","154976","27","0.947368421052632","85386.java","default","11","28","132663.java","default","11","28"
"83240","305093","27","0.947368421052632","85386.java","default","11","28","6932.java","default","11","28"
"86778","496405","27","0.984375","111731.java","default","14","77","115853.java","default","14","76"
"423437","496405","27","0.984375","129750.java","default","14","77","115853.java","default","14","76"
"126310","481408","27","0.952380952380952","132361.java","default","5","25","26702.java","default","5","25"
"112889","481408","27","0.952380952380952","62467.java","default","5","25","26702.java","default","5","25"
"193628","481408","27","0.952380952380952","121123.java","default","5","25","26702.java","default","5","25"
"259742","481408","27","0.952380952380952","2187.java","default","5","25","26702.java","default","5","25"
"399007","496405","27","0.984375","73785.java","default","14","77","115853.java","default","14","76"
"135199","481408","27","0.952380952380952","84760.java","default","5","25","26702.java","default","5","25"
"37335","481408","27","0.952380952380952","43084.java","default","5","25","26702.java","default","5","25"
"83240","171177","27","0.947368421052632","85386.java","default","11","28","119019.java","default","11","28"
"135199","446098","27","0.952380952380952","84760.java","default","5","25","72034.java","default","5","25"
"135199","331718","27","0.952380952380952","84760.java","default","5","25","34371.java","default","5","25"
"135199","230700","27","0.952380952380952","84760.java","default","5","25","117914.java","default","5","25"
"135199","514648","27","0.952380952380952","84760.java","default","5","25","95365.java","default","5","25"
"58622","135199","27","0.952380952380952","96281.java","default","5","25","84760.java","default","5","25"
"36317","135199","27","0.952380952380952","85528.java","default","5","25","84760.java","default","5","25"
"37335","446098","27","0.952380952380952","43084.java","default","5","25","72034.java","default","5","25"
"37335","58622","27","0.952380952380952","43084.java","default","5","25","96281.java","default","5","25"
"36317","37335","27","0.952380952380952","85528.java","default","5","25","43084.java","default","5","25"
"37335","230700","27","0.952380952380952","43084.java","default","5","25","117914.java","default","5","25"
"37335","331718","27","0.952380952380952","43084.java","default","5","25","34371.java","default","5","25"
"37335","514648","27","0.952380952380952","43084.java","default","5","25","95365.java","default","5","25"
"86778","241801","27","0.984375","111731.java","default","14","77","79253.java","default","14","76"
"241801","423437","27","0.984375","79253.java","default","14","76","129750.java","default","14","77"
"241801","399007","27","0.984375","79253.java","default","14","76","73785.java","default","14","77"
"83240","114901","27","0.947368421052632","85386.java","default","11","28","9208.java","default","11","28"
"63811","83240","27","0.947368421052632","110591.java","default","11","28","85386.java","default","11","28"
"43720","86778","27","0.984375","84131.java","default","14","76","111731.java","default","14","77"
"43720","423437","27","0.984375","84131.java","default","14","76","129750.java","default","14","77"
"43720","399007","27","0.984375","84131.java","default","14","76","73785.java","default","14","77"
"94364","399007","27","0.984375","71902.java","default","14","76","73785.java","default","14","77"
"86778","94364","27","0.984375","111731.java","default","14","77","71902.java","default","14","76"
"94364","423437","27","0.984375","71902.java","default","14","76","129750.java","default","14","77"
"53056","423437","27","0.984375","77314.java","default","14","76","129750.java","default","14","77"
"53056","86778","27","0.984375","77314.java","default","14","76","111731.java","default","14","77"
"53056","399007","27","0.984375","77314.java","default","14","76","73785.java","default","14","77"
"46272","83240","27","0.947368421052632","40427.java","default","11","28","85386.java","default","11","28"
"86778","242062","27","0.984375","111731.java","default","14","77","1922.java","default","14","76"
"83240","94771","27","0.947368421052632","85386.java","default","11","28","28323.java","default","11","28"
"83240","414753","27","0.947368421052632","85386.java","default","11","28","59785.java","default","11","28"
"330892","430524","27","0.904761904761905","56483.java","default","35","53","115120.java","default","62","82"
"301749","305258","27","0.970845481049563","56235.java","default","218","264","108036.java","default","219","265"
"83240","509930","27","0.947368421052632","85386.java","default","11","28","18303.java","default","11","28"
"83240","153021","27","0.947368421052632","85386.java","default","11","28","116443.java","default","11","28"
"83240","347560","27","0.947368421052632","85386.java","default","11","28","31814.java","default","11","28"
"83240","84478","27","0.947368421052632","85386.java","default","11","28","51567.java","default","11","28"
"37168","83240","27","0.947368421052632","104115.java","default","11","28","85386.java","default","11","28"
"83240","262940","27","0.947368421052632","85386.java","default","11","28","131295.java","default","11","28"
"83240","232673","27","0.947368421052632","85386.java","default","11","28","69172.java","default","11","28"
"83240","119556","27","0.947368421052632","85386.java","default","11","28","65098.java","default","11","28"
"83240","395629","27","0.947368421052632","85386.java","default","11","28","45883.java","default","11","28"
"83240","87704","27","0.947368421052632","85386.java","default","11","28","1120.java","default","11","28"
"83240","405771","27","0.947368421052632","85386.java","default","11","28","80855.java","default","11","28"
"83240","498365","27","0.947368421052632","85386.java","default","11","28","122628.java","default","11","28"
"83240","397193","27","0.947368421052632","85386.java","default","11","28","129561.java","default","11","28"
"83240","100043","27","0.947368421052632","85386.java","default","11","28","62816.java","default","11","28"
"83240","434724","27","0.947368421052632","85386.java","default","11","28","79399.java","default","11","28"
"83240","104601","27","0.947368421052632","85386.java","default","11","28","53810.java","default","11","28"
"83240","254932","27","0.947368421052632","85386.java","default","11","28","121060.java","default","11","28"
"83240","482653","27","0.947368421052632","85386.java","default","11","28","107922.java","default","11","28"
"83240","379677","27","0.947368421052632","85386.java","default","11","28","1618.java","default","11","28"
"83240","478817","27","0.947368421052632","85386.java","default","11","28","90440.java","default","11","28"
"52265","83240","27","0.947368421052632","121672.java","default","11","28","85386.java","default","11","28"
"36494","83240","27","0.947368421052632","120383.java","default","11","28","85386.java","default","11","28"
"83240","367518","27","0.947368421052632","85386.java","default","11","28","10966.java","default","11","28"
"242062","423437","27","0.984375","1922.java","default","14","76","129750.java","default","14","77"
"242062","399007","27","0.984375","1922.java","default","14","76","73785.java","default","14","77"
"126310","446098","27","0.952380952380952","132361.java","default","5","25","72034.java","default","5","25"
"112889","446098","27","0.952380952380952","62467.java","default","5","25","72034.java","default","5","25"
"193628","446098","27","0.952380952380952","121123.java","default","5","25","72034.java","default","5","25"
"259742","446098","27","0.952380952380952","2187.java","default","5","25","72034.java","default","5","25"
"92759","138582","27","0.925925925925926","125427.java","default","76","99","59819.java","default","19","42"
"301749","302693","27","0.970845481049563","56235.java","default","218","264","21890.java","default","218","264"
"86778","490648","27","0.984375","111731.java","default","14","77","48696.java","default","14","76"
"423437","490648","27","0.984375","129750.java","default","14","77","48696.java","default","14","76"
"399007","490648","27","0.984375","73785.java","default","14","77","48696.java","default","14","76"
"192042","430526","27","0.9","117300.java","default","32","51","115120.java","default","105","124"
"5260867","20080077","30","0.964285714285714","1156117.java","selected","61","87","1603133.java","selected","65","91"
"86778","502010","27","0.984375","111731.java","default","14","77","106287.java","default","14","76"
"399007","502010","27","0.984375","73785.java","default","14","77","106287.java","default","14","76"
"423437","502010","27","0.984375","129750.java","default","14","77","106287.java","default","14","76"
"243530","423437","27","0.984375","69928.java","default","14","76","129750.java","default","14","77"
"86778","243530","27","0.984375","111731.java","default","14","77","69928.java","default","14","76"
"243530","399007","27","0.984375","69928.java","default","14","76","73785.java","default","14","77"
"423437","526349","27","0.984375","129750.java","default","14","77","93340.java","default","14","76"
"86778","526349","27","0.984375","111731.java","default","14","77","93340.java","default","14","76"
"399007","526349","27","0.984375","73785.java","default","14","77","93340.java","default","14","76"
"112889","230700","27","0.952380952380952","62467.java","default","5","25","117914.java","default","5","25"
"193628","230700","27","0.952380952380952","121123.java","default","5","25","117914.java","default","5","25"
"230700","259742","27","0.952380952380952","117914.java","default","5","25","2187.java","default","5","25"
"430526","443406","27","0.9","115120.java","default","105","124","6814.java","default","32","51"
"126310","230700","27","0.952380952380952","132361.java","default","5","25","117914.java","default","5","25"
"417534","423437","27","0.984375","17735.java","default","14","76","129750.java","default","14","77"
"86778","417534","27","0.984375","111731.java","default","14","77","17735.java","default","14","76"
"399007","417534","27","0.984375","73785.java","default","14","77","17735.java","default","14","76"
"201459","423437","27","0.984375","46065.java","default","14","76","129750.java","default","14","77"
"145878","423437","27","0.984375","9202.java","default","14","76","129750.java","default","14","77"
"365032","423437","27","0.984375","40072.java","default","14","76","129750.java","default","14","77"
"241807","423437","27","0.984375","133106.java","default","14","76","129750.java","default","14","77"
"151814","423437","27","0.984375","112116.java","default","14","76","129750.java","default","14","77"
"96238","423437","27","0.984375","66341.java","default","14","76","129750.java","default","14","77"
"216779","423437","27","0.984375","83870.java","default","14","76","129750.java","default","14","77"
"423437","470849","27","0.984375","129750.java","default","14","77","119984.java","default","14","76"
"423437","446510","27","0.984375","129750.java","default","14","77","121071.java","default","14","76"
"79354","423437","27","0.984375","21631.java","default","14","76","129750.java","default","14","77"
"116295","423437","27","0.984375","107770.java","default","14","76","129750.java","default","14","77"
"314443","423437","27","0.984375","119359.java","default","14","76","129750.java","default","14","77"
"232916","423437","27","0.984375","36160.java","default","14","76","129750.java","default","14","77"
"381220","423437","27","0.984375","89354.java","default","14","76","129750.java","default","14","77"
"307607","423437","27","0.984375","25271.java","default","14","76","129750.java","default","14","77"
"58622","126310","27","0.952380952380952","96281.java","default","5","25","132361.java","default","5","25"
"126310","331718","27","0.952380952380952","132361.java","default","5","25","34371.java","default","5","25"
"126310","514648","27","0.952380952380952","132361.java","default","5","25","95365.java","default","5","25"
"36317","126310","27","0.952380952380952","85528.java","default","5","25","132361.java","default","5","25"
"86778","116295","27","0.984375","111731.java","default","14","77","107770.java","default","14","76"
"116295","399007","27","0.984375","107770.java","default","14","76","73785.java","default","14","77"
"112889","331718","27","0.952380952380952","62467.java","default","5","25","34371.java","default","5","25"
"193628","331718","27","0.952380952380952","121123.java","default","5","25","34371.java","default","5","25"
"18023","92759","27","0.962962962962963","101780.java","default","19","42","125427.java","default","76","99"
"92759","232482","27","0.925925925925926","125427.java","default","76","99","127534.java","default","19","42"
"92759","94113","27","0.925925925925926","125427.java","default","76","99","3373.java","default","19","42"
"259742","331718","27","0.952380952380952","2187.java","default","5","25","34371.java","default","5","25"
"86778","314443","27","0.984375","111731.java","default","14","77","119359.java","default","14","76"
"314443","399007","27","0.984375","119359.java","default","14","76","73785.java","default","14","77"
"86778","201459","27","0.984375","111731.java","default","14","77","46065.java","default","14","76"
"86778","145878","27","0.984375","111731.java","default","14","77","9202.java","default","14","76"
"86778","365032","27","0.984375","111731.java","default","14","77","40072.java","default","14","76"
"86778","241807","27","0.984375","111731.java","default","14","77","133106.java","default","14","76"
"86778","151814","27","0.984375","111731.java","default","14","77","112116.java","default","14","76"
"86778","96238","27","0.984375","111731.java","default","14","77","66341.java","default","14","76"
"86778","216779","27","0.984375","111731.java","default","14","77","83870.java","default","14","76"
"86778","470849","27","0.984375","111731.java","default","14","77","119984.java","default","14","76"
"86778","446510","27","0.984375","111731.java","default","14","77","121071.java","default","14","76"
"79354","86778","27","0.984375","21631.java","default","14","76","111731.java","default","14","77"
"86778","232916","27","0.984375","111731.java","default","14","77","36160.java","default","14","76"
"86778","381220","27","0.984375","111731.java","default","14","77","89354.java","default","14","76"
"86778","307607","27","0.984375","111731.java","default","14","77","25271.java","default","14","76"
"365032","399007","27","0.984375","40072.java","default","14","76","73785.java","default","14","77"
"241807","399007","27","0.984375","133106.java","default","14","76","73785.java","default","14","77"
"96238","399007","27","0.984375","66341.java","default","14","76","73785.java","default","14","77"
"151814","399007","27","0.984375","112116.java","default","14","76","73785.java","default","14","77"
"112889","514648","27","0.952380952380952","62467.java","default","5","25","95365.java","default","5","25"
"193628","514648","27","0.952380952380952","121123.java","default","5","25","95365.java","default","5","25"
"259742","514648","27","0.952380952380952","2187.java","default","5","25","95365.java","default","5","25"
"216779","399007","27","0.984375","83870.java","default","14","76","73785.java","default","14","77"
"399007","470849","27","0.984375","73785.java","default","14","77","119984.java","default","14","76"
"399007","446510","27","0.984375","73785.java","default","14","77","121071.java","default","14","76"
"79354","399007","27","0.984375","21631.java","default","14","76","73785.java","default","14","77"
"232916","399007","27","0.984375","36160.java","default","14","76","73785.java","default","14","77"
"58622","112889","27","0.952380952380952","96281.java","default","5","25","62467.java","default","5","25"
"36317","112889","27","0.952380952380952","85528.java","default","5","25","62467.java","default","5","25"
"58622","193628","27","0.952380952380952","96281.java","default","5","25","121123.java","default","5","25"
"36317","193628","27","0.952380952380952","85528.java","default","5","25","121123.java","default","5","25"
"381220","399007","27","0.984375","89354.java","default","14","76","73785.java","default","14","77"
"58622","259742","27","0.952380952380952","96281.java","default","5","25","2187.java","default","5","25"
"36317","259742","27","0.952380952380952","85528.java","default","5","25","2187.java","default","5","25"
"307607","399007","27","0.984375","25271.java","default","14","76","73785.java","default","14","77"
"201459","399007","27","0.984375","46065.java","default","14","76","73785.java","default","14","77"
"145878","399007","27","0.984375","9202.java","default","14","76","73785.java","default","14","77"
"23247095","23247096","30","0.9","1707856.java","selected","166","175","1707856.java","selected","177","186"
"5718906","20920429","30","0.928571428571429","1771057.java","selected","77","90","1150850.java","selected","142","154"
"3974031","18721145","30","0.975609756097561","1823069.java","selected","623","667","2673551.java","selected","582","626"
"16900370","18721145","30","0.975609756097561","1336751.java","selected","484","523","2673551.java","selected","582","626"
"207715","862524","30","0.993421052631579","60868.java","default","315","466","28121.java","default","315","466"
"13211406","13784783","30","0.916666666666667","2355669.java","selected","27","49","1717863.java","selected","25","47"
"13994373","13994374","30","0.963503649635037","1448057.java","selected","856","991","1448057.java","selected","993","1126"
"12687680","16747689","30","0.951219512195122","773666.java","selected","824","861","1810344.java","selected","897","935"
"7321948","12333360","30","0.970588235294118","1123308.java","selected","428","460","978187.java","selected","294","326"
"10001843","11253113","30","0.93029490616622","630232.java","selected","162","215","520987.java","selected","167","221"
"12366684","12812159","30","0.930327868852459","1234316.java","selected","119","151","1481762.java","selected","119","153"
"9447434","13527825","30","0.947368421052632","2674663.java","selected","33","48","1172344.java","selected","124","139"
"3974027","18721141","30","0.971698113207547","1823069.java","selected","267","370","2673551.java","selected","229","332"
"10629557","20147451","30","0.946601941747573","610408.java","selected","19","48","603827.java","selected","18","46"
"1934651","21644142","30","0.952380952380952","541141.java","selected","60","79","2587205.java","selected","611","630"
"10169914","14274304","30","0.947368421052632","1005846.java","selected","331","348","2714700.java","selected","22","39"
"1669327","1669328","30","0.957142857142857","748735.java","selected","108","131","748735.java","selected","142","164"
"1446726","1446727","30","0.933333333333333","2291181.java","selected","106","120","2291181.java","selected","122","136"
"4337044","6887182","30","0.9","2321221.java","selected","157","186","917932.java","selected","144","172"
"80830","616054","30","0.990909090909091","48824.java","default","117","222","85594.java","default","117","222"
"10169914","22125253","30","0.947368421052632","1005846.java","selected","331","348","368888.java","selected","22","39"
"2986318","2986319","30","0.916666666666667","1735571.java","selected","472","507","1735571.java","selected","514","548"
"5591166","8050397","30","0.923076923076923","2235875.java","selected","34","45","2637647.java","selected","311","322"
"9781389","22655331","30","0.962962962962963","1606230.java","selected","269","295","1699382.java","selected","285","311"
"13946914","15297119","30","0.916666666666667","1761697.java","selected","193","251","1460580.java","selected","238","297"
"10169914","18550176","30","0.947368421052632","1005846.java","selected","331","348","2092811.java","selected","22","39"
"9061341","9061343","30","0.916129032258065","1533137.java","selected","18","46","1533137.java","selected","91","119"
"5245205","7320433","30","0.9","1655431.java","selected","127","136","862775.java","selected","127","136"
"382399","473701","37","0.944444444444444","130216.java","default","50","100","72198.java","default","50","98"
"382399","727971","37","0.944444444444444","130216.java","default","50","100","16648.java","default","50","98"
"112054","12930950","30","0.938202247191011","94873.java","default","391","568","1264956.java","selected","378","544"
"133344","382399","37","0.925925925925926","130669.java","default","50","98","130216.java","default","50","100"
"382399","807828","37","0.944444444444444","130216.java","default","50","100","92231.java","default","50","98"
"4424629","4424633","37","0.904761904761905","2580108.java","selected","152","172","2580108.java","selected","294","314"
"133344","473701","37","0.980769230769231","130669.java","default","50","98","72198.java","default","50","98"
"133344","727971","37","0.980769230769231","130669.java","default","50","98","16648.java","default","50","98"
"2025727","4283741","37","0.920353982300885","1831390.java","selected","95","106","812597.java","selected","39","51"
"4194481","5692357","37","0.941176470588235","1676335.java","selected","131","146","2600503.java","selected","128","143"
"5006931","5071239","37","0.9","1960994.java","selected","230","239","2699563.java","selected","104","113"
"1824951","5810121","37","0.9","1929059.java","selected","730","739","2396353.java","selected","50","59"
"897641","5692357","37","0.941176470588235","27942.java","default","129","144","2600503.java","selected","128","143"
"133344","807828","37","0.980769230769231","130669.java","default","50","98","92231.java","default","50","98"
"4130855","4278807","37","0.933333333333333","1975622.java","selected","90","104","225160.java","selected","40","54"
"525934","5692357","37","0.941176470588235","127876.java","default","129","144","2600503.java","selected","128","143"
"3830684","5692357","37","0.941176470588235","298295.java","selected","145","160","2600503.java","selected","128","143"
"4715655","5692357","37","0.941176470588235","584286.java","selected","149","164","2600503.java","selected","128","143"
"3974031","16900370","30","0.951219512195122","1823069.java","selected","623","667","1336751.java","selected","484","523"
"788380","23088840","30","0.972972972972973","71534.java","default","17","53","201615.java","selected","58","94"
"4763468","16102604","30","0.923076923076923","2082697.java","selected","43","55","1859504.java","selected","278","290"
"16413923","16413925","30","0.91304347826087","1233879.java","selected","53","75","1233879.java","selected","103","125"
"3974026","18721140","30","0.976190476190476","1823069.java","selected","134","253","2673551.java","selected","95","214"
"17883770","21655926","41","0.916666666666667","1578910.java","selected","543","552","1322429.java","selected","988","997"
"15911781","17883770","41","0.916666666666667","1372864.java","selected","426","435","1578910.java","selected","543","552"
"11440870","17883770","41","0.916666666666667","2274744.java","selected","413","422","1578910.java","selected","543","552"
"13811176","17883770","41","0.916666666666667","1880284.java","selected","382","391","1578910.java","selected","543","552"
"6517610","10228159","41","0.909090909090909","209583.java","selected","209","217","2710516.java","selected","215","223"
"13295660","19685462","41","0.928571428571429","2474941.java","selected","486","496","1317195.java","selected","52","63"
"1936695","13295660","41","0.923076923076923","1109516.java","selected","143","153","2474941.java","selected","486","496"
"10637999","13295660","41","0.923076923076923","1051350.java","selected","86","96","2474941.java","selected","486","496"
"6799162","15932545","41","0.976744186046512","986192.java","selected","164","201","1040058.java","selected","132","169"
"539004","21884793","41","0.909090909090909","13934.java","default","96","104","515120.java","selected","1754","1762"
"539004","20603727","41","0.909090909090909","13934.java","default","96","104","16259.java","selected","35","43"
"539004","21884747","41","0.909090909090909","13934.java","default","96","104","515120.java","selected","764","772"
"539004","5236784","41","0.909090909090909","13934.java","default","96","104","1202455.java","selected","7","15"
"539004","7707971","41","0.909090909090909","13934.java","default","96","104","1321014.java","selected","125","133"
"539004","15730395","41","0.909090909090909","13934.java","default","96","104","1268821.java","selected","193","201"
"539004","12849793","41","0.909090909090909","13934.java","default","96","104","1440276.java","selected","162","170"
"539004","21777343","41","0.909090909090909","13934.java","default","96","104","2543412.java","selected","222","230"
"539004","2537400","41","0.909090909090909","13934.java","default","96","104","2730348.java","selected","266","274"
"10513108","12877202","41","0.9","1607259.java","selected","330","337","1206162.java","selected","247","254"
"7542627","12877202","41","0.9","1012963.java","selected","366","373","1206162.java","selected","247","254"
"7615037","12877202","41","0.9","223814.java","selected","433","440","1206162.java","selected","247","254"
"4183835","12877202","41","0.9","2592062.java","selected","270","277","1206162.java","selected","247","254"
"20603727","21884793","41","0.909090909090909","16259.java","selected","35","43","515120.java","selected","1754","1762"
"13002069","21884793","41","0.909090909090909","2098840.java","selected","75","83","515120.java","selected","1754","1762"
"9346447","21884793","41","0.909090909090909","2453374.java","selected","143","151","515120.java","selected","1754","1762"
"3844626","21884793","41","0.909090909090909","2497703.java","selected","387","395","515120.java","selected","1754","1762"
"7412290","21884793","41","0.909090909090909","2149595.java","selected","220","228","515120.java","selected","1754","1762"
"17663965","21884793","41","0.909090909090909","2557108.java","selected","29","37","515120.java","selected","1754","1762"
"19560450","21884793","41","0.909090909090909","395317.java","selected","124","132","515120.java","selected","1754","1762"
"5236784","20603727","41","0.909090909090909","1202455.java","selected","7","15","16259.java","selected","35","43"
"9346447","20603727","41","0.909090909090909","2453374.java","selected","143","151","16259.java","selected","35","43"
"12335351","20603727","41","0.909090909090909","240671.java","selected","771","779","16259.java","selected","35","43"
"15730395","20603727","41","0.909090909090909","1268821.java","selected","193","201","16259.java","selected","35","43"
"12849793","20603727","41","0.909090909090909","1440276.java","selected","162","170","16259.java","selected","35","43"
"19560450","20603727","41","0.909090909090909","395317.java","selected","124","132","16259.java","selected","35","43"
"9019939","14499002","41","0.923076923076923","1062090.java","selected","127","137","1689589.java","selected","906","916"
"2353890","10496861","41","0.978723404255319","2705414.java","selected","1209","1251","316575.java","selected","1214","1256"
"2353890","18234202","41","0.936170212765957","2705414.java","selected","1209","1251","459973.java","selected","1066","1107"
"4825983","21655926","41","0.916666666666667","100172.java","selected","1171","1180","1322429.java","selected","988","997"
"4825983","15911781","41","0.916666666666667","100172.java","selected","1171","1180","1372864.java","selected","426","435"
"4825983","11440870","41","0.916666666666667","100172.java","selected","1171","1180","2274744.java","selected","413","422"
"4825983","13811176","41","0.916666666666667","100172.java","selected","1171","1180","1880284.java","selected","382","391"
"5236784","13002069","41","0.909090909090909","1202455.java","selected","7","15","2098840.java","selected","75","83"
"13002069","15730395","41","0.909090909090909","2098840.java","selected","75","83","1268821.java","selected","193","201"
"12849793","13002069","41","0.909090909090909","1440276.java","selected","162","170","2098840.java","selected","75","83"
"4630756","16536093","41","0.947368421052632","932718.java","selected","107","122","1734265.java","selected","107","122"
"7542627","10513108","41","0.9","1012963.java","selected","366","373","1607259.java","selected","330","337"
"4183835","10513108","41","0.9","2592062.java","selected","270","277","1607259.java","selected","330","337"
"12117054","15973624","41","0.916666666666667","238616.java","selected","603","611","1920645.java","selected","363","371"
"2699043","10228159","41","0.909090909090909","2424712.java","selected","109","117","2710516.java","selected","215","223"
"6803828","14819978","41","0.944444444444444","519949.java","selected","121","136","1927162.java","selected","118","133"
"9927331","14819978","41","0.944444444444444","2344198.java","selected","109","124","1927162.java","selected","118","133"
"18407593","20780880","41","0.991379310344828","2036885.java","selected","91","189","1297679.java","selected","263","362"
"5200772","18407593","41","0.982608695652174","946843.java","selected","119","217","2036885.java","selected","91","189"
"12166051","18407593","41","0.921739130434783","1806836.java","selected","102","197","2036885.java","selected","91","189"
"9346447","21884747","41","0.909090909090909","2453374.java","selected","143","151","515120.java","selected","764","772"
"21777343","21884747","41","0.909090909090909","2543412.java","selected","222","230","515120.java","selected","764","772"
"19560450","21884747","41","0.909090909090909","395317.java","selected","124","132","515120.java","selected","764","772"
"5236784","9346447","41","0.909090909090909","1202455.java","selected","7","15","2453374.java","selected","143","151"
"3844626","5236784","41","0.909090909090909","2497703.java","selected","387","395","1202455.java","selected","7","15"
"5236784","7412290","41","0.909090909090909","1202455.java","selected","7","15","2149595.java","selected","220","228"
"5236784","17663965","41","0.909090909090909","1202455.java","selected","7","15","2557108.java","selected","29","37"
"5236784","19560450","41","0.909090909090909","1202455.java","selected","7","15","395317.java","selected","124","132"
"5770152","10547321","41","0.963210702341137","1344177.java","selected","29","208","2596291.java","selected","16","194"
"3207328","6799162","41","0.976744186046512","2341814.java","selected","148","185","986192.java","selected","164","201"
"13614426","21655926","41","0.916666666666667","526365.java","selected","543","552","1322429.java","selected","988","997"
"13614426","15911781","41","0.916666666666667","526365.java","selected","543","552","1372864.java","selected","426","435"
"11440870","13614426","41","0.916666666666667","2274744.java","selected","413","422","526365.java","selected","543","552"
"13614426","13811176","41","0.916666666666667","526365.java","selected","543","552","1880284.java","selected","382","391"
"20609903","21655926","41","0.916666666666667","1527985.java","selected","553","562","1322429.java","selected","988","997"
"15911781","20609903","41","0.916666666666667","1372864.java","selected","426","435","1527985.java","selected","553","562"
"11440870","20609903","41","0.916666666666667","2274744.java","selected","413","422","1527985.java","selected","553","562"
"13811176","20609903","41","0.916666666666667","1880284.java","selected","382","391","1527985.java","selected","553","562"
"12853768","21404965","41","0.9","1837701.java","selected","38","61","222381.java","selected","1005","1029"
"1229100","21655926","41","0.916666666666667","849403.java","selected","418","427","1322429.java","selected","988","997"
"1229100","15911781","41","0.916666666666667","849403.java","selected","418","427","1372864.java","selected","426","435"
"1229100","11440870","41","0.916666666666667","849403.java","selected","418","427","2274744.java","selected","413","422"
"1229100","13811176","41","0.916666666666667","849403.java","selected","418","427","1880284.java","selected","382","391"
"10496861","22713046","41","0.978723404255319","316575.java","selected","1214","1256","1385666.java","selected","1195","1237"
"18234202","22713046","41","0.936170212765957","459973.java","selected","1066","1107","1385666.java","selected","1195","1237"
"3618819","21655926","41","0.916666666666667","748535.java","selected","426","435","1322429.java","selected","988","997"
"3618819","15911781","41","0.916666666666667","748535.java","selected","426","435","1372864.java","selected","426","435"
"3618819","11440870","41","0.916666666666667","748535.java","selected","426","435","2274744.java","selected","413","422"
"3618819","13811176","41","0.916666666666667","748535.java","selected","426","435","1880284.java","selected","382","391"
"15131771","21655926","41","0.916666666666667","115180.java","selected","377","386","1322429.java","selected","988","997"
"1612068","21655926","41","0.916666666666667","448380.java","selected","535","544","1322429.java","selected","988","997"
"8887818","21655926","41","0.916666666666667","900584.java","selected","444","453","1322429.java","selected","988","997"
"4133428","21655926","41","0.916666666666667","1090867.java","selected","542","551","1322429.java","selected","988","997"
"13728120","21655926","41","0.916666666666667","2727594.java","selected","375","384","1322429.java","selected","988","997"
"4031802","21655926","41","0.916666666666667","1017245.java","selected","428","437","1322429.java","selected","988","997"
"15911781","21655926","41","0.916666666666667","1372864.java","selected","426","435","1322429.java","selected","988","997"
"19373644","21655926","41","0.916666666666667","2587973.java","selected","426","435","1322429.java","selected","988","997"
"3501324","21655926","41","0.916666666666667","361180.java","selected","535","544","1322429.java","selected","988","997"
"6151193","21655926","41","0.916666666666667","2308223.java","selected","418","427","1322429.java","selected","988","997"
"19971357","21655926","41","0.916666666666667","2636968.java","selected","424","433","1322429.java","selected","988","997"
"15115902","21655926","41","0.916666666666667","1321892.java","selected","426","435","1322429.java","selected","988","997"
"21492113","21655926","41","0.916666666666667","1030949.java","selected","528","537","1322429.java","selected","988","997"
"19462844","21655926","41","0.916666666666667","1384958.java","selected","538","547","1322429.java","selected","988","997"
"21420091","21655926","41","0.916666666666667","1812318.java","selected","425","434","1322429.java","selected","988","997"
"7289717","21655926","41","0.916666666666667","211182.java","selected","426","435","1322429.java","selected","988","997"
"13811176","21655926","41","0.916666666666667","1880284.java","selected","382","391","1322429.java","selected","988","997"
"21433001","21655926","41","0.916666666666667","1316903.java","selected","435","444","1322429.java","selected","988","997"
"16566113","21655926","41","0.916666666666667","687849.java","selected","531","540","1322429.java","selected","988","997"
"16142436","21655926","41","0.916666666666667","127068.java","selected","1897","1906","1322429.java","selected","988","997"
"15162110","21655926","41","0.916666666666667","2286616.java","selected","531","540","1322429.java","selected","988","997"
"20762045","21655926","41","0.916666666666667","868705.java","selected","425","434","1322429.java","selected","988","997"
"19549852","21655926","41","0.916666666666667","849450.java","selected","426","435","1322429.java","selected","988","997"
"1666041","19685462","41","0.928571428571429","2296687.java","selected","92","102","1317195.java","selected","52","63"
"10844851","19685462","41","0.928571428571429","292515.java","selected","40","50","1317195.java","selected","52","63"
"15131771","15911781","41","0.916666666666667","115180.java","selected","377","386","1372864.java","selected","426","435"
"11440870","15131771","41","0.916666666666667","2274744.java","selected","413","422","115180.java","selected","377","386"
"13811176","15131771","41","0.916666666666667","1880284.java","selected","382","391","115180.java","selected","377","386"
"1612068","15911781","41","0.916666666666667","448380.java","selected","535","544","1372864.java","selected","426","435"
"1612068","11440870","41","0.916666666666667","448380.java","selected","535","544","2274744.java","selected","413","422"
"1612068","13811176","41","0.916666666666667","448380.java","selected","535","544","1880284.java","selected","382","391"
"1666041","1936695","41","0.923076923076923","2296687.java","selected","92","102","1109516.java","selected","143","153"
"1936695","10844851","41","0.923076923076923","1109516.java","selected","143","153","292515.java","selected","40","50"
"4630756","6409832","41","0.947368421052632","932718.java","selected","107","122","860471.java","selected","107","122"
"8887818","15911781","41","0.916666666666667","900584.java","selected","444","453","1372864.java","selected","426","435"
"8887818","11440870","41","0.916666666666667","900584.java","selected","444","453","2274744.java","selected","413","422"
"8887818","13811176","41","0.916666666666667","900584.java","selected","444","453","1880284.java","selected","382","391"
"7707971","9346447","41","0.909090909090909","1321014.java","selected","125","133","2453374.java","selected","143","151"
"9346447","15730395","41","0.909090909090909","2453374.java","selected","143","151","1268821.java","selected","193","201"
"9346447","12849793","41","0.909090909090909","2453374.java","selected","143","151","1440276.java","selected","162","170"
"9346447","21777343","41","0.909090909090909","2453374.java","selected","143","151","2543412.java","selected","222","230"
"2537400","9346447","41","0.909090909090909","2730348.java","selected","266","274","2453374.java","selected","143","151"
"6429432","20830241","41","0.96078431372549","2216293.java","selected","338","388","2049331.java","selected","318","368"
"6803828","13402674","41","0.944444444444444","519949.java","selected","121","136","2331165.java","selected","118","133"
"10496861","15197593","41","0.978723404255319","316575.java","selected","1214","1256","15044.java","selected","1235","1277"
"15197593","18234202","41","0.936170212765957","15044.java","selected","1235","1277","459973.java","selected","1066","1107"
"10228159","18712047","41","0.909090909090909","2710516.java","selected","215","223","844874.java","selected","31","39"
"13400152","20543999","41","0.989473684210526","671154.java","selected","32","118","2118649.java","selected","40","126"
"1666041","10637999","41","0.923076923076923","2296687.java","selected","92","102","1051350.java","selected","86","96"
"14504867","14598564","41","0.923076923076923","963841.java","selected","58","68","1542784.java","selected","98","108"
"21877022","23539531","41","0.941176470588235","664104.java","selected","370","447","2397265.java","selected","391","463"
"6689657","9019939","41","0.923076923076923","551360.java","selected","627","637","1062090.java","selected","127","137"
"7707971","19560450","41","0.909090909090909","1321014.java","selected","125","133","395317.java","selected","124","132"
"4133428","15911781","41","0.916666666666667","1090867.java","selected","542","551","1372864.java","selected","426","435"
"4133428","11440870","41","0.916666666666667","1090867.java","selected","542","551","2274744.java","selected","413","422"
"4133428","13811176","41","0.916666666666667","1090867.java","selected","542","551","1880284.java","selected","382","391"
"3844626","15730395","41","0.909090909090909","2497703.java","selected","387","395","1268821.java","selected","193","201"
"7412290","15730395","41","0.909090909090909","2149595.java","selected","220","228","1268821.java","selected","193","201"
"15730395","17663965","41","0.909090909090909","1268821.java","selected","193","201","2557108.java","selected","29","37"
"15730395","19560450","41","0.909090909090909","1268821.java","selected","193","201","395317.java","selected","124","132"
"10228159","17468722","41","0.909090909090909","2710516.java","selected","215","223","2485419.java","selected","233","241"
"13728120","15911781","41","0.916666666666667","2727594.java","selected","375","384","1372864.java","selected","426","435"
"11440870","13728120","41","0.916666666666667","2274744.java","selected","413","422","2727594.java","selected","375","384"
"13728120","13811176","41","0.916666666666667","2727594.java","selected","375","384","1880284.java","selected","382","391"
"17295771","21069074","41","0.964769647696477","345293.java","selected","141","208","1517899.java","selected","153","220"
"8317735","10228159","41","0.909090909090909","1359462.java","selected","186","194","2710516.java","selected","215","223"
"5200772","20780880","41","0.974137931034483","946843.java","selected","119","217","1297679.java","selected","263","362"
"12166051","20780880","41","0.913793103448276","1806836.java","selected","102","197","1297679.java","selected","263","362"
"23128","225907","41","0.988448844884488","55843.java","default","143","217","3471.java","default","149","224"
"23128","61633","41","0.988448844884488","55843.java","default","143","217","68153.java","default","166","241"
"8182890","18306143","41","0.909090909090909","615216.java","selected","378","386","2738010.java","selected","594","602"
"18306143","19214556","41","0.909090909090909","2738010.java","selected","594","602","2315713.java","selected","265","273"
"14321946","18306143","41","0.909090909090909","39335.java","selected","378","386","2738010.java","selected","594","602"
"10496861","20614174","41","0.978723404255319","316575.java","selected","1214","1256","93071.java","selected","1194","1236"
"10496861","18234202","41","0.936170212765957","316575.java","selected","1214","1256","459973.java","selected","1066","1107"
"10496861","11937399","41","0.978723404255319","316575.java","selected","1214","1256","644492.java","selected","375","417"
"4031802","15911781","41","0.916666666666667","1017245.java","selected","428","437","1372864.java","selected","426","435"
"4031802","11440870","41","0.916666666666667","1017245.java","selected","428","437","2274744.java","selected","413","422"
"4031802","13811176","41","0.916666666666667","1017245.java","selected","428","437","1880284.java","selected","382","391"
"18234202","20614174","41","0.936170212765957","459973.java","selected","1066","1107","93071.java","selected","1194","1236"
"11937399","18234202","41","0.936170212765957","644492.java","selected","375","417","459973.java","selected","1066","1107"
"15911781","19373644","41","0.916666666666667","1372864.java","selected","426","435","2587973.java","selected","426","435"
"3501324","15911781","41","0.916666666666667","361180.java","selected","535","544","1372864.java","selected","426","435"
"6151193","15911781","41","0.916666666666667","2308223.java","selected","418","427","1372864.java","selected","426","435"
"15911781","19971357","41","0.916666666666667","1372864.java","selected","426","435","2636968.java","selected","424","433"
"11440870","15911781","41","0.916666666666667","2274744.java","selected","413","422","1372864.java","selected","426","435"
"15115902","15911781","41","0.916666666666667","1321892.java","selected","426","435","1372864.java","selected","426","435"
"15911781","21492113","41","0.916666666666667","1372864.java","selected","426","435","1030949.java","selected","528","537"
"15911781","19462844","41","0.916666666666667","1372864.java","selected","426","435","1384958.java","selected","538","547"
"15911781","21420091","41","0.916666666666667","1372864.java","selected","426","435","1812318.java","selected","425","434"
"7289717","15911781","41","0.916666666666667","211182.java","selected","426","435","1372864.java","selected","426","435"
"13811176","15911781","41","0.916666666666667","1880284.java","selected","382","391","1372864.java","selected","426","435"
"15911781","21433001","41","0.916666666666667","1372864.java","selected","426","435","1316903.java","selected","435","444"
"15911781","16566113","41","0.916666666666667","1372864.java","selected","426","435","687849.java","selected","531","540"
"15911781","16142436","41","0.916666666666667","1372864.java","selected","426","435","127068.java","selected","1897","1906"
"15162110","15911781","41","0.916666666666667","2286616.java","selected","531","540","1372864.java","selected","426","435"
"15911781","20762045","41","0.916666666666667","1372864.java","selected","426","435","868705.java","selected","425","434"
"15911781","19549852","41","0.916666666666667","1372864.java","selected","426","435","849450.java","selected","426","435"
"8182890","11719427","41","0.909090909090909","615216.java","selected","378","386","957171.java","selected","583","591"
"11719427","19214556","41","0.909090909090909","957171.java","selected","583","591","2315713.java","selected","265","273"
"11719427","14321946","41","0.909090909090909","957171.java","selected","583","591","39335.java","selected","378","386"
"9927331","13402674","41","0.944444444444444","2344198.java","selected","109","124","2331165.java","selected","118","133"
"11440870","19373644","41","0.916666666666667","2274744.java","selected","413","422","2587973.java","selected","426","435"
"13811176","19373644","41","0.916666666666667","1880284.java","selected","382","391","2587973.java","selected","426","435"
"10637999","10844851","41","0.923076923076923","1051350.java","selected","86","96","292515.java","selected","40","50"
"3324262","10228159","41","0.909090909090909","594135.java","selected","210","218","2710516.java","selected","215","223"
"3501324","11440870","41","0.916666666666667","361180.java","selected","535","544","2274744.java","selected","413","422"
"3501324","13811176","41","0.916666666666667","361180.java","selected","535","544","1880284.java","selected","382","391"
"225907","767213","41","0.988448844884488","3471.java","default","149","224","8936.java","default","145","219"
"61633","767213","41","0.988448844884488","68153.java","default","166","241","8936.java","default","145","219"
"6151193","11440870","41","0.916666666666667","2308223.java","selected","418","427","2274744.java","selected","413","422"
"6151193","13811176","41","0.916666666666667","2308223.java","selected","418","427","1880284.java","selected","382","391"
"15102949","18446897","41","0.909090909090909","2030394.java","selected","18","38","4933.java","selected","18","39"
"3844626","12849793","41","0.909090909090909","2497703.java","selected","387","395","1440276.java","selected","162","170"
"11440870","19971357","41","0.916666666666667","2274744.java","selected","413","422","2636968.java","selected","424","433"
"13811176","19971357","41","0.916666666666667","1880284.java","selected","382","391","2636968.java","selected","424","433"
"225907","439935","41","0.988448844884488","3471.java","default","149","224","100518.java","default","143","217"
"61633","439935","41","0.988448844884488","68153.java","default","166","241","100518.java","default","143","217"
"11440870","15115902","41","0.916666666666667","2274744.java","selected","413","422","1321892.java","selected","426","435"
"11440870","21492113","41","0.916666666666667","2274744.java","selected","413","422","1030949.java","selected","528","537"
"11440870","19462844","41","0.916666666666667","2274744.java","selected","413","422","1384958.java","selected","538","547"
"11440870","21420091","41","0.916666666666667","2274744.java","selected","413","422","1812318.java","selected","425","434"
"7289717","11440870","41","0.916666666666667","211182.java","selected","426","435","2274744.java","selected","413","422"
"11440870","13811176","41","0.916666666666667","2274744.java","selected","413","422","1880284.java","selected","382","391"
"11440870","21433001","41","0.916666666666667","2274744.java","selected","413","422","1316903.java","selected","435","444"
"11440870","16566113","41","0.916666666666667","2274744.java","selected","413","422","687849.java","selected","531","540"
"11440870","16142436","41","0.916666666666667","2274744.java","selected","413","422","127068.java","selected","1897","1906"
"11440870","15162110","41","0.916666666666667","2274744.java","selected","413","422","2286616.java","selected","531","540"
"11440870","20762045","41","0.916666666666667","2274744.java","selected","413","422","868705.java","selected","425","434"
"11440870","19549852","41","0.916666666666667","2274744.java","selected","413","422","849450.java","selected","426","435"
"7412290","12849793","41","0.909090909090909","2149595.java","selected","220","228","1440276.java","selected","162","170"
"13811176","15115902","41","0.916666666666667","1880284.java","selected","382","391","1321892.java","selected","426","435"
"8182890","14313423","41","0.909090909090909","615216.java","selected","378","386","179109.java","selected","336","344"
"12849793","17663965","41","0.909090909090909","1440276.java","selected","162","170","2557108.java","selected","29","37"
"12849793","19560450","41","0.909090909090909","1440276.java","selected","162","170","395317.java","selected","124","132"
"20578109","21877022","41","0.954022988505747","1702294.java","selected","312","391","664104.java","selected","370","447"
"6328532","14731799","41","0.923076923076923","2742293.java","selected","166","176","1921563.java","selected","134","144"
"225907","938692","41","0.988448844884488","3471.java","default","149","224","60023.java","default","143","217"
"13811176","21492113","41","0.916666666666667","1880284.java","selected","382","391","1030949.java","selected","528","537"
"13811176","19462844","41","0.916666666666667","1880284.java","selected","382","391","1384958.java","selected","538","547"
"12590657","20429351","41","0.924528301886792","1946372.java","selected","54","286","907948.java","selected","59","288"
"5224622","23045984","41","0.9","1213811.java","selected","434","467","1607454.java","selected","683","748"
"14313423","19214556","41","0.909090909090909","179109.java","selected","336","344","2315713.java","selected","265","273"
"7542627","7615037","41","0.9","1012963.java","selected","366","373","223814.java","selected","433","440"
"5200772","12166051","41","0.904347826086957","946843.java","selected","119","217","1806836.java","selected","102","197"
"13811176","21420091","41","0.916666666666667","1880284.java","selected","382","391","1812318.java","selected","425","434"
"2537400","21777343","41","0.909090909090909","2730348.java","selected","266","274","2543412.java","selected","222","230"
"19560450","21777343","41","0.909090909090909","395317.java","selected","124","132","2543412.java","selected","222","230"
"7289717","13811176","41","0.916666666666667","211182.java","selected","426","435","1880284.java","selected","382","391"
"4183835","7615037","41","0.9","2592062.java","selected","270","277","223814.java","selected","433","440"
"13811176","21433001","41","0.916666666666667","1880284.java","selected","382","391","1316903.java","selected","435","444"
"13811176","16566113","41","0.916666666666667","1880284.java","selected","382","391","687849.java","selected","531","540"
"13811176","16142436","41","0.916666666666667","1880284.java","selected","382","391","127068.java","selected","1897","1906"
"13811176","15162110","41","0.916666666666667","1880284.java","selected","382","391","2286616.java","selected","531","540"
"13811176","20762045","41","0.916666666666667","1880284.java","selected","382","391","868705.java","selected","425","434"
"13811176","19549852","41","0.916666666666667","1880284.java","selected","382","391","849450.java","selected","426","435"
"20476980","23045984","41","0.9","2434695.java","selected","414","447","1607454.java","selected","683","748"
"11491566","14837670","41","0.955882352941177","852221.java","selected","267","322","88800.java","selected","275","330"
"2537400","19560450","41","0.909090909090909","2730348.java","selected","266","274","395317.java","selected","124","132"
"14313423","14321946","41","0.909090909090909","179109.java","selected","336","344","39335.java","selected","378","386"
"61633","938692","41","0.988448844884488","68153.java","default","166","241","60023.java","default","143","217"
"10031370","21412295","12","0.923076923076923","1638888.java","selected","7","18","1625179.java","selected","7","18"
"10968095","21412295","12","0.923076923076923","2269578.java","selected","7","18","1625179.java","selected","7","18"
"8138322","21412295","12","0.923076923076923","1344356.java","selected","7","18","1625179.java","selected","7","18"
"6088697","18412513","13","0.962962962962963","1985930.java","selected","141","166","1176476.java","selected","141","166"
"6088697","10366826","13","0.962962962962963","1985930.java","selected","141","166","1279376.java","selected","141","166"
"6138230","14009710","13","0.9","1718226.java","selected","76","84","2702525.java","selected","70","78"
"2315719","14009710","13","0.9","1833863.java","selected","95","103","2702525.java","selected","70","78"
"9210368","14009710","13","0.9","552581.java","selected","79","87","2702525.java","selected","70","78"
"7436917","14009710","13","0.9","421582.java","selected","103","111","2702525.java","selected","70","78"
"2315719","6138230","13","0.9","1833863.java","selected","95","103","1718226.java","selected","76","84"
"2451218","6138230","13","0.9","662269.java","selected","77","85","1718226.java","selected","76","84"
"2315719","9210368","13","0.9","1833863.java","selected","95","103","552581.java","selected","79","87"
"2315719","7436917","13","0.9","1833863.java","selected","95","103","421582.java","selected","103","111"
"2315719","2451218","13","0.9","1833863.java","selected","95","103","662269.java","selected","77","85"
"2451218","9210368","13","0.9","662269.java","selected","77","85","552581.java","selected","79","87"
"2451218","7436917","13","0.9","662269.java","selected","77","85","421582.java","selected","103","111"
"9083948","10517812","25","0.920454545454545","981218.java","selected","73","154","2178641.java","selected","33","119"
"938406","1239102","32","0.9","54603.java","default","7","24","1541662.java","selected","9","27"
"2316017","2316020","32","0.970588235294118","1411054.java","selected","112","145","1411054.java","selected","167","200"
"214349","682404","32","0.907407407407407","10495.java","default","81","289","100795.java","default","78","291"
"13946914","15297119","33","0.916666666666667","1761697.java","selected","193","251","1460580.java","selected","238","297"
"1357284","11911260","33","0.931034482758621","206703.java","selected","124","189","622198.java","selected","123","189"
"11911260","16492546","33","0.931034482758621","622198.java","selected","123","189","845539.java","selected","124","189"
"2211953","21635647","33","0.909090909090909","205748.java","selected","353","363","2000818.java","selected","276","286"
"859222","1357284","33","0.931034482758621","12503.java","default","121","187","206703.java","selected","124","189"
"17175167","21128891","33","0.933333333333333","1950614.java","selected","101","115","2430119.java","selected","92","106"
"17175167","21992102","33","0.933333333333333","1950614.java","selected","101","115","1310255.java","selected","56","70"
"14531911","17175167","33","0.933333333333333","802589.java","selected","58","72","1950614.java","selected","101","115"
"859222","16492546","33","0.931034482758621","12503.java","default","121","187","845539.java","selected","124","189"
"558348","653681","39","0.928571428571429","106083.java","default","250","262","2549.java","default","8","20"
"653681","3108904","39","0.928571428571429","2549.java","default","8","20","1132845.java","selected","55","67"
"653681","1982368","39","0.928571428571429","2549.java","default","8","20","2627881.java","selected","83","95"
"653681","1552000","39","0.928571428571429","2549.java","default","8","20","801858.java","selected","37","49"
"653681","2012608","39","0.928571428571429","2549.java","default","8","20","460029.java","selected","425","437"
"653681","2233543","39","0.928571428571429","2549.java","default","8","20","1626928.java","selected","95","107"
"653681","1176194","39","0.928571428571429","2549.java","default","8","20","1774422.java","selected","164","176"
"653681","3538574","39","0.928571428571429","2549.java","default","8","20","692987.java","selected","104","116"
"558348","3108904","39","0.928571428571429","106083.java","default","250","262","1132845.java","selected","55","67"
"558348","1982368","39","0.928571428571429","106083.java","default","250","262","2627881.java","selected","83","95"
"558348","1552000","39","0.928571428571429","106083.java","default","250","262","801858.java","selected","37","49"
"558348","1934652","39","0.928571428571429","106083.java","default","250","262","541141.java","selected","81","93"
"558348","2012608","39","0.928571428571429","106083.java","default","250","262","460029.java","selected","425","437"
"558348","2233543","39","0.928571428571429","106083.java","default","250","262","1626928.java","selected","95","107"
"558348","1940473","39","0.928571428571429","106083.java","default","250","262","2044480.java","selected","93","105"
"558348","1799462","39","0.928571428571429","106083.java","default","250","262","35167.java","selected","62","74"
"453142","558348","39","0.928571428571429","106458.java","default","8","20","106083.java","default","250","262"
"558348","2759206","39","0.928571428571429","106083.java","default","250","262","663745.java","selected","266","278"
"558348","2989245","39","0.928571428571429","106083.java","default","250","262","746054.java","selected","18","30"
"322116","558348","39","0.928571428571429","63068.java","default","221","233","106083.java","default","250","262"
"558348","1202104","39","0.928571428571429","106083.java","default","250","262","1211155.java","selected","134","146"
"558348","1176194","39","0.928571428571429","106083.java","default","250","262","1774422.java","selected","164","176"
"558348","662161","39","0.928571428571429","106083.java","default","250","262","80687.java","default","137","149"
"558348","1977983","39","0.928571428571429","106083.java","default","250","262","663926.java","selected","18","30"
"558348","2641959","39","0.928571428571429","106083.java","default","250","262","1374845.java","selected","152","164"
"558348","3538574","39","0.928571428571429","106083.java","default","250","262","692987.java","selected","104","116"
"1934652","3108904","39","0.928571428571429","541141.java","selected","81","93","1132845.java","selected","55","67"
"2012608","3108904","39","0.928571428571429","460029.java","selected","425","437","1132845.java","selected","55","67"
"1940473","3108904","39","0.928571428571429","2044480.java","selected","93","105","1132845.java","selected","55","67"
"1799462","3108904","39","0.928571428571429","35167.java","selected","62","74","1132845.java","selected","55","67"
"453142","3108904","39","0.928571428571429","106458.java","default","8","20","1132845.java","selected","55","67"
"2759206","3108904","39","0.928571428571429","663745.java","selected","266","278","1132845.java","selected","55","67"
"2989245","3108904","39","0.928571428571429","746054.java","selected","18","30","1132845.java","selected","55","67"
"322116","3108904","39","0.928571428571429","63068.java","default","221","233","1132845.java","selected","55","67"
"1202104","3108904","39","0.928571428571429","1211155.java","selected","134","146","1132845.java","selected","55","67"
"662161","3108904","39","0.928571428571429","80687.java","default","137","149","1132845.java","selected","55","67"
"1977983","3108904","39","0.928571428571429","663926.java","selected","18","30","1132845.java","selected","55","67"
"2641959","3108904","39","0.928571428571429","1374845.java","selected","152","164","1132845.java","selected","55","67"
"1934652","1982368","39","0.928571428571429","541141.java","selected","81","93","2627881.java","selected","83","95"
"1982368","2012608","39","0.928571428571429","2627881.java","selected","83","95","460029.java","selected","425","437"
"1940473","1982368","39","0.928571428571429","2044480.java","selected","93","105","2627881.java","selected","83","95"
"1799462","1982368","39","0.928571428571429","35167.java","selected","62","74","2627881.java","selected","83","95"
"453142","1982368","39","0.928571428571429","106458.java","default","8","20","2627881.java","selected","83","95"
"1982368","2759206","39","0.928571428571429","2627881.java","selected","83","95","663745.java","selected","266","278"
"1982368","2989245","39","0.928571428571429","2627881.java","selected","83","95","746054.java","selected","18","30"
"322116","1982368","39","0.928571428571429","63068.java","default","221","233","2627881.java","selected","83","95"
"1202104","1982368","39","0.928571428571429","1211155.java","selected","134","146","2627881.java","selected","83","95"
"662161","1982368","39","0.928571428571429","80687.java","default","137","149","2627881.java","selected","83","95"
"1977983","1982368","39","0.928571428571429","663926.java","selected","18","30","2627881.java","selected","83","95"
"1982368","2641959","39","0.928571428571429","2627881.java","selected","83","95","1374845.java","selected","152","164"
"1552000","1934652","39","0.928571428571429","801858.java","selected","37","49","541141.java","selected","81","93"
"1552000","2012608","39","0.928571428571429","801858.java","selected","37","49","460029.java","selected","425","437"
"1552000","1940473","39","0.928571428571429","801858.java","selected","37","49","2044480.java","selected","93","105"
"1552000","1799462","39","0.928571428571429","801858.java","selected","37","49","35167.java","selected","62","74"
"453142","1552000","39","0.928571428571429","106458.java","default","8","20","801858.java","selected","37","49"
"1552000","2759206","39","0.928571428571429","801858.java","selected","37","49","663745.java","selected","266","278"
"1552000","2989245","39","0.928571428571429","801858.java","selected","37","49","746054.java","selected","18","30"
"322116","1552000","39","0.928571428571429","63068.java","default","221","233","801858.java","selected","37","49"
"1202104","1552000","39","0.928571428571429","1211155.java","selected","134","146","801858.java","selected","37","49"
"662161","1552000","39","0.928571428571429","80687.java","default","137","149","801858.java","selected","37","49"
"1552000","1977983","39","0.928571428571429","801858.java","selected","37","49","663926.java","selected","18","30"
"1552000","2641959","39","0.928571428571429","801858.java","selected","37","49","1374845.java","selected","152","164"
"606247","814503","39","0.944444444444444","37060.java","default","172","187","86048.java","default","181","196"
"107896","606247","39","0.944444444444444","104165.java","default","181","196","37060.java","default","172","187"
"170096","814503","39","0.944444444444444","21745.java","default","172","187","86048.java","default","181","196"
"1934652","2012608","39","0.928571428571429","541141.java","selected","81","93","460029.java","selected","425","437"
"1934652","2233543","39","0.928571428571429","541141.java","selected","81","93","1626928.java","selected","95","107"
"1176194","1934652","39","0.928571428571429","1774422.java","selected","164","176","541141.java","selected","81","93"
"1934652","3538574","39","0.928571428571429","541141.java","selected","81","93","692987.java","selected","104","116"
"2012608","2233543","39","0.928571428571429","460029.java","selected","425","437","1626928.java","selected","95","107"
"1940473","2012608","39","0.928571428571429","2044480.java","selected","93","105","460029.java","selected","425","437"
"1799462","2012608","39","0.928571428571429","35167.java","selected","62","74","460029.java","selected","425","437"
"453142","2012608","39","0.928571428571429","106458.java","default","8","20","460029.java","selected","425","437"
"2012608","2759206","39","0.928571428571429","460029.java","selected","425","437","663745.java","selected","266","278"
"2012608","2989245","39","0.928571428571429","460029.java","selected","425","437","746054.java","selected","18","30"
"322116","2012608","39","0.928571428571429","63068.java","default","221","233","460029.java","selected","425","437"
"1202104","2012608","39","0.928571428571429","1211155.java","selected","134","146","460029.java","selected","425","437"
"1176194","2012608","39","0.928571428571429","1774422.java","selected","164","176","460029.java","selected","425","437"
"662161","2012608","39","0.928571428571429","80687.java","default","137","149","460029.java","selected","425","437"
"1977983","2012608","39","0.928571428571429","663926.java","selected","18","30","460029.java","selected","425","437"
"2012608","2641959","39","0.928571428571429","460029.java","selected","425","437","1374845.java","selected","152","164"
"2012608","3538574","39","0.928571428571429","460029.java","selected","425","437","692987.java","selected","104","116"
"1940473","2233543","39","0.928571428571429","2044480.java","selected","93","105","1626928.java","selected","95","107"
"1799462","2233543","39","0.928571428571429","35167.java","selected","62","74","1626928.java","selected","95","107"
"453142","2233543","39","0.928571428571429","106458.java","default","8","20","1626928.java","selected","95","107"
"2233543","2759206","39","0.928571428571429","1626928.java","selected","95","107","663745.java","selected","266","278"
"2233543","2989245","39","0.928571428571429","1626928.java","selected","95","107","746054.java","selected","18","30"
"322116","2233543","39","0.928571428571429","63068.java","default","221","233","1626928.java","selected","95","107"
"1202104","2233543","39","0.928571428571429","1211155.java","selected","134","146","1626928.java","selected","95","107"
"662161","2233543","39","0.928571428571429","80687.java","default","137","149","1626928.java","selected","95","107"
"1977983","2233543","39","0.928571428571429","663926.java","selected","18","30","1626928.java","selected","95","107"
"2233543","2641959","39","0.928571428571429","1626928.java","selected","95","107","1374845.java","selected","152","164"
"1672992","1672993","39","0.912621359223301","1192896.java","selected","20","33","1192896.java","selected","41","55"
"1176194","1940473","39","0.928571428571429","1774422.java","selected","164","176","2044480.java","selected","93","105"
"1940473","3538574","39","0.928571428571429","2044480.java","selected","93","105","692987.java","selected","104","116"
"1176194","1799462","39","0.928571428571429","1774422.java","selected","164","176","35167.java","selected","62","74"
"1799462","3538574","39","0.928571428571429","35167.java","selected","62","74","692987.java","selected","104","116"
"1058149","1090440","39","0.916666666666667","1292193.java","selected","65","75","2316344.java","selected","347","357"
"453142","1176194","39","0.928571428571429","106458.java","default","8","20","1774422.java","selected","164","176"
"453142","3538574","39","0.928571428571429","106458.java","default","8","20","692987.java","selected","104","116"
"1176194","2759206","39","0.928571428571429","1774422.java","selected","164","176","663745.java","selected","266","278"
"2759206","3538574","39","0.928571428571429","663745.java","selected","266","278","692987.java","selected","104","116"
"1176194","2989245","39","0.928571428571429","1774422.java","selected","164","176","746054.java","selected","18","30"
"2989245","3538574","39","0.928571428571429","746054.java","selected","18","30","692987.java","selected","104","116"
"322116","1176194","39","0.928571428571429","63068.java","default","221","233","1774422.java","selected","164","176"
"322116","3538574","39","0.928571428571429","63068.java","default","221","233","692987.java","selected","104","116"
"1176194","1202104","39","0.928571428571429","1774422.java","selected","164","176","1211155.java","selected","134","146"
"1202104","3538574","39","0.928571428571429","1211155.java","selected","134","146","692987.java","selected","104","116"
"662161","1176194","39","0.928571428571429","80687.java","default","137","149","1774422.java","selected","164","176"
"1176194","1977983","39","0.928571428571429","1774422.java","selected","164","176","663926.java","selected","18","30"
"1176194","2641959","39","0.928571428571429","1774422.java","selected","164","176","1374845.java","selected","152","164"
"107896","170096","39","0.944444444444444","104165.java","default","181","196","21745.java","default","172","187"
"662161","3538574","39","0.928571428571429","80687.java","default","137","149","692987.java","selected","104","116"
"1977983","3538574","39","0.928571428571429","663926.java","selected","18","30","692987.java","selected","104","116"
"2641959","3538574","39","0.928571428571429","1374845.java","selected","152","164","692987.java","selected","104","116"
"1658193","16478537","11","0.960099750623441","2621135.java","selected","46","80","1048763.java","selected","48","82"
"6802778","20532737","19","0.923076923076923","2348055.java","selected","138","150","768783.java","selected","71","82"
"20532737","20702461","19","0.923076923076923","768783.java","selected","71","82","2595106.java","selected","60","79"
"14699505","20532737","19","0.923076923076923","1382307.java","selected","61","73","768783.java","selected","71","82"
"9898549","9898550","23","0.952586206896552","337379.java","selected","67","99","337379.java","selected","107","139"
"9898550","9898551","23","0.952586206896552","337379.java","selected","107","139","337379.java","selected","147","178"
"9008153","12879689","23","0.933333333333333","2012585.java","selected","282","296","1616206.java","selected","249","262"
"4284518","17082610","23","0.9375","1712367.java","selected","97","111","1422595.java","selected","104","118"
"17082610","22421984","23","0.9375","1422595.java","selected","104","118","939613.java","selected","120","134"
"8837901","17082610","23","0.9375","522719.java","selected","88","102","1422595.java","selected","104","118"
"13157313","17082610","23","0.9375","952606.java","selected","107","121","1422595.java","selected","104","118"
"12079426","17082610","23","0.9375","2372569.java","selected","88","102","1422595.java","selected","104","118"
"17082610","19922498","23","0.9375","1422595.java","selected","104","118","497716.java","selected","111","125"
"14357939","17082610","23","0.9375","2180965.java","selected","87","101","1422595.java","selected","104","118"
"5701319","17082610","23","0.9375","1782576.java","selected","94","108","1422595.java","selected","104","118"
"17082610","19663005","23","0.9375","1422595.java","selected","104","118","2096828.java","selected","152","166"
"4542075","17082610","23","0.9375","700852.java","selected","89","103","1422595.java","selected","104","118"
"4272110","17082610","23","0.9375","2701118.java","selected","88","102","1422595.java","selected","104","118"
"8924049","17082610","23","0.9375","2593456.java","selected","89","103","1422595.java","selected","104","118"
"1669535","17082610","23","0.9375","1616011.java","selected","99","113","1422595.java","selected","104","118"
"8537851","17082610","23","0.9375","2509245.java","selected","107","121","1422595.java","selected","104","118"
"3746738","17082610","23","0.9375","284272.java","selected","107","121","1422595.java","selected","104","118"
"13841414","15102194","23","0.9","612274.java","selected","89","98","1577262.java","selected","9","18"
"9898549","9898551","23","0.952586206896552","337379.java","selected","67","99","337379.java","selected","147","178"
"2746909","4284518","23","0.9375","245886.java","selected","56","70","1712367.java","selected","97","111"
"4284518","12194043","23","0.9375","1712367.java","selected","97","111","2069719.java","selected","97","111"
"4284518","8539991","23","0.9375","1712367.java","selected","97","111","2501958.java","selected","107","121"
"4284518","11453370","23","0.9375","1712367.java","selected","97","111","931602.java","selected","52","66"
"2746909","22421984","23","0.9375","245886.java","selected","56","70","939613.java","selected","120","134"
"2746909","8837901","23","0.9375","245886.java","selected","56","70","522719.java","selected","88","102"
"2746909","13157313","23","0.9375","245886.java","selected","56","70","952606.java","selected","107","121"
"2746909","12079426","23","0.9375","245886.java","selected","56","70","2372569.java","selected","88","102"
"2746909","19922498","23","0.9375","245886.java","selected","56","70","497716.java","selected","111","125"
"2746909","14357939","23","0.9375","245886.java","selected","56","70","2180965.java","selected","87","101"
"2746909","5701319","23","0.9375","245886.java","selected","56","70","1782576.java","selected","94","108"
"2746909","19663005","23","0.9375","245886.java","selected","56","70","2096828.java","selected","152","166"
"2746909","4542075","23","0.9375","245886.java","selected","56","70","700852.java","selected","89","103"
"2746909","4272110","23","0.9375","245886.java","selected","56","70","2701118.java","selected","88","102"
"2746909","8924049","23","0.9375","245886.java","selected","56","70","2593456.java","selected","89","103"
"1669535","2746909","23","0.9375","1616011.java","selected","99","113","245886.java","selected","56","70"
"2746909","8537851","23","0.9375","245886.java","selected","56","70","2509245.java","selected","107","121"
"2746909","3746738","23","0.9375","245886.java","selected","56","70","284272.java","selected","107","121"
"12194043","22421984","23","0.9375","2069719.java","selected","97","111","939613.java","selected","120","134"
"8539991","22421984","23","0.9375","2501958.java","selected","107","121","939613.java","selected","120","134"
"11453370","22421984","23","0.9375","931602.java","selected","52","66","939613.java","selected","120","134"
"8837901","12194043","23","0.9375","522719.java","selected","88","102","2069719.java","selected","97","111"
"8539991","8837901","23","0.9375","2501958.java","selected","107","121","522719.java","selected","88","102"
"8837901","11453370","23","0.9375","522719.java","selected","88","102","931602.java","selected","52","66"
"9008152","12879688","23","0.923076923076923","2012585.java","selected","268","280","1616206.java","selected","236","247"
"3727034","14304659","23","0.947368421052632","321861.java","selected","82","99","285457.java","selected","112","129"
"14304659","14516637","23","0.947368421052632","285457.java","selected","112","129","2053390.java","selected","82","99"
"12194043","13157313","23","0.9375","2069719.java","selected","97","111","952606.java","selected","107","121"
"8539991","13157313","23","0.9375","2501958.java","selected","107","121","952606.java","selected","107","121"
"11453370","13157313","23","0.9375","931602.java","selected","52","66","952606.java","selected","107","121"
"12079426","12194043","23","0.9375","2372569.java","selected","88","102","2069719.java","selected","97","111"
"8539991","12079426","23","0.9375","2501958.java","selected","107","121","2372569.java","selected","88","102"
"11453370","12079426","23","0.9375","931602.java","selected","52","66","2372569.java","selected","88","102"
"12194043","19922498","23","0.9375","2069719.java","selected","97","111","497716.java","selected","111","125"
"8539991","19922498","23","0.9375","2501958.java","selected","107","121","497716.java","selected","111","125"
"11453370","19922498","23","0.9375","931602.java","selected","52","66","497716.java","selected","111","125"
"12194043","14357939","23","0.9375","2069719.java","selected","97","111","2180965.java","selected","87","101"
"8539991","14357939","23","0.9375","2501958.java","selected","107","121","2180965.java","selected","87","101"
"11453370","14357939","23","0.9375","931602.java","selected","52","66","2180965.java","selected","87","101"
"9008146","12879684","23","0.954545454545455","2012585.java","selected","172","193","1616206.java","selected","156","176"
"14949264","16613733","23","0.916666666666667","1982410.java","selected","15","26","1897127.java","selected","60","71"
"2159455","16930547","23","0.9","92861.java","selected","191","198","2211592.java","selected","285","292"
"16930547","22718442","23","0.9","2211592.java","selected","285","292","653668.java","selected","167","174"
"16930547","17474862","23","0.9","2211592.java","selected","285","292","1727686.java","selected","162","169"
"15549036","16930547","23","0.9","2577087.java","selected","41","49","2211592.java","selected","285","292"
"3727034","5447536","23","0.947368421052632","321861.java","selected","82","99","1307940.java","selected","112","129"
"5447536","14516637","23","0.947368421052632","1307940.java","selected","112","129","2053390.java","selected","82","99"
"5701319","12194043","23","0.9375","1782576.java","selected","94","108","2069719.java","selected","97","111"
"5701319","8539991","23","0.9375","1782576.java","selected","94","108","2501958.java","selected","107","121"
"5701319","11453370","23","0.9375","1782576.java","selected","94","108","931602.java","selected","52","66"
"12194043","19663005","23","0.9375","2069719.java","selected","97","111","2096828.java","selected","152","166"
"8539991","19663005","23","0.9375","2501958.java","selected","107","121","2096828.java","selected","152","166"
"11453370","19663005","23","0.9375","931602.java","selected","52","66","2096828.java","selected","152","166"
"4542075","12194043","23","0.9375","700852.java","selected","89","103","2069719.java","selected","97","111"
"4272110","12194043","23","0.9375","2701118.java","selected","88","102","2069719.java","selected","97","111"
"8924049","12194043","23","0.9375","2593456.java","selected","89","103","2069719.java","selected","97","111"
"1669535","12194043","23","0.9375","1616011.java","selected","99","113","2069719.java","selected","97","111"
"8537851","12194043","23","0.9375","2509245.java","selected","107","121","2069719.java","selected","97","111"
"3746738","12194043","23","0.9375","284272.java","selected","107","121","2069719.java","selected","97","111"
"4542075","8539991","23","0.9375","700852.java","selected","89","103","2501958.java","selected","107","121"
"4542075","11453370","23","0.9375","700852.java","selected","89","103","931602.java","selected","52","66"
"2159455","15549036","23","0.9","92861.java","selected","191","198","2577087.java","selected","41","49"
"4272110","8539991","23","0.9375","2701118.java","selected","88","102","2501958.java","selected","107","121"
"8924049","11453370","23","0.9375","2593456.java","selected","89","103","931602.java","selected","52","66"
"4272110","11453370","23","0.9375","2701118.java","selected","88","102","931602.java","selected","52","66"
"8539991","8924049","23","0.9375","2501958.java","selected","107","121","2593456.java","selected","89","103"
"8537851","8539991","23","0.9375","2509245.java","selected","107","121","2501958.java","selected","107","121"
"3746738","8539991","23","0.9375","284272.java","selected","107","121","2501958.java","selected","107","121"
"1669535","8539991","23","0.9375","1616011.java","selected","99","113","2501958.java","selected","107","121"
"15549036","22718442","23","0.9","2577087.java","selected","41","49","653668.java","selected","167","174"
"15549036","17474862","23","0.9","2577087.java","selected","41","49","1727686.java","selected","162","169"
"1669535","11453370","23","0.9375","1616011.java","selected","99","113","931602.java","selected","52","66"
"8537851","11453370","23","0.9375","2509245.java","selected","107","121","931602.java","selected","52","66"
"3746738","11453370","23","0.9375","284272.java","selected","107","121","931602.java","selected","52","66"
"2390833","4426355","45","0.92","1151747.java","selected","79","101","2068445.java","selected","62","85"
"3843712","3866598","45","0.9","1567248.java","selected","24","43","410585.java","selected","24","42"
"77869","792841","35","0.954545454545455","28083.java","default","399","414","28755.java","default","405","420"
"957614","1136066","35","0.92","2259950.java","selected","403","502","2101025.java","selected","252","351"
"730844","1136066","35","0.99","88218.java","default","253","352","2101025.java","selected","252","351"
"453443","501547","35","0.9921875","91327.java","default","53","166","21474.java","default","53","166"
"669615","1136066","35","0.99","111519.java","default","253","352","2101025.java","selected","252","351"
"1136066","1954920","35","0.98","2101025.java","selected","252","351","1644882.java","selected","391","490"
"77869","243809","35","0.954545454545455","28083.java","default","399","414","92262.java","default","405","420"
"77869","846985","35","0.909090909090909","28083.java","default","399","414","85984.java","default","407","422"
"311978","453443","35","0.9921875","98546.java","default","53","166","91327.java","default","53","166"
"77869","935588","35","0.909090909090909","28083.java","default","399","414","13574.java","default","405","420"
"38689","77869","35","0.954545454545455","71672.java","default","405","420","28083.java","default","399","414"
"77869","443521","35","0.954545454545455","28083.java","default","399","414","60710.java","default","405","420"
"362411","453443","35","0.9921875","76982.java","default","53","166","91327.java","default","53","166"
"453443","488477","35","0.953125","91327.java","default","53","166","106694.java","default","53","166"
"453443","580965","35","0.953125","91327.java","default","53","166","23344.java","default","53","166"
"414323","453443","35","0.953125","136668.java","default","53","166","91327.java","default","53","166"
"232887","453443","35","0.953125","11275.java","default","53","166","91327.java","default","53","166"
"453443","570699","35","0.9921875","91327.java","default","53","166","131683.java","default","53","166"
"264408","453443","35","0.953125","101874.java","default","53","166","91327.java","default","53","166"
"453443","627810","35","0.9921875","91327.java","default","53","166","87516.java","default","53","166"
"93447","453443","35","0.953125","128513.java","default","53","166","91327.java","default","53","166"
"271634","453443","35","0.9921875","65482.java","default","53","166","91327.java","default","53","166"
"453443","831471","35","0.9921875","91327.java","default","53","166","80717.java","default","53","166"
"453443","557546","35","0.953125","91327.java","default","53","166","117432.java","default","53","166"
"335919","453443","35","0.9921875","86699.java","default","53","166","91327.java","default","53","166"
"380998","453443","35","0.953125","68056.java","default","53","166","91327.java","default","53","166"
"361635","453443","35","0.953125","104960.java","default","53","166","91327.java","default","53","166"
"1753732","1753734","35","0.948717948717949","865946.java","selected","415","453","865946.java","selected","511","547"
"1753733","1753734","35","0.948717948717949","865946.java","selected","463","501","865946.java","selected","511","547"
"38445","362411","35","0.9921875","7819.java","default","53","166","76982.java","default","53","166"
"362411","420464","35","0.9921875","76982.java","default","53","166","127351.java","default","53","166"
"968362","968372","35","0.933333333333333","2247325.java","selected","46","60","2247325.java","selected","174","188"
"968361","968362","35","0.933333333333333","2247325.java","selected","30","44","2247325.java","selected","46","60"
"362411","864211","35","0.9921875","76982.java","default","53","166","115119.java","default","50","163"
"362411","488477","35","0.9609375","76982.java","default","53","166","106694.java","default","53","166"
"282653","362411","35","0.9921875","26530.java","default","53","166","76982.java","default","53","166"
"264408","362411","35","0.9609375","101874.java","default","53","166","76982.java","default","53","166"
"362411","774117","35","0.9921875","76982.java","default","53","166","49550.java","default","53","166"
"362411","741486","35","0.9921875","76982.java","default","53","166","9235.java","default","53","166"
"362411","719027","35","0.9921875","76982.java","default","53","166","1268.java","default","53","166"
"362411","580965","35","0.9609375","76982.java","default","53","166","23344.java","default","53","166"
"362411","414323","35","0.9609375","76982.java","default","53","166","136668.java","default","53","166"
"232887","362411","35","0.9609375","11275.java","default","53","166","76982.java","default","53","166"
"362411","380998","35","0.9609375","76982.java","default","53","166","68056.java","default","53","166"
"361635","362411","35","0.9609375","104960.java","default","53","166","76982.java","default","53","166"
"488477","774117","35","0.953125","106694.java","default","53","166","49550.java","default","53","166"
"311978","488477","35","0.9609375","98546.java","default","53","166","106694.java","default","53","166"
"420464","488477","35","0.953125","127351.java","default","53","166","106694.java","default","53","166"
"362411","557546","35","0.9609375","76982.java","default","53","166","117432.java","default","53","166"
"362411","716975","35","0.9921875","76982.java","default","53","166","117109.java","default","53","166"
"362411","427711","35","0.9921875","76982.java","default","53","166","54962.java","default","53","166"
"93447","362411","35","0.9609375","128513.java","default","53","166","76982.java","default","53","166"
"35511","362411","35","0.9921875","20292.java","default","53","166","76982.java","default","53","166"
"282653","488477","35","0.953125","26530.java","default","53","166","106694.java","default","53","166"
"488477","501547","35","0.9609375","106694.java","default","53","166","21474.java","default","53","166"
"38445","488477","35","0.953125","7819.java","default","53","166","106694.java","default","53","166"
"488477","741486","35","0.953125","106694.java","default","53","166","9235.java","default","53","166"
"488477","719027","35","0.953125","106694.java","default","53","166","1268.java","default","53","166"
"35511","488477","35","0.953125","20292.java","default","53","166","106694.java","default","53","166"
"488477","570699","35","0.9609375","106694.java","default","53","166","131683.java","default","53","166"
"488477","864211","35","0.953125","106694.java","default","53","166","115119.java","default","50","163"
"488477","627810","35","0.9609375","106694.java","default","53","166","87516.java","default","53","166"
"271634","488477","35","0.9609375","65482.java","default","53","166","106694.java","default","53","166"
"488477","831471","35","0.9609375","106694.java","default","53","166","80717.java","default","53","166"
"488477","716975","35","0.953125","106694.java","default","53","166","117109.java","default","53","166"
"427711","488477","35","0.953125","54962.java","default","53","166","106694.java","default","53","166"
"335919","488477","35","0.9609375","86699.java","default","53","166","106694.java","default","53","166"
"282653","501547","35","0.9921875","26530.java","default","53","166","21474.java","default","53","166"
"264408","282653","35","0.953125","101874.java","default","53","166","26530.java","default","53","166"
"282653","311978","35","0.9921875","26530.java","default","53","166","98546.java","default","53","166"
"282653","580965","35","0.953125","26530.java","default","53","166","23344.java","default","53","166"
"282653","414323","35","0.953125","26530.java","default","53","166","136668.java","default","53","166"
"232887","282653","35","0.953125","11275.java","default","53","166","26530.java","default","53","166"
"282653","570699","35","0.9921875","26530.java","default","53","166","131683.java","default","53","166"
"282653","627810","35","0.9921875","26530.java","default","53","166","87516.java","default","53","166"
"271634","282653","35","0.9921875","65482.java","default","53","166","26530.java","default","53","166"
"282653","831471","35","0.9921875","26530.java","default","53","166","80717.java","default","53","166"
"282653","557546","35","0.953125","26530.java","default","53","166","117432.java","default","53","166"
"93447","282653","35","0.953125","128513.java","default","53","166","26530.java","default","53","166"
"282653","335919","35","0.9921875","26530.java","default","53","166","86699.java","default","53","166"
"282653","380998","35","0.953125","26530.java","default","53","166","68056.java","default","53","166"
"282653","361635","35","0.953125","26530.java","default","53","166","104960.java","default","53","166"
"29780","2752084","35","0.9375","41424.java","default","206","219","42454.java","selected","226","240"
"839657","2752084","35","0.9375","64687.java","default","206","219","42454.java","selected","226","240"
"858618","2752084","35","0.9375","18792.java","default","202","215","42454.java","selected","226","240"
"38445","93447","35","0.953125","7819.java","default","53","166","128513.java","default","53","166"
"420464","501547","35","0.9921875","127351.java","default","53","166","21474.java","default","53","166"
"501547","741486","35","0.9921875","21474.java","default","53","166","9235.java","default","53","166"
"38445","501547","35","0.9921875","7819.java","default","53","166","21474.java","default","53","166"
"264408","501547","35","0.9609375","101874.java","default","53","166","21474.java","default","53","166"
"501547","774117","35","0.9921875","21474.java","default","53","166","49550.java","default","53","166"
"501547","719027","35","0.9921875","21474.java","default","53","166","1268.java","default","53","166"
"501547","580965","35","0.9609375","21474.java","default","53","166","23344.java","default","53","166"
"414323","501547","35","0.9609375","136668.java","default","53","166","21474.java","default","53","166"
"232887","501547","35","0.9609375","11275.java","default","53","166","21474.java","default","53","166"
"380998","501547","35","0.9609375","68056.java","default","53","166","21474.java","default","53","166"
"361635","501547","35","0.9609375","104960.java","default","53","166","21474.java","default","53","166"
"501547","864211","35","0.9921875","21474.java","default","53","166","115119.java","default","50","163"
"38445","311978","35","0.9921875","7819.java","default","53","166","98546.java","default","53","166"
"501547","557546","35","0.9609375","21474.java","default","53","166","117432.java","default","53","166"
"501547","716975","35","0.9921875","21474.java","default","53","166","117109.java","default","53","166"
"427711","501547","35","0.9921875","54962.java","default","53","166","21474.java","default","53","166"
"93447","501547","35","0.9609375","128513.java","default","53","166","21474.java","default","53","166"
"35511","501547","35","0.9921875","20292.java","default","53","166","21474.java","default","53","166"
"38445","580965","35","0.953125","7819.java","default","53","166","23344.java","default","53","166"
"38445","414323","35","0.953125","7819.java","default","53","166","136668.java","default","53","166"
"38445","232887","35","0.953125","7819.java","default","53","166","11275.java","default","53","166"
"38445","570699","35","0.9921875","7819.java","default","53","166","131683.java","default","53","166"
"38445","264408","35","0.953125","7819.java","default","53","166","101874.java","default","53","166"
"38445","627810","35","0.9921875","7819.java","default","53","166","87516.java","default","53","166"
"38445","271634","35","0.9921875","7819.java","default","53","166","65482.java","default","53","166"
"38445","831471","35","0.9921875","7819.java","default","53","166","80717.java","default","53","166"
"38445","557546","35","0.953125","7819.java","default","53","166","117432.java","default","53","166"
"38445","335919","35","0.9921875","7819.java","default","53","166","86699.java","default","53","166"
"38445","380998","35","0.953125","7819.java","default","53","166","68056.java","default","53","166"
"38445","361635","35","0.953125","7819.java","default","53","166","104960.java","default","53","166"
"1008440","1008441","35","0.947368421052632","562938.java","selected","157","175","562938.java","selected","190","208"
"957614","999127","35","0.92","2259950.java","selected","403","502","805947.java","selected","251","350"
"730844","999127","35","0.99","88218.java","default","253","352","805947.java","selected","251","350"
"264408","570699","35","0.9609375","101874.java","default","53","166","131683.java","default","53","166"
"669615","999127","35","0.99","111519.java","default","253","352","805947.java","selected","251","350"
"999127","1954920","35","0.98","805947.java","selected","251","350","1644882.java","selected","391","490"
"264408","774117","35","0.953125","101874.java","default","53","166","49550.java","default","53","166"
"264408","311978","35","0.9609375","101874.java","default","53","166","98546.java","default","53","166"
"264408","420464","35","0.953125","101874.java","default","53","166","127351.java","default","53","166"
"264408","741486","35","0.953125","101874.java","default","53","166","9235.java","default","53","166"
"264408","719027","35","0.953125","101874.java","default","53","166","1268.java","default","53","166"
"35511","264408","35","0.953125","20292.java","default","53","166","101874.java","default","53","166"
"264408","864211","35","0.953125","101874.java","default","53","166","115119.java","default","50","163"
"264408","627810","35","0.9609375","101874.java","default","53","166","87516.java","default","53","166"
"264408","271634","35","0.9609375","101874.java","default","53","166","65482.java","default","53","166"
"264408","831471","35","0.9609375","101874.java","default","53","166","80717.java","default","53","166"
"264408","716975","35","0.953125","101874.java","default","53","166","117109.java","default","53","166"
"264408","427711","35","0.953125","101874.java","default","53","166","54962.java","default","53","166"
"243809","897854","35","0.954545454545455","92262.java","default","405","420","53939.java","default","399","414"
"264408","335919","35","0.9609375","101874.java","default","53","166","86699.java","default","53","166"
"1753732","1753735","35","0.948717948717949","865946.java","selected","415","453","865946.java","selected","557","593"
"243809","745207","35","0.954545454545455","92262.java","default","405","420","20843.java","default","399","414"
"243809","492186","35","0.954545454545455","92262.java","default","405","420","125079.java","default","399","414"
"957614","2874199","35","0.92","2259950.java","selected","403","502","1042270.java","selected","269","368"
"730844","2874199","35","0.99","88218.java","default","253","352","1042270.java","selected","269","368"
"669615","2874199","35","0.99","111519.java","default","253","352","1042270.java","selected","269","368"
"1954920","2874199","35","0.98","1644882.java","selected","391","490","1042270.java","selected","269","368"
"311978","774117","35","0.9921875","98546.java","default","53","166","49550.java","default","53","166"
"93447","774117","35","0.953125","128513.java","default","53","166","49550.java","default","53","166"
"580965","774117","35","0.953125","23344.java","default","53","166","49550.java","default","53","166"
"414323","774117","35","0.953125","136668.java","default","53","166","49550.java","default","53","166"
"232887","774117","35","0.953125","11275.java","default","53","166","49550.java","default","53","166"
"570699","774117","35","0.9921875","131683.java","default","53","166","49550.java","default","53","166"
"627810","774117","35","0.9921875","87516.java","default","53","166","49550.java","default","53","166"
"271634","774117","35","0.9921875","65482.java","default","53","166","49550.java","default","53","166"
"774117","831471","35","0.9921875","49550.java","default","53","166","80717.java","default","53","166"
"557546","774117","35","0.953125","117432.java","default","53","166","49550.java","default","53","166"
"420464","580965","35","0.953125","127351.java","default","53","166","23344.java","default","53","166"
"414323","420464","35","0.953125","136668.java","default","53","166","127351.java","default","53","166"
"232887","420464","35","0.953125","11275.java","default","53","166","127351.java","default","53","166"
"335919","774117","35","0.9921875","86699.java","default","53","166","49550.java","default","53","166"
"380998","774117","35","0.953125","68056.java","default","53","166","49550.java","default","53","166"
"361635","774117","35","0.953125","104960.java","default","53","166","49550.java","default","53","166"
"311978","420464","35","0.9921875","98546.java","default","53","166","127351.java","default","53","166"
"311978","741486","35","0.9921875","98546.java","default","53","166","9235.java","default","53","166"
"311978","719027","35","0.9921875","98546.java","default","53","166","1268.java","default","53","166"
"311978","580965","35","0.9609375","98546.java","default","53","166","23344.java","default","53","166"
"311978","414323","35","0.9609375","98546.java","default","53","166","136668.java","default","53","166"
"232887","311978","35","0.9609375","11275.java","default","53","166","98546.java","default","53","166"
"311978","380998","35","0.9609375","98546.java","default","53","166","68056.java","default","53","166"
"311978","361635","35","0.9609375","98546.java","default","53","166","104960.java","default","53","166"
"311978","864211","35","0.9921875","98546.java","default","53","166","115119.java","default","50","163"
"311978","557546","35","0.9609375","98546.java","default","53","166","117432.java","default","53","166"
"311978","716975","35","0.9921875","98546.java","default","53","166","117109.java","default","53","166"
"311978","427711","35","0.9921875","98546.java","default","53","166","54962.java","default","53","166"
"93447","311978","35","0.9609375","128513.java","default","53","166","98546.java","default","53","166"
"35511","311978","35","0.9921875","20292.java","default","53","166","98546.java","default","53","166"
"957614","2920425","35","0.92","2259950.java","selected","403","502","1453958.java","selected","252","351"
"730844","957614","35","0.93","88218.java","default","253","352","2259950.java","selected","403","502"
"957614","1715797","35","0.92","2259950.java","selected","403","502","1291365.java","selected","251","350"
"957614","1142010","35","0.92","2259950.java","selected","403","502","1600479.java","selected","251","350"
"957614","1205414","35","0.92","2259950.java","selected","403","502","1894116.java","selected","253","352"
"957614","1037736","35","0.92","2259950.java","selected","403","502","1140887.java","selected","250","349"
"366700","957614","35","0.92","130158.java","default","261","360","2259950.java","selected","403","502"
"669615","957614","35","0.93","111519.java","default","253","352","2259950.java","selected","403","502"
"957614","1990444","35","0.92","2259950.java","selected","403","502","52376.java","selected","251","350"
"957614","1954920","35","0.94","2259950.java","selected","403","502","1644882.java","selected","391","490"
"93447","420464","35","0.953125","128513.java","default","53","166","127351.java","default","53","166"
"420464","570699","35","0.9921875","127351.java","default","53","166","131683.java","default","53","166"
"420464","627810","35","0.9921875","127351.java","default","53","166","87516.java","default","53","166"
"271634","420464","35","0.9921875","65482.java","default","53","166","127351.java","default","53","166"
"420464","831471","35","0.9921875","127351.java","default","53","166","80717.java","default","53","166"
"420464","557546","35","0.953125","127351.java","default","53","166","117432.java","default","53","166"
"93447","741486","35","0.953125","128513.java","default","53","166","9235.java","default","53","166"
"335919","420464","35","0.9921875","86699.java","default","53","166","127351.java","default","53","166"
"380998","420464","35","0.953125","68056.java","default","53","166","127351.java","default","53","166"
"361635","420464","35","0.953125","104960.java","default","53","166","127351.java","default","53","166"
"580965","741486","35","0.953125","23344.java","default","53","166","9235.java","default","53","166"
"414323","741486","35","0.953125","136668.java","default","53","166","9235.java","default","53","166"
"232887","741486","35","0.953125","11275.java","default","53","166","9235.java","default","53","166"
"570699","741486","35","0.9921875","131683.java","default","53","166","9235.java","default","53","166"
"1954920","2920425","35","0.98","1644882.java","selected","391","490","1453958.java","selected","252","351"
"627810","741486","35","0.9921875","87516.java","default","53","166","9235.java","default","53","166"
"271634","741486","35","0.9921875","65482.java","default","53","166","9235.java","default","53","166"
"741486","831471","35","0.9921875","9235.java","default","53","166","80717.java","default","53","166"
"557546","741486","35","0.953125","117432.java","default","53","166","9235.java","default","53","166"
"745207","792841","35","0.954545454545455","20843.java","default","399","414","28755.java","default","405","420"
"730844","1990444","35","0.99","88218.java","default","253","352","52376.java","selected","251","350"
"730844","1954920","35","0.99","88218.java","default","253","352","1644882.java","selected","391","490"
"335919","741486","35","0.9921875","86699.java","default","53","166","9235.java","default","53","166"
"380998","741486","35","0.953125","68056.java","default","53","166","9235.java","default","53","166"
"361635","741486","35","0.953125","104960.java","default","53","166","9235.java","default","53","166"
"323202","688593","35","0.923076923076923","28316.java","default","545","557","62957.java","default","508","519"
"730844","2920425","35","0.99","88218.java","default","253","352","1453958.java","selected","252","351"
"669615","2920425","35","0.99","111519.java","default","253","352","1453958.java","selected","252","351"
"745207","846985","35","0.909090909090909","20843.java","default","399","414","85984.java","default","407","422"
"745207","935588","35","0.909090909090909","20843.java","default","399","414","13574.java","default","405","420"
"38689","745207","35","0.954545454545455","71672.java","default","405","420","20843.java","default","399","414"
"443521","745207","35","0.954545454545455","60710.java","default","405","420","20843.java","default","399","414"
"1715797","1954920","35","0.98","1291365.java","selected","251","350","1644882.java","selected","391","490"
"627810","719027","35","0.9921875","87516.java","default","53","166","1268.java","default","53","166"
"271634","719027","35","0.9921875","65482.java","default","53","166","1268.java","default","53","166"
"730844","1715797","35","0.99","88218.java","default","253","352","1291365.java","selected","251","350"
"730844","1142010","35","0.99","88218.java","default","253","352","1600479.java","selected","251","350"
"730844","1205414","35","0.99","88218.java","default","253","352","1894116.java","selected","253","352"
"730844","1037736","35","0.99","88218.java","default","253","352","1140887.java","selected","250","349"
"366700","730844","35","0.99","130158.java","default","261","360","88218.java","default","253","352"
"669615","1715797","35","0.99","111519.java","default","253","352","1291365.java","selected","251","350"
"580965","719027","35","0.953125","23344.java","default","53","166","1268.java","default","53","166"
"414323","719027","35","0.953125","136668.java","default","53","166","1268.java","default","53","166"
"232887","719027","35","0.953125","11275.java","default","53","166","1268.java","default","53","166"
"570699","719027","35","0.9921875","131683.java","default","53","166","1268.java","default","53","166"
"719027","831471","35","0.9921875","1268.java","default","53","166","80717.java","default","53","166"
"557546","719027","35","0.953125","117432.java","default","53","166","1268.java","default","53","166"
"570699","580965","35","0.9609375","131683.java","default","53","166","23344.java","default","53","166"
"93447","719027","35","0.953125","128513.java","default","53","166","1268.java","default","53","166"
"335919","719027","35","0.9921875","86699.java","default","53","166","1268.java","default","53","166"
"380998","719027","35","0.953125","68056.java","default","53","166","1268.java","default","53","166"
"361635","719027","35","0.953125","104960.java","default","53","166","1268.java","default","53","166"
"492186","846985","35","0.909090909090909","125079.java","default","399","414","85984.java","default","407","422"
"846985","897854","35","0.909090909090909","85984.java","default","407","422","53939.java","default","399","414"
"35511","580965","35","0.953125","20292.java","default","53","166","23344.java","default","53","166"
"580965","864211","35","0.953125","23344.java","default","53","166","115119.java","default","50","163"
"580965","627810","35","0.9609375","23344.java","default","53","166","87516.java","default","53","166"
"271634","580965","35","0.9609375","65482.java","default","53","166","23344.java","default","53","166"
"580965","831471","35","0.9609375","23344.java","default","53","166","80717.java","default","53","166"
"580965","716975","35","0.953125","23344.java","default","53","166","117109.java","default","53","166"
"427711","580965","35","0.953125","54962.java","default","53","166","23344.java","default","53","166"
"335919","580965","35","0.9609375","86699.java","default","53","166","23344.java","default","53","166"
"35511","414323","35","0.953125","20292.java","default","53","166","136668.java","default","53","166"
"414323","570699","35","0.9609375","136668.java","default","53","166","131683.java","default","53","166"
"414323","864211","35","0.953125","136668.java","default","53","166","115119.java","default","50","163"
"414323","627810","35","0.9609375","136668.java","default","53","166","87516.java","default","53","166"
"271634","414323","35","0.9609375","65482.java","default","53","166","136668.java","default","53","166"
"414323","831471","35","0.9609375","136668.java","default","53","166","80717.java","default","53","166"
"414323","716975","35","0.953125","136668.java","default","53","166","117109.java","default","53","166"
"414323","427711","35","0.953125","136668.java","default","53","166","54962.java","default","53","166"
"335919","414323","35","0.9609375","86699.java","default","53","166","136668.java","default","53","166"
"35511","232887","35","0.953125","20292.java","default","53","166","11275.java","default","53","166"
"380998","570699","35","0.9609375","68056.java","default","53","166","131683.java","default","53","166"
"361635","570699","35","0.9609375","104960.java","default","53","166","131683.java","default","53","166"
"232887","570699","35","0.9609375","11275.java","default","53","166","131683.java","default","53","166"
"232887","864211","35","0.953125","11275.java","default","53","166","115119.java","default","50","163"
"232887","627810","35","0.9609375","11275.java","default","53","166","87516.java","default","53","166"
"232887","271634","35","0.9609375","11275.java","default","53","166","65482.java","default","53","166"
"232887","831471","35","0.9609375","11275.java","default","53","166","80717.java","default","53","166"
"232887","716975","35","0.953125","11275.java","default","53","166","117109.java","default","53","166"
"232887","427711","35","0.953125","11275.java","default","53","166","54962.java","default","53","166"
"232887","335919","35","0.9609375","11275.java","default","53","166","86699.java","default","53","166"
"570699","864211","35","0.9921875","131683.java","default","53","166","115119.java","default","50","163"
"557546","570699","35","0.9609375","117432.java","default","53","166","131683.java","default","53","166"
"570699","716975","35","0.9921875","131683.java","default","53","166","117109.java","default","53","166"
"427711","570699","35","0.9921875","54962.java","default","53","166","131683.java","default","53","166"
"93447","570699","35","0.9609375","128513.java","default","53","166","131683.java","default","53","166"
"35511","570699","35","0.9921875","20292.java","default","53","166","131683.java","default","53","166"
"131720","780954","35","0.901234567901235","63334.java","default","46","114","29166.java","default","41","103"
"93447","864211","35","0.953125","128513.java","default","53","166","115119.java","default","50","163"
"669615","1142010","35","0.99","111519.java","default","253","352","1600479.java","selected","251","350"
"1142010","1954920","35","0.98","1600479.java","selected","251","350","1644882.java","selected","391","490"
"627810","864211","35","0.9921875","87516.java","default","53","166","115119.java","default","50","163"
"271634","864211","35","0.9921875","65482.java","default","53","166","115119.java","default","50","163"
"831471","864211","35","0.9921875","80717.java","default","53","166","115119.java","default","50","163"
"557546","864211","35","0.953125","117432.java","default","53","166","115119.java","default","50","163"
"335919","864211","35","0.9921875","86699.java","default","53","166","115119.java","default","50","163"
"380998","864211","35","0.953125","68056.java","default","53","166","115119.java","default","50","163"
"361635","864211","35","0.953125","104960.java","default","53","166","115119.java","default","50","163"
"380998","627810","35","0.9609375","68056.java","default","53","166","87516.java","default","53","166"
"361635","627810","35","0.9609375","104960.java","default","53","166","87516.java","default","53","166"
"271634","380998","35","0.9609375","65482.java","default","53","166","68056.java","default","53","166"
"271634","361635","35","0.9609375","65482.java","default","53","166","104960.java","default","53","166"
"557546","627810","35","0.9609375","117432.java","default","53","166","87516.java","default","53","166"
"627810","716975","35","0.9921875","87516.java","default","53","166","117109.java","default","53","166"
"427711","627810","35","0.9921875","54962.java","default","53","166","87516.java","default","53","166"
"93447","627810","35","0.9609375","128513.java","default","53","166","87516.java","default","53","166"
"35511","627810","35","0.9921875","20292.java","default","53","166","87516.java","default","53","166"
"271634","557546","35","0.9609375","65482.java","default","53","166","117432.java","default","53","166"
"271634","716975","35","0.9921875","65482.java","default","53","166","117109.java","default","53","166"
"271634","427711","35","0.9921875","65482.java","default","53","166","54962.java","default","53","166"
"93447","271634","35","0.9609375","128513.java","default","53","166","65482.java","default","53","166"
"35511","271634","35","0.9921875","20292.java","default","53","166","65482.java","default","53","166"
"492186","792841","35","0.954545454545455","125079.java","default","399","414","28755.java","default","405","420"
"492186","935588","35","0.909090909090909","125079.java","default","399","414","13574.java","default","405","420"
"38689","492186","35","0.954545454545455","71672.java","default","405","420","125079.java","default","399","414"
"443521","492186","35","0.954545454545455","60710.java","default","405","420","125079.java","default","399","414"
"792841","897854","35","0.954545454545455","28755.java","default","405","420","53939.java","default","399","414"
"1205414","1954920","35","0.98","1894116.java","selected","253","352","1644882.java","selected","391","490"
"669615","1205414","35","0.99","111519.java","default","253","352","1894116.java","selected","253","352"
"1753733","1753735","35","0.948717948717949","865946.java","selected","463","501","865946.java","selected","557","593"
"897854","935588","35","0.909090909090909","53939.java","default","399","414","13574.java","default","405","420"
"38689","897854","35","0.954545454545455","71672.java","default","405","420","53939.java","default","399","414"
"443521","897854","35","0.954545454545455","60710.java","default","405","420","53939.java","default","399","414"
"669615","1037736","35","0.99","111519.java","default","253","352","1140887.java","selected","250","349"
"380998","831471","35","0.9609375","68056.java","default","53","166","80717.java","default","53","166"
"361635","831471","35","0.9609375","104960.java","default","53","166","80717.java","default","53","166"
"1037736","1954920","35","0.98","1140887.java","selected","250","349","1644882.java","selected","391","490"
"366700","1954920","35","0.98","130158.java","default","261","360","1644882.java","selected","391","490"
"366700","669615","35","0.99","130158.java","default","261","360","111519.java","default","253","352"
"169723","411047","35","0.909090909090909","88867.java","default","21","73","22947.java","default","41","94"
"389637","411047","35","0.909090909090909","60632.java","default","21","73","22947.java","default","41","94"
"251247","411047","35","0.909090909090909","19506.java","default","21","73","22947.java","default","41","94"
"557546","831471","35","0.9609375","117432.java","default","53","166","80717.java","default","53","166"
"716975","831471","35","0.9921875","117109.java","default","53","166","80717.java","default","53","166"
"427711","831471","35","0.9921875","54962.java","default","53","166","80717.java","default","53","166"
"93447","831471","35","0.9609375","128513.java","default","53","166","80717.java","default","53","166"
"35511","831471","35","0.9921875","20292.java","default","53","166","80717.java","default","53","166"
"557546","716975","35","0.953125","117432.java","default","53","166","117109.java","default","53","166"
"427711","557546","35","0.953125","54962.java","default","53","166","117432.java","default","53","166"
"35511","557546","35","0.953125","20292.java","default","53","166","117432.java","default","53","166"
"335919","557546","35","0.9609375","86699.java","default","53","166","117432.java","default","53","166"
"93447","716975","35","0.953125","128513.java","default","53","166","117109.java","default","53","166"
"335919","716975","35","0.9921875","86699.java","default","53","166","117109.java","default","53","166"
"380998","716975","35","0.953125","68056.java","default","53","166","117109.java","default","53","166"
"361635","716975","35","0.953125","104960.java","default","53","166","117109.java","default","53","166"
"669615","1990444","35","0.99","111519.java","default","253","352","52376.java","selected","251","350"
"669615","1954920","35","0.99","111519.java","default","253","352","1644882.java","selected","391","490"
"1954920","1990444","35","0.98","1644882.java","selected","391","490","52376.java","selected","251","350"
"169723","879711","35","0.909090909090909","88867.java","default","21","73","105332.java","default","41","94"
"389637","879711","35","0.909090909090909","60632.java","default","21","73","105332.java","default","41","94"
"251247","879711","35","0.909090909090909","19506.java","default","21","73","105332.java","default","41","94"
"93447","427711","35","0.953125","128513.java","default","53","166","54962.java","default","53","166"
"335919","427711","35","0.9921875","86699.java","default","53","166","54962.java","default","53","166"
"380998","427711","35","0.953125","68056.java","default","53","166","54962.java","default","53","166"
"361635","427711","35","0.953125","104960.java","default","53","166","54962.java","default","53","166"
"35511","93447","35","0.953125","20292.java","default","53","166","128513.java","default","53","166"
"93447","335919","35","0.9609375","128513.java","default","53","166","86699.java","default","53","166"
"35511","335919","35","0.9921875","20292.java","default","53","166","86699.java","default","53","166"
"35511","380998","35","0.953125","20292.java","default","53","166","68056.java","default","53","166"
"35511","361635","35","0.953125","20292.java","default","53","166","104960.java","default","53","166"
"335919","380998","35","0.9609375","86699.java","default","53","166","68056.java","default","53","166"
"335919","361635","35","0.9609375","86699.java","default","53","166","104960.java","default","53","166"
"25839","93570","40","0.91044776119403","18032.java","default","20","75","8506.java","default","20","70"
"25839","68708","40","0.91044776119403","18032.java","default","20","75","14153.java","default","20","70"
"25839","472846","40","0.91044776119403","18032.java","default","20","75","46733.java","default","20","70"
"25839","173394","40","0.91044776119403","18032.java","default","20","75","123451.java","default","20","70"
"25839","331443","40","0.91044776119403","18032.java","default","20","75","42530.java","default","24","77"
"25839","302290","40","0.91044776119403","18032.java","default","20","75","71677.java","default","20","70"
"25839","354236","40","0.91044776119403","18032.java","default","20","75","8548.java","default","20","70"
"25839","365522","40","0.91044776119403","18032.java","default","20","75","137593.java","default","20","70"
"25839","416330","40","0.91044776119403","18032.java","default","20","75","111270.java","default","24","77"
"114729","161950","40","0.941176470588235","45677.java","default","16","45","91489.java","default","16","45"
"106543","117262","40","0.943661971830986","124879.java","default","24","83","107631.java","default","23","84"
"161950","281031","40","0.941176470588235","91489.java","default","16","45","23312.java","default","16","45"
"161821","161950","40","0.941176470588235","47921.java","default","16","45","91489.java","default","16","45"
"46777","161950","40","0.941176470588235","30925.java","default","16","45","91489.java","default","16","45"
"161950","385827","40","0.941176470588235","91489.java","default","16","45","116279.java","default","16","45"
"161950","264470","40","0.941176470588235","91489.java","default","16","45","25685.java","default","17","46"
"161950","280232","40","0.941176470588235","91489.java","default","16","45","100794.java","default","16","45"
"161950","346193","40","0.941176470588235","91489.java","default","16","45","125766.java","default","17","46"
"91501","161950","40","0.941176470588235","129663.java","default","16","45","91489.java","default","16","45"
"161950","351827","40","0.941176470588235","91489.java","default","16","45","130832.java","default","17","46"
"161950","377523","40","0.941176470588235","91489.java","default","16","45","73285.java","default","16","45"
"117262","344723","40","0.943661971830986","107631.java","default","23","84","5567.java","default","24","83"
"117262","475617","40","0.943661971830986","107631.java","default","23","84","32268.java","default","24","83"
"93570","162106","40","0.91044776119403","8506.java","default","20","70","101001.java","default","20","75"
"93570","326712","40","0.951612903225806","8506.java","default","20","70","40921.java","default","21","71"
"93570","320201","40","0.91044776119403","8506.java","default","20","70","36071.java","default","20","75"
"86170","93570","40","0.951612903225806","9986.java","default","21","71","8506.java","default","20","70"
"93570","273486","40","0.91044776119403","8506.java","default","20","70","5489.java","default","20","75"
"93570","441330","40","0.951612903225806","8506.java","default","20","70","8970.java","default","21","71"
"93570","495573","40","0.91044776119403","8506.java","default","20","70","107017.java","default","20","75"
"93570","215420","40","0.91044776119403","8506.java","default","20","70","55062.java","default","20","75"
"93570","307952","40","0.951612903225806","8506.java","default","20","70","36772.java","default","21","71"
"83588","93570","40","0.91044776119403","4297.java","default","20","75","8506.java","default","20","70"
"93570","108086","40","0.91044776119403","8506.java","default","20","70","121041.java","default","20","75"
"93570","412224","40","0.951612903225806","8506.java","default","20","70","59583.java","default","21","71"
"10942","117262","40","0.943661971830986","59943.java","default","24","83","107631.java","default","23","84"
"162106","416330","40","0.91044776119403","101001.java","default","20","75","111270.java","default","24","77"
"39261","93570","40","0.91044776119403","80007.java","default","20","75","8506.java","default","20","70"
"49244","93570","40","0.951612903225806","128221.java","default","21","71","8506.java","default","20","70"
"93570","201328","40","0.951612903225806","8506.java","default","20","70","54915.java","default","21","71"
"93570","116383","40","0.91044776119403","8506.java","default","20","70","16429.java","default","20","75"
"93570","280742","40","0.951612903225806","8506.java","default","20","70","108171.java","default","21","71"
"56285","93570","40","0.91044776119403","12038.java","default","20","75","8506.java","default","20","70"
"93570","385270","40","0.91044776119403","8506.java","default","20","70","41445.java","default","20","75"
"39261","416330","40","0.91044776119403","80007.java","default","20","75","111270.java","default","24","77"
"49244","68708","40","0.951612903225806","128221.java","default","21","71","14153.java","default","20","70"
"68708","201328","40","0.951612903225806","14153.java","default","20","70","54915.java","default","21","71"
"68708","116383","40","0.91044776119403","14153.java","default","20","70","16429.java","default","20","75"
"68708","280742","40","0.951612903225806","14153.java","default","20","70","108171.java","default","21","71"
"56285","68708","40","0.91044776119403","12038.java","default","20","75","14153.java","default","20","70"
"39261","68708","40","0.91044776119403","80007.java","default","20","75","14153.java","default","20","70"
"39261","472846","40","0.91044776119403","80007.java","default","20","75","46733.java","default","20","70"
"39261","173394","40","0.91044776119403","80007.java","default","20","75","123451.java","default","20","70"
"39261","331443","40","0.91044776119403","80007.java","default","20","75","42530.java","default","24","77"
"39261","354236","40","0.91044776119403","80007.java","default","20","75","8548.java","default","20","70"
"39261","365522","40","0.91044776119403","80007.java","default","20","75","137593.java","default","20","70"
"68708","307952","40","0.951612903225806","14153.java","default","20","70","36772.java","default","21","71"
"68708","83588","40","0.91044776119403","14153.java","default","20","70","4297.java","default","20","75"
"162106","331443","40","0.91044776119403","101001.java","default","20","75","42530.java","default","24","77"
"162106","354236","40","0.91044776119403","101001.java","default","20","75","8548.java","default","20","70"
"162106","365522","40","0.91044776119403","101001.java","default","20","75","137593.java","default","20","70"
"39261","302290","40","0.91044776119403","80007.java","default","20","75","71677.java","default","20","70"
"29754","330854","40","0.908045977011494","37912.java","default","44","69","47483.java","default","53","78"
"68708","162106","40","0.91044776119403","14153.java","default","20","70","101001.java","default","20","75"
"68708","326712","40","0.951612903225806","14153.java","default","20","70","40921.java","default","21","71"
"68708","320201","40","0.91044776119403","14153.java","default","20","70","36071.java","default","20","75"
"68708","86170","40","0.951612903225806","14153.java","default","20","70","9986.java","default","21","71"
"68708","273486","40","0.91044776119403","14153.java","default","20","70","5489.java","default","20","75"
"68708","441330","40","0.951612903225806","14153.java","default","20","70","8970.java","default","21","71"
"68708","495573","40","0.91044776119403","14153.java","default","20","70","107017.java","default","20","75"
"68708","215420","40","0.91044776119403","14153.java","default","20","70","55062.java","default","20","75"
"68708","108086","40","0.91044776119403","14153.java","default","20","70","121041.java","default","20","75"
"68708","412224","40","0.951612903225806","14153.java","default","20","70","59583.java","default","21","71"
"68708","385270","40","0.91044776119403","14153.java","default","20","70","41445.java","default","20","75"
"162106","472846","40","0.91044776119403","101001.java","default","20","75","46733.java","default","20","70"
"162106","173394","40","0.91044776119403","101001.java","default","20","75","123451.java","default","20","70"
"162106","302290","40","0.91044776119403","101001.java","default","20","75","71677.java","default","20","70"
"125344","281031","40","0.941176470588235","107313.java","default","16","45","23312.java","default","16","45"
"326712","354236","40","0.951612903225806","40921.java","default","21","71","8548.java","default","20","70"
"326712","365522","40","0.951612903225806","40921.java","default","21","71","137593.java","default","20","70"
"125344","161821","40","0.941176470588235","107313.java","default","16","45","47921.java","default","16","45"
"326712","472846","40","0.951612903225806","40921.java","default","21","71","46733.java","default","20","70"
"173394","326712","40","0.951612903225806","123451.java","default","20","70","40921.java","default","21","71"
"302290","326712","40","0.951612903225806","71677.java","default","20","70","40921.java","default","21","71"
"86475","104105","40","0.914893617021277","65415.java","default","17","56","18957.java","default","17","53"
"46777","125344","40","0.941176470588235","30925.java","default","16","45","107313.java","default","16","45"
"86475","477397","40","0.914893617021277","65415.java","default","17","56","4320.java","default","17","53"
"344723","455160","40","0.943661971830986","5567.java","default","24","83","128528.java","default","23","84"
"106543","455160","40","0.943661971830986","124879.java","default","24","83","128528.java","default","23","84"
"10942","455160","40","0.943661971830986","59943.java","default","24","83","128528.java","default","23","84"
"455160","475617","40","0.943661971830986","128528.java","default","23","84","32268.java","default","24","83"
"320201","472846","40","0.91044776119403","36071.java","default","20","75","46733.java","default","20","70"
"173394","320201","40","0.91044776119403","123451.java","default","20","70","36071.java","default","20","75"
"474165","497400","40","0.947368421052632","123784.java","default","223","281","47767.java","default","226","288"
"320201","416330","40","0.91044776119403","36071.java","default","20","75","111270.java","default","24","77"
"302290","320201","40","0.91044776119403","71677.java","default","20","70","36071.java","default","20","75"
"320201","331443","40","0.91044776119403","36071.java","default","20","75","42530.java","default","24","77"
"320201","354236","40","0.91044776119403","36071.java","default","20","75","8548.java","default","20","70"
"320201","365522","40","0.91044776119403","36071.java","default","20","75","137593.java","default","20","70"
"86170","354236","40","0.951612903225806","9986.java","default","21","71","8548.java","default","20","70"
"86170","365522","40","0.951612903225806","9986.java","default","21","71","137593.java","default","20","70"
"104105","171256","40","0.914893617021277","18957.java","default","17","53","53491.java","default","17","56"
"86170","472846","40","0.951612903225806","9986.java","default","21","71","46733.java","default","20","70"
"86170","173394","40","0.951612903225806","9986.java","default","21","71","123451.java","default","20","70"
"104105","113860","40","0.914893617021277","18957.java","default","17","53","105704.java","default","17","56"
"86170","302290","40","0.951612903225806","9986.java","default","21","71","71677.java","default","20","70"
"113860","477397","40","0.914893617021277","105704.java","default","17","56","4320.java","default","17","53"
"171256","477397","40","0.914893617021277","53491.java","default","17","56","4320.java","default","17","53"
"402589","477397","40","0.914893617021277","69237.java","default","17","56","4320.java","default","17","53"
"327933","477397","40","0.914893617021277","10598.java","default","17","56","4320.java","default","17","53"
"166017","477397","40","0.914893617021277","85902.java","default","17","56","4320.java","default","17","53"
"150662","477397","40","0.914893617021277","112239.java","default","17","56","4320.java","default","17","53"
"273486","472846","40","0.91044776119403","5489.java","default","20","75","46733.java","default","20","70"
"173394","273486","40","0.91044776119403","123451.java","default","20","70","5489.java","default","20","75"
"273486","416330","40","0.91044776119403","5489.java","default","20","75","111270.java","default","24","77"
"273486","302290","40","0.91044776119403","5489.java","default","20","75","71677.java","default","20","70"
"273486","331443","40","0.91044776119403","5489.java","default","20","75","42530.java","default","24","77"
"273486","354236","40","0.91044776119403","5489.java","default","20","75","8548.java","default","20","70"
"273486","365522","40","0.91044776119403","5489.java","default","20","75","137593.java","default","20","70"
"335371","341663","40","0.936170212765957","66239.java","default","17","56","130721.java","default","21","61"
"246521","341663","40","0.936170212765957","25073.java","default","17","56","130721.java","default","21","61"
"341663","389117","40","0.936170212765957","130721.java","default","21","61","66262.java","default","17","56"
"441330","472846","40","0.951612903225806","8970.java","default","21","71","46733.java","default","20","70"
"173394","441330","40","0.951612903225806","123451.java","default","20","70","8970.java","default","21","71"
"354236","441330","40","0.951612903225806","8548.java","default","20","70","8970.java","default","21","71"
"365522","441330","40","0.951612903225806","137593.java","default","20","70","8970.java","default","21","71"
"302290","441330","40","0.951612903225806","71677.java","default","20","70","8970.java","default","21","71"
"104105","402589","40","0.914893617021277","18957.java","default","17","53","69237.java","default","17","56"
"125344","385827","40","0.941176470588235","107313.java","default","16","45","116279.java","default","16","45"
"331443","495573","40","0.91044776119403","42530.java","default","24","77","107017.java","default","20","75"
"354236","495573","40","0.91044776119403","8548.java","default","20","70","107017.java","default","20","75"
"365522","495573","40","0.91044776119403","137593.java","default","20","70","107017.java","default","20","75"
"416330","495573","40","0.91044776119403","111270.java","default","24","77","107017.java","default","20","75"
"472846","495573","40","0.91044776119403","46733.java","default","20","70","107017.java","default","20","75"
"173394","495573","40","0.91044776119403","123451.java","default","20","70","107017.java","default","20","75"
"302290","495573","40","0.91044776119403","71677.java","default","20","70","107017.java","default","20","75"
"149979","155583","40","0.988636363636364","29512.java","default","158","243","42700.java","default","157","242"
"215420","416330","40","0.91044776119403","55062.java","default","20","75","111270.java","default","24","77"
"215420","472846","40","0.91044776119403","55062.java","default","20","75","46733.java","default","20","70"
"173394","215420","40","0.91044776119403","123451.java","default","20","70","55062.java","default","20","75"
"215420","302290","40","0.91044776119403","55062.java","default","20","75","71677.java","default","20","70"
"215420","331443","40","0.91044776119403","55062.java","default","20","75","42530.java","default","24","77"
"215420","354236","40","0.91044776119403","55062.java","default","20","75","8548.java","default","20","70"
"215420","365522","40","0.91044776119403","55062.java","default","20","75","137593.java","default","20","70"
"143814","475617","40","0.943661971830986","59500.java","default","23","84","32268.java","default","24","83"
"108007","475617","40","0.943661971830986","80596.java","default","23","84","32268.java","default","24","83"
"10942","108007","40","0.943661971830986","59943.java","default","24","83","80596.java","default","23","84"
"19790","475617","40","0.943661971830986","42859.java","default","23","84","32268.java","default","24","83"
"108007","344723","40","0.943661971830986","80596.java","default","23","84","5567.java","default","24","83"
"104105","327933","40","0.914893617021277","18957.java","default","17","53","10598.java","default","17","56"
"406389","475617","40","0.943661971830986","89284.java","default","23","84","32268.java","default","24","83"
"106543","108007","40","0.943661971830986","124879.java","default","24","83","80596.java","default","23","84"
"125344","264470","40","0.941176470588235","107313.java","default","16","45","25685.java","default","17","46"
"114729","125344","40","0.941176470588235","45677.java","default","16","45","107313.java","default","16","45"
"125344","280232","40","0.941176470588235","107313.java","default","16","45","100794.java","default","16","45"
"125344","346193","40","0.941176470588235","107313.java","default","16","45","125766.java","default","17","46"
"91501","125344","40","0.941176470588235","129663.java","default","16","45","107313.java","default","16","45"
"125344","351827","40","0.941176470588235","107313.java","default","16","45","130832.java","default","17","46"
"125344","377523","40","0.941176470588235","107313.java","default","16","45","73285.java","default","16","45"
"104105","166017","40","0.914893617021277","18957.java","default","17","53","85902.java","default","17","56"
"104105","150662","40","0.914893617021277","18957.java","default","17","53","112239.java","default","17","56"
"307952","472846","40","0.951612903225806","36772.java","default","21","71","46733.java","default","20","70"
"83588","472846","40","0.91044776119403","4297.java","default","20","75","46733.java","default","20","70"
"108086","472846","40","0.91044776119403","121041.java","default","20","75","46733.java","default","20","70"
"412224","472846","40","0.951612903225806","59583.java","default","21","71","46733.java","default","20","70"
"49244","173394","40","0.951612903225806","128221.java","default","21","71","123451.java","default","20","70"
"173394","201328","40","0.951612903225806","123451.java","default","20","70","54915.java","default","21","71"
"116383","173394","40","0.91044776119403","16429.java","default","20","75","123451.java","default","20","70"
"173394","280742","40","0.951612903225806","123451.java","default","20","70","108171.java","default","21","71"
"49244","472846","40","0.951612903225806","128221.java","default","21","71","46733.java","default","20","70"
"201328","472846","40","0.951612903225806","54915.java","default","21","71","46733.java","default","20","70"
"116383","472846","40","0.91044776119403","16429.java","default","20","75","46733.java","default","20","70"
"280742","472846","40","0.951612903225806","108171.java","default","21","71","46733.java","default","20","70"
"56285","472846","40","0.91044776119403","12038.java","default","20","75","46733.java","default","20","70"
"385270","472846","40","0.91044776119403","41445.java","default","20","75","46733.java","default","20","70"
"173394","307952","40","0.951612903225806","123451.java","default","20","70","36772.java","default","21","71"
"83588","173394","40","0.91044776119403","4297.java","default","20","75","123451.java","default","20","70"
"108086","173394","40","0.91044776119403","121041.java","default","20","75","123451.java","default","20","70"
"173394","412224","40","0.951612903225806","123451.java","default","20","70","59583.java","default","21","71"
"56285","173394","40","0.91044776119403","12038.java","default","20","75","123451.java","default","20","70"
"173394","385270","40","0.91044776119403","123451.java","default","20","70","41445.java","default","20","75"
"106543","143814","40","0.943661971830986","124879.java","default","24","83","59500.java","default","23","84"
"19790","106543","40","0.943661971830986","42859.java","default","23","84","124879.java","default","24","83"
"106543","406389","40","0.943661971830986","124879.java","default","24","83","89284.java","default","23","84"
"10942","143814","40","0.943661971830986","59943.java","default","24","83","59500.java","default","23","84"
"74981","335371","40","0.936170212765957","31718.java","default","21","61","66239.java","default","17","56"
"143814","344723","40","0.943661971830986","59500.java","default","23","84","5567.java","default","24","83"
"307952","354236","40","0.951612903225806","36772.java","default","21","71","8548.java","default","20","70"
"307952","365522","40","0.951612903225806","36772.java","default","21","71","137593.java","default","20","70"
"83588","302290","40","0.91044776119403","4297.java","default","20","75","71677.java","default","20","70"
"302290","307952","40","0.951612903225806","71677.java","default","20","70","36772.java","default","21","71"
"83588","416330","40","0.91044776119403","4297.java","default","20","75","111270.java","default","24","77"
"19790","344723","40","0.943661971830986","42859.java","default","23","84","5567.java","default","24","83"
"83588","331443","40","0.91044776119403","4297.java","default","20","75","42530.java","default","24","77"
"83588","354236","40","0.91044776119403","4297.java","default","20","75","8548.java","default","20","70"
"83588","365522","40","0.91044776119403","4297.java","default","20","75","137593.java","default","20","70"
"10942","19790","40","0.943661971830986","59943.java","default","24","83","42859.java","default","23","84"
"108086","416330","40","0.91044776119403","121041.java","default","20","75","111270.java","default","24","77"
"116383","331443","40","0.91044776119403","16429.java","default","20","75","42530.java","default","24","77"
"108086","331443","40","0.91044776119403","121041.java","default","20","75","42530.java","default","24","77"
"108086","354236","40","0.91044776119403","121041.java","default","20","75","8548.java","default","20","70"
"108086","365522","40","0.91044776119403","121041.java","default","20","75","137593.java","default","20","70"
"108086","302290","40","0.91044776119403","121041.java","default","20","75","71677.java","default","20","70"
"354236","412224","40","0.951612903225806","8548.java","default","20","70","59583.java","default","21","71"
"365522","412224","40","0.951612903225806","137593.java","default","20","70","59583.java","default","21","71"
"302290","412224","40","0.951612903225806","71677.java","default","20","70","59583.java","default","21","71"
"74981","246521","40","0.936170212765957","31718.java","default","21","61","25073.java","default","17","56"
"10942","406389","40","0.943661971830986","59943.java","default","24","83","89284.java","default","23","84"
"331443","385270","40","0.91044776119403","42530.java","default","24","77","41445.java","default","20","75"
"49244","354236","40","0.951612903225806","128221.java","default","21","71","8548.java","default","20","70"
"201328","354236","40","0.951612903225806","54915.java","default","21","71","8548.java","default","20","70"
"116383","354236","40","0.91044776119403","16429.java","default","20","75","8548.java","default","20","70"
"280742","354236","40","0.951612903225806","108171.java","default","21","71","8548.java","default","20","70"
"56285","354236","40","0.91044776119403","12038.java","default","20","75","8548.java","default","20","70"
"50634","149979","40","0.988636363636364","118479.java","default","157","242","29512.java","default","158","243"
"56285","331443","40","0.91044776119403","12038.java","default","20","75","42530.java","default","24","77"
"354236","385270","40","0.91044776119403","8548.java","default","20","70","41445.java","default","20","75"
"74981","389117","40","0.936170212765957","31718.java","default","21","61","66262.java","default","17","56"
"49244","365522","40","0.951612903225806","128221.java","default","21","71","137593.java","default","20","70"
"201328","365522","40","0.951612903225806","54915.java","default","21","71","137593.java","default","20","70"
"116383","365522","40","0.91044776119403","16429.java","default","20","75","137593.java","default","20","70"
"280742","365522","40","0.951612903225806","108171.java","default","21","71","137593.java","default","20","70"
"56285","365522","40","0.91044776119403","12038.java","default","20","75","137593.java","default","20","70"
"365522","385270","40","0.91044776119403","137593.java","default","20","70","41445.java","default","20","75"
"49244","302290","40","0.951612903225806","128221.java","default","21","71","71677.java","default","20","70"
"201328","302290","40","0.951612903225806","54915.java","default","21","71","71677.java","default","20","70"
"116383","302290","40","0.91044776119403","16429.java","default","20","75","71677.java","default","20","70"
"116383","416330","40","0.91044776119403","16429.java","default","20","75","111270.java","default","24","77"
"56285","416330","40","0.91044776119403","12038.java","default","20","75","111270.java","default","24","77"
"280742","302290","40","0.951612903225806","108171.java","default","21","71","71677.java","default","20","70"
"67714","149979","40","0.988636363636364","9691.java","default","157","242","29512.java","default","158","243"
"56285","302290","40","0.91044776119403","12038.java","default","20","75","71677.java","default","20","70"
"457827","497400","40","0.947368421052632","60778.java","default","223","281","47767.java","default","226","288"
"385270","416330","40","0.91044776119403","41445.java","default","20","75","111270.java","default","24","77"
"302290","385270","40","0.91044776119403","71677.java","default","20","70","41445.java","default","20","75"
"344723","406389","40","0.943661971830986","5567.java","default","24","83","89284.java","default","23","84"
"10211034","14689219","42","0.975","2455644.java","selected","137","174","1274755.java","selected","232","269"
"4106018","4106019","42","0.938864628820961","1392470.java","selected","93","110","1392470.java","selected","117","134"
"12034340","18516553","42","0.909090909090909","2547090.java","selected","48","69","61722.java","selected","65","84"
"6944319","21238881","42","0.956521739130435","1094047.java","selected","70","92","1708708.java","selected","57","79"
"4106017","4106021","42","0.933649289099526","1392470.java","selected","71","86","1392470.java","selected","163","178"
"14530060","21715632","42","0.933333333333333","1735791.java","selected","241","255","1619643.java","selected","135","149"
"13322784","13648325","42","0.958333333333333","1829517.java","selected","128","151","144497.java","selected","308","331"
"12034341","18516554","42","0.9375","2547090.java","selected","71","86","61722.java","selected","86","100"
"7727384","13322784","42","0.958333333333333","2519659.java","selected","135","158","1829517.java","selected","128","151"
"4106020","4106021","42","0.933649289099526","1392470.java","selected","141","156","1392470.java","selected","163","178"
"6109628","20361756","42","0.916666666666667","664865.java","selected","12","23","447977.java","selected","12","23"
"2645433","6109628","42","0.916666666666667","472180.java","selected","12","23","664865.java","selected","12","23"
"11242896","14493110","42","0.966666666666667","96719.java","selected","27","55","1630982.java","selected","27","55"
"11018399","18826512","42","0.952380952380952","1405709.java","selected","146","166","1899486.java","selected","86","106"
"13068087","21730634","42","0.909090909090909","386952.java","selected","150","160","445633.java","selected","90","100"
"14493110","16871519","42","0.966666666666667","1630982.java","selected","27","55","1144107.java","selected","27","55"
"4742891","14493110","42","0.966666666666667","2068341.java","selected","27","55","1630982.java","selected","27","55"
"8071084","8071085","42","0.954545454545455","350268.java","selected","637","657","350268.java","selected","669","690"
"6792396","6792397","42","0.928571428571429","1660600.java","selected","100","113","1660600.java","selected","115","128"
"2154316","23474520","42","0.91566265060241","2300617.java","selected","155","196","1583147.java","selected","161","200"
"5628435","7929226","43","0.928571428571429","159979.java","selected","44","56","1050766.java","selected","1610","1622"
"3626532","7077816","43","0.933333333333333","1817485.java","selected","102","130","1554515.java","selected","92","120"
"4355282","7077816","43","0.911214953271028","943881.java","selected","97","124","1554515.java","selected","92","120"
"5628435","6361638","43","0.928571428571429","159979.java","selected","44","56","2531630.java","selected","64","76"
"5706851","6361638","43","0.928571428571429","2127394.java","selected","69","81","2531630.java","selected","64","76"
"2545752","6361638","43","0.928571428571429","306788.java","selected","106","118","2531630.java","selected","64","76"
"6361638","7929226","43","0.928571428571429","2531630.java","selected","64","76","1050766.java","selected","1610","1622"
"6037295","6037296","43","0.95","172947.java","selected","350","388","172947.java","selected","393","431"
"2753679","8604066","43","0.91304347826087","2020817.java","selected","104","147","485070.java","selected","271","314"
"5062311","8604066","43","0.91304347826087","2546896.java","selected","189","232","485070.java","selected","271","314"
"3291256","6873267","43","0.954545454545455","566061.java","selected","143","163","2422374.java","selected","40","60"
"5628435","5706851","43","0.928571428571429","159979.java","selected","44","56","2127394.java","selected","69","81"
"7976873","7978728","43","0.964285714285714","1144005.java","selected","186","212","366244.java","selected","151","177"
"2545752","5706851","43","0.928571428571429","306788.java","selected","106","118","2127394.java","selected","69","81"
"5706851","7929226","43","0.928571428571429","2127394.java","selected","69","81","1050766.java","selected","1610","1622"
"6182216","7976873","43","0.928571428571429","2163733.java","selected","10","36","1144005.java","selected","186","212"
"2545752","7929226","43","0.928571428571429","306788.java","selected","106","118","1050766.java","selected","1610","1622"
"22328847","22328850","10","0.912772585669782","2012687.java","selected","649","688","2012687.java","selected","795","836"
"22328847","22328848","10","0.95221843003413","2012687.java","selected","649","688","2012687.java","selected","696","734"
"4961134","4961136","10","0.909836065573771","1691250.java","selected","206","234","1691250.java","selected","249","278"
"1831676","20306674","10","0.909090909090909","1360561.java","selected","55","86","1540543.java","selected","55","84"
"16085713","20306674","10","0.9375","999902.java","selected","55","85","1540543.java","selected","55","84"
"20306674","22366636","10","0.909090909090909","1540543.java","selected","55","84","1038530.java","selected","55","86"
"19147275","21224972","10","0.91304347826087","1596202.java","selected","34","56","673338.java","selected","137","159"
"21224972","23402237","10","0.91304347826087","673338.java","selected","137","159","515961.java","selected","33","55"
"19947818","21224972","10","0.956521739130435","1179801.java","selected","126","148","673338.java","selected","137","159"
"3495456","21224972","10","0.91304347826087","1244579.java","selected","34","56","673338.java","selected","137","159"
"19947814","21224972","10","0.91304347826087","1179801.java","selected","34","56","673338.java","selected","137","159"
"21224967","21224972","10","0.91304347826087","673338.java","selected","34","56","673338.java","selected","137","159"
"19147279","21224972","10","0.91304347826087","1596202.java","selected","103","125","673338.java","selected","137","159"
"14050303","14050307","10","0.974358974358974","480841.java","selected","97","128","480841.java","selected","227","258"
"3026763","3026764","10","0.931818181818182","589020.java","selected","66","110","589020.java","selected","112","156"
"3026763","21186037","10","0.931558935361217","589020.java","selected","66","110","1610205.java","selected","65","108"
"3026763","12469140","10","0.931818181818182","589020.java","selected","66","110","1085000.java","selected","112","155"
"3026763","16511008","10","0.909090909090909","589020.java","selected","66","110","2645034.java","selected","66","109"
"3026763","21438069","10","0.909090909090909","589020.java","selected","66","110","1062561.java","selected","65","108"
"3026763","15431561","10","0.977272727272727","589020.java","selected","66","110","1761885.java","selected","155","198"
"20696808","20696810","10","0.919220055710306","1402682.java","selected","758","791","1402682.java","selected","846","880"
"20696808","20696811","10","0.942857142857143","1402682.java","selected","758","791","1402682.java","selected","891","925"
"1760353","1760354","10","0.905660377358491","2375833.java","selected","127","163","2375833.java","selected","165","202"
"1760350","1760353","10","0.905660377358491","2375833.java","selected","10","47","2375833.java","selected","127","163"
"1760351","1760353","10","0.905660377358491","2375833.java","selected","49","86","2375833.java","selected","127","163"
"1760352","1760353","10","0.905660377358491","2375833.java","selected","88","125","2375833.java","selected","127","163"
"10252057","18942519","10","0.931034482758621","1266160.java","selected","160","185","420753.java","selected","921","946"
"3352342","23022778","10","0.967857142857143","241516.java","selected","302","346","1438198.java","selected","213","258"
"19875962","19875963","10","0.954545454545455","945349.java","selected","22","65","945349.java","selected","67","110"
"4932279","22242021","10","0.964285714285714","988977.java","selected","473","511","1232868.java","selected","199","238"
"8561723","19147275","10","0.956521739130435","2256163.java","selected","32","54","1596202.java","selected","34","56"
"8561723","23402237","10","0.956521739130435","2256163.java","selected","32","54","515961.java","selected","33","55"
"3495456","8561723","10","0.956521739130435","1244579.java","selected","34","56","2256163.java","selected","32","54"
"8561723","19947814","10","0.91304347826087","2256163.java","selected","32","54","1179801.java","selected","34","56"
"8561723","21224967","10","0.956521739130435","2256163.java","selected","32","54","673338.java","selected","34","56"
"1831676","16085713","10","0.946502057613169","1360561.java","selected","55","86","999902.java","selected","55","85"
"1831676","4921631","10","0.903345724907063","1360561.java","selected","55","86","1874150.java","selected","55","88"
"323592","384844","10","0.958333333333333","52984.java","default","57","80","58326.java","default","18","41"
"3026764","21186037","10","0.931818181818182","589020.java","selected","112","156","1610205.java","selected","65","108"
"3026764","12469140","10","0.916030534351145","589020.java","selected","112","156","1085000.java","selected","112","155"
"3026764","16511008","10","0.909090909090909","589020.java","selected","112","156","2645034.java","selected","66","109"
"1543361","3026764","10","0.931818181818182","120109.java","selected","65","108","589020.java","selected","112","156"
"3026764","21438069","10","0.909090909090909","589020.java","selected","112","156","1062561.java","selected","65","108"
"3026764","15431561","10","0.909090909090909","589020.java","selected","112","156","1761885.java","selected","155","198"
"1111832","10968489","10","0.914285714285714","2390876.java","selected","275","340","2224624.java","selected","229","290"
"1760354","1760355","10","0.905660377358491","2375833.java","selected","165","202","2375833.java","selected","204","240"
"10252056","18942518","10","0.928571428571429","1266160.java","selected","133","158","420753.java","selected","894","919"
"384844","779185","10","0.958333333333333","58326.java","default","18","41","103760.java","default","57","80"
"22328842","22328845","10","0.904436860068259","2012687.java","selected","453","489","2012687.java","selected","590","628"
"6371599","6371601","10","0.958333333333333","2462101.java","selected","455","497","2462101.java","selected","499","540"
"1543362","21186038","10","0.954545454545455","120109.java","selected","110","153","1610205.java","selected","110","153"
"1543362","12469140","10","0.908333333333333","120109.java","selected","110","153","1085000.java","selected","112","155"
"1543362","12469141","10","0.954545454545455","120109.java","selected","110","153","1085000.java","selected","157","200"
"1543362","16511009","10","0.977272727272727","120109.java","selected","110","153","2645034.java","selected","111","154"
"1543362","3026765","10","0.974248927038627","120109.java","selected","110","153","589020.java","selected","158","200"
"1543362","21438070","10","0.977272727272727","120109.java","selected","110","153","1062561.java","selected","110","153"
"1543362","15431560","10","0.977272727272727","120109.java","selected","110","153","1761885.java","selected","110","153"
"1543362","3449616","10","0.954545454545455","120109.java","selected","110","153","1909055.java","selected","136","179"
"4794470","17577733","10","0.925925925925926","1779362.java","selected","11","59","900639.java","selected","11","61"
"5505334","5505336","10","0.933333333333333","2330749.java","selected","392","407","2330749.java","selected","426","441"
"5505335","5505336","10","0.9375","2330749.java","selected","409","424","2330749.java","selected","426","441"
"1607809","1607810","10","0.966165413533835","1991936.java","selected","254","293","1991936.java","selected","295","333"
"20696809","20696810","10","0.919220055710306","1402682.java","selected","802","835","1402682.java","selected","846","880"
"20696810","20696811","10","0.942857142857143","1402682.java","selected","846","880","1402682.java","selected","891","925"
"12469140","21186038","10","0.9","1085000.java","selected","112","155","1610205.java","selected","110","153"
"16511009","21186038","10","0.931818181818182","2645034.java","selected","111","154","1610205.java","selected","110","153"
"3026765","21186038","10","0.931818181818182","589020.java","selected","158","200","1610205.java","selected","110","153"
"21186038","21438070","10","0.931818181818182","1610205.java","selected","110","153","1062561.java","selected","110","153"
"15431560","21186038","10","0.931818181818182","1761885.java","selected","110","153","1610205.java","selected","110","153"
"3449616","21186038","10","0.909090909090909","1909055.java","selected","136","179","1610205.java","selected","110","153"
"1760350","1760355","10","0.905660377358491","2375833.java","selected","10","47","2375833.java","selected","204","240"
"1760351","1760355","10","0.905660377358491","2375833.java","selected","49","86","2375833.java","selected","204","240"
"1760352","1760355","10","0.905660377358491","2375833.java","selected","88","125","2375833.java","selected","204","240"
"11840277","17472701","10","0.91812865497076","2072710.java","selected","15","40","684623.java","selected","15","38"
"5021571","19984804","10","0.937007874015748","1161571.java","selected","1151","1183","2673703.java","selected","1168","1200"
"19147275","23402244","10","0.91304347826087","1596202.java","selected","34","56","515961.java","selected","174","196"
"19147275","19947814","10","0.956521739130435","1596202.java","selected","34","56","1179801.java","selected","34","56"
"19147275","19147279","10","0.9","1596202.java","selected","34","56","1596202.java","selected","103","125"
"1607807","1607809","10","0.904761904761905","1991936.java","selected","161","201","1991936.java","selected","254","293"
"2943254","6747986","10","0.91304347826087","265955.java","selected","30","74","770134.java","selected","36","79"
"20696809","20696811","10","0.942857142857143","1402682.java","selected","802","835","1402682.java","selected","891","925"
"12469140","21186037","10","0.91254752851711","1085000.java","selected","112","155","1610205.java","selected","65","108"
"16511008","21186037","10","0.909090909090909","2645034.java","selected","66","109","1610205.java","selected","65","108"
"1543361","21186037","10","0.942652329749104","120109.java","selected","65","108","1610205.java","selected","65","108"
"21186037","21438069","10","0.977272727272727","1610205.java","selected","65","108","1062561.java","selected","65","108"
"15431561","21186037","10","0.909090909090909","1761885.java","selected","155","198","1610205.java","selected","65","108"
"23402237","23402244","10","0.91304347826087","515961.java","selected","33","55","515961.java","selected","174","196"
"19947814","23402237","10","0.956521739130435","1179801.java","selected","34","56","515961.java","selected","33","55"
"19147279","23402237","10","0.9","1596202.java","selected","103","125","515961.java","selected","33","55"
"12469140","16511008","10","0.909090909090909","1085000.java","selected","112","155","2645034.java","selected","66","109"
"12469140","12469141","10","0.9","1085000.java","selected","112","155","1085000.java","selected","157","200"
"12469140","21438069","10","0.905660377358491","1085000.java","selected","112","155","1062561.java","selected","65","108"
"12469140","15431561","10","0.909090909090909","1085000.java","selected","112","155","1761885.java","selected","155","198"
"6371592","6371607","10","0.969849246231156","2462101.java","selected","305","340","2462101.java","selected","625","660"
"8561735","19147300","10","0.909090909090909","2256163.java","selected","262","283","1596202.java","selected","476","497"
"8561732","19147300","10","0.909090909090909","2256163.java","selected","209","230","1596202.java","selected","476","497"
"3495460","19147300","10","0.909090909090909","1244579.java","selected","106","127","1596202.java","selected","476","497"
"8561731","19147300","10","0.909090909090909","2256163.java","selected","186","207","1596202.java","selected","476","497"
"19147300","23402240","10","0.909090909090909","1596202.java","selected","476","497","515961.java","selected","88","109"
"19147293","19147300","10","0.909090909090909","1596202.java","selected","343","364","1596202.java","selected","476","497"
"16511008","21438069","10","0.931818181818182","2645034.java","selected","66","109","1062561.java","selected","65","108"
"15431561","16511008","10","0.931818181818182","1761885.java","selected","155","198","2645034.java","selected","66","109"
"14093043","14093045","10","0.988079470198675","1500836.java","selected","203","332","1500836.java","selected","465","593"
"14093044","14093045","10","0.988079470198675","1500836.java","selected","334","463","1500836.java","selected","465","593"
"6644756","21571495","10","0.926553672316384","2071600.java","selected","22","49","46926.java","selected","43","70"
"12469141","16511009","10","0.931818181818182","1085000.java","selected","157","200","2645034.java","selected","111","154"
"3026765","12469141","10","0.931818181818182","589020.java","selected","158","200","1085000.java","selected","157","200"
"12469141","21438070","10","0.931818181818182","1085000.java","selected","157","200","1062561.java","selected","110","153"
"12469141","15431560","10","0.931818181818182","1085000.java","selected","157","200","1761885.java","selected","110","153"
"3449616","12469141","10","0.909090909090909","1909055.java","selected","136","179","1085000.java","selected","157","200"
"8561735","23402248","10","0.909090909090909","2256163.java","selected","262","283","515961.java","selected","250","271"
"8561735","19147301","10","0.909090909090909","2256163.java","selected","262","283","1596202.java","selected","499","520"
"8561732","8561735","10","0.909090909090909","2256163.java","selected","209","230","2256163.java","selected","262","283"
"3495460","8561735","10","0.909090909090909","1244579.java","selected","106","127","2256163.java","selected","262","283"
"8561735","19147296","10","0.909090909090909","2256163.java","selected","262","283","1596202.java","selected","398","419"
"8561731","8561735","10","0.909090909090909","2256163.java","selected","186","207","2256163.java","selected","262","283"
"8561735","19147297","10","0.909090909090909","2256163.java","selected","262","283","1596202.java","selected","421","442"
"8561735","19147293","10","0.909090909090909","2256163.java","selected","262","283","1596202.java","selected","343","364"
"8561732","23402248","10","0.903703703703704","2256163.java","selected","209","230","515961.java","selected","250","271"
"3495460","23402248","10","0.954545454545455","1244579.java","selected","106","127","515961.java","selected","250","271"
"8561731","23402248","10","0.909090909090909","2256163.java","selected","186","207","515961.java","selected","250","271"
"23402240","23402248","10","0.909090909090909","515961.java","selected","88","109","515961.java","selected","250","271"
"19147293","23402248","10","0.909090909090909","1596202.java","selected","343","364","515961.java","selected","250","271"
"8561732","19147301","10","0.909090909090909","2256163.java","selected","209","230","1596202.java","selected","499","520"
"3495460","19147301","10","0.909090909090909","1244579.java","selected","106","127","1596202.java","selected","499","520"
"8561731","19147301","10","0.909090909090909","2256163.java","selected","186","207","1596202.java","selected","499","520"
"19147301","23402240","10","0.909090909090909","1596202.java","selected","499","520","515961.java","selected","88","109"
"19147293","19147301","10","0.909090909090909","1596202.java","selected","343","364","1596202.java","selected","499","520"
"1543361","21438069","10","0.931818181818182","120109.java","selected","65","108","1062561.java","selected","65","108"
"3026765","16511009","10","0.954545454545455","589020.java","selected","158","200","2645034.java","selected","111","154"
"3449616","16511009","10","0.974468085106383","1909055.java","selected","136","179","2645034.java","selected","111","154"
"1655162","1655163","10","0.937823834196891","1080768.java","selected","117","151","1080768.java","selected","153","186"
"384844","541185","10","0.958333333333333","58326.java","default","18","41","16109.java","default","57","80"
"3495460","8561732","10","0.909090909090909","1244579.java","selected","106","127","2256163.java","selected","209","230"
"8561732","19147296","10","0.909090909090909","2256163.java","selected","209","230","1596202.java","selected","398","419"
"8561731","8561732","10","0.954545454545455","2256163.java","selected","186","207","2256163.java","selected","209","230"
"8561732","19147297","10","0.909090909090909","2256163.java","selected","209","230","1596202.java","selected","421","442"
"8561732","23402240","10","0.909090909090909","2256163.java","selected","209","230","515961.java","selected","88","109"
"8561732","19147293","10","0.954545454545455","2256163.java","selected","209","230","1596202.java","selected","343","364"
"1313409","1675976","10","0.96078431372549","1369800.java","selected","49","86","1326956.java","selected","49","85"
"1675976","10329098","10","0.96078431372549","1326956.java","selected","49","85","816451.java","selected","49","86"
"10115624","19984804","10","0.937007874015748","2019686.java","selected","1199","1231","2673703.java","selected","1168","1200"
"3495460","19147296","10","0.909090909090909","1244579.java","selected","106","127","1596202.java","selected","398","419"
"3495460","8561731","10","0.909090909090909","1244579.java","selected","106","127","2256163.java","selected","186","207"
"3495460","19147297","10","0.909090909090909","1244579.java","selected","106","127","1596202.java","selected","421","442"
"3495460","23402240","10","0.909090909090909","1244579.java","selected","106","127","515961.java","selected","88","109"
"3495460","19147293","10","0.909090909090909","1244579.java","selected","106","127","1596202.java","selected","343","364"
"3026765","21438070","10","0.954545454545455","589020.java","selected","158","200","1062561.java","selected","110","153"
"3026765","15431560","10","0.954545454545455","589020.java","selected","158","200","1761885.java","selected","110","153"
"3026765","3449616","10","0.976744186046512","589020.java","selected","158","200","1909055.java","selected","136","179"
"3449616","21438070","10","0.974468085106383","1909055.java","selected","136","179","1062561.java","selected","110","153"
"3449616","15431560","10","0.974468085106383","1909055.java","selected","136","179","1761885.java","selected","110","153"
"19267855","19267856","10","0.92","1704407.java","selected","127","174","1704407.java","selected","176","222"
"19947818","23402244","10","0.956521739130435","1179801.java","selected","126","148","515961.java","selected","174","196"
"19947814","19947818","10","0.907801418439716","1179801.java","selected","34","56","1179801.java","selected","126","148"
"19147279","19947818","10","0.91304347826087","1596202.java","selected","103","125","1179801.java","selected","126","148"
"17773263","19824066","10","0.962466487935657","2341509.java","selected","227","343","683159.java","selected","227","343"
"384844","789472","10","0.958333333333333","58326.java","default","18","41","42899.java","default","57","80"
"384844","580527","10","0.958333333333333","58326.java","default","18","41","51911.java","default","57","80"
"15431561","21438069","10","0.931818181818182","1761885.java","selected","155","198","1062561.java","selected","65","108"
"1293656","1293657","10","0.904761904761905","2025864.java","selected","79","112","2025864.java","selected","114","145"
"8561731","19147296","10","0.909090909090909","2256163.java","selected","186","207","1596202.java","selected","398","419"
"19147296","23402240","10","0.909090909090909","1596202.java","selected","398","419","515961.java","selected","88","109"
"19147293","19147296","10","0.909090909090909","1596202.java","selected","343","364","1596202.java","selected","398","419"
"20955452","20955454","10","0.941176470588235","2596627.java","selected","75","91","2596627.java","selected","112","128"
"113681","384844","10","0.958333333333333","15247.java","default","57","80","58326.java","default","18","41"
"1362130","1362134","10","0.9","1700691.java","selected","190","214","1700691.java","selected","324","347"
"3495456","23402244","10","0.91304347826087","1244579.java","selected","34","56","515961.java","selected","174","196"
"19947814","23402244","10","0.91304347826087","1179801.java","selected","34","56","515961.java","selected","174","196"
"21224967","23402244","10","0.91304347826087","673338.java","selected","34","56","515961.java","selected","174","196"
"19147279","23402244","10","0.91304347826087","1596202.java","selected","103","125","515961.java","selected","174","196"
"16085713","22366636","10","0.946502057613169","999902.java","selected","55","85","1038530.java","selected","55","86"
"8561731","19147297","10","0.909090909090909","2256163.java","selected","186","207","1596202.java","selected","421","442"
"8561731","23402240","10","0.909090909090909","2256163.java","selected","186","207","515961.java","selected","88","109"
"19147297","23402240","10","0.909090909090909","1596202.java","selected","421","442","515961.java","selected","88","109"
"19147293","19147297","10","0.909090909090909","1596202.java","selected","343","364","1596202.java","selected","421","442"
"384844","864227","10","0.958333333333333","58326.java","default","18","41","97964.java","default","57","80"
"4921631","22366636","10","0.903345724907063","1874150.java","selected","55","88","1038530.java","selected","55","86"
"6644756","6644760","10","0.926553672316384","2071600.java","selected","22","49","2071600.java","selected","149","176"
"10252056","20559734","10","0.928571428571429","1266160.java","selected","133","158","1939572.java","selected","109","134"
"3495456","19947814","10","0.956521739130435","1244579.java","selected","34","56","1179801.java","selected","34","56"
"3495456","19147279","10","0.9","1244579.java","selected","34","56","1596202.java","selected","103","125"
"4961125","4961126","10","0.947368421052632","1691250.java","selected","61","78","1691250.java","selected","80","97"
"4961126","8912113","10","0.947368421052632","1691250.java","selected","80","97","2988.java","selected","172","189"
"17083702","17083703","10","0.914893617021277","1239781.java","selected","365","409","1239781.java","selected","414","460"
"2870670","8328527","10","0.973684210526316","1956657.java","selected","33","69","943421.java","selected","33","69"
"384844","727437","10","0.958333333333333","58326.java","default","18","41","12832.java","default","57","80"
"10252057","20559735","10","0.931034482758621","1266160.java","selected","160","185","1939572.java","selected","136","161"
"19947814","21224967","10","0.956521739130435","1179801.java","selected","34","56","673338.java","selected","34","56"
"19147279","19947814","10","0.91304347826087","1596202.java","selected","103","125","1179801.java","selected","34","56"
"5505334","5505335","10","0.9","2330749.java","selected","392","407","2330749.java","selected","409","424"
"1638505","17337238","10","0.977777777777778","2088183.java","selected","26","70","212143.java","selected","26","70"
"22328842","22328843","10","0.947169811320755","2012687.java","selected","453","489","2012687.java","selected","497","532"
"7259526","12731597","10","0.985074626865672","249879.java","selected","667","725","2121908.java","selected","667","725"
"384844","598483","10","0.958333333333333","58326.java","default","18","41","109894.java","default","57","80"
"384844","401685","10","0.958333333333333","58326.java","default","18","41","50301.java","default","57","80"
"223969","384844","10","0.958333333333333","58395.java","default","57","80","58326.java","default","18","41"
"9096315","9096316","10","0.92","978099.java","selected","280","349","978099.java","selected","357","426"
"19147279","21224967","10","0.9","1596202.java","selected","103","125","673338.java","selected","34","56"
"19147293","23402240","10","0.909090909090909","1596202.java","selected","343","364","515961.java","selected","88","109"
"4932279","20536502","10","0.964285714285714","988977.java","selected","473","511","1463681.java","selected","189","228"
"4673959","4673960","2","0.967741935483871","21906.java","selected","236","265","21906.java","selected","267","297"
"5456371","7902686","2","0.928571428571429","2578158.java","selected","110","137","1624067.java","selected","67","92"
"15311521","15311523","2","0.91304347826087","1404375.java","selected","13","34","1404375.java","selected","59","81"
"15311522","15311523","2","0.955696202531646","1404375.java","selected","36","57","1404375.java","selected","59","81"
"15211815","21905202","2","0.952380952380952","255851.java","selected","191","208","2099905.java","selected","297","314"
"2705336","21461878","2","0.9375","165236.java","selected","103","118","1616484.java","selected","38","53"
"7542014","7542015","2","0.9","1579231.java","selected","280","319","1579231.java","selected","322","359"
"13480108","13879984","2","0.905882352941176","2571726.java","selected","26","36","2186127.java","selected","96","106"
"21821404","22249465","2","0.928571428571429","114058.java","selected","246","259","2635690.java","selected","254","267"
"6890417","7275980","2","0.911764705882353","790417.java","selected","13","46","2025645.java","selected","13","44"
"12039035","12039036","2","0.916666666666667","194044.java","selected","37","59","194044.java","selected","61","84"
"6374427","6374428","2","0.970588235294118","2510667.java","selected","85","118","2510667.java","selected","120","153"
"6533214","8831301","2","0.947368421052632","1051802.java","selected","44","79","2273136.java","selected","46","81"
"7802218","20453777","2","0.948717948717949","614288.java","selected","101","139","572967.java","selected","98","136"
"15292162","20453777","2","0.948717948717949","1451598.java","selected","101","139","572967.java","selected","98","136"
"15311521","15311522","2","0.954545454545455","1404375.java","selected","13","34","1404375.java","selected","36","57"
"6829523","6829524","2","0.962962962962963","2148476.java","selected","22","48","2148476.java","selected","55","81"
"7409664","19036213","2","0.928571428571429","1637856.java","selected","692","734","2015069.java","selected","338","364"
"6533214","20888980","2","0.947368421052632","1051802.java","selected","44","79","2211721.java","selected","44","79"
"12039034","12039036","2","0.916666666666667","194044.java","selected","13","35","194044.java","selected","61","84"
"4620646","4620648","2","0.9","2566487.java","selected","30","58","2566487.java","selected","98","126"
"6420655","7409664","2","0.928571428571429","2581080.java","selected","583","625","1637856.java","selected","692","734"
"7663603","7761195","3","0.931623931623932","802409.java","selected","15","30","1493179.java","selected","28","44"
"7663603","22911141","3","0.941176470588235","802409.java","selected","15","30","1367608.java","selected","18","34"
"7663603","10318835","3","0.9375","802409.java","selected","15","30","1700152.java","selected","66","81"
"7663603","9013668","3","0.9375","802409.java","selected","15","30","1416711.java","selected","19","34"
"2279291","7663603","3","0.9375","2120649.java","selected","41","56","802409.java","selected","15","30"
"7663603","10178931","3","0.9375","802409.java","selected","15","30","2193185.java","selected","15","30"
"14996759","17201462","3","0.9375","350687.java","selected","30","45","2147480.java","selected","40","55"
"9996334","22530929","3","0.9","84955.java","selected","8","17","467201.java","selected","361","370"
"5976298","13206754","3","0.916666666666667","1294574.java","selected","32","43","2140261.java","selected","10","21"
"14288306","17068090","3","0.909090909090909","1838198.java","selected","9","19","1634905.java","selected","9","19"
"8678081","17068090","3","0.909090909090909","1455875.java","selected","10","20","1634905.java","selected","9","19"
"11796920","20004216","3","0.973684210526316","2540636.java","selected","167","204","2038823.java","selected","170","207"
"14823836","14915965","3","0.971428571428571","1989640.java","selected","37","68","560128.java","selected","37","69"
"5084569","13901037","3","0.959183673469388","200121.java","selected","15","59","890643.java","selected","25","69"
"7761195","14386499","3","0.931623931623932","1493179.java","selected","28","44","2341073.java","selected","15","30"
"14386499","22911141","3","0.941176470588235","2341073.java","selected","15","30","1367608.java","selected","18","34"
"10318835","14386499","3","0.9375","1700152.java","selected","66","81","2341073.java","selected","15","30"
"9013668","14386499","3","0.9375","1416711.java","selected","19","34","2341073.java","selected","15","30"
"2279291","14386499","3","0.9375","2120649.java","selected","41","56","2341073.java","selected","15","30"
"10178931","14386499","3","0.9375","2193185.java","selected","15","30","2341073.java","selected","15","30"
"15166511","17787699","3","0.972972972972973","814095.java","selected","38","72","257145.java","selected","73","107"
"12744653","15166511","3","0.921052631578947","1967125.java","selected","41","77","814095.java","selected","38","72"
"10272772","15166511","3","0.921052631578947","1395286.java","selected","41","77","814095.java","selected","38","72"
"15166511","19388622","3","0.921052631578947","814095.java","selected","38","72","1686285.java","selected","41","77"
"13020691","15166511","3","0.95703125","1499140.java","selected","41","74","814095.java","selected","38","72"
"15166511","20815980","3","0.947368421052632","814095.java","selected","38","72","1237185.java","selected","41","76"
"9487010","15166511","3","0.9140625","1436765.java","selected","60","92","814095.java","selected","38","72"
"7948308","15166511","3","0.945945945945946","2128909.java","selected","48","82","814095.java","selected","38","72"
"10589735","15166511","3","0.9140625","1076602.java","selected","60","92","814095.java","selected","38","72"
"10293577","15166511","3","0.9140625","1643697.java","selected","60","92","814095.java","selected","38","72"
"10425169","15166511","3","0.911032028469751","256359.java","selected","43","79","814095.java","selected","38","72"
"3532296","11419588","3","0.923076923076923","624565.java","selected","96","108","2398322.java","selected","24","36"
"3883870","11419588","3","0.923076923076923","1505453.java","selected","76","88","2398322.java","selected","24","36"
"5767800","11419588","3","0.923076923076923","530975.java","selected","232","244","2398322.java","selected","24","36"
"11419588","16966539","3","0.923076923076923","2398322.java","selected","24","36","1659082.java","selected","76","88"
"9150851","12408144","3","0.933333333333333","902306.java","selected","25","39","1140467.java","selected","22","36"
"17514598","23179136","3","0.90625","1188591.java","selected","304","334","2297888.java","selected","328","359"
"12822637","23179136","3","0.90625","433332.java","selected","233","263","2297888.java","selected","328","359"
"17787699","22312282","3","0.972972972972973","257145.java","selected","73","107","453369.java","selected","38","72"
"12744653","22312282","3","0.921052631578947","1967125.java","selected","41","77","453369.java","selected","38","72"
"10272772","22312282","3","0.921052631578947","1395286.java","selected","41","77","453369.java","selected","38","72"
"19388622","22312282","3","0.921052631578947","1686285.java","selected","41","77","453369.java","selected","38","72"
"13020691","22312282","3","0.95703125","1499140.java","selected","41","74","453369.java","selected","38","72"
"20815980","22312282","3","0.947368421052632","1237185.java","selected","41","76","453369.java","selected","38","72"
"9487010","22312282","3","0.9140625","1436765.java","selected","60","92","453369.java","selected","38","72"
"7948308","22312282","3","0.945945945945946","2128909.java","selected","48","82","453369.java","selected","38","72"
"10589735","22312282","3","0.9140625","1076602.java","selected","60","92","453369.java","selected","38","72"
"10293577","22312282","3","0.9140625","1643697.java","selected","60","92","453369.java","selected","38","72"
"10425169","22312282","3","0.911032028469751","256359.java","selected","43","79","453369.java","selected","38","72"
"15260218","20592334","3","0.9125","2246139.java","selected","50","67","736060.java","selected","45","64"
"11968328","23290018","3","0.9","294534.java","selected","42","51","1850264.java","selected","123","132"
"15500892","17787699","3","0.972972972972973","1132046.java","selected","177","211","257145.java","selected","73","107"
"16385631","17787699","3","0.972972972972973","783705.java","selected","45","79","257145.java","selected","73","107"
"6788258","17787699","3","0.972972972972973","2181232.java","selected","44","78","257145.java","selected","73","107"
"2533570","17787699","3","0.972972972972973","1394936.java","selected","41","75","257145.java","selected","73","107"
"17787699","19474501","3","0.972972972972973","257145.java","selected","73","107","2704481.java","selected","38","72"
"4764618","17787699","3","0.972972972972973","1211389.java","selected","38","72","257145.java","selected","73","107"
"17787699","23465746","3","0.972972972972973","257145.java","selected","73","107","149268.java","selected","38","72"
"12973065","17787699","3","0.972972972972973","395885.java","selected","38","72","257145.java","selected","73","107"
"17787699","23161545","3","0.972972972972973","257145.java","selected","73","107","452587.java","selected","41","75"
"17224030","17787699","3","0.972972972972973","785238.java","selected","43","77","257145.java","selected","73","107"
"6155833","17787699","3","0.972972972972973","384944.java","selected","41","75","257145.java","selected","73","107"
"6983973","17787699","3","0.972972972972973","2458021.java","selected","41","75","257145.java","selected","73","107"
"13974204","17787699","3","0.972972972972973","2644786.java","selected","135","169","257145.java","selected","73","107"
"6729311","17787699","3","0.972972972972973","2650687.java","selected","41","75","257145.java","selected","73","107"
"17787699","20378673","3","0.972972972972973","257145.java","selected","73","107","2054510.java","selected","41","75"
"13020691","17787699","3","0.949612403100775","1499140.java","selected","41","74","257145.java","selected","73","107"
"8024375","17787699","3","0.972972972972973","2713526.java","selected","41","75","257145.java","selected","73","107"
"17787699","20815980","3","0.921052631578947","257145.java","selected","73","107","1237185.java","selected","41","76"
"3516106","17787699","3","0.972972972972973","2140231.java","selected","44","78","257145.java","selected","73","107"
"9487010","17787699","3","0.906976744186047","1436765.java","selected","60","92","257145.java","selected","73","107"
"8769373","17787699","3","0.972972972972973","761324.java","selected","41","75","257145.java","selected","73","107"
"7948308","17787699","3","0.945945945945946","2128909.java","selected","48","82","257145.java","selected","73","107"
"15972030","17787699","3","0.972972972972973","349715.java","selected","38","72","257145.java","selected","73","107"
"2490462","17787699","3","0.972972972972973","349286.java","selected","41","75","257145.java","selected","73","107"
"14887616","17787699","3","0.972972972972973","705884.java","selected","38","72","257145.java","selected","73","107"
"11997195","17787699","3","0.972972972972973","1919515.java","selected","41","75","257145.java","selected","73","107"
"1884023","17787699","3","0.972972972972973","2247413.java","selected","38","72","257145.java","selected","73","107"
"10589735","17787699","3","0.906976744186047","1076602.java","selected","60","92","257145.java","selected","73","107"
"9568958","17787699","3","0.972972972972973","1070751.java","selected","118","152","257145.java","selected","73","107"
"10293577","17787699","3","0.906976744186047","1643697.java","selected","60","92","257145.java","selected","73","107"
"6795580","17787699","3","0.972972972972973","2376971.java","selected","40","74","257145.java","selected","73","107"
"10298747","17787699","3","0.972972972972973","759664.java","selected","41","75","257145.java","selected","73","107"
"17787699","23243320","3","0.972972972972973","257145.java","selected","73","107","807333.java","selected","38","72"
"7235121","20584513","3","0.904761904761905","706474.java","selected","39","59","1796360.java","selected","83","104"
"10871260","20584513","3","0.904761904761905","2149008.java","selected","29","49","1796360.java","selected","83","104"
"17805384","20584513","3","0.904761904761905","2356359.java","selected","35","56","1796360.java","selected","83","104"
"13206754","18820148","3","0.916666666666667","2140261.java","selected","10","21","595552.java","selected","212","222"
"13206754","20418573","3","0.916666666666667","2140261.java","selected","10","21","1966077.java","selected","72","82"
"13206754","13569337","3","0.916666666666667","2140261.java","selected","10","21","2464493.java","selected","19","29"
"13206754","13949581","3","0.916666666666667","2140261.java","selected","10","21","348947.java","selected","9","19"
"12744653","15500892","3","0.921052631578947","1967125.java","selected","41","77","1132046.java","selected","177","211"
"10272772","15500892","3","0.921052631578947","1395286.java","selected","41","77","1132046.java","selected","177","211"
"15500892","19388622","3","0.921052631578947","1132046.java","selected","177","211","1686285.java","selected","41","77"
"13020691","15500892","3","0.95703125","1499140.java","selected","41","74","1132046.java","selected","177","211"
"15500892","20815980","3","0.947368421052632","1132046.java","selected","177","211","1237185.java","selected","41","76"
"9487010","15500892","3","0.9140625","1436765.java","selected","60","92","1132046.java","selected","177","211"
"7948308","15500892","3","0.945945945945946","2128909.java","selected","48","82","1132046.java","selected","177","211"
"10589735","15500892","3","0.9140625","1076602.java","selected","60","92","1132046.java","selected","177","211"
"10293577","15500892","3","0.9140625","1643697.java","selected","60","92","1132046.java","selected","177","211"
"10425169","15500892","3","0.911032028469751","256359.java","selected","43","79","1132046.java","selected","177","211"
"12744653","16385631","3","0.921052631578947","1967125.java","selected","41","77","783705.java","selected","45","79"
"10272772","16385631","3","0.921052631578947","1395286.java","selected","41","77","783705.java","selected","45","79"
"16385631","19388622","3","0.921052631578947","783705.java","selected","45","79","1686285.java","selected","41","77"
"13020691","16385631","3","0.95703125","1499140.java","selected","41","74","783705.java","selected","45","79"
"16385631","20815980","3","0.947368421052632","783705.java","selected","45","79","1237185.java","selected","41","76"
"9487010","16385631","3","0.9140625","1436765.java","selected","60","92","783705.java","selected","45","79"
"7948308","16385631","3","0.945945945945946","2128909.java","selected","48","82","783705.java","selected","45","79"
"10589735","16385631","3","0.9140625","1076602.java","selected","60","92","783705.java","selected","45","79"
"10293577","16385631","3","0.9140625","1643697.java","selected","60","92","783705.java","selected","45","79"
"10425169","16385631","3","0.911032028469751","256359.java","selected","43","79","783705.java","selected","45","79"
"6788258","12744653","3","0.921052631578947","2181232.java","selected","44","78","1967125.java","selected","41","77"
"6788258","10272772","3","0.921052631578947","2181232.java","selected","44","78","1395286.java","selected","41","77"
"6788258","19388622","3","0.921052631578947","2181232.java","selected","44","78","1686285.java","selected","41","77"
"6788258","13020691","3","0.95703125","2181232.java","selected","44","78","1499140.java","selected","41","74"
"6788258","20815980","3","0.947368421052632","2181232.java","selected","44","78","1237185.java","selected","41","76"
"6788258","9487010","3","0.9140625","2181232.java","selected","44","78","1436765.java","selected","60","92"
"6788258","7948308","3","0.945945945945946","2181232.java","selected","44","78","2128909.java","selected","48","82"
"6788258","10589735","3","0.9140625","2181232.java","selected","44","78","1076602.java","selected","60","92"
"6788258","10293577","3","0.9140625","2181232.java","selected","44","78","1643697.java","selected","60","92"
"6788258","10425169","3","0.911032028469751","2181232.java","selected","44","78","256359.java","selected","43","79"
"17557889","23118425","3","0.928571428571429","2194907.java","selected","243","256","1828742.java","selected","29","42"
"5373841","15629443","3","0.9375","1896135.java","selected","177","192","2037398.java","selected","162","177"
"6863593","22284204","3","0.9","954798.java","selected","91","100","1412908.java","selected","46","55"
"6382620","18820148","3","0.909090909090909","2005777.java","selected","153","163","595552.java","selected","212","222"
"18820148","22098632","3","0.909090909090909","595552.java","selected","212","222","853125.java","selected","22","32"
"13949581","18820148","3","0.909090909090909","348947.java","selected","9","19","595552.java","selected","212","222"
"2533570","12744653","3","0.921052631578947","1394936.java","selected","41","75","1967125.java","selected","41","77"
"2533570","10272772","3","0.921052631578947","1394936.java","selected","41","75","1395286.java","selected","41","77"
"2533570","19388622","3","0.921052631578947","1394936.java","selected","41","75","1686285.java","selected","41","77"
"2533570","13020691","3","0.95703125","1394936.java","selected","41","75","1499140.java","selected","41","74"
"2533570","20815980","3","0.947368421052632","1394936.java","selected","41","75","1237185.java","selected","41","76"
"2533570","9487010","3","0.9140625","1394936.java","selected","41","75","1436765.java","selected","60","92"
"2533570","7948308","3","0.945945945945946","1394936.java","selected","41","75","2128909.java","selected","48","82"
"2533570","10589735","3","0.9140625","1394936.java","selected","41","75","1076602.java","selected","60","92"
"2533570","10293577","3","0.9140625","1394936.java","selected","41","75","1643697.java","selected","60","92"
"2533570","10425169","3","0.911032028469751","1394936.java","selected","41","75","256359.java","selected","43","79"
"6382620","20418573","3","0.909090909090909","2005777.java","selected","153","163","1966077.java","selected","72","82"
"20418573","22098632","3","0.909090909090909","1966077.java","selected","72","82","853125.java","selected","22","32"
"13949581","20418573","3","0.909090909090909","348947.java","selected","9","19","1966077.java","selected","72","82"
"6382620","22098632","3","0.909090909090909","2005777.java","selected","153","163","853125.java","selected","22","32"
"6382620","13569337","3","0.909090909090909","2005777.java","selected","153","163","2464493.java","selected","19","29"
"12744653","19474501","3","0.921052631578947","1967125.java","selected","41","77","2704481.java","selected","38","72"
"10272772","19474501","3","0.921052631578947","1395286.java","selected","41","77","2704481.java","selected","38","72"
"19388622","19474501","3","0.921052631578947","1686285.java","selected","41","77","2704481.java","selected","38","72"
"13020691","19474501","3","0.95703125","1499140.java","selected","41","74","2704481.java","selected","38","72"
"19474501","20815980","3","0.947368421052632","2704481.java","selected","38","72","1237185.java","selected","41","76"
"9487010","19474501","3","0.9140625","1436765.java","selected","60","92","2704481.java","selected","38","72"
"7948308","19474501","3","0.945945945945946","2128909.java","selected","48","82","2704481.java","selected","38","72"
"10589735","19474501","3","0.9140625","1076602.java","selected","60","92","2704481.java","selected","38","72"
"10293577","19474501","3","0.9140625","1643697.java","selected","60","92","2704481.java","selected","38","72"
"10425169","19474501","3","0.911032028469751","256359.java","selected","43","79","2704481.java","selected","38","72"
"4317626","15917727","3","0.933333333333333","47937.java","selected","365","379","1417206.java","selected","466","480"
"13569337","22098632","3","0.909090909090909","2464493.java","selected","19","29","853125.java","selected","22","32"
"3532296","5767800","3","0.923076923076923","624565.java","selected","96","108","530975.java","selected","232","244"
"5017376","5017378","3","0.956521739130435","306261.java","selected","354","373","306261.java","selected","396","415"
"5017376","5017377","3","0.956521739130435","306261.java","selected","354","373","306261.java","selected","375","394"
"1914865","14928023","3","0.9","2646810.java","selected","40","49","396771.java","selected","24","33"
"5317659","11046598","3","0.958333333333333","1509280.java","selected","139","160","1646322.java","selected","153","174"
"11650020","14288306","3","0.909090909090909","1147362.java","selected","12","22","1838198.java","selected","9","19"
"8678081","11650020","3","0.909090909090909","1455875.java","selected","10","20","1147362.java","selected","12","22"
"5537138","5537139","3","0.9","305075.java","selected","45","62","305075.java","selected","64","81"
"12296632","12577738","3","0.972972972972973","2664072.java","selected","89","117","1244755.java","selected","89","117"
"6387775","13822269","3","0.9","2108417.java","selected","21","30","2016611.java","selected","27","36"
"2913081","12876684","3","0.95","1911819.java","selected","187","205","893450.java","selected","93","111"
"12202844","12876684","3","0.95","617455.java","selected","186","204","893450.java","selected","93","111"
"4764618","12744653","3","0.921052631578947","1211389.java","selected","38","72","1967125.java","selected","41","77"
"4764618","10272772","3","0.921052631578947","1211389.java","selected","38","72","1395286.java","selected","41","77"
"4764618","19388622","3","0.921052631578947","1211389.java","selected","38","72","1686285.java","selected","41","77"
"4764618","13020691","3","0.95703125","1211389.java","selected","38","72","1499140.java","selected","41","74"
"4764618","20815980","3","0.947368421052632","1211389.java","selected","38","72","1237185.java","selected","41","76"
"4764618","9487010","3","0.9140625","1211389.java","selected","38","72","1436765.java","selected","60","92"
"4764618","7948308","3","0.945945945945946","1211389.java","selected","38","72","2128909.java","selected","48","82"
"4764618","10589735","3","0.9140625","1211389.java","selected","38","72","1076602.java","selected","60","92"
"4764618","10293577","3","0.9140625","1211389.java","selected","38","72","1643697.java","selected","60","92"
"4764618","10425169","3","0.911032028469751","1211389.java","selected","38","72","256359.java","selected","43","79"
"1415765","23290018","3","0.9","1784498.java","selected","9","18","1850264.java","selected","123","132"
"15202804","15202805","3","0.902325581395349","1939352.java","selected","32","53","1939352.java","selected","79","100"
"2544868","15912858","3","0.909090909090909","753880.java","selected","14","32","1481379.java","selected","15","33"
"2440033","10072636","3","0.909090909090909","1161195.java","selected","24","34","700775.java","selected","30","40"
"13792092","18028121","3","0.916666666666667","1958218.java","selected","159","170","995081.java","selected","109","120"
"1914865","19693671","3","0.9","2646810.java","selected","40","49","136068.java","selected","12","21"
"6322468","9191794","3","0.9375","605277.java","selected","11","26","1929750.java","selected","15","30"
"3357568","6322468","3","0.9375","838444.java","selected","15","30","605277.java","selected","11","26"
"2593325","10142186","3","0.944162436548223","1115031.java","selected","105","123","2523541.java","selected","12","30"
"5665159","10142186","3","0.954545454545455","2682069.java","selected","104","122","2523541.java","selected","12","30"
"14175531","14175532","3","0.909090909090909","915671.java","selected","19","29","915671.java","selected","31","41"
"3772396","22271847","3","0.931034482758621","447499.java","selected","190","216","704797.java","selected","22","49"
"20177224","22271847","3","0.931034482758621","140925.java","selected","204","231","704797.java","selected","22","49"
"12744653","23465746","3","0.921052631578947","1967125.java","selected","41","77","149268.java","selected","38","72"
"10272772","23465746","3","0.921052631578947","1395286.java","selected","41","77","149268.java","selected","38","72"
"19388622","23465746","3","0.921052631578947","1686285.java","selected","41","77","149268.java","selected","38","72"
"13020691","23465746","3","0.95703125","1499140.java","selected","41","74","149268.java","selected","38","72"
"20815980","23465746","3","0.947368421052632","1237185.java","selected","41","76","149268.java","selected","38","72"
"9487010","23465746","3","0.9140625","1436765.java","selected","60","92","149268.java","selected","38","72"
"7948308","23465746","3","0.945945945945946","2128909.java","selected","48","82","149268.java","selected","38","72"
"10589735","23465746","3","0.9140625","1076602.java","selected","60","92","149268.java","selected","38","72"
"10293577","23465746","3","0.9140625","1643697.java","selected","60","92","149268.java","selected","38","72"
"10425169","23465746","3","0.911032028469751","256359.java","selected","43","79","149268.java","selected","38","72"
"12744653","12973065","3","0.921052631578947","1967125.java","selected","41","77","395885.java","selected","38","72"
"12744653","23161545","3","0.921052631578947","1967125.java","selected","41","77","452587.java","selected","41","75"
"12744653","17224030","3","0.921052631578947","1967125.java","selected","41","77","785238.java","selected","43","77"
"6155833","12744653","3","0.921052631578947","384944.java","selected","41","75","1967125.java","selected","41","77"
"12744653","14091098","3","0.947368421052632","1967125.java","selected","41","77","892708.java","selected","143","179"
"6983973","12744653","3","0.921052631578947","2458021.java","selected","41","75","1967125.java","selected","41","77"
"12744653","13974204","3","0.921052631578947","1967125.java","selected","41","77","2644786.java","selected","135","169"
"6729311","12744653","3","0.921052631578947","2650687.java","selected","41","75","1967125.java","selected","41","77"
"12744653","20378673","3","0.921052631578947","1967125.java","selected","41","77","2054510.java","selected","41","75"
"8024375","12744653","3","0.921052631578947","2713526.java","selected","41","75","1967125.java","selected","41","77"
"3516106","12744653","3","0.921052631578947","2140231.java","selected","44","78","1967125.java","selected","41","77"
"8769373","12744653","3","0.921052631578947","761324.java","selected","41","75","1967125.java","selected","41","77"
"12744653","15972030","3","0.921052631578947","1967125.java","selected","41","77","349715.java","selected","38","72"
"2490462","12744653","3","0.921052631578947","349286.java","selected","41","75","1967125.java","selected","41","77"
"12744653","14887616","3","0.921052631578947","1967125.java","selected","41","77","705884.java","selected","38","72"
"11997195","12744653","3","0.921052631578947","1919515.java","selected","41","75","1967125.java","selected","41","77"
"1884023","12744653","3","0.921052631578947","2247413.java","selected","38","72","1967125.java","selected","41","77"
"9568958","12744653","3","0.921052631578947","1070751.java","selected","118","152","1967125.java","selected","41","77"
"6795580","12744653","3","0.921052631578947","2376971.java","selected","40","74","1967125.java","selected","41","77"
"10298747","12744653","3","0.921052631578947","759664.java","selected","41","75","1967125.java","selected","41","77"
"12744653","23243320","3","0.921052631578947","1967125.java","selected","41","77","807333.java","selected","38","72"
"8211013","9796809","3","0.928571428571429","1608308.java","selected","174","186","2397022.java","selected","35","48"
"10272772","12973065","3","0.921052631578947","1395286.java","selected","41","77","395885.java","selected","38","72"
"12973065","19388622","3","0.921052631578947","395885.java","selected","38","72","1686285.java","selected","41","77"
"12973065","13020691","3","0.95703125","395885.java","selected","38","72","1499140.java","selected","41","74"
"12973065","20815980","3","0.947368421052632","395885.java","selected","38","72","1237185.java","selected","41","76"
"9487010","12973065","3","0.9140625","1436765.java","selected","60","92","395885.java","selected","38","72"
"7948308","12973065","3","0.945945945945946","2128909.java","selected","48","82","395885.java","selected","38","72"
"10589735","12973065","3","0.9140625","1076602.java","selected","60","92","395885.java","selected","38","72"
"10293577","12973065","3","0.9140625","1643697.java","selected","60","92","395885.java","selected","38","72"
"10425169","12973065","3","0.911032028469751","256359.java","selected","43","79","395885.java","selected","38","72"
"10272772","23161545","3","0.921052631578947","1395286.java","selected","41","77","452587.java","selected","41","75"
"10272772","17224030","3","0.921052631578947","1395286.java","selected","41","77","785238.java","selected","43","77"
"6155833","10272772","3","0.921052631578947","384944.java","selected","41","75","1395286.java","selected","41","77"
"10272772","14091098","3","0.947368421052632","1395286.java","selected","41","77","892708.java","selected","143","179"
"6983973","10272772","3","0.921052631578947","2458021.java","selected","41","75","1395286.java","selected","41","77"
"10272772","13974204","3","0.921052631578947","1395286.java","selected","41","77","2644786.java","selected","135","169"
"6729311","10272772","3","0.921052631578947","2650687.java","selected","41","75","1395286.java","selected","41","77"
"10272772","20378673","3","0.921052631578947","1395286.java","selected","41","77","2054510.java","selected","41","75"
"8024375","10272772","3","0.921052631578947","2713526.java","selected","41","75","1395286.java","selected","41","77"
"3516106","10272772","3","0.921052631578947","2140231.java","selected","44","78","1395286.java","selected","41","77"
"8769373","10272772","3","0.921052631578947","761324.java","selected","41","75","1395286.java","selected","41","77"
"10272772","15972030","3","0.921052631578947","1395286.java","selected","41","77","349715.java","selected","38","72"
"2490462","10272772","3","0.921052631578947","349286.java","selected","41","75","1395286.java","selected","41","77"
"10272772","14887616","3","0.921052631578947","1395286.java","selected","41","77","705884.java","selected","38","72"
"10272772","11997195","3","0.921052631578947","1395286.java","selected","41","77","1919515.java","selected","41","75"
"1884023","10272772","3","0.921052631578947","2247413.java","selected","38","72","1395286.java","selected","41","77"
"9568958","10272772","3","0.921052631578947","1070751.java","selected","118","152","1395286.java","selected","41","77"
"6795580","10272772","3","0.921052631578947","2376971.java","selected","40","74","1395286.java","selected","41","77"
"10272772","10298747","3","0.921052631578947","1395286.java","selected","41","77","759664.java","selected","41","75"
"10272772","23243320","3","0.921052631578947","1395286.java","selected","41","77","807333.java","selected","38","72"
"1042184","10277959","3","0.928571428571429","901529.java","selected","104","116","305993.java","selected","160","172"
"3567576","8969949","3","0.909090909090909","137844.java","selected","152","161","724165.java","selected","213","222"
"978930","7421563","3","0.923076923076923","224489.java","selected","35","47","1592192.java","selected","30","42"
"1042184","13653638","3","0.928571428571429","901529.java","selected","104","116","1266345.java","selected","89","101"
"17201462","20591617","3","0.9375","2147480.java","selected","40","55","958250.java","selected","30","45"
"7761195","21996068","3","0.931623931623932","1493179.java","selected","28","44","2448986.java","selected","16","31"
"7761195","22911141","3","0.931623931623932","1493179.java","selected","28","44","1367608.java","selected","18","34"
"7761195","14849002","3","0.931623931623932","1493179.java","selected","28","44","1319165.java","selected","17","32"
"3362080","7761195","3","0.931623931623932","1052731.java","selected","15","30","1493179.java","selected","28","44"
"7761195","19782619","3","0.931623931623932","1493179.java","selected","28","44","1647261.java","selected","21","36"
"7761195","14053882","3","0.931623931623932","1493179.java","selected","28","44","2118889.java","selected","15","30"
"7761195","10350952","3","0.931623931623932","1493179.java","selected","28","44","523647.java","selected","15","30"
"19388622","23161545","3","0.921052631578947","1686285.java","selected","41","77","452587.java","selected","41","75"
"13020691","23161545","3","0.95703125","1499140.java","selected","41","74","452587.java","selected","41","75"
"20815980","23161545","3","0.947368421052632","1237185.java","selected","41","76","452587.java","selected","41","75"
"9487010","23161545","3","0.9140625","1436765.java","selected","60","92","452587.java","selected","41","75"
"7948308","23161545","3","0.945945945945946","2128909.java","selected","48","82","452587.java","selected","41","75"
"10589735","23161545","3","0.9140625","1076602.java","selected","60","92","452587.java","selected","41","75"
"10293577","23161545","3","0.9140625","1643697.java","selected","60","92","452587.java","selected","41","75"
"10425169","23161545","3","0.911032028469751","256359.java","selected","43","79","452587.java","selected","41","75"
"13210305","22991277","3","0.916666666666667","1338222.java","selected","665","675","1950322.java","selected","201","212"
"10361370","15057561","3","0.9375","244599.java","selected","118","129","511612.java","selected","122","133"
"21996068","22911141","3","0.941176470588235","2448986.java","selected","16","31","1367608.java","selected","18","34"
"10318835","21996068","3","0.9375","1700152.java","selected","66","81","2448986.java","selected","16","31"
"9013668","21996068","3","0.9375","1416711.java","selected","19","34","2448986.java","selected","16","31"
"2279291","21996068","3","0.9375","2120649.java","selected","41","56","2448986.java","selected","16","31"
"10178931","21996068","3","0.9375","2193185.java","selected","15","30","2448986.java","selected","16","31"
"17025298","19178250","3","0.944444444444444","1681494.java","selected","89","105","773465.java","selected","95","111"
"17224030","19388622","3","0.921052631578947","785238.java","selected","43","77","1686285.java","selected","41","77"
"13020691","17224030","3","0.95703125","1499140.java","selected","41","74","785238.java","selected","43","77"
"17224030","20815980","3","0.947368421052632","785238.java","selected","43","77","1237185.java","selected","41","76"
"9487010","17224030","3","0.9140625","1436765.java","selected","60","92","785238.java","selected","43","77"
"7948308","17224030","3","0.945945945945946","2128909.java","selected","48","82","785238.java","selected","43","77"
"10589735","17224030","3","0.9140625","1076602.java","selected","60","92","785238.java","selected","43","77"
"10293577","17224030","3","0.9140625","1643697.java","selected","60","92","785238.java","selected","43","77"
"10425169","17224030","3","0.911032028469751","256359.java","selected","43","79","785238.java","selected","43","77"
"11604443","13450574","3","0.929133858267717","429329.java","selected","49","83","1623776.java","selected","132","164"
"14849002","22911141","3","0.941176470588235","1319165.java","selected","17","32","1367608.java","selected","18","34"
"3362080","22911141","3","0.941176470588235","1052731.java","selected","15","30","1367608.java","selected","18","34"
"19782619","22911141","3","0.941176470588235","1647261.java","selected","21","36","1367608.java","selected","18","34"
"14053882","22911141","3","0.941176470588235","2118889.java","selected","15","30","1367608.java","selected","18","34"
"10350952","22911141","3","0.941176470588235","523647.java","selected","15","30","1367608.java","selected","18","34"
"2593325","3087100","3","0.944162436548223","1115031.java","selected","105","123","1998230.java","selected","14","32"
"3087100","5665159","3","0.954545454545455","1998230.java","selected","14","32","2682069.java","selected","104","122"
"2827291","23118425","3","0.928571428571429","2117141.java","selected","197","210","1828742.java","selected","29","42"
"16023045","18028121","3","0.916666666666667","8783.java","selected","374","385","995081.java","selected","109","120"
"2453715","11893997","3","0.933333333333333","460436.java","selected","145","159","2404489.java","selected","193","207"
"7847812","21515430","3","0.954337899543379","2638873.java","selected","305","379","327954.java","selected","428","502"
"6155833","19388622","3","0.921052631578947","384944.java","selected","41","75","1686285.java","selected","41","77"
"6155833","13020691","3","0.95703125","384944.java","selected","41","75","1499140.java","selected","41","74"
"6155833","20815980","3","0.947368421052632","384944.java","selected","41","75","1237185.java","selected","41","76"
"6155833","9487010","3","0.9140625","384944.java","selected","41","75","1436765.java","selected","60","92"
"6155833","7948308","3","0.945945945945946","384944.java","selected","41","75","2128909.java","selected","48","82"
"6155833","10589735","3","0.9140625","384944.java","selected","41","75","1076602.java","selected","60","92"
"6155833","10293577","3","0.9140625","384944.java","selected","41","75","1643697.java","selected","60","92"
"6155833","10425169","3","0.911032028469751","384944.java","selected","41","75","256359.java","selected","43","79"
"14091098","19388622","3","0.947368421052632","892708.java","selected","143","179","1686285.java","selected","41","77"
"6983973","19388622","3","0.921052631578947","2458021.java","selected","41","75","1686285.java","selected","41","77"
"13974204","19388622","3","0.921052631578947","2644786.java","selected","135","169","1686285.java","selected","41","77"
"6729311","19388622","3","0.921052631578947","2650687.java","selected","41","75","1686285.java","selected","41","77"
"19388622","20378673","3","0.921052631578947","1686285.java","selected","41","77","2054510.java","selected","41","75"
"8024375","19388622","3","0.921052631578947","2713526.java","selected","41","75","1686285.java","selected","41","77"
"3516106","19388622","3","0.921052631578947","2140231.java","selected","44","78","1686285.java","selected","41","77"
"8769373","19388622","3","0.921052631578947","761324.java","selected","41","75","1686285.java","selected","41","77"
"15972030","19388622","3","0.921052631578947","349715.java","selected","38","72","1686285.java","selected","41","77"
"2490462","19388622","3","0.921052631578947","349286.java","selected","41","75","1686285.java","selected","41","77"
"14887616","19388622","3","0.921052631578947","705884.java","selected","38","72","1686285.java","selected","41","77"
"11997195","19388622","3","0.921052631578947","1919515.java","selected","41","75","1686285.java","selected","41","77"
"1884023","19388622","3","0.921052631578947","2247413.java","selected","38","72","1686285.java","selected","41","77"
"9568958","19388622","3","0.921052631578947","1070751.java","selected","118","152","1686285.java","selected","41","77"
"6795580","19388622","3","0.921052631578947","2376971.java","selected","40","74","1686285.java","selected","41","77"
"10298747","19388622","3","0.921052631578947","759664.java","selected","41","75","1686285.java","selected","41","77"
"19388622","23243320","3","0.921052631578947","1686285.java","selected","41","77","807333.java","selected","38","72"
"13569337","13949581","3","0.909090909090909","2464493.java","selected","19","29","348947.java","selected","9","19"
"10785895","10785896","3","0.9","2169240.java","selected","59","87","2169240.java","selected","89","116"
"7235121","17805384","3","0.904761904761905","706474.java","selected","39","59","2356359.java","selected","35","56"
"12096098","22479286","3","0.933333333333333","2270358.java","selected","18","31","562392.java","selected","98","111"
"3962795","9099457","3","0.916666666666667","1766426.java","selected","7","18","196445.java","selected","8","19"
"11418746","23290018","3","0.9","1623556.java","selected","102","111","1850264.java","selected","123","132"
"10318835","14849002","3","0.9375","1700152.java","selected","66","81","1319165.java","selected","17","32"
"9013668","14849002","3","0.9375","1416711.java","selected","19","34","1319165.java","selected","17","32"
"2279291","14849002","3","0.9375","2120649.java","selected","41","56","1319165.java","selected","17","32"
"10178931","14849002","3","0.9375","2193185.java","selected","15","30","1319165.java","selected","17","32"
"6983973","13020691","3","0.95703125","2458021.java","selected","41","75","1499140.java","selected","41","74"
"6983973","20815980","3","0.947368421052632","2458021.java","selected","41","75","1237185.java","selected","41","76"
"6983973","9487010","3","0.9140625","2458021.java","selected","41","75","1436765.java","selected","60","92"
"6983973","7948308","3","0.945945945945946","2458021.java","selected","41","75","2128909.java","selected","48","82"
"6983973","10589735","3","0.9140625","2458021.java","selected","41","75","1076602.java","selected","60","92"
"6983973","10293577","3","0.9140625","2458021.java","selected","41","75","1643697.java","selected","60","92"
"6983973","10425169","3","0.911032028469751","2458021.java","selected","41","75","256359.java","selected","43","79"
"13020691","13974204","3","0.95703125","1499140.java","selected","41","74","2644786.java","selected","135","169"
"13974204","20815980","3","0.947368421052632","2644786.java","selected","135","169","1237185.java","selected","41","76"
"9487010","13974204","3","0.9140625","1436765.java","selected","60","92","2644786.java","selected","135","169"
"7948308","13974204","3","0.945945945945946","2128909.java","selected","48","82","2644786.java","selected","135","169"
"10589735","13974204","3","0.9140625","1076602.java","selected","60","92","2644786.java","selected","135","169"
"10293577","13974204","3","0.9140625","1643697.java","selected","60","92","2644786.java","selected","135","169"
"10425169","13974204","3","0.911032028469751","256359.java","selected","43","79","2644786.java","selected","135","169"
"6729311","13020691","3","0.95703125","2650687.java","selected","41","75","1499140.java","selected","41","74"
"6729311","20815980","3","0.947368421052632","2650687.java","selected","41","75","1237185.java","selected","41","76"
"6729311","9487010","3","0.9140625","2650687.java","selected","41","75","1436765.java","selected","60","92"
"6729311","7948308","3","0.945945945945946","2650687.java","selected","41","75","2128909.java","selected","48","82"
"6729311","10589735","3","0.9140625","2650687.java","selected","41","75","1076602.java","selected","60","92"
"6729311","10293577","3","0.9140625","2650687.java","selected","41","75","1643697.java","selected","60","92"
"6729311","10425169","3","0.911032028469751","2650687.java","selected","41","75","256359.java","selected","43","79"
"3362080","10318835","3","0.9375","1052731.java","selected","15","30","1700152.java","selected","66","81"
"10318835","19782619","3","0.9375","1700152.java","selected","66","81","1647261.java","selected","21","36"
"2279291","10318835","3","0.9375","2120649.java","selected","41","56","1700152.java","selected","66","81"
"10318835","14053882","3","0.9375","1700152.java","selected","66","81","2118889.java","selected","15","30"
"10178931","10318835","3","0.9375","2193185.java","selected","15","30","1700152.java","selected","66","81"
"10318835","10350952","3","0.9375","1700152.java","selected","66","81","523647.java","selected","15","30"
"4317626","8428267","3","0.933333333333333","47937.java","selected","365","379","1066091.java","selected","466","480"
"3362080","9013668","3","0.9375","1052731.java","selected","15","30","1416711.java","selected","19","34"
"2279291","3362080","3","0.9375","2120649.java","selected","41","56","1052731.java","selected","15","30"
"3362080","10178931","3","0.9375","1052731.java","selected","15","30","2193185.java","selected","15","30"
"3567576","13024538","3","0.909090909090909","137844.java","selected","152","161","1893000.java","selected","213","222"
"12296633","12577739","3","0.909090909090909","2664072.java","selected","119","140","1244755.java","selected","119","140"
"10871260","17805384","3","0.904761904761905","2149008.java","selected","29","49","2356359.java","selected","35","56"
"13020691","20378673","3","0.95703125","1499140.java","selected","41","74","2054510.java","selected","41","75"
"20378673","20815980","3","0.947368421052632","2054510.java","selected","41","75","1237185.java","selected","41","76"
"9487010","20378673","3","0.9140625","1436765.java","selected","60","92","2054510.java","selected","41","75"
"7948308","20378673","3","0.945945945945946","2128909.java","selected","48","82","2054510.java","selected","41","75"
"10589735","20378673","3","0.9140625","1076602.java","selected","60","92","2054510.java","selected","41","75"
"10293577","20378673","3","0.9140625","1643697.java","selected","60","92","2054510.java","selected","41","75"
"10425169","20378673","3","0.911032028469751","256359.java","selected","43","79","2054510.java","selected","41","75"
"6633988","13848422","3","0.916666666666667","670005.java","selected","70","81","1332048.java","selected","11","22"
"6381991","16301846","3","0.9","1792862.java","selected","257","266","2368972.java","selected","10","19"
"14350198","16502662","3","0.952662721893491","362682.java","selected","18","36","965664.java","selected","92","110"
"8024375","13020691","3","0.95703125","2713526.java","selected","41","75","1499140.java","selected","41","74"
"13020691","20815980","3","0.921052631578947","1499140.java","selected","41","74","1237185.java","selected","41","76"
"3516106","13020691","3","0.95703125","2140231.java","selected","44","78","1499140.java","selected","41","74"
"9487010","13020691","3","0.955102040816327","1436765.java","selected","60","92","1499140.java","selected","41","74"
"8769373","13020691","3","0.95703125","761324.java","selected","41","75","1499140.java","selected","41","74"
"7948308","13020691","3","0.945945945945946","2128909.java","selected","48","82","1499140.java","selected","41","74"
"13020691","15972030","3","0.95703125","1499140.java","selected","41","74","349715.java","selected","38","72"
"2490462","13020691","3","0.95703125","349286.java","selected","41","75","1499140.java","selected","41","74"
"13020691","14887616","3","0.95703125","1499140.java","selected","41","74","705884.java","selected","38","72"
"11997195","13020691","3","0.95703125","1919515.java","selected","41","75","1499140.java","selected","41","74"
"1884023","13020691","3","0.95703125","2247413.java","selected","38","72","1499140.java","selected","41","74"
"10589735","13020691","3","0.955102040816327","1076602.java","selected","60","92","1499140.java","selected","41","74"
"9568958","13020691","3","0.95703125","1070751.java","selected","118","152","1499140.java","selected","41","74"
"10293577","13020691","3","0.955102040816327","1643697.java","selected","60","92","1499140.java","selected","41","74"
"6795580","13020691","3","0.95703125","2376971.java","selected","40","74","1499140.java","selected","41","74"
"10298747","13020691","3","0.95703125","759664.java","selected","41","75","1499140.java","selected","41","74"
"13020691","23243320","3","0.95703125","1499140.java","selected","41","74","807333.java","selected","38","72"
"11893997","18673631","3","0.933333333333333","2404489.java","selected","193","207","2441153.java","selected","115","129"
"9013668","19782619","3","0.9375","1416711.java","selected","19","34","1647261.java","selected","21","36"
"9013668","14053882","3","0.9375","1416711.java","selected","19","34","2118889.java","selected","15","30"
"9013668","10350952","3","0.9375","1416711.java","selected","19","34","523647.java","selected","15","30"
"8024375","20815980","3","0.947368421052632","2713526.java","selected","41","75","1237185.java","selected","41","76"
"8024375","9487010","3","0.9140625","2713526.java","selected","41","75","1436765.java","selected","60","92"
"7948308","8024375","3","0.945945945945946","2128909.java","selected","48","82","2713526.java","selected","41","75"
"8024375","10589735","3","0.9140625","2713526.java","selected","41","75","1076602.java","selected","60","92"
"8024375","10293577","3","0.9140625","2713526.java","selected","41","75","1643697.java","selected","60","92"
"8024375","10425169","3","0.911032028469751","2713526.java","selected","41","75","256359.java","selected","43","79"
"3772396","20177224","3","0.931034482758621","447499.java","selected","190","216","140925.java","selected","204","231"
"3772396","16087900","3","0.964285714285714","447499.java","selected","190","216","829893.java","selected","27","53"
"5600261","15460365","3","0.909090909090909","13461.java","selected","100","120","293931.java","selected","100","120"
"1042184","3756429","3","0.928571428571429","901529.java","selected","104","116","1808535.java","selected","97","109"
"3516106","20815980","3","0.947368421052632","2140231.java","selected","44","78","1237185.java","selected","41","76"
"8769373","20815980","3","0.947368421052632","761324.java","selected","41","75","1237185.java","selected","41","76"
"15972030","20815980","3","0.947368421052632","349715.java","selected","38","72","1237185.java","selected","41","76"
"2490462","20815980","3","0.947368421052632","349286.java","selected","41","75","1237185.java","selected","41","76"
"14887616","20815980","3","0.947368421052632","705884.java","selected","38","72","1237185.java","selected","41","76"
"11997195","20815980","3","0.947368421052632","1919515.java","selected","41","75","1237185.java","selected","41","76"
"1884023","20815980","3","0.947368421052632","2247413.java","selected","38","72","1237185.java","selected","41","76"
"9568958","20815980","3","0.947368421052632","1070751.java","selected","118","152","1237185.java","selected","41","76"
"6795580","20815980","3","0.947368421052632","2376971.java","selected","40","74","1237185.java","selected","41","76"
"10298747","20815980","3","0.947368421052632","759664.java","selected","41","75","1237185.java","selected","41","76"
"20815980","23243320","3","0.947368421052632","1237185.java","selected","41","76","807333.java","selected","38","72"
"10425169","20815980","3","0.911032028469751","256359.java","selected","43","79","1237185.java","selected","41","76"
"3883870","5767800","3","0.923076923076923","1505453.java","selected","76","88","530975.java","selected","232","244"
"3516106","9487010","3","0.9140625","2140231.java","selected","44","78","1436765.java","selected","60","92"
"3516106","7948308","3","0.945945945945946","2140231.java","selected","44","78","2128909.java","selected","48","82"
"3516106","10589735","3","0.9140625","2140231.java","selected","44","78","1076602.java","selected","60","92"
"3516106","10293577","3","0.9140625","2140231.java","selected","44","78","1643697.java","selected","60","92"
"3516106","10425169","3","0.911032028469751","2140231.java","selected","44","78","256359.java","selected","43","79"
"2593325","20929570","3","0.944162436548223","1115031.java","selected","105","123","607641.java","selected","22","40"
"5665159","20929570","3","0.954545454545455","2682069.java","selected","104","122","607641.java","selected","22","40"
"8769373","9487010","3","0.9140625","761324.java","selected","41","75","1436765.java","selected","60","92"
"7948308","9487010","3","0.928571428571429","2128909.java","selected","48","82","1436765.java","selected","60","92"
"9487010","15972030","3","0.9140625","1436765.java","selected","60","92","349715.java","selected","38","72"
"2490462","9487010","3","0.9140625","349286.java","selected","41","75","1436765.java","selected","60","92"
"9487010","14887616","3","0.9140625","1436765.java","selected","60","92","705884.java","selected","38","72"
"9487010","11997195","3","0.9140625","1436765.java","selected","60","92","1919515.java","selected","41","75"
"1884023","9487010","3","0.9140625","2247413.java","selected","38","72","1436765.java","selected","60","92"
"9487010","9568958","3","0.9140625","1436765.java","selected","60","92","1070751.java","selected","118","152"
"6795580","9487010","3","0.9140625","2376971.java","selected","40","74","1436765.java","selected","60","92"
"9487010","10298747","3","0.9140625","1436765.java","selected","60","92","759664.java","selected","41","75"
"9487010","23243320","3","0.9140625","1436765.java","selected","60","92","807333.java","selected","38","72"
"7948308","8769373","3","0.945945945945946","2128909.java","selected","48","82","761324.java","selected","41","75"
"8769373","10589735","3","0.9140625","761324.java","selected","41","75","1076602.java","selected","60","92"
"8769373","10293577","3","0.9140625","761324.java","selected","41","75","1643697.java","selected","60","92"
"8769373","10425169","3","0.911032028469751","761324.java","selected","41","75","256359.java","selected","43","79"
"8848809","13024208","3","0.91304347826087","2599262.java","selected","27","47","1066500.java","selected","13","34"
"8848809","19076701","3","0.954545454545455","2599262.java","selected","27","47","163007.java","selected","22","42"
"7948308","15972030","3","0.945945945945946","2128909.java","selected","48","82","349715.java","selected","38","72"
"2490462","7948308","3","0.945945945945946","349286.java","selected","41","75","2128909.java","selected","48","82"
"7948308","14887616","3","0.945945945945946","2128909.java","selected","48","82","705884.java","selected","38","72"
"7948308","11997195","3","0.945945945945946","2128909.java","selected","48","82","1919515.java","selected","41","75"
"1884023","7948308","3","0.945945945945946","2247413.java","selected","38","72","2128909.java","selected","48","82"
"7948308","10589735","3","0.928571428571429","2128909.java","selected","48","82","1076602.java","selected","60","92"
"7948308","9568958","3","0.945945945945946","2128909.java","selected","48","82","1070751.java","selected","118","152"
"7948308","10293577","3","0.928571428571429","2128909.java","selected","48","82","1643697.java","selected","60","92"
"6795580","7948308","3","0.945945945945946","2376971.java","selected","40","74","2128909.java","selected","48","82"
"7948308","10298747","3","0.945945945945946","2128909.java","selected","48","82","759664.java","selected","41","75"
"7948308","23243320","3","0.945945945945946","2128909.java","selected","48","82","807333.java","selected","38","72"
"4056446","16087901","3","0.909090909090909","2529875.java","selected","144","154","829893.java","selected","55","65"
"2279291","19782619","3","0.9375","2120649.java","selected","41","56","1647261.java","selected","21","36"
"10178931","19782619","3","0.9375","2193185.java","selected","15","30","1647261.java","selected","21","36"
"10589735","15972030","3","0.9140625","1076602.java","selected","60","92","349715.java","selected","38","72"
"10293577","15972030","3","0.9140625","1643697.java","selected","60","92","349715.java","selected","38","72"
"10425169","15972030","3","0.911032028469751","256359.java","selected","43","79","349715.java","selected","38","72"
"2279291","14053882","3","0.9375","2120649.java","selected","41","56","2118889.java","selected","15","30"
"2279291","10178931","3","0.9375","2120649.java","selected","41","56","2193185.java","selected","15","30"
"2279291","10350952","3","0.9375","2120649.java","selected","41","56","523647.java","selected","15","30"
"2490462","10589735","3","0.9140625","349286.java","selected","41","75","1076602.java","selected","60","92"
"2490462","10293577","3","0.9140625","349286.java","selected","41","75","1643697.java","selected","60","92"
"2490462","10425169","3","0.911032028469751","349286.java","selected","41","75","256359.java","selected","43","79"
"22991275","22991277","3","0.916666666666667","1950322.java","selected","177","187","1950322.java","selected","201","212"
"5767800","16966539","3","0.923076923076923","530975.java","selected","232","244","1659082.java","selected","76","88"
"10589735","14887616","3","0.9140625","1076602.java","selected","60","92","705884.java","selected","38","72"
"10293577","14887616","3","0.9140625","1643697.java","selected","60","92","705884.java","selected","38","72"
"10425169","14887616","3","0.911032028469751","256359.java","selected","43","79","705884.java","selected","38","72"
"2593325","5665159","3","0.909090909090909","1115031.java","selected","105","123","2682069.java","selected","104","122"
"2593325","7133024","3","0.944162436548223","1115031.java","selected","105","123","1218421.java","selected","12","30"
"2593325","3517430","3","0.944162436548223","1115031.java","selected","105","123","460636.java","selected","25","43"
"10178931","14053882","3","0.9375","2193185.java","selected","15","30","2118889.java","selected","15","30"
"10589735","11997195","3","0.9140625","1076602.java","selected","60","92","1919515.java","selected","41","75"
"10293577","11997195","3","0.9140625","1643697.java","selected","60","92","1919515.java","selected","41","75"
"10425169","11997195","3","0.911032028469751","256359.java","selected","43","79","1919515.java","selected","41","75"
"1884023","10589735","3","0.9140625","2247413.java","selected","38","72","1076602.java","selected","60","92"
"1884023","10293577","3","0.9140625","2247413.java","selected","38","72","1643697.java","selected","60","92"
"1884023","10425169","3","0.911032028469751","2247413.java","selected","38","72","256359.java","selected","43","79"
"6451560","11592707","3","0.956521739130435","1743402.java","selected","493","513","629366.java","selected","340","360"
"9568958","10589735","3","0.9140625","1070751.java","selected","118","152","1076602.java","selected","60","92"
"6795580","10589735","3","0.9140625","2376971.java","selected","40","74","1076602.java","selected","60","92"
"10298747","10589735","3","0.9140625","759664.java","selected","41","75","1076602.java","selected","60","92"
"10589735","23243320","3","0.9140625","1076602.java","selected","60","92","807333.java","selected","38","72"
"1042184","17231051","3","0.928571428571429","901529.java","selected","104","116","1031322.java","selected","87","99"
"5665159","7133024","3","0.954545454545455","2682069.java","selected","104","122","1218421.java","selected","12","30"
"3517430","5665159","3","0.954545454545455","460636.java","selected","25","43","2682069.java","selected","104","122"
"9568958","10293577","3","0.9140625","1070751.java","selected","118","152","1643697.java","selected","60","92"
"9568958","10425169","3","0.911032028469751","1070751.java","selected","118","152","256359.java","selected","43","79"
"6795580","10293577","3","0.9140625","2376971.java","selected","40","74","1643697.java","selected","60","92"
"10293577","10298747","3","0.9140625","1643697.java","selected","60","92","759664.java","selected","41","75"
"10293577","23243320","3","0.9140625","1643697.java","selected","60","92","807333.java","selected","38","72"
"6795580","10425169","3","0.911032028469751","2376971.java","selected","40","74","256359.java","selected","43","79"
"10298747","10425169","3","0.911032028469751","759664.java","selected","41","75","256359.java","selected","43","79"
"10425169","23243320","3","0.911032028469751","256359.java","selected","43","79","807333.java","selected","38","72"
"10178931","10350952","3","0.9375","2193185.java","selected","15","30","523647.java","selected","15","30"
"9552054","20898459","4","0.979166666666667","909996.java","selected","25","62","673606.java","selected","16","53"
"1624010","14263421","4","0.909090909090909","443043.java","selected","1550","1559","526090.java","selected","413","422"
"14263421","20372195","4","0.909090909090909","526090.java","selected","413","422","1360935.java","selected","504","513"
"3325456","14263421","4","0.909090909090909","273144.java","selected","504","513","526090.java","selected","413","422"
"8489742","14263421","4","0.909090909090909","594064.java","selected","15","24","526090.java","selected","413","422"
"14263421","18748516","4","0.909090909090909","526090.java","selected","413","422","351570.java","selected","83","92"
"1820410","10337387","4","0.909090909090909","1352770.java","selected","91","108","1172615.java","selected","134","150"
"21754660","22728537","4","0.961538461538462","1263468.java","selected","352","377","2247836.java","selected","349","374"
"21754658","22728535","4","0.964285714285714","1263468.java","selected","307","334","2247836.java","selected","304","331"
"57899","268785","31","0.933333333333333","119227.java","default","146","159","762.java","default","718","732"
"49611","120115","36","0.911111111111111","29267.java","default","115","137","40028.java","default","82","103"
"49611","120116","36","0.956521739130435","29267.java","default","115","137","40028.java","default","109","130"
"49611","209238","36","0.92","29267.java","default","115","137","105756.java","default","127","151"
"49611","207026","36","0.956521739130435","29267.java","default","115","137","39980.java","default","68","89"
"120113","207024","36","0.91304347826087","40028.java","default","26","48","39980.java","default","28","49"
"49609","120114","36","0.916666666666667","29267.java","default","58","81","40028.java","default","54","76"
"120115","120116","36","0.911111111111111","40028.java","default","82","103","40028.java","default","109","130"
"49610","120115","36","0.91304347826087","29267.java","default","87","109","40028.java","default","82","103"
"120115","207026","36","0.909090909090909","40028.java","default","82","103","39980.java","default","68","89"
"120116","207026","36","0.954545454545455","40028.java","default","109","130","39980.java","default","68","89"
"14258226","22783647","24","0.910891089108911","1616147.java","selected","103","113","2710081.java","selected","90","100"
"3518381","22783647","24","0.916666666666667","2734364.java","selected","51","61","2710081.java","selected","90","100"
"10052160","22783647","24","0.916666666666667","2166691.java","selected","245","255","2710081.java","selected","90","100"
"9637143","15664293","24","0.941176470588235","1594837.java","selected","59","75","1548274.java","selected","45","61"
"15664293","18517735","24","0.918518518518519","1548274.java","selected","45","61","1804161.java","selected","44","60"
"9637143","18517735","24","0.941176470588235","1594837.java","selected","59","75","1804161.java","selected","44","60"
"6663397","14258226","24","0.910891089108911","2517513.java","selected","70","80","1616147.java","selected","103","113"
"3518381","6663397","24","0.916666666666667","2734364.java","selected","51","61","2517513.java","selected","70","80"
"6663397","10052160","24","0.916666666666667","2517513.java","selected","70","80","2166691.java","selected","245","255"
"13946915","15297120","30","0.967741935483871","1761697.java","selected","202","232","1460580.java","selected","246","276"
"891762","891763","25","0.909090909090909","96001.java","default","85","95","96001.java","default","99","109"
"537382","891763","25","0.909090909090909","41815.java","default","85","95","96001.java","default","99","109"
"537383","891762","25","0.909090909090909","41815.java","default","99","109","96001.java","default","85","95"
"537382","537383","25","0.909090909090909","41815.java","default","85","95","41815.java","default","99","109"
"13946915","15297120","33","0.967741935483871","1761697.java","selected","202","232","1460580.java","selected","246","276"
