pair_id,seed_file,seed_problem,left_path,right_path
R00000,s017549181.java,p02771,/Users/liuziqi/Documents/西大Graduate/Project_base/Code/Meng_ProjectBased_DetectCodeSimilar/code-sim/results/formal-v1/batch5/pairs/R00000/left/Main.java,/Users/liuziqi/Documents/西大Graduate/Project_base/Code/Meng_ProjectBased_DetectCodeSimilar/code-sim/results/formal-v1/batch5/pairs/R00000/right/Main.java
R00001,s899605869.java,p00011,/Users/liuziqi/Documents/西大Graduate/Project_base/Code/Meng_ProjectBased_DetectCodeSimilar/code-sim/results/formal-v1/batch5/pairs/R00001/left/Main.java,/Users/liuziqi/Documents/西大Graduate/Project_base/Code/Meng_ProjectBased_DetectCodeSimilar/code-sim/results/formal-v1/batch5/pairs/R00001/right/Main.java
R00002,s836743639.java,p02802,/Users/liuziqi/Documents/西大Graduate/Project_base/Code/Meng_ProjectBased_DetectCodeSimilar/code-sim/results/formal-v1/batch5/pairs/R00002/left/Main.java,/Users/liuziqi/Documents/西大Graduate/Project_base/Code/Meng_ProjectBased_DetectCodeSimilar/code-sim/results/formal-v1/batch5/pairs/R00002/right/Main.java
R00003,s957638270.java,p02413,/Users/liuziqi/Documents/西大Graduate/Project_base/Code/Meng_ProjectBased_DetectCodeSimilar/code-sim/results/formal-v1/batch5/pairs/R00003/left/Main.java,/Users/liuziqi/Documents/西大Graduate/Project_base/Code/Meng_ProjectBased_DetectCodeSimilar/code-sim/results/formal-v1/batch5/pairs/R00003/right/Main.java
R00004,s161035341.java,p03102,/Users/liuziqi/Documents/西大Graduate/Project_base/Code/Meng_ProjectBased_DetectCodeSimilar/code-sim/results/formal-v1/batch5/pairs/R00004/left/Main.java,/Users/liuziqi/Documents/西大Graduate/Project_base/Code/Meng_ProjectBased_DetectCodeSimilar/code-sim/results/formal-v1/batch5/pairs/R00004/right/Main.java
R00005,s176185570.java,p03292,/Users/liuziqi/Documents/西大Graduate/Project_base/Code/Meng_ProjectBased_DetectCodeSimilar/code-sim/results/formal-v1/batch5/pairs/R00005/left/Main.java,/Users/liuziqi/Documents/西大Graduate/Project_base/Code/Meng_ProjectBased_DetectCodeSimilar/code-sim/results/formal-v1/batch5/pairs/R00005/right/Main.java
R00006,s639570801.java,p03013,/Users/liuziqi/Documents/西大Graduate/Project_base/Code/Meng_ProjectBased_DetectCodeSimilar/code-sim/results/formal-v1/batch5/pairs/R00006/left/Main.java,/Users/liuziqi/Documents/西大Graduate/Project_base/Code/Meng_ProjectBased_DetectCodeSimilar/code-sim/results/formal-v1/batch5/pairs/R00006/right/Main.java
R00007,s912169651.java,p02641,/Users/liuziqi/Documents/西大Graduate/Project_base/Code/Meng_ProjectBased_DetectCodeSimilar/code-sim/results/formal-v1/batch5/pairs/R00007/left/Main.java,/Users/liuziqi/Documents/西大Graduate/Project_base/Code/Meng_ProjectBased_DetectCodeSimilar/code-sim/results/formal-v1/batch5/pairs/R00007/right/Main.java
R00008,s577652172.java,p02785,/Users/liuziqi/Documents/西大Graduate/Project_base/Code/Meng_ProjectBased_DetectCodeSimilar/code-sim/results/formal-v1/batch5/pairs/R00008/left/Main.java,/Users/liuziqi/Documents/西大Graduate/Project_base/Code/Meng_ProjectBased_DetectCodeSimilar/code-sim/results/formal-v1/batch5/pairs/R00008/right/Main.java
R00009,s434736465.java,p02935,/Users/liuziqi/Documents/西大Graduate/Project_base/Code/Meng_ProjectBased_DetectCodeSimilar/code-sim/results/formal-v1/batch5/pairs/R00009/left/Main.java,/Users/liuziqi/Documents/西大Graduate/Project_base/Code/Meng_ProjectBased_DetectCodeSimilar/code-sim/results/formal-v1/batch5/pairs/R00009/right/Main.java
R00010,s975302960.java,p03814,/Users/liuziqi/Documents/西大Graduate/Project_base/Code/Meng_ProjectBased_DetectCodeSimilar/code-sim/results/formal-v1/batch5/pairs/R00010/left/Main.java,/Users/liuziqi/Documents/西大Graduate/Project_base/Code/Meng_ProjectBased_DetectCodeSimilar/code-sim/results/formal-v1/batch5/pairs/R00010/right/Main.java
R00011,s979739084.java,p02410,/Users/liuziqi/Documents/西大Graduate/Project_base/Code/Meng_ProjectBased_DetectCodeSimilar/code-sim/results/formal-v1/batch5/pairs/R00011/left/Main.java,/Users/liuziqi/Documents/西大Graduate/Project_base/Code/Meng_ProjectBased_DetectCodeSimilar/code-sim/results/formal-v1/batch5/pairs/R00011/right/Main.java
R00012,s279886674.java,p02753,/Users/liuziqi/Documents/西大Graduate/Project_base/Code/Meng_ProjectBased_DetectCodeSimilar/code-sim/results/formal-v1/batch5/pairs/R00012/left/Main.java,/Users/liuziqi/Documents/西大Graduate/Project_base/Code/Meng_ProjectBased_DetectCodeSimilar/code-sim/results/formal-v1/batch5/pairs/R00012/right/Main.java
R00013,s374634461.java,p02628,/Users/liuziqi/Documents/西大Graduate/Project_base/Code/Meng_ProjectBased_DetectCodeSimilar/code-sim/results/formal-v1/batch5/pairs/R00013/left/Main.java,/Users/liuziqi/Documents/西大Graduate/Project_base/Code/Meng_ProjectBased_DetectCodeSimilar/code-sim/results/formal-v1/batch5/pairs/R00013/right/Main.java
R00014,s465155557.java,p02628,/Users/liuziqi/Documents/西大Graduate/Project_base/Code/Meng_ProjectBased_DetectCodeSimilar/code-sim/results/formal-v1/batch5/pairs/R00014/left/Main.java,/Users/liuziqi/Documents/西大Graduate/Project_base/Code/Meng_ProjectBased_DetectCodeSimilar/code-sim/results/formal-v1/batch5/pairs/R00014/right/Main.java
R00015,s177029491.java,p03457,/Users/liuziqi/Documents/西大Graduate/Project_base/Code/Meng_ProjectBased_DetectCodeSimilar/code-sim/results/formal-v1/batch5/pairs/R00015/left/Main.java,/Users/liuziqi/Documents/西大Graduate/Project_base/Code/Meng_ProjectBased_DetectCodeSimilar/code-sim/results/formal-v1/batch5/pairs/R00015/right/Main.java
R00016,s323333295.java,p03037,/Users/liuziqi/Documents/西大Graduate/Project_base/Code/Meng_ProjectBased_DetectCodeSimilar/code-sim/results/formal-v1/batch5/pairs/R00016/left/Main.java,/Users/liuziqi/Documents/西大Graduate/Project_base/Code/Meng_ProjectBased_DetectCodeSimilar/code-sim/results/formal-v1/batch5/pairs/R00016/right/Main.java
R00017,s356813851.java,p02987,/Users/liuziqi/Documents/西大Graduate/Project_base/Code/Meng_ProjectBased_DetectCodeSimilar/code-sim/results/formal-v1/batch5/pairs/R00017/left/Main.java,/Users/liuziqi/Documents/西大Graduate/Project_base/Code/Meng_ProjectBased_DetectCodeSimilar/code-sim/results/formal-v1/batch5/pairs/R00017/right/Main.java
R00018,s848868655.java,p03075,/Users/liuziqi/Documents/西大Graduate/Project_base/Code/Meng_ProjectBased_DetectCodeSimilar/code-sim/results/formal-v1/batch5/pairs/R00018/left/Main.java,/Users/liuziqi/Documents/西大Graduate/Project_base/Code/Meng_ProjectBased_DetectCodeSimilar/code-sim/results/formal-v1/batch5/pairs/R00018/right/Main.java
R00019,s843986864.java,p03632,/Users/liuziqi/Documents/西大Graduate/Project_base/Code/Meng_ProjectBased_DetectCodeSimilar/code-sim/results/formal-v1/batch5/pairs/R00019/left/Main.java,/Users/liuziqi/Documents/西大Graduate/Project_base/Code/Meng_ProjectBased_DetectCodeSimilar/code-sim/results/formal-v1/batch5/pairs/R00019/right/Main.java
R00020,s459543470.java,p02993,/Users/liuziqi/Documents/西大Graduate/Project_base/Code/Meng_ProjectBased_DetectCodeSimilar/code-sim/results/formal-v1/batch5/pairs/R00020/left/Main.java,/Users/liuziqi/Documents/西大Graduate/Project_base/Code/Meng_ProjectBased_DetectCodeSimilar/code-sim/results/formal-v1/batch5/pairs/R00020/right/Main.java
R00021,s148902002.java,p02959,/Users/liuziqi/Documents/西大Graduate/Project_base/Code/Meng_ProjectBased_DetectCodeSimilar/code-sim/results/formal-v1/batch5/pairs/R00021/left/Main.java,/Users/liuziqi/Documents/西大Graduate/Project_base/Code/Meng_ProjectBased_DetectCodeSimilar/code-sim/results/formal-v1/batch5/pairs/R00021/right/Main.java
R00022,s920571265.java,p02640,/Users/liuziqi/Documents/西大Graduate/Project_base/Code/Meng_ProjectBased_DetectCodeSimilar/code-sim/results/formal-v1/batch5/pairs/R00022/left/Main.java,/Users/liuziqi/Documents/西大Graduate/Project_base/Code/Meng_ProjectBased_DetectCodeSimilar/code-sim/results/formal-v1/batch5/pairs/R00022/right/Main.java
R00023,s719571292.java,p02677,/Users/liuziqi/Documents/西大Graduate/Project_base/Code/Meng_ProjectBased_DetectCodeSimilar/code-sim/results/formal-v1/batch5/pairs/R00023/left/Main.java,/Users/liuziqi/Documents/西大Graduate/Project_base/Code/Meng_ProjectBased_DetectCodeSimilar/code-sim/results/formal-v1/batch5/pairs/R00023/right/Main.java
R00024,s184534201.java,p02753,/Users/liuziqi/Documents/西大Graduate/Project_base/Code/Meng_ProjectBased_DetectCodeSimilar/code-sim/results/formal-v1/batch5/pairs/R00024/left/Main.java,/Users/liuziqi/Documents/西大Graduate/Project_base/Code/Meng_ProjectBased_DetectCodeSimilar/code-sim/results/formal-v1/batch5/pairs/R00024/right/Main.java
R00025,s764278968.java,p02880,/Users/liuziqi/Documents/西大Graduate/Project_base/Code/Meng_ProjectBased_DetectCodeSimilar/code-sim/results/formal-v1/batch5/pairs/R00025/left/Main.java,/Users/liuziqi/Documents/西大Graduate/Project_base/Code/Meng_ProjectBased_DetectCodeSimilar/code-sim/results/formal-v1/batch5/pairs/R00025/right/Main.java
R00026,s507011791.java,p02410,/Users/liuziqi/Documents/西大Graduate/Project_base/Code/Meng_ProjectBased_DetectCodeSimilar/code-sim/results/formal-v1/batch5/pairs/R00026/left/Main.java,/Users/liuziqi/Documents/西大Graduate/Project_base/Code/Meng_ProjectBased_DetectCodeSimilar/code-sim/results/formal-v1/batch5/pairs/R00026/right/Main.java
R00027,s935215357.java,p03086,/Users/liuziqi/Documents/西大Graduate/Project_base/Code/Meng_ProjectBased_DetectCodeSimilar/code-sim/results/formal-v1/batch5/pairs/R00027/left/Main.java,/Users/liuziqi/Documents/西大Graduate/Project_base/Code/Meng_ProjectBased_DetectCodeSimilar/code-sim/results/formal-v1/batch5/pairs/R00027/right/Main.java
R00028,s478922797.java,p03012,/Users/liuziqi/Documents/西大Graduate/Project_base/Code/Meng_ProjectBased_DetectCodeSimilar/code-sim/results/formal-v1/batch5/pairs/R00028/left/Main.java,/Users/liuziqi/Documents/西大Graduate/Project_base/Code/Meng_ProjectBased_DetectCodeSimilar/code-sim/results/formal-v1/batch5/pairs/R00028/right/Main.java
R00029,s141118334.java,p02628,/Users/liuziqi/Documents/西大Graduate/Project_base/Code/Meng_ProjectBased_DetectCodeSimilar/code-sim/results/formal-v1/batch5/pairs/R00029/left/Main.java,/Users/liuziqi/Documents/西大Graduate/Project_base/Code/Meng_ProjectBased_DetectCodeSimilar/code-sim/results/formal-v1/batch5/pairs/R00029/right/Main.java
R00030,s722652676.java,p02707,/Users/liuziqi/Documents/西大Graduate/Project_base/Code/Meng_ProjectBased_DetectCodeSimilar/code-sim/results/formal-v1/batch5/pairs/R00030/left/Main.java,/Users/liuziqi/Documents/西大Graduate/Project_base/Code/Meng_ProjectBased_DetectCodeSimilar/code-sim/results/formal-v1/batch5/pairs/R00030/right/Main.java
R00031,s639304910.java,p02260,/Users/liuziqi/Documents/西大Graduate/Project_base/Code/Meng_ProjectBased_DetectCodeSimilar/code-sim/results/formal-v1/batch5/pairs/R00031/left/Main.java,/Users/liuziqi/Documents/西大Graduate/Project_base/Code/Meng_ProjectBased_DetectCodeSimilar/code-sim/results/formal-v1/batch5/pairs/R00031/right/Main.java
R00032,s728358730.java,p03087,/Users/liuziqi/Documents/西大Graduate/Project_base/Code/Meng_ProjectBased_DetectCodeSimilar/code-sim/results/formal-v1/batch5/pairs/R00032/left/Main.java,/Users/liuziqi/Documents/西大Graduate/Project_base/Code/Meng_ProjectBased_DetectCodeSimilar/code-sim/results/formal-v1/batch5/pairs/R00032/right/Main.java
R00033,s206672147.java,p03292,/Users/liuziqi/Documents/西大Graduate/Project_base/Code/Meng_ProjectBased_DetectCodeSimilar/code-sim/results/formal-v1/batch5/pairs/R00033/left/Main.java,/Users/liuziqi/Documents/西大Graduate/Project_base/Code/Meng_ProjectBased_DetectCodeSimilar/code-sim/results/formal-v1/batch5/pairs/R00033/right/Main.java
R00034,s620325730.java,p02264,/Users/liuziqi/Documents/西大Graduate/Project_base/Code/Meng_ProjectBased_DetectCodeSimilar/code-sim/results/formal-v1/batch5/pairs/R00034/left/Main.java,/Users/liuziqi/Documents/西大Graduate/Project_base/Code/Meng_ProjectBased_DetectCodeSimilar/code-sim/results/formal-v1/batch5/pairs/R00034/right/Main.java
R00035,s897127200.java,p02413,/Users/liuziqi/Documents/西大Graduate/Project_base/Code/Meng_ProjectBased_DetectCodeSimilar/code-sim/results/formal-v1/batch5/pairs/R00035/left/Main.java,/Users/liuziqi/Documents/西大Graduate/Project_base/Code/Meng_ProjectBased_DetectCodeSimilar/code-sim/results/formal-v1/batch5/pairs/R00035/right/Main.java
R00036,s669064091.java,p02677,/Users/liuziqi/Documents/西大Graduate/Project_base/Code/Meng_ProjectBased_DetectCodeSimilar/code-sim/results/formal-v1/batch5/pairs/R00036/left/Main.java,/Users/liuziqi/Documents/西大Graduate/Project_base/Code/Meng_ProjectBased_DetectCodeSimilar/code-sim/results/formal-v1/batch5/pairs/R00036/right/Main.java
R00037,s558916378.java,p02897,/Users/liuziqi/Documents/西大Graduate/Project_base/Code/Meng_ProjectBased_DetectCodeSimilar/code-sim/results/formal-v1/batch5/pairs/R00037/left/Main.java,/Users/liuziqi/Documents/西大Graduate/Project_base/Code/Meng_ProjectBased_DetectCodeSimilar/code-sim/results/formal-v1/batch5/pairs/R00037/right/Main.java
R00038,s479301354.java,p03478,/Users/liuziqi/Documents/西大Graduate/Project_base/Code/Meng_ProjectBased_DetectCodeSimilar/code-sim/results/formal-v1/batch5/pairs/R00038/left/Main.java,/Users/liuziqi/Documents/西大Graduate/Project_base/Code/Meng_ProjectBased_DetectCodeSimilar/code-sim/results/formal-v1/batch5/pairs/R00038/right/Main.java
R00039,s391572572.java,p02628,/Users/liuziqi/Documents/西大Graduate/Project_base/Code/Meng_ProjectBased_DetectCodeSimilar/code-sim/results/formal-v1/batch5/pairs/R00039/left/Main.java,/Users/liuziqi/Documents/西大Graduate/Project_base/Code/Meng_ProjectBased_DetectCodeSimilar/code-sim/results/formal-v1/batch5/pairs/R00039/right/Main.java
R00040,s196856304.java,p02415,/Users/liuziqi/Documents/西大Graduate/Project_base/Code/Meng_ProjectBased_DetectCodeSimilar/code-sim/results/formal-v1/batch5/pairs/R00040/left/Main.java,/Users/liuziqi/Documents/西大Graduate/Project_base/Code/Meng_ProjectBased_DetectCodeSimilar/code-sim/results/formal-v1/batch5/pairs/R00040/right/Main.java
R00041,s554044122.java,p02987,/Users/liuziqi/Documents/西大Graduate/Project_base/Code/Meng_ProjectBased_DetectCodeSimilar/code-sim/results/formal-v1/batch5/pairs/R00041/left/Main.java,/Users/liuziqi/Documents/西大Graduate/Project_base/Code/Meng_ProjectBased_DetectCodeSimilar/code-sim/results/formal-v1/batch5/pairs/R00041/right/Main.java
R00042,s449324421.java,p02730,/Users/liuziqi/Documents/西大Graduate/Project_base/Code/Meng_ProjectBased_DetectCodeSimilar/code-sim/results/formal-v1/batch5/pairs/R00042/left/Main.java,/Users/liuziqi/Documents/西大Graduate/Project_base/Code/Meng_ProjectBased_DetectCodeSimilar/code-sim/results/formal-v1/batch5/pairs/R00042/right/Main.java
R00043,s924107528.java,p03102,/Users/liuziqi/Documents/西大Graduate/Project_base/Code/Meng_ProjectBased_DetectCodeSimilar/code-sim/results/formal-v1/batch5/pairs/R00043/left/Main.java,/Users/liuziqi/Documents/西大Graduate/Project_base/Code/Meng_ProjectBased_DetectCodeSimilar/code-sim/results/formal-v1/batch5/pairs/R00043/right/Main.java
R00044,s222260255.java,p02391,/Users/liuziqi/Documents/西大Graduate/Project_base/Code/Meng_ProjectBased_DetectCodeSimilar/code-sim/results/formal-v1/batch5/pairs/R00044/left/Main.java,/Users/liuziqi/Documents/西大Graduate/Project_base/Code/Meng_ProjectBased_DetectCodeSimilar/code-sim/results/formal-v1/batch5/pairs/R00044/right/Main.java
R00045,s542183639.java,p02582,/Users/liuziqi/Documents/西大Graduate/Project_base/Code/Meng_ProjectBased_DetectCodeSimilar/code-sim/results/formal-v1/batch5/pairs/R00045/left/Main.java,/Users/liuziqi/Documents/西大Graduate/Project_base/Code/Meng_ProjectBased_DetectCodeSimilar/code-sim/results/formal-v1/batch5/pairs/R00045/right/Main.java
R00046,s273220286.java,p02988,/Users/liuziqi/Documents/西大Graduate/Project_base/Code/Meng_ProjectBased_DetectCodeSimilar/code-sim/results/formal-v1/batch5/pairs/R00046/left/Main.java,/Users/liuziqi/Documents/西大Graduate/Project_base/Code/Meng_ProjectBased_DetectCodeSimilar/code-sim/results/formal-v1/batch5/pairs/R00046/right/Main.java
R00047,s525942980.java,p03072,/Users/liuziqi/Documents/西大Graduate/Project_base/Code/Meng_ProjectBased_DetectCodeSimilar/code-sim/results/formal-v1/batch5/pairs/R00047/left/Main.java,/Users/liuziqi/Documents/西大Graduate/Project_base/Code/Meng_ProjectBased_DetectCodeSimilar/code-sim/results/formal-v1/batch5/pairs/R00047/right/Main.java
R00048,s852220953.java,p04044,/Users/liuziqi/Documents/西大Graduate/Project_base/Code/Meng_ProjectBased_DetectCodeSimilar/code-sim/results/formal-v1/batch5/pairs/R00048/left/Main.java,/Users/liuziqi/Documents/西大Graduate/Project_base/Code/Meng_ProjectBased_DetectCodeSimilar/code-sim/results/formal-v1/batch5/pairs/R00048/right/Main.java
R00049,s732552589.java,p02987,/Users/liuziqi/Documents/西大Graduate/Project_base/Code/Meng_ProjectBased_DetectCodeSimilar/code-sim/results/formal-v1/batch5/pairs/R00049/left/Main.java,/Users/liuziqi/Documents/西大Graduate/Project_base/Code/Meng_ProjectBased_DetectCodeSimilar/code-sim/results/formal-v1/batch5/pairs/R00049/right/Main.java
R00050,s700143158.java,p03126,/Users/liuziqi/Documents/西大Graduate/Project_base/Code/Meng_ProjectBased_DetectCodeSimilar/code-sim/results/formal-v1/batch5/pairs/R00050/left/Main.java,/Users/liuziqi/Documents/西大Graduate/Project_base/Code/Meng_ProjectBased_DetectCodeSimilar/code-sim/results/formal-v1/batch5/pairs/R00050/right/Main.java
R00051,s828944415.java,p02897,/Users/liuziqi/Documents/西大Graduate/Project_base/Code/Meng_ProjectBased_DetectCodeSimilar/code-sim/results/formal-v1/batch5/pairs/R00051/left/Main.java,/Users/liuziqi/Documents/西大Graduate/Project_base/Code/Meng_ProjectBased_DetectCodeSimilar/code-sim/results/formal-v1/batch5/pairs/R00051/right/Main.java
R00052,s657708545.java,p02405,/Users/liuziqi/Documents/西大Graduate/Project_base/Code/Meng_ProjectBased_DetectCodeSimilar/code-sim/results/formal-v1/batch5/pairs/R00052/left/Main.java,/Users/liuziqi/Documents/西大Graduate/Project_base/Code/Meng_ProjectBased_DetectCodeSimilar/code-sim/results/formal-v1/batch5/pairs/R00052/right/Main.java
R00053,s220077538.java,p03292,/Users/liuziqi/Documents/西大Graduate/Project_base/Code/Meng_ProjectBased_DetectCodeSimilar/code-sim/results/formal-v1/batch5/pairs/R00053/left/Main.java,/Users/liuziqi/Documents/西大Graduate/Project_base/Code/Meng_ProjectBased_DetectCodeSimilar/code-sim/results/formal-v1/batch5/pairs/R00053/right/Main.java
R00054,s387146166.java,p02414,/Users/liuziqi/Documents/西大Graduate/Project_base/Code/Meng_ProjectBased_DetectCodeSimilar/code-sim/results/formal-v1/batch5/pairs/R00054/left/Main.java,/Users/liuziqi/Documents/西大Graduate/Project_base/Code/Meng_ProjectBased_DetectCodeSimilar/code-sim/results/formal-v1/batch5/pairs/R00054/right/Main.java
R00055,s733293846.java,p03060,/Users/liuziqi/Documents/西大Graduate/Project_base/Code/Meng_ProjectBased_DetectCodeSimilar/code-sim/results/formal-v1/batch5/pairs/R00055/left/Main.java,/Users/liuziqi/Documents/西大Graduate/Project_base/Code/Meng_ProjectBased_DetectCodeSimilar/code-sim/results/formal-v1/batch5/pairs/R00055/right/Main.java
R00056,s343970940.java,p02971,/Users/liuziqi/Documents/西大Graduate/Project_base/Code/Meng_ProjectBased_DetectCodeSimilar/code-sim/results/formal-v1/batch5/pairs/R00056/left/Main.java,/Users/liuziqi/Documents/西大Graduate/Project_base/Code/Meng_ProjectBased_DetectCodeSimilar/code-sim/results/formal-v1/batch5/pairs/R00056/right/Main.java
R00057,s931893354.java,p02394,/Users/liuziqi/Documents/西大Graduate/Project_base/Code/Meng_ProjectBased_DetectCodeSimilar/code-sim/results/formal-v1/batch5/pairs/R00057/left/Main.java,/Users/liuziqi/Documents/西大Graduate/Project_base/Code/Meng_ProjectBased_DetectCodeSimilar/code-sim/results/formal-v1/batch5/pairs/R00057/right/Main.java
R00058,s091590924.java,p02767,/Users/liuziqi/Documents/西大Graduate/Project_base/Code/Meng_ProjectBased_DetectCodeSimilar/code-sim/results/formal-v1/batch5/pairs/R00058/left/Main.java,/Users/liuziqi/Documents/西大Graduate/Project_base/Code/Meng_ProjectBased_DetectCodeSimilar/code-sim/results/formal-v1/batch5/pairs/R00058/right/Main.java
R00059,s990058038.java,p02706,/Users/liuziqi/Documents/西大Graduate/Project_base/Code/Meng_ProjectBased_DetectCodeSimilar/code-sim/results/formal-v1/batch5/pairs/R00059/left/Main.java,/Users/liuziqi/Documents/西大Graduate/Project_base/Code/Meng_ProjectBased_DetectCodeSimilar/code-sim/results/formal-v1/batch5/pairs/R00059/right/Main.java
R00060,s503002626.java,p03011,/Users/liuziqi/Documents/西大Graduate/Project_base/Code/Meng_ProjectBased_DetectCodeSimilar/code-sim/results/formal-v1/batch5/pairs/R00060/left/Main.java,/Users/liuziqi/Documents/西大Graduate/Project_base/Code/Meng_ProjectBased_DetectCodeSimilar/code-sim/results/formal-v1/batch5/pairs/R00060/right/Main.java
R00061,s479848171.java,p03013,/Users/liuziqi/Documents/西大Graduate/Project_base/Code/Meng_ProjectBased_DetectCodeSimilar/code-sim/results/formal-v1/batch5/pairs/R00061/left/Main.java,/Users/liuziqi/Documents/西大Graduate/Project_base/Code/Meng_ProjectBased_DetectCodeSimilar/code-sim/results/formal-v1/batch5/pairs/R00061/right/Main.java
R00062,s620636757.java,p03043,/Users/liuziqi/Documents/西大Graduate/Project_base/Code/Meng_ProjectBased_DetectCodeSimilar/code-sim/results/formal-v1/batch5/pairs/R00062/left/Main.java,/Users/liuziqi/Documents/西大Graduate/Project_base/Code/Meng_ProjectBased_DetectCodeSimilar/code-sim/results/formal-v1/batch5/pairs/R00062/right/Main.java
R00063,s091240689.java,p03289,/Users/liuziqi/Documents/西大Graduate/Project_base/Code/Meng_ProjectBased_DetectCodeSimilar/code-sim/results/formal-v1/batch5/pairs/R00063/left/Main.java,/Users/liuziqi/Documents/西大Graduate/Project_base/Code/Meng_ProjectBased_DetectCodeSimilar/code-sim/results/formal-v1/batch5/pairs/R00063/right/Main.java
R00064,s024034619.java,p02723,/Users/liuziqi/Documents/西大Graduate/Project_base/Code/Meng_ProjectBased_DetectCodeSimilar/code-sim/results/formal-v1/batch5/pairs/R00064/left/Main.java,/Users/liuziqi/Documents/西大Graduate/Project_base/Code/Meng_ProjectBased_DetectCodeSimilar/code-sim/results/formal-v1/batch5/pairs/R00064/right/Main.java
R00065,s461901339.java,p02971,/Users/liuziqi/Documents/西大Graduate/Project_base/Code/Meng_ProjectBased_DetectCodeSimilar/code-sim/results/formal-v1/batch5/pairs/R00065/left/Main.java,/Users/liuziqi/Documents/西大Graduate/Project_base/Code/Meng_ProjectBased_DetectCodeSimilar/code-sim/results/formal-v1/batch5/pairs/R00065/right/Main.java
R00066,s225844297.java,p02412,/Users/liuziqi/Documents/西大Graduate/Project_base/Code/Meng_ProjectBased_DetectCodeSimilar/code-sim/results/formal-v1/batch5/pairs/R00066/left/Main.java,/Users/liuziqi/Documents/西大Graduate/Project_base/Code/Meng_ProjectBased_DetectCodeSimilar/code-sim/results/formal-v1/batch5/pairs/R00066/right/Main.java
R00067,s171074234.java,p02421,/Users/liuziqi/Documents/西大Graduate/Project_base/Code/Meng_ProjectBased_DetectCodeSimilar/code-sim/results/formal-v1/batch5/pairs/R00067/left/Main.java,/Users/liuziqi/Documents/西大Graduate/Project_base/Code/Meng_ProjectBased_DetectCodeSimilar/code-sim/results/formal-v1/batch5/pairs/R00067/right/Main.java
R00068,s655217666.java,p02754,/Users/liuziqi/Documents/西大Graduate/Project_base/Code/Meng_ProjectBased_DetectCodeSimilar/code-sim/results/formal-v1/batch5/pairs/R00068/left/Main.java,/Users/liuziqi/Documents/西大Graduate/Project_base/Code/Meng_ProjectBased_DetectCodeSimilar/code-sim/results/formal-v1/batch5/pairs/R00068/right/Main.java
R00069,s720484398.java,p02417,/Users/liuziqi/Documents/西大Graduate/Project_base/Code/Meng_ProjectBased_DetectCodeSimilar/code-sim/results/formal-v1/batch5/pairs/R00069/left/Main.java,/Users/liuziqi/Documents/西大Graduate/Project_base/Code/Meng_ProjectBased_DetectCodeSimilar/code-sim/results/formal-v1/batch5/pairs/R00069/right/Main.java
R00070,s435550886.java,p02923,/Users/liuziqi/Documents/西大Graduate/Project_base/Code/Meng_ProjectBased_DetectCodeSimilar/code-sim/results/formal-v1/batch5/pairs/R00070/left/Main.java,/Users/liuziqi/Documents/西大Graduate/Project_base/Code/Meng_ProjectBased_DetectCodeSimilar/code-sim/results/formal-v1/batch5/pairs/R00070/right/Main.java
R00071,s724150052.java,p03370,/Users/liuziqi/Documents/西大Graduate/Project_base/Code/Meng_ProjectBased_DetectCodeSimilar/code-sim/results/formal-v1/batch5/pairs/R00071/left/Main.java,/Users/liuziqi/Documents/西大Graduate/Project_base/Code/Meng_ProjectBased_DetectCodeSimilar/code-sim/results/formal-v1/batch5/pairs/R00071/right/Main.java
R00072,s267540132.java,p02993,/Users/liuziqi/Documents/西大Graduate/Project_base/Code/Meng_ProjectBased_DetectCodeSimilar/code-sim/results/formal-v1/batch5/pairs/R00072/left/Main.java,/Users/liuziqi/Documents/西大Graduate/Project_base/Code/Meng_ProjectBased_DetectCodeSimilar/code-sim/results/formal-v1/batch5/pairs/R00072/right/Main.java
R00073,s765135469.java,p02628,/Users/liuziqi/Documents/西大Graduate/Project_base/Code/Meng_ProjectBased_DetectCodeSimilar/code-sim/results/formal-v1/batch5/pairs/R00073/left/Main.java,/Users/liuziqi/Documents/西大Graduate/Project_base/Code/Meng_ProjectBased_DetectCodeSimilar/code-sim/results/formal-v1/batch5/pairs/R00073/right/Main.java
R00074,s906241063.java,p02627,/Users/liuziqi/Documents/西大Graduate/Project_base/Code/Meng_ProjectBased_DetectCodeSimilar/code-sim/results/formal-v1/batch5/pairs/R00074/left/Main.java,/Users/liuziqi/Documents/西大Graduate/Project_base/Code/Meng_ProjectBased_DetectCodeSimilar/code-sim/results/formal-v1/batch5/pairs/R00074/right/Main.java
R00075,s144265202.java,p02264,/Users/liuziqi/Documents/西大Graduate/Project_base/Code/Meng_ProjectBased_DetectCodeSimilar/code-sim/results/formal-v1/batch5/pairs/R00075/left/Main.java,/Users/liuziqi/Documents/西大Graduate/Project_base/Code/Meng_ProjectBased_DetectCodeSimilar/code-sim/results/formal-v1/batch5/pairs/R00075/right/Main.java
R00076,s750435813.java,p03470,/Users/liuziqi/Documents/西大Graduate/Project_base/Code/Meng_ProjectBased_DetectCodeSimilar/code-sim/results/formal-v1/batch5/pairs/R00076/left/Main.java,/Users/liuziqi/Documents/西大Graduate/Project_base/Code/Meng_ProjectBased_DetectCodeSimilar/code-sim/results/formal-v1/batch5/pairs/R00076/right/Main.java
R00077,s637266027.java,p02687,/Users/liuziqi/Documents/西大Graduate/Project_base/Code/Meng_ProjectBased_DetectCodeSimilar/code-sim/results/formal-v1/batch5/pairs/R00077/left/Main.java,/Users/liuziqi/Documents/西大Graduate/Project_base/Code/Meng_ProjectBased_DetectCodeSimilar/code-sim/results/formal-v1/batch5/pairs/R00077/right/Main.java
R00078,s155266152.java,p03072,/Users/liuziqi/Documents/西大Graduate/Project_base/Code/Meng_ProjectBased_DetectCodeSimilar/code-sim/results/formal-v1/batch5/pairs/R00078/left/Main.java,/Users/liuziqi/Documents/西大Graduate/Project_base/Code/Meng_ProjectBased_DetectCodeSimilar/code-sim/results/formal-v1/batch5/pairs/R00078/right/Main.java
R00079,s002182458.java,p02886,/Users/liuziqi/Documents/西大Graduate/Project_base/Code/Meng_ProjectBased_DetectCodeSimilar/code-sim/results/formal-v1/batch5/pairs/R00079/left/Main.java,/Users/liuziqi/Documents/西大Graduate/Project_base/Code/Meng_ProjectBased_DetectCodeSimilar/code-sim/results/formal-v1/batch5/pairs/R00079/right/Main.java
R00080,s704464410.java,p02917,/Users/liuziqi/Documents/西大Graduate/Project_base/Code/Meng_ProjectBased_DetectCodeSimilar/code-sim/results/formal-v1/batch5/pairs/R00080/left/Main.java,/Users/liuziqi/Documents/西大Graduate/Project_base/Code/Meng_ProjectBased_DetectCodeSimilar/code-sim/results/formal-v1/batch5/pairs/R00080/right/Main.java
R00081,s112306138.java,p02406,/Users/liuziqi/Documents/西大Graduate/Project_base/Code/Meng_ProjectBased_DetectCodeSimilar/code-sim/results/formal-v1/batch5/pairs/R00081/left/Main.java,/Users/liuziqi/Documents/西大Graduate/Project_base/Code/Meng_ProjectBased_DetectCodeSimilar/code-sim/results/formal-v1/batch5/pairs/R00081/right/Main.java
R00082,s635057637.java,p03814,/Users/liuziqi/Documents/西大Graduate/Project_base/Code/Meng_ProjectBased_DetectCodeSimilar/code-sim/results/formal-v1/batch5/pairs/R00082/left/Main.java,/Users/liuziqi/Documents/西大Graduate/Project_base/Code/Meng_ProjectBased_DetectCodeSimilar/code-sim/results/formal-v1/batch5/pairs/R00082/right/Main.java
R00083,s642128648.java,p02255,/Users/liuziqi/Documents/西大Graduate/Project_base/Code/Meng_ProjectBased_DetectCodeSimilar/code-sim/results/formal-v1/batch5/pairs/R00083/left/Main.java,/Users/liuziqi/Documents/西大Graduate/Project_base/Code/Meng_ProjectBased_DetectCodeSimilar/code-sim/results/formal-v1/batch5/pairs/R00083/right/Main.java
R00084,s240270466.java,p03060,/Users/liuziqi/Documents/西大Graduate/Project_base/Code/Meng_ProjectBased_DetectCodeSimilar/code-sim/results/formal-v1/batch5/pairs/R00084/left/Main.java,/Users/liuziqi/Documents/西大Graduate/Project_base/Code/Meng_ProjectBased_DetectCodeSimilar/code-sim/results/formal-v1/batch5/pairs/R00084/right/Main.java
R00085,s493836719.java,p03136,/Users/liuziqi/Documents/西大Graduate/Project_base/Code/Meng_ProjectBased_DetectCodeSimilar/code-sim/results/formal-v1/batch5/pairs/R00085/left/Main.java,/Users/liuziqi/Documents/西大Graduate/Project_base/Code/Meng_ProjectBased_DetectCodeSimilar/code-sim/results/formal-v1/batch5/pairs/R00085/right/Main.java
R00086,s980328748.java,p03308,/Users/liuziqi/Documents/西大Graduate/Project_base/Code/Meng_ProjectBased_DetectCodeSimilar/code-sim/results/formal-v1/batch5/pairs/R00086/left/Main.java,/Users/liuziqi/Documents/西大Graduate/Project_base/Code/Meng_ProjectBased_DetectCodeSimilar/code-sim/results/formal-v1/batch5/pairs/R00086/right/Main.java
R00087,s668109455.java,p03493,/Users/liuziqi/Documents/西大Graduate/Project_base/Code/Meng_ProjectBased_DetectCodeSimilar/code-sim/results/formal-v1/batch5/pairs/R00087/left/Main.java,/Users/liuziqi/Documents/西大Graduate/Project_base/Code/Meng_ProjectBased_DetectCodeSimilar/code-sim/results/formal-v1/batch5/pairs/R00087/right/Main.java
R00088,s354700530.java,p02791,/Users/liuziqi/Documents/西大Graduate/Project_base/Code/Meng_ProjectBased_DetectCodeSimilar/code-sim/results/formal-v1/batch5/pairs/R00088/left/Main.java,/Users/liuziqi/Documents/西大Graduate/Project_base/Code/Meng_ProjectBased_DetectCodeSimilar/code-sim/results/formal-v1/batch5/pairs/R00088/right/Main.java
R00089,s619394472.java,p03998,/Users/liuziqi/Documents/西大Graduate/Project_base/Code/Meng_ProjectBased_DetectCodeSimilar/code-sim/results/formal-v1/batch5/pairs/R00089/left/Main.java,/Users/liuziqi/Documents/西大Graduate/Project_base/Code/Meng_ProjectBased_DetectCodeSimilar/code-sim/results/formal-v1/batch5/pairs/R00089/right/Main.java
R00090,s997350914.java,p03449,/Users/liuziqi/Documents/西大Graduate/Project_base/Code/Meng_ProjectBased_DetectCodeSimilar/code-sim/results/formal-v1/batch5/pairs/R00090/left/Main.java,/Users/liuziqi/Documents/西大Graduate/Project_base/Code/Meng_ProjectBased_DetectCodeSimilar/code-sim/results/formal-v1/batch5/pairs/R00090/right/Main.java
R00091,s967324623.java,p02847,/Users/liuziqi/Documents/西大Graduate/Project_base/Code/Meng_ProjectBased_DetectCodeSimilar/code-sim/results/formal-v1/batch5/pairs/R00091/left/Main.java,/Users/liuziqi/Documents/西大Graduate/Project_base/Code/Meng_ProjectBased_DetectCodeSimilar/code-sim/results/formal-v1/batch5/pairs/R00091/right/Main.java
R00092,s772945599.java,p02886,/Users/liuziqi/Documents/西大Graduate/Project_base/Code/Meng_ProjectBased_DetectCodeSimilar/code-sim/results/formal-v1/batch5/pairs/R00092/left/Main.java,/Users/liuziqi/Documents/西大Graduate/Project_base/Code/Meng_ProjectBased_DetectCodeSimilar/code-sim/results/formal-v1/batch5/pairs/R00092/right/Main.java
R00093,s605744479.java,p02848,/Users/liuziqi/Documents/西大Graduate/Project_base/Code/Meng_ProjectBased_DetectCodeSimilar/code-sim/results/formal-v1/batch5/pairs/R00093/left/Main.java,/Users/liuziqi/Documents/西大Graduate/Project_base/Code/Meng_ProjectBased_DetectCodeSimilar/code-sim/results/formal-v1/batch5/pairs/R00093/right/Main.java
R00094,s224084295.java,p02935,/Users/liuziqi/Documents/西大Graduate/Project_base/Code/Meng_ProjectBased_DetectCodeSimilar/code-sim/results/formal-v1/batch5/pairs/R00094/left/Main.java,/Users/liuziqi/Documents/西大Graduate/Project_base/Code/Meng_ProjectBased_DetectCodeSimilar/code-sim/results/formal-v1/batch5/pairs/R00094/right/Main.java
R00095,s145678242.java,p02981,/Users/liuziqi/Documents/西大Graduate/Project_base/Code/Meng_ProjectBased_DetectCodeSimilar/code-sim/results/formal-v1/batch5/pairs/R00095/left/Main.java,/Users/liuziqi/Documents/西大Graduate/Project_base/Code/Meng_ProjectBased_DetectCodeSimilar/code-sim/results/formal-v1/batch5/pairs/R00095/right/Main.java
R00096,s917380146.java,p02414,/Users/liuziqi/Documents/西大Graduate/Project_base/Code/Meng_ProjectBased_DetectCodeSimilar/code-sim/results/formal-v1/batch5/pairs/R00096/left/Main.java,/Users/liuziqi/Documents/西大Graduate/Project_base/Code/Meng_ProjectBased_DetectCodeSimilar/code-sim/results/formal-v1/batch5/pairs/R00096/right/Main.java
R00097,s208541179.java,p03325,/Users/liuziqi/Documents/西大Graduate/Project_base/Code/Meng_ProjectBased_DetectCodeSimilar/code-sim/results/formal-v1/batch5/pairs/R00097/left/Main.java,/Users/liuziqi/Documents/西大Graduate/Project_base/Code/Meng_ProjectBased_DetectCodeSimilar/code-sim/results/formal-v1/batch5/pairs/R00097/right/Main.java
R00098,s975704150.java,p03147,/Users/liuziqi/Documents/西大Graduate/Project_base/Code/Meng_ProjectBased_DetectCodeSimilar/code-sim/results/formal-v1/batch5/pairs/R00098/left/Main.java,/Users/liuziqi/Documents/西大Graduate/Project_base/Code/Meng_ProjectBased_DetectCodeSimilar/code-sim/results/formal-v1/batch5/pairs/R00098/right/Main.java
R00099,s974985713.java,p03325,/Users/liuziqi/Documents/西大Graduate/Project_base/Code/Meng_ProjectBased_DetectCodeSimilar/code-sim/results/formal-v1/batch5/pairs/R00099/left/Main.java,/Users/liuziqi/Documents/西大Graduate/Project_base/Code/Meng_ProjectBased_DetectCodeSimilar/code-sim/results/formal-v1/batch5/pairs/R00099/right/Main.java
R00100,s812843913.java,p03243,/Users/liuziqi/Documents/西大Graduate/Project_base/Code/Meng_ProjectBased_DetectCodeSimilar/code-sim/results/formal-v1/batch5/pairs/R00100/left/Main.java,/Users/liuziqi/Documents/西大Graduate/Project_base/Code/Meng_ProjectBased_DetectCodeSimilar/code-sim/results/formal-v1/batch5/pairs/R00100/right/Main.java
R00101,s004214069.java,p02268,/Users/liuziqi/Documents/西大Graduate/Project_base/Code/Meng_ProjectBased_DetectCodeSimilar/code-sim/results/formal-v1/batch5/pairs/R00101/left/Main.java,/Users/liuziqi/Documents/西大Graduate/Project_base/Code/Meng_ProjectBased_DetectCodeSimilar/code-sim/results/formal-v1/batch5/pairs/R00101/right/Main.java
R00102,s730832603.java,p02407,/Users/liuziqi/Documents/西大Graduate/Project_base/Code/Meng_ProjectBased_DetectCodeSimilar/code-sim/results/formal-v1/batch5/pairs/R00102/left/Main.java,/Users/liuziqi/Documents/西大Graduate/Project_base/Code/Meng_ProjectBased_DetectCodeSimilar/code-sim/results/formal-v1/batch5/pairs/R00102/right/Main.java
R00103,s265252197.java,p02392,/Users/liuziqi/Documents/西大Graduate/Project_base/Code/Meng_ProjectBased_DetectCodeSimilar/code-sim/results/formal-v1/batch5/pairs/R00103/left/Main.java,/Users/liuziqi/Documents/西大Graduate/Project_base/Code/Meng_ProjectBased_DetectCodeSimilar/code-sim/results/formal-v1/batch5/pairs/R00103/right/Main.java
R00104,s214423881.java,p03282,/Users/liuziqi/Documents/西大Graduate/Project_base/Code/Meng_ProjectBased_DetectCodeSimilar/code-sim/results/formal-v1/batch5/pairs/R00104/left/Main.java,/Users/liuziqi/Documents/西大Graduate/Project_base/Code/Meng_ProjectBased_DetectCodeSimilar/code-sim/results/formal-v1/batch5/pairs/R00104/right/Main.java
R00105,s030862315.java,p02613,/Users/liuziqi/Documents/西大Graduate/Project_base/Code/Meng_ProjectBased_DetectCodeSimilar/code-sim/results/formal-v1/batch5/pairs/R00105/left/Main.java,/Users/liuziqi/Documents/西大Graduate/Project_base/Code/Meng_ProjectBased_DetectCodeSimilar/code-sim/results/formal-v1/batch5/pairs/R00105/right/Main.java
R00106,s030386535.java,p04030,/Users/liuziqi/Documents/西大Graduate/Project_base/Code/Meng_ProjectBased_DetectCodeSimilar/code-sim/results/formal-v1/batch5/pairs/R00106/left/Main.java,/Users/liuziqi/Documents/西大Graduate/Project_base/Code/Meng_ProjectBased_DetectCodeSimilar/code-sim/results/formal-v1/batch5/pairs/R00106/right/Main.java
R00107,s695983877.java,p03126,/Users/liuziqi/Documents/西大Graduate/Project_base/Code/Meng_ProjectBased_DetectCodeSimilar/code-sim/results/formal-v1/batch5/pairs/R00107/left/Main.java,/Users/liuziqi/Documents/西大Graduate/Project_base/Code/Meng_ProjectBased_DetectCodeSimilar/code-sim/results/formal-v1/batch5/pairs/R00107/right/Main.java
R00108,s018652839.java,p02410,/Users/liuziqi/Documents/西大Graduate/Project_base/Code/Meng_ProjectBased_DetectCodeSimilar/code-sim/results/formal-v1/batch5/pairs/R00108/left/Main.java,/Users/liuziqi/Documents/西大Graduate/Project_base/Code/Meng_ProjectBased_DetectCodeSimilar/code-sim/results/formal-v1/batch5/pairs/R00108/right/Main.java
R00109,s197911607.java,p03239,/Users/liuziqi/Documents/西大Graduate/Project_base/Code/Meng_ProjectBased_DetectCodeSimilar/code-sim/results/formal-v1/batch5/pairs/R00109/left/Main.java,/Users/liuziqi/Documents/西大Graduate/Project_base/Code/Meng_ProjectBased_DetectCodeSimilar/code-sim/results/formal-v1/batch5/pairs/R00109/right/Main.java
R00110,s888819606.java,p02406,/Users/liuziqi/Documents/西大Graduate/Project_base/Code/Meng_ProjectBased_DetectCodeSimilar/code-sim/results/formal-v1/batch5/pairs/R00110/left/Main.java,/Users/liuziqi/Documents/西大Graduate/Project_base/Code/Meng_ProjectBased_DetectCodeSimilar/code-sim/results/formal-v1/batch5/pairs/R00110/right/Main.java
R00111,s179095022.java,p02958,/Users/liuziqi/Documents/西大Graduate/Project_base/Code/Meng_ProjectBased_DetectCodeSimilar/code-sim/results/formal-v1/batch5/pairs/R00111/left/Main.java,/Users/liuziqi/Documents/西大Graduate/Project_base/Code/Meng_ProjectBased_DetectCodeSimilar/code-sim/results/formal-v1/batch5/pairs/R00111/right/Main.java
R00112,s828266894.java,p02410,/Users/liuziqi/Documents/西大Graduate/Project_base/Code/Meng_ProjectBased_DetectCodeSimilar/code-sim/results/formal-v1/batch5/pairs/R00112/left/Main.java,/Users/liuziqi/Documents/西大Graduate/Project_base/Code/Meng_ProjectBased_DetectCodeSimilar/code-sim/results/formal-v1/batch5/pairs/R00112/right/Main.java
R00113,s162412602.java,p02411,/Users/liuziqi/Documents/西大Graduate/Project_base/Code/Meng_ProjectBased_DetectCodeSimilar/code-sim/results/formal-v1/batch5/pairs/R00113/left/Main.java,/Users/liuziqi/Documents/西大Graduate/Project_base/Code/Meng_ProjectBased_DetectCodeSimilar/code-sim/results/formal-v1/batch5/pairs/R00113/right/Main.java
R00114,s315037260.java,p02830,/Users/liuziqi/Documents/西大Graduate/Project_base/Code/Meng_ProjectBased_DetectCodeSimilar/code-sim/results/formal-v1/batch5/pairs/R00114/left/Main.java,/Users/liuziqi/Documents/西大Graduate/Project_base/Code/Meng_ProjectBased_DetectCodeSimilar/code-sim/results/formal-v1/batch5/pairs/R00114/right/Main.java
R00115,s923363464.java,p02982,/Users/liuziqi/Documents/西大Graduate/Project_base/Code/Meng_ProjectBased_DetectCodeSimilar/code-sim/results/formal-v1/batch5/pairs/R00115/left/Main.java,/Users/liuziqi/Documents/西大Graduate/Project_base/Code/Meng_ProjectBased_DetectCodeSimilar/code-sim/results/formal-v1/batch5/pairs/R00115/right/Main.java
R00116,s192001069.java,p03378,/Users/liuziqi/Documents/西大Graduate/Project_base/Code/Meng_ProjectBased_DetectCodeSimilar/code-sim/results/formal-v1/batch5/pairs/R00116/left/Main.java,/Users/liuziqi/Documents/西大Graduate/Project_base/Code/Meng_ProjectBased_DetectCodeSimilar/code-sim/results/formal-v1/batch5/pairs/R00116/right/Main.java
R00117,s882602368.java,p02916,/Users/liuziqi/Documents/西大Graduate/Project_base/Code/Meng_ProjectBased_DetectCodeSimilar/code-sim/results/formal-v1/batch5/pairs/R00117/left/Main.java,/Users/liuziqi/Documents/西大Graduate/Project_base/Code/Meng_ProjectBased_DetectCodeSimilar/code-sim/results/formal-v1/batch5/pairs/R00117/right/Main.java
R00118,s321702517.java,p02880,/Users/liuziqi/Documents/西大Graduate/Project_base/Code/Meng_ProjectBased_DetectCodeSimilar/code-sim/results/formal-v1/batch5/pairs/R00118/left/Main.java,/Users/liuziqi/Documents/西大Graduate/Project_base/Code/Meng_ProjectBased_DetectCodeSimilar/code-sim/results/formal-v1/batch5/pairs/R00118/right/Main.java
R00119,s793776900.java,p03434,/Users/liuziqi/Documents/西大Graduate/Project_base/Code/Meng_ProjectBased_DetectCodeSimilar/code-sim/results/formal-v1/batch5/pairs/R00119/left/Main.java,/Users/liuziqi/Documents/西大Graduate/Project_base/Code/Meng_ProjectBased_DetectCodeSimilar/code-sim/results/formal-v1/batch5/pairs/R00119/right/Main.java
R00120,s423776164.java,p02408,/Users/liuziqi/Documents/西大Graduate/Project_base/Code/Meng_ProjectBased_DetectCodeSimilar/code-sim/results/formal-v1/batch5/pairs/R00120/left/Main.java,/Users/liuziqi/Documents/西大Graduate/Project_base/Code/Meng_ProjectBased_DetectCodeSimilar/code-sim/results/formal-v1/batch5/pairs/R00120/right/Main.java
R00121,s956891564.java,p02784,/Users/liuziqi/Documents/西大Graduate/Project_base/Code/Meng_ProjectBased_DetectCodeSimilar/code-sim/results/formal-v1/batch5/pairs/R00121/left/Main.java,/Users/liuziqi/Documents/西大Graduate/Project_base/Code/Meng_ProjectBased_DetectCodeSimilar/code-sim/results/formal-v1/batch5/pairs/R00121/right/Main.java
R00122,s148292396.java,p02717,/Users/liuziqi/Documents/西大Graduate/Project_base/Code/Meng_ProjectBased_DetectCodeSimilar/code-sim/results/formal-v1/batch5/pairs/R00122/left/Main.java,/Users/liuziqi/Documents/西大Graduate/Project_base/Code/Meng_ProjectBased_DetectCodeSimilar/code-sim/results/formal-v1/batch5/pairs/R00122/right/Main.java
R00123,s024975840.java,p02547,/Users/liuziqi/Documents/西大Graduate/Project_base/Code/Meng_ProjectBased_DetectCodeSimilar/code-sim/results/formal-v1/batch5/pairs/R00123/left/Main.java,/Users/liuziqi/Documents/西大Graduate/Project_base/Code/Meng_ProjectBased_DetectCodeSimilar/code-sim/results/formal-v1/batch5/pairs/R00123/right/Main.java
R00124,s001441423.java,p03434,/Users/liuziqi/Documents/西大Graduate/Project_base/Code/Meng_ProjectBased_DetectCodeSimilar/code-sim/results/formal-v1/batch5/pairs/R00124/left/Main.java,/Users/liuziqi/Documents/西大Graduate/Project_base/Code/Meng_ProjectBased_DetectCodeSimilar/code-sim/results/formal-v1/batch5/pairs/R00124/right/Main.java
R00125,s193556558.java,p02613,/Users/liuziqi/Documents/西大Graduate/Project_base/Code/Meng_ProjectBased_DetectCodeSimilar/code-sim/results/formal-v1/batch5/pairs/R00125/left/Main.java,/Users/liuziqi/Documents/西大Graduate/Project_base/Code/Meng_ProjectBased_DetectCodeSimilar/code-sim/results/formal-v1/batch5/pairs/R00125/right/Main.java
R00126,s646129434.java,p02553,/Users/liuziqi/Documents/西大Graduate/Project_base/Code/Meng_ProjectBased_DetectCodeSimilar/code-sim/results/formal-v1/batch5/pairs/R00126/left/Main.java,/Users/liuziqi/Documents/西大Graduate/Project_base/Code/Meng_ProjectBased_DetectCodeSimilar/code-sim/results/formal-v1/batch5/pairs/R00126/right/Main.java
R00127,s715782808.java,p03474,/Users/liuziqi/Documents/西大Graduate/Project_base/Code/Meng_ProjectBased_DetectCodeSimilar/code-sim/results/formal-v1/batch5/pairs/R00127/left/Main.java,/Users/liuziqi/Documents/西大Graduate/Project_base/Code/Meng_ProjectBased_DetectCodeSimilar/code-sim/results/formal-v1/batch5/pairs/R00127/right/Main.java
R00128,s107810944.java,p02725,/Users/liuziqi/Documents/西大Graduate/Project_base/Code/Meng_ProjectBased_DetectCodeSimilar/code-sim/results/formal-v1/batch5/pairs/R00128/left/Main.java,/Users/liuziqi/Documents/西大Graduate/Project_base/Code/Meng_ProjectBased_DetectCodeSimilar/code-sim/results/formal-v1/batch5/pairs/R00128/right/Main.java
R00129,s605624622.java,p03146,/Users/liuziqi/Documents/西大Graduate/Project_base/Code/Meng_ProjectBased_DetectCodeSimilar/code-sim/results/formal-v1/batch5/pairs/R00129/left/Main.java,/Users/liuziqi/Documents/西大Graduate/Project_base/Code/Meng_ProjectBased_DetectCodeSimilar/code-sim/results/formal-v1/batch5/pairs/R00129/right/Main.java
R00130,s968913510.java,p02400,/Users/liuziqi/Documents/西大Graduate/Project_base/Code/Meng_ProjectBased_DetectCodeSimilar/code-sim/results/formal-v1/batch5/pairs/R00130/left/Main.java,/Users/liuziqi/Documents/西大Graduate/Project_base/Code/Meng_ProjectBased_DetectCodeSimilar/code-sim/results/formal-v1/batch5/pairs/R00130/right/Main.java
R00131,s583053303.java,p02994,/Users/liuziqi/Documents/西大Graduate/Project_base/Code/Meng_ProjectBased_DetectCodeSimilar/code-sim/results/formal-v1/batch5/pairs/R00131/left/Main.java,/Users/liuziqi/Documents/西大Graduate/Project_base/Code/Meng_ProjectBased_DetectCodeSimilar/code-sim/results/formal-v1/batch5/pairs/R00131/right/Main.java
R00132,s692968439.java,p02390,/Users/liuziqi/Documents/西大Graduate/Project_base/Code/Meng_ProjectBased_DetectCodeSimilar/code-sim/results/formal-v1/batch5/pairs/R00132/left/Main.java,/Users/liuziqi/Documents/西大Graduate/Project_base/Code/Meng_ProjectBased_DetectCodeSimilar/code-sim/results/formal-v1/batch5/pairs/R00132/right/Main.java
R00133,s195583077.java,p02576,/Users/liuziqi/Documents/西大Graduate/Project_base/Code/Meng_ProjectBased_DetectCodeSimilar/code-sim/results/formal-v1/batch5/pairs/R00133/left/Main.java,/Users/liuziqi/Documents/西大Graduate/Project_base/Code/Meng_ProjectBased_DetectCodeSimilar/code-sim/results/formal-v1/batch5/pairs/R00133/right/Main.java
R00134,s372384062.java,p02911,/Users/liuziqi/Documents/西大Graduate/Project_base/Code/Meng_ProjectBased_DetectCodeSimilar/code-sim/results/formal-v1/batch5/pairs/R00134/left/Main.java,/Users/liuziqi/Documents/西大Graduate/Project_base/Code/Meng_ProjectBased_DetectCodeSimilar/code-sim/results/formal-v1/batch5/pairs/R00134/right/Main.java
R00135,s506429831.java,p02414,/Users/liuziqi/Documents/西大Graduate/Project_base/Code/Meng_ProjectBased_DetectCodeSimilar/code-sim/results/formal-v1/batch5/pairs/R00135/left/Main.java,/Users/liuziqi/Documents/西大Graduate/Project_base/Code/Meng_ProjectBased_DetectCodeSimilar/code-sim/results/formal-v1/batch5/pairs/R00135/right/Main.java
R00136,s036174338.java,p02916,/Users/liuziqi/Documents/西大Graduate/Project_base/Code/Meng_ProjectBased_DetectCodeSimilar/code-sim/results/formal-v1/batch5/pairs/R00136/left/Main.java,/Users/liuziqi/Documents/西大Graduate/Project_base/Code/Meng_ProjectBased_DetectCodeSimilar/code-sim/results/formal-v1/batch5/pairs/R00136/right/Main.java
R00137,s021595610.java,p02935,/Users/liuziqi/Documents/西大Graduate/Project_base/Code/Meng_ProjectBased_DetectCodeSimilar/code-sim/results/formal-v1/batch5/pairs/R00137/left/Main.java,/Users/liuziqi/Documents/西大Graduate/Project_base/Code/Meng_ProjectBased_DetectCodeSimilar/code-sim/results/formal-v1/batch5/pairs/R00137/right/Main.java
R00138,s890279719.java,p03147,/Users/liuziqi/Documents/西大Graduate/Project_base/Code/Meng_ProjectBased_DetectCodeSimilar/code-sim/results/formal-v1/batch5/pairs/R00138/left/Main.java,/Users/liuziqi/Documents/西大Graduate/Project_base/Code/Meng_ProjectBased_DetectCodeSimilar/code-sim/results/formal-v1/batch5/pairs/R00138/right/Main.java
R00139,s469739630.java,p02414,/Users/liuziqi/Documents/西大Graduate/Project_base/Code/Meng_ProjectBased_DetectCodeSimilar/code-sim/results/formal-v1/batch5/pairs/R00139/left/Main.java,/Users/liuziqi/Documents/西大Graduate/Project_base/Code/Meng_ProjectBased_DetectCodeSimilar/code-sim/results/formal-v1/batch5/pairs/R00139/right/Main.java
R00140,s980615609.java,p02818,/Users/liuziqi/Documents/西大Graduate/Project_base/Code/Meng_ProjectBased_DetectCodeSimilar/code-sim/results/formal-v1/batch5/pairs/R00140/left/Main.java,/Users/liuziqi/Documents/西大Graduate/Project_base/Code/Meng_ProjectBased_DetectCodeSimilar/code-sim/results/formal-v1/batch5/pairs/R00140/right/Main.java
R00141,s068444190.java,p03835,/Users/liuziqi/Documents/西大Graduate/Project_base/Code/Meng_ProjectBased_DetectCodeSimilar/code-sim/results/formal-v1/batch5/pairs/R00141/left/Main.java,/Users/liuziqi/Documents/西大Graduate/Project_base/Code/Meng_ProjectBased_DetectCodeSimilar/code-sim/results/formal-v1/batch5/pairs/R00141/right/Main.java
R00142,s479041145.java,p03282,/Users/liuziqi/Documents/西大Graduate/Project_base/Code/Meng_ProjectBased_DetectCodeSimilar/code-sim/results/formal-v1/batch5/pairs/R00142/left/Main.java,/Users/liuziqi/Documents/西大Graduate/Project_base/Code/Meng_ProjectBased_DetectCodeSimilar/code-sim/results/formal-v1/batch5/pairs/R00142/right/Main.java
R00143,s841380499.java,p02754,/Users/liuziqi/Documents/西大Graduate/Project_base/Code/Meng_ProjectBased_DetectCodeSimilar/code-sim/results/formal-v1/batch5/pairs/R00143/left/Main.java,/Users/liuziqi/Documents/西大Graduate/Project_base/Code/Meng_ProjectBased_DetectCodeSimilar/code-sim/results/formal-v1/batch5/pairs/R00143/right/Main.java
R00144,s625008170.java,p03457,/Users/liuziqi/Documents/西大Graduate/Project_base/Code/Meng_ProjectBased_DetectCodeSimilar/code-sim/results/formal-v1/batch5/pairs/R00144/left/Main.java,/Users/liuziqi/Documents/西大Graduate/Project_base/Code/Meng_ProjectBased_DetectCodeSimilar/code-sim/results/formal-v1/batch5/pairs/R00144/right/Main.java
R00145,s622080850.java,p03220,/Users/liuziqi/Documents/西大Graduate/Project_base/Code/Meng_ProjectBased_DetectCodeSimilar/code-sim/results/formal-v1/batch5/pairs/R00145/left/Main.java,/Users/liuziqi/Documents/西大Graduate/Project_base/Code/Meng_ProjectBased_DetectCodeSimilar/code-sim/results/formal-v1/batch5/pairs/R00145/right/Main.java
R00146,s428098090.java,p03102,/Users/liuziqi/Documents/西大Graduate/Project_base/Code/Meng_ProjectBased_DetectCodeSimilar/code-sim/results/formal-v1/batch5/pairs/R00146/left/Main.java,/Users/liuziqi/Documents/西大Graduate/Project_base/Code/Meng_ProjectBased_DetectCodeSimilar/code-sim/results/formal-v1/batch5/pairs/R00146/right/Main.java
R00147,s565942651.java,p02547,/Users/liuziqi/Documents/西大Graduate/Project_base/Code/Meng_ProjectBased_DetectCodeSimilar/code-sim/results/formal-v1/batch5/pairs/R00147/left/Main.java,/Users/liuziqi/Documents/西大Graduate/Project_base/Code/Meng_ProjectBased_DetectCodeSimilar/code-sim/results/formal-v1/batch5/pairs/R00147/right/Main.java
R00148,s370730220.java,p03316,/Users/liuziqi/Documents/西大Graduate/Project_base/Code/Meng_ProjectBased_DetectCodeSimilar/code-sim/results/formal-v1/batch5/pairs/R00148/left/Main.java,/Users/liuziqi/Documents/西大Graduate/Project_base/Code/Meng_ProjectBased_DetectCodeSimilar/code-sim/results/formal-v1/batch5/pairs/R00148/right/Main.java
R00149,s753132388.java,p02629,/Users/liuziqi/Documents/西大Graduate/Project_base/Code/Meng_ProjectBased_DetectCodeSimilar/code-sim/results/formal-v1/batch5/pairs/R00149/left/Main.java,/Users/liuziqi/Documents/西大Graduate/Project_base/Code/Meng_ProjectBased_DetectCodeSimilar/code-sim/results/formal-v1/batch5/pairs/R00149/right/Main.java
R00150,s358417311.java,p02921,/Users/liuziqi/Documents/西大Graduate/Project_base/Code/Meng_ProjectBased_DetectCodeSimilar/code-sim/results/formal-v1/batch5/pairs/R00150/left/Main.java,/Users/liuziqi/Documents/西大Graduate/Project_base/Code/Meng_ProjectBased_DetectCodeSimilar/code-sim/results/formal-v1/batch5/pairs/R00150/right/Main.java
R00151,s410806242.java,p02410,/Users/liuziqi/Documents/西大Graduate/Project_base/Code/Meng_ProjectBased_DetectCodeSimilar/code-sim/results/formal-v1/batch5/pairs/R00151/left/Main.java,/Users/liuziqi/Documents/西大Graduate/Project_base/Code/Meng_ProjectBased_DetectCodeSimilar/code-sim/results/formal-v1/batch5/pairs/R00151/right/Main.java
R00152,s401430245.java,p03102,/Users/liuziqi/Documents/西大Graduate/Project_base/Code/Meng_ProjectBased_DetectCodeSimilar/code-sim/results/formal-v1/batch5/pairs/R00152/left/Main.java,/Users/liuziqi/Documents/西大Graduate/Project_base/Code/Meng_ProjectBased_DetectCodeSimilar/code-sim/results/formal-v1/batch5/pairs/R00152/right/Main.java
R00153,s198359001.java,p03315,/Users/liuziqi/Documents/西大Graduate/Project_base/Code/Meng_ProjectBased_DetectCodeSimilar/code-sim/results/formal-v1/batch5/pairs/R00153/left/Main.java,/Users/liuziqi/Documents/西大Graduate/Project_base/Code/Meng_ProjectBased_DetectCodeSimilar/code-sim/results/formal-v1/batch5/pairs/R00153/right/Main.java
R00154,s094811862.java,p02547,/Users/liuziqi/Documents/西大Graduate/Project_base/Code/Meng_ProjectBased_DetectCodeSimilar/code-sim/results/formal-v1/batch5/pairs/R00154/left/Main.java,/Users/liuziqi/Documents/西大Graduate/Project_base/Code/Meng_ProjectBased_DetectCodeSimilar/code-sim/results/formal-v1/batch5/pairs/R00154/right/Main.java
R00155,s730723460.java,p03239,/Users/liuziqi/Documents/西大Graduate/Project_base/Code/Meng_ProjectBased_DetectCodeSimilar/code-sim/results/formal-v1/batch5/pairs/R00155/left/Main.java,/Users/liuziqi/Documents/西大Graduate/Project_base/Code/Meng_ProjectBased_DetectCodeSimilar/code-sim/results/formal-v1/batch5/pairs/R00155/right/Main.java
R00156,s997602189.java,p02786,/Users/liuziqi/Documents/西大Graduate/Project_base/Code/Meng_ProjectBased_DetectCodeSimilar/code-sim/results/formal-v1/batch5/pairs/R00156/left/Main.java,/Users/liuziqi/Documents/西大Graduate/Project_base/Code/Meng_ProjectBased_DetectCodeSimilar/code-sim/results/formal-v1/batch5/pairs/R00156/right/Main.java
R00157,s054621362.java,p03644,/Users/liuziqi/Documents/西大Graduate/Project_base/Code/Meng_ProjectBased_DetectCodeSimilar/code-sim/results/formal-v1/batch5/pairs/R00157/left/Main.java,/Users/liuziqi/Documents/西大Graduate/Project_base/Code/Meng_ProjectBased_DetectCodeSimilar/code-sim/results/formal-v1/batch5/pairs/R00157/right/Main.java
R00158,s660621454.java,p03292,/Users/liuziqi/Documents/西大Graduate/Project_base/Code/Meng_ProjectBased_DetectCodeSimilar/code-sim/results/formal-v1/batch5/pairs/R00158/left/Main.java,/Users/liuziqi/Documents/西大Graduate/Project_base/Code/Meng_ProjectBased_DetectCodeSimilar/code-sim/results/formal-v1/batch5/pairs/R00158/right/Main.java
R00159,s345039408.java,p02953,/Users/liuziqi/Documents/西大Graduate/Project_base/Code/Meng_ProjectBased_DetectCodeSimilar/code-sim/results/formal-v1/batch5/pairs/R00159/left/Main.java,/Users/liuziqi/Documents/西大Graduate/Project_base/Code/Meng_ProjectBased_DetectCodeSimilar/code-sim/results/formal-v1/batch5/pairs/R00159/right/Main.java
R00160,s694760322.java,p02641,/Users/liuziqi/Documents/西大Graduate/Project_base/Code/Meng_ProjectBased_DetectCodeSimilar/code-sim/results/formal-v1/batch5/pairs/R00160/left/Main.java,/Users/liuziqi/Documents/西大Graduate/Project_base/Code/Meng_ProjectBased_DetectCodeSimilar/code-sim/results/formal-v1/batch5/pairs/R00160/right/Main.java
R00161,s765591245.java,p03470,/Users/liuziqi/Documents/西大Graduate/Project_base/Code/Meng_ProjectBased_DetectCodeSimilar/code-sim/results/formal-v1/batch5/pairs/R00161/left/Main.java,/Users/liuziqi/Documents/西大Graduate/Project_base/Code/Meng_ProjectBased_DetectCodeSimilar/code-sim/results/formal-v1/batch5/pairs/R00161/right/Main.java
R00162,s707370899.java,p02994,/Users/liuziqi/Documents/西大Graduate/Project_base/Code/Meng_ProjectBased_DetectCodeSimilar/code-sim/results/formal-v1/batch5/pairs/R00162/left/Main.java,/Users/liuziqi/Documents/西大Graduate/Project_base/Code/Meng_ProjectBased_DetectCodeSimilar/code-sim/results/formal-v1/batch5/pairs/R00162/right/Main.java
R00163,s988166132.java,p03545,/Users/liuziqi/Documents/西大Graduate/Project_base/Code/Meng_ProjectBased_DetectCodeSimilar/code-sim/results/formal-v1/batch5/pairs/R00163/left/Main.java,/Users/liuziqi/Documents/西大Graduate/Project_base/Code/Meng_ProjectBased_DetectCodeSimilar/code-sim/results/formal-v1/batch5/pairs/R00163/right/Main.java
R00164,s356675627.java,p02880,/Users/liuziqi/Documents/西大Graduate/Project_base/Code/Meng_ProjectBased_DetectCodeSimilar/code-sim/results/formal-v1/batch5/pairs/R00164/left/Main.java,/Users/liuziqi/Documents/西大Graduate/Project_base/Code/Meng_ProjectBased_DetectCodeSimilar/code-sim/results/formal-v1/batch5/pairs/R00164/right/Main.java
R00165,s958749714.java,p02418,/Users/liuziqi/Documents/西大Graduate/Project_base/Code/Meng_ProjectBased_DetectCodeSimilar/code-sim/results/formal-v1/batch5/pairs/R00165/left/Main.java,/Users/liuziqi/Documents/西大Graduate/Project_base/Code/Meng_ProjectBased_DetectCodeSimilar/code-sim/results/formal-v1/batch5/pairs/R00165/right/Main.java
R00166,s385026087.java,p03493,/Users/liuziqi/Documents/西大Graduate/Project_base/Code/Meng_ProjectBased_DetectCodeSimilar/code-sim/results/formal-v1/batch5/pairs/R00166/left/Main.java,/Users/liuziqi/Documents/西大Graduate/Project_base/Code/Meng_ProjectBased_DetectCodeSimilar/code-sim/results/formal-v1/batch5/pairs/R00166/right/Main.java
R00167,s012047590.java,p02688,/Users/liuziqi/Documents/西大Graduate/Project_base/Code/Meng_ProjectBased_DetectCodeSimilar/code-sim/results/formal-v1/batch5/pairs/R00167/left/Main.java,/Users/liuziqi/Documents/西大Graduate/Project_base/Code/Meng_ProjectBased_DetectCodeSimilar/code-sim/results/formal-v1/batch5/pairs/R00167/right/Main.java
R00168,s457949184.java,p03242,/Users/liuziqi/Documents/西大Graduate/Project_base/Code/Meng_ProjectBased_DetectCodeSimilar/code-sim/results/formal-v1/batch5/pairs/R00168/left/Main.java,/Users/liuziqi/Documents/西大Graduate/Project_base/Code/Meng_ProjectBased_DetectCodeSimilar/code-sim/results/formal-v1/batch5/pairs/R00168/right/Main.java
R00169,s239249986.java,p02971,/Users/liuziqi/Documents/西大Graduate/Project_base/Code/Meng_ProjectBased_DetectCodeSimilar/code-sim/results/formal-v1/batch5/pairs/R00169/left/Main.java,/Users/liuziqi/Documents/西大Graduate/Project_base/Code/Meng_ProjectBased_DetectCodeSimilar/code-sim/results/formal-v1/batch5/pairs/R00169/right/Main.java
R00170,s828746666.java,p02802,/Users/liuziqi/Documents/西大Graduate/Project_base/Code/Meng_ProjectBased_DetectCodeSimilar/code-sim/results/formal-v1/batch5/pairs/R00170/left/Main.java,/Users/liuziqi/Documents/西大Graduate/Project_base/Code/Meng_ProjectBased_DetectCodeSimilar/code-sim/results/formal-v1/batch5/pairs/R00170/right/Main.java
R00171,s691906299.java,p00006,/Users/liuziqi/Documents/西大Graduate/Project_base/Code/Meng_ProjectBased_DetectCodeSimilar/code-sim/results/formal-v1/batch5/pairs/R00171/left/Main.java,/Users/liuziqi/Documents/西大Graduate/Project_base/Code/Meng_ProjectBased_DetectCodeSimilar/code-sim/results/formal-v1/batch5/pairs/R00171/right/Main.java
R00172,s105159512.java,p02682,/Users/liuziqi/Documents/西大Graduate/Project_base/Code/Meng_ProjectBased_DetectCodeSimilar/code-sim/results/formal-v1/batch5/pairs/R00172/left/Main.java,/Users/liuziqi/Documents/西大Graduate/Project_base/Code/Meng_ProjectBased_DetectCodeSimilar/code-sim/results/formal-v1/batch5/pairs/R00172/right/Main.java
R00173,s735167614.java,p03998,/Users/liuziqi/Documents/西大Graduate/Project_base/Code/Meng_ProjectBased_DetectCodeSimilar/code-sim/results/formal-v1/batch5/pairs/R00173/left/Main.java,/Users/liuziqi/Documents/西大Graduate/Project_base/Code/Meng_ProjectBased_DetectCodeSimilar/code-sim/results/formal-v1/batch5/pairs/R00173/right/Main.java
R00174,s404811229.java,p02629,/Users/liuziqi/Documents/西大Graduate/Project_base/Code/Meng_ProjectBased_DetectCodeSimilar/code-sim/results/formal-v1/batch5/pairs/R00174/left/Main.java,/Users/liuziqi/Documents/西大Graduate/Project_base/Code/Meng_ProjectBased_DetectCodeSimilar/code-sim/results/formal-v1/batch5/pairs/R00174/right/Main.java
R00175,s773314818.java,p02402,/Users/liuziqi/Documents/西大Graduate/Project_base/Code/Meng_ProjectBased_DetectCodeSimilar/code-sim/results/formal-v1/batch5/pairs/R00175/left/Main.java,/Users/liuziqi/Documents/西大Graduate/Project_base/Code/Meng_ProjectBased_DetectCodeSimilar/code-sim/results/formal-v1/batch5/pairs/R00175/right/Main.java
R00176,s566822107.java,p02994,/Users/liuziqi/Documents/西大Graduate/Project_base/Code/Meng_ProjectBased_DetectCodeSimilar/code-sim/results/formal-v1/batch5/pairs/R00176/left/Main.java,/Users/liuziqi/Documents/西大Graduate/Project_base/Code/Meng_ProjectBased_DetectCodeSimilar/code-sim/results/formal-v1/batch5/pairs/R00176/right/Main.java
R00177,s525915762.java,p02641,/Users/liuziqi/Documents/西大Graduate/Project_base/Code/Meng_ProjectBased_DetectCodeSimilar/code-sim/results/formal-v1/batch5/pairs/R00177/left/Main.java,/Users/liuziqi/Documents/西大Graduate/Project_base/Code/Meng_ProjectBased_DetectCodeSimilar/code-sim/results/formal-v1/batch5/pairs/R00177/right/Main.java
R00178,s702334503.java,p03289,/Users/liuziqi/Documents/西大Graduate/Project_base/Code/Meng_ProjectBased_DetectCodeSimilar/code-sim/results/formal-v1/batch5/pairs/R00178/left/Main.java,/Users/liuziqi/Documents/西大Graduate/Project_base/Code/Meng_ProjectBased_DetectCodeSimilar/code-sim/results/formal-v1/batch5/pairs/R00178/right/Main.java
R00179,s432794100.java,p02953,/Users/liuziqi/Documents/西大Graduate/Project_base/Code/Meng_ProjectBased_DetectCodeSimilar/code-sim/results/formal-v1/batch5/pairs/R00179/left/Main.java,/Users/liuziqi/Documents/西大Graduate/Project_base/Code/Meng_ProjectBased_DetectCodeSimilar/code-sim/results/formal-v1/batch5/pairs/R00179/right/Main.java
R00180,s443048716.java,p02829,/Users/liuziqi/Documents/西大Graduate/Project_base/Code/Meng_ProjectBased_DetectCodeSimilar/code-sim/results/formal-v1/batch5/pairs/R00180/left/Main.java,/Users/liuziqi/Documents/西大Graduate/Project_base/Code/Meng_ProjectBased_DetectCodeSimilar/code-sim/results/formal-v1/batch5/pairs/R00180/right/Main.java
R00181,s728675942.java,p03043,/Users/liuziqi/Documents/西大Graduate/Project_base/Code/Meng_ProjectBased_DetectCodeSimilar/code-sim/results/formal-v1/batch5/pairs/R00181/left/Main.java,/Users/liuziqi/Documents/西大Graduate/Project_base/Code/Meng_ProjectBased_DetectCodeSimilar/code-sim/results/formal-v1/batch5/pairs/R00181/right/Main.java
R00182,s496523079.java,p03075,/Users/liuziqi/Documents/西大Graduate/Project_base/Code/Meng_ProjectBased_DetectCodeSimilar/code-sim/results/formal-v1/batch5/pairs/R00182/left/Main.java,/Users/liuziqi/Documents/西大Graduate/Project_base/Code/Meng_ProjectBased_DetectCodeSimilar/code-sim/results/formal-v1/batch5/pairs/R00182/right/Main.java
R00183,s979008996.java,p03060,/Users/liuziqi/Documents/西大Graduate/Project_base/Code/Meng_ProjectBased_DetectCodeSimilar/code-sim/results/formal-v1/batch5/pairs/R00183/left/Main.java,/Users/liuziqi/Documents/西大Graduate/Project_base/Code/Meng_ProjectBased_DetectCodeSimilar/code-sim/results/formal-v1/batch5/pairs/R00183/right/Main.java
R00184,s902874056.java,p03680,/Users/liuziqi/Documents/西大Graduate/Project_base/Code/Meng_ProjectBased_DetectCodeSimilar/code-sim/results/formal-v1/batch5/pairs/R00184/left/Main.java,/Users/liuziqi/Documents/西大Graduate/Project_base/Code/Meng_ProjectBased_DetectCodeSimilar/code-sim/results/formal-v1/batch5/pairs/R00184/right/Main.java
R00185,s498328132.java,p02393,/Users/liuziqi/Documents/西大Graduate/Project_base/Code/Meng_ProjectBased_DetectCodeSimilar/code-sim/results/formal-v1/batch5/pairs/R00185/left/Main.java,/Users/liuziqi/Documents/西大Graduate/Project_base/Code/Meng_ProjectBased_DetectCodeSimilar/code-sim/results/formal-v1/batch5/pairs/R00185/right/Main.java
R00186,s373272635.java,p02791,/Users/liuziqi/Documents/西大Graduate/Project_base/Code/Meng_ProjectBased_DetectCodeSimilar/code-sim/results/formal-v1/batch5/pairs/R00186/left/Main.java,/Users/liuziqi/Documents/西大Graduate/Project_base/Code/Meng_ProjectBased_DetectCodeSimilar/code-sim/results/formal-v1/batch5/pairs/R00186/right/Main.java
R00187,s671505753.java,p02995,/Users/liuziqi/Documents/西大Graduate/Project_base/Code/Meng_ProjectBased_DetectCodeSimilar/code-sim/results/formal-v1/batch5/pairs/R00187/left/Main.java,/Users/liuziqi/Documents/西大Graduate/Project_base/Code/Meng_ProjectBased_DetectCodeSimilar/code-sim/results/formal-v1/batch5/pairs/R00187/right/Main.java
R00188,s637267306.java,p02958,/Users/liuziqi/Documents/西大Graduate/Project_base/Code/Meng_ProjectBased_DetectCodeSimilar/code-sim/results/formal-v1/batch5/pairs/R00188/left/Main.java,/Users/liuziqi/Documents/西大Graduate/Project_base/Code/Meng_ProjectBased_DetectCodeSimilar/code-sim/results/formal-v1/batch5/pairs/R00188/right/Main.java
R00189,s356305996.java,p02886,/Users/liuziqi/Documents/西大Graduate/Project_base/Code/Meng_ProjectBased_DetectCodeSimilar/code-sim/results/formal-v1/batch5/pairs/R00189/left/Main.java,/Users/liuziqi/Documents/西大Graduate/Project_base/Code/Meng_ProjectBased_DetectCodeSimilar/code-sim/results/formal-v1/batch5/pairs/R00189/right/Main.java
R00190,s446301288.java,p03243,/Users/liuziqi/Documents/西大Graduate/Project_base/Code/Meng_ProjectBased_DetectCodeSimilar/code-sim/results/formal-v1/batch5/pairs/R00190/left/Main.java,/Users/liuziqi/Documents/西大Graduate/Project_base/Code/Meng_ProjectBased_DetectCodeSimilar/code-sim/results/formal-v1/batch5/pairs/R00190/right/Main.java
R00191,s813052988.java,p02688,/Users/liuziqi/Documents/西大Graduate/Project_base/Code/Meng_ProjectBased_DetectCodeSimilar/code-sim/results/formal-v1/batch5/pairs/R00191/left/Main.java,/Users/liuziqi/Documents/西大Graduate/Project_base/Code/Meng_ProjectBased_DetectCodeSimilar/code-sim/results/formal-v1/batch5/pairs/R00191/right/Main.java
R00192,s479657358.java,p03316,/Users/liuziqi/Documents/西大Graduate/Project_base/Code/Meng_ProjectBased_DetectCodeSimilar/code-sim/results/formal-v1/batch5/pairs/R00192/left/Main.java,/Users/liuziqi/Documents/西大Graduate/Project_base/Code/Meng_ProjectBased_DetectCodeSimilar/code-sim/results/formal-v1/batch5/pairs/R00192/right/Main.java
R00193,s246127806.java,p02730,/Users/liuziqi/Documents/西大Graduate/Project_base/Code/Meng_ProjectBased_DetectCodeSimilar/code-sim/results/formal-v1/batch5/pairs/R00193/left/Main.java,/Users/liuziqi/Documents/西大Graduate/Project_base/Code/Meng_ProjectBased_DetectCodeSimilar/code-sim/results/formal-v1/batch5/pairs/R00193/right/Main.java
R00194,s394090434.java,p03126,/Users/liuziqi/Documents/西大Graduate/Project_base/Code/Meng_ProjectBased_DetectCodeSimilar/code-sim/results/formal-v1/batch5/pairs/R00194/left/Main.java,/Users/liuziqi/Documents/西大Graduate/Project_base/Code/Meng_ProjectBased_DetectCodeSimilar/code-sim/results/formal-v1/batch5/pairs/R00194/right/Main.java
R00195,s581682636.java,p03292,/Users/liuziqi/Documents/西大Graduate/Project_base/Code/Meng_ProjectBased_DetectCodeSimilar/code-sim/results/formal-v1/batch5/pairs/R00195/left/Main.java,/Users/liuziqi/Documents/西大Graduate/Project_base/Code/Meng_ProjectBased_DetectCodeSimilar/code-sim/results/formal-v1/batch5/pairs/R00195/right/Main.java
R00196,s259768969.java,p02934,/Users/liuziqi/Documents/西大Graduate/Project_base/Code/Meng_ProjectBased_DetectCodeSimilar/code-sim/results/formal-v1/batch5/pairs/R00196/left/Main.java,/Users/liuziqi/Documents/西大Graduate/Project_base/Code/Meng_ProjectBased_DetectCodeSimilar/code-sim/results/formal-v1/batch5/pairs/R00196/right/Main.java
R00197,s909966371.java,p04012,/Users/liuziqi/Documents/西大Graduate/Project_base/Code/Meng_ProjectBased_DetectCodeSimilar/code-sim/results/formal-v1/batch5/pairs/R00197/left/Main.java,/Users/liuziqi/Documents/西大Graduate/Project_base/Code/Meng_ProjectBased_DetectCodeSimilar/code-sim/results/formal-v1/batch5/pairs/R00197/right/Main.java
R00198,s086848849.java,p04044,/Users/liuziqi/Documents/西大Graduate/Project_base/Code/Meng_ProjectBased_DetectCodeSimilar/code-sim/results/formal-v1/batch5/pairs/R00198/left/Main.java,/Users/liuziqi/Documents/西大Graduate/Project_base/Code/Meng_ProjectBased_DetectCodeSimilar/code-sim/results/formal-v1/batch5/pairs/R00198/right/Main.java
R00199,s535041812.java,p02916,/Users/liuziqi/Documents/西大Graduate/Project_base/Code/Meng_ProjectBased_DetectCodeSimilar/code-sim/results/formal-v1/batch5/pairs/R00199/left/Main.java,/Users/liuziqi/Documents/西大Graduate/Project_base/Code/Meng_ProjectBased_DetectCodeSimilar/code-sim/results/formal-v1/batch5/pairs/R00199/right/Main.java
R00200,s772750733.java,p03060,/Users/liuziqi/Documents/西大Graduate/Project_base/Code/Meng_ProjectBased_DetectCodeSimilar/code-sim/results/formal-v1/batch5/pairs/R00200/left/Main.java,/Users/liuziqi/Documents/西大Graduate/Project_base/Code/Meng_ProjectBased_DetectCodeSimilar/code-sim/results/formal-v1/batch5/pairs/R00200/right/Main.java
R00201,s826908643.java,p02628,/Users/liuziqi/Documents/西大Graduate/Project_base/Code/Meng_ProjectBased_DetectCodeSimilar/code-sim/results/formal-v1/batch5/pairs/R00201/left/Main.java,/Users/liuziqi/Documents/西大Graduate/Project_base/Code/Meng_ProjectBased_DetectCodeSimilar/code-sim/results/formal-v1/batch5/pairs/R00201/right/Main.java
R00202,s949693943.java,p03289,/Users/liuziqi/Documents/西大Graduate/Project_base/Code/Meng_ProjectBased_DetectCodeSimilar/code-sim/results/formal-v1/batch5/pairs/R00202/left/Main.java,/Users/liuziqi/Documents/西大Graduate/Project_base/Code/Meng_ProjectBased_DetectCodeSimilar/code-sim/results/formal-v1/batch5/pairs/R00202/right/Main.java
R00203,s144445939.java,p03720,/Users/liuziqi/Documents/西大Graduate/Project_base/Code/Meng_ProjectBased_DetectCodeSimilar/code-sim/results/formal-v1/batch5/pairs/R00203/left/Main.java,/Users/liuziqi/Documents/西大Graduate/Project_base/Code/Meng_ProjectBased_DetectCodeSimilar/code-sim/results/formal-v1/batch5/pairs/R00203/right/Main.java
R00204,s709135057.java,p02571,/Users/liuziqi/Documents/西大Graduate/Project_base/Code/Meng_ProjectBased_DetectCodeSimilar/code-sim/results/formal-v1/batch5/pairs/R00204/left/Main.java,/Users/liuziqi/Documents/西大Graduate/Project_base/Code/Meng_ProjectBased_DetectCodeSimilar/code-sim/results/formal-v1/batch5/pairs/R00204/right/Main.java
R00205,s743039592.java,p02402,/Users/liuziqi/Documents/西大Graduate/Project_base/Code/Meng_ProjectBased_DetectCodeSimilar/code-sim/results/formal-v1/batch5/pairs/R00205/left/Main.java,/Users/liuziqi/Documents/西大Graduate/Project_base/Code/Meng_ProjectBased_DetectCodeSimilar/code-sim/results/formal-v1/batch5/pairs/R00205/right/Main.java
R00206,s135764186.java,p03854,/Users/liuziqi/Documents/西大Graduate/Project_base/Code/Meng_ProjectBased_DetectCodeSimilar/code-sim/results/formal-v1/batch5/pairs/R00206/left/Main.java,/Users/liuziqi/Documents/西大Graduate/Project_base/Code/Meng_ProjectBased_DetectCodeSimilar/code-sim/results/formal-v1/batch5/pairs/R00206/right/Main.java
R00207,s172196273.java,p02693,/Users/liuziqi/Documents/西大Graduate/Project_base/Code/Meng_ProjectBased_DetectCodeSimilar/code-sim/results/formal-v1/batch5/pairs/R00207/left/Main.java,/Users/liuziqi/Documents/西大Graduate/Project_base/Code/Meng_ProjectBased_DetectCodeSimilar/code-sim/results/formal-v1/batch5/pairs/R00207/right/Main.java
R00208,s556204533.java,p03060,/Users/liuziqi/Documents/西大Graduate/Project_base/Code/Meng_ProjectBased_DetectCodeSimilar/code-sim/results/formal-v1/batch5/pairs/R00208/left/Main.java,/Users/liuziqi/Documents/西大Graduate/Project_base/Code/Meng_ProjectBased_DetectCodeSimilar/code-sim/results/formal-v1/batch5/pairs/R00208/right/Main.java
R00209,s289057694.java,p02898,/Users/liuziqi/Documents/西大Graduate/Project_base/Code/Meng_ProjectBased_DetectCodeSimilar/code-sim/results/formal-v1/batch5/pairs/R00209/left/Main.java,/Users/liuziqi/Documents/西大Graduate/Project_base/Code/Meng_ProjectBased_DetectCodeSimilar/code-sim/results/formal-v1/batch5/pairs/R00209/right/Main.java
R00210,s982793892.java,p02658,/Users/liuziqi/Documents/西大Graduate/Project_base/Code/Meng_ProjectBased_DetectCodeSimilar/code-sim/results/formal-v1/batch5/pairs/R00210/left/Main.java,/Users/liuziqi/Documents/西大Graduate/Project_base/Code/Meng_ProjectBased_DetectCodeSimilar/code-sim/results/formal-v1/batch5/pairs/R00210/right/Main.java
R00211,s311154069.java,p03087,/Users/liuziqi/Documents/西大Graduate/Project_base/Code/Meng_ProjectBased_DetectCodeSimilar/code-sim/results/formal-v1/batch5/pairs/R00211/left/Main.java,/Users/liuziqi/Documents/西大Graduate/Project_base/Code/Meng_ProjectBased_DetectCodeSimilar/code-sim/results/formal-v1/batch5/pairs/R00211/right/Main.java
R00212,s512460031.java,p02791,/Users/liuziqi/Documents/西大Graduate/Project_base/Code/Meng_ProjectBased_DetectCodeSimilar/code-sim/results/formal-v1/batch5/pairs/R00212/left/Main.java,/Users/liuziqi/Documents/西大Graduate/Project_base/Code/Meng_ProjectBased_DetectCodeSimilar/code-sim/results/formal-v1/batch5/pairs/R00212/right/Main.java
R00213,s221158156.java,p02553,/Users/liuziqi/Documents/西大Graduate/Project_base/Code/Meng_ProjectBased_DetectCodeSimilar/code-sim/results/formal-v1/batch5/pairs/R00213/left/Main.java,/Users/liuziqi/Documents/西大Graduate/Project_base/Code/Meng_ProjectBased_DetectCodeSimilar/code-sim/results/formal-v1/batch5/pairs/R00213/right/Main.java
R00214,s766052965.java,p02268,/Users/liuziqi/Documents/西大Graduate/Project_base/Code/Meng_ProjectBased_DetectCodeSimilar/code-sim/results/formal-v1/batch5/pairs/R00214/left/Main.java,/Users/liuziqi/Documents/西大Graduate/Project_base/Code/Meng_ProjectBased_DetectCodeSimilar/code-sim/results/formal-v1/batch5/pairs/R00214/right/Main.java
R00215,s384269909.java,p03352,/Users/liuziqi/Documents/西大Graduate/Project_base/Code/Meng_ProjectBased_DetectCodeSimilar/code-sim/results/formal-v1/batch5/pairs/R00215/left/Main.java,/Users/liuziqi/Documents/西大Graduate/Project_base/Code/Meng_ProjectBased_DetectCodeSimilar/code-sim/results/formal-v1/batch5/pairs/R00215/right/Main.java
R00216,s538892732.java,p02922,/Users/liuziqi/Documents/西大Graduate/Project_base/Code/Meng_ProjectBased_DetectCodeSimilar/code-sim/results/formal-v1/batch5/pairs/R00216/left/Main.java,/Users/liuziqi/Documents/西大Graduate/Project_base/Code/Meng_ProjectBased_DetectCodeSimilar/code-sim/results/formal-v1/batch5/pairs/R00216/right/Main.java
R00217,s192622900.java,p03474,/Users/liuziqi/Documents/西大Graduate/Project_base/Code/Meng_ProjectBased_DetectCodeSimilar/code-sim/results/formal-v1/batch5/pairs/R00217/left/Main.java,/Users/liuziqi/Documents/西大Graduate/Project_base/Code/Meng_ProjectBased_DetectCodeSimilar/code-sim/results/formal-v1/batch5/pairs/R00217/right/Main.java
R00218,s862411429.java,p02410,/Users/liuziqi/Documents/西大Graduate/Project_base/Code/Meng_ProjectBased_DetectCodeSimilar/code-sim/results/formal-v1/batch5/pairs/R00218/left/Main.java,/Users/liuziqi/Documents/西大Graduate/Project_base/Code/Meng_ProjectBased_DetectCodeSimilar/code-sim/results/formal-v1/batch5/pairs/R00218/right/Main.java
R00219,s612257919.java,p02923,/Users/liuziqi/Documents/西大Graduate/Project_base/Code/Meng_ProjectBased_DetectCodeSimilar/code-sim/results/formal-v1/batch5/pairs/R00219/left/Main.java,/Users/liuziqi/Documents/西大Graduate/Project_base/Code/Meng_ProjectBased_DetectCodeSimilar/code-sim/results/formal-v1/batch5/pairs/R00219/right/Main.java
R00220,s553865382.java,p02402,/Users/liuziqi/Documents/西大Graduate/Project_base/Code/Meng_ProjectBased_DetectCodeSimilar/code-sim/results/formal-v1/batch5/pairs/R00220/left/Main.java,/Users/liuziqi/Documents/西大Graduate/Project_base/Code/Meng_ProjectBased_DetectCodeSimilar/code-sim/results/formal-v1/batch5/pairs/R00220/right/Main.java
R00221,s806419608.java,p02786,/Users/liuziqi/Documents/西大Graduate/Project_base/Code/Meng_ProjectBased_DetectCodeSimilar/code-sim/results/formal-v1/batch5/pairs/R00221/left/Main.java,/Users/liuziqi/Documents/西大Graduate/Project_base/Code/Meng_ProjectBased_DetectCodeSimilar/code-sim/results/formal-v1/batch5/pairs/R00221/right/Main.java
R00222,s288702708.java,p02923,/Users/liuziqi/Documents/西大Graduate/Project_base/Code/Meng_ProjectBased_DetectCodeSimilar/code-sim/results/formal-v1/batch5/pairs/R00222/left/Main.java,/Users/liuziqi/Documents/西大Graduate/Project_base/Code/Meng_ProjectBased_DetectCodeSimilar/code-sim/results/formal-v1/batch5/pairs/R00222/right/Main.java
R00223,s912642129.java,p03075,/Users/liuziqi/Documents/西大Graduate/Project_base/Code/Meng_ProjectBased_DetectCodeSimilar/code-sim/results/formal-v1/batch5/pairs/R00223/left/Main.java,/Users/liuziqi/Documents/西大Graduate/Project_base/Code/Meng_ProjectBased_DetectCodeSimilar/code-sim/results/formal-v1/batch5/pairs/R00223/right/Main.java
R00224,s460218196.java,p02953,/Users/liuziqi/Documents/西大Graduate/Project_base/Code/Meng_ProjectBased_DetectCodeSimilar/code-sim/results/formal-v1/batch5/pairs/R00224/left/Main.java,/Users/liuziqi/Documents/西大Graduate/Project_base/Code/Meng_ProjectBased_DetectCodeSimilar/code-sim/results/formal-v1/batch5/pairs/R00224/right/Main.java
R00225,s602112730.java,p03060,/Users/liuziqi/Documents/西大Graduate/Project_base/Code/Meng_ProjectBased_DetectCodeSimilar/code-sim/results/formal-v1/batch5/pairs/R00225/left/Main.java,/Users/liuziqi/Documents/西大Graduate/Project_base/Code/Meng_ProjectBased_DetectCodeSimilar/code-sim/results/formal-v1/batch5/pairs/R00225/right/Main.java
R00226,s798845272.java,p04012,/Users/liuziqi/Documents/西大Graduate/Project_base/Code/Meng_ProjectBased_DetectCodeSimilar/code-sim/results/formal-v1/batch5/pairs/R00226/left/Main.java,/Users/liuziqi/Documents/西大Graduate/Project_base/Code/Meng_ProjectBased_DetectCodeSimilar/code-sim/results/formal-v1/batch5/pairs/R00226/right/Main.java
R00227,s767524517.java,p02921,/Users/liuziqi/Documents/西大Graduate/Project_base/Code/Meng_ProjectBased_DetectCodeSimilar/code-sim/results/formal-v1/batch5/pairs/R00227/left/Main.java,/Users/liuziqi/Documents/西大Graduate/Project_base/Code/Meng_ProjectBased_DetectCodeSimilar/code-sim/results/formal-v1/batch5/pairs/R00227/right/Main.java
R00228,s504929949.java,p02916,/Users/liuziqi/Documents/西大Graduate/Project_base/Code/Meng_ProjectBased_DetectCodeSimilar/code-sim/results/formal-v1/batch5/pairs/R00228/left/Main.java,/Users/liuziqi/Documents/西大Graduate/Project_base/Code/Meng_ProjectBased_DetectCodeSimilar/code-sim/results/formal-v1/batch5/pairs/R00228/right/Main.java
R00229,s652992207.java,p02260,/Users/liuziqi/Documents/西大Graduate/Project_base/Code/Meng_ProjectBased_DetectCodeSimilar/code-sim/results/formal-v1/batch5/pairs/R00229/left/Main.java,/Users/liuziqi/Documents/西大Graduate/Project_base/Code/Meng_ProjectBased_DetectCodeSimilar/code-sim/results/formal-v1/batch5/pairs/R00229/right/Main.java
R00230,s431300719.java,p03632,/Users/liuziqi/Documents/西大Graduate/Project_base/Code/Meng_ProjectBased_DetectCodeSimilar/code-sim/results/formal-v1/batch5/pairs/R00230/left/Main.java,/Users/liuziqi/Documents/西大Graduate/Project_base/Code/Meng_ProjectBased_DetectCodeSimilar/code-sim/results/formal-v1/batch5/pairs/R00230/right/Main.java
R00231,s258696962.java,p00001,/Users/liuziqi/Documents/西大Graduate/Project_base/Code/Meng_ProjectBased_DetectCodeSimilar/code-sim/results/formal-v1/batch5/pairs/R00231/left/Main.java,/Users/liuziqi/Documents/西大Graduate/Project_base/Code/Meng_ProjectBased_DetectCodeSimilar/code-sim/results/formal-v1/batch5/pairs/R00231/right/Main.java
R00232,s446250235.java,p03434,/Users/liuziqi/Documents/西大Graduate/Project_base/Code/Meng_ProjectBased_DetectCodeSimilar/code-sim/results/formal-v1/batch5/pairs/R00232/left/Main.java,/Users/liuziqi/Documents/西大Graduate/Project_base/Code/Meng_ProjectBased_DetectCodeSimilar/code-sim/results/formal-v1/batch5/pairs/R00232/right/Main.java
R00233,s024497046.java,p02677,/Users/liuziqi/Documents/西大Graduate/Project_base/Code/Meng_ProjectBased_DetectCodeSimilar/code-sim/results/formal-v1/batch5/pairs/R00233/left/Main.java,/Users/liuziqi/Documents/西大Graduate/Project_base/Code/Meng_ProjectBased_DetectCodeSimilar/code-sim/results/formal-v1/batch5/pairs/R00233/right/Main.java
R00234,s581314602.java,p03012,/Users/liuziqi/Documents/西大Graduate/Project_base/Code/Meng_ProjectBased_DetectCodeSimilar/code-sim/results/formal-v1/batch5/pairs/R00234/left/Main.java,/Users/liuziqi/Documents/西大Graduate/Project_base/Code/Meng_ProjectBased_DetectCodeSimilar/code-sim/results/formal-v1/batch5/pairs/R00234/right/Main.java
R00235,s849292413.java,p02713,/Users/liuziqi/Documents/西大Graduate/Project_base/Code/Meng_ProjectBased_DetectCodeSimilar/code-sim/results/formal-v1/batch5/pairs/R00235/left/Main.java,/Users/liuziqi/Documents/西大Graduate/Project_base/Code/Meng_ProjectBased_DetectCodeSimilar/code-sim/results/formal-v1/batch5/pairs/R00235/right/Main.java
R00236,s139022970.java,p00011,/Users/liuziqi/Documents/西大Graduate/Project_base/Code/Meng_ProjectBased_DetectCodeSimilar/code-sim/results/formal-v1/batch5/pairs/R00236/left/Main.java,/Users/liuziqi/Documents/西大Graduate/Project_base/Code/Meng_ProjectBased_DetectCodeSimilar/code-sim/results/formal-v1/batch5/pairs/R00236/right/Main.java
R00237,s929860038.java,p03695,/Users/liuziqi/Documents/西大Graduate/Project_base/Code/Meng_ProjectBased_DetectCodeSimilar/code-sim/results/formal-v1/batch5/pairs/R00237/left/Main.java,/Users/liuziqi/Documents/西大Graduate/Project_base/Code/Meng_ProjectBased_DetectCodeSimilar/code-sim/results/formal-v1/batch5/pairs/R00237/right/Main.java
R00238,s539163479.java,p02629,/Users/liuziqi/Documents/西大Graduate/Project_base/Code/Meng_ProjectBased_DetectCodeSimilar/code-sim/results/formal-v1/batch5/pairs/R00238/left/Main.java,/Users/liuziqi/Documents/西大Graduate/Project_base/Code/Meng_ProjectBased_DetectCodeSimilar/code-sim/results/formal-v1/batch5/pairs/R00238/right/Main.java
R00239,s828249491.java,p02707,/Users/liuziqi/Documents/西大Graduate/Project_base/Code/Meng_ProjectBased_DetectCodeSimilar/code-sim/results/formal-v1/batch5/pairs/R00239/left/Main.java,/Users/liuziqi/Documents/西大Graduate/Project_base/Code/Meng_ProjectBased_DetectCodeSimilar/code-sim/results/formal-v1/batch5/pairs/R00239/right/Main.java
R00240,s474450017.java,p02688,/Users/liuziqi/Documents/西大Graduate/Project_base/Code/Meng_ProjectBased_DetectCodeSimilar/code-sim/results/formal-v1/batch5/pairs/R00240/left/Main.java,/Users/liuziqi/Documents/西大Graduate/Project_base/Code/Meng_ProjectBased_DetectCodeSimilar/code-sim/results/formal-v1/batch5/pairs/R00240/right/Main.java
R00241,s228771126.java,p02255,/Users/liuziqi/Documents/西大Graduate/Project_base/Code/Meng_ProjectBased_DetectCodeSimilar/code-sim/results/formal-v1/batch5/pairs/R00241/left/Main.java,/Users/liuziqi/Documents/西大Graduate/Project_base/Code/Meng_ProjectBased_DetectCodeSimilar/code-sim/results/formal-v1/batch5/pairs/R00241/right/Main.java
R00242,s950596686.java,p02260,/Users/liuziqi/Documents/西大Graduate/Project_base/Code/Meng_ProjectBased_DetectCodeSimilar/code-sim/results/formal-v1/batch5/pairs/R00242/left/Main.java,/Users/liuziqi/Documents/西大Graduate/Project_base/Code/Meng_ProjectBased_DetectCodeSimilar/code-sim/results/formal-v1/batch5/pairs/R00242/right/Main.java
R00243,s142179505.java,p03161,/Users/liuziqi/Documents/西大Graduate/Project_base/Code/Meng_ProjectBased_DetectCodeSimilar/code-sim/results/formal-v1/batch5/pairs/R00243/left/Main.java,/Users/liuziqi/Documents/西大Graduate/Project_base/Code/Meng_ProjectBased_DetectCodeSimilar/code-sim/results/formal-v1/batch5/pairs/R00243/right/Main.java
R00244,s953376338.java,p02264,/Users/liuziqi/Documents/西大Graduate/Project_base/Code/Meng_ProjectBased_DetectCodeSimilar/code-sim/results/formal-v1/batch5/pairs/R00244/left/Main.java,/Users/liuziqi/Documents/西大Graduate/Project_base/Code/Meng_ProjectBased_DetectCodeSimilar/code-sim/results/formal-v1/batch5/pairs/R00244/right/Main.java
R00245,s732559725.java,p02682,/Users/liuziqi/Documents/西大Graduate/Project_base/Code/Meng_ProjectBased_DetectCodeSimilar/code-sim/results/formal-v1/batch5/pairs/R00245/left/Main.java,/Users/liuziqi/Documents/西大Graduate/Project_base/Code/Meng_ProjectBased_DetectCodeSimilar/code-sim/results/formal-v1/batch5/pairs/R00245/right/Main.java
R00246,s389228427.java,p03087,/Users/liuziqi/Documents/西大Graduate/Project_base/Code/Meng_ProjectBased_DetectCodeSimilar/code-sim/results/formal-v1/batch5/pairs/R00246/left/Main.java,/Users/liuziqi/Documents/西大Graduate/Project_base/Code/Meng_ProjectBased_DetectCodeSimilar/code-sim/results/formal-v1/batch5/pairs/R00246/right/Main.java
R00247,s036085039.java,p02693,/Users/liuziqi/Documents/西大Graduate/Project_base/Code/Meng_ProjectBased_DetectCodeSimilar/code-sim/results/formal-v1/batch5/pairs/R00247/left/Main.java,/Users/liuziqi/Documents/西大Graduate/Project_base/Code/Meng_ProjectBased_DetectCodeSimilar/code-sim/results/formal-v1/batch5/pairs/R00247/right/Main.java
R00248,s213449518.java,p03998,/Users/liuziqi/Documents/西大Graduate/Project_base/Code/Meng_ProjectBased_DetectCodeSimilar/code-sim/results/formal-v1/batch5/pairs/R00248/left/Main.java,/Users/liuziqi/Documents/西大Graduate/Project_base/Code/Meng_ProjectBased_DetectCodeSimilar/code-sim/results/formal-v1/batch5/pairs/R00248/right/Main.java
R00249,s298853961.java,p02659,/Users/liuziqi/Documents/西大Graduate/Project_base/Code/Meng_ProjectBased_DetectCodeSimilar/code-sim/results/formal-v1/batch5/pairs/R00249/left/Main.java,/Users/liuziqi/Documents/西大Graduate/Project_base/Code/Meng_ProjectBased_DetectCodeSimilar/code-sim/results/formal-v1/batch5/pairs/R00249/right/Main.java
R00250,s873132034.java,p02707,/Users/liuziqi/Documents/西大Graduate/Project_base/Code/Meng_ProjectBased_DetectCodeSimilar/code-sim/results/formal-v1/batch5/pairs/R00250/left/Main.java,/Users/liuziqi/Documents/西大Graduate/Project_base/Code/Meng_ProjectBased_DetectCodeSimilar/code-sim/results/formal-v1/batch5/pairs/R00250/right/Main.java
R00251,s190480337.java,p02835,/Users/liuziqi/Documents/西大Graduate/Project_base/Code/Meng_ProjectBased_DetectCodeSimilar/code-sim/results/formal-v1/batch5/pairs/R00251/left/Main.java,/Users/liuziqi/Documents/西大Graduate/Project_base/Code/Meng_ProjectBased_DetectCodeSimilar/code-sim/results/formal-v1/batch5/pairs/R00251/right/Main.java
R00252,s986150446.java,p02410,/Users/liuziqi/Documents/西大Graduate/Project_base/Code/Meng_ProjectBased_DetectCodeSimilar/code-sim/results/formal-v1/batch5/pairs/R00252/left/Main.java,/Users/liuziqi/Documents/西大Graduate/Project_base/Code/Meng_ProjectBased_DetectCodeSimilar/code-sim/results/formal-v1/batch5/pairs/R00252/right/Main.java
R00253,s503156770.java,p02887,/Users/liuziqi/Documents/西大Graduate/Project_base/Code/Meng_ProjectBased_DetectCodeSimilar/code-sim/results/formal-v1/batch5/pairs/R00253/left/Main.java,/Users/liuziqi/Documents/西大Graduate/Project_base/Code/Meng_ProjectBased_DetectCodeSimilar/code-sim/results/formal-v1/batch5/pairs/R00253/right/Main.java
R00254,s597731236.java,p02935,/Users/liuziqi/Documents/西大Graduate/Project_base/Code/Meng_ProjectBased_DetectCodeSimilar/code-sim/results/formal-v1/batch5/pairs/R00254/left/Main.java,/Users/liuziqi/Documents/西大Graduate/Project_base/Code/Meng_ProjectBased_DetectCodeSimilar/code-sim/results/formal-v1/batch5/pairs/R00254/right/Main.java
R00255,s263451263.java,p02613,/Users/liuziqi/Documents/西大Graduate/Project_base/Code/Meng_ProjectBased_DetectCodeSimilar/code-sim/results/formal-v1/batch5/pairs/R00255/left/Main.java,/Users/liuziqi/Documents/西大Graduate/Project_base/Code/Meng_ProjectBased_DetectCodeSimilar/code-sim/results/formal-v1/batch5/pairs/R00255/right/Main.java
R00256,s815336249.java,p02772,/Users/liuziqi/Documents/西大Graduate/Project_base/Code/Meng_ProjectBased_DetectCodeSimilar/code-sim/results/formal-v1/batch5/pairs/R00256/left/Main.java,/Users/liuziqi/Documents/西大Graduate/Project_base/Code/Meng_ProjectBased_DetectCodeSimilar/code-sim/results/formal-v1/batch5/pairs/R00256/right/Main.java
R00257,s654143694.java,p02676,/Users/liuziqi/Documents/西大Graduate/Project_base/Code/Meng_ProjectBased_DetectCodeSimilar/code-sim/results/formal-v1/batch5/pairs/R00257/left/Main.java,/Users/liuziqi/Documents/西大Graduate/Project_base/Code/Meng_ProjectBased_DetectCodeSimilar/code-sim/results/formal-v1/batch5/pairs/R00257/right/Main.java
R00258,s046500734.java,p02911,/Users/liuziqi/Documents/西大Graduate/Project_base/Code/Meng_ProjectBased_DetectCodeSimilar/code-sim/results/formal-v1/batch5/pairs/R00258/left/Main.java,/Users/liuziqi/Documents/西大Graduate/Project_base/Code/Meng_ProjectBased_DetectCodeSimilar/code-sim/results/formal-v1/batch5/pairs/R00258/right/Main.java
R00259,s257818743.java,p02922,/Users/liuziqi/Documents/西大Graduate/Project_base/Code/Meng_ProjectBased_DetectCodeSimilar/code-sim/results/formal-v1/batch5/pairs/R00259/left/Main.java,/Users/liuziqi/Documents/西大Graduate/Project_base/Code/Meng_ProjectBased_DetectCodeSimilar/code-sim/results/formal-v1/batch5/pairs/R00259/right/Main.java
R00260,s950924131.java,p02264,/Users/liuziqi/Documents/西大Graduate/Project_base/Code/Meng_ProjectBased_DetectCodeSimilar/code-sim/results/formal-v1/batch5/pairs/R00260/left/Main.java,/Users/liuziqi/Documents/西大Graduate/Project_base/Code/Meng_ProjectBased_DetectCodeSimilar/code-sim/results/formal-v1/batch5/pairs/R00260/right/Main.java
R00261,s529231981.java,p02693,/Users/liuziqi/Documents/西大Graduate/Project_base/Code/Meng_ProjectBased_DetectCodeSimilar/code-sim/results/formal-v1/batch5/pairs/R00261/left/Main.java,/Users/liuziqi/Documents/西大Graduate/Project_base/Code/Meng_ProjectBased_DetectCodeSimilar/code-sim/results/formal-v1/batch5/pairs/R00261/right/Main.java
R00262,s153518148.java,p02987,/Users/liuziqi/Documents/西大Graduate/Project_base/Code/Meng_ProjectBased_DetectCodeSimilar/code-sim/results/formal-v1/batch5/pairs/R00262/left/Main.java,/Users/liuziqi/Documents/西大Graduate/Project_base/Code/Meng_ProjectBased_DetectCodeSimilar/code-sim/results/formal-v1/batch5/pairs/R00262/right/Main.java
R00263,s560955602.java,p02957,/Users/liuziqi/Documents/西大Graduate/Project_base/Code/Meng_ProjectBased_DetectCodeSimilar/code-sim/results/formal-v1/batch5/pairs/R00263/left/Main.java,/Users/liuziqi/Documents/西大Graduate/Project_base/Code/Meng_ProjectBased_DetectCodeSimilar/code-sim/results/formal-v1/batch5/pairs/R00263/right/Main.java
R00264,s616886385.java,p02701,/Users/liuziqi/Documents/西大Graduate/Project_base/Code/Meng_ProjectBased_DetectCodeSimilar/code-sim/results/formal-v1/batch5/pairs/R00264/left/Main.java,/Users/liuziqi/Documents/西大Graduate/Project_base/Code/Meng_ProjectBased_DetectCodeSimilar/code-sim/results/formal-v1/batch5/pairs/R00264/right/Main.java
R00265,s713613394.java,p02404,/Users/liuziqi/Documents/西大Graduate/Project_base/Code/Meng_ProjectBased_DetectCodeSimilar/code-sim/results/formal-v1/batch5/pairs/R00265/left/Main.java,/Users/liuziqi/Documents/西大Graduate/Project_base/Code/Meng_ProjectBased_DetectCodeSimilar/code-sim/results/formal-v1/batch5/pairs/R00265/right/Main.java
R00266,s999243345.java,p02718,/Users/liuziqi/Documents/西大Graduate/Project_base/Code/Meng_ProjectBased_DetectCodeSimilar/code-sim/results/formal-v1/batch5/pairs/R00266/left/Main.java,/Users/liuziqi/Documents/西大Graduate/Project_base/Code/Meng_ProjectBased_DetectCodeSimilar/code-sim/results/formal-v1/batch5/pairs/R00266/right/Main.java
R00267,s485303111.java,p03161,/Users/liuziqi/Documents/西大Graduate/Project_base/Code/Meng_ProjectBased_DetectCodeSimilar/code-sim/results/formal-v1/batch5/pairs/R00267/left/Main.java,/Users/liuziqi/Documents/西大Graduate/Project_base/Code/Meng_ProjectBased_DetectCodeSimilar/code-sim/results/formal-v1/batch5/pairs/R00267/right/Main.java
R00268,s111765182.java,p03060,/Users/liuziqi/Documents/西大Graduate/Project_base/Code/Meng_ProjectBased_DetectCodeSimilar/code-sim/results/formal-v1/batch5/pairs/R00268/left/Main.java,/Users/liuziqi/Documents/西大Graduate/Project_base/Code/Meng_ProjectBased_DetectCodeSimilar/code-sim/results/formal-v1/batch5/pairs/R00268/right/Main.java
R00269,s757154208.java,p03076,/Users/liuziqi/Documents/西大Graduate/Project_base/Code/Meng_ProjectBased_DetectCodeSimilar/code-sim/results/formal-v1/batch5/pairs/R00269/left/Main.java,/Users/liuziqi/Documents/西大Graduate/Project_base/Code/Meng_ProjectBased_DetectCodeSimilar/code-sim/results/formal-v1/batch5/pairs/R00269/right/Main.java
R00270,s837192088.java,p02848,/Users/liuziqi/Documents/西大Graduate/Project_base/Code/Meng_ProjectBased_DetectCodeSimilar/code-sim/results/formal-v1/batch5/pairs/R00270/left/Main.java,/Users/liuziqi/Documents/西大Graduate/Project_base/Code/Meng_ProjectBased_DetectCodeSimilar/code-sim/results/formal-v1/batch5/pairs/R00270/right/Main.java
R00271,s146085569.java,p02879,/Users/liuziqi/Documents/西大Graduate/Project_base/Code/Meng_ProjectBased_DetectCodeSimilar/code-sim/results/formal-v1/batch5/pairs/R00271/left/Main.java,/Users/liuziqi/Documents/西大Graduate/Project_base/Code/Meng_ProjectBased_DetectCodeSimilar/code-sim/results/formal-v1/batch5/pairs/R00271/right/Main.java
R00272,s972548915.java,p02802,/Users/liuziqi/Documents/西大Graduate/Project_base/Code/Meng_ProjectBased_DetectCodeSimilar/code-sim/results/formal-v1/batch5/pairs/R00272/left/Main.java,/Users/liuziqi/Documents/西大Graduate/Project_base/Code/Meng_ProjectBased_DetectCodeSimilar/code-sim/results/formal-v1/batch5/pairs/R00272/right/Main.java
R00273,s487041062.java,p02779,/Users/liuziqi/Documents/西大Graduate/Project_base/Code/Meng_ProjectBased_DetectCodeSimilar/code-sim/results/formal-v1/batch5/pairs/R00273/left/Main.java,/Users/liuziqi/Documents/西大Graduate/Project_base/Code/Meng_ProjectBased_DetectCodeSimilar/code-sim/results/formal-v1/batch5/pairs/R00273/right/Main.java
R00274,s289356343.java,p02785,/Users/liuziqi/Documents/西大Graduate/Project_base/Code/Meng_ProjectBased_DetectCodeSimilar/code-sim/results/formal-v1/batch5/pairs/R00274/left/Main.java,/Users/liuziqi/Documents/西大Graduate/Project_base/Code/Meng_ProjectBased_DetectCodeSimilar/code-sim/results/formal-v1/batch5/pairs/R00274/right/Main.java
R00275,s470053186.java,p03220,/Users/liuziqi/Documents/西大Graduate/Project_base/Code/Meng_ProjectBased_DetectCodeSimilar/code-sim/results/formal-v1/batch5/pairs/R00275/left/Main.java,/Users/liuziqi/Documents/西大Graduate/Project_base/Code/Meng_ProjectBased_DetectCodeSimilar/code-sim/results/formal-v1/batch5/pairs/R00275/right/Main.java
R00276,s271836792.java,p02730,/Users/liuziqi/Documents/西大Graduate/Project_base/Code/Meng_ProjectBased_DetectCodeSimilar/code-sim/results/formal-v1/batch5/pairs/R00276/left/Main.java,/Users/liuziqi/Documents/西大Graduate/Project_base/Code/Meng_ProjectBased_DetectCodeSimilar/code-sim/results/formal-v1/batch5/pairs/R00276/right/Main.java
R00277,s972731653.java,p02402,/Users/liuziqi/Documents/西大Graduate/Project_base/Code/Meng_ProjectBased_DetectCodeSimilar/code-sim/results/formal-v1/batch5/pairs/R00277/left/Main.java,/Users/liuziqi/Documents/西大Graduate/Project_base/Code/Meng_ProjectBased_DetectCodeSimilar/code-sim/results/formal-v1/batch5/pairs/R00277/right/Main.java
R00278,s078625250.java,p03126,/Users/liuziqi/Documents/西大Graduate/Project_base/Code/Meng_ProjectBased_DetectCodeSimilar/code-sim/results/formal-v1/batch5/pairs/R00278/left/Main.java,/Users/liuziqi/Documents/西大Graduate/Project_base/Code/Meng_ProjectBased_DetectCodeSimilar/code-sim/results/formal-v1/batch5/pairs/R00278/right/Main.java
R00279,s521837215.java,p04030,/Users/liuziqi/Documents/西大Graduate/Project_base/Code/Meng_ProjectBased_DetectCodeSimilar/code-sim/results/formal-v1/batch5/pairs/R00279/left/Main.java,/Users/liuziqi/Documents/西大Graduate/Project_base/Code/Meng_ProjectBased_DetectCodeSimilar/code-sim/results/formal-v1/batch5/pairs/R00279/right/Main.java
R00280,s664095221.java,p03371,/Users/liuziqi/Documents/西大Graduate/Project_base/Code/Meng_ProjectBased_DetectCodeSimilar/code-sim/results/formal-v1/batch5/pairs/R00280/left/Main.java,/Users/liuziqi/Documents/西大Graduate/Project_base/Code/Meng_ProjectBased_DetectCodeSimilar/code-sim/results/formal-v1/batch5/pairs/R00280/right/Main.java
R00281,s897762577.java,p02641,/Users/liuziqi/Documents/西大Graduate/Project_base/Code/Meng_ProjectBased_DetectCodeSimilar/code-sim/results/formal-v1/batch5/pairs/R00281/left/Main.java,/Users/liuziqi/Documents/西大Graduate/Project_base/Code/Meng_ProjectBased_DetectCodeSimilar/code-sim/results/formal-v1/batch5/pairs/R00281/right/Main.java
R00282,s669532232.java,p03695,/Users/liuziqi/Documents/西大Graduate/Project_base/Code/Meng_ProjectBased_DetectCodeSimilar/code-sim/results/formal-v1/batch5/pairs/R00282/left/Main.java,/Users/liuziqi/Documents/西大Graduate/Project_base/Code/Meng_ProjectBased_DetectCodeSimilar/code-sim/results/formal-v1/batch5/pairs/R00282/right/Main.java
R00283,s875171333.java,p02916,/Users/liuziqi/Documents/西大Graduate/Project_base/Code/Meng_ProjectBased_DetectCodeSimilar/code-sim/results/formal-v1/batch5/pairs/R00283/left/Main.java,/Users/liuziqi/Documents/西大Graduate/Project_base/Code/Meng_ProjectBased_DetectCodeSimilar/code-sim/results/formal-v1/batch5/pairs/R00283/right/Main.java
R00284,s649289846.java,p02982,/Users/liuziqi/Documents/西大Graduate/Project_base/Code/Meng_ProjectBased_DetectCodeSimilar/code-sim/results/formal-v1/batch5/pairs/R00284/left/Main.java,/Users/liuziqi/Documents/西大Graduate/Project_base/Code/Meng_ProjectBased_DetectCodeSimilar/code-sim/results/formal-v1/batch5/pairs/R00284/right/Main.java
R00285,s813702598.java,p02922,/Users/liuziqi/Documents/西大Graduate/Project_base/Code/Meng_ProjectBased_DetectCodeSimilar/code-sim/results/formal-v1/batch5/pairs/R00285/left/Main.java,/Users/liuziqi/Documents/西大Graduate/Project_base/Code/Meng_ProjectBased_DetectCodeSimilar/code-sim/results/formal-v1/batch5/pairs/R00285/right/Main.java
R00286,s282132951.java,p03001,/Users/liuziqi/Documents/西大Graduate/Project_base/Code/Meng_ProjectBased_DetectCodeSimilar/code-sim/results/formal-v1/batch5/pairs/R00286/left/Main.java,/Users/liuziqi/Documents/西大Graduate/Project_base/Code/Meng_ProjectBased_DetectCodeSimilar/code-sim/results/formal-v1/batch5/pairs/R00286/right/Main.java
R00287,s169891232.java,p02628,/Users/liuziqi/Documents/西大Graduate/Project_base/Code/Meng_ProjectBased_DetectCodeSimilar/code-sim/results/formal-v1/batch5/pairs/R00287/left/Main.java,/Users/liuziqi/Documents/西大Graduate/Project_base/Code/Meng_ProjectBased_DetectCodeSimilar/code-sim/results/formal-v1/batch5/pairs/R00287/right/Main.java
R00288,s567844333.java,p03775,/Users/liuziqi/Documents/西大Graduate/Project_base/Code/Meng_ProjectBased_DetectCodeSimilar/code-sim/results/formal-v1/batch5/pairs/R00288/left/Main.java,/Users/liuziqi/Documents/西大Graduate/Project_base/Code/Meng_ProjectBased_DetectCodeSimilar/code-sim/results/formal-v1/batch5/pairs/R00288/right/Main.java
R00289,s331044014.java,p02957,/Users/liuziqi/Documents/西大Graduate/Project_base/Code/Meng_ProjectBased_DetectCodeSimilar/code-sim/results/formal-v1/batch5/pairs/R00289/left/Main.java,/Users/liuziqi/Documents/西大Graduate/Project_base/Code/Meng_ProjectBased_DetectCodeSimilar/code-sim/results/formal-v1/batch5/pairs/R00289/right/Main.java
R00290,s106585932.java,p02791,/Users/liuziqi/Documents/西大Graduate/Project_base/Code/Meng_ProjectBased_DetectCodeSimilar/code-sim/results/formal-v1/batch5/pairs/R00290/left/Main.java,/Users/liuziqi/Documents/西大Graduate/Project_base/Code/Meng_ProjectBased_DetectCodeSimilar/code-sim/results/formal-v1/batch5/pairs/R00290/right/Main.java
R00291,s454096435.java,p02935,/Users/liuziqi/Documents/西大Graduate/Project_base/Code/Meng_ProjectBased_DetectCodeSimilar/code-sim/results/formal-v1/batch5/pairs/R00291/left/Main.java,/Users/liuziqi/Documents/西大Graduate/Project_base/Code/Meng_ProjectBased_DetectCodeSimilar/code-sim/results/formal-v1/batch5/pairs/R00291/right/Main.java
R00292,s181911457.java,p02553,/Users/liuziqi/Documents/西大Graduate/Project_base/Code/Meng_ProjectBased_DetectCodeSimilar/code-sim/results/formal-v1/batch5/pairs/R00292/left/Main.java,/Users/liuziqi/Documents/西大Graduate/Project_base/Code/Meng_ProjectBased_DetectCodeSimilar/code-sim/results/formal-v1/batch5/pairs/R00292/right/Main.java
R00293,s941202683.java,p02707,/Users/liuziqi/Documents/西大Graduate/Project_base/Code/Meng_ProjectBased_DetectCodeSimilar/code-sim/results/formal-v1/batch5/pairs/R00293/left/Main.java,/Users/liuziqi/Documents/西大Graduate/Project_base/Code/Meng_ProjectBased_DetectCodeSimilar/code-sim/results/formal-v1/batch5/pairs/R00293/right/Main.java
R00294,s346308710.java,p03854,/Users/liuziqi/Documents/西大Graduate/Project_base/Code/Meng_ProjectBased_DetectCodeSimilar/code-sim/results/formal-v1/batch5/pairs/R00294/left/Main.java,/Users/liuziqi/Documents/西大Graduate/Project_base/Code/Meng_ProjectBased_DetectCodeSimilar/code-sim/results/formal-v1/batch5/pairs/R00294/right/Main.java
R00295,s155295183.java,p02897,/Users/liuziqi/Documents/西大Graduate/Project_base/Code/Meng_ProjectBased_DetectCodeSimilar/code-sim/results/formal-v1/batch5/pairs/R00295/left/Main.java,/Users/liuziqi/Documents/西大Graduate/Project_base/Code/Meng_ProjectBased_DetectCodeSimilar/code-sim/results/formal-v1/batch5/pairs/R00295/right/Main.java
R00296,s136846534.java,p02946,/Users/liuziqi/Documents/西大Graduate/Project_base/Code/Meng_ProjectBased_DetectCodeSimilar/code-sim/results/formal-v1/batch5/pairs/R00296/left/Main.java,/Users/liuziqi/Documents/西大Graduate/Project_base/Code/Meng_ProjectBased_DetectCodeSimilar/code-sim/results/formal-v1/batch5/pairs/R00296/right/Main.java
R00297,s253052489.java,p02547,/Users/liuziqi/Documents/西大Graduate/Project_base/Code/Meng_ProjectBased_DetectCodeSimilar/code-sim/results/formal-v1/batch5/pairs/R00297/left/Main.java,/Users/liuziqi/Documents/西大Graduate/Project_base/Code/Meng_ProjectBased_DetectCodeSimilar/code-sim/results/formal-v1/batch5/pairs/R00297/right/Main.java
R00298,s683127151.java,p03107,/Users/liuziqi/Documents/西大Graduate/Project_base/Code/Meng_ProjectBased_DetectCodeSimilar/code-sim/results/formal-v1/batch5/pairs/R00298/left/Main.java,/Users/liuziqi/Documents/西大Graduate/Project_base/Code/Meng_ProjectBased_DetectCodeSimilar/code-sim/results/formal-v1/batch5/pairs/R00298/right/Main.java
R00299,s932862104.java,p02953,/Users/liuziqi/Documents/西大Graduate/Project_base/Code/Meng_ProjectBased_DetectCodeSimilar/code-sim/results/formal-v1/batch5/pairs/R00299/left/Main.java,/Users/liuziqi/Documents/西大Graduate/Project_base/Code/Meng_ProjectBased_DetectCodeSimilar/code-sim/results/formal-v1/batch5/pairs/R00299/right/Main.java
R00300,s797790647.java,p03695,/Users/liuziqi/Documents/西大Graduate/Project_base/Code/Meng_ProjectBased_DetectCodeSimilar/code-sim/results/formal-v1/batch5/pairs/R00300/left/Main.java,/Users/liuziqi/Documents/西大Graduate/Project_base/Code/Meng_ProjectBased_DetectCodeSimilar/code-sim/results/formal-v1/batch5/pairs/R00300/right/Main.java
R00301,s001423711.java,p02911,/Users/liuziqi/Documents/西大Graduate/Project_base/Code/Meng_ProjectBased_DetectCodeSimilar/code-sim/results/formal-v1/batch5/pairs/R00301/left/Main.java,/Users/liuziqi/Documents/西大Graduate/Project_base/Code/Meng_ProjectBased_DetectCodeSimilar/code-sim/results/formal-v1/batch5/pairs/R00301/right/Main.java
R00302,s738648654.java,p03041,/Users/liuziqi/Documents/西大Graduate/Project_base/Code/Meng_ProjectBased_DetectCodeSimilar/code-sim/results/formal-v1/batch5/pairs/R00302/left/Main.java,/Users/liuziqi/Documents/西大Graduate/Project_base/Code/Meng_ProjectBased_DetectCodeSimilar/code-sim/results/formal-v1/batch5/pairs/R00302/right/Main.java
R00303,s080380288.java,p02701,/Users/liuziqi/Documents/西大Graduate/Project_base/Code/Meng_ProjectBased_DetectCodeSimilar/code-sim/results/formal-v1/batch5/pairs/R00303/left/Main.java,/Users/liuziqi/Documents/西大Graduate/Project_base/Code/Meng_ProjectBased_DetectCodeSimilar/code-sim/results/formal-v1/batch5/pairs/R00303/right/Main.java
R00304,s011550945.java,p02988,/Users/liuziqi/Documents/西大Graduate/Project_base/Code/Meng_ProjectBased_DetectCodeSimilar/code-sim/results/formal-v1/batch5/pairs/R00304/left/Main.java,/Users/liuziqi/Documents/西大Graduate/Project_base/Code/Meng_ProjectBased_DetectCodeSimilar/code-sim/results/formal-v1/batch5/pairs/R00304/right/Main.java
R00305,s280333552.java,p02414,/Users/liuziqi/Documents/西大Graduate/Project_base/Code/Meng_ProjectBased_DetectCodeSimilar/code-sim/results/formal-v1/batch5/pairs/R00305/left/Main.java,/Users/liuziqi/Documents/西大Graduate/Project_base/Code/Meng_ProjectBased_DetectCodeSimilar/code-sim/results/formal-v1/batch5/pairs/R00305/right/Main.java
R00306,s110943050.java,p02917,/Users/liuziqi/Documents/西大Graduate/Project_base/Code/Meng_ProjectBased_DetectCodeSimilar/code-sim/results/formal-v1/batch5/pairs/R00306/left/Main.java,/Users/liuziqi/Documents/西大Graduate/Project_base/Code/Meng_ProjectBased_DetectCodeSimilar/code-sim/results/formal-v1/batch5/pairs/R00306/right/Main.java
R00307,s074594166.java,p04030,/Users/liuziqi/Documents/西大Graduate/Project_base/Code/Meng_ProjectBased_DetectCodeSimilar/code-sim/results/formal-v1/batch5/pairs/R00307/left/Main.java,/Users/liuziqi/Documents/西大Graduate/Project_base/Code/Meng_ProjectBased_DetectCodeSimilar/code-sim/results/formal-v1/batch5/pairs/R00307/right/Main.java
R00308,s205925712.java,p02951,/Users/liuziqi/Documents/西大Graduate/Project_base/Code/Meng_ProjectBased_DetectCodeSimilar/code-sim/results/formal-v1/batch5/pairs/R00308/left/Main.java,/Users/liuziqi/Documents/西大Graduate/Project_base/Code/Meng_ProjectBased_DetectCodeSimilar/code-sim/results/formal-v1/batch5/pairs/R00308/right/Main.java
R00309,s930086758.java,p03136,/Users/liuziqi/Documents/西大Graduate/Project_base/Code/Meng_ProjectBased_DetectCodeSimilar/code-sim/results/formal-v1/batch5/pairs/R00309/left/Main.java,/Users/liuziqi/Documents/西大Graduate/Project_base/Code/Meng_ProjectBased_DetectCodeSimilar/code-sim/results/formal-v1/batch5/pairs/R00309/right/Main.java
R00310,s348518333.java,p02547,/Users/liuziqi/Documents/西大Graduate/Project_base/Code/Meng_ProjectBased_DetectCodeSimilar/code-sim/results/formal-v1/batch5/pairs/R00310/left/Main.java,/Users/liuziqi/Documents/西大Graduate/Project_base/Code/Meng_ProjectBased_DetectCodeSimilar/code-sim/results/formal-v1/batch5/pairs/R00310/right/Main.java
R00311,s453686802.java,p02910,/Users/liuziqi/Documents/西大Graduate/Project_base/Code/Meng_ProjectBased_DetectCodeSimilar/code-sim/results/formal-v1/batch5/pairs/R00311/left/Main.java,/Users/liuziqi/Documents/西大Graduate/Project_base/Code/Meng_ProjectBased_DetectCodeSimilar/code-sim/results/formal-v1/batch5/pairs/R00311/right/Main.java
R00312,s952028533.java,p02971,/Users/liuziqi/Documents/西大Graduate/Project_base/Code/Meng_ProjectBased_DetectCodeSimilar/code-sim/results/formal-v1/batch5/pairs/R00312/left/Main.java,/Users/liuziqi/Documents/西大Graduate/Project_base/Code/Meng_ProjectBased_DetectCodeSimilar/code-sim/results/formal-v1/batch5/pairs/R00312/right/Main.java
R00313,s724678922.java,p02910,/Users/liuziqi/Documents/西大Graduate/Project_base/Code/Meng_ProjectBased_DetectCodeSimilar/code-sim/results/formal-v1/batch5/pairs/R00313/left/Main.java,/Users/liuziqi/Documents/西大Graduate/Project_base/Code/Meng_ProjectBased_DetectCodeSimilar/code-sim/results/formal-v1/batch5/pairs/R00313/right/Main.java
R00314,s712674414.java,p02711,/Users/liuziqi/Documents/西大Graduate/Project_base/Code/Meng_ProjectBased_DetectCodeSimilar/code-sim/results/formal-v1/batch5/pairs/R00314/left/Main.java,/Users/liuziqi/Documents/西大Graduate/Project_base/Code/Meng_ProjectBased_DetectCodeSimilar/code-sim/results/formal-v1/batch5/pairs/R00314/right/Main.java
R00315,s171148135.java,p03371,/Users/liuziqi/Documents/西大Graduate/Project_base/Code/Meng_ProjectBased_DetectCodeSimilar/code-sim/results/formal-v1/batch5/pairs/R00315/left/Main.java,/Users/liuziqi/Documents/西大Graduate/Project_base/Code/Meng_ProjectBased_DetectCodeSimilar/code-sim/results/formal-v1/batch5/pairs/R00315/right/Main.java
R00316,s333295872.java,p03360,/Users/liuziqi/Documents/西大Graduate/Project_base/Code/Meng_ProjectBased_DetectCodeSimilar/code-sim/results/formal-v1/batch5/pairs/R00316/left/Main.java,/Users/liuziqi/Documents/西大Graduate/Project_base/Code/Meng_ProjectBased_DetectCodeSimilar/code-sim/results/formal-v1/batch5/pairs/R00316/right/Main.java
R00317,s632623827.java,p02577,/Users/liuziqi/Documents/西大Graduate/Project_base/Code/Meng_ProjectBased_DetectCodeSimilar/code-sim/results/formal-v1/batch5/pairs/R00317/left/Main.java,/Users/liuziqi/Documents/西大Graduate/Project_base/Code/Meng_ProjectBased_DetectCodeSimilar/code-sim/results/formal-v1/batch5/pairs/R00317/right/Main.java
R00318,s344981685.java,p02701,/Users/liuziqi/Documents/西大Graduate/Project_base/Code/Meng_ProjectBased_DetectCodeSimilar/code-sim/results/formal-v1/batch5/pairs/R00318/left/Main.java,/Users/liuziqi/Documents/西大Graduate/Project_base/Code/Meng_ProjectBased_DetectCodeSimilar/code-sim/results/formal-v1/batch5/pairs/R00318/right/Main.java
R00319,s861322903.java,p02263,/Users/liuziqi/Documents/西大Graduate/Project_base/Code/Meng_ProjectBased_DetectCodeSimilar/code-sim/results/formal-v1/batch5/pairs/R00319/left/Main.java,/Users/liuziqi/Documents/西大Graduate/Project_base/Code/Meng_ProjectBased_DetectCodeSimilar/code-sim/results/formal-v1/batch5/pairs/R00319/right/Main.java
R00320,s932943046.java,p00001,/Users/liuziqi/Documents/西大Graduate/Project_base/Code/Meng_ProjectBased_DetectCodeSimilar/code-sim/results/formal-v1/batch5/pairs/R00320/left/Main.java,/Users/liuziqi/Documents/西大Graduate/Project_base/Code/Meng_ProjectBased_DetectCodeSimilar/code-sim/results/formal-v1/batch5/pairs/R00320/right/Main.java
R00321,s972596326.java,p03289,/Users/liuziqi/Documents/西大Graduate/Project_base/Code/Meng_ProjectBased_DetectCodeSimilar/code-sim/results/formal-v1/batch5/pairs/R00321/left/Main.java,/Users/liuziqi/Documents/西大Graduate/Project_base/Code/Meng_ProjectBased_DetectCodeSimilar/code-sim/results/formal-v1/batch5/pairs/R00321/right/Main.java
R00322,s285951981.java,p02802,/Users/liuziqi/Documents/西大Graduate/Project_base/Code/Meng_ProjectBased_DetectCodeSimilar/code-sim/results/formal-v1/batch5/pairs/R00322/left/Main.java,/Users/liuziqi/Documents/西大Graduate/Project_base/Code/Meng_ProjectBased_DetectCodeSimilar/code-sim/results/formal-v1/batch5/pairs/R00322/right/Main.java
R00323,s255248924.java,p03370,/Users/liuziqi/Documents/西大Graduate/Project_base/Code/Meng_ProjectBased_DetectCodeSimilar/code-sim/results/formal-v1/batch5/pairs/R00323/left/Main.java,/Users/liuziqi/Documents/西大Graduate/Project_base/Code/Meng_ProjectBased_DetectCodeSimilar/code-sim/results/formal-v1/batch5/pairs/R00323/right/Main.java
R00324,s208716019.java,p02613,/Users/liuziqi/Documents/西大Graduate/Project_base/Code/Meng_ProjectBased_DetectCodeSimilar/code-sim/results/formal-v1/batch5/pairs/R00324/left/Main.java,/Users/liuziqi/Documents/西大Graduate/Project_base/Code/Meng_ProjectBased_DetectCodeSimilar/code-sim/results/formal-v1/batch5/pairs/R00324/right/Main.java
R00325,s153880354.java,p02860,/Users/liuziqi/Documents/西大Graduate/Project_base/Code/Meng_ProjectBased_DetectCodeSimilar/code-sim/results/formal-v1/batch5/pairs/R00325/left/Main.java,/Users/liuziqi/Documents/西大Graduate/Project_base/Code/Meng_ProjectBased_DetectCodeSimilar/code-sim/results/formal-v1/batch5/pairs/R00325/right/Main.java
R00326,s628309821.java,p04012,/Users/liuziqi/Documents/西大Graduate/Project_base/Code/Meng_ProjectBased_DetectCodeSimilar/code-sim/results/formal-v1/batch5/pairs/R00326/left/Main.java,/Users/liuziqi/Documents/西大Graduate/Project_base/Code/Meng_ProjectBased_DetectCodeSimilar/code-sim/results/formal-v1/batch5/pairs/R00326/right/Main.java
R00327,s424873183.java,p02729,/Users/liuziqi/Documents/西大Graduate/Project_base/Code/Meng_ProjectBased_DetectCodeSimilar/code-sim/results/formal-v1/batch5/pairs/R00327/left/Main.java,/Users/liuziqi/Documents/西大Graduate/Project_base/Code/Meng_ProjectBased_DetectCodeSimilar/code-sim/results/formal-v1/batch5/pairs/R00327/right/Main.java
R00328,s753983581.java,p02706,/Users/liuziqi/Documents/西大Graduate/Project_base/Code/Meng_ProjectBased_DetectCodeSimilar/code-sim/results/formal-v1/batch5/pairs/R00328/left/Main.java,/Users/liuziqi/Documents/西大Graduate/Project_base/Code/Meng_ProjectBased_DetectCodeSimilar/code-sim/results/formal-v1/batch5/pairs/R00328/right/Main.java
R00329,s116876582.java,p03012,/Users/liuziqi/Documents/西大Graduate/Project_base/Code/Meng_ProjectBased_DetectCodeSimilar/code-sim/results/formal-v1/batch5/pairs/R00329/left/Main.java,/Users/liuziqi/Documents/西大Graduate/Project_base/Code/Meng_ProjectBased_DetectCodeSimilar/code-sim/results/formal-v1/batch5/pairs/R00329/right/Main.java
R00330,s146132626.java,p02935,/Users/liuziqi/Documents/西大Graduate/Project_base/Code/Meng_ProjectBased_DetectCodeSimilar/code-sim/results/formal-v1/batch5/pairs/R00330/left/Main.java,/Users/liuziqi/Documents/西大Graduate/Project_base/Code/Meng_ProjectBased_DetectCodeSimilar/code-sim/results/formal-v1/batch5/pairs/R00330/right/Main.java
R00331,s106319658.java,p02947,/Users/liuziqi/Documents/西大Graduate/Project_base/Code/Meng_ProjectBased_DetectCodeSimilar/code-sim/results/formal-v1/batch5/pairs/R00331/left/Main.java,/Users/liuziqi/Documents/西大Graduate/Project_base/Code/Meng_ProjectBased_DetectCodeSimilar/code-sim/results/formal-v1/batch5/pairs/R00331/right/Main.java
R00332,s258558812.java,p03037,/Users/liuziqi/Documents/西大Graduate/Project_base/Code/Meng_ProjectBased_DetectCodeSimilar/code-sim/results/formal-v1/batch5/pairs/R00332/left/Main.java,/Users/liuziqi/Documents/西大Graduate/Project_base/Code/Meng_ProjectBased_DetectCodeSimilar/code-sim/results/formal-v1/batch5/pairs/R00332/right/Main.java
R00333,s201143012.java,p02934,/Users/liuziqi/Documents/西大Graduate/Project_base/Code/Meng_ProjectBased_DetectCodeSimilar/code-sim/results/formal-v1/batch5/pairs/R00333/left/Main.java,/Users/liuziqi/Documents/西大Graduate/Project_base/Code/Meng_ProjectBased_DetectCodeSimilar/code-sim/results/formal-v1/batch5/pairs/R00333/right/Main.java
R00334,s635693968.java,p02658,/Users/liuziqi/Documents/西大Graduate/Project_base/Code/Meng_ProjectBased_DetectCodeSimilar/code-sim/results/formal-v1/batch5/pairs/R00334/left/Main.java,/Users/liuziqi/Documents/西大Graduate/Project_base/Code/Meng_ProjectBased_DetectCodeSimilar/code-sim/results/formal-v1/batch5/pairs/R00334/right/Main.java
R00335,s797039062.java,p02917,/Users/liuziqi/Documents/西大Graduate/Project_base/Code/Meng_ProjectBased_DetectCodeSimilar/code-sim/results/formal-v1/batch5/pairs/R00335/left/Main.java,/Users/liuziqi/Documents/西大Graduate/Project_base/Code/Meng_ProjectBased_DetectCodeSimilar/code-sim/results/formal-v1/batch5/pairs/R00335/right/Main.java
R00336,s834124515.java,p03370,/Users/liuziqi/Documents/西大Graduate/Project_base/Code/Meng_ProjectBased_DetectCodeSimilar/code-sim/results/formal-v1/batch5/pairs/R00336/left/Main.java,/Users/liuziqi/Documents/西大Graduate/Project_base/Code/Meng_ProjectBased_DetectCodeSimilar/code-sim/results/formal-v1/batch5/pairs/R00336/right/Main.java
R00337,s617183142.java,p02953,/Users/liuziqi/Documents/西大Graduate/Project_base/Code/Meng_ProjectBased_DetectCodeSimilar/code-sim/results/formal-v1/batch5/pairs/R00337/left/Main.java,/Users/liuziqi/Documents/西大Graduate/Project_base/Code/Meng_ProjectBased_DetectCodeSimilar/code-sim/results/formal-v1/batch5/pairs/R00337/right/Main.java
R00338,s594164397.java,p02419,/Users/liuziqi/Documents/西大Graduate/Project_base/Code/Meng_ProjectBased_DetectCodeSimilar/code-sim/results/formal-v1/batch5/pairs/R00338/left/Main.java,/Users/liuziqi/Documents/西大Graduate/Project_base/Code/Meng_ProjectBased_DetectCodeSimilar/code-sim/results/formal-v1/batch5/pairs/R00338/right/Main.java
R00339,s708166785.java,p03000,/Users/liuziqi/Documents/西大Graduate/Project_base/Code/Meng_ProjectBased_DetectCodeSimilar/code-sim/results/formal-v1/batch5/pairs/R00339/left/Main.java,/Users/liuziqi/Documents/西大Graduate/Project_base/Code/Meng_ProjectBased_DetectCodeSimilar/code-sim/results/formal-v1/batch5/pairs/R00339/right/Main.java
R00340,s848937569.java,p03435,/Users/liuziqi/Documents/西大Graduate/Project_base/Code/Meng_ProjectBased_DetectCodeSimilar/code-sim/results/formal-v1/batch5/pairs/R00340/left/Main.java,/Users/liuziqi/Documents/西大Graduate/Project_base/Code/Meng_ProjectBased_DetectCodeSimilar/code-sim/results/formal-v1/batch5/pairs/R00340/right/Main.java
R00341,s038925360.java,p02988,/Users/liuziqi/Documents/西大Graduate/Project_base/Code/Meng_ProjectBased_DetectCodeSimilar/code-sim/results/formal-v1/batch5/pairs/R00341/left/Main.java,/Users/liuziqi/Documents/西大Graduate/Project_base/Code/Meng_ProjectBased_DetectCodeSimilar/code-sim/results/formal-v1/batch5/pairs/R00341/right/Main.java
R00342,s913224751.java,p03239,/Users/liuziqi/Documents/西大Graduate/Project_base/Code/Meng_ProjectBased_DetectCodeSimilar/code-sim/results/formal-v1/batch5/pairs/R00342/left/Main.java,/Users/liuziqi/Documents/西大Graduate/Project_base/Code/Meng_ProjectBased_DetectCodeSimilar/code-sim/results/formal-v1/batch5/pairs/R00342/right/Main.java
R00343,s993846199.java,p02785,/Users/liuziqi/Documents/西大Graduate/Project_base/Code/Meng_ProjectBased_DetectCodeSimilar/code-sim/results/formal-v1/batch5/pairs/R00343/left/Main.java,/Users/liuziqi/Documents/西大Graduate/Project_base/Code/Meng_ProjectBased_DetectCodeSimilar/code-sim/results/formal-v1/batch5/pairs/R00343/right/Main.java
R00344,s291710721.java,p02547,/Users/liuziqi/Documents/西大Graduate/Project_base/Code/Meng_ProjectBased_DetectCodeSimilar/code-sim/results/formal-v1/batch5/pairs/R00344/left/Main.java,/Users/liuziqi/Documents/西大Graduate/Project_base/Code/Meng_ProjectBased_DetectCodeSimilar/code-sim/results/formal-v1/batch5/pairs/R00344/right/Main.java
R00345,s880004339.java,p02553,/Users/liuziqi/Documents/西大Graduate/Project_base/Code/Meng_ProjectBased_DetectCodeSimilar/code-sim/results/formal-v1/batch5/pairs/R00345/left/Main.java,/Users/liuziqi/Documents/西大Graduate/Project_base/Code/Meng_ProjectBased_DetectCodeSimilar/code-sim/results/formal-v1/batch5/pairs/R00345/right/Main.java
R00346,s112396288.java,p04044,/Users/liuziqi/Documents/西大Graduate/Project_base/Code/Meng_ProjectBased_DetectCodeSimilar/code-sim/results/formal-v1/batch5/pairs/R00346/left/Main.java,/Users/liuziqi/Documents/西大Graduate/Project_base/Code/Meng_ProjectBased_DetectCodeSimilar/code-sim/results/formal-v1/batch5/pairs/R00346/right/Main.java
R00347,s843474033.java,p04030,/Users/liuziqi/Documents/西大Graduate/Project_base/Code/Meng_ProjectBased_DetectCodeSimilar/code-sim/results/formal-v1/batch5/pairs/R00347/left/Main.java,/Users/liuziqi/Documents/西大Graduate/Project_base/Code/Meng_ProjectBased_DetectCodeSimilar/code-sim/results/formal-v1/batch5/pairs/R00347/right/Main.java
R00348,s066488354.java,p03059,/Users/liuziqi/Documents/西大Graduate/Project_base/Code/Meng_ProjectBased_DetectCodeSimilar/code-sim/results/formal-v1/batch5/pairs/R00348/left/Main.java,/Users/liuziqi/Documents/西大Graduate/Project_base/Code/Meng_ProjectBased_DetectCodeSimilar/code-sim/results/formal-v1/batch5/pairs/R00348/right/Main.java
R00349,s048735642.java,p03109,/Users/liuziqi/Documents/西大Graduate/Project_base/Code/Meng_ProjectBased_DetectCodeSimilar/code-sim/results/formal-v1/batch5/pairs/R00349/left/Main.java,/Users/liuziqi/Documents/西大Graduate/Project_base/Code/Meng_ProjectBased_DetectCodeSimilar/code-sim/results/formal-v1/batch5/pairs/R00349/right/Main.java
R00350,s376209000.java,p02682,/Users/liuziqi/Documents/西大Graduate/Project_base/Code/Meng_ProjectBased_DetectCodeSimilar/code-sim/results/formal-v1/batch5/pairs/R00350/left/Main.java,/Users/liuziqi/Documents/西大Graduate/Project_base/Code/Meng_ProjectBased_DetectCodeSimilar/code-sim/results/formal-v1/batch5/pairs/R00350/right/Main.java
R00351,s736728792.java,p00006,/Users/liuziqi/Documents/西大Graduate/Project_base/Code/Meng_ProjectBased_DetectCodeSimilar/code-sim/results/formal-v1/batch5/pairs/R00351/left/Main.java,/Users/liuziqi/Documents/西大Graduate/Project_base/Code/Meng_ProjectBased_DetectCodeSimilar/code-sim/results/formal-v1/batch5/pairs/R00351/right/Main.java
R00352,s632223124.java,p02731,/Users/liuziqi/Documents/西大Graduate/Project_base/Code/Meng_ProjectBased_DetectCodeSimilar/code-sim/results/formal-v1/batch5/pairs/R00352/left/Main.java,/Users/liuziqi/Documents/西大Graduate/Project_base/Code/Meng_ProjectBased_DetectCodeSimilar/code-sim/results/formal-v1/batch5/pairs/R00352/right/Main.java
R00353,s551622318.java,p02706,/Users/liuziqi/Documents/西大Graduate/Project_base/Code/Meng_ProjectBased_DetectCodeSimilar/code-sim/results/formal-v1/batch5/pairs/R00353/left/Main.java,/Users/liuziqi/Documents/西大Graduate/Project_base/Code/Meng_ProjectBased_DetectCodeSimilar/code-sim/results/formal-v1/batch5/pairs/R00353/right/Main.java
R00354,s068211976.java,p03434,/Users/liuziqi/Documents/西大Graduate/Project_base/Code/Meng_ProjectBased_DetectCodeSimilar/code-sim/results/formal-v1/batch5/pairs/R00354/left/Main.java,/Users/liuziqi/Documents/西大Graduate/Project_base/Code/Meng_ProjectBased_DetectCodeSimilar/code-sim/results/formal-v1/batch5/pairs/R00354/right/Main.java
R00355,s913394188.java,p02629,/Users/liuziqi/Documents/西大Graduate/Project_base/Code/Meng_ProjectBased_DetectCodeSimilar/code-sim/results/formal-v1/batch5/pairs/R00355/left/Main.java,/Users/liuziqi/Documents/西大Graduate/Project_base/Code/Meng_ProjectBased_DetectCodeSimilar/code-sim/results/formal-v1/batch5/pairs/R00355/right/Main.java
R00356,s038839620.java,p03160,/Users/liuziqi/Documents/西大Graduate/Project_base/Code/Meng_ProjectBased_DetectCodeSimilar/code-sim/results/formal-v1/batch5/pairs/R00356/left/Main.java,/Users/liuziqi/Documents/西大Graduate/Project_base/Code/Meng_ProjectBased_DetectCodeSimilar/code-sim/results/formal-v1/batch5/pairs/R00356/right/Main.java
R00357,s042395607.java,p02953,/Users/liuziqi/Documents/西大Graduate/Project_base/Code/Meng_ProjectBased_DetectCodeSimilar/code-sim/results/formal-v1/batch5/pairs/R00357/left/Main.java,/Users/liuziqi/Documents/西大Graduate/Project_base/Code/Meng_ProjectBased_DetectCodeSimilar/code-sim/results/formal-v1/batch5/pairs/R00357/right/Main.java
R00358,s955223838.java,p02622,/Users/liuziqi/Documents/西大Graduate/Project_base/Code/Meng_ProjectBased_DetectCodeSimilar/code-sim/results/formal-v1/batch5/pairs/R00358/left/Main.java,/Users/liuziqi/Documents/西大Graduate/Project_base/Code/Meng_ProjectBased_DetectCodeSimilar/code-sim/results/formal-v1/batch5/pairs/R00358/right/Main.java
R00359,s105062224.java,p02259,/Users/liuziqi/Documents/西大Graduate/Project_base/Code/Meng_ProjectBased_DetectCodeSimilar/code-sim/results/formal-v1/batch5/pairs/R00359/left/Main.java,/Users/liuziqi/Documents/西大Graduate/Project_base/Code/Meng_ProjectBased_DetectCodeSimilar/code-sim/results/formal-v1/batch5/pairs/R00359/right/Main.java
R00360,s798831611.java,p02898,/Users/liuziqi/Documents/西大Graduate/Project_base/Code/Meng_ProjectBased_DetectCodeSimilar/code-sim/results/formal-v1/batch5/pairs/R00360/left/Main.java,/Users/liuziqi/Documents/西大Graduate/Project_base/Code/Meng_ProjectBased_DetectCodeSimilar/code-sim/results/formal-v1/batch5/pairs/R00360/right/Main.java
R00361,s985403561.java,p02779,/Users/liuziqi/Documents/西大Graduate/Project_base/Code/Meng_ProjectBased_DetectCodeSimilar/code-sim/results/formal-v1/batch5/pairs/R00361/left/Main.java,/Users/liuziqi/Documents/西大Graduate/Project_base/Code/Meng_ProjectBased_DetectCodeSimilar/code-sim/results/formal-v1/batch5/pairs/R00361/right/Main.java
R00362,s899940401.java,p02832,/Users/liuziqi/Documents/西大Graduate/Project_base/Code/Meng_ProjectBased_DetectCodeSimilar/code-sim/results/formal-v1/batch5/pairs/R00362/left/Main.java,/Users/liuziqi/Documents/西大Graduate/Project_base/Code/Meng_ProjectBased_DetectCodeSimilar/code-sim/results/formal-v1/batch5/pairs/R00362/right/Main.java
R00363,s573414196.java,p02897,/Users/liuziqi/Documents/西大Graduate/Project_base/Code/Meng_ProjectBased_DetectCodeSimilar/code-sim/results/formal-v1/batch5/pairs/R00363/left/Main.java,/Users/liuziqi/Documents/西大Graduate/Project_base/Code/Meng_ProjectBased_DetectCodeSimilar/code-sim/results/formal-v1/batch5/pairs/R00363/right/Main.java
R00364,s290616129.java,p03474,/Users/liuziqi/Documents/西大Graduate/Project_base/Code/Meng_ProjectBased_DetectCodeSimilar/code-sim/results/formal-v1/batch5/pairs/R00364/left/Main.java,/Users/liuziqi/Documents/西大Graduate/Project_base/Code/Meng_ProjectBased_DetectCodeSimilar/code-sim/results/formal-v1/batch5/pairs/R00364/right/Main.java
R00365,s275976757.java,p02268,/Users/liuziqi/Documents/西大Graduate/Project_base/Code/Meng_ProjectBased_DetectCodeSimilar/code-sim/results/formal-v1/batch5/pairs/R00365/left/Main.java,/Users/liuziqi/Documents/西大Graduate/Project_base/Code/Meng_ProjectBased_DetectCodeSimilar/code-sim/results/formal-v1/batch5/pairs/R00365/right/Main.java
R00366,s756957812.java,p03470,/Users/liuziqi/Documents/西大Graduate/Project_base/Code/Meng_ProjectBased_DetectCodeSimilar/code-sim/results/formal-v1/batch5/pairs/R00366/left/Main.java,/Users/liuziqi/Documents/西大Graduate/Project_base/Code/Meng_ProjectBased_DetectCodeSimilar/code-sim/results/formal-v1/batch5/pairs/R00366/right/Main.java
R00367,s730726826.java,p02613,/Users/liuziqi/Documents/西大Graduate/Project_base/Code/Meng_ProjectBased_DetectCodeSimilar/code-sim/results/formal-v1/batch5/pairs/R00367/left/Main.java,/Users/liuziqi/Documents/西大Graduate/Project_base/Code/Meng_ProjectBased_DetectCodeSimilar/code-sim/results/formal-v1/batch5/pairs/R00367/right/Main.java
R00368,s494855704.java,p02982,/Users/liuziqi/Documents/西大Graduate/Project_base/Code/Meng_ProjectBased_DetectCodeSimilar/code-sim/results/formal-v1/batch5/pairs/R00368/left/Main.java,/Users/liuziqi/Documents/西大Graduate/Project_base/Code/Meng_ProjectBased_DetectCodeSimilar/code-sim/results/formal-v1/batch5/pairs/R00368/right/Main.java
R00369,s323790488.java,p02396,/Users/liuziqi/Documents/西大Graduate/Project_base/Code/Meng_ProjectBased_DetectCodeSimilar/code-sim/results/formal-v1/batch5/pairs/R00369/left/Main.java,/Users/liuziqi/Documents/西大Graduate/Project_base/Code/Meng_ProjectBased_DetectCodeSimilar/code-sim/results/formal-v1/batch5/pairs/R00369/right/Main.java
R00370,s871724708.java,p02397,/Users/liuziqi/Documents/西大Graduate/Project_base/Code/Meng_ProjectBased_DetectCodeSimilar/code-sim/results/formal-v1/batch5/pairs/R00370/left/Main.java,/Users/liuziqi/Documents/西大Graduate/Project_base/Code/Meng_ProjectBased_DetectCodeSimilar/code-sim/results/formal-v1/batch5/pairs/R00370/right/Main.java
R00371,s398336084.java,p02983,/Users/liuziqi/Documents/西大Graduate/Project_base/Code/Meng_ProjectBased_DetectCodeSimilar/code-sim/results/formal-v1/batch5/pairs/R00371/left/Main.java,/Users/liuziqi/Documents/西大Graduate/Project_base/Code/Meng_ProjectBased_DetectCodeSimilar/code-sim/results/formal-v1/batch5/pairs/R00371/right/Main.java
R00372,s978173116.java,p02407,/Users/liuziqi/Documents/西大Graduate/Project_base/Code/Meng_ProjectBased_DetectCodeSimilar/code-sim/results/formal-v1/batch5/pairs/R00372/left/Main.java,/Users/liuziqi/Documents/西大Graduate/Project_base/Code/Meng_ProjectBased_DetectCodeSimilar/code-sim/results/formal-v1/batch5/pairs/R00372/right/Main.java
R00373,s357172523.java,p02917,/Users/liuziqi/Documents/西大Graduate/Project_base/Code/Meng_ProjectBased_DetectCodeSimilar/code-sim/results/formal-v1/batch5/pairs/R00373/left/Main.java,/Users/liuziqi/Documents/西大Graduate/Project_base/Code/Meng_ProjectBased_DetectCodeSimilar/code-sim/results/formal-v1/batch5/pairs/R00373/right/Main.java
R00374,s320485646.java,p02718,/Users/liuziqi/Documents/西大Graduate/Project_base/Code/Meng_ProjectBased_DetectCodeSimilar/code-sim/results/formal-v1/batch5/pairs/R00374/left/Main.java,/Users/liuziqi/Documents/西大Graduate/Project_base/Code/Meng_ProjectBased_DetectCodeSimilar/code-sim/results/formal-v1/batch5/pairs/R00374/right/Main.java
R00375,s861677453.java,p03289,/Users/liuziqi/Documents/西大Graduate/Project_base/Code/Meng_ProjectBased_DetectCodeSimilar/code-sim/results/formal-v1/batch5/pairs/R00375/left/Main.java,/Users/liuziqi/Documents/西大Graduate/Project_base/Code/Meng_ProjectBased_DetectCodeSimilar/code-sim/results/formal-v1/batch5/pairs/R00375/right/Main.java
R00376,s980816546.java,p03160,/Users/liuziqi/Documents/西大Graduate/Project_base/Code/Meng_ProjectBased_DetectCodeSimilar/code-sim/results/formal-v1/batch5/pairs/R00376/left/Main.java,/Users/liuziqi/Documents/西大Graduate/Project_base/Code/Meng_ProjectBased_DetectCodeSimilar/code-sim/results/formal-v1/batch5/pairs/R00376/right/Main.java
R00377,s156169403.java,p03075,/Users/liuziqi/Documents/西大Graduate/Project_base/Code/Meng_ProjectBased_DetectCodeSimilar/code-sim/results/formal-v1/batch5/pairs/R00377/left/Main.java,/Users/liuziqi/Documents/西大Graduate/Project_base/Code/Meng_ProjectBased_DetectCodeSimilar/code-sim/results/formal-v1/batch5/pairs/R00377/right/Main.java
R00378,s191293524.java,p02886,/Users/liuziqi/Documents/西大Graduate/Project_base/Code/Meng_ProjectBased_DetectCodeSimilar/code-sim/results/formal-v1/batch5/pairs/R00378/left/Main.java,/Users/liuziqi/Documents/西大Graduate/Project_base/Code/Meng_ProjectBased_DetectCodeSimilar/code-sim/results/formal-v1/batch5/pairs/R00378/right/Main.java
R00379,s411689306.java,p02911,/Users/liuziqi/Documents/西大Graduate/Project_base/Code/Meng_ProjectBased_DetectCodeSimilar/code-sim/results/formal-v1/batch5/pairs/R00379/left/Main.java,/Users/liuziqi/Documents/西大Graduate/Project_base/Code/Meng_ProjectBased_DetectCodeSimilar/code-sim/results/formal-v1/batch5/pairs/R00379/right/Main.java
R00380,s247527245.java,p02784,/Users/liuziqi/Documents/西大Graduate/Project_base/Code/Meng_ProjectBased_DetectCodeSimilar/code-sim/results/formal-v1/batch5/pairs/R00380/left/Main.java,/Users/liuziqi/Documents/西大Graduate/Project_base/Code/Meng_ProjectBased_DetectCodeSimilar/code-sim/results/formal-v1/batch5/pairs/R00380/right/Main.java
R00381,s893810937.java,p02772,/Users/liuziqi/Documents/西大Graduate/Project_base/Code/Meng_ProjectBased_DetectCodeSimilar/code-sim/results/formal-v1/batch5/pairs/R00381/left/Main.java,/Users/liuziqi/Documents/西大Graduate/Project_base/Code/Meng_ProjectBased_DetectCodeSimilar/code-sim/results/formal-v1/batch5/pairs/R00381/right/Main.java
R00382,s576186375.java,p02910,/Users/liuziqi/Documents/西大Graduate/Project_base/Code/Meng_ProjectBased_DetectCodeSimilar/code-sim/results/formal-v1/batch5/pairs/R00382/left/Main.java,/Users/liuziqi/Documents/西大Graduate/Project_base/Code/Meng_ProjectBased_DetectCodeSimilar/code-sim/results/formal-v1/batch5/pairs/R00382/right/Main.java
R00383,s663188479.java,p02409,/Users/liuziqi/Documents/西大Graduate/Project_base/Code/Meng_ProjectBased_DetectCodeSimilar/code-sim/results/formal-v1/batch5/pairs/R00383/left/Main.java,/Users/liuziqi/Documents/西大Graduate/Project_base/Code/Meng_ProjectBased_DetectCodeSimilar/code-sim/results/formal-v1/batch5/pairs/R00383/right/Main.java
R00384,s623675586.java,p02264,/Users/liuziqi/Documents/西大Graduate/Project_base/Code/Meng_ProjectBased_DetectCodeSimilar/code-sim/results/formal-v1/batch5/pairs/R00384/left/Main.java,/Users/liuziqi/Documents/西大Graduate/Project_base/Code/Meng_ProjectBased_DetectCodeSimilar/code-sim/results/formal-v1/batch5/pairs/R00384/right/Main.java
R00385,s516838082.java,p03076,/Users/liuziqi/Documents/西大Graduate/Project_base/Code/Meng_ProjectBased_DetectCodeSimilar/code-sim/results/formal-v1/batch5/pairs/R00385/left/Main.java,/Users/liuziqi/Documents/西大Graduate/Project_base/Code/Meng_ProjectBased_DetectCodeSimilar/code-sim/results/formal-v1/batch5/pairs/R00385/right/Main.java
R00386,s530842186.java,p02773,/Users/liuziqi/Documents/西大Graduate/Project_base/Code/Meng_ProjectBased_DetectCodeSimilar/code-sim/results/formal-v1/batch5/pairs/R00386/left/Main.java,/Users/liuziqi/Documents/西大Graduate/Project_base/Code/Meng_ProjectBased_DetectCodeSimilar/code-sim/results/formal-v1/batch5/pairs/R00386/right/Main.java
R00387,s441423788.java,p03695,/Users/liuziqi/Documents/西大Graduate/Project_base/Code/Meng_ProjectBased_DetectCodeSimilar/code-sim/results/formal-v1/batch5/pairs/R00387/left/Main.java,/Users/liuziqi/Documents/西大Graduate/Project_base/Code/Meng_ProjectBased_DetectCodeSimilar/code-sim/results/formal-v1/batch5/pairs/R00387/right/Main.java
R00388,s311806193.java,p02848,/Users/liuziqi/Documents/西大Graduate/Project_base/Code/Meng_ProjectBased_DetectCodeSimilar/code-sim/results/formal-v1/batch5/pairs/R00388/left/Main.java,/Users/liuziqi/Documents/西大Graduate/Project_base/Code/Meng_ProjectBased_DetectCodeSimilar/code-sim/results/formal-v1/batch5/pairs/R00388/right/Main.java
R00389,s934087657.java,p02417,/Users/liuziqi/Documents/西大Graduate/Project_base/Code/Meng_ProjectBased_DetectCodeSimilar/code-sim/results/formal-v1/batch5/pairs/R00389/left/Main.java,/Users/liuziqi/Documents/西大Graduate/Project_base/Code/Meng_ProjectBased_DetectCodeSimilar/code-sim/results/formal-v1/batch5/pairs/R00389/right/Main.java
R00390,s341646826.java,p03107,/Users/liuziqi/Documents/西大Graduate/Project_base/Code/Meng_ProjectBased_DetectCodeSimilar/code-sim/results/formal-v1/batch5/pairs/R00390/left/Main.java,/Users/liuziqi/Documents/西大Graduate/Project_base/Code/Meng_ProjectBased_DetectCodeSimilar/code-sim/results/formal-v1/batch5/pairs/R00390/right/Main.java
R00391,s850658149.java,p03042,/Users/liuziqi/Documents/西大Graduate/Project_base/Code/Meng_ProjectBased_DetectCodeSimilar/code-sim/results/formal-v1/batch5/pairs/R00391/left/Main.java,/Users/liuziqi/Documents/西大Graduate/Project_base/Code/Meng_ProjectBased_DetectCodeSimilar/code-sim/results/formal-v1/batch5/pairs/R00391/right/Main.java
R00392,s775714098.java,p02415,/Users/liuziqi/Documents/西大Graduate/Project_base/Code/Meng_ProjectBased_DetectCodeSimilar/code-sim/results/formal-v1/batch5/pairs/R00392/left/Main.java,/Users/liuziqi/Documents/西大Graduate/Project_base/Code/Meng_ProjectBased_DetectCodeSimilar/code-sim/results/formal-v1/batch5/pairs/R00392/right/Main.java
R00393,s402907480.java,p02783,/Users/liuziqi/Documents/西大Graduate/Project_base/Code/Meng_ProjectBased_DetectCodeSimilar/code-sim/results/formal-v1/batch5/pairs/R00393/left/Main.java,/Users/liuziqi/Documents/西大Graduate/Project_base/Code/Meng_ProjectBased_DetectCodeSimilar/code-sim/results/formal-v1/batch5/pairs/R00393/right/Main.java
R00394,s176431571.java,p03087,/Users/liuziqi/Documents/西大Graduate/Project_base/Code/Meng_ProjectBased_DetectCodeSimilar/code-sim/results/formal-v1/batch5/pairs/R00394/left/Main.java,/Users/liuziqi/Documents/西大Graduate/Project_base/Code/Meng_ProjectBased_DetectCodeSimilar/code-sim/results/formal-v1/batch5/pairs/R00394/right/Main.java
R00395,s290134394.java,p03370,/Users/liuziqi/Documents/西大Graduate/Project_base/Code/Meng_ProjectBased_DetectCodeSimilar/code-sim/results/formal-v1/batch5/pairs/R00395/left/Main.java,/Users/liuziqi/Documents/西大Graduate/Project_base/Code/Meng_ProjectBased_DetectCodeSimilar/code-sim/results/formal-v1/batch5/pairs/R00395/right/Main.java
R00396,s773721208.java,p02898,/Users/liuziqi/Documents/西大Graduate/Project_base/Code/Meng_ProjectBased_DetectCodeSimilar/code-sim/results/formal-v1/batch5/pairs/R00396/left/Main.java,/Users/liuziqi/Documents/西大Graduate/Project_base/Code/Meng_ProjectBased_DetectCodeSimilar/code-sim/results/formal-v1/batch5/pairs/R00396/right/Main.java
R00397,s331249208.java,p03146,/Users/liuziqi/Documents/西大Graduate/Project_base/Code/Meng_ProjectBased_DetectCodeSimilar/code-sim/results/formal-v1/batch5/pairs/R00397/left/Main.java,/Users/liuziqi/Documents/西大Graduate/Project_base/Code/Meng_ProjectBased_DetectCodeSimilar/code-sim/results/formal-v1/batch5/pairs/R00397/right/Main.java
R00398,s088096315.java,p03161,/Users/liuziqi/Documents/西大Graduate/Project_base/Code/Meng_ProjectBased_DetectCodeSimilar/code-sim/results/formal-v1/batch5/pairs/R00398/left/Main.java,/Users/liuziqi/Documents/西大Graduate/Project_base/Code/Meng_ProjectBased_DetectCodeSimilar/code-sim/results/formal-v1/batch5/pairs/R00398/right/Main.java
R00399,s657006463.java,p03371,/Users/liuziqi/Documents/西大Graduate/Project_base/Code/Meng_ProjectBased_DetectCodeSimilar/code-sim/results/formal-v1/batch5/pairs/R00399/left/Main.java,/Users/liuziqi/Documents/西大Graduate/Project_base/Code/Meng_ProjectBased_DetectCodeSimilar/code-sim/results/formal-v1/batch5/pairs/R00399/right/Main.java
R00400,s191051390.java,p02917,/Users/liuziqi/Documents/西大Graduate/Project_base/Code/Meng_ProjectBased_DetectCodeSimilar/code-sim/results/formal-v1/batch5/pairs/R00400/left/Main.java,/Users/liuziqi/Documents/西大Graduate/Project_base/Code/Meng_ProjectBased_DetectCodeSimilar/code-sim/results/formal-v1/batch5/pairs/R00400/right/Main.java
R00401,s683388153.java,p02812,/Users/liuziqi/Documents/西大Graduate/Project_base/Code/Meng_ProjectBased_DetectCodeSimilar/code-sim/results/formal-v1/batch5/pairs/R00401/left/Main.java,/Users/liuziqi/Documents/西大Graduate/Project_base/Code/Meng_ProjectBased_DetectCodeSimilar/code-sim/results/formal-v1/batch5/pairs/R00401/right/Main.java
R00402,s964919216.java,p02693,/Users/liuziqi/Documents/西大Graduate/Project_base/Code/Meng_ProjectBased_DetectCodeSimilar/code-sim/results/formal-v1/batch5/pairs/R00402/left/Main.java,/Users/liuziqi/Documents/西大Graduate/Project_base/Code/Meng_ProjectBased_DetectCodeSimilar/code-sim/results/formal-v1/batch5/pairs/R00402/right/Main.java
R00403,s908980453.java,p02848,/Users/liuziqi/Documents/西大Graduate/Project_base/Code/Meng_ProjectBased_DetectCodeSimilar/code-sim/results/formal-v1/batch5/pairs/R00403/left/Main.java,/Users/liuziqi/Documents/西大Graduate/Project_base/Code/Meng_ProjectBased_DetectCodeSimilar/code-sim/results/formal-v1/batch5/pairs/R00403/right/Main.java
R00404,s370091671.java,p02802,/Users/liuziqi/Documents/西大Graduate/Project_base/Code/Meng_ProjectBased_DetectCodeSimilar/code-sim/results/formal-v1/batch5/pairs/R00404/left/Main.java,/Users/liuziqi/Documents/西大Graduate/Project_base/Code/Meng_ProjectBased_DetectCodeSimilar/code-sim/results/formal-v1/batch5/pairs/R00404/right/Main.java
R00405,s891133204.java,p02953,/Users/liuziqi/Documents/西大Graduate/Project_base/Code/Meng_ProjectBased_DetectCodeSimilar/code-sim/results/formal-v1/batch5/pairs/R00405/left/Main.java,/Users/liuziqi/Documents/西大Graduate/Project_base/Code/Meng_ProjectBased_DetectCodeSimilar/code-sim/results/formal-v1/batch5/pairs/R00405/right/Main.java
R00406,s498327487.java,p02935,/Users/liuziqi/Documents/西大Graduate/Project_base/Code/Meng_ProjectBased_DetectCodeSimilar/code-sim/results/formal-v1/batch5/pairs/R00406/left/Main.java,/Users/liuziqi/Documents/西大Graduate/Project_base/Code/Meng_ProjectBased_DetectCodeSimilar/code-sim/results/formal-v1/batch5/pairs/R00406/right/Main.java
R00407,s988191961.java,p02420,/Users/liuziqi/Documents/西大Graduate/Project_base/Code/Meng_ProjectBased_DetectCodeSimilar/code-sim/results/formal-v1/batch5/pairs/R00407/left/Main.java,/Users/liuziqi/Documents/西大Graduate/Project_base/Code/Meng_ProjectBased_DetectCodeSimilar/code-sim/results/formal-v1/batch5/pairs/R00407/right/Main.java
R00408,s281036660.java,p03147,/Users/liuziqi/Documents/西大Graduate/Project_base/Code/Meng_ProjectBased_DetectCodeSimilar/code-sim/results/formal-v1/batch5/pairs/R00408/left/Main.java,/Users/liuziqi/Documents/西大Graduate/Project_base/Code/Meng_ProjectBased_DetectCodeSimilar/code-sim/results/formal-v1/batch5/pairs/R00408/right/Main.java
R00409,s088412342.java,p03680,/Users/liuziqi/Documents/西大Graduate/Project_base/Code/Meng_ProjectBased_DetectCodeSimilar/code-sim/results/formal-v1/batch5/pairs/R00409/left/Main.java,/Users/liuziqi/Documents/西大Graduate/Project_base/Code/Meng_ProjectBased_DetectCodeSimilar/code-sim/results/formal-v1/batch5/pairs/R00409/right/Main.java
R00410,s727325642.java,p03471,/Users/liuziqi/Documents/西大Graduate/Project_base/Code/Meng_ProjectBased_DetectCodeSimilar/code-sim/results/formal-v1/batch5/pairs/R00410/left/Main.java,/Users/liuziqi/Documents/西大Graduate/Project_base/Code/Meng_ProjectBased_DetectCodeSimilar/code-sim/results/formal-v1/batch5/pairs/R00410/right/Main.java
R00411,s260283471.java,p02971,/Users/liuziqi/Documents/西大Graduate/Project_base/Code/Meng_ProjectBased_DetectCodeSimilar/code-sim/results/formal-v1/batch5/pairs/R00411/left/Main.java,/Users/liuziqi/Documents/西大Graduate/Project_base/Code/Meng_ProjectBased_DetectCodeSimilar/code-sim/results/formal-v1/batch5/pairs/R00411/right/Main.java
R00412,s232760742.java,p03360,/Users/liuziqi/Documents/西大Graduate/Project_base/Code/Meng_ProjectBased_DetectCodeSimilar/code-sim/results/formal-v1/batch5/pairs/R00412/left/Main.java,/Users/liuziqi/Documents/西大Graduate/Project_base/Code/Meng_ProjectBased_DetectCodeSimilar/code-sim/results/formal-v1/batch5/pairs/R00412/right/Main.java
R00413,s201327628.java,p03146,/Users/liuziqi/Documents/西大Graduate/Project_base/Code/Meng_ProjectBased_DetectCodeSimilar/code-sim/results/formal-v1/batch5/pairs/R00413/left/Main.java,/Users/liuziqi/Documents/西大Graduate/Project_base/Code/Meng_ProjectBased_DetectCodeSimilar/code-sim/results/formal-v1/batch5/pairs/R00413/right/Main.java
R00414,s961791456.java,p02409,/Users/liuziqi/Documents/西大Graduate/Project_base/Code/Meng_ProjectBased_DetectCodeSimilar/code-sim/results/formal-v1/batch5/pairs/R00414/left/Main.java,/Users/liuziqi/Documents/西大Graduate/Project_base/Code/Meng_ProjectBased_DetectCodeSimilar/code-sim/results/formal-v1/batch5/pairs/R00414/right/Main.java
R00415,s424437722.java,p03457,/Users/liuziqi/Documents/西大Graduate/Project_base/Code/Meng_ProjectBased_DetectCodeSimilar/code-sim/results/formal-v1/batch5/pairs/R00415/left/Main.java,/Users/liuziqi/Documents/西大Graduate/Project_base/Code/Meng_ProjectBased_DetectCodeSimilar/code-sim/results/formal-v1/batch5/pairs/R00415/right/Main.java
R00416,s189858072.java,p02767,/Users/liuziqi/Documents/西大Graduate/Project_base/Code/Meng_ProjectBased_DetectCodeSimilar/code-sim/results/formal-v1/batch5/pairs/R00416/left/Main.java,/Users/liuziqi/Documents/西大Graduate/Project_base/Code/Meng_ProjectBased_DetectCodeSimilar/code-sim/results/formal-v1/batch5/pairs/R00416/right/Main.java
R00417,s393085765.java,p02898,/Users/liuziqi/Documents/西大Graduate/Project_base/Code/Meng_ProjectBased_DetectCodeSimilar/code-sim/results/formal-v1/batch5/pairs/R00417/left/Main.java,/Users/liuziqi/Documents/西大Graduate/Project_base/Code/Meng_ProjectBased_DetectCodeSimilar/code-sim/results/formal-v1/batch5/pairs/R00417/right/Main.java
R00418,s059668502.java,p03449,/Users/liuziqi/Documents/西大Graduate/Project_base/Code/Meng_ProjectBased_DetectCodeSimilar/code-sim/results/formal-v1/batch5/pairs/R00418/left/Main.java,/Users/liuziqi/Documents/西大Graduate/Project_base/Code/Meng_ProjectBased_DetectCodeSimilar/code-sim/results/formal-v1/batch5/pairs/R00418/right/Main.java
R00419,s087342607.java,p03136,/Users/liuziqi/Documents/西大Graduate/Project_base/Code/Meng_ProjectBased_DetectCodeSimilar/code-sim/results/formal-v1/batch5/pairs/R00419/left/Main.java,/Users/liuziqi/Documents/西大Graduate/Project_base/Code/Meng_ProjectBased_DetectCodeSimilar/code-sim/results/formal-v1/batch5/pairs/R00419/right/Main.java
R00420,s446826043.java,p02779,/Users/liuziqi/Documents/西大Graduate/Project_base/Code/Meng_ProjectBased_DetectCodeSimilar/code-sim/results/formal-v1/batch5/pairs/R00420/left/Main.java,/Users/liuziqi/Documents/西大Graduate/Project_base/Code/Meng_ProjectBased_DetectCodeSimilar/code-sim/results/formal-v1/batch5/pairs/R00420/right/Main.java
R00421,s914561696.java,p02403,/Users/liuziqi/Documents/西大Graduate/Project_base/Code/Meng_ProjectBased_DetectCodeSimilar/code-sim/results/formal-v1/batch5/pairs/R00421/left/Main.java,/Users/liuziqi/Documents/西大Graduate/Project_base/Code/Meng_ProjectBased_DetectCodeSimilar/code-sim/results/formal-v1/batch5/pairs/R00421/right/Main.java
R00422,s789765701.java,p02777,/Users/liuziqi/Documents/西大Graduate/Project_base/Code/Meng_ProjectBased_DetectCodeSimilar/code-sim/results/formal-v1/batch5/pairs/R00422/left/Main.java,/Users/liuziqi/Documents/西大Graduate/Project_base/Code/Meng_ProjectBased_DetectCodeSimilar/code-sim/results/formal-v1/batch5/pairs/R00422/right/Main.java
R00423,s242664661.java,p03814,/Users/liuziqi/Documents/西大Graduate/Project_base/Code/Meng_ProjectBased_DetectCodeSimilar/code-sim/results/formal-v1/batch5/pairs/R00423/left/Main.java,/Users/liuziqi/Documents/西大Graduate/Project_base/Code/Meng_ProjectBased_DetectCodeSimilar/code-sim/results/formal-v1/batch5/pairs/R00423/right/Main.java
R00424,s448928656.java,p02659,/Users/liuziqi/Documents/西大Graduate/Project_base/Code/Meng_ProjectBased_DetectCodeSimilar/code-sim/results/formal-v1/batch5/pairs/R00424/left/Main.java,/Users/liuziqi/Documents/西大Graduate/Project_base/Code/Meng_ProjectBased_DetectCodeSimilar/code-sim/results/formal-v1/batch5/pairs/R00424/right/Main.java
R00425,s924177895.java,p03814,/Users/liuziqi/Documents/西大Graduate/Project_base/Code/Meng_ProjectBased_DetectCodeSimilar/code-sim/results/formal-v1/batch5/pairs/R00425/left/Main.java,/Users/liuziqi/Documents/西大Graduate/Project_base/Code/Meng_ProjectBased_DetectCodeSimilar/code-sim/results/formal-v1/batch5/pairs/R00425/right/Main.java
R00426,s368877325.java,p02982,/Users/liuziqi/Documents/西大Graduate/Project_base/Code/Meng_ProjectBased_DetectCodeSimilar/code-sim/results/formal-v1/batch5/pairs/R00426/left/Main.java,/Users/liuziqi/Documents/西大Graduate/Project_base/Code/Meng_ProjectBased_DetectCodeSimilar/code-sim/results/formal-v1/batch5/pairs/R00426/right/Main.java
R00427,s784153817.java,p03087,/Users/liuziqi/Documents/西大Graduate/Project_base/Code/Meng_ProjectBased_DetectCodeSimilar/code-sim/results/formal-v1/batch5/pairs/R00427/left/Main.java,/Users/liuziqi/Documents/西大Graduate/Project_base/Code/Meng_ProjectBased_DetectCodeSimilar/code-sim/results/formal-v1/batch5/pairs/R00427/right/Main.java
R00428,s207987806.java,p02886,/Users/liuziqi/Documents/西大Graduate/Project_base/Code/Meng_ProjectBased_DetectCodeSimilar/code-sim/results/formal-v1/batch5/pairs/R00428/left/Main.java,/Users/liuziqi/Documents/西大Graduate/Project_base/Code/Meng_ProjectBased_DetectCodeSimilar/code-sim/results/formal-v1/batch5/pairs/R00428/right/Main.java
R00429,s320283327.java,p02766,/Users/liuziqi/Documents/西大Graduate/Project_base/Code/Meng_ProjectBased_DetectCodeSimilar/code-sim/results/formal-v1/batch5/pairs/R00429/left/Main.java,/Users/liuziqi/Documents/西大Graduate/Project_base/Code/Meng_ProjectBased_DetectCodeSimilar/code-sim/results/formal-v1/batch5/pairs/R00429/right/Main.java
R00430,s996973283.java,p02259,/Users/liuziqi/Documents/西大Graduate/Project_base/Code/Meng_ProjectBased_DetectCodeSimilar/code-sim/results/formal-v1/batch5/pairs/R00430/left/Main.java,/Users/liuziqi/Documents/西大Graduate/Project_base/Code/Meng_ProjectBased_DetectCodeSimilar/code-sim/results/formal-v1/batch5/pairs/R00430/right/Main.java
R00431,s790955287.java,p02701,/Users/liuziqi/Documents/西大Graduate/Project_base/Code/Meng_ProjectBased_DetectCodeSimilar/code-sim/results/formal-v1/batch5/pairs/R00431/left/Main.java,/Users/liuziqi/Documents/西大Graduate/Project_base/Code/Meng_ProjectBased_DetectCodeSimilar/code-sim/results/formal-v1/batch5/pairs/R00431/right/Main.java
R00432,s480156901.java,p02785,/Users/liuziqi/Documents/西大Graduate/Project_base/Code/Meng_ProjectBased_DetectCodeSimilar/code-sim/results/formal-v1/batch5/pairs/R00432/left/Main.java,/Users/liuziqi/Documents/西大Graduate/Project_base/Code/Meng_ProjectBased_DetectCodeSimilar/code-sim/results/formal-v1/batch5/pairs/R00432/right/Main.java
R00433,s970905959.java,p02552,/Users/liuziqi/Documents/西大Graduate/Project_base/Code/Meng_ProjectBased_DetectCodeSimilar/code-sim/results/formal-v1/batch5/pairs/R00433/left/Main.java,/Users/liuziqi/Documents/西大Graduate/Project_base/Code/Meng_ProjectBased_DetectCodeSimilar/code-sim/results/formal-v1/batch5/pairs/R00433/right/Main.java
R00434,s405989353.java,p02779,/Users/liuziqi/Documents/西大Graduate/Project_base/Code/Meng_ProjectBased_DetectCodeSimilar/code-sim/results/formal-v1/batch5/pairs/R00434/left/Main.java,/Users/liuziqi/Documents/西大Graduate/Project_base/Code/Meng_ProjectBased_DetectCodeSimilar/code-sim/results/formal-v1/batch5/pairs/R00434/right/Main.java
R00435,s051374303.java,p03695,/Users/liuziqi/Documents/西大Graduate/Project_base/Code/Meng_ProjectBased_DetectCodeSimilar/code-sim/results/formal-v1/batch5/pairs/R00435/left/Main.java,/Users/liuziqi/Documents/西大Graduate/Project_base/Code/Meng_ProjectBased_DetectCodeSimilar/code-sim/results/formal-v1/batch5/pairs/R00435/right/Main.java
R00436,s702914974.java,p03998,/Users/liuziqi/Documents/西大Graduate/Project_base/Code/Meng_ProjectBased_DetectCodeSimilar/code-sim/results/formal-v1/batch5/pairs/R00436/left/Main.java,/Users/liuziqi/Documents/西大Graduate/Project_base/Code/Meng_ProjectBased_DetectCodeSimilar/code-sim/results/formal-v1/batch5/pairs/R00436/right/Main.java
R00437,s630878651.java,p02392,/Users/liuziqi/Documents/西大Graduate/Project_base/Code/Meng_ProjectBased_DetectCodeSimilar/code-sim/results/formal-v1/batch5/pairs/R00437/left/Main.java,/Users/liuziqi/Documents/西大Graduate/Project_base/Code/Meng_ProjectBased_DetectCodeSimilar/code-sim/results/formal-v1/batch5/pairs/R00437/right/Main.java
R00438,s205371094.java,p02959,/Users/liuziqi/Documents/西大Graduate/Project_base/Code/Meng_ProjectBased_DetectCodeSimilar/code-sim/results/formal-v1/batch5/pairs/R00438/left/Main.java,/Users/liuziqi/Documents/西大Graduate/Project_base/Code/Meng_ProjectBased_DetectCodeSimilar/code-sim/results/formal-v1/batch5/pairs/R00438/right/Main.java
R00439,s595523014.java,p02947,/Users/liuziqi/Documents/西大Graduate/Project_base/Code/Meng_ProjectBased_DetectCodeSimilar/code-sim/results/formal-v1/batch5/pairs/R00439/left/Main.java,/Users/liuziqi/Documents/西大Graduate/Project_base/Code/Meng_ProjectBased_DetectCodeSimilar/code-sim/results/formal-v1/batch5/pairs/R00439/right/Main.java
R00440,s838654483.java,p02767,/Users/liuziqi/Documents/西大Graduate/Project_base/Code/Meng_ProjectBased_DetectCodeSimilar/code-sim/results/formal-v1/batch5/pairs/R00440/left/Main.java,/Users/liuziqi/Documents/西大Graduate/Project_base/Code/Meng_ProjectBased_DetectCodeSimilar/code-sim/results/formal-v1/batch5/pairs/R00440/right/Main.java
R00441,s212951306.java,p03281,/Users/liuziqi/Documents/西大Graduate/Project_base/Code/Meng_ProjectBased_DetectCodeSimilar/code-sim/results/formal-v1/batch5/pairs/R00441/left/Main.java,/Users/liuziqi/Documents/西大Graduate/Project_base/Code/Meng_ProjectBased_DetectCodeSimilar/code-sim/results/formal-v1/batch5/pairs/R00441/right/Main.java
R00442,s125601139.java,p02658,/Users/liuziqi/Documents/西大Graduate/Project_base/Code/Meng_ProjectBased_DetectCodeSimilar/code-sim/results/formal-v1/batch5/pairs/R00442/left/Main.java,/Users/liuziqi/Documents/西大Graduate/Project_base/Code/Meng_ProjectBased_DetectCodeSimilar/code-sim/results/formal-v1/batch5/pairs/R00442/right/Main.java
R00443,s719704600.java,p03471,/Users/liuziqi/Documents/西大Graduate/Project_base/Code/Meng_ProjectBased_DetectCodeSimilar/code-sim/results/formal-v1/batch5/pairs/R00443/left/Main.java,/Users/liuziqi/Documents/西大Graduate/Project_base/Code/Meng_ProjectBased_DetectCodeSimilar/code-sim/results/formal-v1/batch5/pairs/R00443/right/Main.java
R00444,s274449074.java,p02681,/Users/liuziqi/Documents/西大Graduate/Project_base/Code/Meng_ProjectBased_DetectCodeSimilar/code-sim/results/formal-v1/batch5/pairs/R00444/left/Main.java,/Users/liuziqi/Documents/西大Graduate/Project_base/Code/Meng_ProjectBased_DetectCodeSimilar/code-sim/results/formal-v1/batch5/pairs/R00444/right/Main.java
R00445,s154587164.java,p02993,/Users/liuziqi/Documents/西大Graduate/Project_base/Code/Meng_ProjectBased_DetectCodeSimilar/code-sim/results/formal-v1/batch5/pairs/R00445/left/Main.java,/Users/liuziqi/Documents/西大Graduate/Project_base/Code/Meng_ProjectBased_DetectCodeSimilar/code-sim/results/formal-v1/batch5/pairs/R00445/right/Main.java
R00446,s861115647.java,p02773,/Users/liuziqi/Documents/西大Graduate/Project_base/Code/Meng_ProjectBased_DetectCodeSimilar/code-sim/results/formal-v1/batch5/pairs/R00446/left/Main.java,/Users/liuziqi/Documents/西大Graduate/Project_base/Code/Meng_ProjectBased_DetectCodeSimilar/code-sim/results/formal-v1/batch5/pairs/R00446/right/Main.java
R00447,s488706437.java,p02700,/Users/liuziqi/Documents/西大Graduate/Project_base/Code/Meng_ProjectBased_DetectCodeSimilar/code-sim/results/formal-v1/batch5/pairs/R00447/left/Main.java,/Users/liuziqi/Documents/西大Graduate/Project_base/Code/Meng_ProjectBased_DetectCodeSimilar/code-sim/results/formal-v1/batch5/pairs/R00447/right/Main.java
R00448,s399683014.java,p03109,/Users/liuziqi/Documents/西大Graduate/Project_base/Code/Meng_ProjectBased_DetectCodeSimilar/code-sim/results/formal-v1/batch5/pairs/R00448/left/Main.java,/Users/liuziqi/Documents/西大Graduate/Project_base/Code/Meng_ProjectBased_DetectCodeSimilar/code-sim/results/formal-v1/batch5/pairs/R00448/right/Main.java
R00449,s701719796.java,p03136,/Users/liuziqi/Documents/西大Graduate/Project_base/Code/Meng_ProjectBased_DetectCodeSimilar/code-sim/results/formal-v1/batch5/pairs/R00449/left/Main.java,/Users/liuziqi/Documents/西大Graduate/Project_base/Code/Meng_ProjectBased_DetectCodeSimilar/code-sim/results/formal-v1/batch5/pairs/R00449/right/Main.java
R00450,s338309781.java,p03037,/Users/liuziqi/Documents/西大Graduate/Project_base/Code/Meng_ProjectBased_DetectCodeSimilar/code-sim/results/formal-v1/batch5/pairs/R00450/left/Main.java,/Users/liuziqi/Documents/西大Graduate/Project_base/Code/Meng_ProjectBased_DetectCodeSimilar/code-sim/results/formal-v1/batch5/pairs/R00450/right/Main.java
R00451,s512214288.java,p02848,/Users/liuziqi/Documents/西大Graduate/Project_base/Code/Meng_ProjectBased_DetectCodeSimilar/code-sim/results/formal-v1/batch5/pairs/R00451/left/Main.java,/Users/liuziqi/Documents/西大Graduate/Project_base/Code/Meng_ProjectBased_DetectCodeSimilar/code-sim/results/formal-v1/batch5/pairs/R00451/right/Main.java
R00452,s522305699.java,p03239,/Users/liuziqi/Documents/西大Graduate/Project_base/Code/Meng_ProjectBased_DetectCodeSimilar/code-sim/results/formal-v1/batch5/pairs/R00452/left/Main.java,/Users/liuziqi/Documents/西大Graduate/Project_base/Code/Meng_ProjectBased_DetectCodeSimilar/code-sim/results/formal-v1/batch5/pairs/R00452/right/Main.java
R00453,s876541652.java,p03102,/Users/liuziqi/Documents/西大Graduate/Project_base/Code/Meng_ProjectBased_DetectCodeSimilar/code-sim/results/formal-v1/batch5/pairs/R00453/left/Main.java,/Users/liuziqi/Documents/西大Graduate/Project_base/Code/Meng_ProjectBased_DetectCodeSimilar/code-sim/results/formal-v1/batch5/pairs/R00453/right/Main.java
R00454,s804593009.java,p02547,/Users/liuziqi/Documents/西大Graduate/Project_base/Code/Meng_ProjectBased_DetectCodeSimilar/code-sim/results/formal-v1/batch5/pairs/R00454/left/Main.java,/Users/liuziqi/Documents/西大Graduate/Project_base/Code/Meng_ProjectBased_DetectCodeSimilar/code-sim/results/formal-v1/batch5/pairs/R00454/right/Main.java
R00455,s624683042.java,p02779,/Users/liuziqi/Documents/西大Graduate/Project_base/Code/Meng_ProjectBased_DetectCodeSimilar/code-sim/results/formal-v1/batch5/pairs/R00455/left/Main.java,/Users/liuziqi/Documents/西大Graduate/Project_base/Code/Meng_ProjectBased_DetectCodeSimilar/code-sim/results/formal-v1/batch5/pairs/R00455/right/Main.java
R00456,s689742910.java,p02832,/Users/liuziqi/Documents/西大Graduate/Project_base/Code/Meng_ProjectBased_DetectCodeSimilar/code-sim/results/formal-v1/batch5/pairs/R00456/left/Main.java,/Users/liuziqi/Documents/西大Graduate/Project_base/Code/Meng_ProjectBased_DetectCodeSimilar/code-sim/results/formal-v1/batch5/pairs/R00456/right/Main.java
R00457,s920532132.java,p02414,/Users/liuziqi/Documents/西大Graduate/Project_base/Code/Meng_ProjectBased_DetectCodeSimilar/code-sim/results/formal-v1/batch5/pairs/R00457/left/Main.java,/Users/liuziqi/Documents/西大Graduate/Project_base/Code/Meng_ProjectBased_DetectCodeSimilar/code-sim/results/formal-v1/batch5/pairs/R00457/right/Main.java
R00458,s454678504.java,p03434,/Users/liuziqi/Documents/西大Graduate/Project_base/Code/Meng_ProjectBased_DetectCodeSimilar/code-sim/results/formal-v1/batch5/pairs/R00458/left/Main.java,/Users/liuziqi/Documents/西大Graduate/Project_base/Code/Meng_ProjectBased_DetectCodeSimilar/code-sim/results/formal-v1/batch5/pairs/R00458/right/Main.java
R00459,s540122245.java,p02730,/Users/liuziqi/Documents/西大Graduate/Project_base/Code/Meng_ProjectBased_DetectCodeSimilar/code-sim/results/formal-v1/batch5/pairs/R00459/left/Main.java,/Users/liuziqi/Documents/西大Graduate/Project_base/Code/Meng_ProjectBased_DetectCodeSimilar/code-sim/results/formal-v1/batch5/pairs/R00459/right/Main.java
R00460,s623890349.java,p02676,/Users/liuziqi/Documents/西大Graduate/Project_base/Code/Meng_ProjectBased_DetectCodeSimilar/code-sim/results/formal-v1/batch5/pairs/R00460/left/Main.java,/Users/liuziqi/Documents/西大Graduate/Project_base/Code/Meng_ProjectBased_DetectCodeSimilar/code-sim/results/formal-v1/batch5/pairs/R00460/right/Main.java
R00461,s178799718.java,p02404,/Users/liuziqi/Documents/西大Graduate/Project_base/Code/Meng_ProjectBased_DetectCodeSimilar/code-sim/results/formal-v1/batch5/pairs/R00461/left/Main.java,/Users/liuziqi/Documents/西大Graduate/Project_base/Code/Meng_ProjectBased_DetectCodeSimilar/code-sim/results/formal-v1/batch5/pairs/R00461/right/Main.java
R00462,s267907379.java,p02791,/Users/liuziqi/Documents/西大Graduate/Project_base/Code/Meng_ProjectBased_DetectCodeSimilar/code-sim/results/formal-v1/batch5/pairs/R00462/left/Main.java,/Users/liuziqi/Documents/西大Graduate/Project_base/Code/Meng_ProjectBased_DetectCodeSimilar/code-sim/results/formal-v1/batch5/pairs/R00462/right/Main.java
R00463,s912972767.java,p02959,/Users/liuziqi/Documents/西大Graduate/Project_base/Code/Meng_ProjectBased_DetectCodeSimilar/code-sim/results/formal-v1/batch5/pairs/R00463/left/Main.java,/Users/liuziqi/Documents/西大Graduate/Project_base/Code/Meng_ProjectBased_DetectCodeSimilar/code-sim/results/formal-v1/batch5/pairs/R00463/right/Main.java
R00464,s500538425.java,p03378,/Users/liuziqi/Documents/西大Graduate/Project_base/Code/Meng_ProjectBased_DetectCodeSimilar/code-sim/results/formal-v1/batch5/pairs/R00464/left/Main.java,/Users/liuziqi/Documents/西大Graduate/Project_base/Code/Meng_ProjectBased_DetectCodeSimilar/code-sim/results/formal-v1/batch5/pairs/R00464/right/Main.java
R00465,s297084727.java,p03545,/Users/liuziqi/Documents/西大Graduate/Project_base/Code/Meng_ProjectBased_DetectCodeSimilar/code-sim/results/formal-v1/batch5/pairs/R00465/left/Main.java,/Users/liuziqi/Documents/西大Graduate/Project_base/Code/Meng_ProjectBased_DetectCodeSimilar/code-sim/results/formal-v1/batch5/pairs/R00465/right/Main.java
R00466,s833388693.java,p03013,/Users/liuziqi/Documents/西大Graduate/Project_base/Code/Meng_ProjectBased_DetectCodeSimilar/code-sim/results/formal-v1/batch5/pairs/R00466/left/Main.java,/Users/liuziqi/Documents/西大Graduate/Project_base/Code/Meng_ProjectBased_DetectCodeSimilar/code-sim/results/formal-v1/batch5/pairs/R00466/right/Main.java
R00467,s948342146.java,p02707,/Users/liuziqi/Documents/西大Graduate/Project_base/Code/Meng_ProjectBased_DetectCodeSimilar/code-sim/results/formal-v1/batch5/pairs/R00467/left/Main.java,/Users/liuziqi/Documents/西大Graduate/Project_base/Code/Meng_ProjectBased_DetectCodeSimilar/code-sim/results/formal-v1/batch5/pairs/R00467/right/Main.java
R00468,s814548673.java,p03076,/Users/liuziqi/Documents/西大Graduate/Project_base/Code/Meng_ProjectBased_DetectCodeSimilar/code-sim/results/formal-v1/batch5/pairs/R00468/left/Main.java,/Users/liuziqi/Documents/西大Graduate/Project_base/Code/Meng_ProjectBased_DetectCodeSimilar/code-sim/results/formal-v1/batch5/pairs/R00468/right/Main.java
R00469,s695292919.java,p03012,/Users/liuziqi/Documents/西大Graduate/Project_base/Code/Meng_ProjectBased_DetectCodeSimilar/code-sim/results/formal-v1/batch5/pairs/R00469/left/Main.java,/Users/liuziqi/Documents/西大Graduate/Project_base/Code/Meng_ProjectBased_DetectCodeSimilar/code-sim/results/formal-v1/batch5/pairs/R00469/right/Main.java
R00470,s247455238.java,p02410,/Users/liuziqi/Documents/西大Graduate/Project_base/Code/Meng_ProjectBased_DetectCodeSimilar/code-sim/results/formal-v1/batch5/pairs/R00470/left/Main.java,/Users/liuziqi/Documents/西大Graduate/Project_base/Code/Meng_ProjectBased_DetectCodeSimilar/code-sim/results/formal-v1/batch5/pairs/R00470/right/Main.java
R00471,s299988917.java,p03011,/Users/liuziqi/Documents/西大Graduate/Project_base/Code/Meng_ProjectBased_DetectCodeSimilar/code-sim/results/formal-v1/batch5/pairs/R00471/left/Main.java,/Users/liuziqi/Documents/西大Graduate/Project_base/Code/Meng_ProjectBased_DetectCodeSimilar/code-sim/results/formal-v1/batch5/pairs/R00471/right/Main.java
R00472,s796936653.java,p04030,/Users/liuziqi/Documents/西大Graduate/Project_base/Code/Meng_ProjectBased_DetectCodeSimilar/code-sim/results/formal-v1/batch5/pairs/R00472/left/Main.java,/Users/liuziqi/Documents/西大Graduate/Project_base/Code/Meng_ProjectBased_DetectCodeSimilar/code-sim/results/formal-v1/batch5/pairs/R00472/right/Main.java
R00473,s681810498.java,p03001,/Users/liuziqi/Documents/西大Graduate/Project_base/Code/Meng_ProjectBased_DetectCodeSimilar/code-sim/results/formal-v1/batch5/pairs/R00473/left/Main.java,/Users/liuziqi/Documents/西大Graduate/Project_base/Code/Meng_ProjectBased_DetectCodeSimilar/code-sim/results/formal-v1/batch5/pairs/R00473/right/Main.java
R00474,s841651731.java,p04044,/Users/liuziqi/Documents/西大Graduate/Project_base/Code/Meng_ProjectBased_DetectCodeSimilar/code-sim/results/formal-v1/batch5/pairs/R00474/left/Main.java,/Users/liuziqi/Documents/西大Graduate/Project_base/Code/Meng_ProjectBased_DetectCodeSimilar/code-sim/results/formal-v1/batch5/pairs/R00474/right/Main.java
R00475,s023565660.java,p03239,/Users/liuziqi/Documents/西大Graduate/Project_base/Code/Meng_ProjectBased_DetectCodeSimilar/code-sim/results/formal-v1/batch5/pairs/R00475/left/Main.java,/Users/liuziqi/Documents/西大Graduate/Project_base/Code/Meng_ProjectBased_DetectCodeSimilar/code-sim/results/formal-v1/batch5/pairs/R00475/right/Main.java
R00476,s814810119.java,p03106,/Users/liuziqi/Documents/西大Graduate/Project_base/Code/Meng_ProjectBased_DetectCodeSimilar/code-sim/results/formal-v1/batch5/pairs/R00476/left/Main.java,/Users/liuziqi/Documents/西大Graduate/Project_base/Code/Meng_ProjectBased_DetectCodeSimilar/code-sim/results/formal-v1/batch5/pairs/R00476/right/Main.java
R00477,s746064094.java,p03494,/Users/liuziqi/Documents/西大Graduate/Project_base/Code/Meng_ProjectBased_DetectCodeSimilar/code-sim/results/formal-v1/batch5/pairs/R00477/left/Main.java,/Users/liuziqi/Documents/西大Graduate/Project_base/Code/Meng_ProjectBased_DetectCodeSimilar/code-sim/results/formal-v1/batch5/pairs/R00477/right/Main.java
R00478,s502734701.java,p03449,/Users/liuziqi/Documents/西大Graduate/Project_base/Code/Meng_ProjectBased_DetectCodeSimilar/code-sim/results/formal-v1/batch5/pairs/R00478/left/Main.java,/Users/liuziqi/Documents/西大Graduate/Project_base/Code/Meng_ProjectBased_DetectCodeSimilar/code-sim/results/formal-v1/batch5/pairs/R00478/right/Main.java
R00479,s647080315.java,p03292,/Users/liuziqi/Documents/西大Graduate/Project_base/Code/Meng_ProjectBased_DetectCodeSimilar/code-sim/results/formal-v1/batch5/pairs/R00479/left/Main.java,/Users/liuziqi/Documents/西大Graduate/Project_base/Code/Meng_ProjectBased_DetectCodeSimilar/code-sim/results/formal-v1/batch5/pairs/R00479/right/Main.java
R00480,s778799721.java,p02848,/Users/liuziqi/Documents/西大Graduate/Project_base/Code/Meng_ProjectBased_DetectCodeSimilar/code-sim/results/formal-v1/batch5/pairs/R00480/left/Main.java,/Users/liuziqi/Documents/西大Graduate/Project_base/Code/Meng_ProjectBased_DetectCodeSimilar/code-sim/results/formal-v1/batch5/pairs/R00480/right/Main.java
R00481,s283983773.java,p02772,/Users/liuziqi/Documents/西大Graduate/Project_base/Code/Meng_ProjectBased_DetectCodeSimilar/code-sim/results/formal-v1/batch5/pairs/R00481/left/Main.java,/Users/liuziqi/Documents/西大Graduate/Project_base/Code/Meng_ProjectBased_DetectCodeSimilar/code-sim/results/formal-v1/batch5/pairs/R00481/right/Main.java
R00482,s754814235.java,p02701,/Users/liuziqi/Documents/西大Graduate/Project_base/Code/Meng_ProjectBased_DetectCodeSimilar/code-sim/results/formal-v1/batch5/pairs/R00482/left/Main.java,/Users/liuziqi/Documents/西大Graduate/Project_base/Code/Meng_ProjectBased_DetectCodeSimilar/code-sim/results/formal-v1/batch5/pairs/R00482/right/Main.java
R00483,s228613697.java,p03087,/Users/liuziqi/Documents/西大Graduate/Project_base/Code/Meng_ProjectBased_DetectCodeSimilar/code-sim/results/formal-v1/batch5/pairs/R00483/left/Main.java,/Users/liuziqi/Documents/西大Graduate/Project_base/Code/Meng_ProjectBased_DetectCodeSimilar/code-sim/results/formal-v1/batch5/pairs/R00483/right/Main.java
R00484,s407033721.java,p03378,/Users/liuziqi/Documents/西大Graduate/Project_base/Code/Meng_ProjectBased_DetectCodeSimilar/code-sim/results/formal-v1/batch5/pairs/R00484/left/Main.java,/Users/liuziqi/Documents/西大Graduate/Project_base/Code/Meng_ProjectBased_DetectCodeSimilar/code-sim/results/formal-v1/batch5/pairs/R00484/right/Main.java
R00485,s594744170.java,p02847,/Users/liuziqi/Documents/西大Graduate/Project_base/Code/Meng_ProjectBased_DetectCodeSimilar/code-sim/results/formal-v1/batch5/pairs/R00485/left/Main.java,/Users/liuziqi/Documents/西大Graduate/Project_base/Code/Meng_ProjectBased_DetectCodeSimilar/code-sim/results/formal-v1/batch5/pairs/R00485/right/Main.java
R00486,s185111151.java,p02773,/Users/liuziqi/Documents/西大Graduate/Project_base/Code/Meng_ProjectBased_DetectCodeSimilar/code-sim/results/formal-v1/batch5/pairs/R00486/left/Main.java,/Users/liuziqi/Documents/西大Graduate/Project_base/Code/Meng_ProjectBased_DetectCodeSimilar/code-sim/results/formal-v1/batch5/pairs/R00486/right/Main.java
R00487,s726039819.java,p03814,/Users/liuziqi/Documents/西大Graduate/Project_base/Code/Meng_ProjectBased_DetectCodeSimilar/code-sim/results/formal-v1/batch5/pairs/R00487/left/Main.java,/Users/liuziqi/Documents/西大Graduate/Project_base/Code/Meng_ProjectBased_DetectCodeSimilar/code-sim/results/formal-v1/batch5/pairs/R00487/right/Main.java
R00488,s376660650.java,p02729,/Users/liuziqi/Documents/西大Graduate/Project_base/Code/Meng_ProjectBased_DetectCodeSimilar/code-sim/results/formal-v1/batch5/pairs/R00488/left/Main.java,/Users/liuziqi/Documents/西大Graduate/Project_base/Code/Meng_ProjectBased_DetectCodeSimilar/code-sim/results/formal-v1/batch5/pairs/R00488/right/Main.java
R00489,s615995268.java,p02970,/Users/liuziqi/Documents/西大Graduate/Project_base/Code/Meng_ProjectBased_DetectCodeSimilar/code-sim/results/formal-v1/batch5/pairs/R00489/left/Main.java,/Users/liuziqi/Documents/西大Graduate/Project_base/Code/Meng_ProjectBased_DetectCodeSimilar/code-sim/results/formal-v1/batch5/pairs/R00489/right/Main.java
R00490,s094444581.java,p03378,/Users/liuziqi/Documents/西大Graduate/Project_base/Code/Meng_ProjectBased_DetectCodeSimilar/code-sim/results/formal-v1/batch5/pairs/R00490/left/Main.java,/Users/liuziqi/Documents/西大Graduate/Project_base/Code/Meng_ProjectBased_DetectCodeSimilar/code-sim/results/formal-v1/batch5/pairs/R00490/right/Main.java
R00491,s452036950.java,p02730,/Users/liuziqi/Documents/西大Graduate/Project_base/Code/Meng_ProjectBased_DetectCodeSimilar/code-sim/results/formal-v1/batch5/pairs/R00491/left/Main.java,/Users/liuziqi/Documents/西大Graduate/Project_base/Code/Meng_ProjectBased_DetectCodeSimilar/code-sim/results/formal-v1/batch5/pairs/R00491/right/Main.java
R00492,s949502411.java,p02409,/Users/liuziqi/Documents/西大Graduate/Project_base/Code/Meng_ProjectBased_DetectCodeSimilar/code-sim/results/formal-v1/batch5/pairs/R00492/left/Main.java,/Users/liuziqi/Documents/西大Graduate/Project_base/Code/Meng_ProjectBased_DetectCodeSimilar/code-sim/results/formal-v1/batch5/pairs/R00492/right/Main.java
R00493,s222719100.java,p02675,/Users/liuziqi/Documents/西大Graduate/Project_base/Code/Meng_ProjectBased_DetectCodeSimilar/code-sim/results/formal-v1/batch5/pairs/R00493/left/Main.java,/Users/liuziqi/Documents/西大Graduate/Project_base/Code/Meng_ProjectBased_DetectCodeSimilar/code-sim/results/formal-v1/batch5/pairs/R00493/right/Main.java
R00494,s951800500.java,p02730,/Users/liuziqi/Documents/西大Graduate/Project_base/Code/Meng_ProjectBased_DetectCodeSimilar/code-sim/results/formal-v1/batch5/pairs/R00494/left/Main.java,/Users/liuziqi/Documents/西大Graduate/Project_base/Code/Meng_ProjectBased_DetectCodeSimilar/code-sim/results/formal-v1/batch5/pairs/R00494/right/Main.java
R00495,s756326444.java,p03371,/Users/liuziqi/Documents/西大Graduate/Project_base/Code/Meng_ProjectBased_DetectCodeSimilar/code-sim/results/formal-v1/batch5/pairs/R00495/left/Main.java,/Users/liuziqi/Documents/西大Graduate/Project_base/Code/Meng_ProjectBased_DetectCodeSimilar/code-sim/results/formal-v1/batch5/pairs/R00495/right/Main.java
R00496,s975316356.java,p03695,/Users/liuziqi/Documents/西大Graduate/Project_base/Code/Meng_ProjectBased_DetectCodeSimilar/code-sim/results/formal-v1/batch5/pairs/R00496/left/Main.java,/Users/liuziqi/Documents/西大Graduate/Project_base/Code/Meng_ProjectBased_DetectCodeSimilar/code-sim/results/formal-v1/batch5/pairs/R00496/right/Main.java
R00497,s158608417.java,p02922,/Users/liuziqi/Documents/西大Graduate/Project_base/Code/Meng_ProjectBased_DetectCodeSimilar/code-sim/results/formal-v1/batch5/pairs/R00497/left/Main.java,/Users/liuziqi/Documents/西大Graduate/Project_base/Code/Meng_ProjectBased_DetectCodeSimilar/code-sim/results/formal-v1/batch5/pairs/R00497/right/Main.java
R00498,s236757564.java,p02777,/Users/liuziqi/Documents/西大Graduate/Project_base/Code/Meng_ProjectBased_DetectCodeSimilar/code-sim/results/formal-v1/batch5/pairs/R00498/left/Main.java,/Users/liuziqi/Documents/西大Graduate/Project_base/Code/Meng_ProjectBased_DetectCodeSimilar/code-sim/results/formal-v1/batch5/pairs/R00498/right/Main.java
R00499,s059158856.java,p02881,/Users/liuziqi/Documents/西大Graduate/Project_base/Code/Meng_ProjectBased_DetectCodeSimilar/code-sim/results/formal-v1/batch5/pairs/R00499/left/Main.java,/Users/liuziqi/Documents/西大Graduate/Project_base/Code/Meng_ProjectBased_DetectCodeSimilar/code-sim/results/formal-v1/batch5/pairs/R00499/right/Main.java
R00500,s177921350.java,p03449,/Users/liuziqi/Documents/西大Graduate/Project_base/Code/Meng_ProjectBased_DetectCodeSimilar/code-sim/results/formal-v1/batch5/pairs/R00500/left/Main.java,/Users/liuziqi/Documents/西大Graduate/Project_base/Code/Meng_ProjectBased_DetectCodeSimilar/code-sim/results/formal-v1/batch5/pairs/R00500/right/Main.java
R00501,s190716154.java,p02397,/Users/liuziqi/Documents/西大Graduate/Project_base/Code/Meng_ProjectBased_DetectCodeSimilar/code-sim/results/formal-v1/batch5/pairs/R00501/left/Main.java,/Users/liuziqi/Documents/西大Graduate/Project_base/Code/Meng_ProjectBased_DetectCodeSimilar/code-sim/results/formal-v1/batch5/pairs/R00501/right/Main.java
R00502,s627367056.java,p03037,/Users/liuziqi/Documents/西大Graduate/Project_base/Code/Meng_ProjectBased_DetectCodeSimilar/code-sim/results/formal-v1/batch5/pairs/R00502/left/Main.java,/Users/liuziqi/Documents/西大Graduate/Project_base/Code/Meng_ProjectBased_DetectCodeSimilar/code-sim/results/formal-v1/batch5/pairs/R00502/right/Main.java
R00503,s806027040.java,p02381,/Users/liuziqi/Documents/西大Graduate/Project_base/Code/Meng_ProjectBased_DetectCodeSimilar/code-sim/results/formal-v1/batch5/pairs/R00503/left/Main.java,/Users/liuziqi/Documents/西大Graduate/Project_base/Code/Meng_ProjectBased_DetectCodeSimilar/code-sim/results/formal-v1/batch5/pairs/R00503/right/Main.java
R00504,s440418774.java,p03998,/Users/liuziqi/Documents/西大Graduate/Project_base/Code/Meng_ProjectBased_DetectCodeSimilar/code-sim/results/formal-v1/batch5/pairs/R00504/left/Main.java,/Users/liuziqi/Documents/西大Graduate/Project_base/Code/Meng_ProjectBased_DetectCodeSimilar/code-sim/results/formal-v1/batch5/pairs/R00504/right/Main.java
R00505,s453759257.java,p02613,/Users/liuziqi/Documents/西大Graduate/Project_base/Code/Meng_ProjectBased_DetectCodeSimilar/code-sim/results/formal-v1/batch5/pairs/R00505/left/Main.java,/Users/liuziqi/Documents/西大Graduate/Project_base/Code/Meng_ProjectBased_DetectCodeSimilar/code-sim/results/formal-v1/batch5/pairs/R00505/right/Main.java
R00506,s412129779.java,p02957,/Users/liuziqi/Documents/西大Graduate/Project_base/Code/Meng_ProjectBased_DetectCodeSimilar/code-sim/results/formal-v1/batch5/pairs/R00506/left/Main.java,/Users/liuziqi/Documents/西大Graduate/Project_base/Code/Meng_ProjectBased_DetectCodeSimilar/code-sim/results/formal-v1/batch5/pairs/R00506/right/Main.java
R00507,s042596766.java,p03435,/Users/liuziqi/Documents/西大Graduate/Project_base/Code/Meng_ProjectBased_DetectCodeSimilar/code-sim/results/formal-v1/batch5/pairs/R00507/left/Main.java,/Users/liuziqi/Documents/西大Graduate/Project_base/Code/Meng_ProjectBased_DetectCodeSimilar/code-sim/results/formal-v1/batch5/pairs/R00507/right/Main.java
R00508,s834739492.java,p02860,/Users/liuziqi/Documents/西大Graduate/Project_base/Code/Meng_ProjectBased_DetectCodeSimilar/code-sim/results/formal-v1/batch5/pairs/R00508/left/Main.java,/Users/liuziqi/Documents/西大Graduate/Project_base/Code/Meng_ProjectBased_DetectCodeSimilar/code-sim/results/formal-v1/batch5/pairs/R00508/right/Main.java
R00509,s044829919.java,p03261,/Users/liuziqi/Documents/西大Graduate/Project_base/Code/Meng_ProjectBased_DetectCodeSimilar/code-sim/results/formal-v1/batch5/pairs/R00509/left/Main.java,/Users/liuziqi/Documents/西大Graduate/Project_base/Code/Meng_ProjectBased_DetectCodeSimilar/code-sim/results/formal-v1/batch5/pairs/R00509/right/Main.java
R00510,s091435688.java,p03632,/Users/liuziqi/Documents/西大Graduate/Project_base/Code/Meng_ProjectBased_DetectCodeSimilar/code-sim/results/formal-v1/batch5/pairs/R00510/left/Main.java,/Users/liuziqi/Documents/西大Graduate/Project_base/Code/Meng_ProjectBased_DetectCodeSimilar/code-sim/results/formal-v1/batch5/pairs/R00510/right/Main.java
R00511,s632850293.java,p04012,/Users/liuziqi/Documents/西大Graduate/Project_base/Code/Meng_ProjectBased_DetectCodeSimilar/code-sim/results/formal-v1/batch5/pairs/R00511/left/Main.java,/Users/liuziqi/Documents/西大Graduate/Project_base/Code/Meng_ProjectBased_DetectCodeSimilar/code-sim/results/formal-v1/batch5/pairs/R00511/right/Main.java
R00512,s494472956.java,p02682,/Users/liuziqi/Documents/西大Graduate/Project_base/Code/Meng_ProjectBased_DetectCodeSimilar/code-sim/results/formal-v1/batch5/pairs/R00512/left/Main.java,/Users/liuziqi/Documents/西大Graduate/Project_base/Code/Meng_ProjectBased_DetectCodeSimilar/code-sim/results/formal-v1/batch5/pairs/R00512/right/Main.java
R00513,s159233108.java,p03316,/Users/liuziqi/Documents/西大Graduate/Project_base/Code/Meng_ProjectBased_DetectCodeSimilar/code-sim/results/formal-v1/batch5/pairs/R00513/left/Main.java,/Users/liuziqi/Documents/西大Graduate/Project_base/Code/Meng_ProjectBased_DetectCodeSimilar/code-sim/results/formal-v1/batch5/pairs/R00513/right/Main.java
R00514,s763807049.java,p03352,/Users/liuziqi/Documents/西大Graduate/Project_base/Code/Meng_ProjectBased_DetectCodeSimilar/code-sim/results/formal-v1/batch5/pairs/R00514/left/Main.java,/Users/liuziqi/Documents/西大Graduate/Project_base/Code/Meng_ProjectBased_DetectCodeSimilar/code-sim/results/formal-v1/batch5/pairs/R00514/right/Main.java
R00515,s633399267.java,p02790,/Users/liuziqi/Documents/西大Graduate/Project_base/Code/Meng_ProjectBased_DetectCodeSimilar/code-sim/results/formal-v1/batch5/pairs/R00515/left/Main.java,/Users/liuziqi/Documents/西大Graduate/Project_base/Code/Meng_ProjectBased_DetectCodeSimilar/code-sim/results/formal-v1/batch5/pairs/R00515/right/Main.java
R00516,s662273476.java,p02413,/Users/liuziqi/Documents/西大Graduate/Project_base/Code/Meng_ProjectBased_DetectCodeSimilar/code-sim/results/formal-v1/batch5/pairs/R00516/left/Main.java,/Users/liuziqi/Documents/西大Graduate/Project_base/Code/Meng_ProjectBased_DetectCodeSimilar/code-sim/results/formal-v1/batch5/pairs/R00516/right/Main.java
R00517,s829782771.java,p02784,/Users/liuziqi/Documents/西大Graduate/Project_base/Code/Meng_ProjectBased_DetectCodeSimilar/code-sim/results/formal-v1/batch5/pairs/R00517/left/Main.java,/Users/liuziqi/Documents/西大Graduate/Project_base/Code/Meng_ProjectBased_DetectCodeSimilar/code-sim/results/formal-v1/batch5/pairs/R00517/right/Main.java
R00518,s161438776.java,p02773,/Users/liuziqi/Documents/西大Graduate/Project_base/Code/Meng_ProjectBased_DetectCodeSimilar/code-sim/results/formal-v1/batch5/pairs/R00518/left/Main.java,/Users/liuziqi/Documents/西大Graduate/Project_base/Code/Meng_ProjectBased_DetectCodeSimilar/code-sim/results/formal-v1/batch5/pairs/R00518/right/Main.java
R00519,s786635947.java,p02417,/Users/liuziqi/Documents/西大Graduate/Project_base/Code/Meng_ProjectBased_DetectCodeSimilar/code-sim/results/formal-v1/batch5/pairs/R00519/left/Main.java,/Users/liuziqi/Documents/西大Graduate/Project_base/Code/Meng_ProjectBased_DetectCodeSimilar/code-sim/results/formal-v1/batch5/pairs/R00519/right/Main.java
R00520,s521872412.java,p02259,/Users/liuziqi/Documents/西大Graduate/Project_base/Code/Meng_ProjectBased_DetectCodeSimilar/code-sim/results/formal-v1/batch5/pairs/R00520/left/Main.java,/Users/liuziqi/Documents/西大Graduate/Project_base/Code/Meng_ProjectBased_DetectCodeSimilar/code-sim/results/formal-v1/batch5/pairs/R00520/right/Main.java
R00521,s331867274.java,p02677,/Users/liuziqi/Documents/西大Graduate/Project_base/Code/Meng_ProjectBased_DetectCodeSimilar/code-sim/results/formal-v1/batch5/pairs/R00521/left/Main.java,/Users/liuziqi/Documents/西大Graduate/Project_base/Code/Meng_ProjectBased_DetectCodeSimilar/code-sim/results/formal-v1/batch5/pairs/R00521/right/Main.java
R00522,s039889879.java,p02407,/Users/liuziqi/Documents/西大Graduate/Project_base/Code/Meng_ProjectBased_DetectCodeSimilar/code-sim/results/formal-v1/batch5/pairs/R00522/left/Main.java,/Users/liuziqi/Documents/西大Graduate/Project_base/Code/Meng_ProjectBased_DetectCodeSimilar/code-sim/results/formal-v1/batch5/pairs/R00522/right/Main.java
R00523,s758809264.java,p03449,/Users/liuziqi/Documents/西大Graduate/Project_base/Code/Meng_ProjectBased_DetectCodeSimilar/code-sim/results/formal-v1/batch5/pairs/R00523/left/Main.java,/Users/liuziqi/Documents/西大Graduate/Project_base/Code/Meng_ProjectBased_DetectCodeSimilar/code-sim/results/formal-v1/batch5/pairs/R00523/right/Main.java
R00524,s216448915.java,p02880,/Users/liuziqi/Documents/西大Graduate/Project_base/Code/Meng_ProjectBased_DetectCodeSimilar/code-sim/results/formal-v1/batch5/pairs/R00524/left/Main.java,/Users/liuziqi/Documents/西大Graduate/Project_base/Code/Meng_ProjectBased_DetectCodeSimilar/code-sim/results/formal-v1/batch5/pairs/R00524/right/Main.java
R00525,s481486588.java,p02381,/Users/liuziqi/Documents/西大Graduate/Project_base/Code/Meng_ProjectBased_DetectCodeSimilar/code-sim/results/formal-v1/batch5/pairs/R00525/left/Main.java,/Users/liuziqi/Documents/西大Graduate/Project_base/Code/Meng_ProjectBased_DetectCodeSimilar/code-sim/results/formal-v1/batch5/pairs/R00525/right/Main.java
R00526,s362007713.java,p03448,/Users/liuziqi/Documents/西大Graduate/Project_base/Code/Meng_ProjectBased_DetectCodeSimilar/code-sim/results/formal-v1/batch5/pairs/R00526/left/Main.java,/Users/liuziqi/Documents/西大Graduate/Project_base/Code/Meng_ProjectBased_DetectCodeSimilar/code-sim/results/formal-v1/batch5/pairs/R00526/right/Main.java
R00527,s396432805.java,p02959,/Users/liuziqi/Documents/西大Graduate/Project_base/Code/Meng_ProjectBased_DetectCodeSimilar/code-sim/results/formal-v1/batch5/pairs/R00527/left/Main.java,/Users/liuziqi/Documents/西大Graduate/Project_base/Code/Meng_ProjectBased_DetectCodeSimilar/code-sim/results/formal-v1/batch5/pairs/R00527/right/Main.java
R00528,s880381876.java,p03493,/Users/liuziqi/Documents/西大Graduate/Project_base/Code/Meng_ProjectBased_DetectCodeSimilar/code-sim/results/formal-v1/batch5/pairs/R00528/left/Main.java,/Users/liuziqi/Documents/西大Graduate/Project_base/Code/Meng_ProjectBased_DetectCodeSimilar/code-sim/results/formal-v1/batch5/pairs/R00528/right/Main.java
R00529,s653939442.java,p02711,/Users/liuziqi/Documents/西大Graduate/Project_base/Code/Meng_ProjectBased_DetectCodeSimilar/code-sim/results/formal-v1/batch5/pairs/R00529/left/Main.java,/Users/liuziqi/Documents/西大Graduate/Project_base/Code/Meng_ProjectBased_DetectCodeSimilar/code-sim/results/formal-v1/batch5/pairs/R00529/right/Main.java
R00530,s962165904.java,p02682,/Users/liuziqi/Documents/西大Graduate/Project_base/Code/Meng_ProjectBased_DetectCodeSimilar/code-sim/results/formal-v1/batch5/pairs/R00530/left/Main.java,/Users/liuziqi/Documents/西大Graduate/Project_base/Code/Meng_ProjectBased_DetectCodeSimilar/code-sim/results/formal-v1/batch5/pairs/R00530/right/Main.java
R00531,s731396521.java,p02982,/Users/liuziqi/Documents/西大Graduate/Project_base/Code/Meng_ProjectBased_DetectCodeSimilar/code-sim/results/formal-v1/batch5/pairs/R00531/left/Main.java,/Users/liuziqi/Documents/西大Graduate/Project_base/Code/Meng_ProjectBased_DetectCodeSimilar/code-sim/results/formal-v1/batch5/pairs/R00531/right/Main.java
R00532,s740964735.java,p02832,/Users/liuziqi/Documents/西大Graduate/Project_base/Code/Meng_ProjectBased_DetectCodeSimilar/code-sim/results/formal-v1/batch5/pairs/R00532/left/Main.java,/Users/liuziqi/Documents/西大Graduate/Project_base/Code/Meng_ProjectBased_DetectCodeSimilar/code-sim/results/formal-v1/batch5/pairs/R00532/right/Main.java
R00533,s334417637.java,p03042,/Users/liuziqi/Documents/西大Graduate/Project_base/Code/Meng_ProjectBased_DetectCodeSimilar/code-sim/results/formal-v1/batch5/pairs/R00533/left/Main.java,/Users/liuziqi/Documents/西大Graduate/Project_base/Code/Meng_ProjectBased_DetectCodeSimilar/code-sim/results/formal-v1/batch5/pairs/R00533/right/Main.java
R00534,s967360691.java,p02640,/Users/liuziqi/Documents/西大Graduate/Project_base/Code/Meng_ProjectBased_DetectCodeSimilar/code-sim/results/formal-v1/batch5/pairs/R00534/left/Main.java,/Users/liuziqi/Documents/西大Graduate/Project_base/Code/Meng_ProjectBased_DetectCodeSimilar/code-sim/results/formal-v1/batch5/pairs/R00534/right/Main.java
R00535,s310165787.java,p02988,/Users/liuziqi/Documents/西大Graduate/Project_base/Code/Meng_ProjectBased_DetectCodeSimilar/code-sim/results/formal-v1/batch5/pairs/R00535/left/Main.java,/Users/liuziqi/Documents/西大Graduate/Project_base/Code/Meng_ProjectBased_DetectCodeSimilar/code-sim/results/formal-v1/batch5/pairs/R00535/right/Main.java
R00536,s394723604.java,p03011,/Users/liuziqi/Documents/西大Graduate/Project_base/Code/Meng_ProjectBased_DetectCodeSimilar/code-sim/results/formal-v1/batch5/pairs/R00536/left/Main.java,/Users/liuziqi/Documents/西大Graduate/Project_base/Code/Meng_ProjectBased_DetectCodeSimilar/code-sim/results/formal-v1/batch5/pairs/R00536/right/Main.java
R00537,s332065715.java,p03775,/Users/liuziqi/Documents/西大Graduate/Project_base/Code/Meng_ProjectBased_DetectCodeSimilar/code-sim/results/formal-v1/batch5/pairs/R00537/left/Main.java,/Users/liuziqi/Documents/西大Graduate/Project_base/Code/Meng_ProjectBased_DetectCodeSimilar/code-sim/results/formal-v1/batch5/pairs/R00537/right/Main.java
R00538,s241596353.java,p02916,/Users/liuziqi/Documents/西大Graduate/Project_base/Code/Meng_ProjectBased_DetectCodeSimilar/code-sim/results/formal-v1/batch5/pairs/R00538/left/Main.java,/Users/liuziqi/Documents/西大Graduate/Project_base/Code/Meng_ProjectBased_DetectCodeSimilar/code-sim/results/formal-v1/batch5/pairs/R00538/right/Main.java
R00539,s510857388.java,p02952,/Users/liuziqi/Documents/西大Graduate/Project_base/Code/Meng_ProjectBased_DetectCodeSimilar/code-sim/results/formal-v1/batch5/pairs/R00539/left/Main.java,/Users/liuziqi/Documents/西大Graduate/Project_base/Code/Meng_ProjectBased_DetectCodeSimilar/code-sim/results/formal-v1/batch5/pairs/R00539/right/Main.java
R00540,s981476682.java,p02935,/Users/liuziqi/Documents/西大Graduate/Project_base/Code/Meng_ProjectBased_DetectCodeSimilar/code-sim/results/formal-v1/batch5/pairs/R00540/left/Main.java,/Users/liuziqi/Documents/西大Graduate/Project_base/Code/Meng_ProjectBased_DetectCodeSimilar/code-sim/results/formal-v1/batch5/pairs/R00540/right/Main.java
R00541,s828393085.java,p02772,/Users/liuziqi/Documents/西大Graduate/Project_base/Code/Meng_ProjectBased_DetectCodeSimilar/code-sim/results/formal-v1/batch5/pairs/R00541/left/Main.java,/Users/liuziqi/Documents/西大Graduate/Project_base/Code/Meng_ProjectBased_DetectCodeSimilar/code-sim/results/formal-v1/batch5/pairs/R00541/right/Main.java
R00542,s402554205.java,p03086,/Users/liuziqi/Documents/西大Graduate/Project_base/Code/Meng_ProjectBased_DetectCodeSimilar/code-sim/results/formal-v1/batch5/pairs/R00542/left/Main.java,/Users/liuziqi/Documents/西大Graduate/Project_base/Code/Meng_ProjectBased_DetectCodeSimilar/code-sim/results/formal-v1/batch5/pairs/R00542/right/Main.java
R00543,s753367085.java,p02701,/Users/liuziqi/Documents/西大Graduate/Project_base/Code/Meng_ProjectBased_DetectCodeSimilar/code-sim/results/formal-v1/batch5/pairs/R00543/left/Main.java,/Users/liuziqi/Documents/西大Graduate/Project_base/Code/Meng_ProjectBased_DetectCodeSimilar/code-sim/results/formal-v1/batch5/pairs/R00543/right/Main.java
R00544,s194052028.java,p02706,/Users/liuziqi/Documents/西大Graduate/Project_base/Code/Meng_ProjectBased_DetectCodeSimilar/code-sim/results/formal-v1/batch5/pairs/R00544/left/Main.java,/Users/liuziqi/Documents/西大Graduate/Project_base/Code/Meng_ProjectBased_DetectCodeSimilar/code-sim/results/formal-v1/batch5/pairs/R00544/right/Main.java
R00545,s919475415.java,p02982,/Users/liuziqi/Documents/西大Graduate/Project_base/Code/Meng_ProjectBased_DetectCodeSimilar/code-sim/results/formal-v1/batch5/pairs/R00545/left/Main.java,/Users/liuziqi/Documents/西大Graduate/Project_base/Code/Meng_ProjectBased_DetectCodeSimilar/code-sim/results/formal-v1/batch5/pairs/R00545/right/Main.java
R00546,s909554007.java,p03281,/Users/liuziqi/Documents/西大Graduate/Project_base/Code/Meng_ProjectBased_DetectCodeSimilar/code-sim/results/formal-v1/batch5/pairs/R00546/left/Main.java,/Users/liuziqi/Documents/西大Graduate/Project_base/Code/Meng_ProjectBased_DetectCodeSimilar/code-sim/results/formal-v1/batch5/pairs/R00546/right/Main.java
R00547,s987365079.java,p02886,/Users/liuziqi/Documents/西大Graduate/Project_base/Code/Meng_ProjectBased_DetectCodeSimilar/code-sim/results/formal-v1/batch5/pairs/R00547/left/Main.java,/Users/liuziqi/Documents/西大Graduate/Project_base/Code/Meng_ProjectBased_DetectCodeSimilar/code-sim/results/formal-v1/batch5/pairs/R00547/right/Main.java
R00548,s717547856.java,p02772,/Users/liuziqi/Documents/西大Graduate/Project_base/Code/Meng_ProjectBased_DetectCodeSimilar/code-sim/results/formal-v1/batch5/pairs/R00548/left/Main.java,/Users/liuziqi/Documents/西大Graduate/Project_base/Code/Meng_ProjectBased_DetectCodeSimilar/code-sim/results/formal-v1/batch5/pairs/R00548/right/Main.java
R00549,s801052301.java,p02577,/Users/liuziqi/Documents/西大Graduate/Project_base/Code/Meng_ProjectBased_DetectCodeSimilar/code-sim/results/formal-v1/batch5/pairs/R00549/left/Main.java,/Users/liuziqi/Documents/西大Graduate/Project_base/Code/Meng_ProjectBased_DetectCodeSimilar/code-sim/results/formal-v1/batch5/pairs/R00549/right/Main.java
R00550,s718617297.java,p03071,/Users/liuziqi/Documents/西大Graduate/Project_base/Code/Meng_ProjectBased_DetectCodeSimilar/code-sim/results/formal-v1/batch5/pairs/R00550/left/Main.java,/Users/liuziqi/Documents/西大Graduate/Project_base/Code/Meng_ProjectBased_DetectCodeSimilar/code-sim/results/formal-v1/batch5/pairs/R00550/right/Main.java
R00551,s775038118.java,p02935,/Users/liuziqi/Documents/西大Graduate/Project_base/Code/Meng_ProjectBased_DetectCodeSimilar/code-sim/results/formal-v1/batch5/pairs/R00551/left/Main.java,/Users/liuziqi/Documents/西大Graduate/Project_base/Code/Meng_ProjectBased_DetectCodeSimilar/code-sim/results/formal-v1/batch5/pairs/R00551/right/Main.java
R00552,s758187808.java,p03435,/Users/liuziqi/Documents/西大Graduate/Project_base/Code/Meng_ProjectBased_DetectCodeSimilar/code-sim/results/formal-v1/batch5/pairs/R00552/left/Main.java,/Users/liuziqi/Documents/西大Graduate/Project_base/Code/Meng_ProjectBased_DetectCodeSimilar/code-sim/results/formal-v1/batch5/pairs/R00552/right/Main.java
R00553,s928724870.java,p02410,/Users/liuziqi/Documents/西大Graduate/Project_base/Code/Meng_ProjectBased_DetectCodeSimilar/code-sim/results/formal-v1/batch5/pairs/R00553/left/Main.java,/Users/liuziqi/Documents/西大Graduate/Project_base/Code/Meng_ProjectBased_DetectCodeSimilar/code-sim/results/formal-v1/batch5/pairs/R00553/right/Main.java
R00554,s341984317.java,p02935,/Users/liuziqi/Documents/西大Graduate/Project_base/Code/Meng_ProjectBased_DetectCodeSimilar/code-sim/results/formal-v1/batch5/pairs/R00554/left/Main.java,/Users/liuziqi/Documents/西大Graduate/Project_base/Code/Meng_ProjectBased_DetectCodeSimilar/code-sim/results/formal-v1/batch5/pairs/R00554/right/Main.java
R00555,s911812376.java,p03059,/Users/liuziqi/Documents/西大Graduate/Project_base/Code/Meng_ProjectBased_DetectCodeSimilar/code-sim/results/formal-v1/batch5/pairs/R00555/left/Main.java,/Users/liuziqi/Documents/西大Graduate/Project_base/Code/Meng_ProjectBased_DetectCodeSimilar/code-sim/results/formal-v1/batch5/pairs/R00555/right/Main.java
R00556,s668192468.java,p02911,/Users/liuziqi/Documents/西大Graduate/Project_base/Code/Meng_ProjectBased_DetectCodeSimilar/code-sim/results/formal-v1/batch5/pairs/R00556/left/Main.java,/Users/liuziqi/Documents/西大Graduate/Project_base/Code/Meng_ProjectBased_DetectCodeSimilar/code-sim/results/formal-v1/batch5/pairs/R00556/right/Main.java
R00557,s402271607.java,p03371,/Users/liuziqi/Documents/西大Graduate/Project_base/Code/Meng_ProjectBased_DetectCodeSimilar/code-sim/results/formal-v1/batch5/pairs/R00557/left/Main.java,/Users/liuziqi/Documents/西大Graduate/Project_base/Code/Meng_ProjectBased_DetectCodeSimilar/code-sim/results/formal-v1/batch5/pairs/R00557/right/Main.java
R00558,s008551369.java,p02547,/Users/liuziqi/Documents/西大Graduate/Project_base/Code/Meng_ProjectBased_DetectCodeSimilar/code-sim/results/formal-v1/batch5/pairs/R00558/left/Main.java,/Users/liuziqi/Documents/西大Graduate/Project_base/Code/Meng_ProjectBased_DetectCodeSimilar/code-sim/results/formal-v1/batch5/pairs/R00558/right/Main.java
R00559,s360442046.java,p02694,/Users/liuziqi/Documents/西大Graduate/Project_base/Code/Meng_ProjectBased_DetectCodeSimilar/code-sim/results/formal-v1/batch5/pairs/R00559/left/Main.java,/Users/liuziqi/Documents/西大Graduate/Project_base/Code/Meng_ProjectBased_DetectCodeSimilar/code-sim/results/formal-v1/batch5/pairs/R00559/right/Main.java
R00560,s011912506.java,p02707,/Users/liuziqi/Documents/西大Graduate/Project_base/Code/Meng_ProjectBased_DetectCodeSimilar/code-sim/results/formal-v1/batch5/pairs/R00560/left/Main.java,/Users/liuziqi/Documents/西大Graduate/Project_base/Code/Meng_ProjectBased_DetectCodeSimilar/code-sim/results/formal-v1/batch5/pairs/R00560/right/Main.java
R00561,s586951837.java,p02786,/Users/liuziqi/Documents/西大Graduate/Project_base/Code/Meng_ProjectBased_DetectCodeSimilar/code-sim/results/formal-v1/batch5/pairs/R00561/left/Main.java,/Users/liuziqi/Documents/西大Graduate/Project_base/Code/Meng_ProjectBased_DetectCodeSimilar/code-sim/results/formal-v1/batch5/pairs/R00561/right/Main.java
R00562,s517294417.java,p02916,/Users/liuziqi/Documents/西大Graduate/Project_base/Code/Meng_ProjectBased_DetectCodeSimilar/code-sim/results/formal-v1/batch5/pairs/R00562/left/Main.java,/Users/liuziqi/Documents/西大Graduate/Project_base/Code/Meng_ProjectBased_DetectCodeSimilar/code-sim/results/formal-v1/batch5/pairs/R00562/right/Main.java
R00563,s279858797.java,p02408,/Users/liuziqi/Documents/西大Graduate/Project_base/Code/Meng_ProjectBased_DetectCodeSimilar/code-sim/results/formal-v1/batch5/pairs/R00563/left/Main.java,/Users/liuziqi/Documents/西大Graduate/Project_base/Code/Meng_ProjectBased_DetectCodeSimilar/code-sim/results/formal-v1/batch5/pairs/R00563/right/Main.java
R00564,s667760032.java,p02639,/Users/liuziqi/Documents/西大Graduate/Project_base/Code/Meng_ProjectBased_DetectCodeSimilar/code-sim/results/formal-v1/batch5/pairs/R00564/left/Main.java,/Users/liuziqi/Documents/西大Graduate/Project_base/Code/Meng_ProjectBased_DetectCodeSimilar/code-sim/results/formal-v1/batch5/pairs/R00564/right/Main.java
R00565,s749109441.java,p03324,/Users/liuziqi/Documents/西大Graduate/Project_base/Code/Meng_ProjectBased_DetectCodeSimilar/code-sim/results/formal-v1/batch5/pairs/R00565/left/Main.java,/Users/liuziqi/Documents/西大Graduate/Project_base/Code/Meng_ProjectBased_DetectCodeSimilar/code-sim/results/formal-v1/batch5/pairs/R00565/right/Main.java
R00566,s560880333.java,p02407,/Users/liuziqi/Documents/西大Graduate/Project_base/Code/Meng_ProjectBased_DetectCodeSimilar/code-sim/results/formal-v1/batch5/pairs/R00566/left/Main.java,/Users/liuziqi/Documents/西大Graduate/Project_base/Code/Meng_ProjectBased_DetectCodeSimilar/code-sim/results/formal-v1/batch5/pairs/R00566/right/Main.java
R00567,s183791188.java,p02414,/Users/liuziqi/Documents/西大Graduate/Project_base/Code/Meng_ProjectBased_DetectCodeSimilar/code-sim/results/formal-v1/batch5/pairs/R00567/left/Main.java,/Users/liuziqi/Documents/西大Graduate/Project_base/Code/Meng_ProjectBased_DetectCodeSimilar/code-sim/results/formal-v1/batch5/pairs/R00567/right/Main.java
R00568,s784998965.java,p02260,/Users/liuziqi/Documents/西大Graduate/Project_base/Code/Meng_ProjectBased_DetectCodeSimilar/code-sim/results/formal-v1/batch5/pairs/R00568/left/Main.java,/Users/liuziqi/Documents/西大Graduate/Project_base/Code/Meng_ProjectBased_DetectCodeSimilar/code-sim/results/formal-v1/batch5/pairs/R00568/right/Main.java
R00569,s021394403.java,p02899,/Users/liuziqi/Documents/西大Graduate/Project_base/Code/Meng_ProjectBased_DetectCodeSimilar/code-sim/results/formal-v1/batch5/pairs/R00569/left/Main.java,/Users/liuziqi/Documents/西大Graduate/Project_base/Code/Meng_ProjectBased_DetectCodeSimilar/code-sim/results/formal-v1/batch5/pairs/R00569/right/Main.java
R00570,s876641558.java,p03261,/Users/liuziqi/Documents/西大Graduate/Project_base/Code/Meng_ProjectBased_DetectCodeSimilar/code-sim/results/formal-v1/batch5/pairs/R00570/left/Main.java,/Users/liuziqi/Documents/西大Graduate/Project_base/Code/Meng_ProjectBased_DetectCodeSimilar/code-sim/results/formal-v1/batch5/pairs/R00570/right/Main.java
R00571,s715138403.java,p02987,/Users/liuziqi/Documents/西大Graduate/Project_base/Code/Meng_ProjectBased_DetectCodeSimilar/code-sim/results/formal-v1/batch5/pairs/R00571/left/Main.java,/Users/liuziqi/Documents/西大Graduate/Project_base/Code/Meng_ProjectBased_DetectCodeSimilar/code-sim/results/formal-v1/batch5/pairs/R00571/right/Main.java
R00572,s317303986.java,p02959,/Users/liuziqi/Documents/西大Graduate/Project_base/Code/Meng_ProjectBased_DetectCodeSimilar/code-sim/results/formal-v1/batch5/pairs/R00572/left/Main.java,/Users/liuziqi/Documents/西大Graduate/Project_base/Code/Meng_ProjectBased_DetectCodeSimilar/code-sim/results/formal-v1/batch5/pairs/R00572/right/Main.java
R00573,s760904878.java,p03371,/Users/liuziqi/Documents/西大Graduate/Project_base/Code/Meng_ProjectBased_DetectCodeSimilar/code-sim/results/formal-v1/batch5/pairs/R00573/left/Main.java,/Users/liuziqi/Documents/西大Graduate/Project_base/Code/Meng_ProjectBased_DetectCodeSimilar/code-sim/results/formal-v1/batch5/pairs/R00573/right/Main.java
R00574,s764025857.java,p02970,/Users/liuziqi/Documents/西大Graduate/Project_base/Code/Meng_ProjectBased_DetectCodeSimilar/code-sim/results/formal-v1/batch5/pairs/R00574/left/Main.java,/Users/liuziqi/Documents/西大Graduate/Project_base/Code/Meng_ProjectBased_DetectCodeSimilar/code-sim/results/formal-v1/batch5/pairs/R00574/right/Main.java
R00575,s370087452.java,p02264,/Users/liuziqi/Documents/西大Graduate/Project_base/Code/Meng_ProjectBased_DetectCodeSimilar/code-sim/results/formal-v1/batch5/pairs/R00575/left/Main.java,/Users/liuziqi/Documents/西大Graduate/Project_base/Code/Meng_ProjectBased_DetectCodeSimilar/code-sim/results/formal-v1/batch5/pairs/R00575/right/Main.java
R00576,s341835306.java,p03242,/Users/liuziqi/Documents/西大Graduate/Project_base/Code/Meng_ProjectBased_DetectCodeSimilar/code-sim/results/formal-v1/batch5/pairs/R00576/left/Main.java,/Users/liuziqi/Documents/西大Graduate/Project_base/Code/Meng_ProjectBased_DetectCodeSimilar/code-sim/results/formal-v1/batch5/pairs/R00576/right/Main.java
R00577,s703281641.java,p03075,/Users/liuziqi/Documents/西大Graduate/Project_base/Code/Meng_ProjectBased_DetectCodeSimilar/code-sim/results/formal-v1/batch5/pairs/R00577/left/Main.java,/Users/liuziqi/Documents/西大Graduate/Project_base/Code/Meng_ProjectBased_DetectCodeSimilar/code-sim/results/formal-v1/batch5/pairs/R00577/right/Main.java
R00578,s584465579.java,p03220,/Users/liuziqi/Documents/西大Graduate/Project_base/Code/Meng_ProjectBased_DetectCodeSimilar/code-sim/results/formal-v1/batch5/pairs/R00578/left/Main.java,/Users/liuziqi/Documents/西大Graduate/Project_base/Code/Meng_ProjectBased_DetectCodeSimilar/code-sim/results/formal-v1/batch5/pairs/R00578/right/Main.java
R00579,s020664070.java,p02263,/Users/liuziqi/Documents/西大Graduate/Project_base/Code/Meng_ProjectBased_DetectCodeSimilar/code-sim/results/formal-v1/batch5/pairs/R00579/left/Main.java,/Users/liuziqi/Documents/西大Graduate/Project_base/Code/Meng_ProjectBased_DetectCodeSimilar/code-sim/results/formal-v1/batch5/pairs/R00579/right/Main.java
R00580,s925407857.java,p02958,/Users/liuziqi/Documents/西大Graduate/Project_base/Code/Meng_ProjectBased_DetectCodeSimilar/code-sim/results/formal-v1/batch5/pairs/R00580/left/Main.java,/Users/liuziqi/Documents/西大Graduate/Project_base/Code/Meng_ProjectBased_DetectCodeSimilar/code-sim/results/formal-v1/batch5/pairs/R00580/right/Main.java
R00581,s973056437.java,p02578,/Users/liuziqi/Documents/西大Graduate/Project_base/Code/Meng_ProjectBased_DetectCodeSimilar/code-sim/results/formal-v1/batch5/pairs/R00581/left/Main.java,/Users/liuziqi/Documents/西大Graduate/Project_base/Code/Meng_ProjectBased_DetectCodeSimilar/code-sim/results/formal-v1/batch5/pairs/R00581/right/Main.java
R00582,s707469858.java,p02628,/Users/liuziqi/Documents/西大Graduate/Project_base/Code/Meng_ProjectBased_DetectCodeSimilar/code-sim/results/formal-v1/batch5/pairs/R00582/left/Main.java,/Users/liuziqi/Documents/西大Graduate/Project_base/Code/Meng_ProjectBased_DetectCodeSimilar/code-sim/results/formal-v1/batch5/pairs/R00582/right/Main.java
R00583,s890547887.java,p02260,/Users/liuziqi/Documents/西大Graduate/Project_base/Code/Meng_ProjectBased_DetectCodeSimilar/code-sim/results/formal-v1/batch5/pairs/R00583/left/Main.java,/Users/liuziqi/Documents/西大Graduate/Project_base/Code/Meng_ProjectBased_DetectCodeSimilar/code-sim/results/formal-v1/batch5/pairs/R00583/right/Main.java
R00584,s938340684.java,p02790,/Users/liuziqi/Documents/西大Graduate/Project_base/Code/Meng_ProjectBased_DetectCodeSimilar/code-sim/results/formal-v1/batch5/pairs/R00584/left/Main.java,/Users/liuziqi/Documents/西大Graduate/Project_base/Code/Meng_ProjectBased_DetectCodeSimilar/code-sim/results/formal-v1/batch5/pairs/R00584/right/Main.java
R00585,s922983968.java,p02917,/Users/liuziqi/Documents/西大Graduate/Project_base/Code/Meng_ProjectBased_DetectCodeSimilar/code-sim/results/formal-v1/batch5/pairs/R00585/left/Main.java,/Users/liuziqi/Documents/西大Graduate/Project_base/Code/Meng_ProjectBased_DetectCodeSimilar/code-sim/results/formal-v1/batch5/pairs/R00585/right/Main.java
R00586,s088713432.java,p03680,/Users/liuziqi/Documents/西大Graduate/Project_base/Code/Meng_ProjectBased_DetectCodeSimilar/code-sim/results/formal-v1/batch5/pairs/R00586/left/Main.java,/Users/liuziqi/Documents/西大Graduate/Project_base/Code/Meng_ProjectBased_DetectCodeSimilar/code-sim/results/formal-v1/batch5/pairs/R00586/right/Main.java
R00587,s625641553.java,p03136,/Users/liuziqi/Documents/西大Graduate/Project_base/Code/Meng_ProjectBased_DetectCodeSimilar/code-sim/results/formal-v1/batch5/pairs/R00587/left/Main.java,/Users/liuziqi/Documents/西大Graduate/Project_base/Code/Meng_ProjectBased_DetectCodeSimilar/code-sim/results/formal-v1/batch5/pairs/R00587/right/Main.java
R00588,s762221649.java,p03037,/Users/liuziqi/Documents/西大Graduate/Project_base/Code/Meng_ProjectBased_DetectCodeSimilar/code-sim/results/formal-v1/batch5/pairs/R00588/left/Main.java,/Users/liuziqi/Documents/西大Graduate/Project_base/Code/Meng_ProjectBased_DetectCodeSimilar/code-sim/results/formal-v1/batch5/pairs/R00588/right/Main.java
R00589,s920137164.java,p02629,/Users/liuziqi/Documents/西大Graduate/Project_base/Code/Meng_ProjectBased_DetectCodeSimilar/code-sim/results/formal-v1/batch5/pairs/R00589/left/Main.java,/Users/liuziqi/Documents/西大Graduate/Project_base/Code/Meng_ProjectBased_DetectCodeSimilar/code-sim/results/formal-v1/batch5/pairs/R00589/right/Main.java
R00590,s596481834.java,p03470,/Users/liuziqi/Documents/西大Graduate/Project_base/Code/Meng_ProjectBased_DetectCodeSimilar/code-sim/results/formal-v1/batch5/pairs/R00590/left/Main.java,/Users/liuziqi/Documents/西大Graduate/Project_base/Code/Meng_ProjectBased_DetectCodeSimilar/code-sim/results/formal-v1/batch5/pairs/R00590/right/Main.java
R00591,s507477705.java,p02880,/Users/liuziqi/Documents/西大Graduate/Project_base/Code/Meng_ProjectBased_DetectCodeSimilar/code-sim/results/formal-v1/batch5/pairs/R00591/left/Main.java,/Users/liuziqi/Documents/西大Graduate/Project_base/Code/Meng_ProjectBased_DetectCodeSimilar/code-sim/results/formal-v1/batch5/pairs/R00591/right/Main.java
R00592,s559139167.java,p02987,/Users/liuziqi/Documents/西大Graduate/Project_base/Code/Meng_ProjectBased_DetectCodeSimilar/code-sim/results/formal-v1/batch5/pairs/R00592/left/Main.java,/Users/liuziqi/Documents/西大Graduate/Project_base/Code/Meng_ProjectBased_DetectCodeSimilar/code-sim/results/formal-v1/batch5/pairs/R00592/right/Main.java
R00593,s343617149.java,p02993,/Users/liuziqi/Documents/西大Graduate/Project_base/Code/Meng_ProjectBased_DetectCodeSimilar/code-sim/results/formal-v1/batch5/pairs/R00593/left/Main.java,/Users/liuziqi/Documents/西大Graduate/Project_base/Code/Meng_ProjectBased_DetectCodeSimilar/code-sim/results/formal-v1/batch5/pairs/R00593/right/Main.java
R00594,s201272724.java,p02759,/Users/liuziqi/Documents/西大Graduate/Project_base/Code/Meng_ProjectBased_DetectCodeSimilar/code-sim/results/formal-v1/batch5/pairs/R00594/left/Main.java,/Users/liuziqi/Documents/西大Graduate/Project_base/Code/Meng_ProjectBased_DetectCodeSimilar/code-sim/results/formal-v1/batch5/pairs/R00594/right/Main.java
R00595,s034125499.java,p02970,/Users/liuziqi/Documents/西大Graduate/Project_base/Code/Meng_ProjectBased_DetectCodeSimilar/code-sim/results/formal-v1/batch5/pairs/R00595/left/Main.java,/Users/liuziqi/Documents/西大Graduate/Project_base/Code/Meng_ProjectBased_DetectCodeSimilar/code-sim/results/formal-v1/batch5/pairs/R00595/right/Main.java
R00596,s239823825.java,p02911,/Users/liuziqi/Documents/西大Graduate/Project_base/Code/Meng_ProjectBased_DetectCodeSimilar/code-sim/results/formal-v1/batch5/pairs/R00596/left/Main.java,/Users/liuziqi/Documents/西大Graduate/Project_base/Code/Meng_ProjectBased_DetectCodeSimilar/code-sim/results/formal-v1/batch5/pairs/R00596/right/Main.java
R00597,s102425056.java,p02957,/Users/liuziqi/Documents/西大Graduate/Project_base/Code/Meng_ProjectBased_DetectCodeSimilar/code-sim/results/formal-v1/batch5/pairs/R00597/left/Main.java,/Users/liuziqi/Documents/西大Graduate/Project_base/Code/Meng_ProjectBased_DetectCodeSimilar/code-sim/results/formal-v1/batch5/pairs/R00597/right/Main.java
R00598,s545146198.java,p02402,/Users/liuziqi/Documents/西大Graduate/Project_base/Code/Meng_ProjectBased_DetectCodeSimilar/code-sim/results/formal-v1/batch5/pairs/R00598/left/Main.java,/Users/liuziqi/Documents/西大Graduate/Project_base/Code/Meng_ProjectBased_DetectCodeSimilar/code-sim/results/formal-v1/batch5/pairs/R00598/right/Main.java
R00599,s415431501.java,p03072,/Users/liuziqi/Documents/西大Graduate/Project_base/Code/Meng_ProjectBased_DetectCodeSimilar/code-sim/results/formal-v1/batch5/pairs/R00599/left/Main.java,/Users/liuziqi/Documents/西大Graduate/Project_base/Code/Meng_ProjectBased_DetectCodeSimilar/code-sim/results/formal-v1/batch5/pairs/R00599/right/Main.java
R00600,s035492305.java,p02713,/Users/liuziqi/Documents/西大Graduate/Project_base/Code/Meng_ProjectBased_DetectCodeSimilar/code-sim/results/formal-v1/batch5/pairs/R00600/left/Main.java,/Users/liuziqi/Documents/西大Graduate/Project_base/Code/Meng_ProjectBased_DetectCodeSimilar/code-sim/results/formal-v1/batch5/pairs/R00600/right/Main.java
R00601,s036735491.java,p03435,/Users/liuziqi/Documents/西大Graduate/Project_base/Code/Meng_ProjectBased_DetectCodeSimilar/code-sim/results/formal-v1/batch5/pairs/R00601/left/Main.java,/Users/liuziqi/Documents/西大Graduate/Project_base/Code/Meng_ProjectBased_DetectCodeSimilar/code-sim/results/formal-v1/batch5/pairs/R00601/right/Main.java
R00602,s128576337.java,p02705,/Users/liuziqi/Documents/西大Graduate/Project_base/Code/Meng_ProjectBased_DetectCodeSimilar/code-sim/results/formal-v1/batch5/pairs/R00602/left/Main.java,/Users/liuziqi/Documents/西大Graduate/Project_base/Code/Meng_ProjectBased_DetectCodeSimilar/code-sim/results/formal-v1/batch5/pairs/R00602/right/Main.java
R00603,s199343614.java,p02576,/Users/liuziqi/Documents/西大Graduate/Project_base/Code/Meng_ProjectBased_DetectCodeSimilar/code-sim/results/formal-v1/batch5/pairs/R00603/left/Main.java,/Users/liuziqi/Documents/西大Graduate/Project_base/Code/Meng_ProjectBased_DetectCodeSimilar/code-sim/results/formal-v1/batch5/pairs/R00603/right/Main.java
R00604,s599036701.java,p03076,/Users/liuziqi/Documents/西大Graduate/Project_base/Code/Meng_ProjectBased_DetectCodeSimilar/code-sim/results/formal-v1/batch5/pairs/R00604/left/Main.java,/Users/liuziqi/Documents/西大Graduate/Project_base/Code/Meng_ProjectBased_DetectCodeSimilar/code-sim/results/formal-v1/batch5/pairs/R00604/right/Main.java
R00605,s574339913.java,p03457,/Users/liuziqi/Documents/西大Graduate/Project_base/Code/Meng_ProjectBased_DetectCodeSimilar/code-sim/results/formal-v1/batch5/pairs/R00605/left/Main.java,/Users/liuziqi/Documents/西大Graduate/Project_base/Code/Meng_ProjectBased_DetectCodeSimilar/code-sim/results/formal-v1/batch5/pairs/R00605/right/Main.java
R00606,s260989807.java,p02413,/Users/liuziqi/Documents/西大Graduate/Project_base/Code/Meng_ProjectBased_DetectCodeSimilar/code-sim/results/formal-v1/batch5/pairs/R00606/left/Main.java,/Users/liuziqi/Documents/西大Graduate/Project_base/Code/Meng_ProjectBased_DetectCodeSimilar/code-sim/results/formal-v1/batch5/pairs/R00606/right/Main.java
R00607,s122874013.java,p02577,/Users/liuziqi/Documents/西大Graduate/Project_base/Code/Meng_ProjectBased_DetectCodeSimilar/code-sim/results/formal-v1/batch5/pairs/R00607/left/Main.java,/Users/liuziqi/Documents/西大Graduate/Project_base/Code/Meng_ProjectBased_DetectCodeSimilar/code-sim/results/formal-v1/batch5/pairs/R00607/right/Main.java
R00608,s713516112.java,p00011,/Users/liuziqi/Documents/西大Graduate/Project_base/Code/Meng_ProjectBased_DetectCodeSimilar/code-sim/results/formal-v1/batch5/pairs/R00608/left/Main.java,/Users/liuziqi/Documents/西大Graduate/Project_base/Code/Meng_ProjectBased_DetectCodeSimilar/code-sim/results/formal-v1/batch5/pairs/R00608/right/Main.java
R00609,s883494866.java,p02989,/Users/liuziqi/Documents/西大Graduate/Project_base/Code/Meng_ProjectBased_DetectCodeSimilar/code-sim/results/formal-v1/batch5/pairs/R00609/left/Main.java,/Users/liuziqi/Documents/西大Graduate/Project_base/Code/Meng_ProjectBased_DetectCodeSimilar/code-sim/results/formal-v1/batch5/pairs/R00609/right/Main.java
R00610,s027974804.java,p02970,/Users/liuziqi/Documents/西大Graduate/Project_base/Code/Meng_ProjectBased_DetectCodeSimilar/code-sim/results/formal-v1/batch5/pairs/R00610/left/Main.java,/Users/liuziqi/Documents/西大Graduate/Project_base/Code/Meng_ProjectBased_DetectCodeSimilar/code-sim/results/formal-v1/batch5/pairs/R00610/right/Main.java
R00611,s547464667.java,p02268,/Users/liuziqi/Documents/西大Graduate/Project_base/Code/Meng_ProjectBased_DetectCodeSimilar/code-sim/results/formal-v1/batch5/pairs/R00611/left/Main.java,/Users/liuziqi/Documents/西大Graduate/Project_base/Code/Meng_ProjectBased_DetectCodeSimilar/code-sim/results/formal-v1/batch5/pairs/R00611/right/Main.java
R00612,s928829483.java,p03494,/Users/liuziqi/Documents/西大Graduate/Project_base/Code/Meng_ProjectBased_DetectCodeSimilar/code-sim/results/formal-v1/batch5/pairs/R00612/left/Main.java,/Users/liuziqi/Documents/西大Graduate/Project_base/Code/Meng_ProjectBased_DetectCodeSimilar/code-sim/results/formal-v1/batch5/pairs/R00612/right/Main.java
R00613,s568333108.java,p03494,/Users/liuziqi/Documents/西大Graduate/Project_base/Code/Meng_ProjectBased_DetectCodeSimilar/code-sim/results/formal-v1/batch5/pairs/R00613/left/Main.java,/Users/liuziqi/Documents/西大Graduate/Project_base/Code/Meng_ProjectBased_DetectCodeSimilar/code-sim/results/formal-v1/batch5/pairs/R00613/right/Main.java
R00614,s663064698.java,p02848,/Users/liuziqi/Documents/西大Graduate/Project_base/Code/Meng_ProjectBased_DetectCodeSimilar/code-sim/results/formal-v1/batch5/pairs/R00614/left/Main.java,/Users/liuziqi/Documents/西大Graduate/Project_base/Code/Meng_ProjectBased_DetectCodeSimilar/code-sim/results/formal-v1/batch5/pairs/R00614/right/Main.java
R00615,s990248530.java,p02659,/Users/liuziqi/Documents/西大Graduate/Project_base/Code/Meng_ProjectBased_DetectCodeSimilar/code-sim/results/formal-v1/batch5/pairs/R00615/left/Main.java,/Users/liuziqi/Documents/西大Graduate/Project_base/Code/Meng_ProjectBased_DetectCodeSimilar/code-sim/results/formal-v1/batch5/pairs/R00615/right/Main.java
R00616,s080333685.java,p03435,/Users/liuziqi/Documents/西大Graduate/Project_base/Code/Meng_ProjectBased_DetectCodeSimilar/code-sim/results/formal-v1/batch5/pairs/R00616/left/Main.java,/Users/liuziqi/Documents/西大Graduate/Project_base/Code/Meng_ProjectBased_DetectCodeSimilar/code-sim/results/formal-v1/batch5/pairs/R00616/right/Main.java
R00617,s352248684.java,p02725,/Users/liuziqi/Documents/西大Graduate/Project_base/Code/Meng_ProjectBased_DetectCodeSimilar/code-sim/results/formal-v1/batch5/pairs/R00617/left/Main.java,/Users/liuziqi/Documents/西大Graduate/Project_base/Code/Meng_ProjectBased_DetectCodeSimilar/code-sim/results/formal-v1/batch5/pairs/R00617/right/Main.java
R00618,s965145224.java,p02570,/Users/liuziqi/Documents/西大Graduate/Project_base/Code/Meng_ProjectBased_DetectCodeSimilar/code-sim/results/formal-v1/batch5/pairs/R00618/left/Main.java,/Users/liuziqi/Documents/西大Graduate/Project_base/Code/Meng_ProjectBased_DetectCodeSimilar/code-sim/results/formal-v1/batch5/pairs/R00618/right/Main.java
R00619,s351810092.java,p02259,/Users/liuziqi/Documents/西大Graduate/Project_base/Code/Meng_ProjectBased_DetectCodeSimilar/code-sim/results/formal-v1/batch5/pairs/R00619/left/Main.java,/Users/liuziqi/Documents/西大Graduate/Project_base/Code/Meng_ProjectBased_DetectCodeSimilar/code-sim/results/formal-v1/batch5/pairs/R00619/right/Main.java
R00620,s522394291.java,p02959,/Users/liuziqi/Documents/西大Graduate/Project_base/Code/Meng_ProjectBased_DetectCodeSimilar/code-sim/results/formal-v1/batch5/pairs/R00620/left/Main.java,/Users/liuziqi/Documents/西大Graduate/Project_base/Code/Meng_ProjectBased_DetectCodeSimilar/code-sim/results/formal-v1/batch5/pairs/R00620/right/Main.java
R00621,s374879416.java,p02819,/Users/liuziqi/Documents/西大Graduate/Project_base/Code/Meng_ProjectBased_DetectCodeSimilar/code-sim/results/formal-v1/batch5/pairs/R00621/left/Main.java,/Users/liuziqi/Documents/西大Graduate/Project_base/Code/Meng_ProjectBased_DetectCodeSimilar/code-sim/results/formal-v1/batch5/pairs/R00621/right/Main.java
R00622,s630104688.java,p03060,/Users/liuziqi/Documents/西大Graduate/Project_base/Code/Meng_ProjectBased_DetectCodeSimilar/code-sim/results/formal-v1/batch5/pairs/R00622/left/Main.java,/Users/liuziqi/Documents/西大Graduate/Project_base/Code/Meng_ProjectBased_DetectCodeSimilar/code-sim/results/formal-v1/batch5/pairs/R00622/right/Main.java
R00623,s275413172.java,p03147,/Users/liuziqi/Documents/西大Graduate/Project_base/Code/Meng_ProjectBased_DetectCodeSimilar/code-sim/results/formal-v1/batch5/pairs/R00623/left/Main.java,/Users/liuziqi/Documents/西大Graduate/Project_base/Code/Meng_ProjectBased_DetectCodeSimilar/code-sim/results/formal-v1/batch5/pairs/R00623/right/Main.java
R00624,s533921122.java,p02641,/Users/liuziqi/Documents/西大Graduate/Project_base/Code/Meng_ProjectBased_DetectCodeSimilar/code-sim/results/formal-v1/batch5/pairs/R00624/left/Main.java,/Users/liuziqi/Documents/西大Graduate/Project_base/Code/Meng_ProjectBased_DetectCodeSimilar/code-sim/results/formal-v1/batch5/pairs/R00624/right/Main.java
R00625,s175754626.java,p02802,/Users/liuziqi/Documents/西大Graduate/Project_base/Code/Meng_ProjectBased_DetectCodeSimilar/code-sim/results/formal-v1/batch5/pairs/R00625/left/Main.java,/Users/liuziqi/Documents/西大Graduate/Project_base/Code/Meng_ProjectBased_DetectCodeSimilar/code-sim/results/formal-v1/batch5/pairs/R00625/right/Main.java
R00626,s900685926.java,p03434,/Users/liuziqi/Documents/西大Graduate/Project_base/Code/Meng_ProjectBased_DetectCodeSimilar/code-sim/results/formal-v1/batch5/pairs/R00626/left/Main.java,/Users/liuziqi/Documents/西大Graduate/Project_base/Code/Meng_ProjectBased_DetectCodeSimilar/code-sim/results/formal-v1/batch5/pairs/R00626/right/Main.java
R00627,s186252448.java,p02916,/Users/liuziqi/Documents/西大Graduate/Project_base/Code/Meng_ProjectBased_DetectCodeSimilar/code-sim/results/formal-v1/batch5/pairs/R00627/left/Main.java,/Users/liuziqi/Documents/西大Graduate/Project_base/Code/Meng_ProjectBased_DetectCodeSimilar/code-sim/results/formal-v1/batch5/pairs/R00627/right/Main.java
R00628,s230952175.java,p02394,/Users/liuziqi/Documents/西大Graduate/Project_base/Code/Meng_ProjectBased_DetectCodeSimilar/code-sim/results/formal-v1/batch5/pairs/R00628/left/Main.java,/Users/liuziqi/Documents/西大Graduate/Project_base/Code/Meng_ProjectBased_DetectCodeSimilar/code-sim/results/formal-v1/batch5/pairs/R00628/right/Main.java
R00629,s831638199.java,p03471,/Users/liuziqi/Documents/西大Graduate/Project_base/Code/Meng_ProjectBased_DetectCodeSimilar/code-sim/results/formal-v1/batch5/pairs/R00629/left/Main.java,/Users/liuziqi/Documents/西大Graduate/Project_base/Code/Meng_ProjectBased_DetectCodeSimilar/code-sim/results/formal-v1/batch5/pairs/R00629/right/Main.java
R00630,s529360354.java,p02258,/Users/liuziqi/Documents/西大Graduate/Project_base/Code/Meng_ProjectBased_DetectCodeSimilar/code-sim/results/formal-v1/batch5/pairs/R00630/left/Main.java,/Users/liuziqi/Documents/西大Graduate/Project_base/Code/Meng_ProjectBased_DetectCodeSimilar/code-sim/results/formal-v1/batch5/pairs/R00630/right/Main.java
R00631,s995667848.java,p03324,/Users/liuziqi/Documents/西大Graduate/Project_base/Code/Meng_ProjectBased_DetectCodeSimilar/code-sim/results/formal-v1/batch5/pairs/R00631/left/Main.java,/Users/liuziqi/Documents/西大Graduate/Project_base/Code/Meng_ProjectBased_DetectCodeSimilar/code-sim/results/formal-v1/batch5/pairs/R00631/right/Main.java
R00632,s858395004.java,p02958,/Users/liuziqi/Documents/西大Graduate/Project_base/Code/Meng_ProjectBased_DetectCodeSimilar/code-sim/results/formal-v1/batch5/pairs/R00632/left/Main.java,/Users/liuziqi/Documents/西大Graduate/Project_base/Code/Meng_ProjectBased_DetectCodeSimilar/code-sim/results/formal-v1/batch5/pairs/R00632/right/Main.java
R00633,s415460799.java,p02958,/Users/liuziqi/Documents/西大Graduate/Project_base/Code/Meng_ProjectBased_DetectCodeSimilar/code-sim/results/formal-v1/batch5/pairs/R00633/left/Main.java,/Users/liuziqi/Documents/西大Graduate/Project_base/Code/Meng_ProjectBased_DetectCodeSimilar/code-sim/results/formal-v1/batch5/pairs/R00633/right/Main.java
R00634,s856636914.java,p02910,/Users/liuziqi/Documents/西大Graduate/Project_base/Code/Meng_ProjectBased_DetectCodeSimilar/code-sim/results/formal-v1/batch5/pairs/R00634/left/Main.java,/Users/liuziqi/Documents/西大Graduate/Project_base/Code/Meng_ProjectBased_DetectCodeSimilar/code-sim/results/formal-v1/batch5/pairs/R00634/right/Main.java
R00635,s014711530.java,p04012,/Users/liuziqi/Documents/西大Graduate/Project_base/Code/Meng_ProjectBased_DetectCodeSimilar/code-sim/results/formal-v1/batch5/pairs/R00635/left/Main.java,/Users/liuziqi/Documents/西大Graduate/Project_base/Code/Meng_ProjectBased_DetectCodeSimilar/code-sim/results/formal-v1/batch5/pairs/R00635/right/Main.java
R00636,s369944975.java,p02259,/Users/liuziqi/Documents/西大Graduate/Project_base/Code/Meng_ProjectBased_DetectCodeSimilar/code-sim/results/formal-v1/batch5/pairs/R00636/left/Main.java,/Users/liuziqi/Documents/西大Graduate/Project_base/Code/Meng_ProjectBased_DetectCodeSimilar/code-sim/results/formal-v1/batch5/pairs/R00636/right/Main.java
R00637,s571831767.java,p02785,/Users/liuziqi/Documents/西大Graduate/Project_base/Code/Meng_ProjectBased_DetectCodeSimilar/code-sim/results/formal-v1/batch5/pairs/R00637/left/Main.java,/Users/liuziqi/Documents/西大Graduate/Project_base/Code/Meng_ProjectBased_DetectCodeSimilar/code-sim/results/formal-v1/batch5/pairs/R00637/right/Main.java
R00638,s204811159.java,p02945,/Users/liuziqi/Documents/西大Graduate/Project_base/Code/Meng_ProjectBased_DetectCodeSimilar/code-sim/results/formal-v1/batch5/pairs/R00638/left/Main.java,/Users/liuziqi/Documents/西大Graduate/Project_base/Code/Meng_ProjectBased_DetectCodeSimilar/code-sim/results/formal-v1/batch5/pairs/R00638/right/Main.java
R00639,s134186805.java,p03146,/Users/liuziqi/Documents/西大Graduate/Project_base/Code/Meng_ProjectBased_DetectCodeSimilar/code-sim/results/formal-v1/batch5/pairs/R00639/left/Main.java,/Users/liuziqi/Documents/西大Graduate/Project_base/Code/Meng_ProjectBased_DetectCodeSimilar/code-sim/results/formal-v1/batch5/pairs/R00639/right/Main.java
R00640,s503663179.java,p03060,/Users/liuziqi/Documents/西大Graduate/Project_base/Code/Meng_ProjectBased_DetectCodeSimilar/code-sim/results/formal-v1/batch5/pairs/R00640/left/Main.java,/Users/liuziqi/Documents/西大Graduate/Project_base/Code/Meng_ProjectBased_DetectCodeSimilar/code-sim/results/formal-v1/batch5/pairs/R00640/right/Main.java
R00641,s992402743.java,p02658,/Users/liuziqi/Documents/西大Graduate/Project_base/Code/Meng_ProjectBased_DetectCodeSimilar/code-sim/results/formal-v1/batch5/pairs/R00641/left/Main.java,/Users/liuziqi/Documents/西大Graduate/Project_base/Code/Meng_ProjectBased_DetectCodeSimilar/code-sim/results/formal-v1/batch5/pairs/R00641/right/Main.java
R00642,s086804524.java,p02898,/Users/liuziqi/Documents/西大Graduate/Project_base/Code/Meng_ProjectBased_DetectCodeSimilar/code-sim/results/formal-v1/batch5/pairs/R00642/left/Main.java,/Users/liuziqi/Documents/西大Graduate/Project_base/Code/Meng_ProjectBased_DetectCodeSimilar/code-sim/results/formal-v1/batch5/pairs/R00642/right/Main.java
R00643,s808402414.java,p03854,/Users/liuziqi/Documents/西大Graduate/Project_base/Code/Meng_ProjectBased_DetectCodeSimilar/code-sim/results/formal-v1/batch5/pairs/R00643/left/Main.java,/Users/liuziqi/Documents/西大Graduate/Project_base/Code/Meng_ProjectBased_DetectCodeSimilar/code-sim/results/formal-v1/batch5/pairs/R00643/right/Main.java
R00644,s579333941.java,p03457,/Users/liuziqi/Documents/西大Graduate/Project_base/Code/Meng_ProjectBased_DetectCodeSimilar/code-sim/results/formal-v1/batch5/pairs/R00644/left/Main.java,/Users/liuziqi/Documents/西大Graduate/Project_base/Code/Meng_ProjectBased_DetectCodeSimilar/code-sim/results/formal-v1/batch5/pairs/R00644/right/Main.java
R00645,s662448884.java,p02995,/Users/liuziqi/Documents/西大Graduate/Project_base/Code/Meng_ProjectBased_DetectCodeSimilar/code-sim/results/formal-v1/batch5/pairs/R00645/left/Main.java,/Users/liuziqi/Documents/西大Graduate/Project_base/Code/Meng_ProjectBased_DetectCodeSimilar/code-sim/results/formal-v1/batch5/pairs/R00645/right/Main.java
R00646,s223610925.java,p02571,/Users/liuziqi/Documents/西大Graduate/Project_base/Code/Meng_ProjectBased_DetectCodeSimilar/code-sim/results/formal-v1/batch5/pairs/R00646/left/Main.java,/Users/liuziqi/Documents/西大Graduate/Project_base/Code/Meng_ProjectBased_DetectCodeSimilar/code-sim/results/formal-v1/batch5/pairs/R00646/right/Main.java
R00647,s526214406.java,p02860,/Users/liuziqi/Documents/西大Graduate/Project_base/Code/Meng_ProjectBased_DetectCodeSimilar/code-sim/results/formal-v1/batch5/pairs/R00647/left/Main.java,/Users/liuziqi/Documents/西大Graduate/Project_base/Code/Meng_ProjectBased_DetectCodeSimilar/code-sim/results/formal-v1/batch5/pairs/R00647/right/Main.java
R00648,s604050517.java,p02421,/Users/liuziqi/Documents/西大Graduate/Project_base/Code/Meng_ProjectBased_DetectCodeSimilar/code-sim/results/formal-v1/batch5/pairs/R00648/left/Main.java,/Users/liuziqi/Documents/西大Graduate/Project_base/Code/Meng_ProjectBased_DetectCodeSimilar/code-sim/results/formal-v1/batch5/pairs/R00648/right/Main.java
R00649,s385494312.java,p03457,/Users/liuziqi/Documents/西大Graduate/Project_base/Code/Meng_ProjectBased_DetectCodeSimilar/code-sim/results/formal-v1/batch5/pairs/R00649/left/Main.java,/Users/liuziqi/Documents/西大Graduate/Project_base/Code/Meng_ProjectBased_DetectCodeSimilar/code-sim/results/formal-v1/batch5/pairs/R00649/right/Main.java
R00650,s015956918.java,p02628,/Users/liuziqi/Documents/西大Graduate/Project_base/Code/Meng_ProjectBased_DetectCodeSimilar/code-sim/results/formal-v1/batch5/pairs/R00650/left/Main.java,/Users/liuziqi/Documents/西大Graduate/Project_base/Code/Meng_ProjectBased_DetectCodeSimilar/code-sim/results/formal-v1/batch5/pairs/R00650/right/Main.java
R00651,s000829961.java,p02417,/Users/liuziqi/Documents/西大Graduate/Project_base/Code/Meng_ProjectBased_DetectCodeSimilar/code-sim/results/formal-v1/batch5/pairs/R00651/left/Main.java,/Users/liuziqi/Documents/西大Graduate/Project_base/Code/Meng_ProjectBased_DetectCodeSimilar/code-sim/results/formal-v1/batch5/pairs/R00651/right/Main.java
R00652,s533650332.java,p03106,/Users/liuziqi/Documents/西大Graduate/Project_base/Code/Meng_ProjectBased_DetectCodeSimilar/code-sim/results/formal-v1/batch5/pairs/R00652/left/Main.java,/Users/liuziqi/Documents/西大Graduate/Project_base/Code/Meng_ProjectBased_DetectCodeSimilar/code-sim/results/formal-v1/batch5/pairs/R00652/right/Main.java
R00653,s128636985.java,p03239,/Users/liuziqi/Documents/西大Graduate/Project_base/Code/Meng_ProjectBased_DetectCodeSimilar/code-sim/results/formal-v1/batch5/pairs/R00653/left/Main.java,/Users/liuziqi/Documents/西大Graduate/Project_base/Code/Meng_ProjectBased_DetectCodeSimilar/code-sim/results/formal-v1/batch5/pairs/R00653/right/Main.java
R00654,s936412131.java,p04043,/Users/liuziqi/Documents/西大Graduate/Project_base/Code/Meng_ProjectBased_DetectCodeSimilar/code-sim/results/formal-v1/batch5/pairs/R00654/left/Main.java,/Users/liuziqi/Documents/西大Graduate/Project_base/Code/Meng_ProjectBased_DetectCodeSimilar/code-sim/results/formal-v1/batch5/pairs/R00654/right/Main.java
R00655,s055145712.java,p04044,/Users/liuziqi/Documents/西大Graduate/Project_base/Code/Meng_ProjectBased_DetectCodeSimilar/code-sim/results/formal-v1/batch5/pairs/R00655/left/Main.java,/Users/liuziqi/Documents/西大Graduate/Project_base/Code/Meng_ProjectBased_DetectCodeSimilar/code-sim/results/formal-v1/batch5/pairs/R00655/right/Main.java
R00656,s795547869.java,p02958,/Users/liuziqi/Documents/西大Graduate/Project_base/Code/Meng_ProjectBased_DetectCodeSimilar/code-sim/results/formal-v1/batch5/pairs/R00656/left/Main.java,/Users/liuziqi/Documents/西大Graduate/Project_base/Code/Meng_ProjectBased_DetectCodeSimilar/code-sim/results/formal-v1/batch5/pairs/R00656/right/Main.java
R00657,s465540343.java,p03087,/Users/liuziqi/Documents/西大Graduate/Project_base/Code/Meng_ProjectBased_DetectCodeSimilar/code-sim/results/formal-v1/batch5/pairs/R00657/left/Main.java,/Users/liuziqi/Documents/西大Graduate/Project_base/Code/Meng_ProjectBased_DetectCodeSimilar/code-sim/results/formal-v1/batch5/pairs/R00657/right/Main.java
R00658,s163651890.java,p02983,/Users/liuziqi/Documents/西大Graduate/Project_base/Code/Meng_ProjectBased_DetectCodeSimilar/code-sim/results/formal-v1/batch5/pairs/R00658/left/Main.java,/Users/liuziqi/Documents/西大Graduate/Project_base/Code/Meng_ProjectBased_DetectCodeSimilar/code-sim/results/formal-v1/batch5/pairs/R00658/right/Main.java
R00659,s484036155.java,p02719,/Users/liuziqi/Documents/西大Graduate/Project_base/Code/Meng_ProjectBased_DetectCodeSimilar/code-sim/results/formal-v1/batch5/pairs/R00659/left/Main.java,/Users/liuziqi/Documents/西大Graduate/Project_base/Code/Meng_ProjectBased_DetectCodeSimilar/code-sim/results/formal-v1/batch5/pairs/R00659/right/Main.java
R00660,s415305704.java,p02934,/Users/liuziqi/Documents/西大Graduate/Project_base/Code/Meng_ProjectBased_DetectCodeSimilar/code-sim/results/formal-v1/batch5/pairs/R00660/left/Main.java,/Users/liuziqi/Documents/西大Graduate/Project_base/Code/Meng_ProjectBased_DetectCodeSimilar/code-sim/results/formal-v1/batch5/pairs/R00660/right/Main.java
R00661,s510659210.java,p02263,/Users/liuziqi/Documents/西大Graduate/Project_base/Code/Meng_ProjectBased_DetectCodeSimilar/code-sim/results/formal-v1/batch5/pairs/R00661/left/Main.java,/Users/liuziqi/Documents/西大Graduate/Project_base/Code/Meng_ProjectBased_DetectCodeSimilar/code-sim/results/formal-v1/batch5/pairs/R00661/right/Main.java
R00662,s491811232.java,p02701,/Users/liuziqi/Documents/西大Graduate/Project_base/Code/Meng_ProjectBased_DetectCodeSimilar/code-sim/results/formal-v1/batch5/pairs/R00662/left/Main.java,/Users/liuziqi/Documents/西大Graduate/Project_base/Code/Meng_ProjectBased_DetectCodeSimilar/code-sim/results/formal-v1/batch5/pairs/R00662/right/Main.java
R00663,s593197202.java,p02547,/Users/liuziqi/Documents/西大Graduate/Project_base/Code/Meng_ProjectBased_DetectCodeSimilar/code-sim/results/formal-v1/batch5/pairs/R00663/left/Main.java,/Users/liuziqi/Documents/西大Graduate/Project_base/Code/Meng_ProjectBased_DetectCodeSimilar/code-sim/results/formal-v1/batch5/pairs/R00663/right/Main.java
R00664,s525195736.java,p02785,/Users/liuziqi/Documents/西大Graduate/Project_base/Code/Meng_ProjectBased_DetectCodeSimilar/code-sim/results/formal-v1/batch5/pairs/R00664/left/Main.java,/Users/liuziqi/Documents/西大Graduate/Project_base/Code/Meng_ProjectBased_DetectCodeSimilar/code-sim/results/formal-v1/batch5/pairs/R00664/right/Main.java
R00665,s068215486.java,p02916,/Users/liuziqi/Documents/西大Graduate/Project_base/Code/Meng_ProjectBased_DetectCodeSimilar/code-sim/results/formal-v1/batch5/pairs/R00665/left/Main.java,/Users/liuziqi/Documents/西大Graduate/Project_base/Code/Meng_ProjectBased_DetectCodeSimilar/code-sim/results/formal-v1/batch5/pairs/R00665/right/Main.java
R00666,s742953007.java,p02413,/Users/liuziqi/Documents/西大Graduate/Project_base/Code/Meng_ProjectBased_DetectCodeSimilar/code-sim/results/formal-v1/batch5/pairs/R00666/left/Main.java,/Users/liuziqi/Documents/西大Graduate/Project_base/Code/Meng_ProjectBased_DetectCodeSimilar/code-sim/results/formal-v1/batch5/pairs/R00666/right/Main.java
R00667,s172495923.java,p02414,/Users/liuziqi/Documents/西大Graduate/Project_base/Code/Meng_ProjectBased_DetectCodeSimilar/code-sim/results/formal-v1/batch5/pairs/R00667/left/Main.java,/Users/liuziqi/Documents/西大Graduate/Project_base/Code/Meng_ProjectBased_DetectCodeSimilar/code-sim/results/formal-v1/batch5/pairs/R00667/right/Main.java
R00668,s501618995.java,p03220,/Users/liuziqi/Documents/西大Graduate/Project_base/Code/Meng_ProjectBased_DetectCodeSimilar/code-sim/results/formal-v1/batch5/pairs/R00668/left/Main.java,/Users/liuziqi/Documents/西大Graduate/Project_base/Code/Meng_ProjectBased_DetectCodeSimilar/code-sim/results/formal-v1/batch5/pairs/R00668/right/Main.java
R00669,s668023073.java,p02898,/Users/liuziqi/Documents/西大Graduate/Project_base/Code/Meng_ProjectBased_DetectCodeSimilar/code-sim/results/formal-v1/batch5/pairs/R00669/left/Main.java,/Users/liuziqi/Documents/西大Graduate/Project_base/Code/Meng_ProjectBased_DetectCodeSimilar/code-sim/results/formal-v1/batch5/pairs/R00669/right/Main.java
R00670,s863255113.java,p03471,/Users/liuziqi/Documents/西大Graduate/Project_base/Code/Meng_ProjectBased_DetectCodeSimilar/code-sim/results/formal-v1/batch5/pairs/R00670/left/Main.java,/Users/liuziqi/Documents/西大Graduate/Project_base/Code/Meng_ProjectBased_DetectCodeSimilar/code-sim/results/formal-v1/batch5/pairs/R00670/right/Main.java
R00671,s857504367.java,p02779,/Users/liuziqi/Documents/西大Graduate/Project_base/Code/Meng_ProjectBased_DetectCodeSimilar/code-sim/results/formal-v1/batch5/pairs/R00671/left/Main.java,/Users/liuziqi/Documents/西大Graduate/Project_base/Code/Meng_ProjectBased_DetectCodeSimilar/code-sim/results/formal-v1/batch5/pairs/R00671/right/Main.java
R00672,s559634734.java,p02411,/Users/liuziqi/Documents/西大Graduate/Project_base/Code/Meng_ProjectBased_DetectCodeSimilar/code-sim/results/formal-v1/batch5/pairs/R00672/left/Main.java,/Users/liuziqi/Documents/西大Graduate/Project_base/Code/Meng_ProjectBased_DetectCodeSimilar/code-sim/results/formal-v1/batch5/pairs/R00672/right/Main.java
R00673,s106470974.java,p03378,/Users/liuziqi/Documents/西大Graduate/Project_base/Code/Meng_ProjectBased_DetectCodeSimilar/code-sim/results/formal-v1/batch5/pairs/R00673/left/Main.java,/Users/liuziqi/Documents/西大Graduate/Project_base/Code/Meng_ProjectBased_DetectCodeSimilar/code-sim/results/formal-v1/batch5/pairs/R00673/right/Main.java
R00674,s625948805.java,p02706,/Users/liuziqi/Documents/西大Graduate/Project_base/Code/Meng_ProjectBased_DetectCodeSimilar/code-sim/results/formal-v1/batch5/pairs/R00674/left/Main.java,/Users/liuziqi/Documents/西大Graduate/Project_base/Code/Meng_ProjectBased_DetectCodeSimilar/code-sim/results/formal-v1/batch5/pairs/R00674/right/Main.java
R00675,s348959081.java,p03434,/Users/liuziqi/Documents/西大Graduate/Project_base/Code/Meng_ProjectBased_DetectCodeSimilar/code-sim/results/formal-v1/batch5/pairs/R00675/left/Main.java,/Users/liuziqi/Documents/西大Graduate/Project_base/Code/Meng_ProjectBased_DetectCodeSimilar/code-sim/results/formal-v1/batch5/pairs/R00675/right/Main.java
R00676,s690990089.java,p02264,/Users/liuziqi/Documents/西大Graduate/Project_base/Code/Meng_ProjectBased_DetectCodeSimilar/code-sim/results/formal-v1/batch5/pairs/R00676/left/Main.java,/Users/liuziqi/Documents/西大Graduate/Project_base/Code/Meng_ProjectBased_DetectCodeSimilar/code-sim/results/formal-v1/batch5/pairs/R00676/right/Main.java
R00677,s975190943.java,p02571,/Users/liuziqi/Documents/西大Graduate/Project_base/Code/Meng_ProjectBased_DetectCodeSimilar/code-sim/results/formal-v1/batch5/pairs/R00677/left/Main.java,/Users/liuziqi/Documents/西大Graduate/Project_base/Code/Meng_ProjectBased_DetectCodeSimilar/code-sim/results/formal-v1/batch5/pairs/R00677/right/Main.java
R00678,s077605005.java,p03434,/Users/liuziqi/Documents/西大Graduate/Project_base/Code/Meng_ProjectBased_DetectCodeSimilar/code-sim/results/formal-v1/batch5/pairs/R00678/left/Main.java,/Users/liuziqi/Documents/西大Graduate/Project_base/Code/Meng_ProjectBased_DetectCodeSimilar/code-sim/results/formal-v1/batch5/pairs/R00678/right/Main.java
R00679,s014020322.java,p02577,/Users/liuziqi/Documents/西大Graduate/Project_base/Code/Meng_ProjectBased_DetectCodeSimilar/code-sim/results/formal-v1/batch5/pairs/R00679/left/Main.java,/Users/liuziqi/Documents/西大Graduate/Project_base/Code/Meng_ProjectBased_DetectCodeSimilar/code-sim/results/formal-v1/batch5/pairs/R00679/right/Main.java
R00680,s263528009.java,p04044,/Users/liuziqi/Documents/西大Graduate/Project_base/Code/Meng_ProjectBased_DetectCodeSimilar/code-sim/results/formal-v1/batch5/pairs/R00680/left/Main.java,/Users/liuziqi/Documents/西大Graduate/Project_base/Code/Meng_ProjectBased_DetectCodeSimilar/code-sim/results/formal-v1/batch5/pairs/R00680/right/Main.java
R00681,s405417887.java,p03434,/Users/liuziqi/Documents/西大Graduate/Project_base/Code/Meng_ProjectBased_DetectCodeSimilar/code-sim/results/formal-v1/batch5/pairs/R00681/left/Main.java,/Users/liuziqi/Documents/西大Graduate/Project_base/Code/Meng_ProjectBased_DetectCodeSimilar/code-sim/results/formal-v1/batch5/pairs/R00681/right/Main.java
R00682,s527653308.java,p02790,/Users/liuziqi/Documents/西大Graduate/Project_base/Code/Meng_ProjectBased_DetectCodeSimilar/code-sim/results/formal-v1/batch5/pairs/R00682/left/Main.java,/Users/liuziqi/Documents/西大Graduate/Project_base/Code/Meng_ProjectBased_DetectCodeSimilar/code-sim/results/formal-v1/batch5/pairs/R00682/right/Main.java
R00683,s522733965.java,p02612,/Users/liuziqi/Documents/西大Graduate/Project_base/Code/Meng_ProjectBased_DetectCodeSimilar/code-sim/results/formal-v1/batch5/pairs/R00683/left/Main.java,/Users/liuziqi/Documents/西大Graduate/Project_base/Code/Meng_ProjectBased_DetectCodeSimilar/code-sim/results/formal-v1/batch5/pairs/R00683/right/Main.java
R00684,s030673873.java,p03087,/Users/liuziqi/Documents/西大Graduate/Project_base/Code/Meng_ProjectBased_DetectCodeSimilar/code-sim/results/formal-v1/batch5/pairs/R00684/left/Main.java,/Users/liuziqi/Documents/西大Graduate/Project_base/Code/Meng_ProjectBased_DetectCodeSimilar/code-sim/results/formal-v1/batch5/pairs/R00684/right/Main.java
R00685,s300290165.java,p03072,/Users/liuziqi/Documents/西大Graduate/Project_base/Code/Meng_ProjectBased_DetectCodeSimilar/code-sim/results/formal-v1/batch5/pairs/R00685/left/Main.java,/Users/liuziqi/Documents/西大Graduate/Project_base/Code/Meng_ProjectBased_DetectCodeSimilar/code-sim/results/formal-v1/batch5/pairs/R00685/right/Main.java
R00686,s970014615.java,p03448,/Users/liuziqi/Documents/西大Graduate/Project_base/Code/Meng_ProjectBased_DetectCodeSimilar/code-sim/results/formal-v1/batch5/pairs/R00686/left/Main.java,/Users/liuziqi/Documents/西大Graduate/Project_base/Code/Meng_ProjectBased_DetectCodeSimilar/code-sim/results/formal-v1/batch5/pairs/R00686/right/Main.java
R00687,s713613496.java,p03370,/Users/liuziqi/Documents/西大Graduate/Project_base/Code/Meng_ProjectBased_DetectCodeSimilar/code-sim/results/formal-v1/batch5/pairs/R00687/left/Main.java,/Users/liuziqi/Documents/西大Graduate/Project_base/Code/Meng_ProjectBased_DetectCodeSimilar/code-sim/results/formal-v1/batch5/pairs/R00687/right/Main.java
R00688,s777811037.java,p02582,/Users/liuziqi/Documents/西大Graduate/Project_base/Code/Meng_ProjectBased_DetectCodeSimilar/code-sim/results/formal-v1/batch5/pairs/R00688/left/Main.java,/Users/liuziqi/Documents/西大Graduate/Project_base/Code/Meng_ProjectBased_DetectCodeSimilar/code-sim/results/formal-v1/batch5/pairs/R00688/right/Main.java
R00689,s380635184.java,p03126,/Users/liuziqi/Documents/西大Graduate/Project_base/Code/Meng_ProjectBased_DetectCodeSimilar/code-sim/results/formal-v1/batch5/pairs/R00689/left/Main.java,/Users/liuziqi/Documents/西大Graduate/Project_base/Code/Meng_ProjectBased_DetectCodeSimilar/code-sim/results/formal-v1/batch5/pairs/R00689/right/Main.java
R00690,s364360747.java,p02790,/Users/liuziqi/Documents/西大Graduate/Project_base/Code/Meng_ProjectBased_DetectCodeSimilar/code-sim/results/formal-v1/batch5/pairs/R00690/left/Main.java,/Users/liuziqi/Documents/西大Graduate/Project_base/Code/Meng_ProjectBased_DetectCodeSimilar/code-sim/results/formal-v1/batch5/pairs/R00690/right/Main.java
R00691,s093961452.java,p03470,/Users/liuziqi/Documents/西大Graduate/Project_base/Code/Meng_ProjectBased_DetectCodeSimilar/code-sim/results/formal-v1/batch5/pairs/R00691/left/Main.java,/Users/liuziqi/Documents/西大Graduate/Project_base/Code/Meng_ProjectBased_DetectCodeSimilar/code-sim/results/formal-v1/batch5/pairs/R00691/right/Main.java
R00692,s745889429.java,p02886,/Users/liuziqi/Documents/西大Graduate/Project_base/Code/Meng_ProjectBased_DetectCodeSimilar/code-sim/results/formal-v1/batch5/pairs/R00692/left/Main.java,/Users/liuziqi/Documents/西大Graduate/Project_base/Code/Meng_ProjectBased_DetectCodeSimilar/code-sim/results/formal-v1/batch5/pairs/R00692/right/Main.java
R00693,s005864565.java,p02390,/Users/liuziqi/Documents/西大Graduate/Project_base/Code/Meng_ProjectBased_DetectCodeSimilar/code-sim/results/formal-v1/batch5/pairs/R00693/left/Main.java,/Users/liuziqi/Documents/西大Graduate/Project_base/Code/Meng_ProjectBased_DetectCodeSimilar/code-sim/results/formal-v1/batch5/pairs/R00693/right/Main.java
R00694,s437244400.java,p02595,/Users/liuziqi/Documents/西大Graduate/Project_base/Code/Meng_ProjectBased_DetectCodeSimilar/code-sim/results/formal-v1/batch5/pairs/R00694/left/Main.java,/Users/liuziqi/Documents/西大Graduate/Project_base/Code/Meng_ProjectBased_DetectCodeSimilar/code-sim/results/formal-v1/batch5/pairs/R00694/right/Main.java
R00695,s245131719.java,p03292,/Users/liuziqi/Documents/西大Graduate/Project_base/Code/Meng_ProjectBased_DetectCodeSimilar/code-sim/results/formal-v1/batch5/pairs/R00695/left/Main.java,/Users/liuziqi/Documents/西大Graduate/Project_base/Code/Meng_ProjectBased_DetectCodeSimilar/code-sim/results/formal-v1/batch5/pairs/R00695/right/Main.java
R00696,s710502693.java,p02971,/Users/liuziqi/Documents/西大Graduate/Project_base/Code/Meng_ProjectBased_DetectCodeSimilar/code-sim/results/formal-v1/batch5/pairs/R00696/left/Main.java,/Users/liuziqi/Documents/西大Graduate/Project_base/Code/Meng_ProjectBased_DetectCodeSimilar/code-sim/results/formal-v1/batch5/pairs/R00696/right/Main.java
R00697,s359108768.java,p02886,/Users/liuziqi/Documents/西大Graduate/Project_base/Code/Meng_ProjectBased_DetectCodeSimilar/code-sim/results/formal-v1/batch5/pairs/R00697/left/Main.java,/Users/liuziqi/Documents/西大Graduate/Project_base/Code/Meng_ProjectBased_DetectCodeSimilar/code-sim/results/formal-v1/batch5/pairs/R00697/right/Main.java
R00698,s548155176.java,p02987,/Users/liuziqi/Documents/西大Graduate/Project_base/Code/Meng_ProjectBased_DetectCodeSimilar/code-sim/results/formal-v1/batch5/pairs/R00698/left/Main.java,/Users/liuziqi/Documents/西大Graduate/Project_base/Code/Meng_ProjectBased_DetectCodeSimilar/code-sim/results/formal-v1/batch5/pairs/R00698/right/Main.java
R00699,s466648821.java,p03220,/Users/liuziqi/Documents/西大Graduate/Project_base/Code/Meng_ProjectBased_DetectCodeSimilar/code-sim/results/formal-v1/batch5/pairs/R00699/left/Main.java,/Users/liuziqi/Documents/西大Graduate/Project_base/Code/Meng_ProjectBased_DetectCodeSimilar/code-sim/results/formal-v1/batch5/pairs/R00699/right/Main.java
R00700,s457367314.java,p02785,/Users/liuziqi/Documents/西大Graduate/Project_base/Code/Meng_ProjectBased_DetectCodeSimilar/code-sim/results/formal-v1/batch5/pairs/R00700/left/Main.java,/Users/liuziqi/Documents/西大Graduate/Project_base/Code/Meng_ProjectBased_DetectCodeSimilar/code-sim/results/formal-v1/batch5/pairs/R00700/right/Main.java
R00701,s024239332.java,p02407,/Users/liuziqi/Documents/西大Graduate/Project_base/Code/Meng_ProjectBased_DetectCodeSimilar/code-sim/results/formal-v1/batch5/pairs/R00701/left/Main.java,/Users/liuziqi/Documents/西大Graduate/Project_base/Code/Meng_ProjectBased_DetectCodeSimilar/code-sim/results/formal-v1/batch5/pairs/R00701/right/Main.java
R00702,s290512884.java,p03352,/Users/liuziqi/Documents/西大Graduate/Project_base/Code/Meng_ProjectBased_DetectCodeSimilar/code-sim/results/formal-v1/batch5/pairs/R00702/left/Main.java,/Users/liuziqi/Documents/西大Graduate/Project_base/Code/Meng_ProjectBased_DetectCodeSimilar/code-sim/results/formal-v1/batch5/pairs/R00702/right/Main.java
R00703,s212565323.java,p03220,/Users/liuziqi/Documents/西大Graduate/Project_base/Code/Meng_ProjectBased_DetectCodeSimilar/code-sim/results/formal-v1/batch5/pairs/R00703/left/Main.java,/Users/liuziqi/Documents/西大Graduate/Project_base/Code/Meng_ProjectBased_DetectCodeSimilar/code-sim/results/formal-v1/batch5/pairs/R00703/right/Main.java
R00704,s027767466.java,p03371,/Users/liuziqi/Documents/西大Graduate/Project_base/Code/Meng_ProjectBased_DetectCodeSimilar/code-sim/results/formal-v1/batch5/pairs/R00704/left/Main.java,/Users/liuziqi/Documents/西大Graduate/Project_base/Code/Meng_ProjectBased_DetectCodeSimilar/code-sim/results/formal-v1/batch5/pairs/R00704/right/Main.java
R00705,s996799791.java,p03136,/Users/liuziqi/Documents/西大Graduate/Project_base/Code/Meng_ProjectBased_DetectCodeSimilar/code-sim/results/formal-v1/batch5/pairs/R00705/left/Main.java,/Users/liuziqi/Documents/西大Graduate/Project_base/Code/Meng_ProjectBased_DetectCodeSimilar/code-sim/results/formal-v1/batch5/pairs/R00705/right/Main.java
R00706,s816154718.java,p02706,/Users/liuziqi/Documents/西大Graduate/Project_base/Code/Meng_ProjectBased_DetectCodeSimilar/code-sim/results/formal-v1/batch5/pairs/R00706/left/Main.java,/Users/liuziqi/Documents/西大Graduate/Project_base/Code/Meng_ProjectBased_DetectCodeSimilar/code-sim/results/formal-v1/batch5/pairs/R00706/right/Main.java
R00707,s529418595.java,p02989,/Users/liuziqi/Documents/西大Graduate/Project_base/Code/Meng_ProjectBased_DetectCodeSimilar/code-sim/results/formal-v1/batch5/pairs/R00707/left/Main.java,/Users/liuziqi/Documents/西大Graduate/Project_base/Code/Meng_ProjectBased_DetectCodeSimilar/code-sim/results/formal-v1/batch5/pairs/R00707/right/Main.java
R00708,s680713697.java,p02413,/Users/liuziqi/Documents/西大Graduate/Project_base/Code/Meng_ProjectBased_DetectCodeSimilar/code-sim/results/formal-v1/batch5/pairs/R00708/left/Main.java,/Users/liuziqi/Documents/西大Graduate/Project_base/Code/Meng_ProjectBased_DetectCodeSimilar/code-sim/results/formal-v1/batch5/pairs/R00708/right/Main.java
R00709,s833249962.java,p03545,/Users/liuziqi/Documents/西大Graduate/Project_base/Code/Meng_ProjectBased_DetectCodeSimilar/code-sim/results/formal-v1/batch5/pairs/R00709/left/Main.java,/Users/liuziqi/Documents/西大Graduate/Project_base/Code/Meng_ProjectBased_DetectCodeSimilar/code-sim/results/formal-v1/batch5/pairs/R00709/right/Main.java
R00710,s985696005.java,p03360,/Users/liuziqi/Documents/西大Graduate/Project_base/Code/Meng_ProjectBased_DetectCodeSimilar/code-sim/results/formal-v1/batch5/pairs/R00710/left/Main.java,/Users/liuziqi/Documents/西大Graduate/Project_base/Code/Meng_ProjectBased_DetectCodeSimilar/code-sim/results/formal-v1/batch5/pairs/R00710/right/Main.java
R00711,s257116166.java,p02935,/Users/liuziqi/Documents/西大Graduate/Project_base/Code/Meng_ProjectBased_DetectCodeSimilar/code-sim/results/formal-v1/batch5/pairs/R00711/left/Main.java,/Users/liuziqi/Documents/西大Graduate/Project_base/Code/Meng_ProjectBased_DetectCodeSimilar/code-sim/results/formal-v1/batch5/pairs/R00711/right/Main.java
R00712,s250136594.java,p03037,/Users/liuziqi/Documents/西大Graduate/Project_base/Code/Meng_ProjectBased_DetectCodeSimilar/code-sim/results/formal-v1/batch5/pairs/R00712/left/Main.java,/Users/liuziqi/Documents/西大Graduate/Project_base/Code/Meng_ProjectBased_DetectCodeSimilar/code-sim/results/formal-v1/batch5/pairs/R00712/right/Main.java
R00713,s594035357.java,p02411,/Users/liuziqi/Documents/西大Graduate/Project_base/Code/Meng_ProjectBased_DetectCodeSimilar/code-sim/results/formal-v1/batch5/pairs/R00713/left/Main.java,/Users/liuziqi/Documents/西大Graduate/Project_base/Code/Meng_ProjectBased_DetectCodeSimilar/code-sim/results/formal-v1/batch5/pairs/R00713/right/Main.java
R00714,s019460371.java,p02829,/Users/liuziqi/Documents/西大Graduate/Project_base/Code/Meng_ProjectBased_DetectCodeSimilar/code-sim/results/formal-v1/batch5/pairs/R00714/left/Main.java,/Users/liuziqi/Documents/西大Graduate/Project_base/Code/Meng_ProjectBased_DetectCodeSimilar/code-sim/results/formal-v1/batch5/pairs/R00714/right/Main.java
R00715,s840595542.java,p02886,/Users/liuziqi/Documents/西大Graduate/Project_base/Code/Meng_ProjectBased_DetectCodeSimilar/code-sim/results/formal-v1/batch5/pairs/R00715/left/Main.java,/Users/liuziqi/Documents/西大Graduate/Project_base/Code/Meng_ProjectBased_DetectCodeSimilar/code-sim/results/formal-v1/batch5/pairs/R00715/right/Main.java
R00716,s452496217.java,p02706,/Users/liuziqi/Documents/西大Graduate/Project_base/Code/Meng_ProjectBased_DetectCodeSimilar/code-sim/results/formal-v1/batch5/pairs/R00716/left/Main.java,/Users/liuziqi/Documents/西大Graduate/Project_base/Code/Meng_ProjectBased_DetectCodeSimilar/code-sim/results/formal-v1/batch5/pairs/R00716/right/Main.java
R00717,s064310370.java,p02682,/Users/liuziqi/Documents/西大Graduate/Project_base/Code/Meng_ProjectBased_DetectCodeSimilar/code-sim/results/formal-v1/batch5/pairs/R00717/left/Main.java,/Users/liuziqi/Documents/西大Graduate/Project_base/Code/Meng_ProjectBased_DetectCodeSimilar/code-sim/results/formal-v1/batch5/pairs/R00717/right/Main.java
R00718,s453270740.java,p03285,/Users/liuziqi/Documents/西大Graduate/Project_base/Code/Meng_ProjectBased_DetectCodeSimilar/code-sim/results/formal-v1/batch5/pairs/R00718/left/Main.java,/Users/liuziqi/Documents/西大Graduate/Project_base/Code/Meng_ProjectBased_DetectCodeSimilar/code-sim/results/formal-v1/batch5/pairs/R00718/right/Main.java
R00719,s258869623.java,p03086,/Users/liuziqi/Documents/西大Graduate/Project_base/Code/Meng_ProjectBased_DetectCodeSimilar/code-sim/results/formal-v1/batch5/pairs/R00719/left/Main.java,/Users/liuziqi/Documents/西大Graduate/Project_base/Code/Meng_ProjectBased_DetectCodeSimilar/code-sim/results/formal-v1/batch5/pairs/R00719/right/Main.java
R00720,s034769676.java,p03136,/Users/liuziqi/Documents/西大Graduate/Project_base/Code/Meng_ProjectBased_DetectCodeSimilar/code-sim/results/formal-v1/batch5/pairs/R00720/left/Main.java,/Users/liuziqi/Documents/西大Graduate/Project_base/Code/Meng_ProjectBased_DetectCodeSimilar/code-sim/results/formal-v1/batch5/pairs/R00720/right/Main.java
R00721,s409308321.java,p03378,/Users/liuziqi/Documents/西大Graduate/Project_base/Code/Meng_ProjectBased_DetectCodeSimilar/code-sim/results/formal-v1/batch5/pairs/R00721/left/Main.java,/Users/liuziqi/Documents/西大Graduate/Project_base/Code/Meng_ProjectBased_DetectCodeSimilar/code-sim/results/formal-v1/batch5/pairs/R00721/right/Main.java
R00722,s848598027.java,p02628,/Users/liuziqi/Documents/西大Graduate/Project_base/Code/Meng_ProjectBased_DetectCodeSimilar/code-sim/results/formal-v1/batch5/pairs/R00722/left/Main.java,/Users/liuziqi/Documents/西大Graduate/Project_base/Code/Meng_ProjectBased_DetectCodeSimilar/code-sim/results/formal-v1/batch5/pairs/R00722/right/Main.java
R00723,s710271645.java,p03136,/Users/liuziqi/Documents/西大Graduate/Project_base/Code/Meng_ProjectBased_DetectCodeSimilar/code-sim/results/formal-v1/batch5/pairs/R00723/left/Main.java,/Users/liuziqi/Documents/西大Graduate/Project_base/Code/Meng_ProjectBased_DetectCodeSimilar/code-sim/results/formal-v1/batch5/pairs/R00723/right/Main.java
R00724,s087867492.java,p03012,/Users/liuziqi/Documents/西大Graduate/Project_base/Code/Meng_ProjectBased_DetectCodeSimilar/code-sim/results/formal-v1/batch5/pairs/R00724/left/Main.java,/Users/liuziqi/Documents/西大Graduate/Project_base/Code/Meng_ProjectBased_DetectCodeSimilar/code-sim/results/formal-v1/batch5/pairs/R00724/right/Main.java
R00725,s912894404.java,p02413,/Users/liuziqi/Documents/西大Graduate/Project_base/Code/Meng_ProjectBased_DetectCodeSimilar/code-sim/results/formal-v1/batch5/pairs/R00725/left/Main.java,/Users/liuziqi/Documents/西大Graduate/Project_base/Code/Meng_ProjectBased_DetectCodeSimilar/code-sim/results/formal-v1/batch5/pairs/R00725/right/Main.java
R00726,s896474471.java,p03434,/Users/liuziqi/Documents/西大Graduate/Project_base/Code/Meng_ProjectBased_DetectCodeSimilar/code-sim/results/formal-v1/batch5/pairs/R00726/left/Main.java,/Users/liuziqi/Documents/西大Graduate/Project_base/Code/Meng_ProjectBased_DetectCodeSimilar/code-sim/results/formal-v1/batch5/pairs/R00726/right/Main.java
R00727,s410441151.java,p02911,/Users/liuziqi/Documents/西大Graduate/Project_base/Code/Meng_ProjectBased_DetectCodeSimilar/code-sim/results/formal-v1/batch5/pairs/R00727/left/Main.java,/Users/liuziqi/Documents/西大Graduate/Project_base/Code/Meng_ProjectBased_DetectCodeSimilar/code-sim/results/formal-v1/batch5/pairs/R00727/right/Main.java
R00728,s907907582.java,p03378,/Users/liuziqi/Documents/西大Graduate/Project_base/Code/Meng_ProjectBased_DetectCodeSimilar/code-sim/results/formal-v1/batch5/pairs/R00728/left/Main.java,/Users/liuziqi/Documents/西大Graduate/Project_base/Code/Meng_ProjectBased_DetectCodeSimilar/code-sim/results/formal-v1/batch5/pairs/R00728/right/Main.java
R00729,s465192145.java,p03378,/Users/liuziqi/Documents/西大Graduate/Project_base/Code/Meng_ProjectBased_DetectCodeSimilar/code-sim/results/formal-v1/batch5/pairs/R00729/left/Main.java,/Users/liuziqi/Documents/西大Graduate/Project_base/Code/Meng_ProjectBased_DetectCodeSimilar/code-sim/results/formal-v1/batch5/pairs/R00729/right/Main.java
R00730,s975492871.java,p03695,/Users/liuziqi/Documents/西大Graduate/Project_base/Code/Meng_ProjectBased_DetectCodeSimilar/code-sim/results/formal-v1/batch5/pairs/R00730/left/Main.java,/Users/liuziqi/Documents/西大Graduate/Project_base/Code/Meng_ProjectBased_DetectCodeSimilar/code-sim/results/formal-v1/batch5/pairs/R00730/right/Main.java
R00731,s311410578.java,p03457,/Users/liuziqi/Documents/西大Graduate/Project_base/Code/Meng_ProjectBased_DetectCodeSimilar/code-sim/results/formal-v1/batch5/pairs/R00731/left/Main.java,/Users/liuziqi/Documents/西大Graduate/Project_base/Code/Meng_ProjectBased_DetectCodeSimilar/code-sim/results/formal-v1/batch5/pairs/R00731/right/Main.java
R00732,s720697800.java,p03126,/Users/liuziqi/Documents/西大Graduate/Project_base/Code/Meng_ProjectBased_DetectCodeSimilar/code-sim/results/formal-v1/batch5/pairs/R00732/left/Main.java,/Users/liuziqi/Documents/西大Graduate/Project_base/Code/Meng_ProjectBased_DetectCodeSimilar/code-sim/results/formal-v1/batch5/pairs/R00732/right/Main.java
R00733,s867320110.java,p02706,/Users/liuziqi/Documents/西大Graduate/Project_base/Code/Meng_ProjectBased_DetectCodeSimilar/code-sim/results/formal-v1/batch5/pairs/R00733/left/Main.java,/Users/liuziqi/Documents/西大Graduate/Project_base/Code/Meng_ProjectBased_DetectCodeSimilar/code-sim/results/formal-v1/batch5/pairs/R00733/right/Main.java
R00734,s026028067.java,p02578,/Users/liuziqi/Documents/西大Graduate/Project_base/Code/Meng_ProjectBased_DetectCodeSimilar/code-sim/results/formal-v1/batch5/pairs/R00734/left/Main.java,/Users/liuziqi/Documents/西大Graduate/Project_base/Code/Meng_ProjectBased_DetectCodeSimilar/code-sim/results/formal-v1/batch5/pairs/R00734/right/Main.java
R00735,s284496348.java,p02916,/Users/liuziqi/Documents/西大Graduate/Project_base/Code/Meng_ProjectBased_DetectCodeSimilar/code-sim/results/formal-v1/batch5/pairs/R00735/left/Main.java,/Users/liuziqi/Documents/西大Graduate/Project_base/Code/Meng_ProjectBased_DetectCodeSimilar/code-sim/results/formal-v1/batch5/pairs/R00735/right/Main.java
R00736,s542988477.java,p02414,/Users/liuziqi/Documents/西大Graduate/Project_base/Code/Meng_ProjectBased_DetectCodeSimilar/code-sim/results/formal-v1/batch5/pairs/R00736/left/Main.java,/Users/liuziqi/Documents/西大Graduate/Project_base/Code/Meng_ProjectBased_DetectCodeSimilar/code-sim/results/formal-v1/batch5/pairs/R00736/right/Main.java
R00737,s502317824.java,p02570,/Users/liuziqi/Documents/西大Graduate/Project_base/Code/Meng_ProjectBased_DetectCodeSimilar/code-sim/results/formal-v1/batch5/pairs/R00737/left/Main.java,/Users/liuziqi/Documents/西大Graduate/Project_base/Code/Meng_ProjectBased_DetectCodeSimilar/code-sim/results/formal-v1/batch5/pairs/R00737/right/Main.java
R00738,s219089995.java,p03126,/Users/liuziqi/Documents/西大Graduate/Project_base/Code/Meng_ProjectBased_DetectCodeSimilar/code-sim/results/formal-v1/batch5/pairs/R00738/left/Main.java,/Users/liuziqi/Documents/西大Graduate/Project_base/Code/Meng_ProjectBased_DetectCodeSimilar/code-sim/results/formal-v1/batch5/pairs/R00738/right/Main.java
R00739,s180066367.java,p02779,/Users/liuziqi/Documents/西大Graduate/Project_base/Code/Meng_ProjectBased_DetectCodeSimilar/code-sim/results/formal-v1/batch5/pairs/R00739/left/Main.java,/Users/liuziqi/Documents/西大Graduate/Project_base/Code/Meng_ProjectBased_DetectCodeSimilar/code-sim/results/formal-v1/batch5/pairs/R00739/right/Main.java
R00740,s296657941.java,p03161,/Users/liuziqi/Documents/西大Graduate/Project_base/Code/Meng_ProjectBased_DetectCodeSimilar/code-sim/results/formal-v1/batch5/pairs/R00740/left/Main.java,/Users/liuziqi/Documents/西大Graduate/Project_base/Code/Meng_ProjectBased_DetectCodeSimilar/code-sim/results/formal-v1/batch5/pairs/R00740/right/Main.java
R00741,s906321456.java,p02409,/Users/liuziqi/Documents/西大Graduate/Project_base/Code/Meng_ProjectBased_DetectCodeSimilar/code-sim/results/formal-v1/batch5/pairs/R00741/left/Main.java,/Users/liuziqi/Documents/西大Graduate/Project_base/Code/Meng_ProjectBased_DetectCodeSimilar/code-sim/results/formal-v1/batch5/pairs/R00741/right/Main.java
R00742,s664969241.java,p02987,/Users/liuziqi/Documents/西大Graduate/Project_base/Code/Meng_ProjectBased_DetectCodeSimilar/code-sim/results/formal-v1/batch5/pairs/R00742/left/Main.java,/Users/liuziqi/Documents/西大Graduate/Project_base/Code/Meng_ProjectBased_DetectCodeSimilar/code-sim/results/formal-v1/batch5/pairs/R00742/right/Main.java
R00743,s471769577.java,p03136,/Users/liuziqi/Documents/西大Graduate/Project_base/Code/Meng_ProjectBased_DetectCodeSimilar/code-sim/results/formal-v1/batch5/pairs/R00743/left/Main.java,/Users/liuziqi/Documents/西大Graduate/Project_base/Code/Meng_ProjectBased_DetectCodeSimilar/code-sim/results/formal-v1/batch5/pairs/R00743/right/Main.java
R00744,s915118756.java,p02693,/Users/liuziqi/Documents/西大Graduate/Project_base/Code/Meng_ProjectBased_DetectCodeSimilar/code-sim/results/formal-v1/batch5/pairs/R00744/left/Main.java,/Users/liuziqi/Documents/西大Graduate/Project_base/Code/Meng_ProjectBased_DetectCodeSimilar/code-sim/results/formal-v1/batch5/pairs/R00744/right/Main.java
R00745,s268686124.java,p03478,/Users/liuziqi/Documents/西大Graduate/Project_base/Code/Meng_ProjectBased_DetectCodeSimilar/code-sim/results/formal-v1/batch5/pairs/R00745/left/Main.java,/Users/liuziqi/Documents/西大Graduate/Project_base/Code/Meng_ProjectBased_DetectCodeSimilar/code-sim/results/formal-v1/batch5/pairs/R00745/right/Main.java
R00746,s357221838.java,p02829,/Users/liuziqi/Documents/西大Graduate/Project_base/Code/Meng_ProjectBased_DetectCodeSimilar/code-sim/results/formal-v1/batch5/pairs/R00746/left/Main.java,/Users/liuziqi/Documents/西大Graduate/Project_base/Code/Meng_ProjectBased_DetectCodeSimilar/code-sim/results/formal-v1/batch5/pairs/R00746/right/Main.java
R00747,s226960873.java,p02791,/Users/liuziqi/Documents/西大Graduate/Project_base/Code/Meng_ProjectBased_DetectCodeSimilar/code-sim/results/formal-v1/batch5/pairs/R00747/left/Main.java,/Users/liuziqi/Documents/西大Graduate/Project_base/Code/Meng_ProjectBased_DetectCodeSimilar/code-sim/results/formal-v1/batch5/pairs/R00747/right/Main.java
R00748,s143935108.java,p03013,/Users/liuziqi/Documents/西大Graduate/Project_base/Code/Meng_ProjectBased_DetectCodeSimilar/code-sim/results/formal-v1/batch5/pairs/R00748/left/Main.java,/Users/liuziqi/Documents/西大Graduate/Project_base/Code/Meng_ProjectBased_DetectCodeSimilar/code-sim/results/formal-v1/batch5/pairs/R00748/right/Main.java
R00749,s598161348.java,p02832,/Users/liuziqi/Documents/西大Graduate/Project_base/Code/Meng_ProjectBased_DetectCodeSimilar/code-sim/results/formal-v1/batch5/pairs/R00749/left/Main.java,/Users/liuziqi/Documents/西大Graduate/Project_base/Code/Meng_ProjectBased_DetectCodeSimilar/code-sim/results/formal-v1/batch5/pairs/R00749/right/Main.java
R00750,s354321643.java,p03071,/Users/liuziqi/Documents/西大Graduate/Project_base/Code/Meng_ProjectBased_DetectCodeSimilar/code-sim/results/formal-v1/batch5/pairs/R00750/left/Main.java,/Users/liuziqi/Documents/西大Graduate/Project_base/Code/Meng_ProjectBased_DetectCodeSimilar/code-sim/results/formal-v1/batch5/pairs/R00750/right/Main.java
R00751,s725825433.java,p03493,/Users/liuziqi/Documents/西大Graduate/Project_base/Code/Meng_ProjectBased_DetectCodeSimilar/code-sim/results/formal-v1/batch5/pairs/R00751/left/Main.java,/Users/liuziqi/Documents/西大Graduate/Project_base/Code/Meng_ProjectBased_DetectCodeSimilar/code-sim/results/formal-v1/batch5/pairs/R00751/right/Main.java
R00752,s518731552.java,p02421,/Users/liuziqi/Documents/西大Graduate/Project_base/Code/Meng_ProjectBased_DetectCodeSimilar/code-sim/results/formal-v1/batch5/pairs/R00752/left/Main.java,/Users/liuziqi/Documents/西大Graduate/Project_base/Code/Meng_ProjectBased_DetectCodeSimilar/code-sim/results/formal-v1/batch5/pairs/R00752/right/Main.java
R00753,s411915050.java,p02989,/Users/liuziqi/Documents/西大Graduate/Project_base/Code/Meng_ProjectBased_DetectCodeSimilar/code-sim/results/formal-v1/batch5/pairs/R00753/left/Main.java,/Users/liuziqi/Documents/西大Graduate/Project_base/Code/Meng_ProjectBased_DetectCodeSimilar/code-sim/results/formal-v1/batch5/pairs/R00753/right/Main.java
R00754,s490863276.java,p02417,/Users/liuziqi/Documents/西大Graduate/Project_base/Code/Meng_ProjectBased_DetectCodeSimilar/code-sim/results/formal-v1/batch5/pairs/R00754/left/Main.java,/Users/liuziqi/Documents/西大Graduate/Project_base/Code/Meng_ProjectBased_DetectCodeSimilar/code-sim/results/formal-v1/batch5/pairs/R00754/right/Main.java
R00755,s963533665.java,p02832,/Users/liuziqi/Documents/西大Graduate/Project_base/Code/Meng_ProjectBased_DetectCodeSimilar/code-sim/results/formal-v1/batch5/pairs/R00755/left/Main.java,/Users/liuziqi/Documents/西大Graduate/Project_base/Code/Meng_ProjectBased_DetectCodeSimilar/code-sim/results/formal-v1/batch5/pairs/R00755/right/Main.java
R00756,s955623605.java,p02773,/Users/liuziqi/Documents/西大Graduate/Project_base/Code/Meng_ProjectBased_DetectCodeSimilar/code-sim/results/formal-v1/batch5/pairs/R00756/left/Main.java,/Users/liuziqi/Documents/西大Graduate/Project_base/Code/Meng_ProjectBased_DetectCodeSimilar/code-sim/results/formal-v1/batch5/pairs/R00756/right/Main.java
R00757,s685309840.java,p03478,/Users/liuziqi/Documents/西大Graduate/Project_base/Code/Meng_ProjectBased_DetectCodeSimilar/code-sim/results/formal-v1/batch5/pairs/R00757/left/Main.java,/Users/liuziqi/Documents/西大Graduate/Project_base/Code/Meng_ProjectBased_DetectCodeSimilar/code-sim/results/formal-v1/batch5/pairs/R00757/right/Main.java
R00758,s105808029.java,p03434,/Users/liuziqi/Documents/西大Graduate/Project_base/Code/Meng_ProjectBased_DetectCodeSimilar/code-sim/results/formal-v1/batch5/pairs/R00758/left/Main.java,/Users/liuziqi/Documents/西大Graduate/Project_base/Code/Meng_ProjectBased_DetectCodeSimilar/code-sim/results/formal-v1/batch5/pairs/R00758/right/Main.java
R00759,s434711629.java,p03013,/Users/liuziqi/Documents/西大Graduate/Project_base/Code/Meng_ProjectBased_DetectCodeSimilar/code-sim/results/formal-v1/batch5/pairs/R00759/left/Main.java,/Users/liuziqi/Documents/西大Graduate/Project_base/Code/Meng_ProjectBased_DetectCodeSimilar/code-sim/results/formal-v1/batch5/pairs/R00759/right/Main.java
R00760,s588859758.java,p02659,/Users/liuziqi/Documents/西大Graduate/Project_base/Code/Meng_ProjectBased_DetectCodeSimilar/code-sim/results/formal-v1/batch5/pairs/R00760/left/Main.java,/Users/liuziqi/Documents/西大Graduate/Project_base/Code/Meng_ProjectBased_DetectCodeSimilar/code-sim/results/formal-v1/batch5/pairs/R00760/right/Main.java
R00761,s082797685.java,p03474,/Users/liuziqi/Documents/西大Graduate/Project_base/Code/Meng_ProjectBased_DetectCodeSimilar/code-sim/results/formal-v1/batch5/pairs/R00761/left/Main.java,/Users/liuziqi/Documents/西大Graduate/Project_base/Code/Meng_ProjectBased_DetectCodeSimilar/code-sim/results/formal-v1/batch5/pairs/R00761/right/Main.java
R00762,s090892701.java,p03632,/Users/liuziqi/Documents/西大Graduate/Project_base/Code/Meng_ProjectBased_DetectCodeSimilar/code-sim/results/formal-v1/batch5/pairs/R00762/left/Main.java,/Users/liuziqi/Documents/西大Graduate/Project_base/Code/Meng_ProjectBased_DetectCodeSimilar/code-sim/results/formal-v1/batch5/pairs/R00762/right/Main.java
R00763,s289377104.java,p02832,/Users/liuziqi/Documents/西大Graduate/Project_base/Code/Meng_ProjectBased_DetectCodeSimilar/code-sim/results/formal-v1/batch5/pairs/R00763/left/Main.java,/Users/liuziqi/Documents/西大Graduate/Project_base/Code/Meng_ProjectBased_DetectCodeSimilar/code-sim/results/formal-v1/batch5/pairs/R00763/right/Main.java
R00764,s768333390.java,p03102,/Users/liuziqi/Documents/西大Graduate/Project_base/Code/Meng_ProjectBased_DetectCodeSimilar/code-sim/results/formal-v1/batch5/pairs/R00764/left/Main.java,/Users/liuziqi/Documents/西大Graduate/Project_base/Code/Meng_ProjectBased_DetectCodeSimilar/code-sim/results/formal-v1/batch5/pairs/R00764/right/Main.java
R00765,s547459960.java,p02268,/Users/liuziqi/Documents/西大Graduate/Project_base/Code/Meng_ProjectBased_DetectCodeSimilar/code-sim/results/formal-v1/batch5/pairs/R00765/left/Main.java,/Users/liuziqi/Documents/西大Graduate/Project_base/Code/Meng_ProjectBased_DetectCodeSimilar/code-sim/results/formal-v1/batch5/pairs/R00765/right/Main.java
R00766,s808449904.java,p04030,/Users/liuziqi/Documents/西大Graduate/Project_base/Code/Meng_ProjectBased_DetectCodeSimilar/code-sim/results/formal-v1/batch5/pairs/R00766/left/Main.java,/Users/liuziqi/Documents/西大Graduate/Project_base/Code/Meng_ProjectBased_DetectCodeSimilar/code-sim/results/formal-v1/batch5/pairs/R00766/right/Main.java
R00767,s599690562.java,p03695,/Users/liuziqi/Documents/西大Graduate/Project_base/Code/Meng_ProjectBased_DetectCodeSimilar/code-sim/results/formal-v1/batch5/pairs/R00767/left/Main.java,/Users/liuziqi/Documents/西大Graduate/Project_base/Code/Meng_ProjectBased_DetectCodeSimilar/code-sim/results/formal-v1/batch5/pairs/R00767/right/Main.java
R00768,s426220646.java,p03102,/Users/liuziqi/Documents/西大Graduate/Project_base/Code/Meng_ProjectBased_DetectCodeSimilar/code-sim/results/formal-v1/batch5/pairs/R00768/left/Main.java,/Users/liuziqi/Documents/西大Graduate/Project_base/Code/Meng_ProjectBased_DetectCodeSimilar/code-sim/results/formal-v1/batch5/pairs/R00768/right/Main.java
R00769,s921744782.java,p02414,/Users/liuziqi/Documents/西大Graduate/Project_base/Code/Meng_ProjectBased_DetectCodeSimilar/code-sim/results/formal-v1/batch5/pairs/R00769/left/Main.java,/Users/liuziqi/Documents/西大Graduate/Project_base/Code/Meng_ProjectBased_DetectCodeSimilar/code-sim/results/formal-v1/batch5/pairs/R00769/right/Main.java
R00770,s842997444.java,p03239,/Users/liuziqi/Documents/西大Graduate/Project_base/Code/Meng_ProjectBased_DetectCodeSimilar/code-sim/results/formal-v1/batch5/pairs/R00770/left/Main.java,/Users/liuziqi/Documents/西大Graduate/Project_base/Code/Meng_ProjectBased_DetectCodeSimilar/code-sim/results/formal-v1/batch5/pairs/R00770/right/Main.java
R00771,s566289450.java,p03072,/Users/liuziqi/Documents/西大Graduate/Project_base/Code/Meng_ProjectBased_DetectCodeSimilar/code-sim/results/formal-v1/batch5/pairs/R00771/left/Main.java,/Users/liuziqi/Documents/西大Graduate/Project_base/Code/Meng_ProjectBased_DetectCodeSimilar/code-sim/results/formal-v1/batch5/pairs/R00771/right/Main.java
R00772,s645812138.java,p02802,/Users/liuziqi/Documents/西大Graduate/Project_base/Code/Meng_ProjectBased_DetectCodeSimilar/code-sim/results/formal-v1/batch5/pairs/R00772/left/Main.java,/Users/liuziqi/Documents/西大Graduate/Project_base/Code/Meng_ProjectBased_DetectCodeSimilar/code-sim/results/formal-v1/batch5/pairs/R00772/right/Main.java
R00773,s223188275.java,p03126,/Users/liuziqi/Documents/西大Graduate/Project_base/Code/Meng_ProjectBased_DetectCodeSimilar/code-sim/results/formal-v1/batch5/pairs/R00773/left/Main.java,/Users/liuziqi/Documents/西大Graduate/Project_base/Code/Meng_ProjectBased_DetectCodeSimilar/code-sim/results/formal-v1/batch5/pairs/R00773/right/Main.java
R00774,s975081808.java,p02641,/Users/liuziqi/Documents/西大Graduate/Project_base/Code/Meng_ProjectBased_DetectCodeSimilar/code-sim/results/formal-v1/batch5/pairs/R00774/left/Main.java,/Users/liuziqi/Documents/西大Graduate/Project_base/Code/Meng_ProjectBased_DetectCodeSimilar/code-sim/results/formal-v1/batch5/pairs/R00774/right/Main.java
R00775,s240628809.java,p02917,/Users/liuziqi/Documents/西大Graduate/Project_base/Code/Meng_ProjectBased_DetectCodeSimilar/code-sim/results/formal-v1/batch5/pairs/R00775/left/Main.java,/Users/liuziqi/Documents/西大Graduate/Project_base/Code/Meng_ProjectBased_DetectCodeSimilar/code-sim/results/formal-v1/batch5/pairs/R00775/right/Main.java
R00776,s161552986.java,p02832,/Users/liuziqi/Documents/西大Graduate/Project_base/Code/Meng_ProjectBased_DetectCodeSimilar/code-sim/results/formal-v1/batch5/pairs/R00776/left/Main.java,/Users/liuziqi/Documents/西大Graduate/Project_base/Code/Meng_ProjectBased_DetectCodeSimilar/code-sim/results/formal-v1/batch5/pairs/R00776/right/Main.java
R00777,s507777327.java,p02935,/Users/liuziqi/Documents/西大Graduate/Project_base/Code/Meng_ProjectBased_DetectCodeSimilar/code-sim/results/formal-v1/batch5/pairs/R00777/left/Main.java,/Users/liuziqi/Documents/西大Graduate/Project_base/Code/Meng_ProjectBased_DetectCodeSimilar/code-sim/results/formal-v1/batch5/pairs/R00777/right/Main.java
R00778,s222391257.java,p02397,/Users/liuziqi/Documents/西大Graduate/Project_base/Code/Meng_ProjectBased_DetectCodeSimilar/code-sim/results/formal-v1/batch5/pairs/R00778/left/Main.java,/Users/liuziqi/Documents/西大Graduate/Project_base/Code/Meng_ProjectBased_DetectCodeSimilar/code-sim/results/formal-v1/batch5/pairs/R00778/right/Main.java
R00779,s842552107.java,p03370,/Users/liuziqi/Documents/西大Graduate/Project_base/Code/Meng_ProjectBased_DetectCodeSimilar/code-sim/results/formal-v1/batch5/pairs/R00779/left/Main.java,/Users/liuziqi/Documents/西大Graduate/Project_base/Code/Meng_ProjectBased_DetectCodeSimilar/code-sim/results/formal-v1/batch5/pairs/R00779/right/Main.java
R00780,s844797394.java,p02860,/Users/liuziqi/Documents/西大Graduate/Project_base/Code/Meng_ProjectBased_DetectCodeSimilar/code-sim/results/formal-v1/batch5/pairs/R00780/left/Main.java,/Users/liuziqi/Documents/西大Graduate/Project_base/Code/Meng_ProjectBased_DetectCodeSimilar/code-sim/results/formal-v1/batch5/pairs/R00780/right/Main.java
R00781,s007428375.java,p03136,/Users/liuziqi/Documents/西大Graduate/Project_base/Code/Meng_ProjectBased_DetectCodeSimilar/code-sim/results/formal-v1/batch5/pairs/R00781/left/Main.java,/Users/liuziqi/Documents/西大Graduate/Project_base/Code/Meng_ProjectBased_DetectCodeSimilar/code-sim/results/formal-v1/batch5/pairs/R00781/right/Main.java
R00782,s752136854.java,p02410,/Users/liuziqi/Documents/西大Graduate/Project_base/Code/Meng_ProjectBased_DetectCodeSimilar/code-sim/results/formal-v1/batch5/pairs/R00782/left/Main.java,/Users/liuziqi/Documents/西大Graduate/Project_base/Code/Meng_ProjectBased_DetectCodeSimilar/code-sim/results/formal-v1/batch5/pairs/R00782/right/Main.java
R00783,s899530888.java,p02402,/Users/liuziqi/Documents/西大Graduate/Project_base/Code/Meng_ProjectBased_DetectCodeSimilar/code-sim/results/formal-v1/batch5/pairs/R00783/left/Main.java,/Users/liuziqi/Documents/西大Graduate/Project_base/Code/Meng_ProjectBased_DetectCodeSimilar/code-sim/results/formal-v1/batch5/pairs/R00783/right/Main.java
R00784,s754256515.java,p03352,/Users/liuziqi/Documents/西大Graduate/Project_base/Code/Meng_ProjectBased_DetectCodeSimilar/code-sim/results/formal-v1/batch5/pairs/R00784/left/Main.java,/Users/liuziqi/Documents/西大Graduate/Project_base/Code/Meng_ProjectBased_DetectCodeSimilar/code-sim/results/formal-v1/batch5/pairs/R00784/right/Main.java
R00785,s566349870.java,p03076,/Users/liuziqi/Documents/西大Graduate/Project_base/Code/Meng_ProjectBased_DetectCodeSimilar/code-sim/results/formal-v1/batch5/pairs/R00785/left/Main.java,/Users/liuziqi/Documents/西大Graduate/Project_base/Code/Meng_ProjectBased_DetectCodeSimilar/code-sim/results/formal-v1/batch5/pairs/R00785/right/Main.java
R00786,s219239898.java,p03076,/Users/liuziqi/Documents/西大Graduate/Project_base/Code/Meng_ProjectBased_DetectCodeSimilar/code-sim/results/formal-v1/batch5/pairs/R00786/left/Main.java,/Users/liuziqi/Documents/西大Graduate/Project_base/Code/Meng_ProjectBased_DetectCodeSimilar/code-sim/results/formal-v1/batch5/pairs/R00786/right/Main.java
R00787,s885090572.java,p02706,/Users/liuziqi/Documents/西大Graduate/Project_base/Code/Meng_ProjectBased_DetectCodeSimilar/code-sim/results/formal-v1/batch5/pairs/R00787/left/Main.java,/Users/liuziqi/Documents/西大Graduate/Project_base/Code/Meng_ProjectBased_DetectCodeSimilar/code-sim/results/formal-v1/batch5/pairs/R00787/right/Main.java
R00788,s480596315.java,p02402,/Users/liuziqi/Documents/西大Graduate/Project_base/Code/Meng_ProjectBased_DetectCodeSimilar/code-sim/results/formal-v1/batch5/pairs/R00788/left/Main.java,/Users/liuziqi/Documents/西大Graduate/Project_base/Code/Meng_ProjectBased_DetectCodeSimilar/code-sim/results/formal-v1/batch5/pairs/R00788/right/Main.java
R00789,s306285506.java,p02641,/Users/liuziqi/Documents/西大Graduate/Project_base/Code/Meng_ProjectBased_DetectCodeSimilar/code-sim/results/formal-v1/batch5/pairs/R00789/left/Main.java,/Users/liuziqi/Documents/西大Graduate/Project_base/Code/Meng_ProjectBased_DetectCodeSimilar/code-sim/results/formal-v1/batch5/pairs/R00789/right/Main.java
R00790,s397463747.java,p02259,/Users/liuziqi/Documents/西大Graduate/Project_base/Code/Meng_ProjectBased_DetectCodeSimilar/code-sim/results/formal-v1/batch5/pairs/R00790/left/Main.java,/Users/liuziqi/Documents/西大Graduate/Project_base/Code/Meng_ProjectBased_DetectCodeSimilar/code-sim/results/formal-v1/batch5/pairs/R00790/right/Main.java
R00791,s033874771.java,p02414,/Users/liuziqi/Documents/西大Graduate/Project_base/Code/Meng_ProjectBased_DetectCodeSimilar/code-sim/results/formal-v1/batch5/pairs/R00791/left/Main.java,/Users/liuziqi/Documents/西大Graduate/Project_base/Code/Meng_ProjectBased_DetectCodeSimilar/code-sim/results/formal-v1/batch5/pairs/R00791/right/Main.java
R00792,s354091259.java,p02571,/Users/liuziqi/Documents/西大Graduate/Project_base/Code/Meng_ProjectBased_DetectCodeSimilar/code-sim/results/formal-v1/batch5/pairs/R00792/left/Main.java,/Users/liuziqi/Documents/西大Graduate/Project_base/Code/Meng_ProjectBased_DetectCodeSimilar/code-sim/results/formal-v1/batch5/pairs/R00792/right/Main.java
R00793,s960550539.java,p02766,/Users/liuziqi/Documents/西大Graduate/Project_base/Code/Meng_ProjectBased_DetectCodeSimilar/code-sim/results/formal-v1/batch5/pairs/R00793/left/Main.java,/Users/liuziqi/Documents/西大Graduate/Project_base/Code/Meng_ProjectBased_DetectCodeSimilar/code-sim/results/formal-v1/batch5/pairs/R00793/right/Main.java
R00794,s324376363.java,p02413,/Users/liuziqi/Documents/西大Graduate/Project_base/Code/Meng_ProjectBased_DetectCodeSimilar/code-sim/results/formal-v1/batch5/pairs/R00794/left/Main.java,/Users/liuziqi/Documents/西大Graduate/Project_base/Code/Meng_ProjectBased_DetectCodeSimilar/code-sim/results/formal-v1/batch5/pairs/R00794/right/Main.java
R00795,s880634141.java,p02755,/Users/liuziqi/Documents/西大Graduate/Project_base/Code/Meng_ProjectBased_DetectCodeSimilar/code-sim/results/formal-v1/batch5/pairs/R00795/left/Main.java,/Users/liuziqi/Documents/西大Graduate/Project_base/Code/Meng_ProjectBased_DetectCodeSimilar/code-sim/results/formal-v1/batch5/pairs/R00795/right/Main.java
R00796,s015893501.java,p02886,/Users/liuziqi/Documents/西大Graduate/Project_base/Code/Meng_ProjectBased_DetectCodeSimilar/code-sim/results/formal-v1/batch5/pairs/R00796/left/Main.java,/Users/liuziqi/Documents/西大Graduate/Project_base/Code/Meng_ProjectBased_DetectCodeSimilar/code-sim/results/formal-v1/batch5/pairs/R00796/right/Main.java
R00797,s217570218.java,p04044,/Users/liuziqi/Documents/西大Graduate/Project_base/Code/Meng_ProjectBased_DetectCodeSimilar/code-sim/results/formal-v1/batch5/pairs/R00797/left/Main.java,/Users/liuziqi/Documents/西大Graduate/Project_base/Code/Meng_ProjectBased_DetectCodeSimilar/code-sim/results/formal-v1/batch5/pairs/R00797/right/Main.java
R00798,s693550256.java,p03076,/Users/liuziqi/Documents/西大Graduate/Project_base/Code/Meng_ProjectBased_DetectCodeSimilar/code-sim/results/formal-v1/batch5/pairs/R00798/left/Main.java,/Users/liuziqi/Documents/西大Graduate/Project_base/Code/Meng_ProjectBased_DetectCodeSimilar/code-sim/results/formal-v1/batch5/pairs/R00798/right/Main.java
R00799,s508777951.java,p02959,/Users/liuziqi/Documents/西大Graduate/Project_base/Code/Meng_ProjectBased_DetectCodeSimilar/code-sim/results/formal-v1/batch5/pairs/R00799/left/Main.java,/Users/liuziqi/Documents/西大Graduate/Project_base/Code/Meng_ProjectBased_DetectCodeSimilar/code-sim/results/formal-v1/batch5/pairs/R00799/right/Main.java
R00800,s929679681.java,p02405,/Users/liuziqi/Documents/西大Graduate/Project_base/Code/Meng_ProjectBased_DetectCodeSimilar/code-sim/results/formal-v1/batch5/pairs/R00800/left/Main.java,/Users/liuziqi/Documents/西大Graduate/Project_base/Code/Meng_ProjectBased_DetectCodeSimilar/code-sim/results/formal-v1/batch5/pairs/R00800/right/Main.java
R00801,s887992616.java,p03293,/Users/liuziqi/Documents/西大Graduate/Project_base/Code/Meng_ProjectBased_DetectCodeSimilar/code-sim/results/formal-v1/batch5/pairs/R00801/left/Main.java,/Users/liuziqi/Documents/西大Graduate/Project_base/Code/Meng_ProjectBased_DetectCodeSimilar/code-sim/results/formal-v1/batch5/pairs/R00801/right/Main.java
R00802,s268261850.java,p02790,/Users/liuziqi/Documents/西大Graduate/Project_base/Code/Meng_ProjectBased_DetectCodeSimilar/code-sim/results/formal-v1/batch5/pairs/R00802/left/Main.java,/Users/liuziqi/Documents/西大Graduate/Project_base/Code/Meng_ProjectBased_DetectCodeSimilar/code-sim/results/formal-v1/batch5/pairs/R00802/right/Main.java
R00803,s375672669.java,p03720,/Users/liuziqi/Documents/西大Graduate/Project_base/Code/Meng_ProjectBased_DetectCodeSimilar/code-sim/results/formal-v1/batch5/pairs/R00803/left/Main.java,/Users/liuziqi/Documents/西大Graduate/Project_base/Code/Meng_ProjectBased_DetectCodeSimilar/code-sim/results/formal-v1/batch5/pairs/R00803/right/Main.java
R00804,s527718465.java,p02754,/Users/liuziqi/Documents/西大Graduate/Project_base/Code/Meng_ProjectBased_DetectCodeSimilar/code-sim/results/formal-v1/batch5/pairs/R00804/left/Main.java,/Users/liuziqi/Documents/西大Graduate/Project_base/Code/Meng_ProjectBased_DetectCodeSimilar/code-sim/results/formal-v1/batch5/pairs/R00804/right/Main.java
R00805,s777798281.java,p03106,/Users/liuziqi/Documents/西大Graduate/Project_base/Code/Meng_ProjectBased_DetectCodeSimilar/code-sim/results/formal-v1/batch5/pairs/R00805/left/Main.java,/Users/liuziqi/Documents/西大Graduate/Project_base/Code/Meng_ProjectBased_DetectCodeSimilar/code-sim/results/formal-v1/batch5/pairs/R00805/right/Main.java
R00806,s288370504.java,p02773,/Users/liuziqi/Documents/西大Graduate/Project_base/Code/Meng_ProjectBased_DetectCodeSimilar/code-sim/results/formal-v1/batch5/pairs/R00806/left/Main.java,/Users/liuziqi/Documents/西大Graduate/Project_base/Code/Meng_ProjectBased_DetectCodeSimilar/code-sim/results/formal-v1/batch5/pairs/R00806/right/Main.java
R00807,s138545646.java,p03289,/Users/liuziqi/Documents/西大Graduate/Project_base/Code/Meng_ProjectBased_DetectCodeSimilar/code-sim/results/formal-v1/batch5/pairs/R00807/left/Main.java,/Users/liuziqi/Documents/西大Graduate/Project_base/Code/Meng_ProjectBased_DetectCodeSimilar/code-sim/results/formal-v1/batch5/pairs/R00807/right/Main.java
R00808,s451987224.java,p02953,/Users/liuziqi/Documents/西大Graduate/Project_base/Code/Meng_ProjectBased_DetectCodeSimilar/code-sim/results/formal-v1/batch5/pairs/R00808/left/Main.java,/Users/liuziqi/Documents/西大Graduate/Project_base/Code/Meng_ProjectBased_DetectCodeSimilar/code-sim/results/formal-v1/batch5/pairs/R00808/right/Main.java
R00809,s418045199.java,p02947,/Users/liuziqi/Documents/西大Graduate/Project_base/Code/Meng_ProjectBased_DetectCodeSimilar/code-sim/results/formal-v1/batch5/pairs/R00809/left/Main.java,/Users/liuziqi/Documents/西大Graduate/Project_base/Code/Meng_ProjectBased_DetectCodeSimilar/code-sim/results/formal-v1/batch5/pairs/R00809/right/Main.java
R00810,s160746523.java,p03854,/Users/liuziqi/Documents/西大Graduate/Project_base/Code/Meng_ProjectBased_DetectCodeSimilar/code-sim/results/formal-v1/batch5/pairs/R00810/left/Main.java,/Users/liuziqi/Documents/西大Graduate/Project_base/Code/Meng_ProjectBased_DetectCodeSimilar/code-sim/results/formal-v1/batch5/pairs/R00810/right/Main.java
R00811,s435197042.java,p02677,/Users/liuziqi/Documents/西大Graduate/Project_base/Code/Meng_ProjectBased_DetectCodeSimilar/code-sim/results/formal-v1/batch5/pairs/R00811/left/Main.java,/Users/liuziqi/Documents/西大Graduate/Project_base/Code/Meng_ProjectBased_DetectCodeSimilar/code-sim/results/formal-v1/batch5/pairs/R00811/right/Main.java
R00812,s069383430.java,p03360,/Users/liuziqi/Documents/西大Graduate/Project_base/Code/Meng_ProjectBased_DetectCodeSimilar/code-sim/results/formal-v1/batch5/pairs/R00812/left/Main.java,/Users/liuziqi/Documents/西大Graduate/Project_base/Code/Meng_ProjectBased_DetectCodeSimilar/code-sim/results/formal-v1/batch5/pairs/R00812/right/Main.java
R00813,s872822377.java,p03371,/Users/liuziqi/Documents/西大Graduate/Project_base/Code/Meng_ProjectBased_DetectCodeSimilar/code-sim/results/formal-v1/batch5/pairs/R00813/left/Main.java,/Users/liuziqi/Documents/西大Graduate/Project_base/Code/Meng_ProjectBased_DetectCodeSimilar/code-sim/results/formal-v1/batch5/pairs/R00813/right/Main.java
R00814,s929600059.java,p02641,/Users/liuziqi/Documents/西大Graduate/Project_base/Code/Meng_ProjectBased_DetectCodeSimilar/code-sim/results/formal-v1/batch5/pairs/R00814/left/Main.java,/Users/liuziqi/Documents/西大Graduate/Project_base/Code/Meng_ProjectBased_DetectCodeSimilar/code-sim/results/formal-v1/batch5/pairs/R00814/right/Main.java
R00815,s241778872.java,p02785,/Users/liuziqi/Documents/西大Graduate/Project_base/Code/Meng_ProjectBased_DetectCodeSimilar/code-sim/results/formal-v1/batch5/pairs/R00815/left/Main.java,/Users/liuziqi/Documents/西大Graduate/Project_base/Code/Meng_ProjectBased_DetectCodeSimilar/code-sim/results/formal-v1/batch5/pairs/R00815/right/Main.java
R00816,s931431073.java,p02712,/Users/liuziqi/Documents/西大Graduate/Project_base/Code/Meng_ProjectBased_DetectCodeSimilar/code-sim/results/formal-v1/batch5/pairs/R00816/left/Main.java,/Users/liuziqi/Documents/西大Graduate/Project_base/Code/Meng_ProjectBased_DetectCodeSimilar/code-sim/results/formal-v1/batch5/pairs/R00816/right/Main.java
R00817,s212723246.java,p02400,/Users/liuziqi/Documents/西大Graduate/Project_base/Code/Meng_ProjectBased_DetectCodeSimilar/code-sim/results/formal-v1/batch5/pairs/R00817/left/Main.java,/Users/liuziqi/Documents/西大Graduate/Project_base/Code/Meng_ProjectBased_DetectCodeSimilar/code-sim/results/formal-v1/batch5/pairs/R00817/right/Main.java
R00818,s956372239.java,p03471,/Users/liuziqi/Documents/西大Graduate/Project_base/Code/Meng_ProjectBased_DetectCodeSimilar/code-sim/results/formal-v1/batch5/pairs/R00818/left/Main.java,/Users/liuziqi/Documents/西大Graduate/Project_base/Code/Meng_ProjectBased_DetectCodeSimilar/code-sim/results/formal-v1/batch5/pairs/R00818/right/Main.java
R00819,s671665974.java,p02784,/Users/liuziqi/Documents/西大Graduate/Project_base/Code/Meng_ProjectBased_DetectCodeSimilar/code-sim/results/formal-v1/batch5/pairs/R00819/left/Main.java,/Users/liuziqi/Documents/西大Graduate/Project_base/Code/Meng_ProjectBased_DetectCodeSimilar/code-sim/results/formal-v1/batch5/pairs/R00819/right/Main.java
R00820,s851031792.java,p02945,/Users/liuziqi/Documents/西大Graduate/Project_base/Code/Meng_ProjectBased_DetectCodeSimilar/code-sim/results/formal-v1/batch5/pairs/R00820/left/Main.java,/Users/liuziqi/Documents/西大Graduate/Project_base/Code/Meng_ProjectBased_DetectCodeSimilar/code-sim/results/formal-v1/batch5/pairs/R00820/right/Main.java
R00821,s872536787.java,p03086,/Users/liuziqi/Documents/西大Graduate/Project_base/Code/Meng_ProjectBased_DetectCodeSimilar/code-sim/results/formal-v1/batch5/pairs/R00821/left/Main.java,/Users/liuziqi/Documents/西大Graduate/Project_base/Code/Meng_ProjectBased_DetectCodeSimilar/code-sim/results/formal-v1/batch5/pairs/R00821/right/Main.java
R00822,s895965183.java,p03695,/Users/liuziqi/Documents/西大Graduate/Project_base/Code/Meng_ProjectBased_DetectCodeSimilar/code-sim/results/formal-v1/batch5/pairs/R00822/left/Main.java,/Users/liuziqi/Documents/西大Graduate/Project_base/Code/Meng_ProjectBased_DetectCodeSimilar/code-sim/results/formal-v1/batch5/pairs/R00822/right/Main.java
R00823,s632951611.java,p03075,/Users/liuziqi/Documents/西大Graduate/Project_base/Code/Meng_ProjectBased_DetectCodeSimilar/code-sim/results/formal-v1/batch5/pairs/R00823/left/Main.java,/Users/liuziqi/Documents/西大Graduate/Project_base/Code/Meng_ProjectBased_DetectCodeSimilar/code-sim/results/formal-v1/batch5/pairs/R00823/right/Main.java
R00824,s355362268.java,p03316,/Users/liuziqi/Documents/西大Graduate/Project_base/Code/Meng_ProjectBased_DetectCodeSimilar/code-sim/results/formal-v1/batch5/pairs/R00824/left/Main.java,/Users/liuziqi/Documents/西大Graduate/Project_base/Code/Meng_ProjectBased_DetectCodeSimilar/code-sim/results/formal-v1/batch5/pairs/R00824/right/Main.java
R00825,s243333791.java,p03243,/Users/liuziqi/Documents/西大Graduate/Project_base/Code/Meng_ProjectBased_DetectCodeSimilar/code-sim/results/formal-v1/batch5/pairs/R00825/left/Main.java,/Users/liuziqi/Documents/西大Graduate/Project_base/Code/Meng_ProjectBased_DetectCodeSimilar/code-sim/results/formal-v1/batch5/pairs/R00825/right/Main.java
R00826,s446296453.java,p03545,/Users/liuziqi/Documents/西大Graduate/Project_base/Code/Meng_ProjectBased_DetectCodeSimilar/code-sim/results/formal-v1/batch5/pairs/R00826/left/Main.java,/Users/liuziqi/Documents/西大Graduate/Project_base/Code/Meng_ProjectBased_DetectCodeSimilar/code-sim/results/formal-v1/batch5/pairs/R00826/right/Main.java
R00827,s900262067.java,p02777,/Users/liuziqi/Documents/西大Graduate/Project_base/Code/Meng_ProjectBased_DetectCodeSimilar/code-sim/results/formal-v1/batch5/pairs/R00827/left/Main.java,/Users/liuziqi/Documents/西大Graduate/Project_base/Code/Meng_ProjectBased_DetectCodeSimilar/code-sim/results/formal-v1/batch5/pairs/R00827/right/Main.java
R00828,s867311776.java,p02802,/Users/liuziqi/Documents/西大Graduate/Project_base/Code/Meng_ProjectBased_DetectCodeSimilar/code-sim/results/formal-v1/batch5/pairs/R00828/left/Main.java,/Users/liuziqi/Documents/西大Graduate/Project_base/Code/Meng_ProjectBased_DetectCodeSimilar/code-sim/results/formal-v1/batch5/pairs/R00828/right/Main.java
R00829,s079661997.java,p02718,/Users/liuziqi/Documents/西大Graduate/Project_base/Code/Meng_ProjectBased_DetectCodeSimilar/code-sim/results/formal-v1/batch5/pairs/R00829/left/Main.java,/Users/liuziqi/Documents/西大Graduate/Project_base/Code/Meng_ProjectBased_DetectCodeSimilar/code-sim/results/formal-v1/batch5/pairs/R00829/right/Main.java
R00830,s041603215.java,p02916,/Users/liuziqi/Documents/西大Graduate/Project_base/Code/Meng_ProjectBased_DetectCodeSimilar/code-sim/results/formal-v1/batch5/pairs/R00830/left/Main.java,/Users/liuziqi/Documents/西大Graduate/Project_base/Code/Meng_ProjectBased_DetectCodeSimilar/code-sim/results/formal-v1/batch5/pairs/R00830/right/Main.java
R00831,s308537768.java,p04012,/Users/liuziqi/Documents/西大Graduate/Project_base/Code/Meng_ProjectBased_DetectCodeSimilar/code-sim/results/formal-v1/batch5/pairs/R00831/left/Main.java,/Users/liuziqi/Documents/西大Graduate/Project_base/Code/Meng_ProjectBased_DetectCodeSimilar/code-sim/results/formal-v1/batch5/pairs/R00831/right/Main.java
R00832,s938248774.java,p02945,/Users/liuziqi/Documents/西大Graduate/Project_base/Code/Meng_ProjectBased_DetectCodeSimilar/code-sim/results/formal-v1/batch5/pairs/R00832/left/Main.java,/Users/liuziqi/Documents/西大Graduate/Project_base/Code/Meng_ProjectBased_DetectCodeSimilar/code-sim/results/formal-v1/batch5/pairs/R00832/right/Main.java
R00833,s061913669.java,p02916,/Users/liuziqi/Documents/西大Graduate/Project_base/Code/Meng_ProjectBased_DetectCodeSimilar/code-sim/results/formal-v1/batch5/pairs/R00833/left/Main.java,/Users/liuziqi/Documents/西大Graduate/Project_base/Code/Meng_ProjectBased_DetectCodeSimilar/code-sim/results/formal-v1/batch5/pairs/R00833/right/Main.java
R00834,s553287428.java,p03012,/Users/liuziqi/Documents/西大Graduate/Project_base/Code/Meng_ProjectBased_DetectCodeSimilar/code-sim/results/formal-v1/batch5/pairs/R00834/left/Main.java,/Users/liuziqi/Documents/西大Graduate/Project_base/Code/Meng_ProjectBased_DetectCodeSimilar/code-sim/results/formal-v1/batch5/pairs/R00834/right/Main.java
R00835,s689892371.java,p02994,/Users/liuziqi/Documents/西大Graduate/Project_base/Code/Meng_ProjectBased_DetectCodeSimilar/code-sim/results/formal-v1/batch5/pairs/R00835/left/Main.java,/Users/liuziqi/Documents/西大Graduate/Project_base/Code/Meng_ProjectBased_DetectCodeSimilar/code-sim/results/formal-v1/batch5/pairs/R00835/right/Main.java
R00836,s742184055.java,p02641,/Users/liuziqi/Documents/西大Graduate/Project_base/Code/Meng_ProjectBased_DetectCodeSimilar/code-sim/results/formal-v1/batch5/pairs/R00836/left/Main.java,/Users/liuziqi/Documents/西大Graduate/Project_base/Code/Meng_ProjectBased_DetectCodeSimilar/code-sim/results/formal-v1/batch5/pairs/R00836/right/Main.java
R00837,s523409192.java,p02258,/Users/liuziqi/Documents/西大Graduate/Project_base/Code/Meng_ProjectBased_DetectCodeSimilar/code-sim/results/formal-v1/batch5/pairs/R00837/left/Main.java,/Users/liuziqi/Documents/西大Graduate/Project_base/Code/Meng_ProjectBased_DetectCodeSimilar/code-sim/results/formal-v1/batch5/pairs/R00837/right/Main.java
R00838,s933262151.java,p03126,/Users/liuziqi/Documents/西大Graduate/Project_base/Code/Meng_ProjectBased_DetectCodeSimilar/code-sim/results/formal-v1/batch5/pairs/R00838/left/Main.java,/Users/liuziqi/Documents/西大Graduate/Project_base/Code/Meng_ProjectBased_DetectCodeSimilar/code-sim/results/formal-v1/batch5/pairs/R00838/right/Main.java
R00839,s254397936.java,p03316,/Users/liuziqi/Documents/西大Graduate/Project_base/Code/Meng_ProjectBased_DetectCodeSimilar/code-sim/results/formal-v1/batch5/pairs/R00839/left/Main.java,/Users/liuziqi/Documents/西大Graduate/Project_base/Code/Meng_ProjectBased_DetectCodeSimilar/code-sim/results/formal-v1/batch5/pairs/R00839/right/Main.java
R00840,s844289438.java,p03360,/Users/liuziqi/Documents/西大Graduate/Project_base/Code/Meng_ProjectBased_DetectCodeSimilar/code-sim/results/formal-v1/batch5/pairs/R00840/left/Main.java,/Users/liuziqi/Documents/西大Graduate/Project_base/Code/Meng_ProjectBased_DetectCodeSimilar/code-sim/results/formal-v1/batch5/pairs/R00840/right/Main.java
R00841,s776614084.java,p02414,/Users/liuziqi/Documents/西大Graduate/Project_base/Code/Meng_ProjectBased_DetectCodeSimilar/code-sim/results/formal-v1/batch5/pairs/R00841/left/Main.java,/Users/liuziqi/Documents/西大Graduate/Project_base/Code/Meng_ProjectBased_DetectCodeSimilar/code-sim/results/formal-v1/batch5/pairs/R00841/right/Main.java
R00842,s233233726.java,p02935,/Users/liuziqi/Documents/西大Graduate/Project_base/Code/Meng_ProjectBased_DetectCodeSimilar/code-sim/results/formal-v1/batch5/pairs/R00842/left/Main.java,/Users/liuziqi/Documents/西大Graduate/Project_base/Code/Meng_ProjectBased_DetectCodeSimilar/code-sim/results/formal-v1/batch5/pairs/R00842/right/Main.java
R00843,s089251303.java,p03352,/Users/liuziqi/Documents/西大Graduate/Project_base/Code/Meng_ProjectBased_DetectCodeSimilar/code-sim/results/formal-v1/batch5/pairs/R00843/left/Main.java,/Users/liuziqi/Documents/西大Graduate/Project_base/Code/Meng_ProjectBased_DetectCodeSimilar/code-sim/results/formal-v1/batch5/pairs/R00843/right/Main.java
R00844,s486090085.java,p02832,/Users/liuziqi/Documents/西大Graduate/Project_base/Code/Meng_ProjectBased_DetectCodeSimilar/code-sim/results/formal-v1/batch5/pairs/R00844/left/Main.java,/Users/liuziqi/Documents/西大Graduate/Project_base/Code/Meng_ProjectBased_DetectCodeSimilar/code-sim/results/formal-v1/batch5/pairs/R00844/right/Main.java
R00845,s940789543.java,p02718,/Users/liuziqi/Documents/西大Graduate/Project_base/Code/Meng_ProjectBased_DetectCodeSimilar/code-sim/results/formal-v1/batch5/pairs/R00845/left/Main.java,/Users/liuziqi/Documents/西大Graduate/Project_base/Code/Meng_ProjectBased_DetectCodeSimilar/code-sim/results/formal-v1/batch5/pairs/R00845/right/Main.java
R00846,s218146235.java,p02707,/Users/liuziqi/Documents/西大Graduate/Project_base/Code/Meng_ProjectBased_DetectCodeSimilar/code-sim/results/formal-v1/batch5/pairs/R00846/left/Main.java,/Users/liuziqi/Documents/西大Graduate/Project_base/Code/Meng_ProjectBased_DetectCodeSimilar/code-sim/results/formal-v1/batch5/pairs/R00846/right/Main.java
R00847,s435061562.java,p02719,/Users/liuziqi/Documents/西大Graduate/Project_base/Code/Meng_ProjectBased_DetectCodeSimilar/code-sim/results/formal-v1/batch5/pairs/R00847/left/Main.java,/Users/liuziqi/Documents/西大Graduate/Project_base/Code/Meng_ProjectBased_DetectCodeSimilar/code-sim/results/formal-v1/batch5/pairs/R00847/right/Main.java
R00848,s227971449.java,p00001,/Users/liuziqi/Documents/西大Graduate/Project_base/Code/Meng_ProjectBased_DetectCodeSimilar/code-sim/results/formal-v1/batch5/pairs/R00848/left/Main.java,/Users/liuziqi/Documents/西大Graduate/Project_base/Code/Meng_ProjectBased_DetectCodeSimilar/code-sim/results/formal-v1/batch5/pairs/R00848/right/Main.java
R00849,s311596515.java,p00011,/Users/liuziqi/Documents/西大Graduate/Project_base/Code/Meng_ProjectBased_DetectCodeSimilar/code-sim/results/formal-v1/batch5/pairs/R00849/left/Main.java,/Users/liuziqi/Documents/西大Graduate/Project_base/Code/Meng_ProjectBased_DetectCodeSimilar/code-sim/results/formal-v1/batch5/pairs/R00849/right/Main.java
R00850,s004572919.java,p03037,/Users/liuziqi/Documents/西大Graduate/Project_base/Code/Meng_ProjectBased_DetectCodeSimilar/code-sim/results/formal-v1/batch5/pairs/R00850/left/Main.java,/Users/liuziqi/Documents/西大Graduate/Project_base/Code/Meng_ProjectBased_DetectCodeSimilar/code-sim/results/formal-v1/batch5/pairs/R00850/right/Main.java
R00851,s913429346.java,p02394,/Users/liuziqi/Documents/西大Graduate/Project_base/Code/Meng_ProjectBased_DetectCodeSimilar/code-sim/results/formal-v1/batch5/pairs/R00851/left/Main.java,/Users/liuziqi/Documents/西大Graduate/Project_base/Code/Meng_ProjectBased_DetectCodeSimilar/code-sim/results/formal-v1/batch5/pairs/R00851/right/Main.java
R00852,s931476906.java,p02911,/Users/liuziqi/Documents/西大Graduate/Project_base/Code/Meng_ProjectBased_DetectCodeSimilar/code-sim/results/formal-v1/batch5/pairs/R00852/left/Main.java,/Users/liuziqi/Documents/西大Graduate/Project_base/Code/Meng_ProjectBased_DetectCodeSimilar/code-sim/results/formal-v1/batch5/pairs/R00852/right/Main.java
R00853,s224676588.java,p03360,/Users/liuziqi/Documents/西大Graduate/Project_base/Code/Meng_ProjectBased_DetectCodeSimilar/code-sim/results/formal-v1/batch5/pairs/R00853/left/Main.java,/Users/liuziqi/Documents/西大Graduate/Project_base/Code/Meng_ProjectBased_DetectCodeSimilar/code-sim/results/formal-v1/batch5/pairs/R00853/right/Main.java
R00854,s695199371.java,p02547,/Users/liuziqi/Documents/西大Graduate/Project_base/Code/Meng_ProjectBased_DetectCodeSimilar/code-sim/results/formal-v1/batch5/pairs/R00854/left/Main.java,/Users/liuziqi/Documents/西大Graduate/Project_base/Code/Meng_ProjectBased_DetectCodeSimilar/code-sim/results/formal-v1/batch5/pairs/R00854/right/Main.java
R00855,s473176107.java,p02818,/Users/liuziqi/Documents/西大Graduate/Project_base/Code/Meng_ProjectBased_DetectCodeSimilar/code-sim/results/formal-v1/batch5/pairs/R00855/left/Main.java,/Users/liuziqi/Documents/西大Graduate/Project_base/Code/Meng_ProjectBased_DetectCodeSimilar/code-sim/results/formal-v1/batch5/pairs/R00855/right/Main.java
R00856,s266857813.java,p03160,/Users/liuziqi/Documents/西大Graduate/Project_base/Code/Meng_ProjectBased_DetectCodeSimilar/code-sim/results/formal-v1/batch5/pairs/R00856/left/Main.java,/Users/liuziqi/Documents/西大Graduate/Project_base/Code/Meng_ProjectBased_DetectCodeSimilar/code-sim/results/formal-v1/batch5/pairs/R00856/right/Main.java
R00857,s090264353.java,p03086,/Users/liuziqi/Documents/西大Graduate/Project_base/Code/Meng_ProjectBased_DetectCodeSimilar/code-sim/results/formal-v1/batch5/pairs/R00857/left/Main.java,/Users/liuziqi/Documents/西大Graduate/Project_base/Code/Meng_ProjectBased_DetectCodeSimilar/code-sim/results/formal-v1/batch5/pairs/R00857/right/Main.java
R00858,s349600863.java,p03041,/Users/liuziqi/Documents/西大Graduate/Project_base/Code/Meng_ProjectBased_DetectCodeSimilar/code-sim/results/formal-v1/batch5/pairs/R00858/left/Main.java,/Users/liuziqi/Documents/西大Graduate/Project_base/Code/Meng_ProjectBased_DetectCodeSimilar/code-sim/results/formal-v1/batch5/pairs/R00858/right/Main.java
R00859,s514778311.java,p04044,/Users/liuziqi/Documents/西大Graduate/Project_base/Code/Meng_ProjectBased_DetectCodeSimilar/code-sim/results/formal-v1/batch5/pairs/R00859/left/Main.java,/Users/liuziqi/Documents/西大Graduate/Project_base/Code/Meng_ProjectBased_DetectCodeSimilar/code-sim/results/formal-v1/batch5/pairs/R00859/right/Main.java
R00860,s607837328.java,p02917,/Users/liuziqi/Documents/西大Graduate/Project_base/Code/Meng_ProjectBased_DetectCodeSimilar/code-sim/results/formal-v1/batch5/pairs/R00860/left/Main.java,/Users/liuziqi/Documents/西大Graduate/Project_base/Code/Meng_ProjectBased_DetectCodeSimilar/code-sim/results/formal-v1/batch5/pairs/R00860/right/Main.java
R00861,s446916420.java,p02947,/Users/liuziqi/Documents/西大Graduate/Project_base/Code/Meng_ProjectBased_DetectCodeSimilar/code-sim/results/formal-v1/batch5/pairs/R00861/left/Main.java,/Users/liuziqi/Documents/西大Graduate/Project_base/Code/Meng_ProjectBased_DetectCodeSimilar/code-sim/results/formal-v1/batch5/pairs/R00861/right/Main.java
R00862,s787132272.java,p03474,/Users/liuziqi/Documents/西大Graduate/Project_base/Code/Meng_ProjectBased_DetectCodeSimilar/code-sim/results/formal-v1/batch5/pairs/R00862/left/Main.java,/Users/liuziqi/Documents/西大Graduate/Project_base/Code/Meng_ProjectBased_DetectCodeSimilar/code-sim/results/formal-v1/batch5/pairs/R00862/right/Main.java
R00863,s888771337.java,p03494,/Users/liuziqi/Documents/西大Graduate/Project_base/Code/Meng_ProjectBased_DetectCodeSimilar/code-sim/results/formal-v1/batch5/pairs/R00863/left/Main.java,/Users/liuziqi/Documents/西大Graduate/Project_base/Code/Meng_ProjectBased_DetectCodeSimilar/code-sim/results/formal-v1/batch5/pairs/R00863/right/Main.java
R00864,s889001125.java,p02717,/Users/liuziqi/Documents/西大Graduate/Project_base/Code/Meng_ProjectBased_DetectCodeSimilar/code-sim/results/formal-v1/batch5/pairs/R00864/left/Main.java,/Users/liuziqi/Documents/西大Graduate/Project_base/Code/Meng_ProjectBased_DetectCodeSimilar/code-sim/results/formal-v1/batch5/pairs/R00864/right/Main.java
R00865,s146654835.java,p02790,/Users/liuziqi/Documents/西大Graduate/Project_base/Code/Meng_ProjectBased_DetectCodeSimilar/code-sim/results/formal-v1/batch5/pairs/R00865/left/Main.java,/Users/liuziqi/Documents/西大Graduate/Project_base/Code/Meng_ProjectBased_DetectCodeSimilar/code-sim/results/formal-v1/batch5/pairs/R00865/right/Main.java
R00866,s186377097.java,p02812,/Users/liuziqi/Documents/西大Graduate/Project_base/Code/Meng_ProjectBased_DetectCodeSimilar/code-sim/results/formal-v1/batch5/pairs/R00866/left/Main.java,/Users/liuziqi/Documents/西大Graduate/Project_base/Code/Meng_ProjectBased_DetectCodeSimilar/code-sim/results/formal-v1/batch5/pairs/R00866/right/Main.java
R00867,s717363941.java,p00006,/Users/liuziqi/Documents/西大Graduate/Project_base/Code/Meng_ProjectBased_DetectCodeSimilar/code-sim/results/formal-v1/batch5/pairs/R00867/left/Main.java,/Users/liuziqi/Documents/西大Graduate/Project_base/Code/Meng_ProjectBased_DetectCodeSimilar/code-sim/results/formal-v1/batch5/pairs/R00867/right/Main.java
R00868,s466206067.java,p02779,/Users/liuziqi/Documents/西大Graduate/Project_base/Code/Meng_ProjectBased_DetectCodeSimilar/code-sim/results/formal-v1/batch5/pairs/R00868/left/Main.java,/Users/liuziqi/Documents/西大Graduate/Project_base/Code/Meng_ProjectBased_DetectCodeSimilar/code-sim/results/formal-v1/batch5/pairs/R00868/right/Main.java
R00869,s058497509.java,p03680,/Users/liuziqi/Documents/西大Graduate/Project_base/Code/Meng_ProjectBased_DetectCodeSimilar/code-sim/results/formal-v1/batch5/pairs/R00869/left/Main.java,/Users/liuziqi/Documents/西大Graduate/Project_base/Code/Meng_ProjectBased_DetectCodeSimilar/code-sim/results/formal-v1/batch5/pairs/R00869/right/Main.java
R00870,s872811206.java,p02923,/Users/liuziqi/Documents/西大Graduate/Project_base/Code/Meng_ProjectBased_DetectCodeSimilar/code-sim/results/formal-v1/batch5/pairs/R00870/left/Main.java,/Users/liuziqi/Documents/西大Graduate/Project_base/Code/Meng_ProjectBased_DetectCodeSimilar/code-sim/results/formal-v1/batch5/pairs/R00870/right/Main.java
R00871,s372824079.java,p02407,/Users/liuziqi/Documents/西大Graduate/Project_base/Code/Meng_ProjectBased_DetectCodeSimilar/code-sim/results/formal-v1/batch5/pairs/R00871/left/Main.java,/Users/liuziqi/Documents/西大Graduate/Project_base/Code/Meng_ProjectBased_DetectCodeSimilar/code-sim/results/formal-v1/batch5/pairs/R00871/right/Main.java
R00872,s853613282.java,p02947,/Users/liuziqi/Documents/西大Graduate/Project_base/Code/Meng_ProjectBased_DetectCodeSimilar/code-sim/results/formal-v1/batch5/pairs/R00872/left/Main.java,/Users/liuziqi/Documents/西大Graduate/Project_base/Code/Meng_ProjectBased_DetectCodeSimilar/code-sim/results/formal-v1/batch5/pairs/R00872/right/Main.java
R00873,s580003025.java,p02957,/Users/liuziqi/Documents/西大Graduate/Project_base/Code/Meng_ProjectBased_DetectCodeSimilar/code-sim/results/formal-v1/batch5/pairs/R00873/left/Main.java,/Users/liuziqi/Documents/西大Graduate/Project_base/Code/Meng_ProjectBased_DetectCodeSimilar/code-sim/results/formal-v1/batch5/pairs/R00873/right/Main.java
R00874,s535942474.java,p02910,/Users/liuziqi/Documents/西大Graduate/Project_base/Code/Meng_ProjectBased_DetectCodeSimilar/code-sim/results/formal-v1/batch5/pairs/R00874/left/Main.java,/Users/liuziqi/Documents/西大Graduate/Project_base/Code/Meng_ProjectBased_DetectCodeSimilar/code-sim/results/formal-v1/batch5/pairs/R00874/right/Main.java
R00875,s256288990.java,p02818,/Users/liuziqi/Documents/西大Graduate/Project_base/Code/Meng_ProjectBased_DetectCodeSimilar/code-sim/results/formal-v1/batch5/pairs/R00875/left/Main.java,/Users/liuziqi/Documents/西大Graduate/Project_base/Code/Meng_ProjectBased_DetectCodeSimilar/code-sim/results/formal-v1/batch5/pairs/R00875/right/Main.java
R00876,s490468080.java,p02971,/Users/liuziqi/Documents/西大Graduate/Project_base/Code/Meng_ProjectBased_DetectCodeSimilar/code-sim/results/formal-v1/batch5/pairs/R00876/left/Main.java,/Users/liuziqi/Documents/西大Graduate/Project_base/Code/Meng_ProjectBased_DetectCodeSimilar/code-sim/results/formal-v1/batch5/pairs/R00876/right/Main.java
R00877,s652752674.java,p02718,/Users/liuziqi/Documents/西大Graduate/Project_base/Code/Meng_ProjectBased_DetectCodeSimilar/code-sim/results/formal-v1/batch5/pairs/R00877/left/Main.java,/Users/liuziqi/Documents/西大Graduate/Project_base/Code/Meng_ProjectBased_DetectCodeSimilar/code-sim/results/formal-v1/batch5/pairs/R00877/right/Main.java
R00878,s909427205.java,p02935,/Users/liuziqi/Documents/西大Graduate/Project_base/Code/Meng_ProjectBased_DetectCodeSimilar/code-sim/results/formal-v1/batch5/pairs/R00878/left/Main.java,/Users/liuziqi/Documents/西大Graduate/Project_base/Code/Meng_ProjectBased_DetectCodeSimilar/code-sim/results/formal-v1/batch5/pairs/R00878/right/Main.java
R00879,s512748720.java,p02916,/Users/liuziqi/Documents/西大Graduate/Project_base/Code/Meng_ProjectBased_DetectCodeSimilar/code-sim/results/formal-v1/batch5/pairs/R00879/left/Main.java,/Users/liuziqi/Documents/西大Graduate/Project_base/Code/Meng_ProjectBased_DetectCodeSimilar/code-sim/results/formal-v1/batch5/pairs/R00879/right/Main.java
R00880,s843076657.java,p03494,/Users/liuziqi/Documents/西大Graduate/Project_base/Code/Meng_ProjectBased_DetectCodeSimilar/code-sim/results/formal-v1/batch5/pairs/R00880/left/Main.java,/Users/liuziqi/Documents/西大Graduate/Project_base/Code/Meng_ProjectBased_DetectCodeSimilar/code-sim/results/formal-v1/batch5/pairs/R00880/right/Main.java
R00881,s075534275.java,p02832,/Users/liuziqi/Documents/西大Graduate/Project_base/Code/Meng_ProjectBased_DetectCodeSimilar/code-sim/results/formal-v1/batch5/pairs/R00881/left/Main.java,/Users/liuziqi/Documents/西大Graduate/Project_base/Code/Meng_ProjectBased_DetectCodeSimilar/code-sim/results/formal-v1/batch5/pairs/R00881/right/Main.java
R00882,s745996208.java,p02693,/Users/liuziqi/Documents/西大Graduate/Project_base/Code/Meng_ProjectBased_DetectCodeSimilar/code-sim/results/formal-v1/batch5/pairs/R00882/left/Main.java,/Users/liuziqi/Documents/西大Graduate/Project_base/Code/Meng_ProjectBased_DetectCodeSimilar/code-sim/results/formal-v1/batch5/pairs/R00882/right/Main.java
R00883,s880746429.java,p03060,/Users/liuziqi/Documents/西大Graduate/Project_base/Code/Meng_ProjectBased_DetectCodeSimilar/code-sim/results/formal-v1/batch5/pairs/R00883/left/Main.java,/Users/liuziqi/Documents/西大Graduate/Project_base/Code/Meng_ProjectBased_DetectCodeSimilar/code-sim/results/formal-v1/batch5/pairs/R00883/right/Main.java
R00884,s326790964.java,p02879,/Users/liuziqi/Documents/西大Graduate/Project_base/Code/Meng_ProjectBased_DetectCodeSimilar/code-sim/results/formal-v1/batch5/pairs/R00884/left/Main.java,/Users/liuziqi/Documents/西大Graduate/Project_base/Code/Meng_ProjectBased_DetectCodeSimilar/code-sim/results/formal-v1/batch5/pairs/R00884/right/Main.java
R00885,s910954098.java,p03835,/Users/liuziqi/Documents/西大Graduate/Project_base/Code/Meng_ProjectBased_DetectCodeSimilar/code-sim/results/formal-v1/batch5/pairs/R00885/left/Main.java,/Users/liuziqi/Documents/西大Graduate/Project_base/Code/Meng_ProjectBased_DetectCodeSimilar/code-sim/results/formal-v1/batch5/pairs/R00885/right/Main.java
R00886,s346228823.java,p02725,/Users/liuziqi/Documents/西大Graduate/Project_base/Code/Meng_ProjectBased_DetectCodeSimilar/code-sim/results/formal-v1/batch5/pairs/R00886/left/Main.java,/Users/liuziqi/Documents/西大Graduate/Project_base/Code/Meng_ProjectBased_DetectCodeSimilar/code-sim/results/formal-v1/batch5/pairs/R00886/right/Main.java
R00887,s256903807.java,p02398,/Users/liuziqi/Documents/西大Graduate/Project_base/Code/Meng_ProjectBased_DetectCodeSimilar/code-sim/results/formal-v1/batch5/pairs/R00887/left/Main.java,/Users/liuziqi/Documents/西大Graduate/Project_base/Code/Meng_ProjectBased_DetectCodeSimilar/code-sim/results/formal-v1/batch5/pairs/R00887/right/Main.java
R00888,s049155063.java,p04043,/Users/liuziqi/Documents/西大Graduate/Project_base/Code/Meng_ProjectBased_DetectCodeSimilar/code-sim/results/formal-v1/batch5/pairs/R00888/left/Main.java,/Users/liuziqi/Documents/西大Graduate/Project_base/Code/Meng_ProjectBased_DetectCodeSimilar/code-sim/results/formal-v1/batch5/pairs/R00888/right/Main.java
R00889,s384820225.java,p03998,/Users/liuziqi/Documents/西大Graduate/Project_base/Code/Meng_ProjectBased_DetectCodeSimilar/code-sim/results/formal-v1/batch5/pairs/R00889/left/Main.java,/Users/liuziqi/Documents/西大Graduate/Project_base/Code/Meng_ProjectBased_DetectCodeSimilar/code-sim/results/formal-v1/batch5/pairs/R00889/right/Main.java
R00890,s560084107.java,p02687,/Users/liuziqi/Documents/西大Graduate/Project_base/Code/Meng_ProjectBased_DetectCodeSimilar/code-sim/results/formal-v1/batch5/pairs/R00890/left/Main.java,/Users/liuziqi/Documents/西大Graduate/Project_base/Code/Meng_ProjectBased_DetectCodeSimilar/code-sim/results/formal-v1/batch5/pairs/R00890/right/Main.java
R00891,s718356835.java,p02639,/Users/liuziqi/Documents/西大Graduate/Project_base/Code/Meng_ProjectBased_DetectCodeSimilar/code-sim/results/formal-v1/batch5/pairs/R00891/left/Main.java,/Users/liuziqi/Documents/西大Graduate/Project_base/Code/Meng_ProjectBased_DetectCodeSimilar/code-sim/results/formal-v1/batch5/pairs/R00891/right/Main.java
R00892,s866406158.java,p02401,/Users/liuziqi/Documents/西大Graduate/Project_base/Code/Meng_ProjectBased_DetectCodeSimilar/code-sim/results/formal-v1/batch5/pairs/R00892/left/Main.java,/Users/liuziqi/Documents/西大Graduate/Project_base/Code/Meng_ProjectBased_DetectCodeSimilar/code-sim/results/formal-v1/batch5/pairs/R00892/right/Main.java
R00893,s198555623.java,p02416,/Users/liuziqi/Documents/西大Graduate/Project_base/Code/Meng_ProjectBased_DetectCodeSimilar/code-sim/results/formal-v1/batch5/pairs/R00893/left/Main.java,/Users/liuziqi/Documents/西大Graduate/Project_base/Code/Meng_ProjectBased_DetectCodeSimilar/code-sim/results/formal-v1/batch5/pairs/R00893/right/Main.java
R00894,s707869028.java,p02801,/Users/liuziqi/Documents/西大Graduate/Project_base/Code/Meng_ProjectBased_DetectCodeSimilar/code-sim/results/formal-v1/batch5/pairs/R00894/left/Main.java,/Users/liuziqi/Documents/西大Graduate/Project_base/Code/Meng_ProjectBased_DetectCodeSimilar/code-sim/results/formal-v1/batch5/pairs/R00894/right/Main.java
R00895,s996852962.java,p03720,/Users/liuziqi/Documents/西大Graduate/Project_base/Code/Meng_ProjectBased_DetectCodeSimilar/code-sim/results/formal-v1/batch5/pairs/R00895/left/Main.java,/Users/liuziqi/Documents/西大Graduate/Project_base/Code/Meng_ProjectBased_DetectCodeSimilar/code-sim/results/formal-v1/batch5/pairs/R00895/right/Main.java
R00896,s951996415.java,p02971,/Users/liuziqi/Documents/西大Graduate/Project_base/Code/Meng_ProjectBased_DetectCodeSimilar/code-sim/results/formal-v1/batch5/pairs/R00896/left/Main.java,/Users/liuziqi/Documents/西大Graduate/Project_base/Code/Meng_ProjectBased_DetectCodeSimilar/code-sim/results/formal-v1/batch5/pairs/R00896/right/Main.java
R00897,s684296526.java,p03370,/Users/liuziqi/Documents/西大Graduate/Project_base/Code/Meng_ProjectBased_DetectCodeSimilar/code-sim/results/formal-v1/batch5/pairs/R00897/left/Main.java,/Users/liuziqi/Documents/西大Graduate/Project_base/Code/Meng_ProjectBased_DetectCodeSimilar/code-sim/results/formal-v1/batch5/pairs/R00897/right/Main.java
R00898,s861707741.java,p02547,/Users/liuziqi/Documents/西大Graduate/Project_base/Code/Meng_ProjectBased_DetectCodeSimilar/code-sim/results/formal-v1/batch5/pairs/R00898/left/Main.java,/Users/liuziqi/Documents/西大Graduate/Project_base/Code/Meng_ProjectBased_DetectCodeSimilar/code-sim/results/formal-v1/batch5/pairs/R00898/right/Main.java
R00899,s914978039.java,p02410,/Users/liuziqi/Documents/西大Graduate/Project_base/Code/Meng_ProjectBased_DetectCodeSimilar/code-sim/results/formal-v1/batch5/pairs/R00899/left/Main.java,/Users/liuziqi/Documents/西大Graduate/Project_base/Code/Meng_ProjectBased_DetectCodeSimilar/code-sim/results/formal-v1/batch5/pairs/R00899/right/Main.java
R00900,s017019689.java,p03998,/Users/liuziqi/Documents/西大Graduate/Project_base/Code/Meng_ProjectBased_DetectCodeSimilar/code-sim/results/formal-v1/batch5/pairs/R00900/left/Main.java,/Users/liuziqi/Documents/西大Graduate/Project_base/Code/Meng_ProjectBased_DetectCodeSimilar/code-sim/results/formal-v1/batch5/pairs/R00900/right/Main.java
R00901,s309825762.java,p02260,/Users/liuziqi/Documents/西大Graduate/Project_base/Code/Meng_ProjectBased_DetectCodeSimilar/code-sim/results/formal-v1/batch5/pairs/R00901/left/Main.java,/Users/liuziqi/Documents/西大Graduate/Project_base/Code/Meng_ProjectBased_DetectCodeSimilar/code-sim/results/formal-v1/batch5/pairs/R00901/right/Main.java
R00902,s196011580.java,p03059,/Users/liuziqi/Documents/西大Graduate/Project_base/Code/Meng_ProjectBased_DetectCodeSimilar/code-sim/results/formal-v1/batch5/pairs/R00902/left/Main.java,/Users/liuziqi/Documents/西大Graduate/Project_base/Code/Meng_ProjectBased_DetectCodeSimilar/code-sim/results/formal-v1/batch5/pairs/R00902/right/Main.java
R00903,s715799890.java,p02413,/Users/liuziqi/Documents/西大Graduate/Project_base/Code/Meng_ProjectBased_DetectCodeSimilar/code-sim/results/formal-v1/batch5/pairs/R00903/left/Main.java,/Users/liuziqi/Documents/西大Graduate/Project_base/Code/Meng_ProjectBased_DetectCodeSimilar/code-sim/results/formal-v1/batch5/pairs/R00903/right/Main.java
R00904,s180744701.java,p03471,/Users/liuziqi/Documents/西大Graduate/Project_base/Code/Meng_ProjectBased_DetectCodeSimilar/code-sim/results/formal-v1/batch5/pairs/R00904/left/Main.java,/Users/liuziqi/Documents/西大Graduate/Project_base/Code/Meng_ProjectBased_DetectCodeSimilar/code-sim/results/formal-v1/batch5/pairs/R00904/right/Main.java
R00905,s305390118.java,p02899,/Users/liuziqi/Documents/西大Graduate/Project_base/Code/Meng_ProjectBased_DetectCodeSimilar/code-sim/results/formal-v1/batch5/pairs/R00905/left/Main.java,/Users/liuziqi/Documents/西大Graduate/Project_base/Code/Meng_ProjectBased_DetectCodeSimilar/code-sim/results/formal-v1/batch5/pairs/R00905/right/Main.java
R00906,s857502491.java,p02779,/Users/liuziqi/Documents/西大Graduate/Project_base/Code/Meng_ProjectBased_DetectCodeSimilar/code-sim/results/formal-v1/batch5/pairs/R00906/left/Main.java,/Users/liuziqi/Documents/西大Graduate/Project_base/Code/Meng_ProjectBased_DetectCodeSimilar/code-sim/results/formal-v1/batch5/pairs/R00906/right/Main.java
R00907,s636025785.java,p02922,/Users/liuziqi/Documents/西大Graduate/Project_base/Code/Meng_ProjectBased_DetectCodeSimilar/code-sim/results/formal-v1/batch5/pairs/R00907/left/Main.java,/Users/liuziqi/Documents/西大Graduate/Project_base/Code/Meng_ProjectBased_DetectCodeSimilar/code-sim/results/formal-v1/batch5/pairs/R00907/right/Main.java
R00908,s175460481.java,p02409,/Users/liuziqi/Documents/西大Graduate/Project_base/Code/Meng_ProjectBased_DetectCodeSimilar/code-sim/results/formal-v1/batch5/pairs/R00908/left/Main.java,/Users/liuziqi/Documents/西大Graduate/Project_base/Code/Meng_ProjectBased_DetectCodeSimilar/code-sim/results/formal-v1/batch5/pairs/R00908/right/Main.java
R00909,s719887148.java,p02729,/Users/liuziqi/Documents/西大Graduate/Project_base/Code/Meng_ProjectBased_DetectCodeSimilar/code-sim/results/formal-v1/batch5/pairs/R00909/left/Main.java,/Users/liuziqi/Documents/西大Graduate/Project_base/Code/Meng_ProjectBased_DetectCodeSimilar/code-sim/results/formal-v1/batch5/pairs/R00909/right/Main.java
R00910,s259004407.java,p02701,/Users/liuziqi/Documents/西大Graduate/Project_base/Code/Meng_ProjectBased_DetectCodeSimilar/code-sim/results/formal-v1/batch5/pairs/R00910/left/Main.java,/Users/liuziqi/Documents/西大Graduate/Project_base/Code/Meng_ProjectBased_DetectCodeSimilar/code-sim/results/formal-v1/batch5/pairs/R00910/right/Main.java
R00911,s690202780.java,p03632,/Users/liuziqi/Documents/西大Graduate/Project_base/Code/Meng_ProjectBased_DetectCodeSimilar/code-sim/results/formal-v1/batch5/pairs/R00911/left/Main.java,/Users/liuziqi/Documents/西大Graduate/Project_base/Code/Meng_ProjectBased_DetectCodeSimilar/code-sim/results/formal-v1/batch5/pairs/R00911/right/Main.java
R00912,s704492396.java,p03011,/Users/liuziqi/Documents/西大Graduate/Project_base/Code/Meng_ProjectBased_DetectCodeSimilar/code-sim/results/formal-v1/batch5/pairs/R00912/left/Main.java,/Users/liuziqi/Documents/西大Graduate/Project_base/Code/Meng_ProjectBased_DetectCodeSimilar/code-sim/results/formal-v1/batch5/pairs/R00912/right/Main.java
R00913,s407181076.java,p03775,/Users/liuziqi/Documents/西大Graduate/Project_base/Code/Meng_ProjectBased_DetectCodeSimilar/code-sim/results/formal-v1/batch5/pairs/R00913/left/Main.java,/Users/liuziqi/Documents/西大Graduate/Project_base/Code/Meng_ProjectBased_DetectCodeSimilar/code-sim/results/formal-v1/batch5/pairs/R00913/right/Main.java
R00914,s167973716.java,p02641,/Users/liuziqi/Documents/西大Graduate/Project_base/Code/Meng_ProjectBased_DetectCodeSimilar/code-sim/results/formal-v1/batch5/pairs/R00914/left/Main.java,/Users/liuziqi/Documents/西大Graduate/Project_base/Code/Meng_ProjectBased_DetectCodeSimilar/code-sim/results/formal-v1/batch5/pairs/R00914/right/Main.java
R00915,s080975314.java,p02993,/Users/liuziqi/Documents/西大Graduate/Project_base/Code/Meng_ProjectBased_DetectCodeSimilar/code-sim/results/formal-v1/batch5/pairs/R00915/left/Main.java,/Users/liuziqi/Documents/西大Graduate/Project_base/Code/Meng_ProjectBased_DetectCodeSimilar/code-sim/results/formal-v1/batch5/pairs/R00915/right/Main.java
R00916,s412060803.java,p03076,/Users/liuziqi/Documents/西大Graduate/Project_base/Code/Meng_ProjectBased_DetectCodeSimilar/code-sim/results/formal-v1/batch5/pairs/R00916/left/Main.java,/Users/liuziqi/Documents/西大Graduate/Project_base/Code/Meng_ProjectBased_DetectCodeSimilar/code-sim/results/formal-v1/batch5/pairs/R00916/right/Main.java
R00917,s190909384.java,p02934,/Users/liuziqi/Documents/西大Graduate/Project_base/Code/Meng_ProjectBased_DetectCodeSimilar/code-sim/results/formal-v1/batch5/pairs/R00917/left/Main.java,/Users/liuziqi/Documents/西大Graduate/Project_base/Code/Meng_ProjectBased_DetectCodeSimilar/code-sim/results/formal-v1/batch5/pairs/R00917/right/Main.java
R00918,s873059225.java,p02911,/Users/liuziqi/Documents/西大Graduate/Project_base/Code/Meng_ProjectBased_DetectCodeSimilar/code-sim/results/formal-v1/batch5/pairs/R00918/left/Main.java,/Users/liuziqi/Documents/西大Graduate/Project_base/Code/Meng_ProjectBased_DetectCodeSimilar/code-sim/results/formal-v1/batch5/pairs/R00918/right/Main.java
R00919,s300025342.java,p02847,/Users/liuziqi/Documents/西大Graduate/Project_base/Code/Meng_ProjectBased_DetectCodeSimilar/code-sim/results/formal-v1/batch5/pairs/R00919/left/Main.java,/Users/liuziqi/Documents/西大Graduate/Project_base/Code/Meng_ProjectBased_DetectCodeSimilar/code-sim/results/formal-v1/batch5/pairs/R00919/right/Main.java
R00920,s974769830.java,p02256,/Users/liuziqi/Documents/西大Graduate/Project_base/Code/Meng_ProjectBased_DetectCodeSimilar/code-sim/results/formal-v1/batch5/pairs/R00920/left/Main.java,/Users/liuziqi/Documents/西大Graduate/Project_base/Code/Meng_ProjectBased_DetectCodeSimilar/code-sim/results/formal-v1/batch5/pairs/R00920/right/Main.java
R00921,s789091759.java,p02628,/Users/liuziqi/Documents/西大Graduate/Project_base/Code/Meng_ProjectBased_DetectCodeSimilar/code-sim/results/formal-v1/batch5/pairs/R00921/left/Main.java,/Users/liuziqi/Documents/西大Graduate/Project_base/Code/Meng_ProjectBased_DetectCodeSimilar/code-sim/results/formal-v1/batch5/pairs/R00921/right/Main.java
R00922,s757147793.java,p03013,/Users/liuziqi/Documents/西大Graduate/Project_base/Code/Meng_ProjectBased_DetectCodeSimilar/code-sim/results/formal-v1/batch5/pairs/R00922/left/Main.java,/Users/liuziqi/Documents/西大Graduate/Project_base/Code/Meng_ProjectBased_DetectCodeSimilar/code-sim/results/formal-v1/batch5/pairs/R00922/right/Main.java
R00923,s218147988.java,p02260,/Users/liuziqi/Documents/西大Graduate/Project_base/Code/Meng_ProjectBased_DetectCodeSimilar/code-sim/results/formal-v1/batch5/pairs/R00923/left/Main.java,/Users/liuziqi/Documents/西大Graduate/Project_base/Code/Meng_ProjectBased_DetectCodeSimilar/code-sim/results/formal-v1/batch5/pairs/R00923/right/Main.java
R00924,s163582965.java,p04030,/Users/liuziqi/Documents/西大Graduate/Project_base/Code/Meng_ProjectBased_DetectCodeSimilar/code-sim/results/formal-v1/batch5/pairs/R00924/left/Main.java,/Users/liuziqi/Documents/西大Graduate/Project_base/Code/Meng_ProjectBased_DetectCodeSimilar/code-sim/results/formal-v1/batch5/pairs/R00924/right/Main.java
R00925,s167014817.java,p03835,/Users/liuziqi/Documents/西大Graduate/Project_base/Code/Meng_ProjectBased_DetectCodeSimilar/code-sim/results/formal-v1/batch5/pairs/R00925/left/Main.java,/Users/liuziqi/Documents/西大Graduate/Project_base/Code/Meng_ProjectBased_DetectCodeSimilar/code-sim/results/formal-v1/batch5/pairs/R00925/right/Main.java
R00926,s111288822.java,p03360,/Users/liuziqi/Documents/西大Graduate/Project_base/Code/Meng_ProjectBased_DetectCodeSimilar/code-sim/results/formal-v1/batch5/pairs/R00926/left/Main.java,/Users/liuziqi/Documents/西大Graduate/Project_base/Code/Meng_ProjectBased_DetectCodeSimilar/code-sim/results/formal-v1/batch5/pairs/R00926/right/Main.java
R00927,s831235148.java,p04030,/Users/liuziqi/Documents/西大Graduate/Project_base/Code/Meng_ProjectBased_DetectCodeSimilar/code-sim/results/formal-v1/batch5/pairs/R00927/left/Main.java,/Users/liuziqi/Documents/西大Graduate/Project_base/Code/Meng_ProjectBased_DetectCodeSimilar/code-sim/results/formal-v1/batch5/pairs/R00927/right/Main.java
R00928,s679495429.java,p03720,/Users/liuziqi/Documents/西大Graduate/Project_base/Code/Meng_ProjectBased_DetectCodeSimilar/code-sim/results/formal-v1/batch5/pairs/R00928/left/Main.java,/Users/liuziqi/Documents/西大Graduate/Project_base/Code/Meng_ProjectBased_DetectCodeSimilar/code-sim/results/formal-v1/batch5/pairs/R00928/right/Main.java
R00929,s362674370.java,p03680,/Users/liuziqi/Documents/西大Graduate/Project_base/Code/Meng_ProjectBased_DetectCodeSimilar/code-sim/results/formal-v1/batch5/pairs/R00929/left/Main.java,/Users/liuziqi/Documents/西大Graduate/Project_base/Code/Meng_ProjectBased_DetectCodeSimilar/code-sim/results/formal-v1/batch5/pairs/R00929/right/Main.java
R00930,s831612713.java,p02547,/Users/liuziqi/Documents/西大Graduate/Project_base/Code/Meng_ProjectBased_DetectCodeSimilar/code-sim/results/formal-v1/batch5/pairs/R00930/left/Main.java,/Users/liuziqi/Documents/西大Graduate/Project_base/Code/Meng_ProjectBased_DetectCodeSimilar/code-sim/results/formal-v1/batch5/pairs/R00930/right/Main.java
R00931,s256160221.java,p03316,/Users/liuziqi/Documents/西大Graduate/Project_base/Code/Meng_ProjectBased_DetectCodeSimilar/code-sim/results/formal-v1/batch5/pairs/R00931/left/Main.java,/Users/liuziqi/Documents/西大Graduate/Project_base/Code/Meng_ProjectBased_DetectCodeSimilar/code-sim/results/formal-v1/batch5/pairs/R00931/right/Main.java
R00932,s860810976.java,p03136,/Users/liuziqi/Documents/西大Graduate/Project_base/Code/Meng_ProjectBased_DetectCodeSimilar/code-sim/results/formal-v1/batch5/pairs/R00932/left/Main.java,/Users/liuziqi/Documents/西大Graduate/Project_base/Code/Meng_ProjectBased_DetectCodeSimilar/code-sim/results/formal-v1/batch5/pairs/R00932/right/Main.java
R00933,s701074767.java,p03037,/Users/liuziqi/Documents/西大Graduate/Project_base/Code/Meng_ProjectBased_DetectCodeSimilar/code-sim/results/formal-v1/batch5/pairs/R00933/left/Main.java,/Users/liuziqi/Documents/西大Graduate/Project_base/Code/Meng_ProjectBased_DetectCodeSimilar/code-sim/results/formal-v1/batch5/pairs/R00933/right/Main.java
R00934,s876780143.java,p02707,/Users/liuziqi/Documents/西大Graduate/Project_base/Code/Meng_ProjectBased_DetectCodeSimilar/code-sim/results/formal-v1/batch5/pairs/R00934/left/Main.java,/Users/liuziqi/Documents/西大Graduate/Project_base/Code/Meng_ProjectBased_DetectCodeSimilar/code-sim/results/formal-v1/batch5/pairs/R00934/right/Main.java
R00935,s275068142.java,p02409,/Users/liuziqi/Documents/西大Graduate/Project_base/Code/Meng_ProjectBased_DetectCodeSimilar/code-sim/results/formal-v1/batch5/pairs/R00935/left/Main.java,/Users/liuziqi/Documents/西大Graduate/Project_base/Code/Meng_ProjectBased_DetectCodeSimilar/code-sim/results/formal-v1/batch5/pairs/R00935/right/Main.java
R00936,s863521160.java,p03493,/Users/liuziqi/Documents/西大Graduate/Project_base/Code/Meng_ProjectBased_DetectCodeSimilar/code-sim/results/formal-v1/batch5/pairs/R00936/left/Main.java,/Users/liuziqi/Documents/西大Graduate/Project_base/Code/Meng_ProjectBased_DetectCodeSimilar/code-sim/results/formal-v1/batch5/pairs/R00936/right/Main.java
R00937,s550264721.java,p03012,/Users/liuziqi/Documents/西大Graduate/Project_base/Code/Meng_ProjectBased_DetectCodeSimilar/code-sim/results/formal-v1/batch5/pairs/R00937/left/Main.java,/Users/liuziqi/Documents/西大Graduate/Project_base/Code/Meng_ProjectBased_DetectCodeSimilar/code-sim/results/formal-v1/batch5/pairs/R00937/right/Main.java
R00938,s914232360.java,p03680,/Users/liuziqi/Documents/西大Graduate/Project_base/Code/Meng_ProjectBased_DetectCodeSimilar/code-sim/results/formal-v1/batch5/pairs/R00938/left/Main.java,/Users/liuziqi/Documents/西大Graduate/Project_base/Code/Meng_ProjectBased_DetectCodeSimilar/code-sim/results/formal-v1/batch5/pairs/R00938/right/Main.java
R00939,s156092418.java,p02701,/Users/liuziqi/Documents/西大Graduate/Project_base/Code/Meng_ProjectBased_DetectCodeSimilar/code-sim/results/formal-v1/batch5/pairs/R00939/left/Main.java,/Users/liuziqi/Documents/西大Graduate/Project_base/Code/Meng_ProjectBased_DetectCodeSimilar/code-sim/results/formal-v1/batch5/pairs/R00939/right/Main.java
R00940,s365057475.java,p03102,/Users/liuziqi/Documents/西大Graduate/Project_base/Code/Meng_ProjectBased_DetectCodeSimilar/code-sim/results/formal-v1/batch5/pairs/R00940/left/Main.java,/Users/liuziqi/Documents/西大Graduate/Project_base/Code/Meng_ProjectBased_DetectCodeSimilar/code-sim/results/formal-v1/batch5/pairs/R00940/right/Main.java
R00941,s969603655.java,p02848,/Users/liuziqi/Documents/西大Graduate/Project_base/Code/Meng_ProjectBased_DetectCodeSimilar/code-sim/results/formal-v1/batch5/pairs/R00941/left/Main.java,/Users/liuziqi/Documents/西大Graduate/Project_base/Code/Meng_ProjectBased_DetectCodeSimilar/code-sim/results/formal-v1/batch5/pairs/R00941/right/Main.java
R00942,s253553786.java,p03261,/Users/liuziqi/Documents/西大Graduate/Project_base/Code/Meng_ProjectBased_DetectCodeSimilar/code-sim/results/formal-v1/batch5/pairs/R00942/left/Main.java,/Users/liuziqi/Documents/西大Graduate/Project_base/Code/Meng_ProjectBased_DetectCodeSimilar/code-sim/results/formal-v1/batch5/pairs/R00942/right/Main.java
R00943,s428747987.java,p02612,/Users/liuziqi/Documents/西大Graduate/Project_base/Code/Meng_ProjectBased_DetectCodeSimilar/code-sim/results/formal-v1/batch5/pairs/R00943/left/Main.java,/Users/liuziqi/Documents/西大Graduate/Project_base/Code/Meng_ProjectBased_DetectCodeSimilar/code-sim/results/formal-v1/batch5/pairs/R00943/right/Main.java
R00944,s240552979.java,p02982,/Users/liuziqi/Documents/西大Graduate/Project_base/Code/Meng_ProjectBased_DetectCodeSimilar/code-sim/results/formal-v1/batch5/pairs/R00944/left/Main.java,/Users/liuziqi/Documents/西大Graduate/Project_base/Code/Meng_ProjectBased_DetectCodeSimilar/code-sim/results/formal-v1/batch5/pairs/R00944/right/Main.java
R00945,s818699508.java,p03493,/Users/liuziqi/Documents/西大Graduate/Project_base/Code/Meng_ProjectBased_DetectCodeSimilar/code-sim/results/formal-v1/batch5/pairs/R00945/left/Main.java,/Users/liuziqi/Documents/西大Graduate/Project_base/Code/Meng_ProjectBased_DetectCodeSimilar/code-sim/results/formal-v1/batch5/pairs/R00945/right/Main.java
R00946,s754853192.java,p02639,/Users/liuziqi/Documents/西大Graduate/Project_base/Code/Meng_ProjectBased_DetectCodeSimilar/code-sim/results/formal-v1/batch5/pairs/R00946/left/Main.java,/Users/liuziqi/Documents/西大Graduate/Project_base/Code/Meng_ProjectBased_DetectCodeSimilar/code-sim/results/formal-v1/batch5/pairs/R00946/right/Main.java
R00947,s016573283.java,p02898,/Users/liuziqi/Documents/西大Graduate/Project_base/Code/Meng_ProjectBased_DetectCodeSimilar/code-sim/results/formal-v1/batch5/pairs/R00947/left/Main.java,/Users/liuziqi/Documents/西大Graduate/Project_base/Code/Meng_ProjectBased_DetectCodeSimilar/code-sim/results/formal-v1/batch5/pairs/R00947/right/Main.java
R00948,s562299461.java,p02786,/Users/liuziqi/Documents/西大Graduate/Project_base/Code/Meng_ProjectBased_DetectCodeSimilar/code-sim/results/formal-v1/batch5/pairs/R00948/left/Main.java,/Users/liuziqi/Documents/西大Graduate/Project_base/Code/Meng_ProjectBased_DetectCodeSimilar/code-sim/results/formal-v1/batch5/pairs/R00948/right/Main.java
R00949,s810290632.java,p02982,/Users/liuziqi/Documents/西大Graduate/Project_base/Code/Meng_ProjectBased_DetectCodeSimilar/code-sim/results/formal-v1/batch5/pairs/R00949/left/Main.java,/Users/liuziqi/Documents/西大Graduate/Project_base/Code/Meng_ProjectBased_DetectCodeSimilar/code-sim/results/formal-v1/batch5/pairs/R00949/right/Main.java
R00950,s471203973.java,p02983,/Users/liuziqi/Documents/西大Graduate/Project_base/Code/Meng_ProjectBased_DetectCodeSimilar/code-sim/results/formal-v1/batch5/pairs/R00950/left/Main.java,/Users/liuziqi/Documents/西大Graduate/Project_base/Code/Meng_ProjectBased_DetectCodeSimilar/code-sim/results/formal-v1/batch5/pairs/R00950/right/Main.java
R00951,s257259290.java,p02718,/Users/liuziqi/Documents/西大Graduate/Project_base/Code/Meng_ProjectBased_DetectCodeSimilar/code-sim/results/formal-v1/batch5/pairs/R00951/left/Main.java,/Users/liuziqi/Documents/西大Graduate/Project_base/Code/Meng_ProjectBased_DetectCodeSimilar/code-sim/results/formal-v1/batch5/pairs/R00951/right/Main.java
R00952,s619593095.java,p02410,/Users/liuziqi/Documents/西大Graduate/Project_base/Code/Meng_ProjectBased_DetectCodeSimilar/code-sim/results/formal-v1/batch5/pairs/R00952/left/Main.java,/Users/liuziqi/Documents/西大Graduate/Project_base/Code/Meng_ProjectBased_DetectCodeSimilar/code-sim/results/formal-v1/batch5/pairs/R00952/right/Main.java
R00953,s539791594.java,p00011,/Users/liuziqi/Documents/西大Graduate/Project_base/Code/Meng_ProjectBased_DetectCodeSimilar/code-sim/results/formal-v1/batch5/pairs/R00953/left/Main.java,/Users/liuziqi/Documents/西大Graduate/Project_base/Code/Meng_ProjectBased_DetectCodeSimilar/code-sim/results/formal-v1/batch5/pairs/R00953/right/Main.java
R00954,s165476347.java,p03075,/Users/liuziqi/Documents/西大Graduate/Project_base/Code/Meng_ProjectBased_DetectCodeSimilar/code-sim/results/formal-v1/batch5/pairs/R00954/left/Main.java,/Users/liuziqi/Documents/西大Graduate/Project_base/Code/Meng_ProjectBased_DetectCodeSimilar/code-sim/results/formal-v1/batch5/pairs/R00954/right/Main.java
R00955,s351643969.java,p03998,/Users/liuziqi/Documents/西大Graduate/Project_base/Code/Meng_ProjectBased_DetectCodeSimilar/code-sim/results/formal-v1/batch5/pairs/R00955/left/Main.java,/Users/liuziqi/Documents/西大Graduate/Project_base/Code/Meng_ProjectBased_DetectCodeSimilar/code-sim/results/formal-v1/batch5/pairs/R00955/right/Main.java
R00956,s568251576.java,p02260,/Users/liuziqi/Documents/西大Graduate/Project_base/Code/Meng_ProjectBased_DetectCodeSimilar/code-sim/results/formal-v1/batch5/pairs/R00956/left/Main.java,/Users/liuziqi/Documents/西大Graduate/Project_base/Code/Meng_ProjectBased_DetectCodeSimilar/code-sim/results/formal-v1/batch5/pairs/R00956/right/Main.java
R00957,s868290071.java,p03239,/Users/liuziqi/Documents/西大Graduate/Project_base/Code/Meng_ProjectBased_DetectCodeSimilar/code-sim/results/formal-v1/batch5/pairs/R00957/left/Main.java,/Users/liuziqi/Documents/西大Graduate/Project_base/Code/Meng_ProjectBased_DetectCodeSimilar/code-sim/results/formal-v1/batch5/pairs/R00957/right/Main.java
R00958,s169567727.java,p03146,/Users/liuziqi/Documents/西大Graduate/Project_base/Code/Meng_ProjectBased_DetectCodeSimilar/code-sim/results/formal-v1/batch5/pairs/R00958/left/Main.java,/Users/liuziqi/Documents/西大Graduate/Project_base/Code/Meng_ProjectBased_DetectCodeSimilar/code-sim/results/formal-v1/batch5/pairs/R00958/right/Main.java
R00959,s504011429.java,p02773,/Users/liuziqi/Documents/西大Graduate/Project_base/Code/Meng_ProjectBased_DetectCodeSimilar/code-sim/results/formal-v1/batch5/pairs/R00959/left/Main.java,/Users/liuziqi/Documents/西大Graduate/Project_base/Code/Meng_ProjectBased_DetectCodeSimilar/code-sim/results/formal-v1/batch5/pairs/R00959/right/Main.java
R00960,s665131710.java,p02402,/Users/liuziqi/Documents/西大Graduate/Project_base/Code/Meng_ProjectBased_DetectCodeSimilar/code-sim/results/formal-v1/batch5/pairs/R00960/left/Main.java,/Users/liuziqi/Documents/西大Graduate/Project_base/Code/Meng_ProjectBased_DetectCodeSimilar/code-sim/results/formal-v1/batch5/pairs/R00960/right/Main.java
R00961,s481403883.java,p03087,/Users/liuziqi/Documents/西大Graduate/Project_base/Code/Meng_ProjectBased_DetectCodeSimilar/code-sim/results/formal-v1/batch5/pairs/R00961/left/Main.java,/Users/liuziqi/Documents/西大Graduate/Project_base/Code/Meng_ProjectBased_DetectCodeSimilar/code-sim/results/formal-v1/batch5/pairs/R00961/right/Main.java
R00962,s582556962.java,p02952,/Users/liuziqi/Documents/西大Graduate/Project_base/Code/Meng_ProjectBased_DetectCodeSimilar/code-sim/results/formal-v1/batch5/pairs/R00962/left/Main.java,/Users/liuziqi/Documents/西大Graduate/Project_base/Code/Meng_ProjectBased_DetectCodeSimilar/code-sim/results/formal-v1/batch5/pairs/R00962/right/Main.java
R00963,s201507733.java,p02547,/Users/liuziqi/Documents/西大Graduate/Project_base/Code/Meng_ProjectBased_DetectCodeSimilar/code-sim/results/formal-v1/batch5/pairs/R00963/left/Main.java,/Users/liuziqi/Documents/西大Graduate/Project_base/Code/Meng_ProjectBased_DetectCodeSimilar/code-sim/results/formal-v1/batch5/pairs/R00963/right/Main.java
R00964,s407556336.java,p02802,/Users/liuziqi/Documents/西大Graduate/Project_base/Code/Meng_ProjectBased_DetectCodeSimilar/code-sim/results/formal-v1/batch5/pairs/R00964/left/Main.java,/Users/liuziqi/Documents/西大Graduate/Project_base/Code/Meng_ProjectBased_DetectCodeSimilar/code-sim/results/formal-v1/batch5/pairs/R00964/right/Main.java
R00965,s653915880.java,p02717,/Users/liuziqi/Documents/西大Graduate/Project_base/Code/Meng_ProjectBased_DetectCodeSimilar/code-sim/results/formal-v1/batch5/pairs/R00965/left/Main.java,/Users/liuziqi/Documents/西大Graduate/Project_base/Code/Meng_ProjectBased_DetectCodeSimilar/code-sim/results/formal-v1/batch5/pairs/R00965/right/Main.java
R00966,s390832524.java,p02257,/Users/liuziqi/Documents/西大Graduate/Project_base/Code/Meng_ProjectBased_DetectCodeSimilar/code-sim/results/formal-v1/batch5/pairs/R00966/left/Main.java,/Users/liuziqi/Documents/西大Graduate/Project_base/Code/Meng_ProjectBased_DetectCodeSimilar/code-sim/results/formal-v1/batch5/pairs/R00966/right/Main.java
R00967,s382242989.java,p02791,/Users/liuziqi/Documents/西大Graduate/Project_base/Code/Meng_ProjectBased_DetectCodeSimilar/code-sim/results/formal-v1/batch5/pairs/R00967/left/Main.java,/Users/liuziqi/Documents/西大Graduate/Project_base/Code/Meng_ProjectBased_DetectCodeSimilar/code-sim/results/formal-v1/batch5/pairs/R00967/right/Main.java
R00968,s278129788.java,p02577,/Users/liuziqi/Documents/西大Graduate/Project_base/Code/Meng_ProjectBased_DetectCodeSimilar/code-sim/results/formal-v1/batch5/pairs/R00968/left/Main.java,/Users/liuziqi/Documents/西大Graduate/Project_base/Code/Meng_ProjectBased_DetectCodeSimilar/code-sim/results/formal-v1/batch5/pairs/R00968/right/Main.java
R00969,s745495970.java,p02785,/Users/liuziqi/Documents/西大Graduate/Project_base/Code/Meng_ProjectBased_DetectCodeSimilar/code-sim/results/formal-v1/batch5/pairs/R00969/left/Main.java,/Users/liuziqi/Documents/西大Graduate/Project_base/Code/Meng_ProjectBased_DetectCodeSimilar/code-sim/results/formal-v1/batch5/pairs/R00969/right/Main.java
R00970,s402976155.java,p02706,/Users/liuziqi/Documents/西大Graduate/Project_base/Code/Meng_ProjectBased_DetectCodeSimilar/code-sim/results/formal-v1/batch5/pairs/R00970/left/Main.java,/Users/liuziqi/Documents/西大Graduate/Project_base/Code/Meng_ProjectBased_DetectCodeSimilar/code-sim/results/formal-v1/batch5/pairs/R00970/right/Main.java
R00971,s061775053.java,p03013,/Users/liuziqi/Documents/西大Graduate/Project_base/Code/Meng_ProjectBased_DetectCodeSimilar/code-sim/results/formal-v1/batch5/pairs/R00971/left/Main.java,/Users/liuziqi/Documents/西大Graduate/Project_base/Code/Meng_ProjectBased_DetectCodeSimilar/code-sim/results/formal-v1/batch5/pairs/R00971/right/Main.java
R00972,s476889077.java,p03680,/Users/liuziqi/Documents/西大Graduate/Project_base/Code/Meng_ProjectBased_DetectCodeSimilar/code-sim/results/formal-v1/batch5/pairs/R00972/left/Main.java,/Users/liuziqi/Documents/西大Graduate/Project_base/Code/Meng_ProjectBased_DetectCodeSimilar/code-sim/results/formal-v1/batch5/pairs/R00972/right/Main.java
R00973,s587433794.java,p02886,/Users/liuziqi/Documents/西大Graduate/Project_base/Code/Meng_ProjectBased_DetectCodeSimilar/code-sim/results/formal-v1/batch5/pairs/R00973/left/Main.java,/Users/liuziqi/Documents/西大Graduate/Project_base/Code/Meng_ProjectBased_DetectCodeSimilar/code-sim/results/formal-v1/batch5/pairs/R00973/right/Main.java
R00974,s489800492.java,p02860,/Users/liuziqi/Documents/西大Graduate/Project_base/Code/Meng_ProjectBased_DetectCodeSimilar/code-sim/results/formal-v1/batch5/pairs/R00974/left/Main.java,/Users/liuziqi/Documents/西大Graduate/Project_base/Code/Meng_ProjectBased_DetectCodeSimilar/code-sim/results/formal-v1/batch5/pairs/R00974/right/Main.java
R00975,s739555732.java,p02971,/Users/liuziqi/Documents/西大Graduate/Project_base/Code/Meng_ProjectBased_DetectCodeSimilar/code-sim/results/formal-v1/batch5/pairs/R00975/left/Main.java,/Users/liuziqi/Documents/西大Graduate/Project_base/Code/Meng_ProjectBased_DetectCodeSimilar/code-sim/results/formal-v1/batch5/pairs/R00975/right/Main.java
R00976,s991774277.java,p03474,/Users/liuziqi/Documents/西大Graduate/Project_base/Code/Meng_ProjectBased_DetectCodeSimilar/code-sim/results/formal-v1/batch5/pairs/R00976/left/Main.java,/Users/liuziqi/Documents/西大Graduate/Project_base/Code/Meng_ProjectBased_DetectCodeSimilar/code-sim/results/formal-v1/batch5/pairs/R00976/right/Main.java
R00977,s780769121.java,p04043,/Users/liuziqi/Documents/西大Graduate/Project_base/Code/Meng_ProjectBased_DetectCodeSimilar/code-sim/results/formal-v1/batch5/pairs/R00977/left/Main.java,/Users/liuziqi/Documents/西大Graduate/Project_base/Code/Meng_ProjectBased_DetectCodeSimilar/code-sim/results/formal-v1/batch5/pairs/R00977/right/Main.java
R00978,s592409117.java,p03239,/Users/liuziqi/Documents/西大Graduate/Project_base/Code/Meng_ProjectBased_DetectCodeSimilar/code-sim/results/formal-v1/batch5/pairs/R00978/left/Main.java,/Users/liuziqi/Documents/西大Graduate/Project_base/Code/Meng_ProjectBased_DetectCodeSimilar/code-sim/results/formal-v1/batch5/pairs/R00978/right/Main.java
R00979,s759489383.java,p02701,/Users/liuziqi/Documents/西大Graduate/Project_base/Code/Meng_ProjectBased_DetectCodeSimilar/code-sim/results/formal-v1/batch5/pairs/R00979/left/Main.java,/Users/liuziqi/Documents/西大Graduate/Project_base/Code/Meng_ProjectBased_DetectCodeSimilar/code-sim/results/formal-v1/batch5/pairs/R00979/right/Main.java
R00980,s658157696.java,p03632,/Users/liuziqi/Documents/西大Graduate/Project_base/Code/Meng_ProjectBased_DetectCodeSimilar/code-sim/results/formal-v1/batch5/pairs/R00980/left/Main.java,/Users/liuziqi/Documents/西大Graduate/Project_base/Code/Meng_ProjectBased_DetectCodeSimilar/code-sim/results/formal-v1/batch5/pairs/R00980/right/Main.java
R00981,s993499206.java,p02255,/Users/liuziqi/Documents/西大Graduate/Project_base/Code/Meng_ProjectBased_DetectCodeSimilar/code-sim/results/formal-v1/batch5/pairs/R00981/left/Main.java,/Users/liuziqi/Documents/西大Graduate/Project_base/Code/Meng_ProjectBased_DetectCodeSimilar/code-sim/results/formal-v1/batch5/pairs/R00981/right/Main.java
R00982,s869708192.java,p00011,/Users/liuziqi/Documents/西大Graduate/Project_base/Code/Meng_ProjectBased_DetectCodeSimilar/code-sim/results/formal-v1/batch5/pairs/R00982/left/Main.java,/Users/liuziqi/Documents/西大Graduate/Project_base/Code/Meng_ProjectBased_DetectCodeSimilar/code-sim/results/formal-v1/batch5/pairs/R00982/right/Main.java
R00983,s266410511.java,p03435,/Users/liuziqi/Documents/西大Graduate/Project_base/Code/Meng_ProjectBased_DetectCodeSimilar/code-sim/results/formal-v1/batch5/pairs/R00983/left/Main.java,/Users/liuziqi/Documents/西大Graduate/Project_base/Code/Meng_ProjectBased_DetectCodeSimilar/code-sim/results/formal-v1/batch5/pairs/R00983/right/Main.java
R00984,s028749368.java,p03281,/Users/liuziqi/Documents/西大Graduate/Project_base/Code/Meng_ProjectBased_DetectCodeSimilar/code-sim/results/formal-v1/batch5/pairs/R00984/left/Main.java,/Users/liuziqi/Documents/西大Graduate/Project_base/Code/Meng_ProjectBased_DetectCodeSimilar/code-sim/results/formal-v1/batch5/pairs/R00984/right/Main.java
R00985,s713471897.java,p02785,/Users/liuziqi/Documents/西大Graduate/Project_base/Code/Meng_ProjectBased_DetectCodeSimilar/code-sim/results/formal-v1/batch5/pairs/R00985/left/Main.java,/Users/liuziqi/Documents/西大Graduate/Project_base/Code/Meng_ProjectBased_DetectCodeSimilar/code-sim/results/formal-v1/batch5/pairs/R00985/right/Main.java
R00986,s716649229.java,p03448,/Users/liuziqi/Documents/西大Graduate/Project_base/Code/Meng_ProjectBased_DetectCodeSimilar/code-sim/results/formal-v1/batch5/pairs/R00986/left/Main.java,/Users/liuziqi/Documents/西大Graduate/Project_base/Code/Meng_ProjectBased_DetectCodeSimilar/code-sim/results/formal-v1/batch5/pairs/R00986/right/Main.java
R00987,s638640606.java,p02923,/Users/liuziqi/Documents/西大Graduate/Project_base/Code/Meng_ProjectBased_DetectCodeSimilar/code-sim/results/formal-v1/batch5/pairs/R00987/left/Main.java,/Users/liuziqi/Documents/西大Graduate/Project_base/Code/Meng_ProjectBased_DetectCodeSimilar/code-sim/results/formal-v1/batch5/pairs/R00987/right/Main.java
R00988,s767872103.java,p03076,/Users/liuziqi/Documents/西大Graduate/Project_base/Code/Meng_ProjectBased_DetectCodeSimilar/code-sim/results/formal-v1/batch5/pairs/R00988/left/Main.java,/Users/liuziqi/Documents/西大Graduate/Project_base/Code/Meng_ProjectBased_DetectCodeSimilar/code-sim/results/formal-v1/batch5/pairs/R00988/right/Main.java
R00989,s952939634.java,p03456,/Users/liuziqi/Documents/西大Graduate/Project_base/Code/Meng_ProjectBased_DetectCodeSimilar/code-sim/results/formal-v1/batch5/pairs/R00989/left/Main.java,/Users/liuziqi/Documents/西大Graduate/Project_base/Code/Meng_ProjectBased_DetectCodeSimilar/code-sim/results/formal-v1/batch5/pairs/R00989/right/Main.java
R00990,s898655788.java,p02629,/Users/liuziqi/Documents/西大Graduate/Project_base/Code/Meng_ProjectBased_DetectCodeSimilar/code-sim/results/formal-v1/batch5/pairs/R00990/left/Main.java,/Users/liuziqi/Documents/西大Graduate/Project_base/Code/Meng_ProjectBased_DetectCodeSimilar/code-sim/results/formal-v1/batch5/pairs/R00990/right/Main.java
R00991,s787340048.java,p02829,/Users/liuziqi/Documents/西大Graduate/Project_base/Code/Meng_ProjectBased_DetectCodeSimilar/code-sim/results/formal-v1/batch5/pairs/R00991/left/Main.java,/Users/liuziqi/Documents/西大Graduate/Project_base/Code/Meng_ProjectBased_DetectCodeSimilar/code-sim/results/formal-v1/batch5/pairs/R00991/right/Main.java
R00992,s728278030.java,p02959,/Users/liuziqi/Documents/西大Graduate/Project_base/Code/Meng_ProjectBased_DetectCodeSimilar/code-sim/results/formal-v1/batch5/pairs/R00992/left/Main.java,/Users/liuziqi/Documents/西大Graduate/Project_base/Code/Meng_ProjectBased_DetectCodeSimilar/code-sim/results/formal-v1/batch5/pairs/R00992/right/Main.java
R00993,s189962226.java,p02755,/Users/liuziqi/Documents/西大Graduate/Project_base/Code/Meng_ProjectBased_DetectCodeSimilar/code-sim/results/formal-v1/batch5/pairs/R00993/left/Main.java,/Users/liuziqi/Documents/西大Graduate/Project_base/Code/Meng_ProjectBased_DetectCodeSimilar/code-sim/results/formal-v1/batch5/pairs/R00993/right/Main.java
R00994,s950710036.java,p02772,/Users/liuziqi/Documents/西大Graduate/Project_base/Code/Meng_ProjectBased_DetectCodeSimilar/code-sim/results/formal-v1/batch5/pairs/R00994/left/Main.java,/Users/liuziqi/Documents/西大Graduate/Project_base/Code/Meng_ProjectBased_DetectCodeSimilar/code-sim/results/formal-v1/batch5/pairs/R00994/right/Main.java
R00995,s195126037.java,p02255,/Users/liuziqi/Documents/西大Graduate/Project_base/Code/Meng_ProjectBased_DetectCodeSimilar/code-sim/results/formal-v1/batch5/pairs/R00995/left/Main.java,/Users/liuziqi/Documents/西大Graduate/Project_base/Code/Meng_ProjectBased_DetectCodeSimilar/code-sim/results/formal-v1/batch5/pairs/R00995/right/Main.java
R00996,s236049112.java,p03998,/Users/liuziqi/Documents/西大Graduate/Project_base/Code/Meng_ProjectBased_DetectCodeSimilar/code-sim/results/formal-v1/batch5/pairs/R00996/left/Main.java,/Users/liuziqi/Documents/西大Graduate/Project_base/Code/Meng_ProjectBased_DetectCodeSimilar/code-sim/results/formal-v1/batch5/pairs/R00996/right/Main.java
R00997,s564225048.java,p02415,/Users/liuziqi/Documents/西大Graduate/Project_base/Code/Meng_ProjectBased_DetectCodeSimilar/code-sim/results/formal-v1/batch5/pairs/R00997/left/Main.java,/Users/liuziqi/Documents/西大Graduate/Project_base/Code/Meng_ProjectBased_DetectCodeSimilar/code-sim/results/formal-v1/batch5/pairs/R00997/right/Main.java
R00998,s595326578.java,p03434,/Users/liuziqi/Documents/西大Graduate/Project_base/Code/Meng_ProjectBased_DetectCodeSimilar/code-sim/results/formal-v1/batch5/pairs/R00998/left/Main.java,/Users/liuziqi/Documents/西大Graduate/Project_base/Code/Meng_ProjectBased_DetectCodeSimilar/code-sim/results/formal-v1/batch5/pairs/R00998/right/Main.java
R00999,s282747640.java,p02628,/Users/liuziqi/Documents/西大Graduate/Project_base/Code/Meng_ProjectBased_DetectCodeSimilar/code-sim/results/formal-v1/batch5/pairs/R00999/left/Main.java,/Users/liuziqi/Documents/西大Graduate/Project_base/Code/Meng_ProjectBased_DetectCodeSimilar/code-sim/results/formal-v1/batch5/pairs/R00999/right/Main.java
