pair_id,ref_index,kind,expected,operator,status,candidates,matched,predicted_type,type_correct,coverage,precision,iou
R00000,0,CLONE_INTERVAL,T1,t1_reindent,ok,1,True,T1,True,0.8333,0.2174,0.2083
R00000,1,MUTATION,T1,t1_reindent,ok,1,True,T1,True,0.8333,0.2941,0.2778
R00000,2,UNTOUCHED,T1,none,ok,1,True,T1,True,0.6667,0.1176,0.1111
R00000,3,UNTOUCHED,T1,none,ok,1,True,T1,True,0.5882,0.5882,0.4167
R00001,0,CLONE_INTERVAL,T1,t1_reindent,ok,1,True,T1,True,1.0,0.4,0.4
R00001,1,MUTATION,T1,t1_reindent,ok,1,True,T1,True,1.0,0.4615,0.4615
R00001,2,UNTOUCHED,T1,none,ok,1,True,T1,True,0.75,0.2308,0.2143
R00001,3,UNTOUCHED,T1,none,ok,1,True,T1,True,0.5714,0.3077,0.25
R00002,0,CLONE_INTERVAL,T3,t3_delete_statement,ok,1,True,T3,True,0.9,0.5294,0.5
R00002,1,MUTATION,T3,t3_delete_statement,ok,3,True,T3,True,1.0,1.0,1.0
R00002,2,UNTOUCHED,T1,none,ok,3,True,T1,True,0.75,0.5,0.4286
R00002,3,UNTOUCHED,T1,none,ok,3,True,T1,True,0.7143,0.625,0.5
R00003,0,CLONE_INTERVAL,T1,t1_add_eol_comment,ok,1,True,T1,True,1.0,0.5385,0.5385
R00003,1,MUTATION,T1,t1_add_eol_comment,ok,1,True,T1,True,1.0,0.1,0.1
R00003,2,UNTOUCHED,T1,none,ok,1,True,T1,True,0.75,0.3,0.2727
R00003,3,UNTOUCHED,T1,none,ok,1,True,T1,True,0.5,0.2,0.1667
R00004,0,CLONE_INTERVAL,T3,t3_insert_statement,ok,1,True,T3,True,1.0,0.4444,0.4444
R00004,1,MUTATION,T3,t3_insert_statement,ok,3,True,T3,True,1.0,1.0,1.0
R00004,2,UNTOUCHED,T1,none,ok,3,True,T1,True,0.75,0.3333,0.3
R00004,3,UNTOUCHED,T1,none,ok,3,True,T1,True,0.5714,1.0,0.5714
R00005,0,CLONE_INTERVAL,T1,t1_add_block_comment,ok,1,True,T1,True,1.0,0.5,0.5
R00005,1,MUTATION,T1,t1_add_block_comment,ok,1,False,,False,0.0,0.0,0.0
R00005,2,UNTOUCHED,T1,none,ok,1,True,T1,True,0.8571,0.4615,0.4286
R00005,3,UNTOUCHED,T1,none,ok,1,True,T1,True,0.6667,0.1538,0.1429
R00006,0,CLONE_INTERVAL,T2,t2_change_int_literal,ok,1,False,,False,0.0909,0.2857,0.0741
R00006,1,MUTATION,T2,t2_change_int_literal,ok,3,True,T2,True,1.0,1.0,1.0
R00006,2,UNTOUCHED,T1,none,ok,3,True,T1,True,0.75,0.75,0.6
R00006,3,UNTOUCHED,T1,none,ok,3,True,T1,True,0.4,1.0,0.4
R00007,0,CLONE_INTERVAL,T3,t3_delete_statement,ok,1,True,T3,True,1.0,0.3846,0.3846
R00007,1,MUTATION,T3,t3_delete_statement,ok,3,True,T3,True,1.0,1.0,1.0
R00007,2,UNTOUCHED,T1,none,ok,3,True,T1,True,0.8,0.5714,0.5
R00007,3,UNTOUCHED,T1,none,ok,3,True,T1,True,0.6,0.75,0.5
R00008,0,CLONE_INTERVAL,T3,t3_insert_statement,ok,1,True,T3,True,1.0,0.2727,0.2727
R00008,1,MUTATION,T3,t3_insert_statement,ok,3,True,T3,True,1.0,1.0,1.0
R00008,2,UNTOUCHED,T1,none,ok,3,True,T1,True,0.6667,0.2857,0.25
R00008,3,UNTOUCHED,T1,none,ok,3,True,T1,True,0.7143,1.0,0.7143
R00009,0,CLONE_INTERVAL,T1,t1_add_eol_comment,ok,1,True,T1,True,1.0,0.4286,0.4286
R00009,1,MUTATION,T1,t1_add_eol_comment,ok,1,False,,False,0.0,0.0,0.0
R00009,2,UNTOUCHED,T1,none,ok,1,True,T1,True,0.5,0.3,0.2308
R00009,3,UNTOUCHED,T1,none,ok,1,True,T1,True,0.5,0.3,0.2308
R00010,0,CLONE_INTERVAL,T1,t1_reindent,ok,1,True,T1,True,1.0,0.5,0.5
R00010,1,MUTATION,T1,t1_reindent,ok,1,True,T1,True,0.8333,0.4545,0.4167
R00010,2,UNTOUCHED,T1,none,ok,1,True,T1,True,0.8,0.3636,0.3333
R00010,3,UNTOUCHED,T1,none,ok,1,True,T1,True,0.6667,0.1818,0.1667
R00011,0,CLONE_INTERVAL,T1,t1_add_blank_line,ok,1,True,T1,True,0.8889,0.4706,0.4444
R00011,1,MUTATION,T1,t1_add_blank_line,ok,1,False,,False,0.0,0.0,0.0
R00011,2,UNTOUCHED,T1,none,ok,1,True,T1,True,0.6667,0.1429,0.1333
R00011,3,UNTOUCHED,T1,none,ok,1,True,T1,True,0.625,0.3571,0.2941
R00012,0,CLONE_INTERVAL,T1,t1_add_blank_line,ok,1,True,T1,True,1.0,0.5556,0.5556
R00012,1,MUTATION,T1,t1_add_blank_line,ok,1,True,T1,True,1.0,0.0769,0.0769
R00012,2,UNTOUCHED,T1,none,ok,1,True,T1,True,0.75,0.2308,0.2143
R00012,3,UNTOUCHED,T1,none,ok,1,True,T1,True,0.5,0.2308,0.1875
R00013,0,CLONE_INTERVAL,T3,t3_delete_statement,ok,1,True,T3,True,1.0,0.2941,0.2941
R00013,1,MUTATION,T3,t3_delete_statement,ok,3,True,T3,True,1.0,1.0,1.0
R00013,2,UNTOUCHED,T1,none,ok,3,True,T1,True,0.6667,0.3333,0.2857
R00013,3,UNTOUCHED,T1,none,ok,3,True,T1,True,0.6364,1.0,0.6364
R00014,0,CLONE_INTERVAL,T3,t3_delete_statement,ok,1,True,T3,True,1.0,0.4167,0.4167
R00014,1,MUTATION,T3,t3_delete_statement,ok,3,True,T3,True,1.0,1.0,1.0
R00014,2,UNTOUCHED,T1,none,ok,3,True,T1,True,0.6667,0.6667,0.5
R00014,3,UNTOUCHED,T1,none,ok,3,True,T1,True,0.6667,0.5714,0.4444
R00015,0,CLONE_INTERVAL,T1,t1_reindent,ok,1,True,T1,True,1.0,0.6,0.6
R00015,1,MUTATION,T1,t1_reindent,ok,1,True,T1,True,1.0,0.6,0.6
R00015,2,UNTOUCHED,T1,none,ok,1,True,T1,True,0.6667,0.2,0.1818
R00015,3,UNTOUCHED,T1,none,ok,1,True,T1,True,0.6667,0.2,0.1818
R00016,0,CLONE_INTERVAL,T3,t3_delete_statement,ok,1,True,T3,True,1.0,0.45,0.45
R00016,1,MUTATION,T3,t3_delete_statement,ok,3,True,T3,True,1.0,1.0,1.0
R00016,2,UNTOUCHED,T1,none,ok,3,True,T1,True,0.5455,0.8571,0.5
R00016,3,UNTOUCHED,T1,none,ok,3,True,T1,True,0.3333,0.375,0.2143
R00017,0,CLONE_INTERVAL,T2,t2_change_int_literal,ok,1,True,T2,True,1.0,0.7419,0.7419
R00017,1,MUTATION,T2,t2_change_int_literal,ok,3,True,T2,True,1.0,1.0,1.0
R00017,2,UNTOUCHED,T1,none,ok,3,True,T1,True,0.75,0.75,0.6
R00017,3,UNTOUCHED,T1,none,ok,3,True,T1,True,0.625,0.2174,0.1923
R00018,0,CLONE_INTERVAL,T2,t2_change_string_literal,ok,1,True,T2,True,1.0,0.3529,0.3529
R00018,1,MUTATION,T2,t2_change_string_literal,ok,3,True,T2,True,1.0,1.0,1.0
R00018,2,UNTOUCHED,T1,none,ok,3,True,T1,True,0.6667,0.25,0.2222
R00018,3,UNTOUCHED,T1,none,ok,3,True,T1,True,0.6667,0.3333,0.2857
R00019,0,CLONE_INTERVAL,T1,t1_reindent,ok,1,True,T1,True,1.0,0.4783,0.4783
R00019,1,MUTATION,T1,t1_reindent,ok,1,True,T1,True,0.7273,0.4444,0.381
R00019,2,UNTOUCHED,T1,none,ok,1,True,T1,True,0.8333,0.2778,0.2632
R00019,3,UNTOUCHED,T1,none,ok,1,True,T1,True,0.625,0.2778,0.2381
R00020,0,CLONE_INTERVAL,T1,t1_reindent,ok,1,True,T1,True,1.0,0.5789,0.5789
R00020,1,MUTATION,T1,t1_reindent,ok,1,True,T1,True,0.8182,0.6,0.5294
R00020,2,UNTOUCHED,T1,none,ok,1,True,T1,True,0.6667,0.1333,0.125
R00020,3,UNTOUCHED,T1,none,ok,1,True,T1,True,0.5714,0.2667,0.2222
R00021,0,CLONE_INTERVAL,T3,t3_delete_statement,ok,1,False,,False,0.5,0.3,0.2308
R00021,1,MUTATION,T3,t3_delete_statement,ok,3,True,T3,True,1.0,1.0,1.0
R00021,2,UNTOUCHED,T1,none,ok,3,True,T1,True,0.5,0.6,0.375
R00021,3,UNTOUCHED,T1,none,ok,3,True,T1,True,0.6667,0.8,0.5714
R00022,0,CLONE_INTERVAL,T3,t3_wrap_statement,ok,1,True,T3,True,1.0,0.8182,0.8182
R00022,1,MUTATION,T3,t3_wrap_statement,ok,3,True,T3,True,1.0,1.0,1.0
R00022,2,UNTOUCHED,T1,none,ok,3,True,T1,True,0.3333,0.2,0.1429
R00022,3,UNTOUCHED,T1,none,ok,3,True,T1,True,0.3333,0.25,0.1667
R00023,0,CLONE_INTERVAL,T3,t3_wrap_statement,ok,1,True,T3,True,1.0,0.375,0.375
R00023,1,MUTATION,T3,t3_wrap_statement,ok,3,True,T3,True,1.0,1.0,1.0
R00023,2,UNTOUCHED,T1,none,ok,3,True,T1,True,0.6667,0.6667,0.5
R00023,3,UNTOUCHED,T1,none,ok,3,True,T1,True,0.6667,0.6,0.4615
R00024,0,CLONE_INTERVAL,T1,t1_add_block_comment,ok,1,True,T1,True,0.8571,0.2857,0.2727
R00024,1,MUTATION,T1,t1_add_block_comment,ok,1,False,,False,0.0,0.0,0.0
R00024,2,UNTOUCHED,T1,none,ok,1,True,T1,True,0.75,0.1765,0.1667
R00024,3,UNTOUCHED,T1,none,ok,1,True,T1,True,0.6923,0.5294,0.4286
R00025,0,CLONE_INTERVAL,T3,t3_wrap_statement,ok,1,True,T3,True,1.0,0.6,0.6
R00025,1,MUTATION,T3,t3_wrap_statement,ok,3,True,T3,True,1.0,1.0,1.0
R00025,2,UNTOUCHED,T1,none,ok,3,True,T1,True,0.6667,0.5,0.4
R00025,3,UNTOUCHED,T1,none,ok,3,True,T1,True,0.6667,0.4,0.3333
R00026,0,CLONE_INTERVAL,T2,t2_change_string_literal,ok,1,True,T2,True,1.0,0.4706,0.4706
R00026,1,MUTATION,T2,t2_change_string_literal,ok,3,True,T2,True,1.0,1.0,1.0
R00026,2,UNTOUCHED,T1,none,ok,3,True,T1,True,0.7778,0.875,0.7
R00026,3,UNTOUCHED,T1,none,ok,3,True,T1,True,0.5,0.2857,0.2222
R00027,0,CLONE_INTERVAL,T2,t2_change_string_literal,ok,1,True,T2,True,1.0,0.5833,0.5833
R00027,1,MUTATION,T2,t2_change_string_literal,ok,3,True,T2,True,1.0,1.0,1.0
R00027,2,UNTOUCHED,T1,none,ok,3,True,T1,True,0.6667,1.0,0.6667
R00027,3,UNTOUCHED,T1,none,ok,3,True,T1,True,0.6667,0.3529,0.3
R00028,0,CLONE_INTERVAL,T3,t3_delete_statement,ok,1,True,T3,True,1.0,0.2941,0.2941
R00028,1,MUTATION,T3,t3_delete_statement,ok,3,True,T3,True,1.0,1.0,1.0
R00028,2,UNTOUCHED,T1,none,ok,3,True,T1,True,0.6667,0.4,0.3333
R00028,3,UNTOUCHED,T1,none,ok,3,True,T1,True,0.5455,0.8571,0.5
R00029,0,CLONE_INTERVAL,T1,t1_add_eol_comment,ok,1,True,T1,True,1.0,0.6364,0.6364
R00029,1,MUTATION,T1,t1_add_eol_comment,ok,1,True,T1,True,1.0,0.0909,0.0909
R00029,2,UNTOUCHED,T1,none,ok,1,True,T1,True,0.6667,0.1818,0.1667
R00029,3,UNTOUCHED,T1,none,ok,1,True,T1,True,0.5,0.1818,0.1538
R00030,0,CLONE_INTERVAL,T1,t1_add_eol_comment,ok,1,True,T1,True,1.0,0.2609,0.2609
R00030,1,MUTATION,T1,t1_add_eol_comment,ok,1,True,T1,True,1.0,0.0455,0.0455
R00030,2,UNTOUCHED,T1,none,ok,1,True,T1,True,0.6667,0.0909,0.087
R00030,3,UNTOUCHED,T1,none,ok,1,True,T1,True,0.8235,0.6364,0.56
R00031,0,CLONE_INTERVAL,T3,t3_delete_statement,ok,1,True,T3,True,1.0,0.3846,0.3846
R00031,1,MUTATION,T3,t3_delete_statement,ok,3,True,T3,True,1.0,1.0,1.0
R00031,2,UNTOUCHED,T1,none,ok,3,True,T1,True,0.6667,1.0,0.6667
R00031,3,UNTOUCHED,T1,none,ok,3,True,T1,True,0.7143,0.5556,0.4545
R00032,0,CLONE_INTERVAL,T3,t3_insert_statement,ok,1,True,T3,True,0.8333,0.1852,0.1786
R00032,1,MUTATION,T3,t3_insert_statement,ok,3,True,T3,True,1.0,1.0,1.0
R00032,2,UNTOUCHED,T1,none,ok,3,True,T1,True,0.6667,0.6667,0.5
R00032,3,UNTOUCHED,T1,none,ok,3,True,T1,True,0.5455,0.3333,0.2609
R00033,0,CLONE_INTERVAL,T1,t1_reindent,ok,1,True,T1,True,1.0,0.2308,0.2308
R00033,1,MUTATION,T1,t1_reindent,ok,1,True,T1,True,1.0,0.2609,0.2609
R00033,2,UNTOUCHED,T1,none,ok,1,True,T1,True,0.6667,0.087,0.0833
R00033,3,UNTOUCHED,T1,none,ok,1,True,T1,True,0.6667,0.087,0.0833
R00034,0,CLONE_INTERVAL,T3,t3_insert_statement,ok,1,True,T3,True,1.0,0.4,0.4
R00034,1,MUTATION,T3,t3_insert_statement,ok,3,True,T3,True,1.0,1.0,1.0
R00034,2,UNTOUCHED,T1,none,ok,3,True,T1,True,0.75,0.4286,0.375
R00034,3,UNTOUCHED,T1,none,ok,3,True,T1,True,0.6923,0.6923,0.5294
R00035,0,CLONE_INTERVAL,T2,t2_rename_local,ok,1,True,T2,True,1.0,0.375,0.375
R00035,1,MUTATION,T2,t2_rename_local,ok,3,True,T2,True,0.8,1.0,0.8
R00035,2,UNTOUCHED,T1,none,ok,3,True,T1,True,0.8333,1.0,0.8333
R00035,3,UNTOUCHED,T1,none,ok,3,True,T1,True,0.5,1.0,0.5
R00036,0,CLONE_INTERVAL,T1,t1_add_eol_comment,ok,1,True,T1,True,0.8571,0.6,0.5455
R00036,1,MUTATION,T1,t1_add_eol_comment,ok,1,False,,False,0.0,0.0,0.0
R00036,2,UNTOUCHED,T1,none,ok,1,True,T1,True,0.6667,0.25,0.2222
R00036,3,UNTOUCHED,T1,none,ok,1,True,T1,True,0.6667,0.25,0.2222
R00037,0,CLONE_INTERVAL,T3,t3_delete_statement,ok,1,False,,False,0.0769,0.0769,0.04
R00037,1,MUTATION,T3,t3_delete_statement,ok,3,True,T3,True,1.0,1.0,1.0
R00037,2,UNTOUCHED,T1,none,ok,3,True,T1,True,0.6667,1.0,0.6667
R00037,3,UNTOUCHED,T1,none,ok,3,True,T1,True,0.6667,0.8,0.5714
R00038,0,CLONE_INTERVAL,T1,t1_add_eol_comment,ok,1,True,T1,True,1.0,0.2857,0.2857
R00038,1,MUTATION,T1,t1_add_eol_comment,ok,1,False,,False,0.0,0.0,0.0
R00038,2,UNTOUCHED,T1,none,ok,1,True,T1,True,0.1905,0.2353,0.1176
R00038,3,UNTOUCHED,T1,none,ok,1,True,T1,True,0.3333,0.0588,0.0526
R00039,0,CLONE_INTERVAL,T3,t3_insert_statement,ok,1,True,T3,True,1.0,0.4286,0.4286
R00039,1,MUTATION,T3,t3_insert_statement,ok,3,True,T3,True,1.0,1.0,1.0
R00039,2,UNTOUCHED,T1,none,ok,3,True,T1,True,0.75,0.6,0.5
R00039,3,UNTOUCHED,T1,none,ok,3,True,T1,True,0.6667,0.5,0.4
R00040,0,CLONE_INTERVAL,T1,t1_add_blank_line,ok,1,True,T1,True,1.0,0.2727,0.2727
R00040,1,MUTATION,T1,t1_add_blank_line,ok,1,False,,False,0.0,0.0,0.0
R00040,2,UNTOUCHED,T1,none,ok,1,True,T1,True,0.6667,0.1176,0.1111
R00040,3,UNTOUCHED,T1,none,ok,1,True,T1,True,0.6667,0.5882,0.4545
R00041,0,CLONE_INTERVAL,T2,t2_change_string_literal,ok,1,True,T2,True,1.0,0.3636,0.3636
R00041,1,MUTATION,T2,t2_change_string_literal,ok,3,True,T2,True,1.0,1.0,1.0
R00041,2,UNTOUCHED,T1,none,ok,3,True,T1,True,0.7778,0.7778,0.6364
R00041,3,UNTOUCHED,T1,none,ok,3,True,T1,True,0.75,0.75,0.6
R00042,0,CLONE_INTERVAL,T1,t1_reindent,ok,1,True,T1,True,1.0,0.4286,0.4286
R00042,1,MUTATION,T1,t1_reindent,ok,1,True,T1,True,0.8333,0.4167,0.3846
R00042,2,UNTOUCHED,T1,none,ok,1,True,T1,True,0.8,0.3333,0.3077
R00042,3,UNTOUCHED,T1,none,ok,1,True,T1,True,0.6,0.25,0.2143
R00043,0,CLONE_INTERVAL,T1,t1_add_block_comment,ok,1,True,T1,True,1.0,0.3696,0.3696
R00043,1,MUTATION,T1,t1_add_block_comment,ok,1,False,,False,0.0,0.0,0.0
R00043,2,UNTOUCHED,T1,none,ok,1,True,T1,True,0.7619,0.4211,0.3721
R00043,3,UNTOUCHED,T1,none,ok,1,True,T1,True,0.5833,0.1842,0.1628
R00044,0,CLONE_INTERVAL,T3,t3_wrap_statement,ok,1,True,T3,True,1.0,0.7333,0.7333
R00044,1,MUTATION,T3,t3_wrap_statement,ok,3,True,T3,True,1.0,1.0,1.0
R00044,2,UNTOUCHED,T1,none,ok,3,True,T1,True,0.6667,0.6667,0.5
R00044,3,UNTOUCHED,T1,none,ok,3,True,T1,True,0.5,0.2222,0.1818
R00045,0,CLONE_INTERVAL,T3,t3_delete_statement,ok,1,True,T3,True,1.0,0.8095,0.8095
R00045,1,MUTATION,T3,t3_delete_statement,ok,3,True,T3,True,1.0,1.0,1.0
R00045,2,UNTOUCHED,T1,none,ok,3,True,T1,True,0.6,0.75,0.5
R00045,3,UNTOUCHED,T1,none,ok,3,True,T1,True,0.3333,0.0833,0.0714
R00046,0,CLONE_INTERVAL,T1,t1_reindent,ok,1,True,T1,True,1.0,0.3333,0.3333
R00046,1,MUTATION,T1,t1_reindent,ok,1,True,T1,True,0.8333,0.3333,0.3125
R00046,2,UNTOUCHED,T1,none,ok,1,True,T1,True,0.75,0.2,0.1875
R00046,3,UNTOUCHED,T1,none,ok,1,True,T1,True,0.6667,0.4,0.3333
R00047,0,CLONE_INTERVAL,T3,t3_insert_statement,ok,1,True,T3,True,0.8333,0.4167,0.3846
R00047,1,MUTATION,T3,t3_insert_statement,ok,3,True,T3,True,1.0,1.0,1.0
R00047,2,UNTOUCHED,T1,none,ok,3,True,T1,True,0.6667,0.4,0.3333
R00047,3,UNTOUCHED,T1,none,ok,3,True,T1,True,0.6667,0.6667,0.5
R00048,0,CLONE_INTERVAL,T1,t1_reindent,ok,1,True,T1,True,1.0,0.875,0.875
R00048,1,MUTATION,T1,t1_reindent,ok,1,True,T1,True,0.4348,0.7692,0.3846
R00048,2,UNTOUCHED,T1,none,ok,1,True,T1,True,0.6667,0.1538,0.1429
R00048,3,UNTOUCHED,T1,none,ok,1,True,T1,True,0.3333,0.0769,0.0667
R00049,0,CLONE_INTERVAL,T1,t1_add_blank_line,ok,1,True,T1,True,1.0,0.6429,0.6429
R00049,1,MUTATION,T1,t1_add_blank_line,ok,1,False,,False,0.0,0.0,0.0
R00049,2,UNTOUCHED,T1,none,ok,1,True,T1,True,0.75,0.25,0.2308
R00049,3,UNTOUCHED,T1,none,ok,1,True,T1,True,0.6667,0.1667,0.1538
R00050,0,CLONE_INTERVAL,T1,t1_add_blank_line,ok,1,True,T1,True,0.8571,0.5,0.4615
R00050,1,MUTATION,T1,t1_add_blank_line,ok,1,False,,False,0.0,0.0,0.0
R00050,2,UNTOUCHED,T1,none,ok,1,True,T1,True,0.75,0.25,0.2308
R00050,3,UNTOUCHED,T1,none,ok,1,True,T1,True,0.6,0.25,0.2143
R00051,0,CLONE_INTERVAL,T2,t2_change_string_literal,ok,1,True,T2,True,1.0,0.5333,0.5333
R00051,1,MUTATION,T2,t2_change_string_literal,ok,3,True,T2,True,1.0,1.0,1.0
R00051,2,UNTOUCHED,T1,none,ok,3,True,T1,True,0.8,0.5,0.4444
R00051,3,UNTOUCHED,T1,none,ok,3,True,T1,True,0.5,1.0,0.5
R00052,0,CLONE_INTERVAL,T2,t2_change_string_literal,ok,1,True,T2,True,1.0,0.3438,0.3438
R00052,1,MUTATION,T2,t2_change_string_literal,ok,3,True,T2,True,1.0,1.0,1.0
R00052,2,UNTOUCHED,T1,none,ok,3,True,T1,True,0.6667,0.3333,0.2857
R00052,3,UNTOUCHED,T1,none,ok,3,True,T1,True,0.75,0.7895,0.625
R00053,0,CLONE_INTERVAL,T1,t1_reindent,ok,1,True,T1,True,1.0,0.3158,0.3158
R00053,1,MUTATION,T1,t1_reindent,ok,1,True,T1,True,0.8333,0.3571,0.3333
R00053,2,UNTOUCHED,T1,none,ok,1,True,T1,True,0.3333,0.0714,0.0625
R00053,3,UNTOUCHED,T1,none,ok,1,True,T1,True,0.6154,0.5714,0.4211
R00054,0,CLONE_INTERVAL,T3,t3_delete_statement,ok,1,True,T3,True,1.0,0.2083,0.2083
R00054,1,MUTATION,T3,t3_delete_statement,ok,3,True,T3,True,1.0,1.0,1.0
R00054,2,UNTOUCHED,T1,none,ok,3,True,T1,True,0.7647,0.8125,0.65
R00054,3,UNTOUCHED,T1,none,ok,3,True,T1,True,0.5,1.0,0.5
R00055,0,CLONE_INTERVAL,T1,t1_add_eol_comment,ok,1,True,T1,True,0.9091,0.4545,0.4348
R00055,1,MUTATION,T1,t1_add_eol_comment,ok,1,True,T1,True,1.0,0.0625,0.0625
R00055,2,UNTOUCHED,T1,none,ok,1,True,T1,True,0.5,0.125,0.1111
R00055,3,UNTOUCHED,T1,none,ok,1,True,T1,True,0.5,0.375,0.2727
R00056,0,CLONE_INTERVAL,T1,t1_add_eol_comment,ok,1,True,T1,True,1.0,0.4,0.4
R00056,1,MUTATION,T1,t1_add_eol_comment,ok,1,True,T1,True,1.0,0.0714,0.0714
R00056,2,UNTOUCHED,T1,none,ok,1,True,T1,True,0.6667,0.1429,0.1333
R00056,3,UNTOUCHED,T1,none,ok,1,True,T1,True,0.75,0.4286,0.375
R00057,0,CLONE_INTERVAL,T1,t1_add_blank_line,ok,1,True,T1,True,0.8571,0.3529,0.3333
R00057,1,MUTATION,T1,t1_add_blank_line,ok,1,False,,False,0.0,0.0,0.0
R00057,2,UNTOUCHED,T1,none,ok,1,True,T1,True,0.6667,0.1429,0.1333
R00057,3,UNTOUCHED,T1,none,ok,1,True,T1,True,0.7,0.5,0.4118
R00058,0,CLONE_INTERVAL,T3,t3_wrap_statement,ok,1,True,T3,True,1.0,0.5,0.5
R00058,1,MUTATION,T3,t3_wrap_statement,ok,3,True,T3,True,1.0,1.0,1.0
R00058,2,UNTOUCHED,T1,none,ok,3,True,T1,True,0.6667,0.4,0.3333
R00058,3,UNTOUCHED,T1,none,ok,3,True,T1,True,0.5,0.4,0.2857
R00059,0,CLONE_INTERVAL,T3,t3_delete_statement,ok,2,True,T3,True,1.0,0.2,0.2
R00059,1,MUTATION,T3,t3_delete_statement,ok,5,True,T2,False,1.0,1.0,1.0
R00059,2,UNTOUCHED,T1,none,ok,5,True,T1,True,0.0667,0.2,0.0526
R00059,3,UNTOUCHED,T1,none,ok,5,True,T1,True,0.625,0.3571,0.2941
R00060,0,CLONE_INTERVAL,T2,t2_rename_local,ok,1,True,T2,True,1.0,0.64,0.64
R00060,1,MUTATION,T2,t2_rename_local,ok,7,True,T1,False,0.4286,1.0,0.4286
R00060,2,UNTOUCHED,T1,none,ok,7,True,T1,True,0.75,0.8571,0.6667
R00060,3,UNTOUCHED,T1,none,ok,7,True,T1,True,0.6667,0.3333,0.2857
R00061,0,CLONE_INTERVAL,T2,t2_rename_local,ok,1,True,T2,True,1.0,0.4,0.4
R00061,1,MUTATION,T2,t2_rename_local,ok,5,True,T1,False,0.5,1.0,0.5
R00061,2,UNTOUCHED,T1,none,ok,5,True,T1,True,0.3333,1.0,0.3333
R00061,3,UNTOUCHED,T1,none,ok,5,True,T1,True,0.6667,0.8571,0.6
R00062,0,CLONE_INTERVAL,T2,t2_rename_local,ok,1,True,T2,True,1.0,0.5556,0.5556
R00062,1,MUTATION,T2,t2_rename_local,ok,5,True,T2,True,0.4286,1.0,0.4286
R00062,2,UNTOUCHED,T1,none,ok,5,True,T1,True,0.75,0.75,0.6
R00062,3,UNTOUCHED,T1,none,ok,5,True,T1,True,0.5,1.0,0.5
R00063,0,CLONE_INTERVAL,T3,t3_delete_statement,ok,1,True,T3,True,1.0,0.5,0.5
R00063,1,MUTATION,T3,t3_delete_statement,ok,3,True,T3,True,1.0,1.0,1.0
R00063,2,UNTOUCHED,T1,none,ok,3,True,T1,True,0.6667,1.0,0.6667
R00063,3,UNTOUCHED,T1,none,ok,3,True,T1,True,0.5,0.3333,0.25
R00064,0,CLONE_INTERVAL,T2,t2_change_int_literal,ok,1,True,T2,True,1.0,0.2857,0.2857
R00064,1,MUTATION,T2,t2_change_int_literal,ok,3,True,T2,True,1.0,1.0,1.0
R00064,2,UNTOUCHED,T1,none,ok,3,True,T1,True,0.75,0.75,0.6
R00064,3,UNTOUCHED,T1,none,ok,3,True,T1,True,0.75,0.12,0.1154
R00065,0,CLONE_INTERVAL,T3,t3_wrap_statement,ok,1,True,T3,True,0.875,0.7,0.6364
R00065,1,MUTATION,T3,t3_wrap_statement,ok,3,True,T3,True,1.0,1.0,1.0
R00065,2,UNTOUCHED,T1,none,ok,3,True,T1,True,0.5,0.5,0.3333
R00065,3,UNTOUCHED,T1,none,ok,3,True,T1,True,0.3333,0.25,0.1667
R00066,0,CLONE_INTERVAL,T2,t2_change_string_literal,ok,1,True,T2,True,1.0,0.6667,0.6667
R00066,1,MUTATION,T2,t2_change_string_literal,ok,3,True,T2,True,1.0,1.0,1.0
R00066,2,UNTOUCHED,T1,none,ok,3,True,T1,True,0.6667,0.5,0.4
R00066,3,UNTOUCHED,T1,none,ok,3,True,T1,True,0.8,0.3636,0.3333
R00067,0,CLONE_INTERVAL,T1,t1_add_eol_comment,ok,1,True,T1,True,1.0,0.5,0.5
R00067,1,MUTATION,T1,t1_add_eol_comment,ok,1,True,T1,True,1.0,0.0667,0.0667
R00067,2,UNTOUCHED,T1,none,ok,1,True,T1,True,0.8333,0.3333,0.3125
R00067,3,UNTOUCHED,T1,none,ok,1,True,T1,True,0.5,0.2,0.1667
R00068,0,CLONE_INTERVAL,T3,t3_insert_statement,ok,1,True,T3,True,1.0,0.2308,0.2308
R00068,1,MUTATION,T3,t3_insert_statement,ok,3,True,T3,True,1.0,1.0,1.0
R00068,2,UNTOUCHED,T1,none,ok,3,True,T1,True,0.8,0.6667,0.5714
R00068,3,UNTOUCHED,T1,none,ok,3,True,T1,True,0.5,1.0,0.5
R00069,0,CLONE_INTERVAL,T1,t1_reindent,ok,1,True,T1,True,1.0,0.6667,0.6667
R00069,1,MUTATION,T1,t1_reindent,ok,1,True,T1,True,0.75,0.6,0.5
R00069,2,UNTOUCHED,T1,none,ok,1,True,T1,True,0.6667,0.2667,0.2353
R00069,3,UNTOUCHED,T1,none,ok,1,True,T1,True,0.6667,0.1333,0.125
R00070,0,CLONE_INTERVAL,T1,t1_reindent,ok,1,True,T1,True,1.0,0.4286,0.4286
R00070,1,MUTATION,T1,t1_reindent,ok,1,True,T1,True,1.0,0.5,0.5
R00070,2,UNTOUCHED,T1,none,ok,1,True,T1,True,0.6667,0.1667,0.1538
R00070,3,UNTOUCHED,T1,none,ok,1,True,T1,True,0.5714,0.3333,0.2667
R00071,0,CLONE_INTERVAL,T2,t2_rename_local,ok,1,True,T2,True,1.0,0.5,0.5
R00071,1,MUTATION,T2,t2_rename_local,ok,3,True,T2,True,1.0,1.0,1.0
R00071,2,UNTOUCHED,T1,none,ok,3,True,T1,True,0.6667,0.6667,0.5
R00071,3,UNTOUCHED,T1,none,ok,3,True,T1,True,0.5,0.6,0.375
R00072,0,CLONE_INTERVAL,T3,t3_delete_statement,ok,1,True,T3,True,1.0,0.2941,0.2941
R00072,1,MUTATION,T3,t3_delete_statement,ok,3,True,T3,True,1.0,1.0,1.0
R00072,2,UNTOUCHED,T1,none,ok,3,True,T1,True,0.6667,0.4,0.3333
R00072,3,UNTOUCHED,T1,none,ok,3,True,T1,True,0.5833,0.875,0.5385
R00073,0,CLONE_INTERVAL,T1,t1_add_blank_line,ok,2,True,T1,True,1.0,0.1167,0.1167
R00073,1,MUTATION,T1,t1_add_blank_line,ok,2,True,T1,True,1.0,0.0204,0.0204
R00073,2,UNTOUCHED,T1,none,ok,2,True,T1,True,0.7143,0.102,0.098
R00073,3,UNTOUCHED,T1,none,ok,2,True,T1,True,0.6667,0.1633,0.1509
R00074,0,CLONE_INTERVAL,T2,t2_rename_local,ok,1,True,T2,True,1.0,0.6,0.6
R00074,1,MUTATION,T2,t2_rename_local,ok,7,True,T2,True,0.3,1.0,0.3
R00074,2,UNTOUCHED,T1,none,ok,7,True,T1,True,0.6,0.75,0.5
R00074,3,UNTOUCHED,T1,none,ok,7,True,T1,True,0.5,1.0,0.5
R00075,0,CLONE_INTERVAL,T2,t2_rename_local,ok,1,True,T2,True,0.9231,0.6667,0.6316
R00075,1,MUTATION,T2,t2_rename_local,ok,3,True,T2,True,0.875,1.0,0.875
R00075,2,UNTOUCHED,T1,none,ok,3,True,T1,True,0.5,0.6667,0.4
R00075,3,UNTOUCHED,T1,none,ok,3,True,T1,True,0.5,0.75,0.4286
R00076,0,CLONE_INTERVAL,T3,t3_insert_statement,ok,1,True,T3,True,1.0,0.6,0.6
R00076,1,MUTATION,T3,t3_insert_statement,ok,3,True,T3,True,1.0,1.0,1.0
R00076,2,UNTOUCHED,T1,none,ok,3,True,T1,True,0.6667,0.2,0.1818
R00076,3,UNTOUCHED,T1,none,ok,3,True,T1,True,0.6667,1.0,0.6667
R00077,0,CLONE_INTERVAL,T3,t3_delete_statement,ok,1,True,T3,True,1.0,0.4286,0.4286
R00077,1,MUTATION,T3,t3_delete_statement,ok,3,True,T3,True,1.0,1.0,1.0
R00077,2,UNTOUCHED,T1,none,ok,3,True,T1,True,0.8,0.8889,0.7273
R00077,3,UNTOUCHED,T1,none,ok,3,True,T1,True,0.75,0.375,0.3333
R00078,0,CLONE_INTERVAL,T3,t3_wrap_statement,ok,1,True,T3,True,1.0,0.2647,0.2647
R00078,1,MUTATION,T3,t3_wrap_statement,ok,3,True,T3,True,1.0,1.0,1.0
R00078,2,UNTOUCHED,T1,none,ok,3,True,T1,True,0.8571,0.6,0.5455
R00078,3,UNTOUCHED,T1,none,ok,3,True,T1,True,0.6,0.8,0.5217
R00079,0,CLONE_INTERVAL,T2,t2_rename_local,ok,1,True,T2,True,1.0,0.5,0.5
R00079,1,MUTATION,T2,t2_rename_local,ok,5,True,T2,True,0.4615,1.0,0.4615
R00079,2,UNTOUCHED,T1,none,ok,5,True,T1,True,0.75,1.0,0.75
R00079,3,UNTOUCHED,T1,none,ok,5,True,T1,True,0.6667,0.3333,0.2857
R00080,0,CLONE_INTERVAL,T1,t1_add_eol_comment,ok,1,True,T1,True,1.0,0.8182,0.8182
R00080,1,MUTATION,T1,t1_add_eol_comment,ok,1,True,T1,True,1.0,0.0588,0.0588
R00080,2,UNTOUCHED,T1,none,ok,1,True,T1,True,0.6667,0.1176,0.1111
R00080,3,UNTOUCHED,T1,none,ok,1,True,T1,True,0.6667,0.1176,0.1111
R00081,0,CLONE_INTERVAL,T2,t2_change_string_literal,ok,1,True,T2,True,1.0,0.2308,0.2308
R00081,1,MUTATION,T2,t2_change_string_literal,ok,3,True,T2,True,1.0,1.0,1.0
R00081,2,UNTOUCHED,T1,none,ok,3,True,T1,True,0.6667,0.3333,0.2857
R00081,3,UNTOUCHED,T1,none,ok,3,True,T1,True,0.7895,0.9375,0.75
R00082,0,CLONE_INTERVAL,T3,t3_insert_statement,ok,1,True,T3,True,1.0,0.4,0.4
R00082,1,MUTATION,T3,t3_insert_statement,ok,3,True,T3,True,1.0,1.0,1.0
R00082,2,UNTOUCHED,T1,none,ok,3,True,T1,True,0.8333,0.8333,0.7143
R00082,3,UNTOUCHED,T1,none,ok,3,True,T1,True,0.8,0.5,0.4444
R00083,0,CLONE_INTERVAL,T1,t1_add_block_comment,ok,1,True,T1,True,1.0,0.1017,0.1017
R00083,1,MUTATION,T1,t1_add_block_comment,ok,1,False,,False,0.0,0.0,0.0
R00083,2,UNTOUCHED,T1,none,ok,1,True,T1,True,0.6,0.0638,0.0612
R00083,3,UNTOUCHED,T1,none,ok,1,True,T1,True,0.7,0.1489,0.14
R00084,0,CLONE_INTERVAL,T2,t2_change_int_literal,ok,1,True,T2,True,1.0,0.2857,0.2857
R00084,1,MUTATION,T2,t2_change_int_literal,ok,3,True,T2,True,1.0,1.0,1.0
R00084,2,UNTOUCHED,T1,none,ok,3,True,T1,True,0.3333,0.2,0.1429
R00084,3,UNTOUCHED,T1,none,ok,3,True,T1,True,0.6111,0.9167,0.5789
R00085,0,CLONE_INTERVAL,T2,t2_change_string_literal,ok,1,True,T2,True,1.0,0.3103,0.3103
R00085,1,MUTATION,T2,t2_change_string_literal,ok,3,True,T2,True,1.0,1.0,1.0
R00085,2,UNTOUCHED,T1,none,ok,3,True,T1,True,0.6667,0.3333,0.2857
R00085,3,UNTOUCHED,T1,none,ok,3,True,T1,True,0.6842,0.9286,0.65
R00086,0,CLONE_INTERVAL,T2,t2_change_string_literal,ok,1,True,T2,True,1.0,0.8333,0.8333
R00086,1,MUTATION,T2,t2_change_string_literal,ok,3,True,T2,True,1.0,1.0,1.0
R00086,2,UNTOUCHED,T1,none,ok,3,True,T1,True,0.6667,0.3333,0.2857
R00086,3,UNTOUCHED,T1,none,ok,3,True,T1,True,0.6667,0.1538,0.1429
R00087,0,CLONE_INTERVAL,T1,t1_reindent,ok,1,True,T1,True,0.8333,0.0926,0.0909
R00087,1,MUTATION,T1,t1_reindent,ok,1,True,T1,True,0.8333,0.1087,0.1064
R00087,2,UNTOUCHED,T1,none,ok,1,True,T1,True,0.3333,0.0217,0.0208
R00087,3,UNTOUCHED,T1,none,ok,1,True,T1,True,0.6364,0.1522,0.14
R00088,0,CLONE_INTERVAL,T3,t3_insert_statement,ok,1,True,T3,True,0.8947,0.8095,0.7391
R00088,1,MUTATION,T3,t3_insert_statement,ok,4,True,T2,False,1.0,0.5,0.5
R00088,2,UNTOUCHED,T1,none,ok,4,True,T1,True,0.6667,0.6667,0.5
R00088,3,UNTOUCHED,T1,none,ok,4,True,T1,True,0.6667,0.1818,0.1667
R00089,0,CLONE_INTERVAL,T3,t3_wrap_statement,ok,1,True,T3,True,0.8333,0.0568,0.0562
R00089,1,MUTATION,T3,t3_wrap_statement,ok,3,True,T3,True,1.0,1.0,1.0
R00089,2,UNTOUCHED,T1,none,ok,3,False,,False,0.0,0.0,0.0
R00089,3,UNTOUCHED,T1,none,ok,3,True,T1,True,0.5556,0.2632,0.2174
R00090,0,CLONE_INTERVAL,T3,t3_wrap_statement,ok,1,True,T3,True,1.0,0.24,0.24
R00090,1,MUTATION,T3,t3_wrap_statement,ok,3,True,T3,True,1.0,1.0,1.0
R00090,2,UNTOUCHED,T1,none,ok,3,True,T1,True,0.6,0.75,0.5
R00090,3,UNTOUCHED,T1,none,ok,3,True,T1,True,0.5,0.2,0.1667
R00091,0,CLONE_INTERVAL,T2,t2_rename_local,ok,1,True,T2,True,1.0,0.5789,0.5789
R00091,1,MUTATION,T2,t2_rename_local,ok,3,True,T2,True,1.0,1.0,1.0
R00091,2,UNTOUCHED,T1,none,ok,3,True,T1,True,0.8,1.0,0.8
R00091,3,UNTOUCHED,T1,none,ok,3,True,T1,True,0.5,0.3333,0.25
R00092,0,CLONE_INTERVAL,T2,t2_change_int_literal,ok,1,True,T2,True,1.0,0.6667,0.6667
R00092,1,MUTATION,T2,t2_change_int_literal,ok,3,True,T2,True,1.0,1.0,1.0
R00092,2,UNTOUCHED,T1,none,ok,3,True,T1,True,0.6667,0.4,0.3333
R00092,3,UNTOUCHED,T1,none,ok,3,True,T1,True,0.6667,0.5,0.4
R00093,0,CLONE_INTERVAL,T2,t2_rename_local,ok,1,True,T2,True,1.0,0.2609,0.2609
R00093,1,MUTATION,T2,t2_rename_local,ok,3,True,T2,True,1.0,1.0,1.0
R00093,2,UNTOUCHED,T1,none,ok,3,True,T1,True,0.6667,1.0,0.6667
R00093,3,UNTOUCHED,T1,none,ok,3,True,T1,True,0.6875,1.0,0.6875
R00094,0,CLONE_INTERVAL,T2,t2_change_int_literal,ok,1,True,T2,True,0.8333,0.4167,0.3846
R00094,1,MUTATION,T2,t2_change_int_literal,ok,3,True,T2,True,1.0,1.0,1.0
R00094,2,UNTOUCHED,T1,none,ok,3,True,T1,True,0.6667,0.4,0.3333
R00094,3,UNTOUCHED,T1,none,ok,3,True,T1,True,0.8333,0.8333,0.7143
R00095,0,CLONE_INTERVAL,T1,t1_add_blank_line,ok,1,True,T1,True,0.8571,0.125,0.1224
R00095,1,MUTATION,T1,t1_add_blank_line,ok,1,False,,False,0.0,0.0,0.0
R00095,2,UNTOUCHED,T1,none,ok,1,True,T1,True,0.6667,0.0476,0.0465
R00095,3,UNTOUCHED,T1,none,ok,1,True,T1,True,0.75,0.0714,0.0698
R00096,0,CLONE_INTERVAL,T1,t1_reindent,ok,1,True,T1,True,1.0,0.6429,0.6429
R00096,1,MUTATION,T1,t1_reindent,ok,1,True,T1,True,0.6667,0.6,0.4615
R00096,2,UNTOUCHED,T1,none,ok,1,True,T1,True,0.6667,0.2,0.1818
R00096,3,UNTOUCHED,T1,none,ok,1,True,T1,True,0.5,0.2,0.1667
R00097,0,CLONE_INTERVAL,T3,t3_delete_statement,ok,1,False,,False,0.5714,0.1667,0.15
R00097,1,MUTATION,T3,t3_delete_statement,ok,4,True,T2,False,0.5,0.2,0.1667
R00097,2,UNTOUCHED,T1,none,ok,4,True,T1,True,0.5455,0.8571,0.5
R00097,3,UNTOUCHED,T1,none,ok,4,True,T1,True,0.3077,1.0,0.3077
R00098,0,CLONE_INTERVAL,T1,t1_add_eol_comment,ok,1,True,T1,True,0.8571,0.3,0.2857
R00098,1,MUTATION,T1,t1_add_eol_comment,ok,1,True,T1,True,1.0,0.0625,0.0625
R00098,2,UNTOUCHED,T1,none,ok,1,True,T1,True,0.6667,0.125,0.1176
R00098,3,UNTOUCHED,T1,none,ok,1,True,T1,True,0.6923,0.5625,0.45
R00099,0,CLONE_INTERVAL,T1,t1_add_eol_comment,ok,2,True,T1,True,1.0,0.3333,0.3333
R00099,1,MUTATION,T1,t1_add_eol_comment,ok,2,True,T1,True,1.0,0.0667,0.0667
R00099,2,UNTOUCHED,T1,none,ok,2,True,T1,True,0.4,0.1333,0.1111
R00099,3,UNTOUCHED,T1,none,ok,2,True,T1,True,0.5385,0.4667,0.3333
R00100,0,CLONE_INTERVAL,T2,t2_rename_local,ok,1,True,T2,True,1.0,0.26,0.26
R00100,1,MUTATION,T2,t2_rename_local,ok,3,True,T2,True,0.8182,1.0,0.8182
R00100,2,UNTOUCHED,T1,none,ok,3,True,T1,True,0.5,0.6667,0.4
R00100,3,UNTOUCHED,T1,none,ok,3,True,T1,True,0.6667,0.0714,0.069
R00101,0,CLONE_INTERVAL,T1,t1_add_eol_comment,ok,1,True,T1,True,1.0,0.5,0.5
R00101,1,MUTATION,T1,t1_add_eol_comment,ok,1,False,,False,0.0,0.0,0.0
R00101,2,UNTOUCHED,T1,none,ok,1,True,T1,True,0.6667,0.1667,0.1538
R00101,3,UNTOUCHED,T1,none,ok,1,True,T1,True,0.6667,0.3333,0.2857
R00102,0,CLONE_INTERVAL,T2,t2_rename_local,ok,1,True,T2,True,1.0,0.6429,0.6429
R00102,1,MUTATION,T2,t2_rename_local,ok,7,True,T2,True,0.25,1.0,0.25
R00102,2,UNTOUCHED,T1,none,ok,7,True,T1,True,0.75,1.0,0.75
R00102,3,UNTOUCHED,T1,none,ok,7,True,T1,True,0.6667,1.0,0.6667
R00103,0,CLONE_INTERVAL,T2,t2_rename_local,ok,1,True,T2,True,1.0,0.625,0.625
R00103,1,MUTATION,T2,t2_rename_local,ok,3,True,T2,True,1.0,1.0,1.0
R00103,2,UNTOUCHED,T1,none,ok,3,True,T1,True,0.25,0.3333,0.1667
R00103,3,UNTOUCHED,T1,none,ok,3,True,T1,True,0.5,0.75,0.4286
R00104,0,CLONE_INTERVAL,T1,t1_add_eol_comment,ok,1,True,T1,True,1.0,0.6429,0.6429
R00104,1,MUTATION,T1,t1_add_eol_comment,ok,1,True,T1,True,1.0,0.0909,0.0909
R00104,2,UNTOUCHED,T1,none,ok,1,True,T1,True,0.75,0.2727,0.25
R00104,3,UNTOUCHED,T1,none,ok,1,True,T1,True,0.6667,0.1818,0.1667
R00105,0,CLONE_INTERVAL,T2,t2_rename_local,ok,1,True,T2,True,1.0,0.6333,0.6333
R00105,1,MUTATION,T2,t2_rename_local,ok,3,True,T2,True,0.8,1.0,0.8
R00105,2,UNTOUCHED,T1,none,ok,3,True,T1,True,0.75,0.375,0.3333
R00105,3,UNTOUCHED,T1,none,ok,3,True,T1,True,0.6667,0.8571,0.6
R00106,0,CLONE_INTERVAL,T1,t1_add_blank_line,ok,1,True,T1,True,0.8571,0.1053,0.1034
R00106,1,MUTATION,T1,t1_add_blank_line,ok,1,False,,False,0.0,0.0,0.0
R00106,2,UNTOUCHED,T1,none,ok,1,True,T1,True,0.6,0.0652,0.0625
R00106,3,UNTOUCHED,T1,none,ok,1,True,T1,True,0.7,0.1522,0.1429
R00107,0,CLONE_INTERVAL,T3,t3_insert_statement,ok,1,True,T3,True,1.0,0.35,0.35
R00107,1,MUTATION,T3,t3_insert_statement,ok,3,True,T3,True,1.0,1.0,1.0
R00107,2,UNTOUCHED,T1,none,ok,3,True,T1,True,0.8,0.5,0.4444
R00107,3,UNTOUCHED,T1,none,ok,3,True,T1,True,0.6667,1.0,0.6667
R00108,0,CLONE_INTERVAL,T1,t1_reindent,ok,1,True,T1,True,1.0,0.0886,0.0886
R00108,1,MUTATION,T1,t1_reindent,ok,1,True,T1,True,0.7143,0.0806,0.0781
R00108,2,UNTOUCHED,T1,none,ok,1,True,T1,True,0.7143,0.0806,0.0781
R00108,3,UNTOUCHED,T1,none,ok,1,True,T1,True,0.6667,0.129,0.1212
R00109,0,CLONE_INTERVAL,T2,t2_change_string_literal,ok,1,True,T2,True,1.0,0.3333,0.3333
R00109,1,MUTATION,T2,t2_change_string_literal,ok,3,True,T2,True,1.0,1.0,1.0
R00109,2,UNTOUCHED,T1,none,ok,3,True,T1,True,0.6667,0.4,0.3333
R00109,3,UNTOUCHED,T1,none,ok,3,True,T1,True,0.7273,0.8889,0.6667
R00110,0,CLONE_INTERVAL,T2,t2_change_string_literal,ok,1,True,T2,True,1.0,0.3448,0.3448
R00110,1,MUTATION,T2,t2_change_string_literal,ok,3,True,T2,True,1.0,1.0,1.0
R00110,2,UNTOUCHED,T1,none,ok,3,True,T1,True,0.7333,0.9167,0.6875
R00110,3,UNTOUCHED,T1,none,ok,3,True,T1,True,0.6667,0.4444,0.3636
R00111,0,CLONE_INTERVAL,T2,t2_change_string_literal,ok,1,True,T2,True,1.0,0.2609,0.2609
R00111,1,MUTATION,T2,t2_change_string_literal,ok,3,True,T2,True,1.0,1.0,1.0
R00111,2,UNTOUCHED,T1,none,ok,3,True,T1,True,0.6667,1.0,0.6667
R00111,3,UNTOUCHED,T1,none,ok,3,True,T1,True,0.7647,0.7222,0.5909
R00112,0,CLONE_INTERVAL,T1,t1_add_blank_line,ok,1,True,T1,True,1.0,0.4737,0.4737
R00112,1,MUTATION,T1,t1_add_blank_line,ok,1,True,T1,True,1.0,0.0625,0.0625
R00112,2,UNTOUCHED,T1,none,ok,1,True,T1,True,0.6667,0.125,0.1176
R00112,3,UNTOUCHED,T1,none,ok,1,True,T1,True,0.6667,0.375,0.3158
R00113,0,CLONE_INTERVAL,T3,t3_delete_statement,ok,1,True,T3,True,1.0,0.3333,0.3333
R00113,1,MUTATION,T3,t3_delete_statement,ok,3,True,T3,True,1.0,1.0,1.0
R00113,2,UNTOUCHED,T1,none,ok,3,True,T1,True,0.6667,0.3333,0.2857
R00113,3,UNTOUCHED,T1,none,ok,3,True,T1,True,0.6667,1.0,0.6667
R00114,0,CLONE_INTERVAL,T3,t3_insert_statement,ok,1,True,T3,True,1.0,0.6,0.6
R00114,1,MUTATION,T3,t3_insert_statement,ok,3,True,T3,True,1.0,1.0,1.0
R00114,2,UNTOUCHED,T1,none,ok,3,True,T1,True,0.6667,0.6667,0.5
R00114,3,UNTOUCHED,T1,none,ok,3,True,T1,True,0.6667,0.4,0.3333
R00115,0,CLONE_INTERVAL,T3,t3_delete_statement,ok,1,True,T3,True,1.0,0.1613,0.1613
R00115,1,MUTATION,T3,t3_delete_statement,ok,3,True,T3,True,1.0,1.0,1.0
R00115,2,UNTOUCHED,T1,none,ok,3,True,T1,True,0.6667,0.4,0.3333
R00115,3,UNTOUCHED,T1,none,ok,3,True,T1,True,0.72,0.9474,0.6923
R00116,0,CLONE_INTERVAL,T3,t3_insert_statement,ok,1,True,T3,True,1.0,0.6667,0.6667
R00116,1,MUTATION,T3,t3_insert_statement,ok,3,True,T3,True,1.0,1.0,1.0
R00116,2,UNTOUCHED,T1,none,ok,3,True,T1,True,0.6667,0.6667,0.5
R00116,3,UNTOUCHED,T1,none,ok,3,True,T1,True,0.5,0.2727,0.2143
R00117,0,CLONE_INTERVAL,T1,t1_add_eol_comment,ok,1,True,T1,True,1.0,0.2727,0.2727
R00117,1,MUTATION,T1,t1_add_eol_comment,ok,1,False,,False,0.0,0.0,0.0
R00117,2,UNTOUCHED,T1,none,ok,1,True,T1,True,0.6667,0.1176,0.1111
R00117,3,UNTOUCHED,T1,none,ok,1,True,T1,True,0.6667,0.5882,0.4545
R00118,0,CLONE_INTERVAL,T3,t3_insert_statement,ok,1,True,T3,True,1.0,0.3529,0.3529
R00118,1,MUTATION,T3,t3_insert_statement,ok,3,True,T3,True,1.0,1.0,1.0
R00118,2,UNTOUCHED,T1,none,ok,3,True,T1,True,0.6667,0.6667,0.5
R00118,3,UNTOUCHED,T1,none,ok,3,True,T1,True,0.6,0.6,0.4286
R00119,0,CLONE_INTERVAL,T3,t3_delete_statement,ok,1,True,T3,True,1.0,0.4167,0.4167
R00119,1,MUTATION,T3,t3_delete_statement,ok,3,True,T3,True,1.0,1.0,1.0
R00119,2,UNTOUCHED,T1,none,ok,3,True,T1,True,0.6667,0.3333,0.2857
R00119,3,UNTOUCHED,T1,none,ok,3,True,T1,True,0.6667,1.0,0.6667
R00120,0,CLONE_INTERVAL,T1,t1_add_blank_line,ok,1,True,T1,True,0.9333,0.4,0.3889
R00120,1,MUTATION,T1,t1_add_blank_line,ok,1,True,T1,True,1.0,0.0417,0.0417
R00120,2,UNTOUCHED,T1,none,ok,1,True,T1,True,0.5556,0.2083,0.1786
R00120,3,UNTOUCHED,T1,none,ok,1,True,T1,True,0.5,0.375,0.2727
R00121,0,CLONE_INTERVAL,T1,t1_reindent,ok,1,True,T1,True,1.0,0.4483,0.4483
R00121,1,MUTATION,T1,t1_reindent,ok,1,True,T1,True,0.7692,0.4545,0.4
R00121,2,UNTOUCHED,T1,none,ok,1,True,T1,True,0.75,0.1364,0.1304
R00121,3,UNTOUCHED,T1,none,ok,1,True,T1,True,0.6429,0.4091,0.3333
R00122,0,CLONE_INTERVAL,T3,t3_insert_statement,ok,1,True,T3,True,1.0,0.5455,0.5455
R00122,1,MUTATION,T3,t3_insert_statement,ok,3,True,T3,True,1.0,1.0,1.0
R00122,2,UNTOUCHED,T1,none,ok,3,True,T1,True,0.6667,0.2857,0.25
R00122,3,UNTOUCHED,T1,none,ok,3,True,T1,True,0.6667,1.0,0.6667
R00123,0,CLONE_INTERVAL,T2,t2_change_int_literal,ok,1,True,T2,True,1.0,0.3182,0.3182
R00123,1,MUTATION,T2,t2_change_int_literal,ok,3,True,T2,True,1.0,1.0,1.0
R00123,2,UNTOUCHED,T1,none,ok,3,True,T1,True,0.5,0.6,0.375
R00123,3,UNTOUCHED,T1,none,ok,3,True,T1,True,0.5385,0.7,0.4375
R00124,0,CLONE_INTERVAL,T1,t1_add_block_comment,ok,1,True,T1,True,0.9333,0.5185,0.5
R00124,1,MUTATION,T1,t1_add_block_comment,ok,1,False,,False,0.0,0.0,0.0
R00124,2,UNTOUCHED,T1,none,ok,1,True,T1,True,0.8333,0.2273,0.2174
R00124,3,UNTOUCHED,T1,none,ok,1,True,T1,True,0.6667,0.2727,0.24
R00125,0,CLONE_INTERVAL,T1,t1_add_eol_comment,ok,1,True,T1,True,1.0,0.4615,0.4615
R00125,1,MUTATION,T1,t1_add_eol_comment,ok,1,True,T1,True,1.0,0.1,0.1
R00125,2,UNTOUCHED,T1,none,ok,1,True,T1,True,0.3333,0.1,0.0833
R00125,3,UNTOUCHED,T1,none,ok,1,True,T1,True,0.5714,0.4,0.3077
R00126,0,CLONE_INTERVAL,T1,t1_add_block_comment,ok,1,True,T1,True,0.75,0.6,0.5
R00126,1,MUTATION,T1,t1_add_block_comment,ok,1,False,,False,0.0,0.0,0.0
R00126,2,UNTOUCHED,T1,none,ok,1,True,T1,True,0.75,0.3,0.2727
R00126,3,UNTOUCHED,T1,none,ok,1,True,T1,True,0.3333,0.1,0.0833
R00127,0,CLONE_INTERVAL,T3,t3_delete_statement,ok,1,True,T3,True,0.8,0.1379,0.1333
R00127,1,MUTATION,T3,t3_delete_statement,ok,3,True,T3,True,1.0,1.0,1.0
R00127,2,UNTOUCHED,T1,none,ok,3,True,T1,True,0.75,0.5,0.4286
R00127,3,UNTOUCHED,T1,none,ok,3,True,T1,True,0.7143,0.2941,0.2632
R00128,0,CLONE_INTERVAL,T3,t3_insert_statement,ok,1,True,T3,True,1.0,0.1818,0.1818
R00128,1,MUTATION,T3,t3_insert_statement,ok,3,True,T3,True,1.0,1.0,1.0
R00128,2,UNTOUCHED,T1,none,ok,3,True,T1,True,0.7143,0.3571,0.3125
R00128,3,UNTOUCHED,T1,none,ok,3,True,T1,True,0.8,0.1081,0.1053
R00129,0,CLONE_INTERVAL,T1,t1_add_blank_line,ok,1,True,T1,True,0.8571,0.0571,0.0566
R00129,1,MUTATION,T1,t1_add_blank_line,ok,1,False,,False,0.0,0.0,0.0
R00129,2,UNTOUCHED,T1,none,ok,1,True,T1,True,0.6,0.0345,0.0337
R00129,3,UNTOUCHED,T1,none,ok,1,True,T1,True,0.7,0.0805,0.0778
R00130,0,CLONE_INTERVAL,T2,t2_rename_local,ok,1,True,T2,True,1.0,0.4737,0.4737
R00130,1,MUTATION,T2,t2_rename_local,ok,3,True,T2,True,1.0,1.0,1.0
R00130,2,UNTOUCHED,T1,none,ok,3,True,T1,True,0.8333,1.0,0.8333
R00130,3,UNTOUCHED,T1,none,ok,3,True,T1,True,0.5,0.6,0.375
R00131,0,CLONE_INTERVAL,T2,t2_rename_local,ok,1,True,T2,True,1.0,0.4615,0.4615
R00131,1,MUTATION,T2,t2_rename_local,ok,3,True,T2,True,1.0,1.0,1.0
R00131,2,UNTOUCHED,T1,none,ok,3,True,T1,True,0.6667,1.0,0.6667
R00131,3,UNTOUCHED,T1,none,ok,3,True,T1,True,0.6667,0.5,0.4
R00132,0,CLONE_INTERVAL,T3,t3_insert_statement,ok,1,True,T3,True,1.0,0.4,0.4
R00132,1,MUTATION,T3,t3_insert_statement,ok,3,True,T3,True,1.0,1.0,1.0
R00132,2,UNTOUCHED,T1,none,ok,3,True,T1,True,0.3333,0.5,0.25
R00132,3,UNTOUCHED,T1,none,ok,3,True,T1,True,0.6,0.6,0.4286
R00133,0,CLONE_INTERVAL,T1,t1_add_block_comment,ok,7,True,T1,True,1.0,0.2286,0.2286
R00133,1,MUTATION,T1,t1_add_block_comment,ok,7,True,T1,True,1.0,0.0357,0.0357
R00133,2,UNTOUCHED,T1,none,ok,7,True,T1,True,0.7619,0.5714,0.4848
R00133,3,UNTOUCHED,T1,none,ok,7,True,T1,True,0.75,0.2143,0.2
R00134,0,CLONE_INTERVAL,T1,t1_add_eol_comment,ok,1,True,T1,True,1.0,0.2857,0.2857
R00134,1,MUTATION,T1,t1_add_eol_comment,ok,1,False,,False,0.0,0.0,0.0
R00134,2,UNTOUCHED,T1,none,ok,1,True,T1,True,0.6667,0.125,0.1176
R00134,3,UNTOUCHED,T1,none,ok,1,True,T1,True,0.6429,0.5625,0.4286
R00135,0,CLONE_INTERVAL,T3,t3_insert_statement,ok,1,True,T3,True,1.0,0.2917,0.2917
R00135,1,MUTATION,T3,t3_insert_statement,ok,3,True,T3,True,1.0,1.0,1.0
R00135,2,UNTOUCHED,T1,none,ok,3,True,T1,True,0.8,0.4,0.3636
R00135,3,UNTOUCHED,T1,none,ok,3,True,T1,True,0.6154,1.0,0.6154
R00136,0,CLONE_INTERVAL,T1,t1_reindent,ok,1,True,T1,True,1.0,0.5333,0.5333
R00136,1,MUTATION,T1,t1_reindent,ok,1,True,T1,True,0.875,0.5385,0.5
R00136,2,UNTOUCHED,T1,none,ok,1,True,T1,True,0.3333,0.0769,0.0667
R00136,3,UNTOUCHED,T1,none,ok,1,True,T1,True,0.7143,0.3846,0.3333
R00137,0,CLONE_INTERVAL,T2,t2_change_int_literal,ok,1,True,T2,True,1.0,0.4118,0.4118
R00137,1,MUTATION,T2,t2_change_int_literal,ok,3,True,T2,True,1.0,1.0,1.0
R00137,2,UNTOUCHED,T1,none,ok,3,True,T1,True,0.7778,0.875,0.7
R00137,3,UNTOUCHED,T1,none,ok,3,True,T1,True,0.6667,0.4,0.3333
R00138,0,CLONE_INTERVAL,T3,t3_wrap_statement,ok,1,True,T3,True,1.0,0.4348,0.4348
R00138,1,MUTATION,T3,t3_wrap_statement,ok,3,True,T3,True,1.0,1.0,1.0
R00138,2,UNTOUCHED,T1,none,ok,3,True,T1,True,0.75,0.6,0.5
R00138,3,UNTOUCHED,T1,none,ok,3,True,T1,True,0.7273,0.5333,0.4444
R00139,0,CLONE_INTERVAL,T1,t1_reindent,ok,1,True,T1,True,1.0,0.7368,0.7368
R00139,1,MUTATION,T1,t1_reindent,ok,1,True,T1,True,0.7857,0.6875,0.5789
R00139,2,UNTOUCHED,T1,none,ok,1,True,T1,True,0.6667,0.125,0.1176
R00139,3,UNTOUCHED,T1,none,ok,1,True,T1,True,0.6667,0.125,0.1176
R00140,0,CLONE_INTERVAL,T2,t2_change_string_literal,ok,1,True,T2,True,1.0,0.6,0.6
R00140,1,MUTATION,T2,t2_change_string_literal,ok,3,True,T2,True,1.0,1.0,1.0
R00140,2,UNTOUCHED,T1,none,ok,3,True,T1,True,0.6667,0.4,0.3333
R00140,3,UNTOUCHED,T1,none,ok,3,True,T1,True,0.6667,0.6667,0.5
R00141,0,CLONE_INTERVAL,T2,t2_change_int_literal,ok,1,True,T2,True,1.0,0.2222,0.2222
R00141,1,MUTATION,T2,t2_change_int_literal,ok,3,True,T2,True,1.0,1.0,1.0
R00141,2,UNTOUCHED,T1,none,ok,3,True,T1,True,0.75,1.0,0.75
R00141,3,UNTOUCHED,T1,none,ok,3,True,T1,True,0.6667,0.7692,0.5556
R00142,0,CLONE_INTERVAL,T1,t1_add_blank_line,ok,1,True,T1,True,0.8571,0.3158,0.3
R00142,1,MUTATION,T1,t1_add_blank_line,ok,1,False,,False,0.0,0.0,0.0
R00142,2,UNTOUCHED,T1,none,ok,1,True,T1,True,0.75,0.2,0.1875
R00142,3,UNTOUCHED,T1,none,ok,1,True,T1,True,0.5455,0.4,0.3
R00143,0,CLONE_INTERVAL,T3,t3_wrap_statement,ok,1,True,T3,True,1.0,0.625,0.625
R00143,1,MUTATION,T3,t3_wrap_statement,ok,5,True,T3,True,1.0,1.0,1.0
R00143,2,UNTOUCHED,T1,none,ok,5,True,T1,True,0.6667,0.3333,0.2857
R00143,3,UNTOUCHED,T1,none,ok,5,True,T1,True,0.5,0.75,0.4286
R00144,0,CLONE_INTERVAL,T3,t3_wrap_statement,ok,1,True,T3,True,1.0,0.5455,0.5455
R00144,1,MUTATION,T3,t3_wrap_statement,ok,3,True,T3,True,1.0,1.0,1.0
R00144,2,UNTOUCHED,T1,none,ok,3,True,T1,True,0.6667,0.6667,0.5
R00144,3,UNTOUCHED,T1,none,ok,3,True,T1,True,0.6667,0.4615,0.375
R00145,0,CLONE_INTERVAL,T2,t2_change_string_literal,ok,1,True,T2,True,1.0,0.6,0.6
R00145,1,MUTATION,T2,t2_change_string_literal,ok,3,True,T2,True,1.0,1.0,1.0
R00145,2,UNTOUCHED,T1,none,ok,3,True,T1,True,0.6667,1.0,0.6667
R00145,3,UNTOUCHED,T1,none,ok,3,True,T1,True,0.6667,0.3333,0.2857
R00146,0,CLONE_INTERVAL,T2,t2_change_string_literal,ok,1,True,T2,True,1.0,0.2143,0.2143
R00146,1,MUTATION,T2,t2_change_string_literal,ok,3,True,T2,True,1.0,1.0,1.0
R00146,2,UNTOUCHED,T1,none,ok,3,True,T1,True,0.6667,1.0,0.6667
R00146,3,UNTOUCHED,T1,none,ok,3,True,T1,True,0.6667,0.1053,0.1
R00147,0,CLONE_INTERVAL,T2,t2_change_int_literal,ok,1,True,T2,True,0.75,0.2308,0.2143
R00147,1,MUTATION,T2,t2_change_int_literal,ok,3,True,T2,True,1.0,1.0,1.0
R00147,2,UNTOUCHED,T1,none,ok,3,True,T1,True,0.6,0.2,0.1765
R00147,3,UNTOUCHED,T1,none,ok,3,True,T1,True,0.5,0.375,0.2727
R00148,0,CLONE_INTERVAL,T3,t3_delete_statement,ok,1,True,T3,True,1.0,0.6552,0.6552
R00148,1,MUTATION,T3,t3_delete_statement,ok,3,True,T3,True,1.0,1.0,1.0
R00148,2,UNTOUCHED,T1,none,ok,3,True,T1,True,0.75,0.75,0.6
R00148,3,UNTOUCHED,T1,none,ok,3,True,T1,True,0.625,0.2941,0.25
R00149,0,CLONE_INTERVAL,T2,t2_change_int_literal,ok,1,True,T2,True,0.9474,0.72,0.6923
R00149,1,MUTATION,T2,t2_change_int_literal,ok,3,True,T2,True,1.0,1.0,1.0
R00149,2,UNTOUCHED,T1,none,ok,3,True,T1,True,0.6667,0.3333,0.2857
R00149,3,UNTOUCHED,T1,none,ok,3,True,T1,True,0.6667,0.1429,0.1333
R00150,0,CLONE_INTERVAL,T1,t1_add_blank_line,ok,1,True,T1,True,0.9286,0.619,0.5909
R00150,1,MUTATION,T1,t1_add_blank_line,ok,1,False,,False,0.0,0.0,0.0
R00150,2,UNTOUCHED,T1,none,ok,1,True,T1,True,0.8,0.25,0.2353
R00150,3,UNTOUCHED,T1,none,ok,1,True,T1,True,0.6,0.1875,0.1667
R00151,0,CLONE_INTERVAL,T3,t3_insert_statement,ok,1,True,T3,True,1.0,0.3889,0.3889
R00151,1,MUTATION,T3,t3_insert_statement,ok,3,True,T3,True,1.0,1.0,1.0
R00151,2,UNTOUCHED,T1,none,ok,3,True,T1,True,0.75,0.5,0.4286
R00151,3,UNTOUCHED,T1,none,ok,3,True,T1,True,0.6,0.75,0.5
R00152,0,CLONE_INTERVAL,T1,t1_reindent,ok,1,True,T1,True,1.0,0.6,0.6
R00152,1,MUTATION,T1,t1_reindent,ok,1,True,T1,True,1.0,0.6,0.6
R00152,2,UNTOUCHED,T1,none,ok,1,True,T1,True,0.6667,0.2,0.1818
R00152,3,UNTOUCHED,T1,none,ok,1,True,T1,True,0.6667,0.2,0.1818
R00153,0,CLONE_INTERVAL,T3,t3_wrap_statement,ok,1,True,T3,True,1.0,0.6087,0.6087
R00153,1,MUTATION,T3,t3_wrap_statement,ok,5,True,T3,True,1.0,1.0,1.0
R00153,2,UNTOUCHED,T1,none,ok,5,True,T1,True,0.6667,0.2857,0.25
R00153,3,UNTOUCHED,T1,none,ok,5,True,T1,True,0.625,0.8333,0.5556
R00154,0,CLONE_INTERVAL,T1,t1_add_block_comment,ok,1,True,T1,True,1.0,0.5333,0.5333
R00154,1,MUTATION,T1,t1_add_block_comment,ok,1,False,,False,0.0,0.0,0.0
R00154,2,UNTOUCHED,T1,none,ok,1,True,T1,True,0.8,0.3077,0.2857
R00154,3,UNTOUCHED,T1,none,ok,1,True,T1,True,0.5,0.1538,0.1333
R00155,0,CLONE_INTERVAL,T1,t1_add_blank_line,ok,1,True,T1,True,1.0,0.5152,0.5152
R00155,1,MUTATION,T1,t1_add_blank_line,ok,1,False,,False,0.0,0.0,0.0
R00155,2,UNTOUCHED,T1,none,ok,1,True,T1,True,0.7778,0.28,0.2593
R00155,3,UNTOUCHED,T1,none,ok,1,True,T1,True,0.5556,0.2,0.1724
R00156,0,CLONE_INTERVAL,T3,t3_delete_statement,ok,1,True,T1,False,0.875,0.3889,0.3684
R00156,1,MUTATION,T3,t3_delete_statement,ok,1,False,,False,0.0,0.0,0.0
R00156,2,UNTOUCHED,T1,none,ok,1,False,,False,0.0,0.0,0.0
R00156,3,UNTOUCHED,T1,none,ok,1,True,T1,True,0.8333,0.6667,0.5882
R00157,0,CLONE_INTERVAL,T2,t2_change_string_literal,ok,1,True,T2,True,0.75,0.4,0.3529
R00157,1,MUTATION,T2,t2_change_string_literal,ok,3,True,T2,True,1.0,1.0,1.0
R00157,2,UNTOUCHED,T1,none,ok,3,True,T1,True,0.7,0.875,0.6364
R00157,3,UNTOUCHED,T1,none,ok,3,True,T1,True,0.4,0.3333,0.2222
R00158,0,CLONE_INTERVAL,T1,t1_reindent,ok,1,True,T1,True,0.75,0.3529,0.3158
R00158,1,MUTATION,T1,t1_reindent,ok,1,True,T1,True,0.75,0.375,0.3333
R00158,2,UNTOUCHED,T1,none,ok,1,True,T1,True,0.5,0.125,0.1111
R00158,3,UNTOUCHED,T1,none,ok,1,True,T1,True,0.3333,0.0625,0.0556
R00159,0,CLONE_INTERVAL,T1,t1_add_blank_line,ok,1,True,T1,True,1.0,0.6,0.6
R00159,1,MUTATION,T1,t1_add_blank_line,ok,1,False,,False,0.0,0.0,0.0
R00159,2,UNTOUCHED,T1,none,ok,1,True,T1,True,0.6667,0.2222,0.2
R00159,3,UNTOUCHED,T1,none,ok,1,True,T1,True,0.6667,0.2222,0.2
R00160,0,CLONE_INTERVAL,T2,t2_change_int_literal,ok,1,True,T2,True,1.0,0.5,0.5
R00160,1,MUTATION,T2,t2_change_int_literal,ok,3,True,T2,True,1.0,1.0,1.0
R00160,2,UNTOUCHED,T1,none,ok,3,True,T1,True,0.6667,0.6667,0.5
R00160,3,UNTOUCHED,T1,none,ok,3,True,T1,True,0.5,0.4286,0.3
R00161,0,CLONE_INTERVAL,T3,t3_insert_statement,ok,1,True,T3,True,1.0,0.5,0.5
R00161,1,MUTATION,T3,t3_insert_statement,ok,3,True,T3,True,1.0,1.0,1.0
R00161,2,UNTOUCHED,T1,none,ok,3,True,T1,True,0.6667,0.2222,0.2
R00161,3,UNTOUCHED,T1,none,ok,3,True,T1,True,0.5,1.0,0.5
R00162,0,CLONE_INTERVAL,T2,t2_change_string_literal,ok,1,True,T2,True,0.875,0.7,0.6364
R00162,1,MUTATION,T2,t2_change_string_literal,ok,3,True,T2,True,1.0,1.0,1.0
R00162,2,UNTOUCHED,T1,none,ok,3,True,T1,True,0.3333,0.25,0.1667
R00162,3,UNTOUCHED,T1,none,ok,3,True,T1,True,0.6667,0.5,0.4
R00163,0,CLONE_INTERVAL,T2,t2_change_string_literal,ok,1,True,T2,True,1.0,0.6364,0.6364
R00163,1,MUTATION,T2,t2_change_string_literal,ok,3,True,T2,True,1.0,1.0,1.0
R00163,2,UNTOUCHED,T1,none,ok,3,True,T1,True,0.8333,1.0,0.8333
R00163,3,UNTOUCHED,T1,none,ok,3,True,T1,True,0.6667,0.1667,0.1538
R00164,0,CLONE_INTERVAL,T3,t3_wrap_statement,ok,1,True,T3,True,1.0,0.4211,0.4211
R00164,1,MUTATION,T3,t3_wrap_statement,ok,3,True,T3,True,1.0,1.0,1.0
R00164,2,UNTOUCHED,T1,none,ok,3,True,T1,True,0.8,1.0,0.8
R00164,3,UNTOUCHED,T1,none,ok,3,True,T1,True,0.7368,0.5,0.4242
R00165,0,CLONE_INTERVAL,T3,t3_insert_statement,ok,2,True,T3,True,1.0,0.2308,0.2308
R00165,1,MUTATION,T3,t3_insert_statement,ok,4,True,T3,True,1.0,1.0,1.0
R00165,2,UNTOUCHED,T1,none,ok,4,True,T1,True,0.6667,0.2857,0.25
R00165,3,UNTOUCHED,T1,none,ok,4,True,T1,True,0.5,0.25,0.2
R00166,0,CLONE_INTERVAL,T1,t1_add_block_comment,ok,1,True,T1,True,0.8667,0.52,0.4815
R00166,1,MUTATION,T1,t1_add_block_comment,ok,1,False,,False,0.0,0.0,0.0
R00166,2,UNTOUCHED,T1,none,ok,1,True,T1,True,0.75,0.3158,0.2857
R00166,3,UNTOUCHED,T1,none,ok,1,True,T1,True,0.5,0.2105,0.1739
R00167,0,CLONE_INTERVAL,T1,t1_add_block_comment,ok,1,True,T1,True,1.0,0.6,0.6
R00167,1,MUTATION,T1,t1_add_block_comment,ok,1,True,T1,True,1.0,0.0714,0.0714
R00167,2,UNTOUCHED,T1,none,ok,1,True,T1,True,0.5,0.1429,0.125
R00167,3,UNTOUCHED,T1,none,ok,1,True,T1,True,0.6667,0.2857,0.25
R00168,0,CLONE_INTERVAL,T3,t3_wrap_statement,ok,2,True,T3,True,1.0,0.4286,0.4286
R00168,1,MUTATION,T3,t3_wrap_statement,ok,8,True,T3,True,1.0,1.0,1.0
R00168,2,UNTOUCHED,T1,none,ok,8,True,T1,True,0.6667,0.5,0.4
R00168,3,UNTOUCHED,T1,none,ok,8,True,T1,True,0.6667,0.1538,0.1429
R00169,0,CLONE_INTERVAL,T3,t3_wrap_statement,ok,1,True,T3,True,1.0,0.4444,0.4444
R00169,1,MUTATION,T3,t3_wrap_statement,ok,3,True,T3,True,1.0,1.0,1.0
R00169,2,UNTOUCHED,T1,none,ok,3,True,T1,True,0.6667,0.4,0.3333
R00169,3,UNTOUCHED,T1,none,ok,3,True,T1,True,0.1923,0.5556,0.1667
R00170,0,CLONE_INTERVAL,T1,t1_add_eol_comment,ok,3,True,T1,True,1.0,0.6364,0.6364
R00170,1,MUTATION,T1,t1_add_eol_comment,ok,3,True,T1,True,1.0,0.0588,0.0588
R00170,2,UNTOUCHED,T1,none,ok,3,True,T1,True,0.6667,0.1176,0.1111
R00170,3,UNTOUCHED,T1,none,ok,3,True,T1,True,0.5,0.1176,0.1053
R00171,0,CLONE_INTERVAL,T1,t1_add_blank_line,ok,1,True,T1,True,1.0,0.6429,0.6429
R00171,1,MUTATION,T1,t1_add_blank_line,ok,1,True,T1,True,1.0,0.0769,0.0769
R00171,2,UNTOUCHED,T1,none,ok,1,True,T1,True,0.75,0.2308,0.2143
R00171,3,UNTOUCHED,T1,none,ok,1,True,T1,True,0.6667,0.1538,0.1429
R00172,0,CLONE_INTERVAL,T2,t2_rename_local,ok,1,True,T2,True,1.0,0.5789,0.5789
R00172,1,MUTATION,T2,t2_rename_local,ok,3,True,T2,True,1.0,1.0,1.0
R00172,2,UNTOUCHED,T1,none,ok,3,True,T1,True,0.8,1.0,0.8
R00172,3,UNTOUCHED,T1,none,ok,3,True,T1,True,0.8,0.5,0.4444
R00173,0,CLONE_INTERVAL,T2,t2_change_string_literal,ok,1,True,T2,True,1.0,0.6875,0.6875
R00173,1,MUTATION,T2,t2_change_string_literal,ok,3,True,T2,True,1.0,1.0,1.0
R00173,2,UNTOUCHED,T1,none,ok,3,True,T1,True,0.75,0.6,0.5
R00173,3,UNTOUCHED,T1,none,ok,3,True,T1,True,0.6667,0.2857,0.25
R00174,0,CLONE_INTERVAL,T3,t3_wrap_statement,ok,1,True,T3,True,1.0,0.3684,0.3684
R00174,1,MUTATION,T3,t3_wrap_statement,ok,3,True,T3,True,1.0,1.0,1.0
R00174,2,UNTOUCHED,T1,none,ok,3,True,T1,True,0.75,0.75,0.6
R00174,3,UNTOUCHED,T1,none,ok,3,True,T1,True,0.7,0.6364,0.5
R00175,0,CLONE_INTERVAL,T3,t3_insert_statement,ok,1,True,T3,True,1.0,0.619,0.619
R00175,1,MUTATION,T3,t3_insert_statement,ok,3,True,T3,True,1.0,1.0,1.0
R00175,2,UNTOUCHED,T1,none,ok,3,True,T1,True,0.6667,0.1818,0.1667
R00175,3,UNTOUCHED,T1,none,ok,3,True,T1,True,0.5,0.5,0.3333
R00176,0,CLONE_INTERVAL,T1,t1_reindent,ok,1,True,T1,True,1.0,0.7407,0.7407
R00176,1,MUTATION,T1,t1_reindent,ok,1,True,T1,True,0.7,0.7,0.5385
R00176,2,UNTOUCHED,T1,none,ok,1,True,T1,True,0.75,0.15,0.1429
R00176,3,UNTOUCHED,T1,none,ok,1,True,T1,True,0.6,0.15,0.1364
R00177,0,CLONE_INTERVAL,T3,t3_insert_statement,ok,1,True,T3,True,1.0,0.6429,0.6429
R00177,1,MUTATION,T3,t3_insert_statement,ok,3,True,T3,True,1.0,1.0,1.0
R00177,2,UNTOUCHED,T1,none,ok,3,True,T1,True,0.6667,0.25,0.2222
R00177,3,UNTOUCHED,T1,none,ok,3,True,T1,True,0.6667,1.0,0.6667
R00178,0,CLONE_INTERVAL,T3,t3_delete_statement,ok,1,True,T3,True,1.0,0.3125,0.3125
R00178,1,MUTATION,T3,t3_delete_statement,ok,4,True,T2,False,1.0,1.0,1.0
R00178,2,UNTOUCHED,T1,none,ok,4,True,T1,True,0.8333,0.625,0.5556
R00178,3,UNTOUCHED,T1,none,ok,4,True,T1,True,0.5714,0.8,0.5
R00179,0,CLONE_INTERVAL,T3,t3_delete_statement,ok,1,True,T3,True,1.0,0.5789,0.5789
R00179,1,MUTATION,T3,t3_delete_statement,ok,3,True,T3,True,1.0,1.0,1.0
R00179,2,UNTOUCHED,T1,none,ok,3,True,T1,True,0.75,1.0,0.75
R00179,3,UNTOUCHED,T1,none,ok,3,True,T1,True,0.6667,0.2,0.1818
R00180,0,CLONE_INTERVAL,T1,t1_reindent,ok,1,True,T1,True,1.0,0.6875,0.6875
R00180,1,MUTATION,T1,t1_reindent,ok,1,True,T1,True,0.7273,0.6667,0.5333
R00180,2,UNTOUCHED,T1,none,ok,1,True,T1,True,0.6667,0.1667,0.1538
R00180,3,UNTOUCHED,T1,none,ok,1,True,T1,True,0.5,0.1667,0.1429
R00181,0,CLONE_INTERVAL,T3,t3_wrap_statement,ok,2,True,T3,True,1.0,0.4615,0.4615
R00181,1,MUTATION,T3,t3_wrap_statement,ok,6,True,T3,True,1.0,1.0,1.0
R00181,2,UNTOUCHED,T1,none,ok,6,True,T1,True,0.5455,0.8571,0.5
R00181,3,UNTOUCHED,T1,none,ok,6,True,T1,True,0.6667,0.75,0.5455
R00182,0,CLONE_INTERVAL,T1,t1_reindent,ok,1,True,T1,True,1.0,0.75,0.75
R00182,1,MUTATION,T1,t1_reindent,ok,1,True,T1,True,0.8,0.75,0.6316
R00182,2,UNTOUCHED,T1,none,ok,1,True,T1,True,0.6667,0.125,0.1176
R00182,3,UNTOUCHED,T1,none,ok,1,True,T1,True,0.5,0.125,0.1111
R00183,0,CLONE_INTERVAL,T1,t1_add_blank_line,ok,1,True,T1,True,1.0,0.6875,0.6875
R00183,1,MUTATION,T1,t1_add_blank_line,ok,1,False,,False,0.0,0.0,0.0
R00183,2,UNTOUCHED,T1,none,ok,1,True,T1,True,0.6667,0.1667,0.1538
R00183,3,UNTOUCHED,T1,none,ok,1,True,T1,True,0.5,0.1667,0.1429
R00184,0,CLONE_INTERVAL,T1,t1_add_block_comment,ok,1,True,T1,True,1.0,0.4737,0.4737
R00184,1,MUTATION,T1,t1_add_block_comment,ok,1,False,,False,0.0,0.0,0.0
R00184,2,UNTOUCHED,T1,none,ok,1,True,T1,True,0.8,0.2667,0.25
R00184,3,UNTOUCHED,T1,none,ok,1,True,T1,True,0.5714,0.2667,0.2222
R00185,0,CLONE_INTERVAL,T3,t3_wrap_statement,ok,1,True,T3,True,1.0,0.2895,0.2895
R00185,1,MUTATION,T3,t3_wrap_statement,ok,3,True,T3,True,1.0,1.0,1.0
R00185,2,UNTOUCHED,T1,none,ok,3,True,T1,True,0.8333,0.7143,0.625
R00185,3,UNTOUCHED,T1,none,ok,3,True,T1,True,0.6087,0.6667,0.4667
R00186,0,CLONE_INTERVAL,T2,t2_change_int_literal,ok,1,True,T2,True,1.0,0.3333,0.3333
R00186,1,MUTATION,T2,t2_change_int_literal,ok,3,True,T2,True,1.0,1.0,1.0
R00186,2,UNTOUCHED,T1,none,ok,3,True,T1,True,0.5556,0.7143,0.4545
R00186,3,UNTOUCHED,T1,none,ok,3,True,T1,True,0.5833,0.7,0.4667
R00187,0,CLONE_INTERVAL,T3,t3_wrap_statement,ok,1,True,T3,True,1.0,0.375,0.375
R00187,1,MUTATION,T3,t3_wrap_statement,ok,3,True,T3,True,1.0,1.0,1.0
R00187,2,UNTOUCHED,T1,none,ok,3,True,T1,True,0.6667,0.5,0.4
R00187,3,UNTOUCHED,T1,none,ok,3,True,T1,True,0.625,0.5556,0.4167
R00188,0,CLONE_INTERVAL,T1,t1_add_eol_comment,ok,1,True,T1,True,1.0,0.2222,0.2222
R00188,1,MUTATION,T1,t1_add_eol_comment,ok,1,True,T1,True,1.0,0.0435,0.0435
R00188,2,UNTOUCHED,T1,none,ok,1,True,T1,True,0.6667,0.087,0.0833
R00188,3,UNTOUCHED,T1,none,ok,1,True,T1,True,0.75,0.6522,0.5357
R00189,0,CLONE_INTERVAL,T1,t1_add_block_comment,ok,1,True,T1,True,1.0,0.3846,0.3846
R00189,1,MUTATION,T1,t1_add_block_comment,ok,1,True,T1,True,1.0,0.0476,0.0476
R00189,2,UNTOUCHED,T1,none,ok,1,True,T1,True,0.7333,0.5238,0.44
R00189,3,UNTOUCHED,T1,none,ok,1,True,T1,True,0.6667,0.0952,0.0909
R00190,0,CLONE_INTERVAL,T3,t3_insert_statement,ok,1,True,T3,True,1.0,0.4667,0.4667
R00190,1,MUTATION,T3,t3_insert_statement,ok,3,True,T3,True,1.0,1.0,1.0
R00190,2,UNTOUCHED,T1,none,ok,3,True,T1,True,0.6667,0.6667,0.5
R00190,3,UNTOUCHED,T1,none,ok,3,True,T1,True,0.5714,0.5,0.3636
R00191,0,CLONE_INTERVAL,T3,t3_wrap_statement,ok,1,True,T3,True,1.0,0.6364,0.6364
R00191,1,MUTATION,T3,t3_wrap_statement,ok,3,True,T3,True,1.0,1.0,1.0
R00191,2,UNTOUCHED,T1,none,ok,3,True,T1,True,0.8,0.6667,0.5714
R00191,3,UNTOUCHED,T1,none,ok,3,True,T1,True,0.6,0.2727,0.2308
R00192,0,CLONE_INTERVAL,T2,t2_change_string_literal,ok,1,True,T2,True,1.0,0.7,0.7
R00192,1,MUTATION,T2,t2_change_string_literal,ok,3,True,T2,True,1.0,1.0,1.0
R00192,2,UNTOUCHED,T1,none,ok,3,True,T1,True,0.5,0.3333,0.25
R00192,3,UNTOUCHED,T1,none,ok,3,True,T1,True,0.3333,0.5,0.25
R00193,0,CLONE_INTERVAL,T2,t2_rename_local,ok,1,True,T2,True,1.0,0.375,0.375
R00193,1,MUTATION,T2,t2_rename_local,ok,3,True,T2,True,1.0,1.0,1.0
R00193,2,UNTOUCHED,T1,none,ok,3,True,T1,True,0.6667,0.6667,0.5
R00193,3,UNTOUCHED,T1,none,ok,3,True,T1,True,0.6667,0.8571,0.6
R00194,0,CLONE_INTERVAL,T1,t1_add_blank_line,ok,1,True,T1,True,0.875,0.2,0.1944
R00194,1,MUTATION,T1,t1_add_blank_line,ok,1,True,T1,True,1.0,0.0357,0.0357
R00194,2,UNTOUCHED,T1,none,ok,1,True,T1,True,0.8571,0.2143,0.2069
R00194,3,UNTOUCHED,T1,none,ok,1,True,T1,True,0.6957,0.5714,0.4571
R00195,0,CLONE_INTERVAL,T1,t1_add_block_comment,ok,1,True,T1,True,1.0,0.1404,0.1404
R00195,1,MUTATION,T1,t1_add_block_comment,ok,1,False,,False,0.0,0.0,0.0
R00195,2,UNTOUCHED,T1,none,ok,1,True,T1,True,0.6667,0.0889,0.0851
R00195,3,UNTOUCHED,T1,none,ok,1,True,T1,True,0.6667,0.1778,0.1633
R00196,0,CLONE_INTERVAL,T2,t2_rename_local,ok,1,True,T2,True,1.0,0.65,0.65
R00196,1,MUTATION,T2,t2_rename_local,ok,7,True,T1,False,0.25,1.0,0.25
R00196,2,UNTOUCHED,T1,none,ok,7,True,T1,True,0.6667,1.0,0.6667
R00196,3,UNTOUCHED,T1,none,ok,7,True,T1,True,0.5,0.75,0.4286
R00197,0,CLONE_INTERVAL,T3,t3_insert_statement,ok,1,True,T3,True,0.8571,0.5,0.4615
R00197,1,MUTATION,T3,t3_insert_statement,ok,3,True,T3,True,1.0,1.0,1.0
R00197,2,UNTOUCHED,T1,none,ok,3,True,T1,True,0.6667,0.5,0.4
R00197,3,UNTOUCHED,T1,none,ok,3,True,T1,True,0.5714,0.5,0.3636
R00198,0,CLONE_INTERVAL,T1,t1_add_eol_comment,ok,1,True,T1,True,1.0,0.5,0.5
R00198,1,MUTATION,T1,t1_add_eol_comment,ok,1,True,T1,True,1.0,0.1,0.1
R00198,2,UNTOUCHED,T1,none,ok,1,True,T1,True,0.6667,0.2,0.1818
R00198,3,UNTOUCHED,T1,none,ok,1,True,T1,True,0.5,0.3,0.2308
R00199,0,CLONE_INTERVAL,T2,t2_change_string_literal,ok,1,True,T2,True,1.0,0.3,0.3
R00199,1,MUTATION,T2,t2_change_string_literal,ok,3,True,T2,True,1.0,1.0,1.0
R00199,2,UNTOUCHED,T1,none,ok,3,True,T1,True,0.75,1.0,0.75
R00199,3,UNTOUCHED,T1,none,ok,3,True,T1,True,0.5833,0.6364,0.4375
R00200,0,CLONE_INTERVAL,T1,t1_add_block_comment,ok,1,True,T1,True,1.0,0.1395,0.1395
R00200,1,MUTATION,T1,t1_add_block_comment,ok,1,False,,False,0.0,0.0,0.0
R00200,2,UNTOUCHED,T1,none,ok,1,True,T1,True,0.7143,0.1562,0.1471
R00200,3,UNTOUCHED,T1,none,ok,1,True,T1,True,0.6842,0.4062,0.3421
R00201,0,CLONE_INTERVAL,T3,t3_delete_statement,ok,1,True,T3,True,0.85,0.8889,0.7727
R00201,1,MUTATION,T3,t3_delete_statement,ok,3,True,T3,True,0.5,1.0,0.5
R00201,2,UNTOUCHED,T1,none,ok,3,True,T1,True,0.3333,0.3333,0.2
R00201,3,UNTOUCHED,T1,none,ok,3,True,T1,True,0.3333,0.1,0.0833
R00202,0,CLONE_INTERVAL,T3,t3_insert_statement,ok,20,False,,False,0.6667,0.25,0.2222
R00202,1,MUTATION,T3,t3_insert_statement,ok,22,True,T3,True,1.0,1.0,1.0
R00202,2,UNTOUCHED,T1,none,ok,22,True,T1,True,0.6667,0.8571,0.6
R00202,3,UNTOUCHED,T1,none,ok,22,True,T1,True,0.7143,0.625,0.5
R00203,0,CLONE_INTERVAL,T2,t2_rename_local,ok,1,True,T2,True,1.0,0.2727,0.2727
R00203,1,MUTATION,T2,t2_rename_local,ok,7,True,T2,True,0.2857,1.0,0.2857
R00203,2,UNTOUCHED,T1,none,ok,7,True,T1,True,0.75,1.0,0.75
R00203,3,UNTOUCHED,T1,none,ok,7,True,T1,True,0.6667,1.0,0.6667
R00204,0,CLONE_INTERVAL,T2,t2_rename_local,ok,1,True,T2,True,1.0,0.2857,0.2857
R00204,1,MUTATION,T2,t2_rename_local,ok,3,True,T2,True,1.0,1.0,1.0
R00204,2,UNTOUCHED,T1,none,ok,3,True,T1,True,0.6667,0.6667,0.5
R00204,3,UNTOUCHED,T1,none,ok,3,True,T1,True,0.7143,0.8333,0.625
R00205,0,CLONE_INTERVAL,T3,t3_wrap_statement,ok,1,True,T3,True,1.0,0.7647,0.7647
R00205,1,MUTATION,T3,t3_wrap_statement,ok,7,True,T3,True,1.0,1.0,1.0
R00205,2,UNTOUCHED,T1,none,ok,7,True,T1,True,0.6667,0.4,0.3333
R00205,3,UNTOUCHED,T1,none,ok,7,True,T1,True,0.6667,0.5,0.4
R00206,0,CLONE_INTERVAL,T2,t2_change_int_literal,ok,1,True,T2,True,1.0,0.5517,0.5517
R00206,1,MUTATION,T2,t2_change_int_literal,ok,3,True,T2,True,1.0,1.0,1.0
R00206,2,UNTOUCHED,T1,none,ok,3,True,T1,True,0.8571,0.6,0.5455
R00206,3,UNTOUCHED,T1,none,ok,3,True,T1,True,0.625,0.4167,0.3333
R00207,0,CLONE_INTERVAL,T3,t3_delete_statement,ok,1,True,T3,True,1.0,0.25,0.25
R00207,1,MUTATION,T3,t3_delete_statement,ok,4,True,T2,False,1.0,1.0,1.0
R00207,2,UNTOUCHED,T1,none,ok,4,True,T1,True,0.5,1.0,0.5
R00207,3,UNTOUCHED,T1,none,ok,4,True,T1,True,0.3333,0.0385,0.0357
R00208,0,CLONE_INTERVAL,T3,t3_wrap_statement,ok,1,True,T3,True,1.0,0.3448,0.3448
R00208,1,MUTATION,T3,t3_wrap_statement,ok,3,True,T3,True,1.0,1.0,1.0
R00208,2,UNTOUCHED,T1,none,ok,3,True,T1,True,0.8,0.8,0.6667
R00208,3,UNTOUCHED,T1,none,ok,3,True,T1,True,0.6875,0.6471,0.5
R00209,0,CLONE_INTERVAL,T1,t1_add_block_comment,ok,1,True,T1,True,0.9167,0.6875,0.6471
R00209,1,MUTATION,T1,t1_add_block_comment,ok,1,False,,False,0.0,0.0,0.0
R00209,2,UNTOUCHED,T1,none,ok,1,True,T1,True,0.6667,0.1429,0.1333
R00209,3,UNTOUCHED,T1,none,ok,1,True,T1,True,0.75,0.2143,0.2
R00210,0,CLONE_INTERVAL,T3,t3_delete_statement,ok,1,True,T3,True,1.0,0.2917,0.2917
R00210,1,MUTATION,T3,t3_delete_statement,ok,3,True,T3,True,1.0,1.0,1.0
R00210,2,UNTOUCHED,T1,none,ok,3,True,T1,True,0.75,0.6,0.5
R00210,3,UNTOUCHED,T1,none,ok,3,True,T1,True,0.6667,0.1429,0.1333
R00211,0,CLONE_INTERVAL,T3,t3_insert_statement,ok,1,True,T3,True,1.0,0.2857,0.2857
R00211,1,MUTATION,T3,t3_insert_statement,ok,3,True,T3,True,1.0,1.0,1.0
R00211,2,UNTOUCHED,T1,none,ok,3,True,T1,True,0.6667,0.2857,0.25
R00211,3,UNTOUCHED,T1,none,ok,3,True,T1,True,0.6923,1.0,0.6923
R00212,0,CLONE_INTERVAL,T2,t2_change_int_literal,ok,1,True,T2,True,1.0,0.2857,0.2857
R00212,1,MUTATION,T2,t2_change_int_literal,ok,3,True,T2,True,1.0,1.0,1.0
R00212,2,UNTOUCHED,T1,none,ok,3,True,T1,True,0.8,1.0,0.8
R00212,3,UNTOUCHED,T1,none,ok,3,True,T1,True,0.6667,0.7273,0.5333
R00213,0,CLONE_INTERVAL,T1,t1_reindent,ok,1,True,T1,True,1.0,0.3529,0.3529
R00213,1,MUTATION,T1,t1_reindent,ok,1,True,T1,True,1.0,0.4615,0.4615
R00213,2,UNTOUCHED,T1,none,ok,1,True,T1,True,0.3333,0.0769,0.0667
R00213,3,UNTOUCHED,T1,none,ok,1,True,T1,True,0.5,0.4615,0.3158
R00214,0,CLONE_INTERVAL,T1,t1_reindent,ok,1,False,,False,0.0,0.0,0.0
R00214,1,MUTATION,T1,t1_reindent,ok,1,False,,False,0.0,0.0,0.0
R00214,2,UNTOUCHED,T1,none,ok,1,False,,False,0.0,0.0,0.0
R00214,3,UNTOUCHED,T1,none,ok,1,False,,False,0.0,0.0,0.0
R00215,0,CLONE_INTERVAL,T1,t1_add_block_comment,ok,1,True,T1,True,0.8571,0.5455,0.5
R00215,1,MUTATION,T1,t1_add_block_comment,ok,1,False,,False,0.0,0.0,0.0
R00215,2,UNTOUCHED,T1,none,ok,1,True,T1,True,0.6667,0.2222,0.2
R00215,3,UNTOUCHED,T1,none,ok,1,True,T1,True,0.5,0.2222,0.1818
R00216,0,CLONE_INTERVAL,T2,t2_change_int_literal,ok,1,True,T2,True,1.0,0.1461,0.1461
R00216,1,MUTATION,T2,t2_change_int_literal,ok,3,True,T2,True,1.0,1.0,1.0
R00216,2,UNTOUCHED,T1,none,ok,3,True,T1,True,0.6667,0.2222,0.2
R00216,3,UNTOUCHED,T1,none,ok,3,True,T1,True,0.7273,0.1333,0.127
R00217,0,CLONE_INTERVAL,T1,t1_add_blank_line,ok,1,True,T1,True,1.0,0.3182,0.3182
R00217,1,MUTATION,T1,t1_add_blank_line,ok,1,False,,False,0.0,0.0,0.0
R00217,2,UNTOUCHED,T1,none,ok,1,True,T1,True,0.6667,0.2353,0.2105
R00217,3,UNTOUCHED,T1,none,ok,1,True,T1,True,0.6667,0.4706,0.381
R00218,0,CLONE_INTERVAL,T3,t3_insert_statement,ok,1,True,T3,True,1.0,0.375,0.375
R00218,1,MUTATION,T3,t3_insert_statement,ok,3,True,T3,True,1.0,1.0,1.0
R00218,2,UNTOUCHED,T1,none,ok,3,True,T1,True,0.8,0.5,0.4444
R00218,3,UNTOUCHED,T1,none,ok,3,True,T1,True,0.6667,1.0,0.6667
R00219,0,CLONE_INTERVAL,T2,t2_change_int_literal,ok,1,True,T2,True,1.0,0.3333,0.3333
R00219,1,MUTATION,T2,t2_change_int_literal,ok,3,True,T2,True,1.0,1.0,1.0
R00219,2,UNTOUCHED,T1,none,ok,3,True,T1,True,0.8,0.8,0.6667
R00219,3,UNTOUCHED,T1,none,ok,3,True,T1,True,0.6667,0.6667,0.5
R00220,0,CLONE_INTERVAL,T1,t1_reindent,ok,1,True,T1,True,1.0,0.8125,0.8125
R00220,1,MUTATION,T1,t1_reindent,ok,1,True,T1,True,0.9231,0.8276,0.7742
R00220,2,UNTOUCHED,T1,none,ok,1,True,T1,True,0.8571,0.1034,0.1017
R00220,3,UNTOUCHED,T1,none,ok,1,True,T1,True,0.5714,0.069,0.0656
R00221,0,CLONE_INTERVAL,T2,t2_change_string_literal,ok,1,True,T2,True,1.0,0.8611,0.8611
R00221,1,MUTATION,T2,t2_change_string_literal,ok,3,True,T2,True,1.0,1.0,1.0
R00221,2,UNTOUCHED,T1,none,ok,3,True,T1,True,0.6667,0.5,0.4
R00221,3,UNTOUCHED,T1,none,ok,3,True,T1,True,0.5,0.087,0.08
R00222,0,CLONE_INTERVAL,T2,t2_change_int_literal,ok,1,True,T2,True,1.0,0.4,0.4
R00222,1,MUTATION,T2,t2_change_int_literal,ok,3,True,T2,True,1.0,1.0,1.0
R00222,2,UNTOUCHED,T1,none,ok,3,True,T1,True,0.6,1.0,0.6
R00222,3,UNTOUCHED,T1,none,ok,3,True,T1,True,0.5714,0.5714,0.4
R00223,0,CLONE_INTERVAL,T2,t2_change_int_literal,ok,4,True,T2,True,1.0,0.5,0.5
R00223,1,MUTATION,T2,t2_change_int_literal,ok,6,True,T2,True,1.0,1.0,1.0
R00223,2,UNTOUCHED,T1,none,ok,6,True,T1,True,0.3333,1.0,0.3333
R00223,3,UNTOUCHED,T1,none,ok,6,True,T1,True,0.625,0.5,0.3846
R00224,0,CLONE_INTERVAL,T1,t1_add_block_comment,ok,1,True,T1,True,0.8571,0.24,0.2308
R00224,1,MUTATION,T1,t1_add_block_comment,ok,1,False,,False,0.0,0.0,0.0
R00224,2,UNTOUCHED,T1,none,ok,1,True,T1,True,0.75,0.1429,0.1364
R00224,3,UNTOUCHED,T1,none,ok,1,True,T1,True,0.6667,0.0952,0.0909
R00225,0,CLONE_INTERVAL,T3,t3_wrap_statement,ok,1,False,,False,0.6667,0.1667,0.1538
R00225,1,MUTATION,T3,t3_wrap_statement,ok,3,True,T3,True,1.0,1.0,1.0
R00225,2,UNTOUCHED,T1,none,ok,3,True,T1,True,0.7647,0.8125,0.65
R00225,3,UNTOUCHED,T1,none,ok,3,True,T1,True,0.6667,0.8,0.5714
R00226,0,CLONE_INTERVAL,T1,t1_reindent,ok,1,True,T1,True,1.0,0.68,0.68
R00226,1,MUTATION,T1,t1_reindent,ok,1,True,T1,True,0.7647,0.6842,0.5652
R00226,2,UNTOUCHED,T1,none,ok,1,True,T1,True,0.75,0.1579,0.15
R00226,3,UNTOUCHED,T1,none,ok,1,True,T1,True,0.5,0.1579,0.1364
R00227,0,CLONE_INTERVAL,T2,t2_change_int_literal,ok,4,True,T2,True,1.0,0.5,0.5
R00227,1,MUTATION,T2,t2_change_int_literal,ok,6,True,T2,True,1.0,1.0,1.0
R00227,2,UNTOUCHED,T1,none,ok,6,True,T1,True,0.6667,0.5,0.4
R00227,3,UNTOUCHED,T1,none,ok,6,True,T1,True,0.2,0.4286,0.1579
R00228,0,CLONE_INTERVAL,T1,t1_add_blank_line,ok,1,True,T1,True,0.8571,0.4615,0.4286
R00228,1,MUTATION,T1,t1_add_blank_line,ok,1,False,,False,0.0,0.0,0.0
R00228,2,UNTOUCHED,T1,none,ok,1,True,T1,True,0.6667,0.2,0.1818
R00228,3,UNTOUCHED,T1,none,ok,1,True,T1,True,0.5,0.3,0.2308
R00229,0,CLONE_INTERVAL,T1,t1_add_blank_line,ok,1,True,T1,True,1.0,0.3529,0.3529
R00229,1,MUTATION,T1,t1_add_blank_line,ok,1,True,T1,True,1.0,0.0556,0.0556
R00229,2,UNTOUCHED,T1,none,ok,1,True,T1,True,0.6667,0.1111,0.1053
R00229,3,UNTOUCHED,T1,none,ok,1,True,T1,True,0.6923,0.5,0.4091
R00230,0,CLONE_INTERVAL,T1,t1_add_blank_line,ok,1,False,,False,0.5714,0.5,0.3636
R00230,1,MUTATION,T1,t1_add_blank_line,ok,1,False,,False,0.0,0.0,0.0
R00230,2,UNTOUCHED,T1,none,ok,1,False,,False,0.0,0.0,0.0
R00230,3,UNTOUCHED,T1,none,ok,1,True,T1,True,0.8,0.5,0.4444
R00231,0,CLONE_INTERVAL,T2,t2_change_string_literal,ok,1,True,T2,True,1.0,0.3529,0.3529
R00231,1,MUTATION,T2,t2_change_string_literal,ok,3,True,T2,True,1.0,1.0,1.0
R00231,2,UNTOUCHED,T1,none,ok,3,True,T1,True,0.8,1.0,0.8
R00231,3,UNTOUCHED,T1,none,ok,3,True,T1,True,0.625,0.5,0.3846
R00232,0,CLONE_INTERVAL,T3,t3_wrap_statement,ok,1,True,T3,True,1.0,0.4286,0.4286
R00232,1,MUTATION,T3,t3_wrap_statement,ok,3,True,T3,True,1.0,0.5,0.5
R00232,2,UNTOUCHED,T1,none,ok,3,True,T1,True,0.7778,1.0,0.7778
R00232,3,UNTOUCHED,T1,none,ok,3,True,T1,True,0.5,0.3,0.2308
R00233,0,CLONE_INTERVAL,T2,t2_rename_local,ok,1,True,T2,True,1.0,0.5,0.5
R00233,1,MUTATION,T2,t2_rename_local,ok,7,True,T1,False,0.2857,1.0,0.2857
R00233,2,UNTOUCHED,T1,none,ok,7,True,T1,True,0.3333,0.125,0.1
R00233,3,UNTOUCHED,T1,none,ok,7,True,T1,True,0.3333,0.5,0.25
R00234,0,CLONE_INTERVAL,T1,t1_reindent,ok,1,True,T1,True,0.8333,0.0735,0.0725
R00234,1,MUTATION,T1,t1_reindent,ok,1,True,T1,True,0.8333,0.082,0.0806
R00234,2,UNTOUCHED,T1,none,ok,1,True,T1,True,0.3333,0.0164,0.0159
R00234,3,UNTOUCHED,T1,none,ok,1,True,T1,True,0.5556,0.082,0.0769
R00235,0,CLONE_INTERVAL,T1,t1_add_blank_line,ok,1,True,T1,True,1.0,0.3529,0.3529
R00235,1,MUTATION,T1,t1_add_blank_line,ok,1,True,T1,True,1.0,0.0667,0.0667
R00235,2,UNTOUCHED,T1,none,ok,1,True,T1,True,0.75,0.2,0.1875
R00235,3,UNTOUCHED,T1,none,ok,1,True,T1,True,0.6667,0.4,0.3333
R00236,0,CLONE_INTERVAL,T3,t3_insert_statement,ok,1,True,T3,True,1.0,0.0659,0.0659
R00236,1,MUTATION,T3,t3_insert_statement,ok,3,True,T3,True,1.0,1.0,1.0
R00236,2,UNTOUCHED,T1,none,ok,3,True,T1,True,0.6,0.0625,0.06
R00236,3,UNTOUCHED,T1,none,ok,3,True,T1,True,0.7,0.3043,0.2692
R00237,0,CLONE_INTERVAL,T3,t3_wrap_statement,ok,2,True,T3,True,1.0,0.4062,0.4062
R00237,1,MUTATION,T3,t3_wrap_statement,ok,4,True,T3,True,1.0,1.0,1.0
R00237,2,UNTOUCHED,T1,none,ok,4,True,T1,True,0.75,1.0,0.75
R00237,3,UNTOUCHED,T1,none,ok,4,True,T1,True,0.6667,0.4286,0.3529
R00238,0,CLONE_INTERVAL,T1,t1_reindent,ok,1,True,T1,True,1.0,0.5,0.5
R00238,1,MUTATION,T1,t1_reindent,ok,1,True,T1,True,0.8333,0.5,0.4545
R00238,2,UNTOUCHED,T1,none,ok,1,True,T1,True,0.6667,0.2,0.1818
R00238,3,UNTOUCHED,T1,none,ok,1,True,T1,True,0.6,0.3,0.25
R00239,0,CLONE_INTERVAL,T2,t2_change_string_literal,ok,1,True,T2,True,1.0,0.7,0.7
R00239,1,MUTATION,T2,t2_change_string_literal,ok,3,True,T2,True,1.0,1.0,1.0
R00239,2,UNTOUCHED,T1,none,ok,3,True,T1,True,0.8,0.5714,0.5
R00239,3,UNTOUCHED,T1,none,ok,3,True,T1,True,0.6667,0.2222,0.2
R00240,0,CLONE_INTERVAL,T3,t3_insert_statement,ok,1,True,T3,True,1.0,0.4194,0.4194
R00240,1,MUTATION,T3,t3_insert_statement,ok,3,True,T3,True,1.0,1.0,1.0
R00240,2,UNTOUCHED,T1,none,ok,3,True,T1,True,0.7143,0.5556,0.4545
R00240,3,UNTOUCHED,T1,none,ok,3,True,T1,True,0.6667,1.0,0.6667
R00241,0,CLONE_INTERVAL,T2,t2_change_int_literal,ok,1,True,T2,True,1.0,0.2364,0.2364
R00241,1,MUTATION,T2,t2_change_int_literal,ok,3,True,T2,True,1.0,1.0,1.0
R00241,2,UNTOUCHED,T1,none,ok,3,True,T1,True,0.7667,1.0,0.7667
R00241,3,UNTOUCHED,T1,none,ok,3,True,T1,True,0.7143,0.5263,0.4348
R00242,0,CLONE_INTERVAL,T1,t1_add_eol_comment,ok,1,True,T1,True,1.0,0.3529,0.3529
R00242,1,MUTATION,T1,t1_add_eol_comment,ok,1,True,T1,True,1.0,0.0714,0.0714
R00242,2,UNTOUCHED,T1,none,ok,1,True,T1,True,0.6667,0.1429,0.1333
R00242,3,UNTOUCHED,T1,none,ok,1,True,T1,True,0.7,0.5,0.4118
R00243,0,CLONE_INTERVAL,T2,t2_change_string_literal,ok,1,True,T2,True,1.0,0.4615,0.4615
R00243,1,MUTATION,T2,t2_change_string_literal,ok,3,True,T2,True,1.0,1.0,1.0
R00243,2,UNTOUCHED,T1,none,ok,3,True,T1,True,0.5,1.0,0.5
R00243,3,UNTOUCHED,T1,none,ok,3,True,T1,True,0.5,0.375,0.2727
R00244,0,CLONE_INTERVAL,T3,t3_wrap_statement,ok,1,True,T3,True,1.0,0.2424,0.2424
R00244,1,MUTATION,T3,t3_wrap_statement,ok,3,True,T3,True,1.0,1.0,1.0
R00244,2,UNTOUCHED,T1,none,ok,3,True,T1,True,0.75,1.0,0.75
R00244,3,UNTOUCHED,T1,none,ok,3,True,T1,True,0.7368,0.6087,0.5
R00245,0,CLONE_INTERVAL,T1,t1_add_eol_comment,ok,1,True,T1,True,1.0,0.2609,0.2609
R00245,1,MUTATION,T1,t1_add_eol_comment,ok,1,True,T1,True,1.0,0.0476,0.0476
R00245,2,UNTOUCHED,T1,none,ok,1,True,T1,True,0.75,0.1429,0.1364
R00245,3,UNTOUCHED,T1,none,ok,1,True,T1,True,0.8,0.5714,0.5
R00246,0,CLONE_INTERVAL,T1,t1_add_eol_comment,ok,1,True,T1,True,1.0,0.2857,0.2857
R00246,1,MUTATION,T1,t1_add_eol_comment,ok,1,True,T1,True,1.0,0.0588,0.0588
R00246,2,UNTOUCHED,T1,none,ok,1,True,T1,True,0.75,0.1765,0.1667
R00246,3,UNTOUCHED,T1,none,ok,1,True,T1,True,0.6923,0.5294,0.4286
R00247,0,CLONE_INTERVAL,T1,t1_add_block_comment,ok,1,True,T1,True,1.0,0.6538,0.6538
R00247,1,MUTATION,T1,t1_add_block_comment,ok,1,False,,False,0.0,0.0,0.0
R00247,2,UNTOUCHED,T1,none,ok,1,True,T1,True,0.8,0.2105,0.2
R00247,3,UNTOUCHED,T1,none,ok,1,True,T1,True,0.5,0.1579,0.1364
R00248,0,CLONE_INTERVAL,T3,t3_delete_statement,ok,1,True,T3,True,1.0,0.3125,0.3125
R00248,1,MUTATION,T3,t3_delete_statement,ok,3,True,T3,True,1.0,1.0,1.0
R00248,2,UNTOUCHED,T1,none,ok,3,True,T1,True,0.75,0.6,0.5
R00248,3,UNTOUCHED,T1,none,ok,3,True,T1,True,0.5556,0.7143,0.4545
R00249,0,CLONE_INTERVAL,T2,t2_change_int_literal,ok,1,True,T2,True,0.9231,0.7059,0.6667
R00249,1,MUTATION,T2,t2_change_int_literal,ok,3,True,T2,True,1.0,1.0,1.0
R00249,2,UNTOUCHED,T1,none,ok,3,True,T1,True,0.6667,0.5,0.4
R00249,3,UNTOUCHED,T1,none,ok,3,True,T1,True,0.5,0.2,0.1667
R00250,0,CLONE_INTERVAL,T3,t3_wrap_statement,ok,1,True,T3,True,1.0,0.5333,0.5333
R00250,1,MUTATION,T3,t3_wrap_statement,ok,3,True,T3,True,1.0,1.0,1.0
R00250,2,UNTOUCHED,T1,none,ok,3,True,T1,True,0.6667,0.3333,0.2857
R00250,3,UNTOUCHED,T1,none,ok,3,True,T1,True,0.6667,0.5714,0.4444
R00251,0,CLONE_INTERVAL,T1,t1_add_block_comment,ok,1,True,T1,True,0.8571,0.1765,0.1714
R00251,1,MUTATION,T1,t1_add_block_comment,ok,1,False,,False,0.0,0.0,0.0
R00251,2,UNTOUCHED,T1,none,ok,1,True,T1,True,0.6667,0.0667,0.0645
R00251,3,UNTOUCHED,T1,none,ok,1,True,T1,True,0.6667,0.0667,0.0645
R00252,0,CLONE_INTERVAL,T2,t2_change_int_literal,ok,1,True,T2,True,1.0,0.375,0.375
R00252,1,MUTATION,T2,t2_change_int_literal,ok,3,True,T2,True,1.0,1.0,1.0
R00252,2,UNTOUCHED,T1,none,ok,3,True,T1,True,0.8333,0.8333,0.7143
R00252,3,UNTOUCHED,T1,none,ok,3,True,T1,True,0.5,0.6,0.375
R00253,0,CLONE_INTERVAL,T1,t1_add_block_comment,ok,1,True,T1,True,0.8571,0.4286,0.4
R00253,1,MUTATION,T1,t1_add_block_comment,ok,1,False,,False,0.0,0.0,0.0
R00253,2,UNTOUCHED,T1,none,ok,1,True,T1,True,0.75,0.2727,0.25
R00253,3,UNTOUCHED,T1,none,ok,1,True,T1,True,0.5,0.2727,0.2143
R00254,0,CLONE_INTERVAL,T2,t2_change_int_literal,ok,1,True,T2,True,1.0,0.2143,0.2143
R00254,1,MUTATION,T2,t2_change_int_literal,ok,3,True,T2,True,1.0,1.0,1.0
R00254,2,UNTOUCHED,T1,none,ok,3,True,T1,True,0.8,1.0,0.8
R00254,3,UNTOUCHED,T1,none,ok,3,True,T1,True,0.6842,0.8125,0.5909
R00255,0,CLONE_INTERVAL,T1,t1_add_block_comment,ok,1,True,T1,True,1.0,0.5882,0.5882
R00255,1,MUTATION,T1,t1_add_block_comment,ok,1,False,,False,0.0,0.0,0.0
R00255,2,UNTOUCHED,T1,none,ok,1,True,T1,True,0.8571,0.2222,0.2143
R00255,3,UNTOUCHED,T1,none,ok,1,True,T1,True,0.6667,0.2222,0.2
R00256,0,CLONE_INTERVAL,T1,t1_add_eol_comment,ok,1,True,T1,True,1.0,0.4211,0.4211
R00256,1,MUTATION,T1,t1_add_eol_comment,ok,1,False,,False,0.0,0.0,0.0
R00256,2,UNTOUCHED,T1,none,ok,1,True,T1,True,0.75,0.2,0.1875
R00256,3,UNTOUCHED,T1,none,ok,1,True,T1,True,0.6667,0.4,0.3333
R00257,0,CLONE_INTERVAL,T3,t3_wrap_statement,ok,1,True,T3,True,1.0,0.5,0.5
R00257,1,MUTATION,T3,t3_wrap_statement,ok,3,True,T3,True,1.0,1.0,1.0
R00257,2,UNTOUCHED,T1,none,ok,3,True,T1,True,0.1667,0.6,0.15
R00257,3,UNTOUCHED,T1,none,ok,3,True,T1,True,0.625,0.4545,0.3571
R00258,0,CLONE_INTERVAL,T3,t3_delete_statement,ok,1,True,T3,True,1.0,0.2941,0.2941
R00258,1,MUTATION,T3,t3_delete_statement,ok,3,True,T3,True,1.0,1.0,1.0
R00258,2,UNTOUCHED,T1,none,ok,3,True,T1,True,0.6667,0.3333,0.2857
R00258,3,UNTOUCHED,T1,none,ok,3,True,T1,True,0.6364,1.0,0.6364
R00259,0,CLONE_INTERVAL,T2,t2_rename_local,ok,1,True,T2,True,1.0,0.5714,0.5714
R00259,1,MUTATION,T2,t2_rename_local,ok,3,True,T2,True,0.875,1.0,0.875
R00259,2,UNTOUCHED,T1,none,ok,3,True,T1,True,0.75,0.6,0.5
R00259,3,UNTOUCHED,T1,none,ok,3,True,T1,True,0.5714,1.0,0.5714
R00260,0,CLONE_INTERVAL,T3,t3_delete_statement,ok,1,True,T3,True,1.0,0.2632,0.2632
R00260,1,MUTATION,T3,t3_delete_statement,ok,3,True,T3,True,1.0,1.0,1.0
R00260,2,UNTOUCHED,T1,none,ok,3,True,T1,True,0.75,0.4286,0.375
R00260,3,UNTOUCHED,T1,none,ok,3,True,T1,True,0.6667,1.0,0.6667
R00261,0,CLONE_INTERVAL,T1,t1_add_blank_line,ok,1,True,T1,True,0.8182,0.45,0.4091
R00261,1,MUTATION,T1,t1_add_blank_line,ok,1,False,,False,0.0,0.0,0.0
R00261,2,UNTOUCHED,T1,none,ok,1,True,T1,True,0.6667,0.1333,0.125
R00261,3,UNTOUCHED,T1,none,ok,1,True,T1,True,0.5455,0.4,0.3
R00262,0,CLONE_INTERVAL,T3,t3_wrap_statement,ok,1,True,T3,True,1.0,0.5625,0.5625
R00262,1,MUTATION,T3,t3_wrap_statement,ok,3,True,T3,True,1.0,1.0,1.0
R00262,2,UNTOUCHED,T1,none,ok,3,True,T1,True,0.8333,1.0,0.8333
R00262,3,UNTOUCHED,T1,none,ok,3,True,T1,True,0.6667,0.25,0.2222
R00263,0,CLONE_INTERVAL,T1,t1_add_eol_comment,ok,1,True,T1,True,1.0,0.3529,0.3529
R00263,1,MUTATION,T1,t1_add_eol_comment,ok,1,True,T1,True,1.0,0.0667,0.0667
R00263,2,UNTOUCHED,T1,none,ok,1,True,T1,True,0.6667,0.1333,0.125
R00263,3,UNTOUCHED,T1,none,ok,1,True,T1,True,0.7,0.4667,0.3889
R00264,0,CLONE_INTERVAL,T1,t1_add_block_comment,ok,1,True,T1,True,1.0,0.6667,0.6667
R00264,1,MUTATION,T1,t1_add_block_comment,ok,1,True,T1,True,1.0,0.0667,0.0667
R00264,2,UNTOUCHED,T1,none,ok,1,True,T1,True,0.5,0.1333,0.1176
R00264,3,UNTOUCHED,T1,none,ok,1,True,T1,True,0.6,0.2,0.1765
R00265,0,CLONE_INTERVAL,T3,t3_delete_statement,ok,1,True,T3,True,0.8,0.2667,0.25
R00265,1,MUTATION,T3,t3_delete_statement,ok,3,True,T3,True,1.0,1.0,1.0
R00265,2,UNTOUCHED,T1,none,ok,3,True,T1,True,0.8333,0.5556,0.5
R00265,3,UNTOUCHED,T1,none,ok,3,True,T1,True,0.75,1.0,0.75
R00266,0,CLONE_INTERVAL,T1,t1_add_blank_line,ok,1,True,T1,True,1.0,0.3529,0.3529
R00266,1,MUTATION,T1,t1_add_blank_line,ok,1,False,,False,0.0,0.0,0.0
R00266,2,UNTOUCHED,T1,none,ok,1,True,T1,True,0.7273,0.5333,0.4444
R00266,3,UNTOUCHED,T1,none,ok,1,True,T1,True,0.6667,0.1333,0.125
R00267,0,CLONE_INTERVAL,T2,t2_rename_local,ok,1,True,T2,True,1.0,0.5,0.5
R00267,1,MUTATION,T2,t2_rename_local,ok,5,True,T2,True,0.3333,1.0,0.3333
R00267,2,UNTOUCHED,T1,none,ok,5,True,T1,True,0.8333,1.0,0.8333
R00267,3,UNTOUCHED,T1,none,ok,5,True,T1,True,0.6667,1.0,0.6667
R00268,0,CLONE_INTERVAL,T1,t1_add_eol_comment,ok,1,True,T1,True,1.0,0.3529,0.3529
R00268,1,MUTATION,T1,t1_add_eol_comment,ok,1,True,T1,True,1.0,0.0769,0.0769
R00268,2,UNTOUCHED,T1,none,ok,1,True,T1,True,0.75,0.2308,0.2143
R00268,3,UNTOUCHED,T1,none,ok,1,True,T1,True,0.5556,0.3846,0.2941
R00269,0,CLONE_INTERVAL,T1,t1_reindent,ok,1,False,,False,0.6667,0.1818,0.1667
R00269,1,MUTATION,T1,t1_reindent,ok,1,True,T1,True,0.6667,0.25,0.2222
R00269,2,UNTOUCHED,T1,none,ok,1,True,T1,True,0.3333,0.0625,0.0556
R00269,3,UNTOUCHED,T1,none,ok,1,True,T1,True,0.6111,0.6875,0.4783
R00270,0,CLONE_INTERVAL,T3,t3_delete_statement,ok,1,True,T3,True,0.8,0.1905,0.1818
R00270,1,MUTATION,T3,t3_delete_statement,ok,3,True,T3,True,1.0,1.0,1.0
R00270,2,UNTOUCHED,T1,none,ok,3,True,T1,True,0.8,0.5714,0.5
R00270,3,UNTOUCHED,T1,none,ok,3,True,T1,True,0.7857,0.9167,0.7333
R00271,0,CLONE_INTERVAL,T3,t3_wrap_statement,ok,1,True,T3,True,1.0,0.2727,0.2727
R00271,1,MUTATION,T3,t3_wrap_statement,ok,3,True,T3,True,1.0,1.0,1.0
R00271,2,UNTOUCHED,T1,none,ok,3,True,T1,True,0.6667,0.5,0.4
R00271,3,UNTOUCHED,T1,none,ok,3,True,T1,True,0.6,0.75,0.5
R00272,0,CLONE_INTERVAL,T1,t1_add_block_comment,ok,1,True,T1,True,1.0,0.36,0.36
R00272,1,MUTATION,T1,t1_add_block_comment,ok,1,True,T1,True,1.0,0.05,0.05
R00272,2,UNTOUCHED,T1,none,ok,1,True,T1,True,0.7778,0.35,0.3182
R00272,3,UNTOUCHED,T1,none,ok,1,True,T1,True,0.6667,0.3,0.2609
R00273,0,CLONE_INTERVAL,T3,t3_delete_statement,ok,1,True,T3,True,1.0,0.1389,0.1389
R00273,1,MUTATION,T3,t3_delete_statement,ok,3,True,T3,True,1.0,1.0,1.0
R00273,2,UNTOUCHED,T1,none,ok,3,True,T1,True,0.3333,0.5,0.25
R00273,3,UNTOUCHED,T1,none,ok,3,True,T1,True,0.7097,0.8462,0.6286
R00274,0,CLONE_INTERVAL,T1,t1_add_blank_line,ok,1,True,T1,True,1.0,0.1,0.1
R00274,1,MUTATION,T1,t1_add_blank_line,ok,1,False,,False,0.0,0.0,0.0
R00274,2,UNTOUCHED,T1,none,ok,1,True,T1,True,0.6667,0.1667,0.1538
R00274,3,UNTOUCHED,T1,none,ok,1,True,T1,True,0.625,0.1042,0.098
R00275,0,CLONE_INTERVAL,T3,t3_delete_statement,ok,1,True,T3,True,1.0,0.625,0.625
R00275,1,MUTATION,T3,t3_delete_statement,ok,3,True,T3,True,1.0,1.0,1.0
R00275,2,UNTOUCHED,T1,none,ok,3,True,T1,True,0.25,0.25,0.1429
R00275,3,UNTOUCHED,T1,none,ok,3,True,T1,True,0.6667,0.5,0.4
R00276,0,CLONE_INTERVAL,T2,t2_change_int_literal,ok,1,True,T2,True,1.0,0.5517,0.5517
R00276,1,MUTATION,T2,t2_change_int_literal,ok,3,True,T2,True,1.0,1.0,1.0
R00276,2,UNTOUCHED,T1,none,ok,3,False,,False,0.0,0.0,0.0
R00276,3,UNTOUCHED,T1,none,ok,3,True,T1,True,0.5,0.2143,0.1765
R00277,0,CLONE_INTERVAL,T1,t1_add_eol_comment,ok,1,True,T1,True,1.0,0.381,0.381
R00277,1,MUTATION,T1,t1_add_eol_comment,ok,1,True,T1,True,1.0,0.0588,0.0588
R00277,2,UNTOUCHED,T1,none,ok,1,True,T1,True,0.8571,0.3529,0.3333
R00277,3,UNTOUCHED,T1,none,ok,1,True,T1,True,0.625,0.2941,0.25
R00278,0,CLONE_INTERVAL,T3,t3_delete_statement,ok,1,True,T3,True,1.0,0.3125,0.3125
R00278,1,MUTATION,T3,t3_delete_statement,ok,3,True,T3,True,1.0,1.0,1.0
R00278,2,UNTOUCHED,T1,none,ok,3,True,T1,True,0.5,0.4,0.2857
R00278,3,UNTOUCHED,T1,none,ok,3,True,T1,True,0.7,0.875,0.6364
R00279,0,CLONE_INTERVAL,T3,t3_delete_statement,ok,1,True,T3,True,1.0,0.2778,0.2778
R00279,1,MUTATION,T3,t3_delete_statement,ok,3,True,T3,True,1.0,1.0,1.0
R00279,2,UNTOUCHED,T1,none,ok,3,True,T1,True,0.6667,0.4,0.3333
R00279,3,UNTOUCHED,T1,none,ok,3,True,T1,True,0.75,0.9,0.6923
R00280,0,CLONE_INTERVAL,T1,t1_reindent,ok,1,True,T1,True,1.0,0.24,0.24
R00280,1,MUTATION,T1,t1_reindent,ok,1,True,T1,True,0.8333,0.2632,0.25
R00280,2,UNTOUCHED,T1,none,ok,1,True,T1,True,0.6667,0.1053,0.1
R00280,3,UNTOUCHED,T1,none,ok,1,True,T1,True,0.6667,0.6316,0.48
R00281,0,CLONE_INTERVAL,T2,t2_change_int_literal,ok,1,True,T2,True,1.0,0.551,0.551
R00281,1,MUTATION,T2,t2_change_int_literal,ok,3,True,T2,True,1.0,1.0,1.0
R00281,2,UNTOUCHED,T1,none,ok,3,True,T1,True,0.9286,0.9286,0.8667
R00281,3,UNTOUCHED,T1,none,ok,3,True,T1,True,0.6,0.2727,0.2308
R00282,0,CLONE_INTERVAL,T3,t3_insert_statement,ok,1,True,T3,True,1.0,0.4211,0.4211
R00282,1,MUTATION,T3,t3_insert_statement,ok,3,True,T3,True,1.0,1.0,1.0
R00282,2,UNTOUCHED,T1,none,ok,3,True,T1,True,0.7778,0.5833,0.5
R00282,3,UNTOUCHED,T1,none,ok,3,True,T1,True,0.6667,1.0,0.6667
R00283,0,CLONE_INTERVAL,T3,t3_delete_statement,ok,1,True,T3,True,0.8,0.1905,0.1818
R00283,1,MUTATION,T3,t3_delete_statement,ok,3,True,T3,True,1.0,1.0,1.0
R00283,2,UNTOUCHED,T1,none,ok,3,True,T1,True,0.6667,0.4,0.3333
R00283,3,UNTOUCHED,T1,none,ok,3,True,T1,True,0.8125,0.9286,0.7647
R00284,0,CLONE_INTERVAL,T2,t2_rename_local,ok,1,True,T2,True,1.0,0.4118,0.4118
R00284,1,MUTATION,T2,t2_rename_local,ok,3,True,T2,True,1.0,1.0,1.0
R00284,2,UNTOUCHED,T1,none,ok,3,True,T1,True,0.6667,0.6667,0.5
R00284,3,UNTOUCHED,T1,none,ok,3,True,T1,True,0.6667,0.8571,0.6
R00285,0,CLONE_INTERVAL,T2,t2_change_string_literal,ok,1,True,T2,True,1.0,0.7826,0.7826
R00285,1,MUTATION,T2,t2_change_string_literal,ok,3,True,T2,True,1.0,1.0,1.0
R00285,2,UNTOUCHED,T1,none,ok,3,True,T1,True,0.75,1.0,0.75
R00285,3,UNTOUCHED,T1,none,ok,3,True,T1,True,0.6667,0.1538,0.1429
R00286,0,CLONE_INTERVAL,T3,t3_insert_statement,ok,3,True,T3,True,1.0,0.4444,0.4444
R00286,1,MUTATION,T3,t3_insert_statement,ok,5,True,T3,True,1.0,1.0,1.0
R00286,2,UNTOUCHED,T1,none,ok,5,True,T1,True,0.6667,0.5,0.4
R00286,3,UNTOUCHED,T1,none,ok,5,True,T1,True,0.625,0.4545,0.3571
R00287,0,CLONE_INTERVAL,T2,t2_change_string_literal,ok,1,True,T2,True,1.0,0.3913,0.3913
R00287,1,MUTATION,T2,t2_change_string_literal,ok,3,True,T2,True,1.0,1.0,1.0
R00287,2,UNTOUCHED,T1,none,ok,3,True,T1,True,0.8333,0.625,0.5556
R00287,3,UNTOUCHED,T1,none,ok,3,True,T1,True,0.7,0.7,0.5385
R00288,0,CLONE_INTERVAL,T1,t1_reindent,ok,1,False,,False,0.2143,0.25,0.1304
R00288,1,MUTATION,T1,t1_reindent,ok,1,True,T1,True,0.2143,0.3,0.1429
R00288,2,UNTOUCHED,T1,none,ok,1,True,T1,True,0.25,0.1,0.0769
R00288,3,UNTOUCHED,T1,none,ok,1,True,T1,True,0.0361,0.6,0.0353
R00289,0,CLONE_INTERVAL,T1,t1_add_blank_line,ok,1,True,T1,True,1.0,0.5833,0.5833
R00289,1,MUTATION,T1,t1_add_blank_line,ok,1,False,,False,0.0,0.0,0.0
R00289,2,UNTOUCHED,T1,none,ok,1,True,T1,True,0.6667,0.1818,0.1667
R00289,3,UNTOUCHED,T1,none,ok,1,True,T1,True,0.75,0.2727,0.25
R00290,0,CLONE_INTERVAL,T2,t2_change_string_literal,ok,1,True,T2,True,1.0,0.1562,0.1562
R00290,1,MUTATION,T2,t2_change_string_literal,ok,3,True,T2,True,1.0,1.0,1.0
R00290,2,UNTOUCHED,T1,none,ok,3,True,T1,True,0.697,1.0,0.697
R00290,3,UNTOUCHED,T1,none,ok,3,True,T1,True,0.6087,0.7368,0.5
R00291,0,CLONE_INTERVAL,T2,t2_change_int_literal,ok,1,True,T2,True,0.8947,0.8095,0.7391
R00291,1,MUTATION,T2,t2_change_int_literal,ok,3,True,T2,True,1.0,1.0,1.0
R00291,2,UNTOUCHED,T1,none,ok,3,True,T1,True,0.5,0.75,0.4286
R00291,3,UNTOUCHED,T1,none,ok,3,True,T1,True,0.3333,0.0909,0.0769
R00292,0,CLONE_INTERVAL,T1,t1_add_block_comment,ok,1,True,T1,True,0.8571,0.1132,0.1111
R00292,1,MUTATION,T1,t1_add_block_comment,ok,1,False,,False,0.0,0.0,0.0
R00292,2,UNTOUCHED,T1,none,ok,1,True,T1,True,0.6667,0.0444,0.0435
R00292,3,UNTOUCHED,T1,none,ok,1,True,T1,True,0.75,0.0667,0.0652
R00293,0,CLONE_INTERVAL,T2,t2_change_int_literal,ok,1,True,T2,True,1.0,0.1884,0.1884
R00293,1,MUTATION,T2,t2_change_int_literal,ok,3,True,T2,True,1.0,1.0,1.0
R00293,2,UNTOUCHED,T1,none,ok,3,True,T1,True,0.75,0.3,0.2727
R00293,3,UNTOUCHED,T1,none,ok,3,True,T1,True,0.6,0.0682,0.0652
R00294,0,CLONE_INTERVAL,T2,t2_change_int_literal,ok,1,True,T2,True,1.0,0.2727,0.2727
R00294,1,MUTATION,T2,t2_change_int_literal,ok,3,True,T2,True,1.0,1.0,1.0
R00294,2,UNTOUCHED,T1,none,ok,3,True,T1,True,0.75,1.0,0.75
R00294,3,UNTOUCHED,T1,none,ok,3,True,T1,True,0.7,0.6364,0.5
R00295,0,CLONE_INTERVAL,T1,t1_add_blank_line,ok,1,True,T1,True,0.8333,0.3333,0.3125
R00295,1,MUTATION,T1,t1_add_blank_line,ok,1,False,,False,0.0,0.0,0.0
R00295,2,UNTOUCHED,T1,none,ok,1,True,T1,True,0.4286,0.1154,0.1
R00295,3,UNTOUCHED,T1,none,ok,1,True,T1,True,0.6667,0.3077,0.2667
R00296,0,CLONE_INTERVAL,T1,t1_add_eol_comment,ok,1,True,T1,True,1.0,0.4444,0.4444
R00296,1,MUTATION,T1,t1_add_eol_comment,ok,1,True,T1,True,1.0,0.0667,0.0667
R00296,2,UNTOUCHED,T1,none,ok,1,True,T1,True,0.875,0.4667,0.4375
R00296,3,UNTOUCHED,T1,none,ok,1,True,T1,True,0.5,0.1333,0.1176
R00297,0,CLONE_INTERVAL,T2,t2_rename_local,ok,1,True,T2,True,1.0,0.5652,0.5652
R00297,1,MUTATION,T2,t2_rename_local,ok,5,True,T2,True,0.6364,1.0,0.6364
R00297,2,UNTOUCHED,T1,none,ok,5,True,T1,True,0.6667,1.0,0.6667
R00297,3,UNTOUCHED,T1,none,ok,5,True,T1,True,0.6667,1.0,0.6667
R00298,0,CLONE_INTERVAL,T1,t1_reindent,ok,1,True,T1,True,1.0,0.36,0.36
R00298,1,MUTATION,T1,t1_reindent,ok,1,True,T1,True,0.7778,0.3889,0.35
R00298,2,UNTOUCHED,T1,none,ok,1,True,T1,True,0.75,0.1667,0.1579
R00298,3,UNTOUCHED,T1,none,ok,1,True,T1,True,0.5714,0.4444,0.3333
R00299,0,CLONE_INTERVAL,T2,t2_change_string_literal,ok,1,True,T2,True,1.0,0.4091,0.4091
R00299,1,MUTATION,T2,t2_change_string_literal,ok,3,True,T2,True,1.0,1.0,1.0
R00299,2,UNTOUCHED,T1,none,ok,3,True,T1,True,0.6667,0.5,0.4
R00299,3,UNTOUCHED,T1,none,ok,3,True,T1,True,0.6667,0.6667,0.5
R00300,0,CLONE_INTERVAL,T3,t3_insert_statement,ok,1,True,T3,True,0.8889,0.3333,0.32
R00300,1,UNTOUCHED,T1,none,ok,3,True,T1,True,0.875,0.5385,0.5
R00300,2,UNTOUCHED,T1,none,ok,3,False,,False,0.0,0.0,0.0
R00300,3,UNTOUCHED,T1,none,ok,3,True,T1,True,0.5455,1.0,0.5455
R00301,0,CLONE_INTERVAL,T1,t1_add_eol_comment,ok,1,True,T1,True,1.0,0.4643,0.4643
R00301,1,MUTATION,T1,t1_add_eol_comment,ok,1,True,T1,True,1.0,0.0455,0.0455
R00301,2,UNTOUCHED,T1,none,ok,1,True,T1,True,0.7143,0.2273,0.2083
R00301,3,UNTOUCHED,T1,none,ok,1,True,T1,True,0.6667,0.0909,0.087
R00302,0,CLONE_INTERVAL,T2,t2_change_int_literal,ok,1,True,T2,True,1.0,0.3333,0.3333
R00302,1,MUTATION,T2,t2_change_int_literal,ok,3,True,T2,True,1.0,1.0,1.0
R00302,2,UNTOUCHED,T1,none,ok,3,True,T1,True,0.8333,0.7143,0.625
R00302,3,UNTOUCHED,T1,none,ok,3,True,T1,True,0.5,0.7778,0.4375
R00303,0,CLONE_INTERVAL,T3,t3_delete_statement,ok,1,True,T3,True,1.0,0.25,0.25
R00303,1,MUTATION,T3,t3_delete_statement,ok,3,True,T3,True,1.0,1.0,1.0
R00303,2,UNTOUCHED,T1,none,ok,3,True,T1,True,0.8,0.4444,0.4
R00303,3,UNTOUCHED,T1,none,ok,3,True,T1,True,0.6667,1.0,0.6667
R00304,0,CLONE_INTERVAL,T1,t1_add_blank_line,ok,1,True,T1,True,1.0,0.5,0.5
R00304,1,MUTATION,T1,t1_add_blank_line,ok,1,False,,False,0.0,0.0,0.0
R00304,2,UNTOUCHED,T1,none,ok,1,True,T1,True,0.6667,0.3636,0.3077
R00304,3,UNTOUCHED,T1,none,ok,1,True,T1,True,0.6667,0.1818,0.1667
R00305,0,CLONE_INTERVAL,T1,t1_add_eol_comment,ok,1,True,T1,True,1.0,0.5455,0.5455
R00305,1,MUTATION,T1,t1_add_eol_comment,ok,1,True,T1,True,1.0,0.0909,0.0909
R00305,2,UNTOUCHED,T1,none,ok,1,True,T1,True,0.75,0.2727,0.25
R00305,3,UNTOUCHED,T1,none,ok,1,True,T1,True,0.6667,0.1818,0.1667
R00306,0,CLONE_INTERVAL,T1,t1_add_eol_comment,ok,1,True,T1,True,1.0,0.35,0.35
R00306,1,MUTATION,T1,t1_add_eol_comment,ok,1,True,T1,True,1.0,0.0588,0.0588
R00306,2,UNTOUCHED,T1,none,ok,1,True,T1,True,0.8,0.2353,0.2222
R00306,3,UNTOUCHED,T1,none,ok,1,True,T1,True,0.8,0.4706,0.4211
R00307,0,CLONE_INTERVAL,T1,t1_add_eol_comment,ok,1,True,T1,True,1.0,0.5,0.5
R00307,1,MUTATION,T1,t1_add_eol_comment,ok,1,True,T1,True,1.0,0.0909,0.0909
R00307,2,UNTOUCHED,T1,none,ok,1,True,T1,True,0.75,0.2727,0.25
R00307,3,UNTOUCHED,T1,none,ok,1,True,T1,True,0.6,0.2727,0.2308
R00308,0,CLONE_INTERVAL,T2,t2_rename_local,ok,1,True,T2,True,1.0,0.4412,0.4412
R00308,1,MUTATION,T2,t2_rename_local,ok,3,True,T2,True,1.0,1.0,1.0
R00308,2,UNTOUCHED,T1,none,ok,3,True,T1,True,0.75,1.0,0.75
R00308,3,UNTOUCHED,T1,none,ok,3,True,T1,True,0.7059,1.0,0.7059
R00309,0,CLONE_INTERVAL,T1,t1_add_eol_comment,ok,1,True,T1,True,1.0,0.5385,0.5385
R00309,1,MUTATION,T1,t1_add_eol_comment,ok,1,True,T1,True,1.0,0.0769,0.0769
R00309,2,UNTOUCHED,T1,none,ok,1,True,T1,True,0.8,0.3077,0.2857
R00309,3,UNTOUCHED,T1,none,ok,1,True,T1,True,0.5,0.1538,0.1333
R00310,0,CLONE_INTERVAL,T1,t1_add_eol_comment,ok,1,True,T1,True,1.0,0.4286,0.4286
R00310,1,MUTATION,T1,t1_add_eol_comment,ok,1,False,,False,0.0,0.0,0.0
R00310,2,UNTOUCHED,T1,none,ok,1,True,T1,True,0.8333,0.3846,0.3571
R00310,3,UNTOUCHED,T1,none,ok,1,True,T1,True,0.6,0.2308,0.2
R00311,0,CLONE_INTERVAL,T1,t1_reindent,ok,1,True,T1,True,1.0,0.5484,0.5484
R00311,1,MUTATION,T1,t1_reindent,ok,1,True,T1,True,0.6471,0.4783,0.3793
R00311,2,UNTOUCHED,T1,none,ok,1,True,T1,True,0.8333,0.4348,0.4
R00311,3,UNTOUCHED,T1,none,ok,1,True,T1,True,0.5,0.087,0.08
R00312,0,CLONE_INTERVAL,T2,t2_change_string_literal,ok,1,True,T2,True,0.8333,0.625,0.5556
R00312,1,MUTATION,T2,t2_change_string_literal,ok,3,True,T2,True,1.0,1.0,1.0
R00312,2,UNTOUCHED,T1,none,ok,3,True,T1,True,0.3333,0.3333,0.2
R00312,3,UNTOUCHED,T1,none,ok,3,True,T1,True,0.5,0.5,0.3333
R00313,0,CLONE_INTERVAL,T2,t2_rename_local,ok,1,True,T2,True,1.0,0.5294,0.5294
R00313,1,MUTATION,T2,t2_rename_local,ok,3,True,T2,True,1.0,1.0,1.0
R00313,2,UNTOUCHED,T1,none,ok,3,True,T1,True,0.6667,0.8,0.5714
R00313,3,UNTOUCHED,T1,none,ok,3,True,T1,True,0.75,1.0,0.75
R00314,0,CLONE_INTERVAL,T2,t2_rename_local,ok,1,True,T2,True,1.0,0.3529,0.3529
R00314,1,MUTATION,T2,t2_rename_local,ok,3,True,T2,True,1.0,1.0,1.0
R00314,2,UNTOUCHED,T1,none,ok,3,True,T1,True,0.8,0.8,0.6667
R00314,3,UNTOUCHED,T1,none,ok,3,True,T1,True,0.625,0.8333,0.5556
R00315,0,CLONE_INTERVAL,T1,t1_add_eol_comment,ok,1,True,T1,True,1.0,0.3103,0.3103
R00315,1,MUTATION,T1,t1_add_eol_comment,ok,1,True,T1,True,1.0,0.0455,0.0455
R00315,2,UNTOUCHED,T1,none,ok,1,True,T1,True,0.65,0.5909,0.4483
R00315,3,UNTOUCHED,T1,none,ok,1,True,T1,True,0.6,0.1364,0.125
R00316,0,CLONE_INTERVAL,T1,t1_add_eol_comment,ok,1,True,T1,True,1.0,0.5455,0.5455
R00316,1,MUTATION,T1,t1_add_eol_comment,ok,1,True,T1,True,1.0,0.1,0.1
R00316,2,UNTOUCHED,T1,none,ok,1,True,T1,True,0.75,0.3,0.2727
R00316,3,UNTOUCHED,T1,none,ok,1,True,T1,True,0.6667,0.2,0.1818
R00317,0,CLONE_INTERVAL,T2,t2_rename_local,ok,5,True,T2,True,1.0,0.6667,0.6667
R00317,1,MUTATION,T2,t2_rename_local,ok,7,True,T2,True,1.0,1.0,1.0
R00317,2,UNTOUCHED,T1,none,ok,7,True,T1,True,0.1429,1.0,0.1429
R00317,3,UNTOUCHED,T1,none,ok,7,True,T1,True,0.5,0.4286,0.3
R00318,0,CLONE_INTERVAL,T1,t1_add_blank_line,ok,1,True,T1,True,0.8571,0.2143,0.2069
R00318,1,MUTATION,T1,t1_add_blank_line,ok,1,False,,False,0.0,0.0,0.0
R00318,2,UNTOUCHED,T1,none,ok,1,True,T1,True,0.8,0.1818,0.1739
R00318,3,UNTOUCHED,T1,none,ok,1,True,T1,True,0.6842,0.5909,0.4643
R00319,0,CLONE_INTERVAL,T2,t2_rename_local,ok,1,True,T2,True,1.0,0.5,0.5
R00319,1,MUTATION,T2,t2_rename_local,ok,3,True,T2,True,0.8333,1.0,0.8333
R00319,2,UNTOUCHED,T1,none,ok,3,True,T1,True,0.8,1.0,0.8
R00319,3,UNTOUCHED,T1,none,ok,3,True,T1,True,0.6667,1.0,0.6667
R00320,0,CLONE_INTERVAL,T2,t2_rename_local,ok,1,True,T2,True,1.0,0.5,0.5
R00320,1,MUTATION,T2,t2_rename_local,ok,5,True,T2,True,0.625,1.0,0.625
R00320,2,UNTOUCHED,T1,none,ok,5,True,T1,True,0.75,1.0,0.75
R00320,3,UNTOUCHED,T1,none,ok,5,True,T1,True,0.625,1.0,0.625
R00321,0,CLONE_INTERVAL,T1,t1_add_eol_comment,ok,1,True,T1,True,1.0,0.5714,0.5714
R00321,1,MUTATION,T1,t1_add_eol_comment,ok,1,True,T1,True,1.0,0.0833,0.0833
R00321,2,UNTOUCHED,T1,none,ok,1,True,T1,True,0.4,0.3333,0.2222
R00321,3,UNTOUCHED,T1,none,ok,1,True,T1,True,0.6667,0.1667,0.1538
R00322,0,CLONE_INTERVAL,T2,t2_change_int_literal,ok,1,True,T2,True,1.0,0.4444,0.4444
R00322,1,MUTATION,T2,t2_change_int_literal,ok,3,True,T2,True,1.0,1.0,1.0
R00322,2,UNTOUCHED,T1,none,ok,3,True,T1,True,0.8,1.0,0.8
R00322,3,UNTOUCHED,T1,none,ok,3,True,T1,True,0.5714,0.4444,0.3333
R00323,0,CLONE_INTERVAL,T2,t2_rename_local,ok,1,True,T2,True,1.0,0.2727,0.2727
R00323,1,MUTATION,T2,t2_rename_local,ok,3,True,T2,True,1.0,1.0,1.0
R00323,2,UNTOUCHED,T1,none,ok,3,True,T1,True,0.75,0.6,0.5
R00323,3,UNTOUCHED,T1,none,ok,3,True,T1,True,0.7143,0.8333,0.625
R00324,0,CLONE_INTERVAL,T1,t1_add_blank_line,ok,1,True,T1,True,1.0,0.4167,0.4167
R00324,1,MUTATION,T1,t1_add_blank_line,ok,1,True,T1,True,1.0,0.0556,0.0556
R00324,2,UNTOUCHED,T1,none,ok,1,True,T1,True,0.6667,0.2222,0.2
R00324,3,UNTOUCHED,T1,none,ok,1,True,T1,True,0.6,0.3333,0.2727
R00325,0,CLONE_INTERVAL,T2,t2_change_string_literal,ok,1,True,T2,True,1.0,0.5,0.5
R00325,1,MUTATION,T2,t2_change_string_literal,ok,3,True,T2,True,1.0,1.0,1.0
R00325,2,UNTOUCHED,T1,none,ok,3,True,T1,True,0.75,0.25,0.2308
R00325,3,UNTOUCHED,T1,none,ok,3,True,T1,True,0.5,0.2222,0.1818
R00326,0,CLONE_INTERVAL,T2,t2_change_int_literal,ok,1,True,T2,True,1.0,0.6154,0.6154
R00326,1,MUTATION,T2,t2_change_int_literal,ok,3,True,T2,True,1.0,1.0,1.0
R00326,2,UNTOUCHED,T1,none,ok,3,True,T1,True,0.2222,1.0,0.2222
R00326,3,UNTOUCHED,T1,none,ok,3,True,T1,True,0.0076,0.1667,0.0074
R00327,0,CLONE_INTERVAL,T2,t2_rename_local,ok,1,True,T2,True,1.0,0.4286,0.4286
R00327,1,MUTATION,T2,t2_rename_local,ok,5,True,T1,False,0.4,1.0,0.4
R00327,2,UNTOUCHED,T1,none,ok,5,True,T1,True,0.6667,0.6667,0.5
R00327,3,UNTOUCHED,T1,none,ok,5,True,T1,True,0.5714,1.0,0.5714
R00328,0,CLONE_INTERVAL,T1,t1_add_blank_line,ok,1,True,T1,True,0.8571,0.3529,0.3333
R00328,1,MUTATION,T1,t1_add_blank_line,ok,1,False,,False,0.0,0.0,0.0
R00328,2,UNTOUCHED,T1,none,ok,1,True,T1,True,0.6667,0.1429,0.1333
R00328,3,UNTOUCHED,T1,none,ok,1,True,T1,True,0.6,0.4286,0.3333
R00329,0,CLONE_INTERVAL,T1,t1_add_eol_comment,ok,1,True,T1,True,1.0,0.7222,0.7222
R00329,1,MUTATION,T1,t1_add_eol_comment,ok,1,False,,False,0.0,0.0,0.0
R00329,2,UNTOUCHED,T1,none,ok,1,True,T1,True,0.6667,0.1429,0.1333
R00329,3,UNTOUCHED,T1,none,ok,1,True,T1,True,0.6,0.2143,0.1875
R00330,0,CLONE_INTERVAL,T3,t3_wrap_statement,ok,1,True,T3,True,1.0,0.2222,0.2222
R00330,1,MUTATION,T3,t3_wrap_statement,ok,3,True,T3,True,1.0,1.0,1.0
R00330,2,UNTOUCHED,T1,none,ok,3,True,T1,True,0.6667,0.3333,0.2857
R00330,3,UNTOUCHED,T1,none,ok,3,True,T1,True,0.65,0.8667,0.5909
R00331,0,CLONE_INTERVAL,T1,t1_add_blank_line,ok,1,True,T1,True,1.0,0.1818,0.1818
R00331,1,MUTATION,T1,t1_add_blank_line,ok,1,False,,False,0.0,0.0,0.0
R00331,2,UNTOUCHED,T1,none,ok,1,True,T1,True,0.8,0.1538,0.1481
R00331,3,UNTOUCHED,T1,none,ok,1,True,T1,True,0.7083,0.6538,0.5152
R00332,0,CLONE_INTERVAL,T2,t2_rename_local,ok,1,True,T2,True,1.0,0.6667,0.6667
R00332,1,MUTATION,T2,t2_rename_local,ok,3,True,T2,True,0.75,1.0,0.75
R00332,2,UNTOUCHED,T1,none,ok,3,True,T1,True,0.6667,0.6667,0.5
R00332,3,UNTOUCHED,T1,none,ok,3,True,T1,True,0.6,0.75,0.5
R00333,0,CLONE_INTERVAL,T2,t2_rename_local,ok,1,True,T2,True,1.0,0.4,0.4
R00333,1,MUTATION,T2,t2_rename_local,ok,5,True,T2,True,0.6667,1.0,0.6667
R00333,2,UNTOUCHED,T1,none,ok,5,True,T1,True,0.5,1.0,0.5
R00333,3,UNTOUCHED,T1,none,ok,5,True,T1,True,0.625,1.0,0.625
R00334,0,CLONE_INTERVAL,T1,t1_add_blank_line,ok,1,True,T1,True,0.8571,0.3,0.2857
R00334,1,MUTATION,T1,t1_add_blank_line,ok,1,False,,False,0.0,0.0,0.0
R00334,2,UNTOUCHED,T1,none,ok,1,True,T1,True,0.8,0.2667,0.25
R00334,3,UNTOUCHED,T1,none,ok,1,True,T1,True,0.5455,0.4,0.3
R00335,0,CLONE_INTERVAL,T2,t2_change_int_literal,ok,1,True,T2,True,1.0,0.5455,0.5455
R00335,1,MUTATION,T2,t2_change_int_literal,ok,3,True,T2,True,1.0,1.0,1.0
R00335,2,UNTOUCHED,T1,none,ok,3,True,T1,True,0.75,1.0,0.75
R00335,3,UNTOUCHED,T1,none,ok,3,True,T1,True,0.6667,0.3333,0.2857
R00336,0,CLONE_INTERVAL,T2,t2_change_int_literal,ok,1,True,T2,True,1.0,0.4286,0.4286
R00336,1,MUTATION,T2,t2_change_int_literal,ok,3,True,T2,True,1.0,1.0,1.0
R00336,2,UNTOUCHED,T1,none,ok,3,True,T1,True,0.75,0.75,0.6
R00336,3,UNTOUCHED,T1,none,ok,3,True,T1,True,0.5,0.5,0.3333
R00337,0,CLONE_INTERVAL,T2,t2_change_int_literal,ok,1,True,T2,True,0.8333,0.1351,0.1316
R00337,1,MUTATION,T2,t2_change_int_literal,ok,3,True,T2,True,1.0,1.0,1.0
R00337,2,UNTOUCHED,T1,none,ok,3,True,T1,True,0.75,0.2727,0.25
R00337,3,UNTOUCHED,T1,none,ok,3,True,T1,True,0.5556,0.2632,0.2174
R00338,0,CLONE_INTERVAL,T3,t3_insert_statement,ok,1,True,T3,True,0.8571,0.5455,0.5
R00338,1,MUTATION,T3,t3_insert_statement,ok,3,True,T3,True,1.0,1.0,1.0
R00338,2,UNTOUCHED,T1,none,ok,3,True,T1,True,0.6667,0.5,0.4
R00338,3,UNTOUCHED,T1,none,ok,3,True,T1,True,0.6,0.4286,0.3333
R00339,0,CLONE_INTERVAL,T3,t3_delete_statement,ok,1,True,T3,True,1.0,0.4667,0.4667
R00339,1,MUTATION,T3,t3_delete_statement,ok,3,True,T3,True,1.0,1.0,1.0
R00339,2,UNTOUCHED,T1,none,ok,3,True,T1,True,0.75,0.6,0.5
R00339,3,UNTOUCHED,T1,none,ok,3,True,T1,True,0.5,0.5,0.3333
R00340,0,CLONE_INTERVAL,T2,t2_rename_local,ok,1,True,T2,True,1.0,0.4615,0.4615
R00340,1,MUTATION,T2,t2_rename_local,ok,5,True,T2,True,0.5,1.0,0.5
R00340,2,UNTOUCHED,T1,none,ok,5,True,T1,True,0.3333,1.0,0.3333
R00340,3,UNTOUCHED,T1,none,ok,5,True,T1,True,0.7143,0.8333,0.625
R00341,0,CLONE_INTERVAL,T2,t2_rename_local,ok,1,True,T2,True,1.0,0.6,0.6
R00341,1,MUTATION,T2,t2_rename_local,ok,3,True,T2,True,1.0,1.0,1.0
R00341,2,UNTOUCHED,T1,none,ok,3,True,T1,True,0.6667,1.0,0.6667
R00341,3,UNTOUCHED,T1,none,ok,3,True,T1,True,0.6667,1.0,0.6667
R00342,0,CLONE_INTERVAL,T1,t1_reindent,ok,1,True,T1,True,1.0,0.4667,0.4667
R00342,1,MUTATION,T1,t1_reindent,ok,1,True,T1,True,0.8571,0.4615,0.4286
R00342,2,UNTOUCHED,T1,none,ok,1,True,T1,True,0.75,0.2308,0.2143
R00342,3,UNTOUCHED,T1,none,ok,1,True,T1,True,0.6667,0.3077,0.2667
R00343,0,CLONE_INTERVAL,T3,t3_delete_statement,ok,1,True,T3,True,1.0,0.5,0.5
R00343,1,MUTATION,T3,t3_delete_statement,ok,3,True,T3,True,1.0,1.0,1.0
R00343,2,UNTOUCHED,T1,none,ok,3,True,T1,True,0.6667,0.4,0.3333
R00343,3,UNTOUCHED,T1,none,ok,3,True,T1,True,0.6667,0.1818,0.1667
R00344,0,CLONE_INTERVAL,T2,t2_rename_local,ok,1,True,T2,True,1.0,0.2857,0.2857
R00344,1,MUTATION,T2,t2_rename_local,ok,5,True,T2,True,0.3333,1.0,0.3333
R00344,2,UNTOUCHED,T1,none,ok,5,True,T1,True,0.75,0.75,0.6
R00344,3,UNTOUCHED,T1,none,ok,5,True,T1,True,0.6923,0.9,0.6429
R00345,0,CLONE_INTERVAL,T1,t1_reindent,ok,1,True,T1,True,1.0,0.5,0.5
R00345,1,MUTATION,T1,t1_reindent,ok,1,True,T1,True,0.8333,0.5,0.4545
R00345,2,UNTOUCHED,T1,none,ok,1,True,T1,True,0.6667,0.2,0.1818
R00345,3,UNTOUCHED,T1,none,ok,1,True,T1,True,0.6,0.3,0.25
R00346,0,CLONE_INTERVAL,T1,t1_add_blank_line,ok,2,True,T1,True,0.9167,0.5789,0.55
R00346,1,MUTATION,T1,t1_add_blank_line,ok,2,False,,False,0.0,0.0,0.0
R00346,2,UNTOUCHED,T1,none,ok,2,True,T1,True,0.6667,0.1333,0.125
R00346,3,UNTOUCHED,T1,none,ok,2,True,T1,True,0.7143,0.3333,0.2941
R00347,0,CLONE_INTERVAL,T1,t1_add_block_comment,ok,1,True,T1,True,1.0,0.3158,0.3158
R00347,1,MUTATION,T1,t1_add_block_comment,ok,1,True,T1,True,1.0,0.0667,0.0667
R00347,2,UNTOUCHED,T1,none,ok,1,True,T1,True,0.6667,0.1333,0.125
R00347,3,UNTOUCHED,T1,none,ok,1,True,T1,True,0.5833,0.4667,0.35
R00348,0,CLONE_INTERVAL,T2,t2_change_string_literal,ok,1,True,T2,True,0.875,0.5385,0.5
R00348,1,MUTATION,T2,t2_change_string_literal,ok,3,True,T2,True,1.0,1.0,1.0
R00348,2,UNTOUCHED,T1,none,ok,3,True,T1,True,0.8,1.0,0.8
R00348,3,UNTOUCHED,T1,none,ok,3,True,T1,True,0.5,0.2857,0.2222
R00349,0,CLONE_INTERVAL,T3,t3_delete_statement,ok,1,True,T3,True,1.0,0.7647,0.7647
R00349,1,MUTATION,T3,t3_delete_statement,ok,3,True,T3,True,1.0,1.0,1.0
R00349,2,UNTOUCHED,T1,none,ok,3,True,T1,True,0.6667,0.6667,0.5
R00349,3,UNTOUCHED,T1,none,ok,3,True,T1,True,0.6667,0.1818,0.1667
R00350,0,CLONE_INTERVAL,T1,t1_reindent,ok,1,True,T1,True,1.0,0.2727,0.2727
R00350,1,MUTATION,T1,t1_reindent,ok,1,True,T1,True,0.8333,0.3125,0.2941
R00350,2,UNTOUCHED,T1,none,ok,1,True,T1,True,0.75,0.1875,0.1765
R00350,3,UNTOUCHED,T1,none,ok,1,True,T1,True,0.5714,0.5,0.3636
R00351,0,CLONE_INTERVAL,T2,t2_rename_local,ok,1,True,T2,True,1.0,0.5833,0.5833
R00351,1,MUTATION,T2,t2_rename_local,ok,3,True,T2,True,0.8,1.0,0.8
R00351,2,UNTOUCHED,T1,none,ok,3,True,T1,True,0.75,0.75,0.6
R00351,3,UNTOUCHED,T1,none,ok,3,True,T1,True,0.6667,1.0,0.6667
R00352,0,CLONE_INTERVAL,T1,t1_reindent,ok,1,True,T1,True,1.0,0.5,0.5
R00352,1,MUTATION,T1,t1_reindent,ok,1,True,T1,True,0.8333,0.5,0.4545
R00352,2,UNTOUCHED,T1,none,ok,1,True,T1,True,0.5,0.2,0.1667
R00352,3,UNTOUCHED,T1,none,ok,1,True,T1,True,0.5,0.3,0.2308
R00353,0,CLONE_INTERVAL,T1,t1_add_eol_comment,ok,1,True,T1,True,1.0,0.5556,0.5556
R00353,1,MUTATION,T1,t1_add_eol_comment,ok,1,True,T1,True,1.0,0.05,0.05
R00353,2,UNTOUCHED,T1,none,ok,1,True,T1,True,0.6667,0.1,0.0952
R00353,3,UNTOUCHED,T1,none,ok,1,True,T1,True,0.7273,0.4,0.3478
R00354,0,CLONE_INTERVAL,T1,t1_add_block_comment,ok,1,True,T1,True,0.8571,0.6667,0.6
R00354,1,MUTATION,T1,t1_add_block_comment,ok,1,False,,False,0.0,0.0,0.0
R00354,2,UNTOUCHED,T1,none,ok,1,True,T1,True,0.4,0.2857,0.2
R00354,3,UNTOUCHED,T1,none,ok,1,True,T1,True,0.3333,0.1429,0.1111
R00355,0,CLONE_INTERVAL,T1,t1_reindent,ok,1,True,T1,True,0.8333,0.4545,0.4167
R00355,1,MUTATION,T1,t1_reindent,ok,1,True,T1,True,0.8333,0.4545,0.4167
R00355,2,UNTOUCHED,T1,none,ok,1,True,T1,True,0.6667,0.3636,0.3077
R00355,3,UNTOUCHED,T1,none,ok,1,True,T1,True,0.6667,0.1818,0.1667
R00356,0,CLONE_INTERVAL,T1,t1_add_eol_comment,ok,1,True,T1,True,1.0,0.4,0.4
R00356,1,MUTATION,T1,t1_add_eol_comment,ok,1,True,T1,True,1.0,0.0333,0.0333
R00356,2,UNTOUCHED,T1,none,ok,1,True,T1,True,0.75,0.1,0.0968
R00356,3,UNTOUCHED,T1,none,ok,1,True,T1,True,0.7895,0.5,0.4412
R00357,0,CLONE_INTERVAL,T1,t1_add_blank_line,ok,1,True,T1,True,1.0,0.2308,0.2308
R00357,1,MUTATION,T1,t1_add_blank_line,ok,1,True,T1,True,1.0,0.0435,0.0435
R00357,2,UNTOUCHED,T1,none,ok,1,True,T1,True,0.8,0.5217,0.4615
R00357,3,UNTOUCHED,T1,none,ok,1,True,T1,True,0.75,0.2609,0.24
R00358,0,CLONE_INTERVAL,T3,t3_delete_statement,ok,1,True,T3,True,1.0,0.3714,0.3714
R00358,1,MUTATION,T3,t3_delete_statement,ok,3,True,T3,True,1.0,1.0,1.0
R00358,2,UNTOUCHED,T1,none,ok,3,True,T1,True,0.75,0.8571,0.6667
R00358,3,UNTOUCHED,T1,none,ok,3,True,T1,True,0.75,0.6316,0.5217
R00359,0,CLONE_INTERVAL,T1,t1_add_eol_comment,ok,1,True,T1,True,1.0,0.5909,0.5909
R00359,1,MUTATION,T1,t1_add_eol_comment,ok,1,True,T1,True,1.0,0.0588,0.0588
R00359,2,UNTOUCHED,T1,none,ok,1,True,T1,True,0.6667,0.1176,0.1111
R00359,3,UNTOUCHED,T1,none,ok,1,True,T1,True,0.5,0.2353,0.1905
R00360,0,CLONE_INTERVAL,T1,t1_add_eol_comment,ok,1,True,T1,True,1.0,0.25,0.25
R00360,1,MUTATION,T1,t1_add_eol_comment,ok,1,True,T1,True,1.0,0.0417,0.0417
R00360,2,UNTOUCHED,T1,none,ok,1,True,T1,True,0.75,0.125,0.12
R00360,3,UNTOUCHED,T1,none,ok,1,True,T1,True,0.6667,0.0833,0.08
R00361,0,CLONE_INTERVAL,T1,t1_add_eol_comment,ok,1,True,T1,True,1.0,0.1111,0.1111
R00361,1,MUTATION,T1,t1_add_eol_comment,ok,1,True,T1,True,1.0,0.025,0.025
R00361,2,UNTOUCHED,T1,none,ok,1,True,T1,True,0.6667,0.05,0.0488
R00361,3,UNTOUCHED,T1,none,ok,1,True,T1,True,0.6207,0.45,0.3529
R00362,0,CLONE_INTERVAL,T2,t2_rename_local,ok,1,True,T2,True,1.0,0.4737,0.4737
R00362,1,MUTATION,T2,t2_rename_local,ok,5,True,T1,False,0.7143,1.0,0.7143
R00362,2,UNTOUCHED,T1,none,ok,5,True,T1,True,0.6667,1.0,0.6667
R00362,3,UNTOUCHED,T1,none,ok,5,True,T1,True,0.6667,0.8571,0.6
R00363,0,CLONE_INTERVAL,T2,t2_rename_local,ok,1,True,T2,True,1.0,0.2609,0.2609
R00363,1,MUTATION,T2,t2_rename_local,ok,3,True,T2,True,1.0,1.0,1.0
R00363,2,UNTOUCHED,T1,none,ok,3,True,T1,True,0.6667,1.0,0.6667
R00363,3,UNTOUCHED,T1,none,ok,3,True,T1,True,0.7,0.4667,0.3889
R00364,0,CLONE_INTERVAL,T2,t2_change_int_literal,ok,2,True,T2,True,1.0,0.2222,0.2222
R00364,1,MUTATION,T2,t2_change_int_literal,ok,4,True,T2,True,1.0,1.0,1.0
R00364,2,UNTOUCHED,T1,none,ok,4,True,T1,True,0.75,0.3,0.2727
R00364,3,UNTOUCHED,T1,none,ok,4,True,T1,True,0.5,0.25,0.2
R00365,0,CLONE_INTERVAL,T3,t3_wrap_statement,ok,1,True,T3,True,1.0,0.2222,0.2222
R00365,1,MUTATION,T3,t3_wrap_statement,ok,3,True,T3,True,1.0,1.0,1.0
R00365,2,UNTOUCHED,T1,none,ok,3,True,T1,True,0.8333,1.0,0.8333
R00365,3,UNTOUCHED,T1,none,ok,3,True,T1,True,0.7647,0.7222,0.5909
R00366,0,CLONE_INTERVAL,T1,t1_add_block_comment,ok,1,True,T1,True,1.0,0.375,0.375
R00366,1,MUTATION,T1,t1_add_block_comment,ok,1,True,T1,True,1.0,0.0714,0.0714
R00366,2,UNTOUCHED,T1,none,ok,1,True,T1,True,0.6,0.2143,0.1875
R00366,3,UNTOUCHED,T1,none,ok,1,True,T1,True,0.625,0.3571,0.2941
R00367,0,CLONE_INTERVAL,T1,t1_add_blank_line,ok,1,True,T1,True,0.8571,0.3158,0.3
R00367,1,MUTATION,T1,t1_add_blank_line,ok,1,True,T1,True,1.0,0.0625,0.0625
R00367,2,UNTOUCHED,T1,none,ok,1,True,T1,True,0.6667,0.125,0.1176
R00367,3,UNTOUCHED,T1,none,ok,1,True,T1,True,0.6364,0.4375,0.35
R00368,0,CLONE_INTERVAL,T1,t1_reindent,ok,1,True,T1,True,1.0,0.3529,0.3529
R00368,1,MUTATION,T1,t1_reindent,ok,1,True,T1,True,1.0,0.4286,0.4286
R00368,2,UNTOUCHED,T1,none,ok,1,True,T1,True,0.6667,0.1429,0.1333
R00368,3,UNTOUCHED,T1,none,ok,1,True,T1,True,0.6,0.4286,0.3333
R00369,0,CLONE_INTERVAL,T2,t2_change_string_literal,ok,1,True,T2,True,0.8333,0.5556,0.5
R00369,1,MUTATION,T2,t2_change_string_literal,ok,3,True,T2,True,1.0,1.0,1.0
R00369,2,UNTOUCHED,T1,none,ok,3,False,,False,0.0,0.0,0.0
R00369,3,UNTOUCHED,T1,none,ok,3,True,T1,True,0.5,0.75,0.4286
R00370,0,CLONE_INTERVAL,T2,t2_change_string_literal,ok,1,False,,False,0.5,0.1875,0.1579
R00370,1,MUTATION,T2,t2_change_string_literal,ok,3,True,T2,True,1.0,1.0,1.0
R00370,2,UNTOUCHED,T1,none,ok,3,True,T1,True,0.3333,0.5,0.25
R00370,3,UNTOUCHED,T1,none,ok,3,True,T1,True,0.6923,0.9,0.6429
R00371,0,CLONE_INTERVAL,T1,t1_add_eol_comment,ok,1,True,T1,True,1.0,0.375,0.375
R00371,1,MUTATION,T1,t1_add_eol_comment,ok,1,True,T1,True,1.0,0.0667,0.0667
R00371,2,UNTOUCHED,T1,none,ok,1,True,T1,True,0.6667,0.1333,0.125
R00371,3,UNTOUCHED,T1,none,ok,1,True,T1,True,0.7778,0.4667,0.4118
R00372,0,CLONE_INTERVAL,T2,t2_change_int_literal,ok,1,True,T2,True,1.0,0.3333,0.3333
R00372,1,MUTATION,T2,t2_change_int_literal,ok,3,True,T2,True,1.0,1.0,1.0
R00372,2,UNTOUCHED,T1,none,ok,3,True,T1,True,0.8,1.0,0.8
R00372,3,UNTOUCHED,T1,none,ok,3,True,T1,True,0.6667,0.6,0.4615
R00373,0,CLONE_INTERVAL,T2,t2_change_int_literal,ok,1,True,T2,True,1.0,0.5833,0.5833
R00373,1,MUTATION,T2,t2_change_int_literal,ok,3,True,T2,True,1.0,1.0,1.0
R00373,2,UNTOUCHED,T1,none,ok,3,True,T1,True,0.75,1.0,0.75
R00373,3,UNTOUCHED,T1,none,ok,3,True,T1,True,0.6667,0.2857,0.25
R00374,0,CLONE_INTERVAL,T3,t3_wrap_statement,ok,1,True,T3,True,1.0,0.3333,0.3333
R00374,1,MUTATION,T3,t3_wrap_statement,ok,3,True,T3,True,1.0,1.0,1.0
R00374,2,UNTOUCHED,T1,none,ok,3,True,T1,True,0.75,0.3,0.2727
R00374,3,UNTOUCHED,T1,none,ok,3,True,T1,True,0.5,0.75,0.4286
R00375,0,CLONE_INTERVAL,T1,t1_reindent,ok,1,True,T1,True,1.0,0.6,0.6
R00375,1,MUTATION,T1,t1_reindent,ok,1,True,T1,True,0.8889,0.5714,0.5333
R00375,2,UNTOUCHED,T1,none,ok,1,True,T1,True,0.75,0.2143,0.2
R00375,3,UNTOUCHED,T1,none,ok,1,True,T1,True,0.75,0.2143,0.2
R00376,0,CLONE_INTERVAL,T1,t1_add_blank_line,ok,2,True,T1,True,1.0,0.3404,0.3404
R00376,1,MUTATION,T1,t1_add_blank_line,ok,2,False,,False,0.0,0.0,0.0
R00376,2,UNTOUCHED,T1,none,ok,2,True,T1,True,0.8571,0.1463,0.1429
R00376,3,UNTOUCHED,T1,none,ok,2,True,T1,True,0.5,0.0488,0.0465
R00377,0,CLONE_INTERVAL,T3,t3_wrap_statement,ok,1,True,T3,True,1.0,0.7188,0.7188
R00377,1,MUTATION,T3,t3_wrap_statement,ok,3,True,T3,True,1.0,1.0,1.0
R00377,2,UNTOUCHED,T1,none,ok,3,True,T1,True,0.5,0.6667,0.4
R00377,3,UNTOUCHED,T1,none,ok,3,True,T1,True,0.625,0.2083,0.1852
R00378,0,CLONE_INTERVAL,T3,t3_wrap_statement,ok,1,True,T3,True,1.0,0.3158,0.3158
R00378,1,MUTATION,T3,t3_wrap_statement,ok,3,True,T3,True,1.0,1.0,1.0
R00378,2,UNTOUCHED,T1,none,ok,3,True,T1,True,0.6667,0.6667,0.5
R00378,3,UNTOUCHED,T1,none,ok,3,True,T1,True,0.5714,0.6667,0.4444
R00379,0,CLONE_INTERVAL,T1,t1_add_block_comment,ok,1,True,T1,True,0.8571,0.4286,0.4
R00379,1,MUTATION,T1,t1_add_block_comment,ok,1,False,,False,0.0,0.0,0.0
R00379,2,UNTOUCHED,T1,none,ok,1,True,T1,True,0.6667,0.1818,0.1667
R00379,3,UNTOUCHED,T1,none,ok,1,True,T1,True,0.7143,0.4545,0.3846
R00380,0,CLONE_INTERVAL,T3,t3_insert_statement,ok,1,True,T3,True,1.0,0.3333,0.3333
R00380,1,MUTATION,T3,t3_insert_statement,ok,3,True,T3,True,1.0,1.0,1.0
R00380,2,UNTOUCHED,T1,none,ok,3,True,T1,True,0.8,0.5,0.4444
R00380,3,UNTOUCHED,T1,none,ok,3,True,T1,True,0.625,1.0,0.625
R00381,0,CLONE_INTERVAL,T3,t3_delete_statement,ok,1,True,T3,True,0.8333,0.4545,0.4167
R00381,1,MUTATION,T3,t3_delete_statement,ok,3,True,T3,True,1.0,1.0,1.0
R00381,2,UNTOUCHED,T1,none,ok,3,True,T1,True,0.8333,0.7143,0.625
R00381,3,UNTOUCHED,T1,none,ok,3,True,T1,True,0.3333,0.25,0.1667
R00382,0,CLONE_INTERVAL,T3,t3_wrap_statement,ok,1,True,T3,True,0.75,0.5455,0.4615
R00382,1,MUTATION,T3,t3_wrap_statement,ok,3,True,T3,True,1.0,0.5,0.5
R00382,2,UNTOUCHED,T1,none,ok,3,True,T1,True,0.8,0.5,0.4444
R00382,3,UNTOUCHED,T1,none,ok,3,True,T1,True,0.5,0.5,0.3333
R00383,0,CLONE_INTERVAL,T3,t3_delete_statement,ok,1,True,T3,True,1.0,0.1111,0.1111
R00383,1,MUTATION,T3,t3_delete_statement,ok,3,True,T3,True,1.0,1.0,1.0
R00383,2,UNTOUCHED,T1,none,ok,3,True,T1,True,0.6667,0.2857,0.25
R00383,3,UNTOUCHED,T1,none,ok,3,True,T1,True,0.6585,1.0,0.6585
R00384,0,CLONE_INTERVAL,T2,t2_rename_local,ok,1,True,T2,True,1.0,0.36,0.36
R00384,1,MUTATION,T2,t2_rename_local,ok,3,True,T2,True,1.0,1.0,1.0
R00384,2,UNTOUCHED,T1,none,ok,3,True,T1,True,0.75,1.0,0.75
R00384,3,UNTOUCHED,T1,none,ok,3,True,T1,True,0.6429,1.0,0.6429
R00385,0,CLONE_INTERVAL,T1,t1_add_block_comment,ok,1,True,T1,True,0.875,0.4118,0.3889
R00385,1,MUTATION,T1,t1_add_block_comment,ok,1,False,,False,0.0,0.0,0.0
R00385,2,UNTOUCHED,T1,none,ok,1,True,T1,True,0.3333,0.0769,0.0667
R00385,3,UNTOUCHED,T1,none,ok,1,True,T1,True,0.5455,0.4615,0.3333
R00386,0,CLONE_INTERVAL,T3,t3_insert_statement,ok,1,True,T3,True,1.0,0.32,0.32
R00386,1,MUTATION,T3,t3_insert_statement,ok,3,True,T3,True,1.0,1.0,1.0
R00386,2,UNTOUCHED,T1,none,ok,3,True,T1,True,0.75,0.3333,0.3
R00386,3,UNTOUCHED,T1,none,ok,3,True,T1,True,0.6667,0.4,0.3333
R00387,0,CLONE_INTERVAL,T1,t1_add_eol_comment,ok,1,True,T1,True,1.0,0.4,0.4
R00387,1,MUTATION,T1,t1_add_eol_comment,ok,1,True,T1,True,1.0,0.0833,0.0833
R00387,2,UNTOUCHED,T1,none,ok,1,True,T1,True,0.6667,0.1667,0.1538
R00387,3,UNTOUCHED,T1,none,ok,1,True,T1,True,0.625,0.4167,0.3333
R00388,0,CLONE_INTERVAL,T1,t1_add_block_comment,ok,1,True,T1,True,0.9286,0.6842,0.65
R00388,1,MUTATION,T1,t1_add_block_comment,ok,1,False,,False,0.0,0.0,0.0
R00388,2,UNTOUCHED,T1,none,ok,1,True,T1,True,0.6667,0.1176,0.1111
R00388,3,UNTOUCHED,T1,none,ok,1,True,T1,True,0.6667,0.2353,0.2105
R00389,0,CLONE_INTERVAL,T3,t3_wrap_statement,ok,1,True,T3,True,0.8333,0.2778,0.2632
R00389,1,MUTATION,T3,t3_wrap_statement,ok,3,True,T3,True,1.0,1.0,1.0
R00389,2,UNTOUCHED,T1,none,ok,3,True,T1,True,0.75,0.4286,0.375
R00389,3,UNTOUCHED,T1,none,ok,3,True,T1,True,0.6364,0.875,0.5833
R00390,0,CLONE_INTERVAL,T1,t1_add_eol_comment,ok,1,False,,False,0.6667,0.2727,0.24
R00390,1,MUTATION,T1,t1_add_eol_comment,ok,1,True,T1,True,1.0,0.0556,0.0556
R00390,2,UNTOUCHED,T1,none,ok,1,True,T1,True,0.3333,0.0556,0.05
R00390,3,UNTOUCHED,T1,none,ok,1,True,T1,True,0.75,0.6667,0.5455
R00391,0,CLONE_INTERVAL,T2,t2_rename_local,ok,1,True,T2,True,1.0,0.3158,0.3158
R00391,1,MUTATION,T2,t2_rename_local,ok,3,True,T2,True,1.0,1.0,1.0
R00391,2,UNTOUCHED,T1,none,ok,3,True,T1,True,0.8333,0.7143,0.625
R00391,3,UNTOUCHED,T1,none,ok,3,True,T1,True,0.6667,0.8571,0.6
R00392,0,CLONE_INTERVAL,T1,t1_add_block_comment,ok,1,True,T1,True,0.8571,0.5,0.4615
R00392,1,MUTATION,T1,t1_add_block_comment,ok,1,False,,False,0.0,0.0,0.0
R00392,2,UNTOUCHED,T1,none,ok,1,True,T1,True,0.6667,0.2,0.1818
R00392,3,UNTOUCHED,T1,none,ok,1,True,T1,True,0.6,0.3,0.25
R00393,0,CLONE_INTERVAL,T3,t3_insert_statement,ok,3,True,T3,True,1.0,0.32,0.32
R00393,1,MUTATION,T3,t3_insert_statement,ok,5,True,T3,True,1.0,1.0,1.0
R00393,2,UNTOUCHED,T1,none,ok,5,True,T1,True,0.6667,0.4,0.3333
R00393,3,UNTOUCHED,T1,none,ok,5,True,T1,True,0.6667,0.2,0.1818
R00394,0,CLONE_INTERVAL,T3,t3_insert_statement,ok,1,True,T3,True,1.0,0.5263,0.5263
R00394,1,MUTATION,T3,t3_insert_statement,ok,3,True,T3,True,1.0,1.0,1.0
R00394,2,UNTOUCHED,T1,none,ok,3,True,T1,True,0.6667,0.4615,0.375
R00394,3,UNTOUCHED,T1,none,ok,3,True,T1,True,0.6667,1.0,0.6667
R00395,0,CLONE_INTERVAL,T3,t3_wrap_statement,ok,1,True,T3,True,0.8333,0.0424,0.042
R00395,1,MUTATION,T3,t3_wrap_statement,ok,3,True,T3,True,1.0,1.0,1.0
R00395,2,UNTOUCHED,T1,none,ok,3,False,,False,0.0,0.0,0.0
R00395,3,UNTOUCHED,T1,none,ok,3,True,T1,True,0.5556,0.5,0.3571
R00396,0,CLONE_INTERVAL,T3,t3_wrap_statement,ok,1,True,T3,True,1.0,0.3448,0.3448
R00396,1,MUTATION,T3,t3_wrap_statement,ok,3,True,T3,True,1.0,1.0,1.0
R00396,2,UNTOUCHED,T1,none,ok,3,True,T1,True,0.6667,0.3333,0.2857
R00396,3,UNTOUCHED,T1,none,ok,3,True,T1,True,0.7222,0.7647,0.5909
R00397,0,CLONE_INTERVAL,T2,t2_change_int_literal,ok,1,True,T2,True,0.8,0.2,0.1905
R00397,1,MUTATION,T2,t2_change_int_literal,ok,3,True,T2,True,1.0,1.0,1.0
R00397,2,UNTOUCHED,T1,none,ok,3,True,T1,True,0.6667,0.5,0.4
R00397,3,UNTOUCHED,T1,none,ok,3,True,T1,True,0.5758,0.8636,0.5278
R00398,0,CLONE_INTERVAL,T3,t3_insert_statement,ok,1,True,T3,True,1.0,0.4333,0.4333
R00398,1,MUTATION,T3,t3_insert_statement,ok,3,True,T3,True,1.0,1.0,1.0
R00398,2,UNTOUCHED,T1,none,ok,3,True,T1,True,0.7143,0.3571,0.3125
R00398,3,UNTOUCHED,T1,none,ok,3,True,T1,True,0.6667,0.2222,0.2
R00399,0,CLONE_INTERVAL,T2,t2_change_string_literal,ok,1,True,T2,True,1.0,0.5185,0.5185
R00399,1,MUTATION,T2,t2_change_string_literal,ok,3,True,T2,True,1.0,1.0,1.0
R00399,2,UNTOUCHED,T1,none,ok,3,True,T1,True,0.8,0.3636,0.3333
R00399,3,UNTOUCHED,T1,none,ok,3,True,T1,True,0.7,0.7778,0.5833
R00400,0,CLONE_INTERVAL,T3,t3_insert_statement,ok,1,True,T3,True,1.0,0.375,0.375
R00400,1,MUTATION,T3,t3_insert_statement,ok,3,True,T3,True,1.0,1.0,1.0
R00400,2,UNTOUCHED,T1,none,ok,3,True,T1,True,0.6667,0.2857,0.25
R00400,3,UNTOUCHED,T1,none,ok,3,True,T1,True,0.6667,1.0,0.6667
R00401,0,CLONE_INTERVAL,T3,t3_insert_statement,ok,1,True,T3,True,1.0,0.3043,0.3043
R00401,1,MUTATION,T3,t3_insert_statement,ok,3,True,T3,True,1.0,1.0,1.0
R00401,2,UNTOUCHED,T1,none,ok,3,True,T1,True,0.3333,0.1429,0.1111
R00401,3,UNTOUCHED,T1,none,ok,3,True,T1,True,0.7333,1.0,0.7333
R00402,0,CLONE_INTERVAL,T1,t1_add_block_comment,ok,1,True,T1,True,1.0,0.5909,0.5909
R00402,1,MUTATION,T1,t1_add_block_comment,ok,1,False,,False,0.0,0.0,0.0
R00402,2,UNTOUCHED,T1,none,ok,1,True,T1,True,0.8333,0.25,0.2381
R00402,3,UNTOUCHED,T1,none,ok,1,True,T1,True,0.8,0.2,0.1905
R00403,0,CLONE_INTERVAL,T1,t1_add_block_comment,ok,3,True,T1,True,0.7143,0.3333,0.2941
R00403,1,MUTATION,T1,t1_add_block_comment,ok,3,False,,False,0.0,0.0,0.0
R00403,2,UNTOUCHED,T1,none,ok,3,True,T1,True,0.6667,0.1667,0.1538
R00403,3,UNTOUCHED,T1,none,ok,3,True,T1,True,0.5556,0.4167,0.3125
R00404,0,CLONE_INTERVAL,T1,t1_add_eol_comment,ok,1,True,T1,True,1.0,0.24,0.24
R00404,1,MUTATION,T1,t1_add_eol_comment,ok,1,False,,False,0.0,0.0,0.0
R00404,2,UNTOUCHED,T1,none,ok,1,True,T1,True,0.8,0.2222,0.2105
R00404,3,UNTOUCHED,T1,none,ok,1,True,T1,True,0.625,0.5556,0.4167
R00405,0,CLONE_INTERVAL,T2,t2_change_string_literal,ok,1,True,T2,True,1.0,0.44,0.44
R00405,1,MUTATION,T2,t2_change_string_literal,ok,3,True,T2,True,1.0,1.0,1.0
R00405,2,UNTOUCHED,T1,none,ok,3,True,T1,True,0.75,0.9,0.6923
R00405,3,UNTOUCHED,T1,none,ok,3,True,T1,True,0.8,0.4,0.3636
R00406,0,CLONE_INTERVAL,T1,t1_add_eol_comment,ok,1,True,T1,True,0.8333,0.2273,0.2174
R00406,1,MUTATION,T1,t1_add_eol_comment,ok,1,True,T1,True,1.0,0.0588,0.0588
R00406,2,UNTOUCHED,T1,none,ok,1,False,,False,0.0,0.0,0.0
R00406,3,UNTOUCHED,T1,none,ok,1,True,T1,True,0.6316,0.7059,0.5
R00407,0,CLONE_INTERVAL,T2,t2_change_string_literal,ok,1,True,T2,True,0.9231,0.6316,0.6
R00407,1,MUTATION,T2,t2_change_string_literal,ok,3,True,T2,True,1.0,1.0,1.0
R00407,2,UNTOUCHED,T1,none,ok,3,True,T1,True,0.6667,0.2857,0.25
R00407,3,UNTOUCHED,T1,none,ok,3,True,T1,True,0.5,0.4286,0.3
R00408,0,CLONE_INTERVAL,T3,t3_wrap_statement,ok,1,True,T3,True,1.0,0.3529,0.3529
R00408,1,MUTATION,T3,t3_wrap_statement,ok,3,True,T3,True,1.0,1.0,1.0
R00408,2,UNTOUCHED,T1,none,ok,3,True,T1,True,0.5,0.6667,0.4
R00408,3,UNTOUCHED,T1,none,ok,3,True,T1,True,0.6,0.6,0.4286
R00409,0,CLONE_INTERVAL,T3,t3_delete_statement,ok,1,True,T3,True,1.0,0.2759,0.2759
R00409,1,MUTATION,T3,t3_delete_statement,ok,4,True,T2,False,1.0,0.3333,0.3333
R00409,2,UNTOUCHED,T1,none,ok,4,True,T1,True,0.4,1.0,0.4
R00409,3,UNTOUCHED,T1,none,ok,4,True,T1,True,0.7,0.7778,0.5833
R00410,0,CLONE_INTERVAL,T2,t2_change_string_literal,ok,1,True,T2,True,1.0,0.1622,0.1622
R00410,1,MUTATION,T2,t2_change_string_literal,ok,3,True,T2,True,1.0,1.0,1.0
R00410,2,UNTOUCHED,T1,none,ok,3,True,T1,True,0.6667,1.0,0.6667
R00410,3,UNTOUCHED,T1,none,ok,3,True,T1,True,0.5882,0.8,0.5128
R00411,0,CLONE_INTERVAL,T2,t2_change_string_literal,ok,1,True,T2,True,1.0,0.4545,0.4545
R00411,1,MUTATION,T2,t2_change_string_literal,ok,3,True,T2,True,1.0,1.0,1.0
R00411,2,UNTOUCHED,T1,none,ok,3,True,T1,True,0.75,0.3333,0.3
R00411,3,UNTOUCHED,T1,none,ok,3,True,T1,True,0.6786,0.5938,0.4634
R00412,0,CLONE_INTERVAL,T1,t1_add_eol_comment,ok,1,True,T1,True,1.0,0.1081,0.1081
R00412,1,MUTATION,T1,t1_add_eol_comment,ok,1,True,T1,True,1.0,0.0109,0.0109
R00412,2,UNTOUCHED,T1,none,ok,1,True,T1,True,0.7,0.0761,0.0737
R00412,3,UNTOUCHED,T1,none,ok,1,True,T1,True,0.7059,0.1304,0.1237
R00413,0,CLONE_INTERVAL,T3,t3_delete_statement,ok,3,True,T3,True,1.0,0.3333,0.3333
R00413,1,MUTATION,T3,t3_delete_statement,ok,5,True,T3,True,1.0,1.0,1.0
R00413,2,UNTOUCHED,T1,none,ok,5,True,T1,True,0.5,0.3333,0.25
R00413,3,UNTOUCHED,T1,none,ok,5,True,T1,True,0.6667,0.3333,0.2857
R00414,0,CLONE_INTERVAL,T1,t1_add_block_comment,ok,1,True,T1,True,1.0,0.375,0.375
R00414,1,MUTATION,T1,t1_add_block_comment,ok,1,False,,False,0.0,0.0,0.0
R00414,2,UNTOUCHED,T1,none,ok,1,True,T1,True,0.75,0.2,0.1875
R00414,3,UNTOUCHED,T1,none,ok,1,True,T1,True,0.7,0.4667,0.3889
R00415,0,CLONE_INTERVAL,T1,t1_add_blank_line,ok,1,True,T1,True,0.8571,0.3158,0.3
R00415,1,MUTATION,T1,t1_add_blank_line,ok,1,False,,False,0.0,0.0,0.0
R00415,2,UNTOUCHED,T1,none,ok,1,True,T1,True,0.8333,0.3333,0.3125
R00415,3,UNTOUCHED,T1,none,ok,1,True,T1,True,0.5556,0.3333,0.2632
R00416,0,CLONE_INTERVAL,T1,t1_add_block_comment,ok,1,True,T1,True,0.8571,0.3529,0.3333
R00416,1,MUTATION,T1,t1_add_block_comment,ok,1,False,,False,0.0,0.0,0.0
R00416,2,UNTOUCHED,T1,none,ok,1,True,T1,True,0.6667,0.1429,0.1333
R00416,3,UNTOUCHED,T1,none,ok,1,True,T1,True,0.7,0.5,0.4118
R00417,0,CLONE_INTERVAL,T1,t1_add_blank_line,ok,1,True,T1,True,1.0,0.5714,0.5714
R00417,1,MUTATION,T1,t1_add_blank_line,ok,1,False,,False,0.0,0.0,0.0
R00417,2,UNTOUCHED,T1,none,ok,1,True,T1,True,0.75,0.1875,0.1765
R00417,3,UNTOUCHED,T1,none,ok,1,True,T1,True,0.5714,0.25,0.2105
R00418,0,CLONE_INTERVAL,T2,t2_change_int_literal,ok,1,True,T2,True,1.0,0.3529,0.3529
R00418,1,MUTATION,T2,t2_change_int_literal,ok,3,True,T2,True,1.0,1.0,1.0
R00418,2,UNTOUCHED,T1,none,ok,3,True,T1,True,0.875,1.0,0.875
R00418,3,UNTOUCHED,T1,none,ok,3,True,T1,True,0.6,0.5,0.375
R00419,0,CLONE_INTERVAL,T3,t3_wrap_statement,ok,1,True,T3,True,0.8333,0.1316,0.1282
R00419,1,MUTATION,T3,t3_wrap_statement,ok,3,True,T3,True,1.0,0.5,0.5
R00419,2,UNTOUCHED,T1,none,ok,3,True,T1,True,0.6667,0.6667,0.5
R00419,3,UNTOUCHED,T1,none,ok,3,True,T1,True,0.5938,0.8636,0.5429
R00420,0,CLONE_INTERVAL,T3,t3_delete_statement,ok,1,True,T3,True,1.0,0.2273,0.2273
R00420,1,MUTATION,T3,t3_delete_statement,ok,3,True,T3,True,1.0,1.0,1.0
R00420,2,UNTOUCHED,T1,none,ok,3,True,T1,True,0.75,0.5,0.4286
R00420,3,UNTOUCHED,T1,none,ok,3,True,T1,True,0.6667,1.0,0.6667
R00421,0,CLONE_INTERVAL,T2,t2_change_int_literal,ok,1,True,T2,True,0.8333,0.2632,0.25
R00421,1,MUTATION,T2,t2_change_int_literal,ok,3,True,T2,True,1.0,1.0,1.0
R00421,2,UNTOUCHED,T1,none,ok,3,True,T1,True,0.8333,0.8333,0.7143
R00421,3,UNTOUCHED,T1,none,ok,3,True,T1,True,0.6364,0.7,0.5
R00422,0,CLONE_INTERVAL,T2,t2_change_int_literal,ok,1,False,,False,0.6667,0.5,0.4
R00422,1,MUTATION,T2,t2_change_int_literal,ok,3,True,T2,True,1.0,1.0,1.0
R00422,2,UNTOUCHED,T1,none,ok,3,True,T1,True,0.6667,1.0,0.6667
R00422,3,UNTOUCHED,T1,none,ok,3,True,T1,True,0.5,0.4,0.2857
R00423,0,CLONE_INTERVAL,T2,t2_change_string_literal,ok,1,True,T2,True,1.0,0.6364,0.6364
R00423,1,MUTATION,T2,t2_change_string_literal,ok,3,True,T2,True,1.0,1.0,1.0
R00423,2,UNTOUCHED,T1,none,ok,3,True,T1,True,0.6667,1.0,0.6667
R00423,3,UNTOUCHED,T1,none,ok,3,True,T1,True,0.6667,0.3333,0.2857
R00424,0,CLONE_INTERVAL,T3,t3_wrap_statement,ok,1,True,T3,True,1.0,0.303,0.303
R00424,1,MUTATION,T3,t3_wrap_statement,ok,3,True,T3,True,1.0,1.0,1.0
R00424,2,UNTOUCHED,T1,none,ok,3,True,T1,True,0.8333,0.7143,0.625
R00424,3,UNTOUCHED,T1,none,ok,3,True,T1,True,0.5789,0.6875,0.4583
R00425,0,CLONE_INTERVAL,T1,t1_reindent,ok,1,True,T1,True,1.0,0.2,0.2
R00425,1,MUTATION,T1,t1_reindent,ok,1,True,T1,True,0.8333,0.2083,0.2
R00425,2,UNTOUCHED,T1,none,ok,1,True,T1,True,0.75,0.125,0.12
R00425,3,UNTOUCHED,T1,none,ok,1,True,T1,True,0.7273,0.6667,0.5333
R00426,0,CLONE_INTERVAL,T1,t1_add_block_comment,ok,1,True,T1,True,1.0,0.6,0.6
R00426,1,MUTATION,T1,t1_add_block_comment,ok,1,True,T1,True,1.0,0.0667,0.0667
R00426,2,UNTOUCHED,T1,none,ok,1,True,T1,True,0.75,0.2,0.1875
R00426,3,UNTOUCHED,T1,none,ok,1,True,T1,True,0.5,0.2,0.1667
R00427,0,CLONE_INTERVAL,T2,t2_change_string_literal,ok,1,True,T2,True,1.0,0.5882,0.5882
R00427,1,MUTATION,T2,t2_change_string_literal,ok,3,True,T2,True,1.0,1.0,1.0
R00427,2,UNTOUCHED,T1,none,ok,3,True,T1,True,0.8333,0.8333,0.7143
R00427,3,UNTOUCHED,T1,none,ok,3,True,T1,True,0.6667,0.2857,0.25
R00428,0,CLONE_INTERVAL,T2,t2_change_string_literal,ok,1,True,T2,True,1.0,0.6364,0.6364
R00428,1,MUTATION,T2,t2_change_string_literal,ok,3,True,T2,True,1.0,1.0,1.0
R00428,2,UNTOUCHED,T1,none,ok,3,True,T1,True,0.6667,0.3333,0.2857
R00428,3,UNTOUCHED,T1,none,ok,3,True,T1,True,0.6667,0.6667,0.5
R00429,0,CLONE_INTERVAL,T2,t2_rename_local,ok,1,True,T2,True,1.0,0.4615,0.4615
R00429,1,MUTATION,T2,t2_rename_local,ok,3,True,T2,True,1.0,1.0,1.0
R00429,2,UNTOUCHED,T1,none,ok,3,True,T1,True,0.6667,0.4,0.3333
R00429,3,UNTOUCHED,T1,none,ok,3,True,T1,True,0.75,0.5,0.4286
R00430,0,CLONE_INTERVAL,T1,t1_add_eol_comment,ok,1,True,T1,True,1.0,0.4,0.4
R00430,1,MUTATION,T1,t1_add_eol_comment,ok,1,True,T1,True,1.0,0.0417,0.0417
R00430,2,UNTOUCHED,T1,none,ok,1,True,T1,True,0.7857,0.4583,0.4074
R00430,3,UNTOUCHED,T1,none,ok,1,True,T1,True,0.5,0.125,0.1111
R00431,0,CLONE_INTERVAL,T1,t1_reindent,ok,1,True,T1,True,1.0,0.3462,0.3462
R00431,1,MUTATION,T1,t1_reindent,ok,1,True,T1,True,0.7778,0.35,0.3182
R00431,2,UNTOUCHED,T1,none,ok,1,True,T1,True,0.8,0.2,0.1905
R00431,3,UNTOUCHED,T1,none,ok,1,True,T1,True,0.6429,0.45,0.36
R00432,0,CLONE_INTERVAL,T1,t1_add_blank_line,ok,1,True,T1,True,0.8571,0.25,0.24
R00432,1,MUTATION,T1,t1_add_blank_line,ok,1,False,,False,0.0,0.0,0.0
R00432,2,UNTOUCHED,T1,none,ok,1,True,T1,True,0.8,0.1905,0.1818
R00432,3,UNTOUCHED,T1,none,ok,1,True,T1,True,0.8,0.5714,0.5
R00433,0,CLONE_INTERVAL,T1,t1_add_eol_comment,ok,1,True,T1,True,1.0,0.3529,0.3529
R00433,1,MUTATION,T1,t1_add_eol_comment,ok,1,False,,False,0.0,0.0,0.0
R00433,2,UNTOUCHED,T1,none,ok,1,True,T1,True,0.5556,0.3333,0.2632
R00433,3,UNTOUCHED,T1,none,ok,1,True,T1,True,0.7143,0.3333,0.2941
R00434,0,CLONE_INTERVAL,T1,t1_reindent,ok,1,True,T1,True,1.0,0.1053,0.1053
R00434,1,MUTATION,T1,t1_reindent,ok,1,True,T1,True,0.7,0.0972,0.0933
R00434,2,UNTOUCHED,T1,none,ok,1,True,T1,True,0.6667,0.0278,0.0274
R00434,3,UNTOUCHED,T1,none,ok,1,True,T1,True,0.3333,0.0139,0.0135
R00435,0,CLONE_INTERVAL,T3,t3_delete_statement,ok,1,True,T3,True,1.0,0.4286,0.4286
R00435,1,MUTATION,T3,t3_delete_statement,ok,4,True,T2,False,1.0,1.0,1.0
R00435,2,UNTOUCHED,T1,none,ok,4,True,T1,True,0.75,0.6,0.5
R00435,3,UNTOUCHED,T1,none,ok,4,True,T1,True,0.6667,0.6667,0.5
R00436,0,CLONE_INTERVAL,T1,t1_reindent,ok,1,True,T1,True,1.0,0.52,0.52
R00436,1,MUTATION,T1,t1_reindent,ok,1,True,T1,True,0.6154,0.4444,0.3478
R00436,2,UNTOUCHED,T1,none,ok,1,True,T1,True,0.6667,0.1111,0.1053
R00436,3,UNTOUCHED,T1,none,ok,1,True,T1,True,0.5,0.1667,0.1429
R00437,0,CLONE_INTERVAL,T3,t3_insert_statement,ok,1,True,T3,True,1.0,0.2069,0.2069
R00437,1,MUTATION,T3,t3_insert_statement,ok,3,True,T3,True,1.0,1.0,1.0
R00437,2,UNTOUCHED,T1,none,ok,3,True,T1,True,0.8,0.5714,0.5
R00437,3,UNTOUCHED,T1,none,ok,3,True,T1,True,0.75,0.5294,0.45
R00438,0,CLONE_INTERVAL,T1,t1_add_eol_comment,ok,1,True,T1,True,1.0,0.1091,0.1091
R00438,1,MUTATION,T1,t1_add_eol_comment,ok,1,False,,False,0.0,0.0,0.0
R00438,2,UNTOUCHED,T1,none,ok,1,True,T1,True,0.6,0.0682,0.0652
R00438,3,UNTOUCHED,T1,none,ok,1,True,T1,True,0.7,0.1591,0.1489
R00439,0,CLONE_INTERVAL,T1,t1_add_block_comment,ok,1,True,T1,True,0.8571,0.6,0.5455
R00439,1,MUTATION,T1,t1_add_block_comment,ok,1,False,,False,0.0,0.0,0.0
R00439,2,UNTOUCHED,T1,none,ok,1,True,T1,True,0.6667,0.2222,0.2
R00439,3,UNTOUCHED,T1,none,ok,1,True,T1,True,0.6667,0.2222,0.2
R00440,0,CLONE_INTERVAL,T2,t2_rename_local,ok,1,True,T2,True,1.0,0.6364,0.6364
R00440,1,MUTATION,T2,t2_rename_local,ok,5,True,T2,True,0.5,1.0,0.5
R00440,2,UNTOUCHED,T1,none,ok,5,True,T1,True,0.6667,1.0,0.6667
R00440,3,UNTOUCHED,T1,none,ok,5,True,T1,True,0.6667,0.6667,0.5
R00441,0,CLONE_INTERVAL,T3,t3_wrap_statement,ok,1,True,T3,True,1.0,0.5455,0.5455
R00441,1,MUTATION,T3,t3_wrap_statement,ok,3,True,T3,True,1.0,1.0,1.0
R00441,2,UNTOUCHED,T1,none,ok,3,True,T1,True,0.8,0.6667,0.5714
R00441,3,UNTOUCHED,T1,none,ok,3,True,T1,True,0.3333,0.2,0.1429
R00442,0,CLONE_INTERVAL,T1,t1_add_blank_line,ok,1,True,T1,True,0.9375,0.6818,0.6522
R00442,1,MUTATION,T1,t1_add_blank_line,ok,1,False,,False,0.0,0.0,0.0
R00442,2,UNTOUCHED,T1,none,ok,1,True,T1,True,0.6667,0.1333,0.125
R00442,3,UNTOUCHED,T1,none,ok,1,True,T1,True,0.5,0.2,0.1667
R00443,0,CLONE_INTERVAL,T1,t1_add_eol_comment,ok,1,True,T1,True,1.0,0.2857,0.2857
R00443,1,MUTATION,T1,t1_add_eol_comment,ok,1,True,T1,True,1.0,0.0625,0.0625
R00443,2,UNTOUCHED,T1,none,ok,1,True,T1,True,0.8,0.25,0.2353
R00443,3,UNTOUCHED,T1,none,ok,1,True,T1,True,0.5833,0.4375,0.3333
R00444,0,CLONE_INTERVAL,T1,t1_add_block_comment,ok,1,True,T1,True,1.0,0.3478,0.3478
R00444,1,MUTATION,T1,t1_add_block_comment,ok,1,True,T1,True,1.0,0.0526,0.0526
R00444,2,UNTOUCHED,T1,none,ok,1,True,T1,True,0.75,0.1579,0.15
R00444,3,UNTOUCHED,T1,none,ok,1,True,T1,True,0.6923,0.4737,0.3913
R00445,0,CLONE_INTERVAL,T1,t1_add_blank_line,ok,1,True,T1,True,1.0,0.2941,0.2941
R00445,1,MUTATION,T1,t1_add_blank_line,ok,1,False,,False,0.0,0.0,0.0
R00445,2,UNTOUCHED,T1,none,ok,1,True,T1,True,0.8571,0.24,0.2308
R00445,3,UNTOUCHED,T1,none,ok,1,True,T1,True,0.6364,0.28,0.2414
R00446,0,CLONE_INTERVAL,T3,t3_wrap_statement,ok,1,True,T3,True,1.0,0.4167,0.4167
R00446,1,MUTATION,T3,t3_wrap_statement,ok,7,True,T3,True,1.0,1.0,1.0
R00446,2,UNTOUCHED,T1,none,ok,7,True,T1,True,0.875,1.0,0.875
R00446,3,UNTOUCHED,T1,none,ok,7,True,T1,True,0.625,0.8333,0.5556
R00447,0,CLONE_INTERVAL,T1,t1_reindent,ok,1,True,T1,True,1.0,0.2222,0.2222
R00447,1,MUTATION,T1,t1_reindent,ok,1,True,T1,True,0.6667,0.2105,0.1905
R00447,2,UNTOUCHED,T1,none,ok,1,True,T1,True,0.6923,0.4737,0.3913
R00447,3,UNTOUCHED,T1,none,ok,1,True,T1,True,0.6,0.3158,0.2609
R00448,0,CLONE_INTERVAL,T1,t1_add_eol_comment,ok,1,True,T1,True,1.0,0.5455,0.5455
R00448,1,MUTATION,T1,t1_add_eol_comment,ok,1,True,T1,True,1.0,0.1,0.1
R00448,2,UNTOUCHED,T1,none,ok,1,True,T1,True,0.6667,0.2,0.1818
R00448,3,UNTOUCHED,T1,none,ok,1,True,T1,True,0.4,0.2,0.1538
R00449,0,CLONE_INTERVAL,T3,t3_wrap_statement,ok,1,True,T3,True,0.875,0.0547,0.0543
R00449,1,MUTATION,T3,t3_wrap_statement,ok,3,True,T3,True,1.0,0.5,0.5
R00449,2,UNTOUCHED,T1,none,ok,3,True,T1,True,0.6,0.0455,0.0441
R00449,3,UNTOUCHED,T1,none,ok,3,True,T1,True,0.7,0.1707,0.1591
R00450,0,CLONE_INTERVAL,T1,t1_add_eol_comment,ok,1,True,T1,True,1.0,0.3529,0.3529
R00450,1,MUTATION,T1,t1_add_eol_comment,ok,1,True,T1,True,1.0,0.0714,0.0714
R00450,2,UNTOUCHED,T1,none,ok,1,True,T1,True,0.75,0.2143,0.2
R00450,3,UNTOUCHED,T1,none,ok,1,True,T1,True,0.6667,0.4286,0.3529
R00451,0,CLONE_INTERVAL,T3,t3_delete_statement,ok,1,True,T3,True,1.0,0.1852,0.1852
R00451,1,MUTATION,T3,t3_delete_statement,ok,3,True,T3,True,1.0,1.0,1.0
R00451,2,UNTOUCHED,T1,none,ok,3,True,T1,True,0.6667,0.3333,0.2857
R00451,3,UNTOUCHED,T1,none,ok,3,True,T1,True,0.7273,0.5,0.4211
R00452,0,CLONE_INTERVAL,T3,t3_insert_statement,ok,1,True,T3,True,0.8333,0.3571,0.3333
R00452,1,UNTOUCHED,T1,none,ok,3,True,T1,True,0.6667,0.2857,0.25
R00452,2,UNTOUCHED,T1,none,ok,3,False,,False,0.0,0.0,0.0
R00452,3,UNTOUCHED,T1,none,ok,3,True,T1,True,0.5556,1.0,0.5556
R00453,0,CLONE_INTERVAL,T3,t3_delete_statement,ok,1,False,,False,0.3846,0.25,0.1786
R00453,1,MUTATION,T3,t3_delete_statement,ok,3,True,T3,True,1.0,1.0,1.0
R00453,2,UNTOUCHED,T1,none,ok,3,True,T1,True,0.2857,1.0,0.2857
R00453,3,UNTOUCHED,T1,none,ok,3,True,T1,True,0.6429,0.75,0.5294
R00454,0,CLONE_INTERVAL,T3,t3_wrap_statement,ok,2,True,T3,True,1.0,0.0642,0.0642
R00454,1,MUTATION,T3,t3_wrap_statement,ok,4,True,T3,True,1.0,1.0,1.0
R00454,2,UNTOUCHED,T1,none,ok,4,True,T1,True,0.5,0.0526,0.05
R00454,3,UNTOUCHED,T1,none,ok,4,True,T1,True,0.6667,0.2174,0.1961
R00455,0,CLONE_INTERVAL,T3,t3_insert_statement,ok,1,True,T3,True,1.0,0.0382,0.0382
R00455,1,MUTATION,T3,t3_insert_statement,ok,3,True,T3,True,1.0,1.0,1.0
R00455,2,UNTOUCHED,T1,none,ok,3,True,T1,True,0.6694,0.9759,0.6585
R00455,3,UNTOUCHED,T1,none,ok,3,True,T1,True,0.6562,0.913,0.6176
R00456,0,CLONE_INTERVAL,T3,t3_delete_statement,ok,1,True,T3,True,0.8,0.25,0.2353
R00456,1,MUTATION,T3,t3_delete_statement,ok,3,True,T3,True,1.0,1.0,1.0
R00456,2,UNTOUCHED,T1,none,ok,3,True,T1,True,0.5,0.5,0.3333
R00456,3,UNTOUCHED,T1,none,ok,3,True,T1,True,0.5833,0.7778,0.5
R00457,0,CLONE_INTERVAL,T1,t1_add_block_comment,ok,1,True,T1,True,1.0,0.7419,0.7419
R00457,1,MUTATION,T1,t1_add_block_comment,ok,1,True,T1,True,1.0,0.0417,0.0417
R00457,2,UNTOUCHED,T1,none,ok,1,True,T1,True,0.8,0.1667,0.16
R00457,3,UNTOUCHED,T1,none,ok,1,True,T1,True,0.5,0.125,0.1111
R00458,0,CLONE_INTERVAL,T2,t2_rename_local,ok,1,True,T2,True,0.75,0.4286,0.375
R00458,1,MUTATION,T2,t2_rename_local,ok,3,True,T2,True,1.0,1.0,1.0
R00458,2,UNTOUCHED,T1,none,ok,3,False,,False,0.0,0.0,0.0
R00458,3,UNTOUCHED,T1,none,ok,3,True,T1,True,0.6667,0.25,0.2222
R00459,0,CLONE_INTERVAL,T2,t2_rename_local,ok,1,True,T2,True,1.0,0.3913,0.3913
R00459,1,MUTATION,T2,t2_rename_local,ok,5,True,T1,False,0.5,1.0,0.5
R00459,2,UNTOUCHED,T1,none,ok,5,True,T1,True,0.75,1.0,0.75
R00459,3,UNTOUCHED,T1,none,ok,5,True,T1,True,0.75,0.6923,0.5625
R00460,0,CLONE_INTERVAL,T3,t3_insert_statement,ok,1,True,T3,True,1.0,0.3158,0.3158
R00460,1,MUTATION,T3,t3_insert_statement,ok,3,True,T3,True,1.0,1.0,1.0
R00460,2,UNTOUCHED,T1,none,ok,3,True,T1,True,0.6667,0.5,0.4
R00460,3,UNTOUCHED,T1,none,ok,3,True,T1,True,0.6364,0.6364,0.4667
R00461,0,CLONE_INTERVAL,T3,t3_delete_statement,ok,1,True,T3,True,1.0,0.2778,0.2778
R00461,1,MUTATION,T3,t3_delete_statement,ok,3,True,T3,True,1.0,1.0,1.0
R00461,2,UNTOUCHED,T1,none,ok,3,True,T1,True,0.8571,0.6,0.5455
R00461,3,UNTOUCHED,T1,none,ok,3,True,T1,True,0.625,1.0,0.625
R00462,0,CLONE_INTERVAL,T2,t2_change_string_literal,ok,1,True,T2,True,1.0,0.3077,0.3077
R00462,1,MUTATION,T2,t2_change_string_literal,ok,3,True,T2,True,1.0,1.0,1.0
R00462,2,UNTOUCHED,T1,none,ok,3,True,T1,True,0.6,0.5,0.375
R00462,3,UNTOUCHED,T1,none,ok,3,True,T1,True,0.5625,0.9,0.5294
R00463,0,CLONE_INTERVAL,T3,t3_wrap_statement,ok,1,False,,False,0.5556,0.1923,0.1667
R00463,1,MUTATION,T3,t3_wrap_statement,ok,3,True,T3,True,1.0,0.2,0.2
R00463,2,UNTOUCHED,T1,none,ok,3,True,T1,True,0.6,0.6,0.4286
R00463,3,UNTOUCHED,T1,none,ok,3,True,T1,True,0.5294,0.9,0.5
R00464,0,CLONE_INTERVAL,T1,t1_add_block_comment,ok,1,True,T1,True,0.8571,0.375,0.3529
R00464,1,MUTATION,T1,t1_add_block_comment,ok,1,False,,False,0.0,0.0,0.0
R00464,2,UNTOUCHED,T1,none,ok,1,True,T1,True,0.6667,0.1538,0.1429
R00464,3,UNTOUCHED,T1,none,ok,1,True,T1,True,0.5556,0.3846,0.2941
R00465,0,CLONE_INTERVAL,T2,t2_rename_local,ok,1,True,T2,True,1.0,0.3529,0.3529
R00465,1,MUTATION,T2,t2_rename_local,ok,5,True,T1,False,0.5,1.0,0.5
R00465,2,UNTOUCHED,T1,none,ok,5,True,T1,True,0.6667,1.0,0.6667
R00465,3,UNTOUCHED,T1,none,ok,5,True,T1,True,0.7,0.875,0.6364
R00466,0,CLONE_INTERVAL,T3,t3_wrap_statement,ok,1,True,T3,True,1.0,0.4615,0.4615
R00466,1,MUTATION,T3,t3_wrap_statement,ok,3,True,T3,True,1.0,1.0,1.0
R00466,2,UNTOUCHED,T1,none,ok,3,True,T1,True,0.3333,0.5,0.25
R00466,3,UNTOUCHED,T1,none,ok,3,True,T1,True,0.75,0.6667,0.5455
R00467,0,CLONE_INTERVAL,T2,t2_change_int_literal,ok,1,True,T2,True,1.0,0.6667,0.6667
R00467,1,MUTATION,T2,t2_change_int_literal,ok,3,True,T2,True,1.0,1.0,1.0
R00467,2,UNTOUCHED,T1,none,ok,3,True,T1,True,0.75,0.5,0.4286
R00467,3,UNTOUCHED,T1,none,ok,3,True,T1,True,0.6667,0.3333,0.2857
R00468,0,CLONE_INTERVAL,T2,t2_change_string_literal,ok,7,True,T2,True,1.0,0.3333,0.3333
R00468,1,MUTATION,T2,t2_change_string_literal,ok,9,True,T2,True,1.0,1.0,1.0
R00468,2,UNTOUCHED,T1,none,ok,9,True,T1,True,0.875,1.0,0.875
R00468,3,UNTOUCHED,T1,none,ok,9,True,T1,True,0.6667,0.4444,0.3636
R00469,0,CLONE_INTERVAL,T3,t3_insert_statement,ok,1,True,T3,True,1.0,0.2,0.2
R00469,1,MUTATION,T3,t3_insert_statement,ok,3,True,T3,True,1.0,1.0,1.0
R00469,2,UNTOUCHED,T1,none,ok,3,True,T1,True,0.6667,0.6667,0.5
R00469,3,UNTOUCHED,T1,none,ok,3,True,T1,True,0.7391,0.8095,0.6296
R00470,0,CLONE_INTERVAL,T3,t3_delete_statement,ok,1,True,T3,True,1.0,0.3571,0.3571
R00470,1,MUTATION,T3,t3_delete_statement,ok,3,True,T3,True,1.0,1.0,1.0
R00470,2,UNTOUCHED,T1,none,ok,3,True,T1,True,0.6667,0.3333,0.2857
R00470,3,UNTOUCHED,T1,none,ok,3,True,T1,True,0.625,1.0,0.625
R00471,0,CLONE_INTERVAL,T2,t2_change_int_literal,ok,1,True,T2,True,1.0,0.4118,0.4118
R00471,1,MUTATION,T2,t2_change_int_literal,ok,3,True,T2,True,1.0,1.0,1.0
R00471,2,UNTOUCHED,T1,none,ok,3,True,T1,True,0.8,1.0,0.8
R00471,3,UNTOUCHED,T1,none,ok,3,True,T1,True,0.5714,0.5,0.3636
R00472,0,CLONE_INTERVAL,T1,t1_reindent,ok,1,True,T1,True,1.0,0.5,0.5
R00472,1,MUTATION,T1,t1_reindent,ok,1,True,T1,True,1.0,0.5,0.5
R00472,2,UNTOUCHED,T1,none,ok,1,True,T1,True,0.6667,0.1667,0.1538
R00472,3,UNTOUCHED,T1,none,ok,1,True,T1,True,0.8,0.3333,0.3077
R00473,0,CLONE_INTERVAL,T3,t3_insert_statement,ok,1,True,T3,True,1.0,0.6667,0.6667
R00473,1,MUTATION,T3,t3_insert_statement,ok,3,True,T3,True,1.0,1.0,1.0
R00473,2,UNTOUCHED,T1,none,ok,3,True,T1,True,0.6667,0.6667,0.5
R00473,3,UNTOUCHED,T1,none,ok,3,True,T1,True,0.5,0.2857,0.2222
R00474,0,CLONE_INTERVAL,T2,t2_change_int_literal,ok,1,True,T2,True,1.0,0.4286,0.4286
R00474,1,MUTATION,T2,t2_change_int_literal,ok,3,True,T2,True,1.0,1.0,1.0
R00474,2,UNTOUCHED,T1,none,ok,3,True,T1,True,0.6667,0.5,0.4
R00474,3,UNTOUCHED,T1,none,ok,3,True,T1,True,0.6667,0.5714,0.4444
R00475,0,CLONE_INTERVAL,T1,t1_add_eol_comment,ok,1,True,T1,True,0.8333,0.7143,0.625
R00475,1,MUTATION,T1,t1_add_eol_comment,ok,1,True,T1,True,1.0,0.1429,0.1429
R00475,2,UNTOUCHED,T1,none,ok,1,False,,False,0.0,0.0,0.0
R00475,3,UNTOUCHED,T1,none,ok,1,True,T1,True,0.6667,0.2857,0.25
R00476,0,CLONE_INTERVAL,T1,t1_add_blank_line,ok,1,True,T1,True,0.8571,0.3158,0.3
R00476,1,MUTATION,T1,t1_add_blank_line,ok,1,False,,False,0.0,0.0,0.0
R00476,2,UNTOUCHED,T1,none,ok,1,True,T1,True,0.75,0.1667,0.1579
R00476,3,UNTOUCHED,T1,none,ok,1,True,T1,True,0.6923,0.5,0.4091
R00477,0,CLONE_INTERVAL,T1,t1_add_blank_line,ok,1,True,T1,True,0.8571,0.3158,0.3
R00477,1,MUTATION,T1,t1_add_blank_line,ok,1,False,,False,0.0,0.0,0.0
R00477,2,UNTOUCHED,T1,none,ok,1,True,T1,True,0.8,0.25,0.2353
R00477,3,UNTOUCHED,T1,none,ok,1,True,T1,True,0.6667,0.375,0.3158
R00478,0,CLONE_INTERVAL,T2,t2_change_int_literal,ok,1,True,T2,True,1.0,0.5238,0.5238
R00478,1,MUTATION,T2,t2_change_int_literal,ok,3,True,T2,True,1.0,1.0,1.0
R00478,2,UNTOUCHED,T1,none,ok,3,True,T1,True,0.75,1.0,0.75
R00478,3,UNTOUCHED,T1,none,ok,3,True,T1,True,0.625,0.3846,0.3125
R00479,0,CLONE_INTERVAL,T1,t1_reindent,ok,1,True,T1,True,1.0,0.0465,0.0465
R00479,1,MUTATION,T1,t1_reindent,ok,1,True,T1,True,1.0,0.0513,0.0513
R00479,2,UNTOUCHED,T1,none,ok,1,True,T1,True,0.8,0.0342,0.0339
R00479,3,UNTOUCHED,T1,none,ok,1,True,T1,True,0.8462,0.094,0.0924
R00480,0,CLONE_INTERVAL,T2,t2_change_int_literal,ok,1,True,T2,True,1.0,0.3158,0.3158
R00480,1,MUTATION,T2,t2_change_int_literal,ok,3,True,T2,True,1.0,1.0,1.0
R00480,2,UNTOUCHED,T1,none,ok,3,True,T1,True,0.6667,0.6667,0.5
R00480,3,UNTOUCHED,T1,none,ok,3,True,T1,True,0.5833,0.7,0.4667
R00481,0,CLONE_INTERVAL,T2,t2_change_int_literal,ok,1,True,T2,True,1.0,0.3529,0.3529
R00481,1,MUTATION,T2,t2_change_int_literal,ok,3,True,T2,True,1.0,1.0,1.0
R00481,2,UNTOUCHED,T1,none,ok,3,True,T1,True,0.6667,1.0,0.6667
R00481,3,UNTOUCHED,T1,none,ok,3,True,T1,True,0.7,0.6364,0.5
R00482,0,CLONE_INTERVAL,T2,t2_change_string_literal,ok,1,True,T2,True,1.0,0.4615,0.4615
R00482,1,MUTATION,T2,t2_change_string_literal,ok,3,True,T2,True,1.0,1.0,1.0
R00482,2,UNTOUCHED,T1,none,ok,3,True,T1,True,0.6667,0.6667,0.5
R00482,3,UNTOUCHED,T1,none,ok,3,True,T1,True,0.6667,0.5714,0.4444
R00483,0,CLONE_INTERVAL,T1,t1_add_eol_comment,ok,1,True,T1,True,1.0,0.5714,0.5714
R00483,1,MUTATION,T1,t1_add_eol_comment,ok,1,True,T1,True,1.0,0.0833,0.0833
R00483,2,UNTOUCHED,T1,none,ok,1,True,T1,True,0.8,0.3333,0.3077
R00483,3,UNTOUCHED,T1,none,ok,1,True,T1,True,0.6667,0.1667,0.1538
R00484,0,CLONE_INTERVAL,T1,t1_add_blank_line,ok,1,True,T1,True,0.9091,0.5882,0.5556
R00484,1,MUTATION,T1,t1_add_blank_line,ok,1,False,,False,0.0,0.0,0.0
R00484,2,UNTOUCHED,T1,none,ok,1,True,T1,True,0.6667,0.1667,0.1538
R00484,3,UNTOUCHED,T1,none,ok,1,True,T1,True,0.5,0.25,0.2
R00485,0,CLONE_INTERVAL,T3,t3_wrap_statement,ok,3,True,T3,True,1.0,0.4375,0.4375
R00485,1,MUTATION,T3,t3_wrap_statement,ok,5,True,T3,True,1.0,1.0,1.0
R00485,2,UNTOUCHED,T1,none,ok,5,True,T1,True,0.75,1.0,0.75
R00485,3,UNTOUCHED,T1,none,ok,5,True,T1,True,0.1429,0.1429,0.0769
R00486,0,CLONE_INTERVAL,T1,t1_reindent,ok,1,True,T1,True,1.0,0.4167,0.4167
R00486,1,MUTATION,T1,t1_reindent,ok,1,True,T1,True,0.7,0.3684,0.3182
R00486,2,UNTOUCHED,T1,none,ok,1,True,T1,True,0.8333,0.2632,0.25
R00486,3,UNTOUCHED,T1,none,ok,1,True,T1,True,0.6667,0.3158,0.2727
R00487,0,CLONE_INTERVAL,T1,t1_add_block_comment,ok,1,True,T1,True,0.8571,0.3,0.2857
R00487,1,MUTATION,T1,t1_add_block_comment,ok,1,False,,False,0.0,0.0,0.0
R00487,2,UNTOUCHED,T1,none,ok,1,True,T1,True,0.75,0.15,0.1429
R00487,3,UNTOUCHED,T1,none,ok,1,True,T1,True,0.8333,0.25,0.2381
R00488,0,CLONE_INTERVAL,T1,t1_add_block_comment,ok,1,True,T1,True,0.8571,0.375,0.3529
R00488,1,MUTATION,T1,t1_add_block_comment,ok,1,False,,False,0.0,0.0,0.0
R00488,2,UNTOUCHED,T1,none,ok,1,True,T1,True,0.6667,0.1667,0.1538
R00488,3,UNTOUCHED,T1,none,ok,1,True,T1,True,0.5556,0.4167,0.3125
R00489,0,CLONE_INTERVAL,T3,t3_wrap_statement,ok,1,True,T3,True,0.8333,0.3846,0.3571
R00489,1,MUTATION,T3,t3_wrap_statement,ok,3,True,T3,True,1.0,1.0,1.0
R00489,2,UNTOUCHED,T1,none,ok,3,True,T1,True,0.25,0.3333,0.1667
R00489,3,UNTOUCHED,T1,none,ok,3,True,T1,True,0.5,0.7143,0.4167
R00490,0,CLONE_INTERVAL,T2,t2_change_int_literal,ok,1,True,T2,True,1.0,0.2727,0.2727
R00490,1,MUTATION,T2,t2_change_int_literal,ok,3,True,T2,True,1.0,1.0,1.0
R00490,2,UNTOUCHED,T1,none,ok,3,True,T1,True,0.6667,0.5,0.4
R00490,3,UNTOUCHED,T1,none,ok,3,True,T1,True,0.5882,0.7692,0.5
R00491,0,CLONE_INTERVAL,T3,t3_insert_statement,ok,1,True,T3,True,1.0,0.2162,0.2162
R00491,1,MUTATION,T3,t3_insert_statement,ok,3,True,T3,True,1.0,1.0,1.0
R00491,2,UNTOUCHED,T1,none,ok,3,True,T1,True,0.75,0.3,0.2727
R00491,3,UNTOUCHED,T1,none,ok,3,True,T1,True,0.6538,1.0,0.6538
R00492,0,CLONE_INTERVAL,T1,t1_add_block_comment,ok,1,True,T1,True,0.8889,0.0584,0.058
R00492,1,MUTATION,T1,t1_add_block_comment,ok,1,False,,False,0.0,0.0,0.0
R00492,2,UNTOUCHED,T1,none,ok,1,True,T1,True,0.8,0.0426,0.0421
R00492,3,UNTOUCHED,T1,none,ok,1,True,T1,True,0.6667,0.8936,0.6176
R00493,0,CLONE_INTERVAL,T2,t2_change_int_literal,ok,1,True,T2,True,1.0,0.6,0.6
R00493,1,MUTATION,T2,t2_change_int_literal,ok,3,True,T2,True,1.0,1.0,1.0
R00493,2,UNTOUCHED,T1,none,ok,3,True,T1,True,0.6667,1.0,0.6667
R00493,3,UNTOUCHED,T1,none,ok,3,True,T1,True,0.6667,0.3333,0.2857
R00494,0,CLONE_INTERVAL,T2,t2_change_int_literal,ok,2,True,T2,True,1.0,0.1463,0.1463
R00494,1,MUTATION,T2,t2_change_int_literal,ok,4,True,T2,True,1.0,1.0,1.0
R00494,2,UNTOUCHED,T1,none,ok,4,True,T1,True,0.8333,0.2381,0.2273
R00494,3,UNTOUCHED,T1,none,ok,4,True,T1,True,0.6667,0.7692,0.5556
R00495,0,CLONE_INTERVAL,T1,t1_add_blank_line,ok,1,True,T1,True,0.8571,0.2609,0.25
R00495,1,MUTATION,T1,t1_add_blank_line,ok,1,False,,False,0.0,0.0,0.0
R00495,2,UNTOUCHED,T1,none,ok,1,True,T1,True,0.6667,0.1053,0.1
R00495,3,UNTOUCHED,T1,none,ok,1,True,T1,True,0.6875,0.5789,0.4583
R00496,0,CLONE_INTERVAL,T3,t3_insert_statement,ok,1,True,T3,True,1.0,0.3571,0.3571
R00496,1,MUTATION,T3,t3_insert_statement,ok,4,True,T2,False,1.0,1.0,1.0
R00496,2,UNTOUCHED,T1,none,ok,4,True,T1,True,0.6667,0.3333,0.2857
R00496,3,UNTOUCHED,T1,none,ok,4,True,T1,True,0.6923,0.6,0.4737
R00497,0,CLONE_INTERVAL,T1,t1_add_blank_line,ok,1,True,T1,True,1.0,0.7059,0.7059
R00497,1,MUTATION,T1,t1_add_blank_line,ok,1,True,T1,True,1.0,0.0625,0.0625
R00497,2,UNTOUCHED,T1,none,ok,1,True,T1,True,0.75,0.1875,0.1765
R00497,3,UNTOUCHED,T1,none,ok,1,True,T1,True,0.6667,0.125,0.1176
R00498,0,CLONE_INTERVAL,T2,t2_change_string_literal,ok,1,True,T2,True,1.0,0.7273,0.7273
R00498,1,MUTATION,T2,t2_change_string_literal,ok,3,True,T2,True,1.0,1.0,1.0
R00498,2,UNTOUCHED,T1,none,ok,3,True,T1,True,0.6667,0.2857,0.25
R00498,3,UNTOUCHED,T1,none,ok,3,True,T1,True,0.0833,1.0,0.0833
R00499,0,CLONE_INTERVAL,T1,t1_reindent,ok,1,True,T1,True,1.0,0.4667,0.4667
R00499,1,MUTATION,T1,t1_reindent,ok,1,True,T1,True,0.8571,0.5,0.4615
R00499,2,UNTOUCHED,T1,none,ok,1,True,T1,True,0.6667,0.1667,0.1538
R00499,3,UNTOUCHED,T1,none,ok,1,True,T1,True,0.5714,0.3333,0.2667
R00500,0,CLONE_INTERVAL,T3,t3_delete_statement,ok,1,True,T3,True,0.8571,0.5,0.4615
R00500,1,MUTATION,T3,t3_delete_statement,ok,3,True,T3,True,1.0,1.0,1.0
R00500,2,UNTOUCHED,T1,none,ok,3,True,T1,True,0.6667,0.5714,0.4444
R00500,3,UNTOUCHED,T1,none,ok,3,True,T1,True,0.4,0.4,0.25
R00501,0,CLONE_INTERVAL,T3,t3_wrap_statement,ok,1,True,T3,True,1.0,0.3684,0.3684
R00501,1,MUTATION,T3,t3_wrap_statement,ok,3,True,T3,True,1.0,1.0,1.0
R00501,2,UNTOUCHED,T1,none,ok,3,True,T1,True,0.7778,1.0,0.7778
R00501,3,UNTOUCHED,T1,none,ok,3,True,T1,True,0.6,0.4286,0.3333
R00502,0,CLONE_INTERVAL,T1,t1_add_blank_line,ok,1,True,T1,True,1.0,0.2727,0.2727
R00502,1,MUTATION,T1,t1_add_blank_line,ok,1,False,,False,0.0,0.0,0.0
R00502,2,UNTOUCHED,T1,none,ok,1,True,T1,True,0.75,0.125,0.12
R00502,3,UNTOUCHED,T1,none,ok,1,True,T1,True,0.6364,0.5833,0.4375
R00503,0,CLONE_INTERVAL,T1,t1_add_eol_comment,ok,1,True,T1,True,0.8,0.5,0.4444
R00503,1,MUTATION,T1,t1_add_eol_comment,ok,1,True,T1,True,1.0,0.0625,0.0625
R00503,2,UNTOUCHED,T1,none,ok,1,True,T1,True,0.8,0.25,0.2353
R00503,3,UNTOUCHED,T1,none,ok,1,True,T1,True,0.2,0.0625,0.05
R00504,0,CLONE_INTERVAL,T2,t2_change_int_literal,ok,1,True,T2,True,1.0,0.3,0.3
R00504,1,MUTATION,T2,t2_change_int_literal,ok,3,True,T2,True,1.0,1.0,1.0
R00504,2,UNTOUCHED,T1,none,ok,3,True,T1,True,0.6,1.0,0.6
R00504,3,UNTOUCHED,T1,none,ok,3,True,T1,True,0.5833,0.6364,0.4375
R00505,0,CLONE_INTERVAL,T2,t2_rename_local,ok,1,True,T2,True,1.0,0.4615,0.4615
R00505,1,MUTATION,T2,t2_rename_local,ok,3,True,T2,True,1.0,1.0,1.0
R00505,2,UNTOUCHED,T1,none,ok,3,True,T1,True,0.6667,1.0,0.6667
R00505,3,UNTOUCHED,T1,none,ok,3,True,T1,True,0.5,1.0,0.5
R00506,0,CLONE_INTERVAL,T3,t3_wrap_statement,ok,1,True,T3,True,1.0,0.6,0.6
R00506,1,MUTATION,T3,t3_wrap_statement,ok,3,True,T3,True,1.0,1.0,1.0
R00506,2,UNTOUCHED,T1,none,ok,3,True,T1,True,0.75,0.75,0.6
R00506,3,UNTOUCHED,T1,none,ok,3,True,T1,True,0.5,0.3333,0.25
R00507,0,CLONE_INTERVAL,T2,t2_change_string_literal,ok,1,True,T2,True,1.0,0.3889,0.3889
R00507,1,MUTATION,T2,t2_change_string_literal,ok,3,True,T2,True,1.0,1.0,1.0
R00507,2,UNTOUCHED,T1,none,ok,3,True,T1,True,0.6667,1.0,0.6667
R00507,3,UNTOUCHED,T1,none,ok,3,True,T1,True,0.6,0.6,0.4286
R00508,0,CLONE_INTERVAL,T2,t2_change_string_literal,ok,1,True,T2,True,1.0,0.7,0.7
R00508,1,MUTATION,T2,t2_change_string_literal,ok,3,True,T2,True,1.0,1.0,1.0
R00508,2,UNTOUCHED,T1,none,ok,3,True,T1,True,0.8,0.5,0.4444
R00508,3,UNTOUCHED,T1,none,ok,3,True,T1,True,0.6667,0.25,0.2222
R00509,0,CLONE_INTERVAL,T1,t1_add_blank_line,ok,1,True,T1,True,0.875,0.5,0.4667
R00509,1,MUTATION,T1,t1_add_blank_line,ok,1,False,,False,0.0,0.0,0.0
R00509,2,UNTOUCHED,T1,none,ok,1,True,T1,True,0.8333,0.3846,0.3571
R00509,3,UNTOUCHED,T1,none,ok,1,True,T1,True,0.3333,0.1538,0.1176
R00510,0,CLONE_INTERVAL,T2,t2_rename_local,ok,1,True,T2,True,0.8462,0.6471,0.5789
R00510,1,MUTATION,T2,t2_rename_local,ok,3,True,T2,True,1.0,1.0,1.0
R00510,2,UNTOUCHED,T1,none,ok,3,False,,False,0.0,0.0,0.0
R00510,3,UNTOUCHED,T1,none,ok,3,True,T1,True,0.5714,0.6667,0.4444
R00511,0,CLONE_INTERVAL,T2,t2_change_string_literal,ok,1,True,T2,True,0.7143,0.3571,0.3125
R00511,1,MUTATION,T2,t2_change_string_literal,ok,3,True,T2,True,1.0,1.0,1.0
R00511,2,UNTOUCHED,T1,none,ok,3,True,T1,True,0.75,0.75,0.6
R00511,3,UNTOUCHED,T1,none,ok,3,True,T1,True,0.129,0.5714,0.1176
R00512,0,CLONE_INTERVAL,T1,t1_reindent,ok,1,True,T1,True,1.0,0.4,0.4
R00512,1,MUTATION,T1,t1_reindent,ok,1,True,T1,True,0.8333,0.4167,0.3846
R00512,2,UNTOUCHED,T1,none,ok,1,True,T1,True,0.6667,0.1667,0.1538
R00512,3,UNTOUCHED,T1,none,ok,1,True,T1,True,0.625,0.4167,0.3333
R00513,0,CLONE_INTERVAL,T2,t2_change_int_literal,ok,1,True,T2,True,1.0,0.4242,0.4242
R00513,1,MUTATION,T2,t2_change_int_literal,ok,3,True,T2,True,1.0,1.0,1.0
R00513,2,UNTOUCHED,T1,none,ok,3,True,T1,True,0.75,0.2308,0.2143
R00513,3,UNTOUCHED,T1,none,ok,3,True,T1,True,0.5,0.2727,0.2143
R00514,0,CLONE_INTERVAL,T1,t1_reindent,ok,1,True,T1,True,1.0,0.6667,0.6667
R00514,1,MUTATION,T1,t1_reindent,ok,1,True,T1,True,0.7857,0.6111,0.5238
R00514,2,UNTOUCHED,T1,none,ok,1,True,T1,True,0.8333,0.2778,0.2632
R00514,3,UNTOUCHED,T1,none,ok,1,True,T1,True,0.6667,0.1111,0.1053
R00515,0,CLONE_INTERVAL,T2,t2_rename_local,ok,1,True,T2,True,1.0,0.5,0.5
R00515,1,MUTATION,T2,t2_rename_local,ok,3,True,T2,True,1.0,1.0,1.0
R00515,2,UNTOUCHED,T1,none,ok,3,True,T1,True,0.6667,0.5,0.4
R00515,3,UNTOUCHED,T1,none,ok,3,True,T1,True,0.6667,0.8,0.5714
R00516,0,CLONE_INTERVAL,T2,t2_change_string_literal,ok,1,True,T2,True,1.0,0.1148,0.1148
R00516,1,MUTATION,T2,t2_change_string_literal,ok,3,True,T2,True,1.0,1.0,1.0
R00516,2,UNTOUCHED,T1,none,ok,3,True,T1,True,0.3333,0.0312,0.0294
R00516,3,UNTOUCHED,T1,none,ok,3,True,T1,True,0.7,0.5385,0.4375
R00517,0,CLONE_INTERVAL,T1,t1_add_blank_line,ok,1,True,T1,True,1.0,0.4,0.4
R00517,1,MUTATION,T1,t1_add_blank_line,ok,1,True,T1,True,1.0,0.0769,0.0769
R00517,2,UNTOUCHED,T1,none,ok,1,True,T1,True,0.6667,0.1538,0.1429
R00517,3,UNTOUCHED,T1,none,ok,1,True,T1,True,0.625,0.3846,0.3125
R00518,0,CLONE_INTERVAL,T1,t1_add_blank_line,ok,1,True,T1,True,0.8571,0.4286,0.4
R00518,1,MUTATION,T1,t1_add_blank_line,ok,1,False,,False,0.0,0.0,0.0
R00518,2,UNTOUCHED,T1,none,ok,1,True,T1,True,0.3333,0.0909,0.0769
R00518,3,UNTOUCHED,T1,none,ok,1,True,T1,True,0.625,0.4545,0.3571
R00519,0,CLONE_INTERVAL,T3,t3_delete_statement,ok,1,True,T3,True,1.0,0.3571,0.3571
R00519,1,MUTATION,T3,t3_delete_statement,ok,3,True,T3,True,1.0,1.0,1.0
R00519,2,UNTOUCHED,T1,none,ok,3,True,T1,True,0.6667,0.2857,0.25
R00519,3,UNTOUCHED,T1,none,ok,3,True,T1,True,0.625,1.0,0.625
R00520,0,CLONE_INTERVAL,T3,t3_insert_statement,ok,1,True,T3,True,1.0,0.4375,0.4375
R00520,1,MUTATION,T3,t3_insert_statement,ok,4,True,T2,False,1.0,1.0,1.0
R00520,2,UNTOUCHED,T1,none,ok,4,True,T1,True,0.6667,0.6667,0.5
R00520,3,UNTOUCHED,T1,none,ok,4,True,T1,True,0.625,0.5556,0.4167
R00521,0,CLONE_INTERVAL,T2,t2_rename_local,ok,1,True,T2,True,1.0,0.2,0.2
R00521,1,MUTATION,T2,t2_rename_local,ok,3,True,T2,True,1.0,1.0,1.0
R00521,2,UNTOUCHED,T1,none,ok,3,True,T1,True,0.8,1.0,0.8
R00521,3,UNTOUCHED,T1,none,ok,3,True,T1,True,0.625,0.4545,0.3571
R00522,0,CLONE_INTERVAL,T3,t3_insert_statement,ok,1,True,T3,True,0.9231,0.75,0.7059
R00522,1,MUTATION,T3,t3_insert_statement,ok,3,True,T3,True,1.0,1.0,1.0
R00522,2,UNTOUCHED,T1,none,ok,3,True,T1,True,0.5,0.6667,0.4
R00522,3,UNTOUCHED,T1,none,ok,3,True,T1,True,0.6667,0.2,0.1818
R00523,0,CLONE_INTERVAL,T2,t2_change_string_literal,ok,1,True,T2,True,1.0,0.5385,0.5385
R00523,1,MUTATION,T2,t2_change_string_literal,ok,3,True,T2,True,1.0,1.0,1.0
R00523,2,UNTOUCHED,T1,none,ok,3,True,T1,True,0.6667,0.2857,0.25
R00523,3,UNTOUCHED,T1,none,ok,3,True,T1,True,0.6667,0.6667,0.5
R00524,0,CLONE_INTERVAL,T3,t3_insert_statement,ok,1,True,T3,True,1.0,0.3636,0.3636
R00524,1,MUTATION,T3,t3_insert_statement,ok,3,True,T3,True,1.0,1.0,1.0
R00524,2,UNTOUCHED,T1,none,ok,3,True,T1,True,0.8,0.8889,0.7273
R00524,3,UNTOUCHED,T1,none,ok,3,True,T1,True,0.5,0.4286,0.3
R00525,0,CLONE_INTERVAL,T1,t1_add_blank_line,ok,1,True,T1,True,1.0,0.4615,0.4615
R00525,1,MUTATION,T1,t1_add_blank_line,ok,1,False,,False,0.0,0.0,0.0
R00525,2,UNTOUCHED,T1,none,ok,1,True,T1,True,0.6667,0.1667,0.1538
R00525,3,UNTOUCHED,T1,none,ok,1,True,T1,True,0.8333,0.4167,0.3846
R00526,0,CLONE_INTERVAL,T2,t2_change_string_literal,ok,1,True,T2,True,1.0,0.6667,0.6667
R00526,1,MUTATION,T2,t2_change_string_literal,ok,3,True,T2,True,1.0,0.5,0.5
R00526,2,UNTOUCHED,T1,none,ok,3,True,T1,True,0.8333,0.625,0.5556
R00526,3,UNTOUCHED,T1,none,ok,3,True,T1,True,0.8,0.3333,0.3077
R00527,0,CLONE_INTERVAL,T1,t1_add_block_comment,ok,1,True,T1,True,0.8571,0.2222,0.2143
R00527,1,MUTATION,T1,t1_add_block_comment,ok,1,False,,False,0.0,0.0,0.0
R00527,2,UNTOUCHED,T1,none,ok,1,True,T1,True,0.8,0.1905,0.1818
R00527,3,UNTOUCHED,T1,none,ok,1,True,T1,True,0.6667,0.5714,0.4444
R00528,0,CLONE_INTERVAL,T1,t1_add_blank_line,ok,1,True,T1,True,1.0,0.5833,0.5833
R00528,1,MUTATION,T1,t1_add_blank_line,ok,1,True,T1,True,1.0,0.0833,0.0833
R00528,2,UNTOUCHED,T1,none,ok,1,True,T1,True,0.75,0.25,0.2308
R00528,3,UNTOUCHED,T1,none,ok,1,True,T1,True,0.6667,0.1667,0.1538
R00529,0,CLONE_INTERVAL,T1,t1_add_blank_line,ok,1,True,T1,True,1.0,0.5769,0.5769
R00529,1,MUTATION,T1,t1_add_blank_line,ok,1,False,,False,0.0,0.0,0.0
R00529,2,UNTOUCHED,T1,none,ok,1,True,T1,True,0.6667,0.1111,0.1053
R00529,3,UNTOUCHED,T1,none,ok,1,True,T1,True,0.6,0.3333,0.2727
R00530,0,CLONE_INTERVAL,T3,t3_insert_statement,ok,1,True,T3,True,1.0,0.1379,0.1379
R00530,1,MUTATION,T3,t3_insert_statement,ok,3,True,T3,True,1.0,1.0,1.0
R00530,2,UNTOUCHED,T1,none,ok,3,True,T1,True,0.6667,0.1667,0.1538
R00530,3,UNTOUCHED,T1,none,ok,3,True,T1,True,0.7273,0.2424,0.2222
R00531,0,CLONE_INTERVAL,T3,t3_delete_statement,ok,1,True,T3,True,1.0,0.1786,0.1786
R00531,1,MUTATION,T3,t3_delete_statement,ok,3,True,T3,True,1.0,1.0,1.0
R00531,2,UNTOUCHED,T1,none,ok,3,True,T1,True,0.3333,0.2,0.1429
R00531,3,UNTOUCHED,T1,none,ok,3,True,T1,True,0.6522,1.0,0.6522
R00532,0,CLONE_INTERVAL,T3,t3_delete_statement,ok,1,True,T3,True,1.0,0.1714,0.1714
R00532,1,MUTATION,T3,t3_delete_statement,ok,3,True,T3,True,1.0,1.0,1.0
R00532,2,UNTOUCHED,T1,none,ok,3,True,T1,True,0.6667,0.2,0.1818
R00532,3,UNTOUCHED,T1,none,ok,3,True,T1,True,0.6364,0.3889,0.3182
R00533,0,CLONE_INTERVAL,T3,t3_wrap_statement,ok,1,True,T3,True,1.0,0.1818,0.1818
R00533,1,MUTATION,T3,t3_wrap_statement,ok,5,True,T3,True,1.0,1.0,1.0
R00533,2,UNTOUCHED,T1,none,ok,5,True,T1,True,0.75,0.75,0.6
R00533,3,UNTOUCHED,T1,none,ok,5,True,T1,True,0.64,0.9412,0.6154
R00534,0,CLONE_INTERVAL,T3,t3_wrap_statement,ok,1,True,T3,True,1.0,0.2857,0.2857
R00534,1,MUTATION,T3,t3_wrap_statement,ok,3,True,T3,True,1.0,1.0,1.0
R00534,2,UNTOUCHED,T1,none,ok,3,True,T1,True,0.2857,0.5,0.2222
R00534,3,UNTOUCHED,T1,none,ok,3,True,T1,True,0.6667,0.7143,0.5263
R00535,0,CLONE_INTERVAL,T1,t1_reindent,ok,1,True,T1,True,1.0,0.5294,0.5294
R00535,1,MUTATION,T1,t1_reindent,ok,1,True,T1,True,0.6667,0.5,0.4
R00535,2,UNTOUCHED,T1,none,ok,1,True,T1,True,0.75,0.25,0.2308
R00535,3,UNTOUCHED,T1,none,ok,1,True,T1,True,0.5,0.25,0.2
R00536,0,CLONE_INTERVAL,T2,t2_rename_local,ok,1,True,T2,True,1.0,0.8261,0.8261
R00536,1,MUTATION,T2,t2_rename_local,ok,7,True,T2,True,0.3333,1.0,0.3333
R00536,2,UNTOUCHED,T1,none,ok,7,True,T1,True,0.75,0.75,0.6
R00536,3,UNTOUCHED,T1,none,ok,7,True,T1,True,0.3333,0.5,0.25
R00537,0,CLONE_INTERVAL,T3,t3_wrap_statement,ok,1,True,T3,True,1.0,0.4286,0.4286
R00537,1,MUTATION,T3,t3_wrap_statement,ok,3,True,T3,True,1.0,1.0,1.0
R00537,2,UNTOUCHED,T1,none,ok,3,True,T1,True,0.6667,0.6667,0.5
R00537,3,UNTOUCHED,T1,none,ok,3,True,T1,True,0.5714,0.5,0.3636
R00538,0,CLONE_INTERVAL,T2,t2_change_int_literal,ok,1,True,T2,True,1.0,0.6667,0.6667
R00538,1,MUTATION,T2,t2_change_int_literal,ok,3,True,T2,True,1.0,1.0,1.0
R00538,2,UNTOUCHED,T1,none,ok,3,True,T1,True,0.6667,0.6667,0.5
R00538,3,UNTOUCHED,T1,none,ok,3,True,T1,True,0.6667,0.3333,0.2857
R00539,0,CLONE_INTERVAL,T3,t3_insert_statement,ok,1,True,T3,True,1.0,0.2727,0.2727
R00539,1,MUTATION,T3,t3_insert_statement,ok,3,True,T3,True,1.0,1.0,1.0
R00539,2,UNTOUCHED,T1,none,ok,3,True,T1,True,0.3333,0.1111,0.0909
R00539,3,UNTOUCHED,T1,none,ok,3,True,T1,True,0.6667,0.6,0.4615
R00540,0,CLONE_INTERVAL,T1,t1_add_blank_line,ok,1,True,T1,True,0.8571,0.1304,0.1277
R00540,1,MUTATION,T1,t1_add_blank_line,ok,1,False,,False,0.0,0.0,0.0
R00540,2,UNTOUCHED,T1,none,ok,1,True,T1,True,0.7692,0.2381,0.2222
R00540,3,UNTOUCHED,T1,none,ok,1,True,T1,True,0.8966,0.619,0.5778
R00541,0,CLONE_INTERVAL,T2,t2_change_int_literal,ok,1,True,T2,True,1.0,0.6316,0.6316
R00541,1,MUTATION,T2,t2_change_int_literal,ok,3,True,T2,True,1.0,1.0,1.0
R00541,2,UNTOUCHED,T1,none,ok,3,True,T1,True,0.5,0.5714,0.3636
R00541,3,UNTOUCHED,T1,none,ok,3,True,T1,True,0.4,0.3333,0.2222
R00542,0,CLONE_INTERVAL,T3,t3_delete_statement,ok,1,True,T3,True,1.0,0.6667,0.6667
R00542,1,MUTATION,T3,t3_delete_statement,ok,3,True,T3,True,1.0,1.0,1.0
R00542,2,UNTOUCHED,T1,none,ok,3,True,T1,True,0.6667,0.5,0.4
R00542,3,UNTOUCHED,T1,none,ok,3,True,T1,True,0.6667,0.2857,0.25
R00543,0,CLONE_INTERVAL,T1,t1_add_eol_comment,ok,2,True,T1,True,1.0,0.3333,0.3333
R00543,1,MUTATION,T1,t1_add_eol_comment,ok,2,True,T1,True,1.0,0.0556,0.0556
R00543,2,UNTOUCHED,T1,none,ok,2,True,T1,True,0.5,0.1111,0.1
R00543,3,UNTOUCHED,T1,none,ok,2,True,T1,True,0.6667,0.1111,0.1053
R00544,0,CLONE_INTERVAL,T1,t1_add_block_comment,ok,1,True,T1,True,0.9,0.6,0.5625
R00544,1,MUTATION,T1,t1_add_block_comment,ok,1,False,,False,0.0,0.0,0.0
R00544,2,UNTOUCHED,T1,none,ok,1,True,T1,True,0.6667,0.1538,0.1429
R00544,3,UNTOUCHED,T1,none,ok,1,True,T1,True,0.6667,0.3077,0.2667
R00545,0,CLONE_INTERVAL,T3,t3_insert_statement,ok,1,True,T3,True,1.0,0.125,0.125
R00545,1,MUTATION,T3,t3_insert_statement,ok,3,True,T3,True,1.0,1.0,1.0
R00545,2,UNTOUCHED,T1,none,ok,3,True,T1,True,0.6667,0.1333,0.125
R00545,3,UNTOUCHED,T1,none,ok,3,True,T1,True,0.625,0.3704,0.303
R00546,0,CLONE_INTERVAL,T2,t2_change_string_literal,ok,1,True,T2,True,1.0,0.381,0.381
R00546,1,MUTATION,T2,t2_change_string_literal,ok,3,True,T2,True,1.0,1.0,1.0
R00546,2,UNTOUCHED,T1,none,ok,3,True,T1,True,0.6667,0.5,0.4
R00546,3,UNTOUCHED,T1,none,ok,3,True,T1,True,0.6667,0.7273,0.5333
R00547,0,CLONE_INTERVAL,T1,t1_add_eol_comment,ok,1,True,T1,True,1.0,0.5714,0.5714
R00547,1,MUTATION,T1,t1_add_eol_comment,ok,1,False,,False,0.0,0.0,0.0
R00547,2,UNTOUCHED,T1,none,ok,1,True,T1,True,0.5714,0.3636,0.2857
R00547,3,UNTOUCHED,T1,none,ok,1,True,T1,True,0.6667,0.1818,0.1667
R00548,0,CLONE_INTERVAL,T2,t2_change_string_literal,ok,1,True,T2,True,1.0,0.75,0.75
R00548,1,MUTATION,T2,t2_change_string_literal,ok,3,True,T2,True,1.0,1.0,1.0
R00548,2,UNTOUCHED,T1,none,ok,3,True,T1,True,0.6667,0.4,0.3333
R00548,3,UNTOUCHED,T1,none,ok,3,True,T1,True,0.1667,0.2,0.1
R00549,0,CLONE_INTERVAL,T1,t1_add_block_comment,ok,1,True,T1,True,1.0,0.2222,0.2222
R00549,1,MUTATION,T1,t1_add_block_comment,ok,1,True,T1,True,1.0,0.0385,0.0385
R00549,2,UNTOUCHED,T1,none,ok,1,True,T1,True,0.75,0.1154,0.1111
R00549,3,UNTOUCHED,T1,none,ok,1,True,T1,True,0.6154,0.6154,0.4444
R00550,0,CLONE_INTERVAL,T1,t1_add_eol_comment,ok,1,True,T1,True,1.0,0.2609,0.2609
R00550,1,MUTATION,T1,t1_add_eol_comment,ok,1,True,T1,True,1.0,0.0556,0.0556
R00550,2,UNTOUCHED,T1,none,ok,1,True,T1,True,0.6667,0.1111,0.1053
R00550,3,UNTOUCHED,T1,none,ok,1,True,T1,True,0.625,0.5556,0.4167
R00551,0,CLONE_INTERVAL,T2,t2_change_int_literal,ok,1,True,T2,True,1.0,0.4857,0.4857
R00551,1,MUTATION,T2,t2_change_int_literal,ok,3,True,T2,True,1.0,1.0,1.0
R00551,2,UNTOUCHED,T1,none,ok,3,True,T1,True,0.75,1.0,0.75
R00551,3,UNTOUCHED,T1,none,ok,3,True,T1,True,0.5882,0.4348,0.3333
R00552,0,CLONE_INTERVAL,T2,t2_change_string_literal,ok,1,True,T2,True,1.0,0.4615,0.4615
R00552,1,MUTATION,T2,t2_change_string_literal,ok,3,True,T2,True,1.0,1.0,1.0
R00552,2,UNTOUCHED,T1,none,ok,3,True,T1,True,0.6667,1.0,0.6667
R00552,3,UNTOUCHED,T1,none,ok,3,True,T1,True,0.6667,0.4444,0.3636
R00553,0,CLONE_INTERVAL,T3,t3_wrap_statement,ok,1,True,T3,True,1.0,0.4286,0.4286
R00553,1,MUTATION,T3,t3_wrap_statement,ok,3,True,T3,True,1.0,1.0,1.0
R00553,2,UNTOUCHED,T1,none,ok,3,True,T1,True,0.6667,0.6,0.4615
R00553,3,UNTOUCHED,T1,none,ok,3,True,T1,True,0.6667,0.5,0.4
R00554,0,CLONE_INTERVAL,T1,t1_add_blank_line,ok,1,True,T1,True,1.0,0.5,0.5
R00554,1,MUTATION,T1,t1_add_blank_line,ok,1,False,,False,0.0,0.0,0.0
R00554,2,UNTOUCHED,T1,none,ok,1,True,T1,True,0.75,0.1667,0.1579
R00554,3,UNTOUCHED,T1,none,ok,1,True,T1,True,0.6,0.3333,0.2727
R00555,0,CLONE_INTERVAL,T1,t1_add_eol_comment,ok,1,True,T1,True,1.0,0.4375,0.4375
R00555,1,MUTATION,T1,t1_add_eol_comment,ok,1,True,T1,True,1.0,0.0769,0.0769
R00555,2,UNTOUCHED,T1,none,ok,1,True,T1,True,0.6667,0.1538,0.1429
R00555,3,UNTOUCHED,T1,none,ok,1,True,T1,True,0.625,0.3846,0.3125
R00556,0,CLONE_INTERVAL,T1,t1_add_blank_line,ok,1,True,T1,True,1.0,0.5,0.5
R00556,1,MUTATION,T1,t1_add_blank_line,ok,1,True,T1,True,1.0,0.0588,0.0588
R00556,2,UNTOUCHED,T1,none,ok,1,True,T1,True,0.6667,0.1176,0.1111
R00556,3,UNTOUCHED,T1,none,ok,1,True,T1,True,0.6,0.3529,0.2857
R00557,0,CLONE_INTERVAL,T2,t2_change_int_literal,ok,1,True,T2,True,0.9,0.75,0.6923
R00557,1,MUTATION,T2,t2_change_int_literal,ok,3,True,T2,True,1.0,0.5,0.5
R00557,2,UNTOUCHED,T1,none,ok,3,True,T1,True,0.3333,0.5,0.25
R00557,3,UNTOUCHED,T1,none,ok,3,True,T1,True,0.6667,0.3333,0.2857
R00558,0,CLONE_INTERVAL,T1,t1_add_block_comment,ok,1,True,T1,True,0.8889,0.4444,0.4211
R00558,1,MUTATION,T1,t1_add_block_comment,ok,1,False,,False,0.0,0.0,0.0
R00558,2,UNTOUCHED,T1,none,ok,1,False,,False,0.0,0.0,0.0
R00558,3,UNTOUCHED,T1,none,ok,1,True,T1,True,0.6364,0.5385,0.4118
R00559,0,CLONE_INTERVAL,T2,t2_change_int_literal,ok,1,True,T2,True,1.0,0.1935,0.1935
R00559,1,MUTATION,T2,t2_change_int_literal,ok,3,True,T2,True,1.0,1.0,1.0
R00559,2,UNTOUCHED,T1,none,ok,3,True,T1,True,0.75,1.0,0.75
R00559,3,UNTOUCHED,T1,none,ok,3,True,T1,True,0.7391,0.7727,0.6071
R00560,0,CLONE_INTERVAL,T1,t1_add_block_comment,ok,1,True,T1,True,1.0,0.7143,0.7143
R00560,1,MUTATION,T1,t1_add_block_comment,ok,1,False,,False,0.0,0.0,0.0
R00560,2,UNTOUCHED,T1,none,ok,1,True,T1,True,0.6667,0.1667,0.1538
R00560,3,UNTOUCHED,T1,none,ok,1,True,T1,True,0.6667,0.1667,0.1538
R00561,0,CLONE_INTERVAL,T3,t3_delete_statement,ok,1,True,T3,True,1.0,0.1613,0.1613
R00561,1,MUTATION,T3,t3_delete_statement,ok,3,True,T3,True,1.0,1.0,1.0
R00561,2,UNTOUCHED,T1,none,ok,3,True,T1,True,0.75,0.75,0.6
R00561,3,UNTOUCHED,T1,none,ok,3,True,T1,True,0.65,0.8667,0.5909
R00562,0,CLONE_INTERVAL,T2,t2_rename_local,ok,1,True,T2,True,1.0,0.35,0.35
R00562,1,MUTATION,T2,t2_rename_local,ok,3,True,T2,True,1.0,1.0,1.0
R00562,2,UNTOUCHED,T1,none,ok,3,True,T1,True,0.8571,0.75,0.6667
R00562,3,UNTOUCHED,T1,none,ok,3,True,T1,True,0.625,0.8333,0.5556
R00563,0,CLONE_INTERVAL,T1,t1_add_eol_comment,ok,1,True,T1,True,1.0,0.381,0.381
R00563,1,MUTATION,T1,t1_add_eol_comment,ok,1,True,T1,True,1.0,0.0625,0.0625
R00563,2,UNTOUCHED,T1,none,ok,1,True,T1,True,0.7778,0.4375,0.3889
R00563,3,UNTOUCHED,T1,none,ok,1,True,T1,True,0.5,0.1875,0.1579
R00564,0,CLONE_INTERVAL,T1,t1_reindent,ok,1,True,T1,True,1.0,0.6842,0.6842
R00564,1,MUTATION,T1,t1_reindent,ok,1,True,T1,True,0.6923,0.6,0.4737
R00564,2,UNTOUCHED,T1,none,ok,1,True,T1,True,0.5714,0.2667,0.2222
R00564,3,UNTOUCHED,T1,none,ok,1,True,T1,True,0.5,0.1333,0.1176
R00565,0,CLONE_INTERVAL,T3,t3_delete_statement,ok,1,True,T3,True,1.0,0.2778,0.2778
R00565,1,MUTATION,T3,t3_delete_statement,ok,4,True,T2,False,1.0,0.5,0.5
R00565,2,UNTOUCHED,T1,none,ok,4,True,T1,True,0.6667,0.6667,0.5
R00565,3,UNTOUCHED,T1,none,ok,4,True,T1,True,0.5,1.0,0.5
R00566,0,CLONE_INTERVAL,T3,t3_insert_statement,ok,1,True,T3,True,0.9286,0.3824,0.3714
R00566,1,MUTATION,T3,t3_insert_statement,ok,3,True,T3,True,1.0,1.0,1.0
R00566,2,UNTOUCHED,T1,none,ok,3,True,T1,True,0.8571,0.6,0.5455
R00566,3,UNTOUCHED,T1,none,ok,3,True,T1,True,0.625,0.5882,0.4348
R00567,0,CLONE_INTERVAL,T2,t2_change_string_literal,ok,1,True,T2,True,1.0,0.32,0.32
R00567,1,MUTATION,T2,t2_change_string_literal,ok,3,True,T2,True,1.0,1.0,1.0
R00567,2,UNTOUCHED,T1,none,ok,3,True,T1,True,0.8571,0.6667,0.6
R00567,3,UNTOUCHED,T1,none,ok,3,True,T1,True,0.6,0.2727,0.2308
R00568,0,CLONE_INTERVAL,T2,t2_rename_local,ok,1,True,T2,True,1.0,0.2581,0.2581
R00568,1,MUTATION,T2,t2_rename_local,ok,3,True,T2,True,1.0,1.0,1.0
R00568,2,UNTOUCHED,T1,none,ok,3,True,T1,True,0.6667,0.5,0.4
R00568,3,UNTOUCHED,T1,none,ok,3,True,T1,True,0.7647,0.8125,0.65
R00569,0,CLONE_INTERVAL,T2,t2_rename_local,ok,1,True,T2,True,1.0,0.5455,0.5455
R00569,1,MUTATION,T2,t2_rename_local,ok,3,True,T2,True,1.0,1.0,1.0
R00569,2,UNTOUCHED,T1,none,ok,3,True,T1,True,0.6667,1.0,0.6667
R00569,3,UNTOUCHED,T1,none,ok,3,True,T1,True,0.5,1.0,0.5
R00570,0,CLONE_INTERVAL,T2,t2_change_string_literal,ok,1,True,T2,True,1.0,0.1458,0.1458
R00570,1,MUTATION,T2,t2_change_string_literal,ok,3,True,T2,True,1.0,1.0,1.0
R00570,2,UNTOUCHED,T1,none,ok,3,True,T1,True,0.6667,0.5,0.4
R00570,3,UNTOUCHED,T1,none,ok,3,True,T1,True,0.7,0.9032,0.6512
R00571,0,CLONE_INTERVAL,T3,t3_wrap_statement,ok,1,True,T3,True,1.0,0.2105,0.2105
R00571,1,MUTATION,T3,t3_wrap_statement,ok,3,True,T3,True,1.0,1.0,1.0
R00571,2,UNTOUCHED,T1,none,ok,3,True,T1,True,0.6818,1.0,0.6818
R00571,3,UNTOUCHED,T1,none,ok,3,True,T1,True,0.6364,0.6364,0.4667
R00572,0,CLONE_INTERVAL,T1,t1_add_block_comment,ok,1,True,T1,True,1.0,0.3333,0.3333
R00572,1,MUTATION,T1,t1_add_block_comment,ok,1,False,,False,0.0,0.0,0.0
R00572,2,UNTOUCHED,T1,none,ok,1,True,T1,True,0.8333,0.2778,0.2632
R00572,3,UNTOUCHED,T1,none,ok,1,True,T1,True,0.5,0.1667,0.1429
R00573,0,CLONE_INTERVAL,T1,t1_add_block_comment,ok,1,True,T1,True,1.0,0.7037,0.7037
R00573,1,MUTATION,T1,t1_add_block_comment,ok,1,False,,False,0.0,0.0,0.0
R00573,2,UNTOUCHED,T1,none,ok,1,True,T1,True,0.6,0.1364,0.125
R00573,3,UNTOUCHED,T1,none,ok,1,True,T1,True,0.7143,0.2273,0.2083
R00574,0,CLONE_INTERVAL,T3,t3_wrap_statement,ok,1,True,T3,True,0.8333,0.0515,0.051
R00574,1,MUTATION,T3,t3_wrap_statement,ok,3,True,T3,True,1.0,1.0,1.0
R00574,2,UNTOUCHED,T1,none,ok,3,False,,False,0.0,0.0,0.0
R00574,3,UNTOUCHED,T1,none,ok,3,True,T1,True,0.5556,0.5556,0.3846
R00575,0,CLONE_INTERVAL,T3,t3_delete_statement,ok,1,True,T3,True,1.0,0.3571,0.3571
R00575,1,MUTATION,T3,t3_delete_statement,ok,3,True,T3,True,1.0,1.0,1.0
R00575,2,UNTOUCHED,T1,none,ok,3,True,T1,True,0.6667,0.6667,0.5
R00575,3,UNTOUCHED,T1,none,ok,3,True,T1,True,0.625,0.625,0.4545
R00576,0,CLONE_INTERVAL,T3,t3_wrap_statement,ok,1,True,T3,True,1.0,0.4,0.4
R00576,1,MUTATION,T3,t3_wrap_statement,ok,3,True,T3,True,1.0,1.0,1.0
R00576,2,UNTOUCHED,T1,none,ok,3,True,T1,True,0.6667,0.3333,0.2857
R00576,3,UNTOUCHED,T1,none,ok,3,True,T1,True,0.625,0.7143,0.5
R00577,0,CLONE_INTERVAL,T2,t2_change_int_literal,ok,1,True,T2,True,1.0,0.475,0.475
R00577,1,MUTATION,T2,t2_change_int_literal,ok,3,True,T2,True,1.0,1.0,1.0
R00577,2,UNTOUCHED,T1,none,ok,3,True,T1,True,0.8571,0.4615,0.4286
R00577,3,UNTOUCHED,T1,none,ok,3,True,T1,True,0.7,0.3684,0.3182
R00578,0,CLONE_INTERVAL,T2,t2_change_int_literal,ok,1,True,T2,True,1.0,0.0886,0.0886
R00578,1,MUTATION,T2,t2_change_int_literal,ok,3,True,T2,True,1.0,1.0,1.0
R00578,2,UNTOUCHED,T1,none,ok,3,True,T1,True,0.6667,1.0,0.6667
R00578,3,UNTOUCHED,T1,none,ok,3,True,T1,True,0.6667,0.1667,0.1538
R00579,0,CLONE_INTERVAL,T1,t1_add_blank_line,ok,1,True,T1,True,0.8571,0.2069,0.2
R00579,1,MUTATION,T1,t1_add_blank_line,ok,1,False,,False,0.0,0.0,0.0
R00579,2,UNTOUCHED,T1,none,ok,1,True,T1,True,0.6667,0.087,0.0833
R00579,3,UNTOUCHED,T1,none,ok,1,True,T1,True,0.6,0.1304,0.12
R00580,0,CLONE_INTERVAL,T1,t1_add_block_comment,ok,1,True,T1,True,0.8571,0.6,0.5455
R00580,1,MUTATION,T1,t1_add_block_comment,ok,1,False,,False,0.0,0.0,0.0
R00580,2,UNTOUCHED,T1,none,ok,1,True,T1,True,0.6667,0.2222,0.2
R00580,3,UNTOUCHED,T1,none,ok,1,True,T1,True,0.6667,0.2222,0.2
R00581,0,CLONE_INTERVAL,T3,t3_insert_statement,ok,1,True,T3,True,1.0,0.3333,0.3333
R00581,1,MUTATION,T3,t3_insert_statement,ok,3,True,T3,True,1.0,1.0,1.0
R00581,2,UNTOUCHED,T1,none,ok,3,True,T1,True,0.875,0.5385,0.5
R00581,3,UNTOUCHED,T1,none,ok,3,True,T1,True,0.6364,1.0,0.6364
R00582,0,CLONE_INTERVAL,T2,t2_change_int_literal,ok,1,True,T2,True,1.0,0.4615,0.4615
R00582,1,MUTATION,T2,t2_change_int_literal,ok,3,True,T2,True,1.0,1.0,1.0
R00582,2,UNTOUCHED,T1,none,ok,3,True,T1,True,0.6667,0.6667,0.5
R00582,3,UNTOUCHED,T1,none,ok,3,True,T1,True,0.6667,0.5714,0.4444
R00583,0,CLONE_INTERVAL,T3,t3_insert_statement,ok,1,True,T3,True,1.0,0.25,0.25
R00583,1,MUTATION,T3,t3_insert_statement,ok,4,True,T2,False,1.0,0.5,0.5
R00583,2,UNTOUCHED,T1,none,ok,4,True,T1,True,0.3333,0.3333,0.2
R00583,3,UNTOUCHED,T1,none,ok,4,True,T1,True,0.6667,0.8571,0.6
R00584,0,CLONE_INTERVAL,T2,t2_change_string_literal,ok,1,True,T2,True,1.0,0.25,0.25
R00584,1,MUTATION,T2,t2_change_string_literal,ok,3,True,T2,True,1.0,1.0,1.0
R00584,2,UNTOUCHED,T1,none,ok,3,True,T1,True,0.75,0.6,0.5
R00584,3,UNTOUCHED,T1,none,ok,3,True,T1,True,0.5789,0.7857,0.5
R00585,0,CLONE_INTERVAL,T1,t1_add_blank_line,ok,1,True,T1,True,0.9231,0.7059,0.6667
R00585,1,MUTATION,T1,t1_add_blank_line,ok,1,False,,False,0.0,0.0,0.0
R00585,2,UNTOUCHED,T1,none,ok,1,True,T1,True,0.75,0.2143,0.2
R00585,3,UNTOUCHED,T1,none,ok,1,True,T1,True,0.6667,0.1429,0.1333
R00586,0,CLONE_INTERVAL,T1,t1_add_blank_line,ok,1,True,T1,True,0.9231,0.6316,0.6
R00586,1,MUTATION,T1,t1_add_blank_line,ok,1,False,,False,0.0,0.0,0.0
R00586,2,UNTOUCHED,T1,none,ok,1,True,T1,True,0.6667,0.1429,0.1333
R00586,3,UNTOUCHED,T1,none,ok,1,True,T1,True,0.5,0.2143,0.1765
R00587,0,CLONE_INTERVAL,T1,t1_add_blank_line,ok,1,True,T1,True,1.0,0.3,0.3
R00587,1,MUTATION,T1,t1_add_blank_line,ok,1,False,,False,0.0,0.0,0.0
R00587,2,UNTOUCHED,T1,none,ok,1,True,T1,True,0.6667,0.1333,0.125
R00587,3,UNTOUCHED,T1,none,ok,1,True,T1,True,0.6154,0.5333,0.4
R00588,0,CLONE_INTERVAL,T1,t1_add_blank_line,ok,1,True,T1,True,0.875,0.5385,0.5
R00588,1,MUTATION,T1,t1_add_blank_line,ok,1,False,,False,0.0,0.0,0.0
R00588,2,UNTOUCHED,T1,none,ok,1,True,T1,True,0.6667,0.1818,0.1667
R00588,3,UNTOUCHED,T1,none,ok,1,True,T1,True,0.6,0.2727,0.2308
R00589,0,CLONE_INTERVAL,T1,t1_reindent,ok,1,True,T1,True,1.0,0.3,0.3
R00589,1,MUTATION,T1,t1_reindent,ok,1,True,T1,True,0.8333,0.3125,0.2941
R00589,2,UNTOUCHED,T1,none,ok,1,True,T1,True,0.8,0.25,0.2353
R00589,3,UNTOUCHED,T1,none,ok,1,True,T1,True,0.6364,0.4375,0.35
R00590,0,CLONE_INTERVAL,T3,t3_wrap_statement,ok,1,True,T3,True,1.0,0.4118,0.4118
R00590,1,MUTATION,T3,t3_wrap_statement,ok,3,True,T3,True,1.0,1.0,1.0
R00590,2,UNTOUCHED,T1,none,ok,3,True,T1,True,0.7778,1.0,0.7778
R00590,3,UNTOUCHED,T1,none,ok,3,True,T1,True,0.6667,0.25,0.2222
R00591,0,CLONE_INTERVAL,T1,t1_reindent,ok,1,True,T1,True,1.0,0.1429,0.1429
R00591,1,MUTATION,T1,t1_reindent,ok,1,True,T1,True,0.6667,0.1143,0.1081
R00591,2,UNTOUCHED,T1,none,ok,1,True,T1,True,0.8571,0.1714,0.1667
R00591,3,UNTOUCHED,T1,none,ok,1,True,T1,True,0.8065,0.7143,0.6098
R00592,0,CLONE_INTERVAL,T1,t1_add_eol_comment,ok,1,True,T1,True,0.875,0.5385,0.5
R00592,1,MUTATION,T1,t1_add_eol_comment,ok,1,True,T1,True,1.0,0.0833,0.0833
R00592,2,UNTOUCHED,T1,none,ok,1,True,T1,True,0.6667,0.1667,0.1538
R00592,3,UNTOUCHED,T1,none,ok,1,True,T1,True,0.375,0.25,0.1765
R00593,0,CLONE_INTERVAL,T3,t3_delete_statement,ok,1,True,T3,True,1.0,0.3023,0.3023
R00593,1,MUTATION,T3,t3_delete_statement,ok,3,True,T3,True,1.0,1.0,1.0
R00593,2,UNTOUCHED,T1,none,ok,3,True,T1,True,0.75,0.1071,0.1034
R00593,3,UNTOUCHED,T1,none,ok,3,True,T1,True,0.5,0.2222,0.1818
R00594,0,CLONE_INTERVAL,T2,t2_rename_local,ok,1,True,T2,True,1.0,0.6154,0.6154
R00594,1,MUTATION,T2,t2_rename_local,ok,5,True,T2,True,0.5,1.0,0.5
R00594,2,UNTOUCHED,T1,none,ok,5,True,T1,True,0.75,1.0,0.75
R00594,3,UNTOUCHED,T1,none,ok,5,True,T1,True,0.6667,0.5,0.4
R00595,0,CLONE_INTERVAL,T3,t3_wrap_statement,ok,1,True,T3,True,1.0,0.5294,0.5294
R00595,1,MUTATION,T3,t3_wrap_statement,ok,3,True,T3,True,1.0,1.0,1.0
R00595,2,UNTOUCHED,T1,none,ok,3,True,T1,True,0.5,0.6667,0.4
R00595,3,UNTOUCHED,T1,none,ok,3,True,T1,True,0.7143,0.4545,0.3846
R00596,0,CLONE_INTERVAL,T1,t1_add_blank_line,ok,1,True,T1,True,1.0,0.3529,0.3529
R00596,1,MUTATION,T1,t1_add_blank_line,ok,1,True,T1,True,1.0,0.0714,0.0714
R00596,2,UNTOUCHED,T1,none,ok,1,True,T1,True,0.8333,0.3571,0.3333
R00596,3,UNTOUCHED,T1,none,ok,1,True,T1,True,0.5714,0.2857,0.2353
R00597,0,CLONE_INTERVAL,T1,t1_add_eol_comment,ok,7,False,,False,0.6667,0.4,0.3333
R00597,1,MUTATION,T1,t1_add_eol_comment,ok,7,True,T1,True,1.0,0.1,0.1
R00597,2,UNTOUCHED,T1,none,ok,7,True,T1,True,0.4,0.2,0.1538
R00597,3,UNTOUCHED,T1,none,ok,7,True,T1,True,0.4286,0.3,0.2143
R00598,0,CLONE_INTERVAL,T2,t2_rename_local,ok,1,True,T2,True,1.0,0.6154,0.6154
R00598,1,MUTATION,T2,t2_rename_local,ok,3,True,T2,True,1.0,1.0,1.0
R00598,2,UNTOUCHED,T1,none,ok,3,True,T1,True,0.6667,0.6667,0.5
R00598,3,UNTOUCHED,T1,none,ok,3,True,T1,True,0.5,1.0,0.5
R00599,0,CLONE_INTERVAL,T2,t2_rename_local,ok,1,True,T2,True,1.0,0.2917,0.2917
R00599,1,MUTATION,T2,t2_rename_local,ok,5,True,T2,True,0.4,1.0,0.4
R00599,2,UNTOUCHED,T1,none,ok,5,True,T1,True,0.3333,0.0909,0.0769
R00599,3,UNTOUCHED,T1,none,ok,5,True,T1,True,0.6,0.75,0.5
R00600,0,CLONE_INTERVAL,T3,t3_insert_statement,ok,1,True,T3,True,0.7895,0.8824,0.7143
R00600,1,MUTATION,T3,t3_insert_statement,ok,3,True,T3,True,1.0,1.0,1.0
R00600,2,UNTOUCHED,T1,none,ok,3,True,T1,True,0.25,0.5,0.2
R00600,3,UNTOUCHED,T1,none,ok,3,True,T1,True,0.0217,0.0909,0.0179
R00601,0,CLONE_INTERVAL,T2,t2_rename_local,ok,1,True,T2,True,1.0,0.24,0.24
R00601,1,MUTATION,T2,t2_rename_local,ok,3,True,T2,True,1.0,1.0,1.0
R00601,2,UNTOUCHED,T1,none,ok,3,True,T1,True,0.6667,0.5,0.4
R00601,3,UNTOUCHED,T1,none,ok,3,True,T1,True,0.6842,1.0,0.6842
R00602,0,CLONE_INTERVAL,T3,t3_wrap_statement,ok,1,True,T3,True,1.0,0.3,0.3
R00602,1,MUTATION,T3,t3_wrap_statement,ok,3,True,T3,True,1.0,1.0,1.0
R00602,2,UNTOUCHED,T1,none,ok,3,True,T1,True,0.8,0.8,0.6667
R00602,3,UNTOUCHED,T1,none,ok,3,True,T1,True,0.6364,0.6364,0.4667
R00603,0,CLONE_INTERVAL,T1,t1_add_eol_comment,ok,1,True,T1,True,1.0,0.4286,0.4286
R00603,1,MUTATION,T1,t1_add_eol_comment,ok,1,True,T1,True,1.0,0.0588,0.0588
R00603,2,UNTOUCHED,T1,none,ok,1,True,T1,True,0.25,0.0588,0.05
R00603,3,UNTOUCHED,T1,none,ok,1,True,T1,True,0.6154,0.4706,0.3636
R00604,0,CLONE_INTERVAL,T1,t1_add_eol_comment,ok,1,False,,False,0.5,0.2105,0.1739
R00604,1,MUTATION,T1,t1_add_eol_comment,ok,1,False,,False,0.0,0.0,0.0
R00604,2,UNTOUCHED,T1,none,ok,1,True,T1,True,0.7273,0.5333,0.4444
R00604,3,UNTOUCHED,T1,none,ok,1,True,T1,True,0.5714,0.2667,0.2222
R00605,0,CLONE_INTERVAL,T3,t3_insert_statement,ok,1,True,T3,True,1.0,0.2222,0.2222
R00605,1,MUTATION,T3,t3_insert_statement,ok,3,True,T3,True,1.0,1.0,1.0
R00605,2,UNTOUCHED,T1,none,ok,3,True,T1,True,0.8,0.2857,0.2667
R00605,3,UNTOUCHED,T1,none,ok,3,True,T1,True,0.5,0.5,0.3333
R00606,0,CLONE_INTERVAL,T3,t3_insert_statement,ok,1,True,T3,True,1.0,0.619,0.619
R00606,1,MUTATION,T3,t3_insert_statement,ok,3,True,T3,True,1.0,1.0,1.0
R00606,2,UNTOUCHED,T1,none,ok,3,True,T1,True,0.6667,0.8,0.5714
R00606,3,UNTOUCHED,T1,none,ok,3,True,T1,True,0.5,0.1667,0.1429
R00607,0,CLONE_INTERVAL,T2,t2_change_string_literal,ok,1,True,T2,True,1.0,0.2609,0.2609
R00607,1,MUTATION,T2,t2_change_string_literal,ok,3,True,T2,True,1.0,1.0,1.0
R00607,2,UNTOUCHED,T1,none,ok,3,True,T1,True,0.75,1.0,0.75
R00607,3,UNTOUCHED,T1,none,ok,3,True,T1,True,0.7333,0.6875,0.55
R00608,0,CLONE_INTERVAL,T1,t1_add_block_comment,ok,1,True,T1,True,1.0,0.2609,0.2609
R00608,1,MUTATION,T1,t1_add_block_comment,ok,1,False,,False,0.0,0.0,0.0
R00608,2,UNTOUCHED,T1,none,ok,1,True,T1,True,0.6667,0.1111,0.1053
R00608,3,UNTOUCHED,T1,none,ok,1,True,T1,True,0.6875,0.6111,0.4783
R00609,0,CLONE_INTERVAL,T2,t2_change_string_literal,ok,1,True,T2,True,1.0,0.1935,0.1935
R00609,1,MUTATION,T2,t2_change_string_literal,ok,3,True,T2,True,1.0,1.0,1.0
R00609,2,UNTOUCHED,T1,none,ok,3,True,T1,True,0.7727,0.8947,0.7083
R00609,3,UNTOUCHED,T1,none,ok,3,True,T1,True,0.6,0.75,0.5
R00610,0,CLONE_INTERVAL,T1,t1_add_block_comment,ok,1,True,T1,True,1.0,0.32,0.32
R00610,1,MUTATION,T1,t1_add_block_comment,ok,1,True,T1,True,1.0,0.05,0.05
R00610,2,UNTOUCHED,T1,none,ok,1,True,T1,True,0.6667,0.1,0.0952
R00610,3,UNTOUCHED,T1,none,ok,1,True,T1,True,0.6875,0.55,0.44
R00611,0,CLONE_INTERVAL,T1,t1_add_blank_line,ok,1,True,T1,True,1.0,0.6,0.6
R00611,1,MUTATION,T1,t1_add_blank_line,ok,1,False,,False,0.0,0.0,0.0
R00611,2,UNTOUCHED,T1,none,ok,1,True,T1,True,0.6667,0.1667,0.1538
R00611,3,UNTOUCHED,T1,none,ok,1,True,T1,True,0.6,0.25,0.2143
R00612,0,CLONE_INTERVAL,T1,t1_add_eol_comment,ok,1,True,T1,True,1.0,0.1622,0.1622
R00612,1,MUTATION,T1,t1_add_eol_comment,ok,1,True,T1,True,1.0,0.0357,0.0357
R00612,2,UNTOUCHED,T1,none,ok,1,True,T1,True,0.4667,0.25,0.1944
R00612,3,UNTOUCHED,T1,none,ok,1,True,T1,True,0.68,0.6071,0.4722
R00613,0,CLONE_INTERVAL,T1,t1_reindent,ok,1,True,T1,True,1.0,0.6,0.6
R00613,1,MUTATION,T1,t1_reindent,ok,1,True,T1,True,1.0,0.6,0.6
R00613,2,UNTOUCHED,T1,none,ok,1,True,T1,True,0.6667,0.2,0.1818
R00613,3,UNTOUCHED,T1,none,ok,1,True,T1,True,0.6667,0.2,0.1818
R00614,0,CLONE_INTERVAL,T3,t3_wrap_statement,ok,1,True,T3,True,1.0,0.4615,0.4615
R00614,1,MUTATION,T3,t3_wrap_statement,ok,3,True,T3,True,1.0,1.0,1.0
R00614,2,UNTOUCHED,T1,none,ok,3,True,T1,True,0.6667,0.4,0.3333
R00614,3,UNTOUCHED,T1,none,ok,3,True,T1,True,0.5,0.5,0.3333
R00615,0,CLONE_INTERVAL,T1,t1_add_blank_line,ok,1,False,,False,0.625,0.2941,0.25
R00615,1,MUTATION,T1,t1_add_blank_line,ok,1,False,,False,0.0,0.0,0.0
R00615,2,UNTOUCHED,T1,none,ok,1,True,T1,True,0.75,0.2,0.1875
R00615,3,UNTOUCHED,T1,none,ok,1,True,T1,True,0.6364,0.4667,0.3684
R00616,0,CLONE_INTERVAL,T2,t2_change_string_literal,ok,1,True,T2,True,1.0,0.24,0.24
R00616,1,MUTATION,T2,t2_change_string_literal,ok,3,True,T2,True,1.0,1.0,1.0
R00616,2,UNTOUCHED,T1,none,ok,3,True,T1,True,0.6667,0.6667,0.5
R00616,3,UNTOUCHED,T1,none,ok,3,True,T1,True,0.7222,0.8125,0.619
R00617,0,CLONE_INTERVAL,T1,t1_add_block_comment,ok,1,True,T1,True,1.0,0.32,0.32
R00617,1,MUTATION,T1,t1_add_block_comment,ok,1,False,,False,0.0,0.0,0.0
R00617,2,UNTOUCHED,T1,none,ok,1,True,T1,True,0.8,0.2105,0.2
R00617,3,UNTOUCHED,T1,none,ok,1,True,T1,True,0.6429,0.4737,0.375
R00618,0,CLONE_INTERVAL,T2,t2_change_string_literal,ok,1,True,T2,True,1.0,0.25,0.25
R00618,1,MUTATION,T2,t2_change_string_literal,ok,3,True,T2,True,1.0,1.0,1.0
R00618,2,UNTOUCHED,T1,none,ok,3,True,T1,True,0.8,1.0,0.8
R00618,3,UNTOUCHED,T1,none,ok,3,True,T1,True,0.5556,0.3571,0.2778
R00619,0,CLONE_INTERVAL,T2,t2_change_int_literal,ok,1,True,T2,True,1.0,0.3333,0.3333
R00619,1,MUTATION,T2,t2_change_int_literal,ok,3,True,T2,True,1.0,1.0,1.0
R00619,2,UNTOUCHED,T1,none,ok,3,True,T1,True,0.8,0.8,0.6667
R00619,3,UNTOUCHED,T1,none,ok,3,True,T1,True,0.5556,0.625,0.4167
R00620,0,CLONE_INTERVAL,T1,t1_add_block_comment,ok,1,True,T1,True,1.0,0.3158,0.3158
R00620,1,MUTATION,T1,t1_add_block_comment,ok,1,False,,False,0.0,0.0,0.0
R00620,2,UNTOUCHED,T1,none,ok,1,True,T1,True,0.75,0.5625,0.4737
R00620,3,UNTOUCHED,T1,none,ok,1,True,T1,True,0.6667,0.125,0.1176
R00621,0,CLONE_INTERVAL,T1,t1_add_blank_line,ok,1,True,T1,True,1.0,0.3704,0.3704
R00621,1,MUTATION,T1,t1_add_blank_line,ok,1,False,,False,0.0,0.0,0.0
R00621,2,UNTOUCHED,T1,none,ok,1,True,T1,True,0.8333,0.25,0.2381
R00621,3,UNTOUCHED,T1,none,ok,1,True,T1,True,0.6923,0.45,0.375
R00622,0,CLONE_INTERVAL,T3,t3_wrap_statement,ok,1,True,T3,True,1.0,0.2857,0.2857
R00622,1,MUTATION,T3,t3_wrap_statement,ok,3,True,T3,True,1.0,1.0,1.0
R00622,2,UNTOUCHED,T1,none,ok,3,True,T1,True,0.6364,1.0,0.6364
R00622,3,UNTOUCHED,T1,none,ok,3,True,T1,True,0.6316,0.6667,0.48
R00623,0,CLONE_INTERVAL,T3,t3_insert_statement,ok,1,True,T3,True,1.0,0.127,0.127
R00623,1,MUTATION,T3,t3_insert_statement,ok,3,True,T3,True,1.0,1.0,1.0
R00623,2,UNTOUCHED,T1,none,ok,3,True,T1,True,0.75,0.2308,0.2143
R00623,3,UNTOUCHED,T1,none,ok,3,True,T1,True,0.6667,0.1081,0.1026
R00624,0,CLONE_INTERVAL,T3,t3_insert_statement,ok,1,True,T3,True,1.0,0.4375,0.4375
R00624,1,MUTATION,T3,t3_insert_statement,ok,3,True,T3,True,1.0,1.0,1.0
R00624,2,UNTOUCHED,T1,none,ok,3,True,T1,True,0.8333,0.8333,0.7143
R00624,3,UNTOUCHED,T1,none,ok,3,True,T1,True,0.5,0.4286,0.3
R00625,0,CLONE_INTERVAL,T3,t3_wrap_statement,ok,1,True,T3,True,1.0,0.0536,0.0536
R00625,1,MUTATION,T3,t3_wrap_statement,ok,3,True,T3,True,1.0,1.0,1.0
R00625,2,UNTOUCHED,T1,none,ok,3,True,T1,True,0.6667,0.4,0.3333
R00625,3,UNTOUCHED,T1,none,ok,3,True,T1,True,0.7368,0.1647,0.1556
R00626,0,CLONE_INTERVAL,T3,t3_delete_statement,ok,1,True,T3,True,1.0,0.2,0.2
R00626,1,MUTATION,T3,t3_delete_statement,ok,3,True,T3,True,1.0,1.0,1.0
R00626,2,UNTOUCHED,T1,none,ok,3,True,T1,True,0.6667,0.6667,0.5
R00626,3,UNTOUCHED,T1,none,ok,3,True,T1,True,0.7222,0.7647,0.5909
R00627,0,CLONE_INTERVAL,T2,t2_change_string_literal,ok,1,True,T2,True,1.0,0.6842,0.6842
R00627,1,MUTATION,T2,t2_change_string_literal,ok,3,True,T2,True,1.0,1.0,1.0
R00627,2,UNTOUCHED,T1,none,ok,3,True,T1,True,0.6667,0.4,0.3333
R00627,3,UNTOUCHED,T1,none,ok,3,True,T1,True,0.8,0.3636,0.3333
R00628,0,CLONE_INTERVAL,T1,t1_reindent,ok,2,True,T1,True,0.75,0.1429,0.1364
R00628,1,MUTATION,T1,t1_reindent,ok,2,True,T1,True,0.625,0.1389,0.1282
R00628,2,UNTOUCHED,T1,none,ok,2,True,T1,True,0.7407,0.5556,0.4651
R00628,3,UNTOUCHED,T1,none,ok,2,True,T1,True,0.7333,0.3056,0.275
R00629,0,CLONE_INTERVAL,T3,t3_wrap_statement,ok,1,True,T3,True,1.0,0.1364,0.1364
R00629,1,MUTATION,T3,t3_wrap_statement,ok,3,True,T3,True,1.0,1.0,1.0
R00629,2,UNTOUCHED,T1,none,ok,3,True,T1,True,0.9333,0.4375,0.4242
R00629,3,UNTOUCHED,T1,none,ok,3,True,T1,True,0.8889,0.8,0.7273
R00630,0,CLONE_INTERVAL,T1,t1_add_block_comment,ok,1,True,T1,True,0.8889,0.3333,0.32
R00630,1,MUTATION,T1,t1_add_block_comment,ok,1,False,,False,0.0,0.0,0.0
R00630,2,UNTOUCHED,T1,none,ok,1,True,T1,True,0.6667,0.0952,0.0909
R00630,3,UNTOUCHED,T1,none,ok,1,True,T1,True,0.8,0.5714,0.5
R00631,0,CLONE_INTERVAL,T1,t1_add_blank_line,ok,1,True,T1,True,0.875,0.6364,0.5833
R00631,1,MUTATION,T1,t1_add_blank_line,ok,1,False,,False,0.0,0.0,0.0
R00631,2,UNTOUCHED,T1,none,ok,1,True,T1,True,0.6667,0.2,0.1818
R00631,3,UNTOUCHED,T1,none,ok,1,True,T1,True,0.6667,0.2,0.1818
R00632,0,CLONE_INTERVAL,T2,t2_change_int_literal,ok,1,True,T2,True,1.0,0.3158,0.3158
R00632,1,MUTATION,T2,t2_change_int_literal,ok,3,True,T2,True,1.0,1.0,1.0
R00632,2,UNTOUCHED,T1,none,ok,3,True,T1,True,0.2,0.3333,0.1429
R00632,3,UNTOUCHED,T1,none,ok,3,True,T1,True,0.7692,0.8333,0.6667
R00633,0,CLONE_INTERVAL,T2,t2_change_string_literal,ok,1,True,T2,True,0.8235,0.6667,0.5833
R00633,1,MUTATION,T2,t2_change_string_literal,ok,3,True,T2,True,1.0,1.0,1.0
R00633,2,UNTOUCHED,T1,none,ok,3,False,,False,0.0,0.0,0.0
R00633,3,UNTOUCHED,T1,none,ok,3,True,T1,True,0.7778,0.5,0.4375
R00634,0,CLONE_INTERVAL,T1,t1_add_block_comment,ok,1,True,T1,True,1.0,0.5385,0.5385
R00634,1,MUTATION,T1,t1_add_block_comment,ok,1,False,,False,0.0,0.0,0.0
R00634,2,UNTOUCHED,T1,none,ok,1,True,T1,True,0.8333,0.4167,0.3846
R00634,3,UNTOUCHED,T1,none,ok,1,True,T1,True,0.3333,0.0833,0.0714
R00635,0,CLONE_INTERVAL,T2,t2_change_string_literal,ok,1,True,T2,True,1.0,0.4286,0.4286
R00635,1,MUTATION,T2,t2_change_string_literal,ok,3,True,T2,True,1.0,1.0,1.0
R00635,2,UNTOUCHED,T1,none,ok,3,True,T1,True,0.3333,0.5,0.25
R00635,3,UNTOUCHED,T1,none,ok,3,True,T1,True,0.625,0.5556,0.4167
R00636,0,CLONE_INTERVAL,T2,t2_rename_local,ok,1,True,T2,True,1.0,0.1818,0.1818
R00636,1,MUTATION,T2,t2_rename_local,ok,3,True,T2,True,1.0,1.0,1.0
R00636,2,UNTOUCHED,T1,none,ok,3,True,T1,True,0.6667,0.5714,0.4444
R00636,3,UNTOUCHED,T1,none,ok,3,True,T1,True,0.6923,1.0,0.6923
R00637,0,CLONE_INTERVAL,T3,t3_insert_statement,ok,1,True,T3,True,1.0,0.2059,0.2059
R00637,1,MUTATION,T3,t3_insert_statement,ok,3,True,T3,True,1.0,1.0,1.0
R00637,2,UNTOUCHED,T1,none,ok,3,True,T1,True,0.6667,0.6667,0.5
R00637,3,UNTOUCHED,T1,none,ok,3,True,T1,True,0.6,0.6,0.4286
R00638,0,CLONE_INTERVAL,T2,t2_change_string_literal,ok,1,True,T2,True,1.0,0.4474,0.4474
R00638,1,MUTATION,T2,t2_change_string_literal,ok,3,True,T2,True,1.0,1.0,1.0
R00638,2,UNTOUCHED,T1,none,ok,3,True,T1,True,0.75,0.6,0.5
R00638,3,UNTOUCHED,T1,none,ok,3,True,T1,True,0.5789,0.55,0.3929
R00639,0,CLONE_INTERVAL,T3,t3_insert_statement,ok,1,True,T3,True,1.0,0.6,0.6
R00639,1,MUTATION,T3,t3_insert_statement,ok,3,True,T3,True,1.0,1.0,1.0
R00639,2,UNTOUCHED,T1,none,ok,3,True,T1,True,0.75,0.4286,0.375
R00639,3,UNTOUCHED,T1,none,ok,3,True,T1,True,0.6667,0.4444,0.3636
R00640,0,CLONE_INTERVAL,T2,t2_rename_local,ok,1,True,T2,True,1.0,0.4118,0.4118
R00640,1,MUTATION,T2,t2_rename_local,ok,3,True,T2,True,1.0,1.0,1.0
R00640,2,UNTOUCHED,T1,none,ok,3,True,T1,True,0.8333,1.0,0.8333
R00640,3,UNTOUCHED,T1,none,ok,3,True,T1,True,0.5,0.75,0.4286
R00641,0,CLONE_INTERVAL,T3,t3_insert_statement,ok,7,True,T3,True,1.0,0.1892,0.1892
R00641,1,MUTATION,T3,t3_insert_statement,ok,9,True,T3,True,1.0,1.0,1.0
R00641,2,UNTOUCHED,T1,none,ok,9,True,T1,True,0.7778,0.6364,0.5385
R00641,3,UNTOUCHED,T1,none,ok,9,True,T1,True,0.5,0.2,0.1667
R00642,0,CLONE_INTERVAL,T2,t2_change_int_literal,ok,1,True,T2,True,1.0,0.24,0.24
R00642,1,MUTATION,T2,t2_change_int_literal,ok,3,True,T2,True,1.0,1.0,1.0
R00642,2,UNTOUCHED,T1,none,ok,3,True,T1,True,0.6667,0.6667,0.5
R00642,3,UNTOUCHED,T1,none,ok,3,True,T1,True,0.6667,0.8571,0.6
R00643,0,CLONE_INTERVAL,T2,t2_rename_local,ok,1,True,T2,True,1.0,0.2143,0.2143
R00643,1,MUTATION,T2,t2_rename_local,ok,5,True,T2,True,0.6,1.0,0.6
R00643,2,UNTOUCHED,T1,none,ok,5,True,T1,True,0.8333,0.3571,0.3333
R00643,3,UNTOUCHED,T1,none,ok,5,True,T1,True,0.5714,1.0,0.5714
R00644,0,CLONE_INTERVAL,T3,t3_delete_statement,ok,1,True,T3,True,1.0,0.1944,0.1944
R00644,1,MUTATION,T3,t3_delete_statement,ok,3,True,T3,True,1.0,1.0,1.0
R00644,2,UNTOUCHED,T1,none,ok,3,True,T1,True,0.6667,0.4,0.3333
R00644,3,UNTOUCHED,T1,none,ok,3,True,T1,True,0.6667,0.0769,0.0741
R00645,0,CLONE_INTERVAL,T3,t3_delete_statement,ok,1,True,T3,True,0.8,0.3333,0.3077
R00645,1,MUTATION,T3,t3_delete_statement,ok,3,True,T3,True,1.0,1.0,1.0
R00645,2,UNTOUCHED,T1,none,ok,3,True,T1,True,0.6667,0.3333,0.2857
R00645,3,UNTOUCHED,T1,none,ok,3,True,T1,True,0.625,1.0,0.625
R00646,0,CLONE_INTERVAL,T3,t3_delete_statement,ok,1,True,T3,True,1.0,0.4545,0.4545
R00646,1,MUTATION,T3,t3_delete_statement,ok,3,True,T3,True,1.0,1.0,1.0
R00646,2,UNTOUCHED,T1,none,ok,3,True,T1,True,0.6667,0.4,0.3333
R00646,3,UNTOUCHED,T1,none,ok,3,True,T1,True,0.6,0.75,0.5
R00647,0,CLONE_INTERVAL,T2,t2_rename_local,ok,1,True,T2,True,1.0,0.4,0.4
R00647,1,MUTATION,T2,t2_rename_local,ok,5,True,T1,False,0.5,1.0,0.5
R00647,2,UNTOUCHED,T1,none,ok,5,True,T1,True,0.6667,0.6667,0.5
R00647,3,UNTOUCHED,T1,none,ok,5,True,T1,True,0.625,1.0,0.625
R00648,0,CLONE_INTERVAL,T2,t2_rename_local,ok,1,True,T2,True,1.0,0.6364,0.6364
R00648,1,MUTATION,T2,t2_rename_local,ok,3,True,T2,True,1.0,1.0,1.0
R00648,2,UNTOUCHED,T1,none,ok,3,True,T1,True,0.6667,0.6667,0.5
R00648,3,UNTOUCHED,T1,none,ok,3,True,T1,True,0.6667,0.6667,0.5
R00649,0,CLONE_INTERVAL,T2,t2_change_int_literal,ok,2,False,,False,0.0,0.0,0.0
R00649,1,MUTATION,T2,t2_change_int_literal,ok,2,False,,False,0.0,0.0,0.0
R00649,2,UNTOUCHED,T1,none,ok,2,False,,False,0.0,0.0,0.0
R00649,3,UNTOUCHED,T1,none,ok,2,False,,False,0.0,0.0,0.0
R00650,0,CLONE_INTERVAL,T3,t3_insert_statement,ok,1,True,T3,True,1.0,0.5455,0.5455
R00650,1,MUTATION,T3,t3_insert_statement,ok,3,True,T3,True,1.0,1.0,1.0
R00650,2,UNTOUCHED,T1,none,ok,3,True,T1,True,0.5,0.4286,0.3
R00650,3,UNTOUCHED,T1,none,ok,3,True,T1,True,0.3333,1.0,0.3333
R00651,0,CLONE_INTERVAL,T1,t1_reindent,ok,1,True,T1,True,1.0,0.5455,0.5455
R00651,1,MUTATION,T1,t1_reindent,ok,1,True,T1,True,0.8333,0.5882,0.5263
R00651,2,UNTOUCHED,T1,none,ok,1,True,T1,True,0.75,0.1765,0.1667
R00651,3,UNTOUCHED,T1,none,ok,1,True,T1,True,0.5,0.2353,0.1905
R00652,0,CLONE_INTERVAL,T2,t2_change_int_literal,ok,1,True,T2,True,1.0,0.375,0.375
R00652,1,MUTATION,T2,t2_change_int_literal,ok,3,True,T2,True,1.0,1.0,1.0
R00652,2,UNTOUCHED,T1,none,ok,3,True,T1,True,0.75,0.75,0.6
R00652,3,UNTOUCHED,T1,none,ok,3,True,T1,True,0.625,0.625,0.4545
R00653,0,CLONE_INTERVAL,T3,t3_insert_statement,ok,1,True,T3,True,1.0,0.6316,0.6316
R00653,1,MUTATION,T3,t3_insert_statement,ok,3,True,T3,True,1.0,1.0,1.0
R00653,2,UNTOUCHED,T1,none,ok,3,True,T1,True,0.75,0.2308,0.2143
R00653,3,UNTOUCHED,T1,none,ok,3,True,T1,True,0.5,1.0,0.5
R00654,0,CLONE_INTERVAL,T1,t1_add_block_comment,ok,1,True,T1,True,0.8571,0.3,0.2857
R00654,1,MUTATION,T1,t1_add_block_comment,ok,1,False,,False,0.0,0.0,0.0
R00654,2,UNTOUCHED,T1,none,ok,1,True,T1,True,0.6923,0.6,0.4737
R00654,3,UNTOUCHED,T1,none,ok,1,True,T1,True,0.6667,0.1333,0.125
R00655,0,CLONE_INTERVAL,T3,t3_insert_statement,ok,1,True,T3,True,0.8333,0.2273,0.2174
R00655,1,MUTATION,T3,t3_insert_statement,ok,3,True,T3,True,1.0,1.0,1.0
R00655,2,UNTOUCHED,T1,none,ok,3,True,T1,True,0.7273,0.7273,0.5714
R00655,3,UNTOUCHED,T1,none,ok,3,True,T1,True,0.6667,0.8571,0.6
R00656,0,CLONE_INTERVAL,T1,t1_add_block_comment,ok,1,True,T1,True,0.8571,0.24,0.2308
R00656,1,MUTATION,T1,t1_add_block_comment,ok,1,False,,False,0.0,0.0,0.0
R00656,2,UNTOUCHED,T1,none,ok,1,True,T1,True,0.6667,0.125,0.1176
R00656,3,UNTOUCHED,T1,none,ok,1,True,T1,True,0.5,0.5625,0.36
R00657,0,CLONE_INTERVAL,T2,t2_rename_local,ok,1,True,T2,True,1.0,0.2609,0.2609
R00657,1,MUTATION,T2,t2_rename_local,ok,3,True,T2,True,1.0,1.0,1.0
R00657,2,UNTOUCHED,T1,none,ok,3,True,T1,True,0.6875,0.9167,0.6471
R00657,3,UNTOUCHED,T1,none,ok,3,True,T1,True,0.6,1.0,0.6
R00658,0,CLONE_INTERVAL,T2,t2_change_string_literal,ok,1,True,T2,True,1.0,0.3214,0.3214
R00658,1,MUTATION,T2,t2_change_string_literal,ok,3,True,T2,True,1.0,1.0,1.0
R00658,2,UNTOUCHED,T1,none,ok,3,True,T1,True,0.875,0.5833,0.5385
R00658,3,UNTOUCHED,T1,none,ok,3,True,T1,True,0.6923,0.8182,0.6
R00659,0,CLONE_INTERVAL,T3,t3_insert_statement,ok,1,True,T3,True,1.0,0.303,0.303
R00659,1,MUTATION,T3,t3_insert_statement,ok,3,True,T3,True,1.0,1.0,1.0
R00659,2,UNTOUCHED,T1,none,ok,3,True,T1,True,0.6667,0.5,0.4
R00659,3,UNTOUCHED,T1,none,ok,3,True,T1,True,0.6667,0.7,0.5185
R00660,0,CLONE_INTERVAL,T2,t2_change_int_literal,ok,1,True,T2,True,1.0,0.4375,0.4375
R00660,1,MUTATION,T2,t2_change_int_literal,ok,3,True,T2,True,1.0,1.0,1.0
R00660,2,UNTOUCHED,T1,none,ok,3,True,T1,True,0.75,1.0,0.75
R00660,3,UNTOUCHED,T1,none,ok,3,True,T1,True,0.6667,0.3333,0.2857
R00661,0,CLONE_INTERVAL,T1,t1_add_eol_comment,ok,1,True,T1,True,1.0,0.4,0.4
R00661,1,MUTATION,T1,t1_add_eol_comment,ok,1,True,T1,True,1.0,0.0833,0.0833
R00661,2,UNTOUCHED,T1,none,ok,1,True,T1,True,0.6667,0.1667,0.1538
R00661,3,UNTOUCHED,T1,none,ok,1,True,T1,True,0.625,0.4167,0.3333
R00662,0,CLONE_INTERVAL,T3,t3_delete_statement,ok,1,True,T3,True,0.8333,0.2083,0.2
R00662,1,MUTATION,T3,t3_delete_statement,ok,3,True,T3,True,1.0,1.0,1.0
R00662,2,UNTOUCHED,T1,none,ok,3,True,T1,True,0.8,0.5714,0.5
R00662,3,UNTOUCHED,T1,none,ok,3,True,T1,True,0.5,0.1429,0.125
R00663,0,CLONE_INTERVAL,T1,t1_add_blank_line,ok,1,True,T1,True,0.7143,0.2273,0.2083
R00663,1,MUTATION,T1,t1_add_blank_line,ok,1,False,,False,0.0,0.0,0.0
R00663,2,UNTOUCHED,T1,none,ok,1,True,T1,True,0.5,0.1053,0.0952
R00663,3,UNTOUCHED,T1,none,ok,1,True,T1,True,0.3333,0.0526,0.0476
R00664,0,CLONE_INTERVAL,T3,t3_delete_statement,ok,1,True,T3,True,1.0,0.5,0.5
R00664,1,MUTATION,T3,t3_delete_statement,ok,4,True,T2,False,1.0,0.5,0.5
R00664,2,UNTOUCHED,T1,none,ok,4,True,T1,True,0.6667,1.0,0.6667
R00664,3,UNTOUCHED,T1,none,ok,4,True,T1,True,0.6667,0.5,0.4
R00665,0,CLONE_INTERVAL,T1,t1_add_block_comment,ok,1,True,T1,True,0.8889,0.0734,0.0727
R00665,1,MUTATION,T1,t1_add_block_comment,ok,1,False,,False,0.0,0.0,0.0
R00665,2,UNTOUCHED,T1,none,ok,1,True,T1,True,0.5,0.0225,0.022
R00665,3,UNTOUCHED,T1,none,ok,1,True,T1,True,0.75,0.0337,0.0333
R00666,0,CLONE_INTERVAL,T3,t3_wrap_statement,ok,1,True,T3,True,1.0,0.2963,0.2963
R00666,1,MUTATION,T3,t3_wrap_statement,ok,3,True,T3,True,1.0,1.0,1.0
R00666,2,UNTOUCHED,T1,none,ok,3,True,T1,True,0.6667,0.5,0.4
R00666,3,UNTOUCHED,T1,none,ok,3,True,T1,True,0.7647,0.7222,0.5909
R00667,0,CLONE_INTERVAL,T2,t2_change_string_literal,ok,1,True,T2,True,1.0,0.3438,0.3438
R00667,1,MUTATION,T2,t2_change_string_literal,ok,3,True,T2,True,1.0,1.0,1.0
R00667,2,UNTOUCHED,T1,none,ok,3,True,T1,True,0.6667,0.4444,0.3636
R00667,3,UNTOUCHED,T1,none,ok,3,True,T1,True,0.6667,0.9231,0.6316
R00668,0,CLONE_INTERVAL,T3,t3_insert_statement,ok,1,True,T3,True,1.0,0.6316,0.6316
R00668,1,MUTATION,T3,t3_insert_statement,ok,3,True,T3,True,1.0,1.0,1.0
R00668,2,UNTOUCHED,T1,none,ok,3,True,T1,True,0.6667,0.6667,0.5
R00668,3,UNTOUCHED,T1,none,ok,3,True,T1,True,0.5,0.25,0.2
R00669,0,CLONE_INTERVAL,T3,t3_delete_statement,ok,1,True,T3,True,1.0,0.5556,0.5556
R00669,1,MUTATION,T3,t3_delete_statement,ok,4,True,T2,False,1.0,0.5,0.5
R00669,2,UNTOUCHED,T1,none,ok,4,True,T1,True,0.6667,0.6667,0.5
R00669,3,UNTOUCHED,T1,none,ok,4,True,T1,True,0.6667,0.5,0.4
R00670,0,CLONE_INTERVAL,T1,t1_add_block_comment,ok,1,True,T1,True,1.0,0.7,0.7
R00670,1,MUTATION,T1,t1_add_block_comment,ok,1,False,,False,0.0,0.0,0.0
R00670,2,UNTOUCHED,T1,none,ok,1,True,T1,True,0.6667,0.2222,0.2
R00670,3,UNTOUCHED,T1,none,ok,1,True,T1,True,0.3333,0.1111,0.0909
R00671,0,CLONE_INTERVAL,T3,t3_insert_statement,ok,1,True,T3,True,1.0,0.5714,0.5714
R00671,1,MUTATION,T3,t3_insert_statement,ok,3,True,T3,True,1.0,1.0,1.0
R00671,2,UNTOUCHED,T1,none,ok,3,True,T1,True,0.75,0.6,0.5
R00671,3,UNTOUCHED,T1,none,ok,3,True,T1,True,0.5,0.3333,0.25
R00672,0,CLONE_INTERVAL,T3,t3_insert_statement,ok,1,True,T3,True,1.0,0.1333,0.1333
R00672,1,MUTATION,T3,t3_insert_statement,ok,3,True,T3,True,1.0,1.0,1.0
R00672,2,UNTOUCHED,T1,none,ok,3,True,T1,True,0.75,0.75,0.6
R00672,3,UNTOUCHED,T1,none,ok,3,True,T1,True,0.7273,0.2353,0.2162
R00673,0,CLONE_INTERVAL,T1,t1_add_block_comment,ok,1,True,T1,True,1.0,0.2857,0.2857
R00673,1,MUTATION,T1,t1_add_block_comment,ok,1,False,,False,0.0,0.0,0.0
R00673,2,UNTOUCHED,T1,none,ok,1,True,T1,True,0.7143,0.2941,0.2632
R00673,3,UNTOUCHED,T1,none,ok,1,True,T1,True,0.6364,0.4118,0.3333
R00674,0,CLONE_INTERVAL,T1,t1_reindent,ok,1,True,T1,True,1.0,0.381,0.381
R00674,1,MUTATION,T1,t1_reindent,ok,1,True,T1,True,0.625,0.3333,0.2778
R00674,2,UNTOUCHED,T1,none,ok,1,True,T1,True,0.75,0.2,0.1875
R00674,3,UNTOUCHED,T1,none,ok,1,True,T1,True,0.6364,0.4667,0.3684
R00675,0,CLONE_INTERVAL,T1,t1_add_block_comment,ok,1,True,T1,True,1.0,0.4583,0.4583
R00675,1,MUTATION,T1,t1_add_block_comment,ok,1,False,,False,0.0,0.0,0.0
R00675,2,UNTOUCHED,T1,none,ok,1,True,T1,True,0.6364,0.3889,0.3182
R00675,3,UNTOUCHED,T1,none,ok,1,True,T1,True,0.5,0.1667,0.1429
R00676,0,CLONE_INTERVAL,T1,t1_add_block_comment,ok,2,True,T1,True,0.8571,0.08,0.0789
R00676,1,MUTATION,T1,t1_add_block_comment,ok,2,True,T1,True,1.0,0.0145,0.0145
R00676,2,UNTOUCHED,T1,none,ok,2,True,T1,True,0.4286,0.0435,0.0411
R00676,3,UNTOUCHED,T1,none,ok,2,True,T1,True,0.6,0.087,0.0822
R00677,0,CLONE_INTERVAL,T3,t3_delete_statement,ok,1,True,T3,True,1.0,0.4545,0.4545
R00677,1,MUTATION,T3,t3_delete_statement,ok,3,True,T3,True,1.0,1.0,1.0
R00677,2,UNTOUCHED,T1,none,ok,3,True,T1,True,0.6667,0.6667,0.5
R00677,3,UNTOUCHED,T1,none,ok,3,True,T1,True,0.6,0.5,0.375
R00678,0,CLONE_INTERVAL,T1,t1_add_block_comment,ok,1,True,T1,True,1.0,0.2609,0.2609
R00678,1,MUTATION,T1,t1_add_block_comment,ok,1,True,T1,True,1.0,0.0435,0.0435
R00678,2,UNTOUCHED,T1,none,ok,1,True,T1,True,0.9091,0.4348,0.4167
R00678,3,UNTOUCHED,T1,none,ok,1,True,T1,True,0.875,0.3043,0.2917
R00679,0,CLONE_INTERVAL,T1,t1_reindent,ok,1,True,T1,True,1.0,0.5455,0.5455
R00679,1,MUTATION,T1,t1_reindent,ok,1,True,T1,True,0.8333,0.5,0.4545
R00679,2,UNTOUCHED,T1,none,ok,1,True,T1,True,0.6667,0.2,0.1818
R00679,3,UNTOUCHED,T1,none,ok,1,True,T1,True,0.75,0.3,0.2727
R00680,0,CLONE_INTERVAL,T2,t2_change_int_literal,ok,2,True,T2,True,1.0,0.0811,0.0811
R00680,1,MUTATION,T2,t2_change_int_literal,ok,4,True,T2,True,1.0,1.0,1.0
R00680,2,UNTOUCHED,T1,none,ok,4,True,T1,True,0.6667,0.2222,0.2
R00680,3,UNTOUCHED,T1,none,ok,4,True,T1,True,0.7,0.1429,0.1346
R00681,0,CLONE_INTERVAL,T1,t1_add_eol_comment,ok,1,True,T1,True,0.8571,0.2857,0.2727
R00681,1,MUTATION,T1,t1_add_eol_comment,ok,1,True,T1,True,1.0,0.05,0.05
R00681,2,UNTOUCHED,T1,none,ok,1,True,T1,True,0.8333,0.25,0.2381
R00681,3,UNTOUCHED,T1,none,ok,1,True,T1,True,0.6923,0.45,0.375
R00682,0,CLONE_INTERVAL,T3,t3_delete_statement,ok,1,True,T3,True,1.0,0.1714,0.1714
R00682,1,MUTATION,T3,t3_delete_statement,ok,3,True,T3,True,1.0,1.0,1.0
R00682,2,UNTOUCHED,T1,none,ok,3,True,T1,True,0.7333,0.9167,0.6875
R00682,3,UNTOUCHED,T1,none,ok,3,True,T1,True,0.1475,0.75,0.1406
R00683,0,CLONE_INTERVAL,T1,t1_add_block_comment,ok,1,True,T1,True,1.0,0.6429,0.6429
R00683,1,MUTATION,T1,t1_add_block_comment,ok,1,False,,False,0.0,0.0,0.0
R00683,2,UNTOUCHED,T1,none,ok,1,True,T1,True,0.75,0.2727,0.25
R00683,3,UNTOUCHED,T1,none,ok,1,True,T1,True,0.6667,0.1818,0.1667
R00684,0,CLONE_INTERVAL,T3,t3_delete_statement,ok,1,True,T3,True,1.0,0.4286,0.4286
R00684,1,MUTATION,T3,t3_delete_statement,ok,4,True,T2,False,1.0,1.0,1.0
R00684,2,UNTOUCHED,T1,none,ok,4,True,T1,True,0.75,1.0,0.75
R00684,3,UNTOUCHED,T1,none,ok,4,True,T1,True,0.6,0.5,0.375
R00685,0,CLONE_INTERVAL,T2,t2_change_int_literal,ok,1,True,T2,True,1.0,0.4286,0.4286
R00685,1,MUTATION,T2,t2_change_int_literal,ok,3,True,T2,True,1.0,1.0,1.0
R00685,2,UNTOUCHED,T1,none,ok,3,False,,False,0.0,0.0,0.0
R00685,3,UNTOUCHED,T1,none,ok,3,True,T1,True,0.6667,0.1818,0.1667
R00686,0,CLONE_INTERVAL,T2,t2_change_int_literal,ok,1,True,T2,True,1.0,0.5455,0.5455
R00686,1,MUTATION,T2,t2_change_int_literal,ok,3,True,T2,True,1.0,1.0,1.0
R00686,2,UNTOUCHED,T1,none,ok,3,True,T1,True,0.6667,0.6667,0.5
R00686,3,UNTOUCHED,T1,none,ok,3,True,T1,True,0.75,0.4286,0.375
R00687,0,CLONE_INTERVAL,T2,t2_change_string_literal,ok,1,True,T2,True,1.0,0.75,0.75
R00687,1,MUTATION,T2,t2_change_string_literal,ok,3,True,T2,True,1.0,1.0,1.0
R00687,2,UNTOUCHED,T1,none,ok,3,True,T1,True,0.3333,0.25,0.1667
R00687,3,UNTOUCHED,T1,none,ok,3,True,T1,True,0.3333,0.5,0.25
R00688,0,CLONE_INTERVAL,T1,t1_reindent,ok,1,True,T1,True,1.0,0.3913,0.3913
R00688,1,MUTATION,T1,t1_reindent,ok,1,True,T1,True,0.5556,0.3333,0.2632
R00688,2,UNTOUCHED,T1,none,ok,1,True,T1,True,0.5,0.2,0.1667
R00688,3,UNTOUCHED,T1,none,ok,1,True,T1,True,0.3333,0.0667,0.0588
R00689,0,CLONE_INTERVAL,T1,t1_reindent,ok,1,False,,False,0.6667,0.4,0.3333
R00689,1,MUTATION,T1,t1_reindent,ok,1,True,T1,True,0.6667,0.4,0.3333
R00689,2,UNTOUCHED,T1,none,ok,1,True,T1,True,0.5,0.2,0.1667
R00689,3,UNTOUCHED,T1,none,ok,1,True,T1,True,0.8,0.4,0.3636
R00690,0,CLONE_INTERVAL,T2,t2_change_string_literal,ok,1,True,T2,True,1.0,0.4286,0.4286
R00690,1,MUTATION,T2,t2_change_string_literal,ok,3,True,T2,True,1.0,1.0,1.0
R00690,2,UNTOUCHED,T1,none,ok,3,True,T1,True,0.6667,1.0,0.6667
R00690,3,UNTOUCHED,T1,none,ok,3,True,T1,True,0.5714,0.5,0.3636
R00691,0,CLONE_INTERVAL,T1,t1_add_eol_comment,ok,1,True,T1,True,1.0,0.75,0.75
R00691,1,MUTATION,T1,t1_add_eol_comment,ok,1,True,T1,True,1.0,0.0769,0.0769
R00691,2,UNTOUCHED,T1,none,ok,1,True,T1,True,0.6667,0.1538,0.1429
R00691,3,UNTOUCHED,T1,none,ok,1,True,T1,True,0.6667,0.1538,0.1429
R00692,0,CLONE_INTERVAL,T3,t3_wrap_statement,ok,1,True,T3,True,1.0,0.3889,0.3889
R00692,1,MUTATION,T3,t3_wrap_statement,ok,3,True,T3,True,1.0,1.0,1.0
R00692,2,UNTOUCHED,T1,none,ok,3,True,T1,True,0.8333,1.0,0.8333
R00692,3,UNTOUCHED,T1,none,ok,3,True,T1,True,0.5714,0.4444,0.3333
R00693,0,CLONE_INTERVAL,T1,t1_add_eol_comment,ok,1,True,T1,True,1.0,0.5789,0.5789
R00693,1,MUTATION,T1,t1_add_eol_comment,ok,1,True,T1,True,1.0,0.0625,0.0625
R00693,2,UNTOUCHED,T1,none,ok,1,True,T1,True,0.75,0.1875,0.1765
R00693,3,UNTOUCHED,T1,none,ok,1,True,T1,True,0.6667,0.25,0.2222
R00694,0,CLONE_INTERVAL,T2,t2_rename_local,ok,1,True,T2,True,1.0,0.2308,0.2308
R00694,1,MUTATION,T2,t2_rename_local,ok,5,True,T2,True,0.5,1.0,0.5
R00694,2,UNTOUCHED,T1,none,ok,5,True,T1,True,0.8889,0.8889,0.8
R00694,3,UNTOUCHED,T1,none,ok,5,True,T1,True,0.6923,1.0,0.6923
R00695,0,CLONE_INTERVAL,T1,t1_add_blank_line,ok,1,True,T1,True,0.9167,0.44,0.4231
R00695,1,MUTATION,T1,t1_add_blank_line,ok,1,False,,False,0.0,0.0,0.0
R00695,2,UNTOUCHED,T1,none,ok,1,True,T1,True,0.6667,0.1111,0.1053
R00695,3,UNTOUCHED,T1,none,ok,1,True,T1,True,0.6429,0.5,0.3913
R00696,0,CLONE_INTERVAL,T3,t3_insert_statement,ok,1,True,T3,True,1.0,0.4286,0.4286
R00696,1,MUTATION,T3,t3_insert_statement,ok,3,True,T3,True,1.0,1.0,1.0
R00696,2,UNTOUCHED,T1,none,ok,3,True,T1,True,0.6667,0.6667,0.5
R00696,3,UNTOUCHED,T1,none,ok,3,True,T1,True,0.5714,0.5,0.3636
R00697,0,CLONE_INTERVAL,T1,t1_add_block_comment,ok,1,True,T1,True,1.0,0.5263,0.5263
R00697,1,MUTATION,T1,t1_add_block_comment,ok,1,True,T1,True,1.0,0.0833,0.0833
R00697,2,UNTOUCHED,T1,none,ok,1,True,T1,True,0.6667,0.1667,0.1538
R00697,3,UNTOUCHED,T1,none,ok,1,True,T1,True,0.6667,0.1667,0.1538
R00697,4,UNTOUCHED,T1,none,ok,1,True,T1,True,0.25,0.0833,0.0667
R00698,0,CLONE_INTERVAL,T2,t2_rename_local,ok,1,True,T2,True,1.0,0.4286,0.4286
R00698,1,MUTATION,T2,t2_rename_local,ok,5,True,T2,True,0.6,1.0,0.6
R00698,2,UNTOUCHED,T1,none,ok,5,True,T1,True,0.3333,1.0,0.3333
R00698,3,UNTOUCHED,T1,none,ok,5,True,T1,True,0.625,1.0,0.625
R00699,0,CLONE_INTERVAL,T2,t2_rename_local,ok,1,True,T2,True,1.0,0.3158,0.3158
R00699,1,MUTATION,T2,t2_rename_local,ok,3,True,T2,True,1.0,1.0,1.0
R00699,2,UNTOUCHED,T1,none,ok,3,True,T1,True,0.75,1.0,0.75
R00699,3,UNTOUCHED,T1,none,ok,3,True,T1,True,0.7273,0.7273,0.5714
R00700,0,CLONE_INTERVAL,T1,t1_add_blank_line,ok,6,False,,False,0.5714,0.4,0.3077
R00700,1,MUTATION,T1,t1_add_blank_line,ok,6,False,,False,0.0,0.0,0.0
R00700,2,UNTOUCHED,T1,none,ok,6,True,T1,True,0.4,0.2,0.1538
R00700,3,UNTOUCHED,T1,none,ok,6,True,T1,True,0.4286,0.3,0.2143
R00701,0,CLONE_INTERVAL,T3,t3_delete_statement,ok,1,True,T3,True,1.0,0.3125,0.3125
R00701,1,MUTATION,T3,t3_delete_statement,ok,3,True,T3,True,1.0,1.0,1.0
R00701,2,UNTOUCHED,T1,none,ok,3,True,T1,True,0.6,0.5,0.375
R00701,3,UNTOUCHED,T1,none,ok,3,True,T1,True,0.5556,0.8333,0.5
R00702,0,CLONE_INTERVAL,T2,t2_change_string_literal,ok,1,True,T2,True,1.0,0.3158,0.3158
R00702,1,MUTATION,T2,t2_change_string_literal,ok,3,True,T2,True,1.0,1.0,1.0
R00702,2,UNTOUCHED,T1,none,ok,3,True,T1,True,0.6,0.4286,0.3333
R00702,3,UNTOUCHED,T1,none,ok,3,True,T1,True,0.9091,1.0,0.9091
R00703,0,CLONE_INTERVAL,T3,t3_wrap_statement,ok,1,True,T3,True,1.0,0.3333,0.3333
R00703,1,MUTATION,T3,t3_wrap_statement,ok,3,True,T3,True,1.0,1.0,1.0
R00703,2,UNTOUCHED,T1,none,ok,3,True,T1,True,0.6667,0.4,0.3333
R00703,3,UNTOUCHED,T1,none,ok,3,True,T1,True,0.6364,0.7,0.5
R00704,0,CLONE_INTERVAL,T3,t3_insert_statement,ok,1,True,T3,True,1.0,0.5,0.5
R00704,1,MUTATION,T3,t3_insert_statement,ok,3,True,T3,True,1.0,1.0,1.0
R00704,2,UNTOUCHED,T1,none,ok,3,True,T1,True,0.75,0.5,0.4286
R00704,3,UNTOUCHED,T1,none,ok,3,True,T1,True,0.5714,0.5714,0.4
R00705,0,CLONE_INTERVAL,T3,t3_wrap_statement,ok,1,True,T3,True,0.7,0.3043,0.2692
R00705,1,MUTATION,T3,t3_wrap_statement,ok,3,True,T3,True,1.0,0.5,0.5
R00705,2,UNTOUCHED,T1,none,ok,3,True,T1,True,0.5,0.6667,0.4
R00705,3,UNTOUCHED,T1,none,ok,3,True,T1,True,0.5,0.7273,0.4211
R00706,0,CLONE_INTERVAL,T1,t1_add_blank_line,ok,1,False,,False,0.6667,0.24,0.2143
R00706,1,MUTATION,T1,t1_add_blank_line,ok,1,False,,False,0.0,0.0,0.0
R00706,2,UNTOUCHED,T1,none,ok,1,True,T1,True,0.5,0.3043,0.2333
R00706,3,UNTOUCHED,T1,none,ok,1,True,T1,True,0.25,0.0435,0.0385
R00707,0,CLONE_INTERVAL,T1,t1_add_block_comment,ok,1,True,T1,True,1.0,0.3333,0.3333
R00707,1,MUTATION,T1,t1_add_block_comment,ok,1,False,,False,0.0,0.0,0.0
R00707,2,UNTOUCHED,T1,none,ok,1,True,T1,True,0.8,0.2857,0.2667
R00707,3,UNTOUCHED,T1,none,ok,1,True,T1,True,0.6667,0.4286,0.3529
R00708,0,CLONE_INTERVAL,T3,t3_insert_statement,ok,1,True,T3,True,1.0,0.24,0.24
R00708,1,MUTATION,T3,t3_insert_statement,ok,3,True,T3,True,1.0,1.0,1.0
R00708,2,UNTOUCHED,T1,none,ok,3,True,T1,True,0.75,0.6,0.5
R00708,3,UNTOUCHED,T1,none,ok,3,True,T1,True,0.6471,0.7857,0.55
R00709,0,CLONE_INTERVAL,T2,t2_rename_local,ok,1,True,T2,True,1.0,0.619,0.619
R00709,1,MUTATION,T2,t2_rename_local,ok,7,True,T2,True,0.4167,1.0,0.4167
R00709,2,UNTOUCHED,T1,none,ok,7,True,T1,True,0.8,1.0,0.8
R00709,3,UNTOUCHED,T1,none,ok,7,True,T1,True,0.6,1.0,0.6
R00710,0,CLONE_INTERVAL,T1,t1_add_eol_comment,ok,1,True,T1,True,1.0,0.3889,0.3889
R00710,1,MUTATION,T1,t1_add_eol_comment,ok,1,True,T1,True,1.0,0.0714,0.0714
R00710,2,UNTOUCHED,T1,none,ok,1,True,T1,True,0.75,0.2143,0.2
R00710,3,UNTOUCHED,T1,none,ok,1,True,T1,True,0.6667,0.4286,0.3529
R00711,0,CLONE_INTERVAL,T1,t1_add_block_comment,ok,1,True,T1,True,1.0,0.4667,0.4667
R00711,1,MUTATION,T1,t1_add_block_comment,ok,1,False,,False,0.0,0.0,0.0
R00711,2,UNTOUCHED,T1,none,ok,1,True,T1,True,0.875,0.5,0.4667
R00711,3,UNTOUCHED,T1,none,ok,1,True,T1,True,0.3333,0.0714,0.0625
R00712,0,CLONE_INTERVAL,T1,t1_reindent,ok,1,True,T1,True,1.0,0.1864,0.1864
R00712,1,MUTATION,T1,t1_reindent,ok,1,True,T1,True,0.7273,0.16,0.1509
R00712,2,UNTOUCHED,T1,none,ok,1,True,T1,True,0.7143,0.1,0.0962
R00712,3,UNTOUCHED,T1,none,ok,1,True,T1,True,0.7778,0.14,0.1346
R00713,0,CLONE_INTERVAL,T2,t2_rename_local,ok,1,True,T2,True,1.0,0.3684,0.3684
R00713,1,MUTATION,T2,t2_rename_local,ok,3,True,T2,True,1.0,1.0,1.0
R00713,2,UNTOUCHED,T1,none,ok,3,True,T1,True,0.875,1.0,0.875
R00713,3,UNTOUCHED,T1,none,ok,3,True,T1,True,0.5,0.6,0.375
R00714,0,CLONE_INTERVAL,T2,t2_rename_local,ok,1,True,T2,True,1.0,0.3889,0.3889
R00714,1,MUTATION,T2,t2_rename_local,ok,3,True,T2,True,0.8333,1.0,0.8333
R00714,2,UNTOUCHED,T1,none,ok,3,True,T1,True,0.8333,1.0,0.8333
R00714,3,UNTOUCHED,T1,none,ok,3,True,T1,True,0.7143,1.0,0.7143
R00715,0,CLONE_INTERVAL,T1,t1_reindent,ok,1,True,T1,True,1.0,0.4091,0.4091
R00715,1,MUTATION,T1,t1_reindent,ok,1,True,T1,True,0.7778,0.3889,0.35
R00715,2,UNTOUCHED,T1,none,ok,1,True,T1,True,0.6667,0.1111,0.1053
R00715,3,UNTOUCHED,T1,none,ok,1,True,T1,True,0.75,0.5,0.4286
R00716,0,CLONE_INTERVAL,T2,t2_change_int_literal,ok,1,True,T2,True,1.0,0.3889,0.3889
R00716,1,MUTATION,T2,t2_change_int_literal,ok,3,True,T2,True,1.0,1.0,1.0
R00716,2,UNTOUCHED,T1,none,ok,3,True,T1,True,0.8,1.0,0.8
R00716,3,UNTOUCHED,T1,none,ok,3,True,T1,True,0.625,0.5556,0.4167
R00717,0,CLONE_INTERVAL,T1,t1_add_blank_line,ok,3,True,T1,True,1.0,0.5294,0.5294
R00717,1,MUTATION,T1,t1_add_blank_line,ok,3,False,,False,0.0,0.0,0.0
R00717,2,UNTOUCHED,T1,none,ok,3,True,T1,True,0.6667,0.1667,0.1538
R00717,3,UNTOUCHED,T1,none,ok,3,True,T1,True,0.4286,0.25,0.1875
R00718,0,CLONE_INTERVAL,T2,t2_change_string_literal,ok,1,True,T2,True,1.0,0.4286,0.4286
R00718,1,MUTATION,T2,t2_change_string_literal,ok,3,True,T2,True,1.0,1.0,1.0
R00718,2,UNTOUCHED,T1,none,ok,3,True,T1,True,0.6667,0.6667,0.5
R00718,3,UNTOUCHED,T1,none,ok,3,True,T1,True,0.7143,0.625,0.5
R00719,0,CLONE_INTERVAL,T3,t3_delete_statement,ok,1,True,T3,True,1.0,0.4444,0.4444
R00719,1,MUTATION,T3,t3_delete_statement,ok,3,True,T3,True,1.0,1.0,1.0
R00719,2,UNTOUCHED,T1,none,ok,3,True,T1,True,0.75,1.0,0.75
R00719,3,UNTOUCHED,T1,none,ok,3,True,T1,True,0.625,0.5,0.3846
R00720,0,CLONE_INTERVAL,T3,t3_wrap_statement,ok,1,True,T3,True,1.0,0.3158,0.3158
R00720,1,MUTATION,T3,t3_wrap_statement,ok,3,True,T3,True,1.0,1.0,1.0
R00720,2,UNTOUCHED,T1,none,ok,3,True,T1,True,0.3333,0.3333,0.2
R00720,3,UNTOUCHED,T1,none,ok,3,True,T1,True,0.6154,0.7273,0.5
R00721,0,CLONE_INTERVAL,T1,t1_add_eol_comment,ok,1,True,T1,True,1.0,0.4091,0.4091
R00721,1,MUTATION,T1,t1_add_eol_comment,ok,1,True,T1,True,1.0,0.0588,0.0588
R00721,2,UNTOUCHED,T1,none,ok,1,True,T1,True,0.6667,0.1176,0.1111
R00721,3,UNTOUCHED,T1,none,ok,1,True,T1,True,0.5833,0.4118,0.3182
R00722,0,CLONE_INTERVAL,T3,t3_insert_statement,ok,1,True,T3,True,1.0,0.4615,0.4615
R00722,1,MUTATION,T3,t3_insert_statement,ok,3,True,T3,True,1.0,1.0,1.0
R00722,2,UNTOUCHED,T1,none,ok,3,True,T1,True,0.6667,0.6667,0.5
R00722,3,UNTOUCHED,T1,none,ok,3,True,T1,True,0.6667,0.4444,0.3636
R00723,0,CLONE_INTERVAL,T1,t1_reindent,ok,1,True,T1,True,1.0,0.6154,0.6154
R00723,1,MUTATION,T1,t1_reindent,ok,1,True,T1,True,0.75,0.6,0.5
R00723,2,UNTOUCHED,T1,none,ok,1,True,T1,True,0.6667,0.2,0.1818
R00723,3,UNTOUCHED,T1,none,ok,1,True,T1,True,0.5,0.2,0.1667
R00724,0,CLONE_INTERVAL,T2,t2_change_string_literal,ok,1,True,T2,True,1.0,0.4615,0.4615
R00724,1,MUTATION,T2,t2_change_string_literal,ok,3,True,T2,True,1.0,1.0,1.0
R00724,2,UNTOUCHED,T1,none,ok,3,True,T1,True,0.6667,0.4,0.3333
R00724,3,UNTOUCHED,T1,none,ok,3,True,T1,True,0.4286,0.6,0.3333
R00725,0,CLONE_INTERVAL,T3,t3_delete_statement,ok,1,True,T3,True,1.0,0.5556,0.5556
R00725,1,MUTATION,T3,t3_delete_statement,ok,3,True,T2,False,1.0,0.5,0.5
R00725,2,UNTOUCHED,T1,none,ok,3,True,T1,True,0.6667,0.3333,0.2857
R00725,3,UNTOUCHED,T1,none,ok,3,True,T2,False,0.3333,0.5,0.25
R00726,0,CLONE_INTERVAL,T3,t3_wrap_statement,ok,1,True,T3,True,1.0,0.5833,0.5833
R00726,1,MUTATION,T3,t3_wrap_statement,ok,3,True,T3,True,1.0,1.0,1.0
R00726,2,UNTOUCHED,T1,none,ok,3,True,T1,True,0.6667,0.6667,0.5
R00726,3,UNTOUCHED,T1,none,ok,3,True,T1,True,0.5,0.3333,0.25
R00727,0,CLONE_INTERVAL,T1,t1_add_blank_line,ok,1,True,T1,True,1.0,0.3529,0.3529
R00727,1,MUTATION,T1,t1_add_blank_line,ok,1,True,T1,True,1.0,0.0667,0.0667
R00727,2,UNTOUCHED,T1,none,ok,1,True,T1,True,0.8,0.2667,0.25
R00727,3,UNTOUCHED,T1,none,ok,1,True,T1,True,0.625,0.3333,0.2778
R00728,0,CLONE_INTERVAL,T3,t3_delete_statement,ok,1,True,T3,True,1.0,0.6,0.6
R00728,1,MUTATION,T3,t3_delete_statement,ok,3,True,T3,True,1.0,1.0,1.0
R00728,2,UNTOUCHED,T1,none,ok,3,True,T1,True,0.8571,0.8571,0.75
R00728,3,UNTOUCHED,T1,none,ok,3,True,T1,True,0.0769,0.2222,0.0606
R00729,0,CLONE_INTERVAL,T2,t2_change_string_literal,ok,1,True,T2,True,1.0,0.5,0.5
R00729,1,MUTATION,T2,t2_change_string_literal,ok,3,True,T2,True,1.0,1.0,1.0
R00729,2,UNTOUCHED,T1,none,ok,3,True,T1,True,0.6667,0.5,0.4
R00729,3,UNTOUCHED,T1,none,ok,3,True,T1,True,0.6,0.5,0.375
R00730,0,CLONE_INTERVAL,T1,t1_add_eol_comment,ok,1,True,T1,True,1.0,0.3333,0.3333
R00730,1,MUTATION,T1,t1_add_eol_comment,ok,1,True,T1,True,1.0,0.0714,0.0714
R00730,2,UNTOUCHED,T1,none,ok,1,True,T1,True,0.6667,0.1429,0.1333
R00730,3,UNTOUCHED,T1,none,ok,1,True,T1,True,0.6364,0.5,0.3889
R00731,0,CLONE_INTERVAL,T3,t3_wrap_statement,ok,1,True,T3,True,1.0,0.3333,0.3333
R00731,1,MUTATION,T3,t3_wrap_statement,ok,3,True,T3,True,1.0,1.0,1.0
R00731,2,UNTOUCHED,T1,none,ok,3,True,T1,True,0.8333,1.0,0.8333
R00731,3,UNTOUCHED,T1,none,ok,3,True,T1,True,0.6,0.5455,0.4
R00732,0,CLONE_INTERVAL,T2,t2_change_string_literal,ok,1,True,T2,True,1.0,0.2308,0.2308
R00732,1,MUTATION,T2,t2_change_string_literal,ok,3,True,T2,True,1.0,1.0,1.0
R00732,2,UNTOUCHED,T1,none,ok,3,True,T1,True,0.75,0.6,0.5
R00732,3,UNTOUCHED,T1,none,ok,3,True,T1,True,0.7222,0.9286,0.6842
R00733,0,CLONE_INTERVAL,T3,t3_wrap_statement,ok,1,True,T3,True,1.0,0.375,0.375
R00733,1,MUTATION,T3,t3_wrap_statement,ok,3,True,T3,True,1.0,1.0,1.0
R00733,2,UNTOUCHED,T1,none,ok,3,True,T1,True,0.6667,0.5,0.4
R00733,3,UNTOUCHED,T1,none,ok,3,True,T1,True,0.6667,0.6667,0.5
R00734,0,CLONE_INTERVAL,T2,t2_change_string_literal,ok,1,True,T2,True,1.0,0.1707,0.1707
R00734,1,MUTATION,T2,t2_change_string_literal,ok,3,True,T2,True,1.0,1.0,1.0
R00734,2,UNTOUCHED,T1,none,ok,3,True,T1,True,0.9,0.8182,0.75
R00734,3,UNTOUCHED,T1,none,ok,3,True,T1,True,0.6538,0.8947,0.6071
R00735,0,CLONE_INTERVAL,T3,t3_delete_statement,ok,1,True,T3,True,1.0,0.2083,0.2083
R00735,1,MUTATION,T3,t3_delete_statement,ok,3,True,T3,True,1.0,1.0,1.0
R00735,2,UNTOUCHED,T1,none,ok,3,True,T1,True,0.6667,0.4,0.3333
R00735,3,UNTOUCHED,T1,none,ok,3,True,T1,True,0.6111,0.9167,0.5789
R00736,0,CLONE_INTERVAL,T2,t2_change_int_literal,ok,1,True,T2,True,1.0,0.4167,0.4167
R00736,1,MUTATION,T2,t2_change_int_literal,ok,3,True,T2,True,1.0,1.0,1.0
R00736,2,UNTOUCHED,T1,none,ok,3,True,T1,True,0.7692,1.0,0.7692
R00736,3,UNTOUCHED,T1,none,ok,3,True,T1,True,0.6667,0.2857,0.25
R00737,0,CLONE_INTERVAL,T2,t2_change_int_literal,ok,1,True,T2,True,1.0,0.4286,0.4286
R00737,1,MUTATION,T2,t2_change_int_literal,ok,3,True,T2,True,1.0,1.0,1.0
R00737,2,UNTOUCHED,T1,none,ok,3,True,T1,True,0.6667,0.5,0.4
R00737,3,UNTOUCHED,T1,none,ok,3,True,T1,True,0.7143,0.7143,0.5556
R00738,0,CLONE_INTERVAL,T2,t2_change_string_literal,ok,1,True,T2,True,1.0,0.5294,0.5294
R00738,1,MUTATION,T2,t2_change_string_literal,ok,3,True,T2,True,1.0,1.0,1.0
R00738,2,UNTOUCHED,T1,none,ok,3,True,T1,True,0.75,0.75,0.6
R00738,3,UNTOUCHED,T1,none,ok,3,True,T1,True,0.6667,0.4444,0.3636
R00739,0,CLONE_INTERVAL,T1,t1_add_blank_line,ok,1,True,T1,True,0.8571,0.25,0.24
R00739,1,MUTATION,T1,t1_add_blank_line,ok,1,False,,False,0.0,0.0,0.0
R00739,2,UNTOUCHED,T1,none,ok,1,True,T1,True,0.3333,0.05,0.0455
R00739,3,UNTOUCHED,T1,none,ok,1,True,T1,True,0.6667,0.2,0.1818
R00740,0,CLONE_INTERVAL,T2,t2_rename_local,ok,1,True,T2,True,1.0,0.3158,0.3158
R00740,1,MUTATION,T2,t2_rename_local,ok,5,True,T1,False,0.5,1.0,0.5
R00740,2,UNTOUCHED,T1,none,ok,5,True,T1,True,0.8,1.0,0.8
R00740,3,UNTOUCHED,T1,none,ok,5,True,T1,True,0.5833,0.875,0.5385
R00741,0,CLONE_INTERVAL,T2,t2_rename_local,ok,1,True,T2,True,1.0,0.4615,0.4615
R00741,1,MUTATION,T2,t2_rename_local,ok,3,True,T2,True,1.0,1.0,1.0
R00741,2,UNTOUCHED,T1,none,ok,3,True,T1,True,0.8333,1.0,0.8333
R00741,3,UNTOUCHED,T1,none,ok,3,True,T1,True,0.6667,1.0,0.6667
R00742,0,CLONE_INTERVAL,T1,t1_add_block_comment,ok,1,True,T1,True,0.9333,0.7368,0.7
R00742,1,MUTATION,T1,t1_add_block_comment,ok,1,False,,False,0.0,0.0,0.0
R00742,2,UNTOUCHED,T1,none,ok,1,True,T1,True,0.6667,0.25,0.2222
R00742,3,UNTOUCHED,T1,none,ok,1,True,T1,True,0.2,0.0625,0.05
R00743,0,CLONE_INTERVAL,T1,t1_add_blank_line,ok,1,True,T1,True,1.0,0.5,0.5
R00743,1,MUTATION,T1,t1_add_blank_line,ok,1,False,,False,0.0,0.0,0.0
R00743,2,UNTOUCHED,T1,none,ok,1,True,T1,True,0.8,0.4,0.3636
R00743,3,UNTOUCHED,T1,none,ok,1,True,T1,True,0.6667,0.2,0.1818
R00744,0,CLONE_INTERVAL,T2,t2_rename_local,ok,1,True,T2,True,1.0,0.3913,0.3913
R00744,1,MUTATION,T2,t2_rename_local,ok,3,True,T2,True,1.0,1.0,1.0
R00744,2,UNTOUCHED,T1,none,ok,3,True,T1,True,0.6667,0.7273,0.5333
R00744,3,UNTOUCHED,T1,none,ok,3,True,T1,True,0.5,0.75,0.4286
R00745,0,CLONE_INTERVAL,T3,t3_wrap_statement,ok,1,True,T3,True,1.0,0.2727,0.2727
R00745,1,MUTATION,T3,t3_wrap_statement,ok,3,True,T3,True,1.0,1.0,1.0
R00745,2,UNTOUCHED,T1,none,ok,3,True,T1,True,0.6667,0.4,0.3333
R00745,3,UNTOUCHED,T1,none,ok,3,True,T1,True,0.6667,0.8333,0.5882
R00746,0,CLONE_INTERVAL,T2,t2_change_int_literal,ok,1,True,T2,True,1.0,0.3158,0.3158
R00746,1,MUTATION,T2,t2_change_int_literal,ok,3,True,T2,True,1.0,1.0,1.0
R00746,2,UNTOUCHED,T1,none,ok,3,True,T1,True,0.3333,1.0,0.3333
R00746,3,UNTOUCHED,T1,none,ok,3,True,T1,True,0.6923,0.6923,0.5294
R00747,0,CLONE_INTERVAL,T1,t1_add_blank_line,ok,1,True,T1,True,0.8571,0.2609,0.25
R00747,1,MUTATION,T1,t1_add_blank_line,ok,1,False,,False,0.0,0.0,0.0
R00747,2,UNTOUCHED,T1,none,ok,1,True,T1,True,0.6667,0.1111,0.1053
R00747,3,UNTOUCHED,T1,none,ok,1,True,T1,True,0.625,0.5556,0.4167
R00748,0,CLONE_INTERVAL,T3,t3_insert_statement,ok,1,True,T3,True,1.0,0.3158,0.3158
R00748,1,MUTATION,T3,t3_insert_statement,ok,3,True,T3,True,1.0,1.0,1.0
R00748,2,UNTOUCHED,T1,none,ok,3,True,T1,True,0.6667,0.25,0.2222
R00748,3,UNTOUCHED,T1,none,ok,3,True,T1,True,0.6364,1.0,0.6364
R00749,0,CLONE_INTERVAL,T3,t3_delete_statement,ok,1,True,T3,True,1.0,0.2,0.2
R00749,1,MUTATION,T3,t3_delete_statement,ok,4,True,T2,False,1.0,0.5,0.5
R00749,2,UNTOUCHED,T1,none,ok,4,True,T1,True,0.6667,0.4,0.3333
R00749,3,UNTOUCHED,T1,none,ok,4,True,T1,True,0.7368,1.0,0.7368
R00750,0,CLONE_INTERVAL,T3,t3_insert_statement,ok,1,True,T3,True,1.0,0.25,0.25
R00750,1,MUTATION,T3,t3_insert_statement,ok,3,True,T3,True,1.0,1.0,1.0
R00750,2,UNTOUCHED,T1,none,ok,3,True,T1,True,0.6667,0.1429,0.1333
R00750,3,UNTOUCHED,T1,none,ok,3,True,T1,True,0.5833,1.0,0.5833
R00751,0,CLONE_INTERVAL,T2,t2_rename_local,ok,1,True,T2,True,1.0,0.3333,0.3333
R00751,1,MUTATION,T2,t2_rename_local,ok,3,True,T2,True,1.0,1.0,1.0
R00751,2,UNTOUCHED,T1,none,ok,3,True,T1,True,0.7143,0.8333,0.625
R00751,3,UNTOUCHED,T1,none,ok,3,True,T1,True,0.5455,0.8571,0.5
R00752,0,CLONE_INTERVAL,T1,t1_add_block_comment,ok,1,True,T1,True,1.0,0.6818,0.6818
R00752,1,MUTATION,T1,t1_add_block_comment,ok,1,False,,False,0.0,0.0,0.0
R00752,2,UNTOUCHED,T1,none,ok,1,True,T1,True,0.75,0.1765,0.1667
R00752,3,UNTOUCHED,T1,none,ok,1,True,T1,True,0.5,0.1765,0.15
R00753,0,CLONE_INTERVAL,T3,t3_wrap_statement,ok,1,True,T3,True,0.8571,0.75,0.6667
R00753,1,MUTATION,T3,t3_wrap_statement,ok,3,True,T3,True,1.0,1.0,1.0
R00753,2,UNTOUCHED,T1,none,ok,3,True,T1,True,0.3333,0.3333,0.2
R00753,3,UNTOUCHED,T1,none,ok,3,True,T1,True,0.3333,0.25,0.1667
R00754,0,CLONE_INTERVAL,T1,t1_add_eol_comment,ok,1,True,T1,True,1.0,0.35,0.35
R00754,1,MUTATION,T1,t1_add_eol_comment,ok,1,True,T1,True,1.0,0.0667,0.0667
R00754,2,UNTOUCHED,T1,none,ok,1,True,T1,True,0.75,0.2,0.1875
R00754,3,UNTOUCHED,T1,none,ok,1,True,T1,True,0.6364,0.4667,0.3684
R00755,0,CLONE_INTERVAL,T3,t3_delete_statement,ok,1,True,T3,True,1.0,0.7647,0.7647
R00755,1,MUTATION,T3,t3_delete_statement,ok,3,True,T3,True,1.0,1.0,1.0
R00755,2,UNTOUCHED,T1,none,ok,3,True,T1,True,0.6667,1.0,0.6667
R00755,3,UNTOUCHED,T1,none,ok,3,True,T1,True,0.5,0.1818,0.1538
R00756,0,CLONE_INTERVAL,T1,t1_add_block_comment,ok,1,True,T1,True,1.0,0.6731,0.6731
R00756,1,MUTATION,T1,t1_add_block_comment,ok,1,True,T1,True,1.0,0.0222,0.0222
R00756,2,UNTOUCHED,T1,none,ok,1,True,T1,True,0.3333,0.0222,0.0213
R00756,3,UNTOUCHED,T1,none,ok,1,True,T1,True,0.5882,0.2222,0.1923
R00757,0,CLONE_INTERVAL,T1,t1_add_eol_comment,ok,1,True,T1,True,1.0,0.3333,0.3333
R00757,1,MUTATION,T1,t1_add_eol_comment,ok,1,True,T1,True,1.0,0.0625,0.0625
R00757,2,UNTOUCHED,T1,none,ok,1,True,T1,True,0.75,0.1875,0.1765
R00757,3,UNTOUCHED,T1,none,ok,1,True,T1,True,0.5833,0.4375,0.3333
R00758,0,CLONE_INTERVAL,T2,t2_change_int_literal,ok,1,True,T2,True,1.0,0.12,0.12
R00758,1,MUTATION,T2,t2_change_int_literal,ok,3,True,T2,True,1.0,1.0,1.0
R00758,2,UNTOUCHED,T1,none,ok,3,True,T1,True,0.6,1.0,0.6
R00758,3,UNTOUCHED,T1,none,ok,3,True,T1,True,0.75,0.1463,0.1395
R00759,0,CLONE_INTERVAL,T1,t1_add_eol_comment,ok,4,True,T1,True,1.0,0.1429,0.1429
R00759,1,MUTATION,T1,t1_add_eol_comment,ok,4,True,T1,True,1.0,0.0244,0.0244
R00759,2,UNTOUCHED,T1,none,ok,4,True,T1,True,0.8,0.0976,0.0952
R00759,3,UNTOUCHED,T1,none,ok,4,True,T1,True,0.6667,0.2439,0.2174
R00760,0,CLONE_INTERVAL,T3,t3_insert_statement,ok,1,True,T3,True,1.0,0.3158,0.3158
R00760,1,MUTATION,T3,t3_insert_statement,ok,3,True,T3,True,1.0,1.0,1.0
R00760,2,UNTOUCHED,T1,none,ok,3,True,T1,True,0.8889,0.6154,0.5714
R00760,3,UNTOUCHED,T1,none,ok,3,True,T1,True,0.6,1.0,0.6
R00761,0,CLONE_INTERVAL,T2,t2_rename_local,ok,1,True,T2,True,1.0,0.7143,0.7143
R00761,1,MUTATION,T2,t2_rename_local,ok,5,True,T2,True,0.5714,1.0,0.5714
R00761,2,UNTOUCHED,T1,none,ok,5,True,T1,True,0.6667,1.0,0.6667
R00761,3,UNTOUCHED,T1,none,ok,5,True,T1,True,0.6667,0.6667,0.5
R00762,0,CLONE_INTERVAL,T2,t2_change_int_literal,ok,1,True,T2,True,1.0,0.3659,0.3659
R00762,1,MUTATION,T2,t2_change_int_literal,ok,3,True,T2,True,1.0,1.0,1.0
R00762,2,UNTOUCHED,T1,none,ok,3,True,T1,True,0.4545,0.7143,0.3846
R00762,3,UNTOUCHED,T1,none,ok,3,True,T1,True,0.55,0.5238,0.3667
R00763,0,CLONE_INTERVAL,T1,t1_reindent,ok,1,True,T1,True,1.0,0.2917,0.2917
R00763,1,MUTATION,T1,t1_reindent,ok,1,True,T1,True,0.7143,0.2778,0.25
R00763,2,UNTOUCHED,T1,none,ok,1,True,T1,True,0.75,0.1667,0.1579
R00763,3,UNTOUCHED,T1,none,ok,1,True,T1,True,0.6667,0.5556,0.4348
R00764,0,CLONE_INTERVAL,T3,t3_wrap_statement,ok,1,True,T3,True,1.0,0.375,0.375
R00764,1,MUTATION,T3,t3_wrap_statement,ok,3,True,T3,True,1.0,1.0,1.0
R00764,2,UNTOUCHED,T1,none,ok,3,True,T1,True,0.6667,0.6667,0.5
R00764,3,UNTOUCHED,T1,none,ok,3,True,T1,True,0.5556,0.5556,0.3846
R00765,0,CLONE_INTERVAL,T2,t2_change_int_literal,ok,1,True,T2,True,1.0,0.5833,0.5833
R00765,1,MUTATION,T2,t2_change_int_literal,ok,3,True,T2,True,1.0,1.0,1.0
R00765,2,UNTOUCHED,T1,none,ok,3,True,T1,True,0.5714,0.8,0.5
R00765,3,UNTOUCHED,T1,none,ok,3,True,T1,True,0.3333,0.25,0.1667
R00766,0,CLONE_INTERVAL,T2,t2_rename_local,ok,1,True,T2,True,1.0,0.3684,0.3684
R00766,1,MUTATION,T2,t2_rename_local,ok,7,True,T1,False,0.3333,1.0,0.3333
R00766,2,UNTOUCHED,T1,none,ok,7,True,T1,True,0.6667,1.0,0.6667
R00766,3,UNTOUCHED,T1,none,ok,7,True,T1,True,0.5455,1.0,0.5455
R00767,0,CLONE_INTERVAL,T3,t3_insert_statement,ok,1,True,T3,True,1.0,0.0972,0.0972
R00767,1,MUTATION,T3,t3_insert_statement,ok,3,True,T3,True,1.0,1.0,1.0
R00767,2,UNTOUCHED,T1,none,ok,3,True,T1,True,0.5,0.0541,0.0513
R00767,3,UNTOUCHED,T1,none,ok,3,True,T1,True,0.6667,0.5,0.4
R00768,0,CLONE_INTERVAL,T1,t1_reindent,ok,1,True,T1,True,1.0,0.5652,0.5652
R00768,1,MUTATION,T1,t1_reindent,ok,1,True,T1,True,0.8462,0.6111,0.55
R00768,2,UNTOUCHED,T1,none,ok,1,True,T1,True,0.75,0.1667,0.1579
R00768,3,UNTOUCHED,T1,none,ok,1,True,T1,True,0.5,0.2222,0.1818
R00769,0,CLONE_INTERVAL,T1,t1_reindent,ok,1,True,T1,True,1.0,0.6,0.6
R00769,1,MUTATION,T1,t1_reindent,ok,1,True,T1,True,0.7778,0.5385,0.4667
R00769,2,UNTOUCHED,T1,none,ok,1,True,T1,True,0.6667,0.3077,0.2667
R00769,3,UNTOUCHED,T1,none,ok,1,True,T1,True,0.6667,0.1538,0.1429
R00770,0,CLONE_INTERVAL,T1,t1_reindent,ok,1,True,T1,True,1.0,0.6154,0.6154
R00770,1,MUTATION,T1,t1_reindent,ok,1,True,T1,True,0.625,0.5,0.3846
R00770,2,UNTOUCHED,T1,none,ok,1,True,T1,True,0.6667,0.2,0.1818
R00770,3,UNTOUCHED,T1,none,ok,1,True,T1,True,0.6,0.3,0.25
R00771,0,CLONE_INTERVAL,T1,t1_add_blank_line,ok,1,False,,False,0.625,0.1316,0.122
R00771,1,MUTATION,T1,t1_add_blank_line,ok,1,False,,False,0.0,0.0,0.0
R00771,2,UNTOUCHED,T1,none,ok,1,True,T1,True,0.8333,0.1613,0.1562
R00771,3,UNTOUCHED,T1,none,ok,1,True,T1,True,0.7333,0.7097,0.5641
R00772,0,CLONE_INTERVAL,T2,t2_change_int_literal,ok,1,True,T2,True,1.0,0.3333,0.3333
R00772,1,MUTATION,T2,t2_change_int_literal,ok,3,True,T2,True,1.0,1.0,1.0
R00772,2,UNTOUCHED,T1,none,ok,3,True,T1,True,0.8,1.0,0.8
R00772,3,UNTOUCHED,T1,none,ok,3,True,T1,True,0.6667,0.6,0.4615
R00773,0,CLONE_INTERVAL,T2,t2_change_string_literal,ok,1,True,T2,True,1.0,0.3636,0.3636
R00773,1,MUTATION,T2,t2_change_string_literal,ok,3,True,T2,True,1.0,1.0,1.0
R00773,2,UNTOUCHED,T1,none,ok,3,True,T1,True,0.75,0.4286,0.375
R00773,3,UNTOUCHED,T1,none,ok,3,True,T1,True,0.6667,0.8,0.5714
R00774,0,CLONE_INTERVAL,T3,t3_wrap_statement,ok,1,True,T3,True,1.0,0.4,0.4
R00774,1,MUTATION,T3,t3_wrap_statement,ok,3,True,T3,True,1.0,1.0,1.0
R00774,2,UNTOUCHED,T1,none,ok,3,True,T1,True,0.6667,0.3333,0.2857
R00774,3,UNTOUCHED,T1,none,ok,3,True,T1,True,0.6667,0.5,0.4
R00775,0,CLONE_INTERVAL,T1,t1_add_block_comment,ok,1,True,T1,True,0.7143,0.2174,0.2
R00775,1,MUTATION,T1,t1_add_block_comment,ok,1,False,,False,0.0,0.0,0.0
R00775,2,UNTOUCHED,T1,none,ok,1,True,T1,True,0.75,0.1429,0.1364
R00775,3,UNTOUCHED,T1,none,ok,1,True,T1,True,0.8125,0.619,0.5417
R00776,0,CLONE_INTERVAL,T3,t3_wrap_statement,ok,1,True,T3,True,0.8333,0.2381,0.2273
R00776,1,MUTATION,T3,t3_wrap_statement,ok,3,True,T3,True,1.0,1.0,1.0
R00776,2,UNTOUCHED,T1,none,ok,3,True,T1,True,0.5,1.0,0.5
R00776,3,UNTOUCHED,T1,none,ok,3,True,T1,True,0.625,0.7143,0.5
R00777,0,CLONE_INTERVAL,T3,t3_delete_statement,ok,1,True,T3,True,1.0,0.2,0.2
R00777,1,MUTATION,T3,t3_delete_statement,ok,3,True,T3,True,1.0,1.0,1.0
R00777,2,UNTOUCHED,T1,none,ok,3,True,T1,True,0.8,0.8,0.6667
R00777,3,UNTOUCHED,T1,none,ok,3,True,T1,True,0.6667,0.1176,0.1111
R00778,0,CLONE_INTERVAL,T1,t1_add_blank_line,ok,1,True,T1,True,0.7143,0.2778,0.25
R00778,1,MUTATION,T1,t1_add_blank_line,ok,1,False,,False,0.0,0.0,0.0
R00778,2,UNTOUCHED,T1,none,ok,1,True,T1,True,0.6667,0.1333,0.125
R00778,3,UNTOUCHED,T1,none,ok,1,True,T1,True,0.6667,0.5333,0.4211
R00779,0,CLONE_INTERVAL,T2,t2_change_int_literal,ok,1,True,T2,True,1.0,0.4615,0.4615
R00779,1,MUTATION,T2,t2_change_int_literal,ok,3,True,T2,True,1.0,1.0,1.0
R00779,2,UNTOUCHED,T1,none,ok,3,True,T1,True,0.3333,0.25,0.1667
R00779,3,UNTOUCHED,T1,none,ok,3,True,T1,True,0.625,0.8333,0.5556
R00780,0,CLONE_INTERVAL,T2,t2_change_int_literal,ok,1,True,T2,True,1.0,0.1875,0.1875
R00780,1,MUTATION,T2,t2_change_int_literal,ok,3,True,T2,True,1.0,1.0,1.0
R00780,2,UNTOUCHED,T1,none,ok,3,True,T1,True,0.6,1.0,0.6
R00780,3,UNTOUCHED,T1,none,ok,3,True,T1,True,0.55,0.7857,0.4783
R00781,0,CLONE_INTERVAL,T1,t1_add_block_comment,ok,1,True,T1,True,1.0,0.2308,0.2308
R00781,1,MUTATION,T1,t1_add_block_comment,ok,1,True,T1,True,1.0,0.0455,0.0455
R00781,2,UNTOUCHED,T1,none,ok,1,True,T1,True,0.8,0.1818,0.1739
R00781,3,UNTOUCHED,T1,none,ok,1,True,T1,True,0.7059,0.5455,0.4444
R00782,0,CLONE_INTERVAL,T3,t3_wrap_statement,ok,1,True,T3,True,1.0,0.1905,0.1905
R00782,1,MUTATION,T3,t3_wrap_statement,ok,3,True,T3,True,1.0,1.0,1.0
R00782,2,UNTOUCHED,T1,none,ok,3,True,T1,True,0.6667,0.4,0.3333
R00782,3,UNTOUCHED,T1,none,ok,3,True,T1,True,0.7097,0.8148,0.6111
R00783,0,CLONE_INTERVAL,T1,t1_add_blank_line,ok,1,True,T1,True,1.0,0.3529,0.3529
R00783,1,MUTATION,T1,t1_add_blank_line,ok,1,True,T1,True,1.0,0.0714,0.0714
R00783,2,UNTOUCHED,T1,none,ok,1,True,T1,True,0.3333,0.0714,0.0625
R00783,3,UNTOUCHED,T1,none,ok,1,True,T1,True,0.6364,0.5,0.3889
R00784,0,CLONE_INTERVAL,T3,t3_delete_statement,ok,1,True,T3,True,1.0,0.5882,0.5882
R00784,1,MUTATION,T3,t3_delete_statement,ok,3,True,T3,True,1.0,1.0,1.0
R00784,2,UNTOUCHED,T1,none,ok,3,True,T1,True,0.6667,1.0,0.6667
R00784,3,UNTOUCHED,T1,none,ok,3,True,T1,True,0.5,0.2727,0.2143
R00785,0,CLONE_INTERVAL,T2,t2_change_string_literal,ok,1,True,T2,True,1.0,0.6667,0.6667
R00785,1,MUTATION,T2,t2_change_string_literal,ok,3,True,T2,True,1.0,1.0,1.0
R00785,2,UNTOUCHED,T1,none,ok,3,True,T1,True,0.6667,0.2857,0.25
R00785,3,UNTOUCHED,T1,none,ok,3,True,T1,True,0.5,0.4286,0.3
R00786,0,CLONE_INTERVAL,T1,t1_add_blank_line,ok,1,True,T1,True,1.0,0.8182,0.8182
R00786,1,MUTATION,T1,t1_add_blank_line,ok,1,True,T1,True,1.0,0.0556,0.0556
R00786,2,UNTOUCHED,T1,none,ok,1,True,T1,True,0.375,0.1667,0.1304
R00786,3,UNTOUCHED,T1,none,ok,1,True,T1,True,0.3333,0.0556,0.05
R00787,0,CLONE_INTERVAL,T3,t3_insert_statement,ok,1,True,T3,True,1.0,0.75,0.75
R00787,1,MUTATION,T3,t3_insert_statement,ok,4,True,T2,False,1.0,1.0,1.0
R00787,2,UNTOUCHED,T1,none,ok,4,True,T1,True,0.6667,0.6667,0.5
R00787,3,UNTOUCHED,T1,none,ok,4,True,T1,True,0.8,0.25,0.2353
R00788,0,CLONE_INTERVAL,T1,t1_add_blank_line,ok,3,True,T1,True,0.8571,0.4615,0.4286
R00788,1,MUTATION,T1,t1_add_blank_line,ok,3,False,,False,0.0,0.0,0.0
R00788,2,UNTOUCHED,T1,none,ok,3,True,T1,True,0.6667,0.1818,0.1667
R00788,3,UNTOUCHED,T1,none,ok,3,True,T1,True,0.6,0.2727,0.2308
R00789,0,CLONE_INTERVAL,T1,t1_reindent,ok,1,True,T1,True,1.0,0.2593,0.2593
R00789,1,MUTATION,T1,t1_reindent,ok,1,True,T1,True,0.8571,0.25,0.24
R00789,2,UNTOUCHED,T1,none,ok,1,True,T1,True,0.6667,0.0833,0.08
R00789,3,UNTOUCHED,T1,none,ok,1,True,T1,True,0.8421,0.6667,0.5926
R00790,0,CLONE_INTERVAL,T2,t2_change_int_literal,ok,1,True,T2,True,1.0,0.4815,0.4815
R00790,1,MUTATION,T2,t2_change_int_literal,ok,3,True,T2,True,1.0,1.0,1.0
R00790,2,UNTOUCHED,T1,none,ok,3,True,T1,True,0.75,1.0,0.75
R00790,3,UNTOUCHED,T1,none,ok,3,True,T1,True,0.6667,0.125,0.1176
R00791,0,CLONE_INTERVAL,T3,t3_insert_statement,ok,1,True,T3,True,1.0,0.24,0.24
R00791,1,MUTATION,T3,t3_insert_statement,ok,3,True,T3,True,1.0,1.0,1.0
R00791,2,UNTOUCHED,T1,none,ok,3,True,T1,True,0.8,0.8,0.6667
R00791,3,UNTOUCHED,T1,none,ok,3,True,T1,True,0.5625,0.75,0.4737
R00792,0,CLONE_INTERVAL,T1,t1_reindent,ok,1,True,T1,True,1.0,0.4615,0.4615
R00792,1,MUTATION,T1,t1_reindent,ok,1,True,T1,True,0.8333,0.4545,0.4167
R00792,2,UNTOUCHED,T1,none,ok,1,True,T1,True,0.6667,0.1818,0.1667
R00792,3,UNTOUCHED,T1,none,ok,1,True,T1,True,0.6667,0.3636,0.3077
R00793,0,CLONE_INTERVAL,T1,t1_reindent,ok,1,True,T1,True,1.0,0.4286,0.4286
R00793,1,MUTATION,T1,t1_reindent,ok,1,True,T1,True,0.8333,0.4167,0.3846
R00793,2,UNTOUCHED,T1,none,ok,1,True,T1,True,0.8,0.3333,0.3077
R00793,3,UNTOUCHED,T1,none,ok,1,True,T1,True,0.6,0.25,0.2143
R00794,0,CLONE_INTERVAL,T2,t2_change_int_literal,ok,1,False,,False,0.0,0.0,0.0
R00794,1,MUTATION,T2,t2_change_int_literal,ok,1,False,,False,0.0,0.0,0.0
R00794,2,UNTOUCHED,T1,none,ok,1,False,,False,0.0,0.0,0.0
R00794,3,UNTOUCHED,T1,none,ok,1,False,,False,0.0,0.0,0.0
R00795,0,CLONE_INTERVAL,T2,t2_change_string_literal,ok,1,True,T2,True,1.0,0.7391,0.7391
R00795,1,MUTATION,T2,t2_change_string_literal,ok,3,True,T2,True,1.0,1.0,1.0
R00795,2,UNTOUCHED,T1,none,ok,3,True,T1,True,0.6667,0.3333,0.2857
R00795,3,UNTOUCHED,T1,none,ok,3,True,T1,True,0.8,0.3636,0.3333
R00796,0,CLONE_INTERVAL,T2,t2_change_string_literal,ok,1,True,T2,True,1.0,0.6522,0.6522
R00796,1,MUTATION,T2,t2_change_string_literal,ok,3,True,T2,True,1.0,1.0,1.0
R00796,2,UNTOUCHED,T1,none,ok,3,False,,False,0.0,0.0,0.0
R00796,3,UNTOUCHED,T1,none,ok,3,True,T1,True,0.6667,0.3333,0.2857
R00797,0,CLONE_INTERVAL,T1,t1_add_eol_comment,ok,1,True,T1,True,1.0,0.4286,0.4286
R00797,1,MUTATION,T1,t1_add_eol_comment,ok,1,True,T1,True,1.0,0.0769,0.0769
R00797,2,UNTOUCHED,T1,none,ok,1,True,T1,True,0.6667,0.1538,0.1429
R00797,3,UNTOUCHED,T1,none,ok,1,True,T1,True,0.7143,0.3846,0.3333
R00798,0,CLONE_INTERVAL,T1,t1_add_eol_comment,ok,1,True,T1,True,1.0,0.5385,0.5385
R00798,1,MUTATION,T1,t1_add_eol_comment,ok,1,True,T1,True,1.0,0.0909,0.0909
R00798,2,UNTOUCHED,T1,none,ok,1,True,T1,True,0.8,0.3636,0.3333
R00798,3,UNTOUCHED,T1,none,ok,1,True,T1,True,0.6667,0.1818,0.1667
R00799,0,CLONE_INTERVAL,T3,t3_insert_statement,ok,1,True,T3,True,1.0,0.2258,0.2258
R00799,1,MUTATION,T3,t3_insert_statement,ok,3,True,T3,True,1.0,1.0,1.0
R00799,2,UNTOUCHED,T1,none,ok,3,True,T1,True,0.6667,0.2857,0.25
R00799,3,UNTOUCHED,T1,none,ok,3,True,T1,True,0.6818,1.0,0.6818
R00800,0,CLONE_INTERVAL,T3,t3_insert_statement,ok,1,True,T3,True,1.0,0.3684,0.3684
R00800,1,MUTATION,T3,t3_insert_statement,ok,3,True,T3,True,1.0,1.0,1.0
R00800,2,UNTOUCHED,T1,none,ok,3,True,T1,True,0.75,0.75,0.6
R00800,3,UNTOUCHED,T1,none,ok,3,True,T1,True,0.7,0.6364,0.5
R00801,0,CLONE_INTERVAL,T1,t1_add_blank_line,ok,1,False,,False,0.6667,0.4615,0.375
R00801,1,MUTATION,T1,t1_add_blank_line,ok,1,False,,False,0.0,0.0,0.0
R00801,2,UNTOUCHED,T1,none,ok,1,True,T1,True,0.8333,0.3846,0.3571
R00801,3,UNTOUCHED,T1,none,ok,1,True,T1,True,0.5,0.1538,0.1333
R00802,0,CLONE_INTERVAL,T3,t3_delete_statement,ok,1,False,,False,0.4286,0.3333,0.25
R00802,1,MUTATION,T3,t3_delete_statement,ok,3,True,T3,True,0.3333,1.0,0.3333
R00802,2,UNTOUCHED,T1,none,ok,3,True,T1,True,0.6667,0.5,0.4
R00802,3,UNTOUCHED,T1,none,ok,3,True,T1,True,0.6667,1.0,0.6667
R00803,0,CLONE_INTERVAL,T1,t1_reindent,ok,1,True,T1,True,1.0,0.6667,0.6667
R00803,1,MUTATION,T1,t1_reindent,ok,1,True,T1,True,0.7273,0.5926,0.4848
R00803,2,UNTOUCHED,T1,none,ok,1,True,T1,True,0.75,0.3333,0.3
R00803,3,UNTOUCHED,T1,none,ok,1,True,T1,True,0.6667,0.0741,0.0714
R00804,0,CLONE_INTERVAL,T3,t3_insert_statement,ok,1,True,T3,True,1.0,0.5909,0.5909
R00804,1,MUTATION,T3,t3_insert_statement,ok,3,True,T3,True,1.0,1.0,1.0
R00804,2,UNTOUCHED,T1,none,ok,3,True,T1,True,0.6667,0.6667,0.5
R00804,3,UNTOUCHED,T1,none,ok,3,True,T1,True,0.625,0.3846,0.3125
R00805,0,CLONE_INTERVAL,T3,t3_wrap_statement,ok,1,True,T3,True,1.0,0.3,0.3
R00805,1,MUTATION,T3,t3_wrap_statement,ok,3,True,T3,True,1.0,1.0,1.0
R00805,2,UNTOUCHED,T1,none,ok,3,True,T1,True,0.6667,0.6667,0.5
R00805,3,UNTOUCHED,T1,none,ok,3,True,T1,True,0.7273,0.6154,0.5
R00806,0,CLONE_INTERVAL,T3,t3_wrap_statement,ok,1,True,T3,True,1.0,0.5455,0.5455
R00806,1,MUTATION,T3,t3_wrap_statement,ok,3,True,T3,True,1.0,1.0,1.0
R00806,2,UNTOUCHED,T1,none,ok,3,True,T1,True,0.6667,0.5,0.4
R00806,3,UNTOUCHED,T1,none,ok,3,True,T1,True,0.5,0.4,0.2857
R00807,0,CLONE_INTERVAL,T2,t2_change_string_literal,ok,1,False,,False,0.2222,0.2857,0.1429
R00807,1,MUTATION,T2,t2_change_string_literal,ok,1,False,,False,0.0,0.0,0.0
R00807,2,UNTOUCHED,T1,none,ok,1,False,,False,0.0,0.0,0.0
R00807,3,UNTOUCHED,T1,none,ok,1,True,T1,True,0.5,0.6,0.375
R00808,0,CLONE_INTERVAL,T2,t2_change_int_literal,ok,1,True,T1,False,0.8571,0.2727,0.2609
R00808,1,MUTATION,T2,t2_change_int_literal,ok,1,False,,False,0.0,0.0,0.0
R00808,2,UNTOUCHED,T1,none,ok,1,False,,False,0.0,0.0,0.0
R00808,3,UNTOUCHED,T1,none,ok,1,True,T1,True,0.7059,0.7059,0.5455
R00809,0,CLONE_INTERVAL,T3,t3_insert_statement,ok,1,True,T3,True,0.875,0.3684,0.35
R00809,1,MUTATION,T3,t3_insert_statement,ok,3,True,T3,True,1.0,1.0,1.0
R00809,2,UNTOUCHED,T1,none,ok,3,True,T1,True,0.6667,0.5,0.4
R00809,3,UNTOUCHED,T1,none,ok,3,True,T1,True,0.7273,0.6667,0.5333
R00810,0,CLONE_INTERVAL,T2,t2_change_int_literal,ok,6,True,T2,True,1.0,0.1935,0.1935
R00810,1,MUTATION,T2,t2_change_int_literal,ok,8,True,T2,True,1.0,1.0,1.0
R00810,2,UNTOUCHED,T1,none,ok,8,True,T1,True,0.75,1.0,0.75
R00810,3,UNTOUCHED,T1,none,ok,8,True,T1,True,0.7391,0.85,0.6538
R00811,0,CLONE_INTERVAL,T1,t1_add_blank_line,ok,1,True,T1,True,1.0,0.5758,0.5758
R00811,1,MUTATION,T1,t1_add_blank_line,ok,1,False,,False,0.0,0.0,0.0
R00811,2,UNTOUCHED,T1,none,ok,1,True,T1,True,0.6923,0.36,0.3103
R00811,3,UNTOUCHED,T1,none,ok,1,True,T1,True,0.5,0.08,0.0741
R00812,0,CLONE_INTERVAL,T2,t2_change_string_literal,ok,1,True,T2,True,1.0,0.1207,0.1207
R00812,1,MUTATION,T2,t2_change_string_literal,ok,3,True,T2,True,1.0,1.0,1.0
R00812,2,UNTOUCHED,T1,none,ok,3,True,T1,True,0.6667,0.1667,0.1538
R00812,3,UNTOUCHED,T1,none,ok,3,True,T1,True,0.7,0.2188,0.2
R00813,0,CLONE_INTERVAL,T1,t1_reindent,ok,1,True,T1,True,0.9167,0.4074,0.3929
R00813,1,MUTATION,T1,t1_reindent,ok,1,True,T1,True,0.75,0.4286,0.375
R00813,2,UNTOUCHED,T1,none,ok,1,True,T1,True,0.75,0.1429,0.1364
R00813,3,UNTOUCHED,T1,none,ok,1,True,T1,True,0.6,0.4286,0.3333
R00814,0,CLONE_INTERVAL,T1,t1_add_blank_line,ok,1,True,T1,True,0.9231,0.8,0.75
R00814,1,MUTATION,T1,t1_add_blank_line,ok,1,True,T1,True,1.0,0.0769,0.0769
R00814,2,UNTOUCHED,T1,none,ok,1,True,T1,True,0.3333,0.0769,0.0667
R00814,3,UNTOUCHED,T1,none,ok,1,True,T1,True,0.6667,0.1538,0.1429
R00815,0,CLONE_INTERVAL,T2,t2_change_string_literal,ok,1,True,T2,True,0.8571,0.3,0.2857
R00815,1,MUTATION,T2,t2_change_string_literal,ok,3,True,T2,True,1.0,1.0,1.0
R00815,2,UNTOUCHED,T1,none,ok,3,True,T1,True,0.5,0.8,0.4444
R00815,3,UNTOUCHED,T1,none,ok,3,True,T1,True,0.6364,0.7,0.5
R00816,0,CLONE_INTERVAL,T1,t1_add_blank_line,ok,1,True,T1,True,0.8571,0.3529,0.3333
R00816,1,MUTATION,T1,t1_add_blank_line,ok,1,False,,False,0.0,0.0,0.0
R00816,2,UNTOUCHED,T1,none,ok,1,True,T1,True,0.8,0.2857,0.2667
R00816,3,UNTOUCHED,T1,none,ok,1,True,T1,True,0.625,0.3571,0.2941
R00817,0,CLONE_INTERVAL,T2,t2_change_string_literal,ok,1,True,T2,True,1.0,0.4,0.4
R00817,1,MUTATION,T2,t2_change_string_literal,ok,3,True,T2,True,1.0,1.0,1.0
R00817,2,UNTOUCHED,T1,none,ok,3,True,T1,True,0.875,0.7778,0.7
R00817,3,UNTOUCHED,T1,none,ok,3,True,T1,True,0.6667,0.6667,0.5
R00818,0,CLONE_INTERVAL,T3,t3_insert_statement,ok,1,True,T3,True,1.0,0.7222,0.7222
R00818,1,MUTATION,T3,t3_insert_statement,ok,3,True,T3,True,1.0,1.0,1.0
R00818,2,UNTOUCHED,T1,none,ok,3,True,T1,True,0.75,0.75,0.6
R00818,3,UNTOUCHED,T1,none,ok,3,True,T1,True,0.5,0.2,0.1667
R00819,0,CLONE_INTERVAL,T3,t3_delete_statement,ok,1,True,T3,True,1.0,0.2273,0.2273
R00819,1,MUTATION,T3,t3_delete_statement,ok,3,True,T3,True,1.0,1.0,1.0
R00819,2,UNTOUCHED,T1,none,ok,3,True,T1,True,0.6667,0.1818,0.1667
R00819,3,UNTOUCHED,T1,none,ok,3,True,T1,True,0.5556,0.7143,0.4545
R00820,0,CLONE_INTERVAL,T1,t1_reindent,ok,1,True,T1,True,1.0,0.44,0.44
R00820,1,MUTATION,T1,t1_reindent,ok,1,True,T1,True,0.7273,0.4,0.3478
R00820,2,UNTOUCHED,T1,none,ok,1,True,T1,True,0.8,0.4,0.3636
R00820,3,UNTOUCHED,T1,none,ok,1,True,T1,True,0.6667,0.2,0.1818
R00821,0,CLONE_INTERVAL,T2,t2_change_int_literal,ok,1,True,T2,True,1.0,0.7333,0.7333
R00821,1,MUTATION,T2,t2_change_int_literal,ok,3,True,T2,True,1.0,1.0,1.0
R00821,2,UNTOUCHED,T1,none,ok,3,True,T1,True,0.75,1.0,0.75
R00821,3,UNTOUCHED,T1,none,ok,3,True,T1,True,0.3333,0.125,0.1
R00822,0,CLONE_INTERVAL,T2,t2_change_string_literal,ok,1,True,T2,True,1.0,0.2727,0.2727
R00822,1,MUTATION,T2,t2_change_string_literal,ok,3,True,T2,True,1.0,1.0,1.0
R00822,2,UNTOUCHED,T1,none,ok,3,True,T1,True,0.6667,0.4,0.3333
R00822,3,UNTOUCHED,T1,none,ok,3,True,T1,True,0.75,0.5,0.4286
R00823,0,CLONE_INTERVAL,T1,t1_add_blank_line,ok,1,True,T1,True,0.875,0.3333,0.3182
R00823,1,MUTATION,T1,t1_add_blank_line,ok,1,False,,False,0.0,0.0,0.0
R00823,2,UNTOUCHED,T1,none,ok,1,True,T1,True,0.6667,0.1176,0.1111
R00823,3,UNTOUCHED,T1,none,ok,1,True,T1,True,0.6923,0.5294,0.4286
R00824,0,CLONE_INTERVAL,T2,t2_change_int_literal,ok,1,True,T2,True,1.0,0.7647,0.7647
R00824,1,MUTATION,T2,t2_change_int_literal,ok,3,True,T2,True,1.0,1.0,1.0
R00824,2,UNTOUCHED,T1,none,ok,3,True,T1,True,0.6667,0.4,0.3333
R00824,3,UNTOUCHED,T1,none,ok,3,True,T1,True,0.6667,0.25,0.2222
R00825,0,CLONE_INTERVAL,T2,t2_change_string_literal,ok,4,True,T2,True,1.0,0.4118,0.4118
R00825,1,MUTATION,T2,t2_change_string_literal,ok,6,True,T2,True,1.0,1.0,1.0
R00825,2,UNTOUCHED,T1,none,ok,6,True,T1,True,0.6667,0.2222,0.2
R00825,3,UNTOUCHED,T1,none,ok,6,True,T1,True,0.3333,0.25,0.1667
R00826,0,CLONE_INTERVAL,T1,t1_add_eol_comment,ok,1,True,T1,True,1.0,0.3158,0.3158
R00826,1,MUTATION,T1,t1_add_eol_comment,ok,1,False,,False,0.0,0.0,0.0
R00826,2,UNTOUCHED,T1,none,ok,1,True,T1,True,0.6667,0.125,0.1176
R00826,3,UNTOUCHED,T1,none,ok,1,True,T1,True,0.75,0.5625,0.4737
R00827,0,CLONE_INTERVAL,T3,t3_delete_statement,ok,1,True,T3,True,1.0,0.4,0.4
R00827,1,MUTATION,T3,t3_delete_statement,ok,3,True,T3,True,1.0,1.0,1.0
R00827,2,UNTOUCHED,T1,none,ok,3,True,T1,True,0.7143,0.8333,0.625
R00827,3,UNTOUCHED,T1,none,ok,3,True,T1,True,0.6,0.4286,0.3333
R00828,0,CLONE_INTERVAL,T3,t3_delete_statement,ok,1,True,T3,True,1.0,0.3125,0.3125
R00828,1,MUTATION,T3,t3_delete_statement,ok,3,True,T3,True,1.0,1.0,1.0
R00828,2,UNTOUCHED,T1,none,ok,3,True,T1,True,0.75,0.4286,0.375
R00828,3,UNTOUCHED,T1,none,ok,3,True,T1,True,0.6667,1.0,0.6667
R00829,0,CLONE_INTERVAL,T3,t3_wrap_statement,ok,1,True,T3,True,1.0,0.5,0.5
R00829,1,MUTATION,T3,t3_wrap_statement,ok,3,True,T3,True,1.0,1.0,1.0
R00829,2,UNTOUCHED,T1,none,ok,3,True,T1,True,0.6667,0.6667,0.5
R00829,3,UNTOUCHED,T1,none,ok,3,True,T1,True,0.6,0.4286,0.3333
R00830,0,CLONE_INTERVAL,T1,t1_add_eol_comment,ok,1,True,T1,True,1.0,0.6,0.6
R00830,1,MUTATION,T1,t1_add_eol_comment,ok,1,False,,False,0.0,0.0,0.0
R00830,2,UNTOUCHED,T1,none,ok,1,True,T1,True,0.6667,0.2222,0.2
R00830,3,UNTOUCHED,T1,none,ok,1,True,T1,True,0.6667,0.2222,0.2
R00831,0,CLONE_INTERVAL,T1,t1_reindent,ok,1,True,T1,True,1.0,0.25,0.25
R00831,1,MUTATION,T1,t1_reindent,ok,1,True,T1,True,0.8333,0.25,0.2381
R00831,2,UNTOUCHED,T1,none,ok,1,True,T1,True,0.8,0.2,0.1905
R00831,3,UNTOUCHED,T1,none,ok,1,True,T1,True,0.7333,0.55,0.4583
R00832,0,CLONE_INTERVAL,T2,t2_rename_local,ok,1,True,T2,True,0.9091,0.4348,0.4167
R00832,1,MUTATION,T2,t2_rename_local,ok,3,True,T2,True,0.6667,1.0,0.6667
R00832,2,UNTOUCHED,T1,none,ok,3,True,T1,True,0.8182,1.0,0.8182
R00832,3,UNTOUCHED,T1,none,ok,3,True,T1,True,0.5,1.0,0.5
R00833,0,CLONE_INTERVAL,T1,t1_add_eol_comment,ok,1,True,T1,True,1.0,0.1935,0.1935
R00833,1,MUTATION,T1,t1_add_eol_comment,ok,1,True,T1,True,1.0,0.0385,0.0385
R00833,2,UNTOUCHED,T1,none,ok,1,True,T1,True,0.6667,0.0769,0.0741
R00833,3,UNTOUCHED,T1,none,ok,1,True,T1,True,0.6667,0.1538,0.1429
R00834,0,CLONE_INTERVAL,T2,t2_change_int_literal,ok,1,True,T2,True,1.0,0.2,0.2
R00834,1,MUTATION,T2,t2_change_int_literal,ok,3,True,T2,True,1.0,1.0,1.0
R00834,2,UNTOUCHED,T1,none,ok,3,True,T1,True,0.7273,0.8889,0.6667
R00834,3,UNTOUCHED,T1,none,ok,3,True,T1,True,0.625,0.8333,0.5556
R00835,0,CLONE_INTERVAL,T3,t3_wrap_statement,ok,1,True,T3,True,0.8333,0.1,0.098
R00835,1,MUTATION,T3,t3_wrap_statement,ok,3,True,T3,True,1.0,0.5,0.5
R00835,2,UNTOUCHED,T1,none,ok,3,True,T1,True,0.6667,0.6667,0.5
R00835,3,UNTOUCHED,T1,none,ok,3,True,T1,True,0.6,0.0789,0.075
R00836,0,CLONE_INTERVAL,T1,t1_add_block_comment,ok,1,True,T1,True,0.9286,0.8125,0.7647
R00836,1,MUTATION,T1,t1_add_block_comment,ok,1,False,,False,0.0,0.0,0.0
R00836,2,UNTOUCHED,T1,none,ok,1,True,T1,True,0.5,0.1538,0.1333
R00836,3,UNTOUCHED,T1,none,ok,1,True,T1,True,0.3333,0.0769,0.0667
R00837,0,CLONE_INTERVAL,T1,t1_reindent,ok,1,True,T1,True,1.0,0.375,0.375
R00837,1,MUTATION,T1,t1_reindent,ok,1,True,T1,True,0.8333,0.3571,0.3333
R00837,2,UNTOUCHED,T1,none,ok,1,True,T1,True,0.75,0.2143,0.2
R00837,3,UNTOUCHED,T1,none,ok,1,True,T1,True,0.75,0.4286,0.375
R00838,0,CLONE_INTERVAL,T1,t1_reindent,ok,1,True,T1,True,1.0,0.7333,0.7333
R00838,1,MUTATION,T1,t1_reindent,ok,1,True,T1,True,0.7273,0.6667,0.5333
R00838,2,UNTOUCHED,T1,none,ok,1,True,T1,True,0.6667,0.1667,0.1538
R00838,3,UNTOUCHED,T1,none,ok,1,True,T1,True,0.6667,0.1667,0.1538
R00839,0,CLONE_INTERVAL,T3,t3_wrap_statement,ok,1,True,T3,True,1.0,0.2308,0.2308
R00839,1,MUTATION,T3,t3_wrap_statement,ok,3,True,T3,True,1.0,1.0,1.0
R00839,2,UNTOUCHED,T1,none,ok,3,True,T1,True,0.75,0.4286,0.375
R00839,3,UNTOUCHED,T1,none,ok,3,True,T1,True,0.75,0.2308,0.2143
R00840,0,CLONE_INTERVAL,T3,t3_delete_statement,ok,1,True,T3,True,1.0,0.5,0.5
R00840,1,MUTATION,T3,t3_delete_statement,ok,3,True,T3,True,1.0,1.0,1.0
R00840,2,UNTOUCHED,T1,none,ok,3,True,T1,True,0.7143,1.0,0.7143
R00840,3,UNTOUCHED,T1,none,ok,3,True,T1,True,0.3333,0.2,0.1429
R00841,0,CLONE_INTERVAL,T1,t1_add_eol_comment,ok,3,True,T1,True,1.0,0.4667,0.4667
R00841,1,MUTATION,T1,t1_add_eol_comment,ok,3,True,T1,True,1.0,0.0833,0.0833
R00841,2,UNTOUCHED,T1,none,ok,3,True,T1,True,0.6667,0.1667,0.1538
R00841,3,UNTOUCHED,T1,none,ok,3,True,T1,True,0.4286,0.25,0.1875
R00842,0,CLONE_INTERVAL,T1,t1_reindent,ok,1,True,T1,True,1.0,0.5455,0.5455
R00842,1,MUTATION,T1,t1_reindent,ok,1,True,T1,True,0.6667,0.4444,0.3636
R00842,2,UNTOUCHED,T1,none,ok,1,True,T1,True,0.6667,0.2222,0.2
R00842,3,UNTOUCHED,T1,none,ok,1,True,T1,True,0.6667,0.2222,0.2
R00843,0,CLONE_INTERVAL,T3,t3_wrap_statement,ok,1,True,T3,True,1.0,0.5263,0.5263
R00843,1,MUTATION,T3,t3_wrap_statement,ok,3,True,T3,True,1.0,1.0,1.0
R00843,2,UNTOUCHED,T1,none,ok,3,True,T1,True,0.8,0.8,0.6667
R00843,3,UNTOUCHED,T1,none,ok,3,True,T1,True,0.5,0.3333,0.25
R00844,0,CLONE_INTERVAL,T3,t3_insert_statement,ok,1,True,T3,True,1.0,0.6,0.6
R00844,1,MUTATION,T3,t3_insert_statement,ok,3,True,T3,True,1.0,1.0,1.0
R00844,2,UNTOUCHED,T1,none,ok,3,True,T1,True,0.6667,0.6667,0.5
R00844,3,UNTOUCHED,T1,none,ok,3,True,T1,True,0.6,0.3333,0.2727
R00845,0,CLONE_INTERVAL,T3,t3_delete_statement,ok,1,True,T3,True,1.0,0.1087,0.1087
R00845,1,MUTATION,T3,t3_delete_statement,ok,3,True,T3,True,1.0,1.0,1.0
R00845,2,UNTOUCHED,T1,none,ok,3,True,T1,True,0.6667,0.5,0.4
R00845,3,UNTOUCHED,T1,none,ok,3,True,T1,True,0.7,0.9032,0.6512
R00846,0,CLONE_INTERVAL,T1,t1_add_eol_comment,ok,2,True,T1,True,1.0,0.3182,0.3182
R00846,1,MUTATION,T1,t1_add_eol_comment,ok,2,True,T1,True,1.0,0.0476,0.0476
R00846,2,UNTOUCHED,T1,none,ok,2,True,T1,True,0.6667,0.1905,0.1739
R00846,3,UNTOUCHED,T1,none,ok,2,True,T1,True,0.75,0.1429,0.1364
R00847,0,CLONE_INTERVAL,T3,t3_insert_statement,ok,1,True,T3,True,1.0,0.18,0.18
R00847,1,MUTATION,T3,t3_insert_statement,ok,3,True,T3,True,1.0,1.0,1.0
R00847,2,UNTOUCHED,T1,none,ok,3,True,T1,True,0.6667,0.2,0.1818
R00847,3,UNTOUCHED,T1,none,ok,3,True,T1,True,0.5714,0.129,0.1176
R00848,0,CLONE_INTERVAL,T3,t3_wrap_statement,ok,1,True,T3,True,1.0,0.1132,0.1132
R00848,1,MUTATION,T3,t3_wrap_statement,ok,3,True,T3,True,1.0,1.0,1.0
R00848,2,UNTOUCHED,T1,none,ok,3,True,T1,True,0.75,0.75,0.6
R00848,3,UNTOUCHED,T1,none,ok,3,True,T1,True,0.6889,0.8857,0.6327
R00849,0,CLONE_INTERVAL,T1,t1_add_block_comment,ok,1,False,,False,0.625,0.3125,0.2632
R00849,1,MUTATION,T1,t1_add_block_comment,ok,1,False,,False,0.0,0.0,0.0
R00849,2,UNTOUCHED,T1,none,ok,1,True,T1,True,0.6667,0.2857,0.25
R00849,3,UNTOUCHED,T1,none,ok,1,True,T1,True,0.5556,0.3571,0.2778
R00850,0,CLONE_INTERVAL,T3,t3_delete_statement,ok,1,True,T3,True,1.0,0.5,0.5
R00850,1,MUTATION,T3,t3_delete_statement,ok,4,True,T2,False,1.0,0.3333,0.3333
R00850,2,UNTOUCHED,T1,none,ok,4,True,T1,True,0.6667,1.0,0.6667
R00850,3,UNTOUCHED,T1,none,ok,4,True,T1,True,0.8,0.5,0.4444
R00851,0,CLONE_INTERVAL,T2,t2_change_int_literal,ok,1,True,T2,True,1.0,0.3684,0.3684
R00851,1,MUTATION,T2,t2_change_int_literal,ok,3,True,T2,True,1.0,1.0,1.0
R00851,2,UNTOUCHED,T1,none,ok,3,True,T1,True,0.75,1.0,0.75
R00851,3,UNTOUCHED,T1,none,ok,3,True,T1,True,0.7,0.6364,0.5
R00852,0,CLONE_INTERVAL,T3,t3_wrap_statement,ok,1,True,T3,True,1.0,0.2857,0.2857
R00852,1,MUTATION,T3,t3_wrap_statement,ok,3,True,T3,True,1.0,1.0,1.0
R00852,2,UNTOUCHED,T1,none,ok,3,True,T1,True,0.8333,0.8333,0.7143
R00852,3,UNTOUCHED,T1,none,ok,3,True,T1,True,0.6364,0.7,0.5
R00853,0,CLONE_INTERVAL,T3,t3_wrap_statement,ok,1,True,T3,True,1.0,0.5455,0.5455
R00853,1,MUTATION,T3,t3_wrap_statement,ok,3,True,T3,True,1.0,1.0,1.0
R00853,2,UNTOUCHED,T1,none,ok,3,True,T1,True,0.6667,0.4,0.3333
R00853,3,UNTOUCHED,T1,none,ok,3,True,T1,True,0.75,0.5,0.4286
R00854,0,CLONE_INTERVAL,T1,t1_add_eol_comment,ok,1,True,T1,True,1.0,0.7097,0.7097
R00854,1,MUTATION,T1,t1_add_eol_comment,ok,1,False,,False,0.0,0.0,0.0
R00854,2,UNTOUCHED,T1,none,ok,1,True,T1,True,0.75,0.125,0.12
R00854,3,UNTOUCHED,T1,none,ok,1,True,T1,True,0.7143,0.2083,0.1923
R00855,0,CLONE_INTERVAL,T3,t3_insert_statement,ok,1,True,T3,True,1.0,0.375,0.375
R00855,1,MUTATION,T3,t3_insert_statement,ok,3,True,T3,True,1.0,1.0,1.0
R00855,2,UNTOUCHED,T1,none,ok,3,True,T1,True,0.8,0.4444,0.4
R00855,3,UNTOUCHED,T1,none,ok,3,True,T1,True,0.7143,1.0,0.7143
R00856,0,CLONE_INTERVAL,T1,t1_add_block_comment,ok,1,True,T1,True,1.0,0.5882,0.5882
R00856,1,MUTATION,T1,t1_add_block_comment,ok,1,False,,False,0.0,0.0,0.0
R00856,2,UNTOUCHED,T1,none,ok,1,True,T1,True,0.6667,0.1667,0.1538
R00856,3,UNTOUCHED,T1,none,ok,1,True,T1,True,0.5,0.25,0.2
R00857,0,CLONE_INTERVAL,T1,t1_add_blank_line,ok,1,True,T1,True,0.8333,0.1562,0.1515
R00857,1,MUTATION,T1,t1_add_blank_line,ok,1,False,,False,0.0,0.0,0.0
R00857,2,UNTOUCHED,T1,none,ok,1,True,T1,True,0.7778,0.2692,0.25
R00857,3,UNTOUCHED,T1,none,ok,1,True,T1,True,0.75,0.5769,0.4839
R00858,0,CLONE_INTERVAL,T1,t1_add_eol_comment,ok,1,True,T1,True,1.0,0.6667,0.6667
R00858,1,MUTATION,T1,t1_add_eol_comment,ok,1,True,T1,True,1.0,0.125,0.125
R00858,2,UNTOUCHED,T1,none,ok,1,False,,False,0.0,0.0,0.0
R00858,3,UNTOUCHED,T1,none,ok,1,True,T1,True,0.6667,0.25,0.2222
R00859,0,CLONE_INTERVAL,T1,t1_reindent,ok,1,True,T1,True,0.8333,0.3846,0.3571
R00859,1,MUTATION,T1,t1_reindent,ok,1,True,T1,True,0.8333,0.3846,0.3571
R00859,2,UNTOUCHED,T1,none,ok,1,True,T1,True,0.75,0.2308,0.2143
R00859,3,UNTOUCHED,T1,none,ok,1,True,T1,True,0.6667,0.3077,0.2667
R00860,0,CLONE_INTERVAL,T1,t1_add_block_comment,ok,1,True,T1,True,1.0,0.7619,0.7619
R00860,1,MUTATION,T1,t1_add_block_comment,ok,1,False,,False,0.0,0.0,0.0
R00860,2,UNTOUCHED,T1,none,ok,1,True,T1,True,0.1667,0.0625,0.0476
R00860,3,UNTOUCHED,T1,none,ok,1,True,T1,True,0.8,0.25,0.2353
R00861,0,CLONE_INTERVAL,T1,t1_add_block_comment,ok,1,True,T1,True,1.0,0.5333,0.5333
R00861,1,MUTATION,T1,t1_add_block_comment,ok,1,True,T1,True,1.0,0.0833,0.0833
R00861,2,UNTOUCHED,T1,none,ok,1,True,T1,True,0.6667,0.1667,0.1538
R00861,3,UNTOUCHED,T1,none,ok,1,True,T1,True,0.5,0.25,0.2
R00862,0,CLONE_INTERVAL,T2,t2_rename_local,ok,1,True,T2,True,1.0,0.5294,0.5294
R00862,1,MUTATION,T2,t2_rename_local,ok,5,True,T2,True,0.5,1.0,0.5
R00862,2,UNTOUCHED,T1,none,ok,5,True,T1,True,0.6667,0.6667,0.5
R00862,3,UNTOUCHED,T1,none,ok,5,True,T1,True,0.625,0.8333,0.5556
R00863,0,CLONE_INTERVAL,T2,t2_rename_local,ok,1,True,T2,True,1.0,0.5,0.5
R00863,1,MUTATION,T2,t2_rename_local,ok,5,True,T1,False,0.4,1.0,0.4
R00863,2,UNTOUCHED,T1,none,ok,5,True,T1,True,0.6667,1.0,0.6667
R00863,3,UNTOUCHED,T1,none,ok,5,True,T1,True,0.6,1.0,0.6
R00864,0,CLONE_INTERVAL,T1,t1_add_block_comment,ok,1,True,T1,True,1.0,0.2963,0.2963
R00864,1,MUTATION,T1,t1_add_block_comment,ok,1,False,,False,0.0,0.0,0.0
R00864,2,UNTOUCHED,T1,none,ok,1,True,T1,True,0.7778,0.3333,0.3043
R00864,3,UNTOUCHED,T1,none,ok,1,True,T1,True,0.6923,0.4286,0.36
R00865,0,CLONE_INTERVAL,T1,t1_reindent,ok,1,True,T1,True,1.0,0.6667,0.6667
R00865,1,MUTATION,T1,t1_reindent,ok,1,True,T1,True,0.75,0.6,0.5
R00865,2,UNTOUCHED,T1,none,ok,1,True,T1,True,0.6667,0.2,0.1818
R00865,3,UNTOUCHED,T1,none,ok,1,True,T1,True,0.6667,0.2,0.1818
R00866,0,CLONE_INTERVAL,T1,t1_add_block_comment,ok,1,True,T1,True,1.0,0.5294,0.5294
R00866,1,MUTATION,T1,t1_add_block_comment,ok,1,True,T1,True,1.0,0.0714,0.0714
R00866,2,UNTOUCHED,T1,none,ok,1,True,T1,True,0.7143,0.3571,0.3125
R00866,3,UNTOUCHED,T1,none,ok,1,True,T1,True,0.5,0.1429,0.125
R00867,0,CLONE_INTERVAL,T1,t1_reindent,ok,1,True,T1,True,1.0,0.6154,0.6154
R00867,1,MUTATION,T1,t1_reindent,ok,1,True,T1,True,0.75,0.5455,0.4615
R00867,2,UNTOUCHED,T1,none,ok,1,True,T1,True,0.75,0.2727,0.25
R00867,3,UNTOUCHED,T1,none,ok,1,True,T1,True,0.6667,0.1818,0.1667
R00868,0,CLONE_INTERVAL,T3,t3_delete_statement,ok,1,True,T3,True,1.0,0.2381,0.2381
R00868,1,MUTATION,T3,t3_delete_statement,ok,3,True,T3,True,1.0,1.0,1.0
R00868,2,UNTOUCHED,T1,none,ok,3,True,T1,True,0.7778,0.7,0.5833
R00868,3,UNTOUCHED,T1,none,ok,3,True,T1,True,0.6667,0.8571,0.6
R00869,0,CLONE_INTERVAL,T3,t3_wrap_statement,ok,1,True,T3,True,1.0,0.3103,0.3103
R00869,1,MUTATION,T3,t3_wrap_statement,ok,3,True,T3,True,1.0,1.0,1.0
R00869,2,UNTOUCHED,T1,none,ok,3,True,T1,True,0.3333,0.1667,0.125
R00869,3,UNTOUCHED,T1,none,ok,3,True,T1,True,0.6667,0.1,0.0952
R00870,0,CLONE_INTERVAL,T2,t2_change_int_literal,ok,1,True,T2,True,1.0,0.5,0.5
R00870,1,MUTATION,T2,t2_change_int_literal,ok,3,True,T2,True,1.0,1.0,1.0
R00870,2,UNTOUCHED,T1,none,ok,3,True,T1,True,0.75,1.0,0.75
R00870,3,UNTOUCHED,T1,none,ok,3,True,T1,True,0.6,0.5,0.375
R00871,0,CLONE_INTERVAL,T3,t3_delete_statement,ok,1,True,T3,True,1.0,0.25,0.25
R00871,1,MUTATION,T3,t3_delete_statement,ok,4,True,T2,False,1.0,1.0,1.0
R00871,2,UNTOUCHED,T1,none,ok,4,True,T1,True,0.75,0.4286,0.375
R00871,3,UNTOUCHED,T1,none,ok,4,True,T1,True,0.6154,1.0,0.6154
R00872,0,CLONE_INTERVAL,T2,t2_change_string_literal,ok,1,True,T2,True,1.0,0.4667,0.4667
R00872,1,MUTATION,T2,t2_change_string_literal,ok,3,True,T2,True,1.0,1.0,1.0
R00872,2,UNTOUCHED,T1,none,ok,3,True,T1,True,0.75,1.0,0.75
R00872,3,UNTOUCHED,T1,none,ok,3,True,T1,True,0.5,0.4286,0.3
R00873,0,CLONE_INTERVAL,T1,t1_add_eol_comment,ok,2,True,T1,True,1.0,0.4091,0.4091
R00873,1,MUTATION,T1,t1_add_eol_comment,ok,2,True,T1,True,1.0,0.0556,0.0556
R00873,2,UNTOUCHED,T1,none,ok,2,True,T1,True,0.6667,0.1111,0.1053
R00873,3,UNTOUCHED,T1,none,ok,2,True,T1,True,0.3333,0.0556,0.05
R00874,0,CLONE_INTERVAL,T3,t3_wrap_statement,ok,1,True,T3,True,0.7143,0.4167,0.3571
R00874,1,MUTATION,T3,t3_wrap_statement,ok,3,True,T3,True,1.0,0.5,0.5
R00874,2,UNTOUCHED,T1,none,ok,3,True,T1,True,0.6667,1.0,0.6667
R00874,3,UNTOUCHED,T1,none,ok,3,True,T1,True,0.6,0.4286,0.3333
R00875,0,CLONE_INTERVAL,T1,t1_add_block_comment,ok,1,True,T1,True,0.8571,0.3333,0.3158
R00875,1,MUTATION,T1,t1_add_block_comment,ok,1,False,,False,0.0,0.0,0.0
R00875,2,UNTOUCHED,T1,none,ok,1,True,T1,True,0.6667,0.1429,0.1333
R00875,3,UNTOUCHED,T1,none,ok,1,True,T1,True,0.6364,0.5,0.3889
R00876,0,CLONE_INTERVAL,T2,t2_change_string_literal,ok,1,True,T2,True,1.0,0.3529,0.3529
R00876,1,MUTATION,T2,t2_change_string_literal,ok,3,True,T2,True,1.0,1.0,1.0
R00876,2,UNTOUCHED,T1,none,ok,3,True,T1,True,0.1667,0.3333,0.125
R00876,3,UNTOUCHED,T1,none,ok,3,True,T1,True,0.7273,0.8,0.6154
R00877,0,CLONE_INTERVAL,T3,t3_delete_statement,ok,1,False,,False,0.6,0.1579,0.1429
R00877,1,MUTATION,T3,t3_delete_statement,ok,3,True,T3,True,1.0,1.0,1.0
R00877,2,UNTOUCHED,T1,none,ok,3,True,T1,True,0.5714,1.0,0.5714
R00877,3,UNTOUCHED,T1,none,ok,3,True,T1,True,0.6154,0.8,0.5333
R00878,0,CLONE_INTERVAL,T1,t1_add_blank_line,ok,1,True,T1,True,0.8571,0.24,0.2308
R00878,1,MUTATION,T1,t1_add_blank_line,ok,1,False,,False,0.0,0.0,0.0
R00878,2,UNTOUCHED,T1,none,ok,1,True,T1,True,0.8333,0.25,0.2381
R00878,3,UNTOUCHED,T1,none,ok,1,True,T1,True,0.6667,0.5,0.4
R00879,0,CLONE_INTERVAL,T1,t1_add_block_comment,ok,1,True,T1,True,1.0,0.375,0.375
R00879,1,MUTATION,T1,t1_add_block_comment,ok,1,True,T1,True,1.0,0.0769,0.0769
R00879,2,UNTOUCHED,T1,none,ok,1,True,T1,True,0.6667,0.1538,0.1429
R00879,3,UNTOUCHED,T1,none,ok,1,True,T1,True,0.5556,0.3846,0.2941
R00880,0,CLONE_INTERVAL,T3,t3_insert_statement,ok,1,True,T3,True,0.8333,0.5,0.4545
R00880,1,MUTATION,T3,t3_insert_statement,ok,3,True,T3,True,1.0,1.0,1.0
R00880,2,UNTOUCHED,T1,none,ok,3,True,T1,True,0.6667,0.4,0.3333
R00880,3,UNTOUCHED,T1,none,ok,3,True,T1,True,0.5,0.6,0.375
R00881,0,CLONE_INTERVAL,T1,t1_reindent,ok,1,True,T1,True,1.0,0.2609,0.2609
R00881,1,MUTATION,T1,t1_reindent,ok,1,True,T1,True,0.8333,0.2632,0.25
R00881,2,UNTOUCHED,T1,none,ok,1,True,T1,True,0.75,0.1579,0.15
R00881,3,UNTOUCHED,T1,none,ok,1,True,T1,True,0.6,0.3158,0.2609
R00882,0,CLONE_INTERVAL,T1,t1_add_eol_comment,ok,1,True,T1,True,1.0,0.3529,0.3529
R00882,1,MUTATION,T1,t1_add_eol_comment,ok,1,True,T1,True,1.0,0.0667,0.0667
R00882,2,UNTOUCHED,T1,none,ok,1,True,T1,True,0.3333,0.0667,0.0588
R00882,3,UNTOUCHED,T1,none,ok,1,True,T1,True,0.8182,0.6,0.5294
R00883,0,CLONE_INTERVAL,T3,t3_wrap_statement,ok,1,True,T3,True,1.0,0.2667,0.2667
R00883,1,MUTATION,T3,t3_wrap_statement,ok,3,True,T3,True,1.0,1.0,1.0
R00883,2,UNTOUCHED,T1,none,ok,3,True,T1,True,0.6667,0.6667,0.5
R00883,3,UNTOUCHED,T1,none,ok,3,True,T1,True,0.7333,0.55,0.4583
R00884,0,CLONE_INTERVAL,T1,t1_reindent,ok,1,True,T1,True,1.0,0.7895,0.7895
R00884,1,MUTATION,T1,t1_reindent,ok,1,True,T1,True,0.6,0.6923,0.4737
R00884,2,UNTOUCHED,T1,none,ok,1,True,T1,True,0.6667,0.1538,0.1429
R00884,3,UNTOUCHED,T1,none,ok,1,True,T1,True,0.6667,0.1538,0.1429
R00885,0,CLONE_INTERVAL,T1,t1_reindent,ok,1,True,T1,True,1.0,0.3,0.3
R00885,1,MUTATION,T1,t1_reindent,ok,1,True,T1,True,0.8333,0.3333,0.3125
R00885,2,UNTOUCHED,T1,none,ok,1,True,T1,True,0.6667,0.1333,0.125
R00885,3,UNTOUCHED,T1,none,ok,1,True,T1,True,0.5714,0.5333,0.381
R00886,0,CLONE_INTERVAL,T1,t1_add_blank_line,ok,1,True,T1,True,1.0,0.25,0.25
R00886,1,MUTATION,T1,t1_add_blank_line,ok,1,False,,False,0.0,0.0,0.0
R00886,2,UNTOUCHED,T1,none,ok,1,True,T1,True,0.8,0.1905,0.1818
R00886,3,UNTOUCHED,T1,none,ok,1,True,T1,True,0.6111,0.5238,0.3929
R00887,0,CLONE_INTERVAL,T3,t3_insert_statement,ok,1,True,T3,True,1.0,0.5455,0.5455
R00887,1,MUTATION,T3,t3_insert_statement,ok,3,True,T3,True,1.0,1.0,1.0
R00887,2,UNTOUCHED,T1,none,ok,3,True,T1,True,0.6667,0.3333,0.2857
R00887,3,UNTOUCHED,T1,none,ok,3,True,T1,True,0.4286,0.6,0.3333
R00888,0,CLONE_INTERVAL,T1,t1_add_blank_line,ok,1,True,T1,True,1.0,0.3158,0.3158
R00888,1,MUTATION,T1,t1_add_blank_line,ok,1,False,,False,0.0,0.0,0.0
R00888,2,UNTOUCHED,T1,none,ok,1,True,T1,True,0.5714,0.25,0.2105
R00888,3,UNTOUCHED,T1,none,ok,1,True,T1,True,0.3333,0.0625,0.0556
R00889,0,CLONE_INTERVAL,T3,t3_delete_statement,ok,1,True,T3,True,0.8571,0.2778,0.2778
R00889,1,MUTATION,T3,t3_delete_statement,ok,3,True,T3,True,0.5,1.0,0.5
R00889,2,UNTOUCHED,T1,none,ok,3,True,T1,True,0.3333,0.2,0.1429
R00889,3,UNTOUCHED,T1,none,ok,3,True,T1,True,0.6429,1.0,0.6429
R00890,0,CLONE_INTERVAL,T2,t2_rename_local,ok,1,True,T2,True,1.0,0.2727,0.2727
R00890,1,MUTATION,T2,t2_rename_local,ok,5,True,T2,True,0.3333,1.0,0.3333
R00890,2,UNTOUCHED,T1,none,ok,5,True,T1,True,0.7143,1.0,0.7143
R00890,3,UNTOUCHED,T1,none,ok,5,True,T1,True,0.6364,0.7778,0.5385
R00891,0,CLONE_INTERVAL,T1,t1_add_eol_comment,ok,1,True,T1,True,1.0,0.4286,0.4286
R00891,1,MUTATION,T1,t1_add_eol_comment,ok,1,True,T1,True,1.0,0.0833,0.0833
R00891,2,UNTOUCHED,T1,none,ok,1,True,T1,True,0.6667,0.1667,0.1538
R00891,3,UNTOUCHED,T1,none,ok,1,True,T1,True,0.5714,0.3333,0.2667
R00892,0,CLONE_INTERVAL,T1,t1_add_eol_comment,ok,1,True,T1,True,1.0,0.3889,0.3889
R00892,1,MUTATION,T1,t1_add_eol_comment,ok,1,True,T1,True,1.0,0.0714,0.0714
R00892,2,UNTOUCHED,T1,none,ok,1,True,T1,True,0.5,0.1429,0.125
R00892,3,UNTOUCHED,T1,none,ok,1,True,T1,True,0.6,0.4286,0.3333
R00893,0,CLONE_INTERVAL,T1,t1_add_block_comment,ok,1,True,T1,True,1.0,0.2963,0.2963
R00893,1,MUTATION,T1,t1_add_block_comment,ok,1,False,,False,0.0,0.0,0.0
R00893,2,UNTOUCHED,T1,none,ok,1,True,T1,True,0.8,0.1739,0.1667
R00893,3,UNTOUCHED,T1,none,ok,1,True,T1,True,0.75,0.5217,0.4444
R00894,0,CLONE_INTERVAL,T3,t3_insert_statement,ok,1,True,T3,True,1.0,0.4074,0.4074
R00894,1,MUTATION,T3,t3_insert_statement,ok,3,True,T3,True,1.0,1.0,1.0
R00894,2,UNTOUCHED,T1,none,ok,3,True,T1,True,0.375,0.75,0.3333
R00894,3,UNTOUCHED,T1,none,ok,3,True,T1,True,0.7143,0.5882,0.4762
R00895,0,CLONE_INTERVAL,T1,t1_add_blank_line,ok,2,True,T1,True,1.0,0.125,0.125
R00895,1,MUTATION,T1,t1_add_blank_line,ok,2,False,,False,0.0,0.0,0.0
R00895,2,UNTOUCHED,T1,none,ok,2,True,T1,True,0.3333,0.0238,0.0227
R00895,3,UNTOUCHED,T1,none,ok,2,True,T1,True,0.75,0.1429,0.1364
R00896,0,CLONE_INTERVAL,T1,t1_add_block_comment,ok,1,True,T1,True,0.875,0.2593,0.25
R00896,1,MUTATION,T1,t1_add_block_comment,ok,1,False,,False,0.0,0.0,0.0
R00896,2,UNTOUCHED,T1,none,ok,1,True,T1,True,0.8333,0.2273,0.2174
R00896,3,UNTOUCHED,T1,none,ok,1,True,T1,True,0.75,0.5455,0.4615
R00897,0,CLONE_INTERVAL,T2,t2_change_string_literal,ok,1,True,T2,True,1.0,0.4737,0.4737
R00897,1,MUTATION,T2,t2_change_string_literal,ok,3,True,T2,True,1.0,1.0,1.0
R00897,2,UNTOUCHED,T1,none,ok,3,True,T1,True,0.6667,0.3333,0.2857
R00897,3,UNTOUCHED,T1,none,ok,3,True,T1,True,0.6,0.6667,0.4615
R00898,0,CLONE_INTERVAL,T3,t3_insert_statement,ok,1,True,T3,True,1.0,0.3529,0.3529
R00898,1,MUTATION,T3,t3_insert_statement,ok,3,True,T3,True,1.0,1.0,1.0
R00898,2,UNTOUCHED,T1,none,ok,3,True,T1,True,0.8,0.6667,0.5714
R00898,3,UNTOUCHED,T1,none,ok,3,True,T1,True,0.5,0.6667,0.4
R00899,0,CLONE_INTERVAL,T1,t1_add_block_comment,ok,1,True,T1,True,0.8889,0.5333,0.5
R00899,1,MUTATION,T1,t1_add_block_comment,ok,1,False,,False,0.0,0.0,0.0
R00899,2,UNTOUCHED,T1,none,ok,1,True,T1,True,0.6667,0.1667,0.1538
R00899,3,UNTOUCHED,T1,none,ok,1,True,T1,True,0.6667,0.3333,0.2857
R00900,0,CLONE_INTERVAL,T3,t3_insert_statement,ok,1,True,T3,True,1.0,0.2368,0.2368
R00900,1,MUTATION,T3,t3_insert_statement,ok,3,True,T3,True,1.0,1.0,1.0
R00900,2,UNTOUCHED,T1,none,ok,3,True,T1,True,0.8571,0.4615,0.4286
R00900,3,UNTOUCHED,T1,none,ok,3,True,T1,True,0.6522,1.0,0.6522
R00901,0,CLONE_INTERVAL,T2,t2_rename_local,ok,1,False,,False,0.1,0.0435,0.0312
R00901,1,MUTATION,T2,t2_rename_local,ok,1,False,,False,0.0,0.0,0.0
R00901,2,UNTOUCHED,T1,none,ok,1,False,,False,0.0,0.0,0.0
R00901,3,UNTOUCHED,T1,none,ok,1,True,T1,True,0.5926,0.9412,0.5714
R00902,0,CLONE_INTERVAL,T1,t1_reindent,ok,1,True,T1,True,1.0,0.1744,0.1744
R00902,1,MUTATION,T1,t1_reindent,ok,1,True,T1,True,0.6667,0.1538,0.1429
R00902,2,UNTOUCHED,T1,none,ok,1,True,T1,True,0.6667,0.0308,0.0303
R00902,3,UNTOUCHED,T1,none,ok,1,True,T1,True,0.6471,0.3385,0.2857
R00903,0,CLONE_INTERVAL,T1,t1_add_blank_line,ok,1,True,T1,True,1.0,0.2222,0.2222
R00903,1,MUTATION,T1,t1_add_blank_line,ok,1,False,,False,0.0,0.0,0.0
R00903,2,UNTOUCHED,T1,none,ok,1,True,T1,True,0.8,0.2,0.1905
R00903,3,UNTOUCHED,T1,none,ok,1,True,T1,True,0.6667,0.6,0.4615
R00904,0,CLONE_INTERVAL,T2,t2_change_int_literal,ok,1,True,T2,True,1.0,0.3333,0.3333
R00904,1,MUTATION,T2,t2_change_int_literal,ok,3,True,T2,True,1.0,1.0,1.0
R00904,2,UNTOUCHED,T1,none,ok,3,True,T1,True,0.5,0.6,0.375
R00904,3,UNTOUCHED,T1,none,ok,3,True,T1,True,0.5714,0.7273,0.4706
R00905,0,CLONE_INTERVAL,T2,t2_change_string_literal,ok,1,True,T2,True,1.0,0.381,0.381
R00905,1,MUTATION,T2,t2_change_string_literal,ok,3,True,T2,True,1.0,1.0,1.0
R00905,2,UNTOUCHED,T1,none,ok,3,True,T1,True,0.75,1.0,0.75
R00905,3,UNTOUCHED,T1,none,ok,3,True,T1,True,0.625,0.5,0.3846
R00906,0,CLONE_INTERVAL,T1,t1_add_block_comment,ok,1,True,T1,True,0.8571,0.3333,0.3158
R00906,1,MUTATION,T1,t1_add_block_comment,ok,1,False,,False,0.0,0.0,0.0
R00906,2,UNTOUCHED,T1,none,ok,1,True,T1,True,0.6667,0.1429,0.1333
R00906,3,UNTOUCHED,T1,none,ok,1,True,T1,True,0.5833,0.5,0.3684
R00907,0,CLONE_INTERVAL,T2,t2_change_string_literal,ok,1,True,T2,True,1.0,0.5128,0.5128
R00907,1,MUTATION,T2,t2_change_string_literal,ok,3,True,T2,True,1.0,1.0,1.0
R00907,2,UNTOUCHED,T1,none,ok,3,True,T1,True,0.1429,0.04,0.0323
R00907,3,UNTOUCHED,T1,none,ok,3,True,T1,True,0.5714,0.8,0.5
R00908,0,CLONE_INTERVAL,T3,t3_delete_statement,ok,1,True,T3,True,1.0,0.1724,0.1724
R00908,1,MUTATION,T3,t3_delete_statement,ok,3,True,T3,True,1.0,1.0,1.0
R00908,2,UNTOUCHED,T1,none,ok,3,True,T1,True,0.7778,0.5833,0.5
R00908,3,UNTOUCHED,T1,none,ok,3,True,T1,True,0.7,1.0,0.7
R00909,0,CLONE_INTERVAL,T2,t2_change_string_literal,ok,1,True,T2,True,1.0,0.1458,0.1458
R00909,1,MUTATION,T2,t2_change_string_literal,ok,3,True,T2,True,1.0,1.0,1.0
R00909,2,UNTOUCHED,T1,none,ok,3,True,T1,True,0.6667,0.1429,0.1333
R00909,3,UNTOUCHED,T1,none,ok,3,True,T1,True,0.3333,0.0385,0.0357
R00910,0,CLONE_INTERVAL,T1,t1_add_block_comment,ok,1,True,T1,True,0.8571,0.5455,0.5
R00910,1,MUTATION,T1,t1_add_block_comment,ok,1,False,,False,0.0,0.0,0.0
R00910,2,UNTOUCHED,T1,none,ok,1,True,T1,True,0.6667,0.2222,0.2
R00910,3,UNTOUCHED,T1,none,ok,1,True,T1,True,0.5,0.2222,0.1818
R00911,0,CLONE_INTERVAL,T1,t1_add_block_comment,ok,8,True,T1,True,0.875,0.7,0.6364
R00911,1,MUTATION,T1,t1_add_block_comment,ok,8,False,,False,0.0,0.0,0.0
R00911,2,UNTOUCHED,T1,none,ok,8,True,T1,True,0.5,0.2222,0.1818
R00911,3,UNTOUCHED,T1,none,ok,8,True,T1,True,0.3333,0.1111,0.0909
R00912,0,CLONE_INTERVAL,T1,t1_add_eol_comment,ok,1,True,T1,True,1.0,0.6667,0.6667
R00912,1,MUTATION,T1,t1_add_eol_comment,ok,1,False,,False,0.0,0.0,0.0
R00912,2,UNTOUCHED,T1,none,ok,1,True,T1,True,0.6667,0.2,0.1818
R00912,3,UNTOUCHED,T1,none,ok,1,True,T1,True,0.6667,0.2,0.1818
R00913,0,CLONE_INTERVAL,T2,t2_rename_local,ok,1,True,T2,True,1.0,0.6154,0.6154
R00913,1,MUTATION,T2,t2_rename_local,ok,3,True,T2,True,1.0,1.0,1.0
R00913,2,UNTOUCHED,T1,none,ok,3,True,T1,True,0.6667,0.6667,0.5
R00913,3,UNTOUCHED,T1,none,ok,3,True,T1,True,0.5,0.4,0.2857
R00914,0,CLONE_INTERVAL,T2,t2_change_int_literal,ok,1,True,T2,True,1.0,0.75,0.75
R00914,1,MUTATION,T2,t2_change_int_literal,ok,3,True,T2,True,1.0,1.0,1.0
R00914,2,UNTOUCHED,T1,none,ok,3,True,T1,True,0.8,0.6667,0.5714
R00914,3,UNTOUCHED,T1,none,ok,3,True,T1,True,0.6,0.1765,0.1579
R00915,0,CLONE_INTERVAL,T3,t3_wrap_statement,ok,1,True,T3,True,1.0,0.5294,0.5294
R00915,1,MUTATION,T3,t3_wrap_statement,ok,3,True,T3,True,1.0,1.0,1.0
R00915,2,UNTOUCHED,T1,none,ok,3,True,T1,True,0.8,0.8,0.6667
R00915,3,UNTOUCHED,T1,none,ok,3,True,T1,True,0.6,0.3333,0.2727
R00916,0,CLONE_INTERVAL,T3,t3_delete_statement,ok,1,True,T3,True,1.0,0.1613,0.1613
R00916,1,MUTATION,T3,t3_delete_statement,ok,3,True,T3,True,1.0,1.0,1.0
R00916,2,UNTOUCHED,T1,none,ok,3,True,T1,True,0.8182,1.0,0.8182
R00916,3,UNTOUCHED,T1,none,ok,3,True,T1,True,0.8182,0.5,0.45
R00917,0,CLONE_INTERVAL,T2,t2_change_string_literal,ok,1,True,T2,True,1.0,0.6364,0.6364
R00917,1,MUTATION,T2,t2_change_string_literal,ok,3,True,T2,True,1.0,1.0,1.0
R00917,2,UNTOUCHED,T1,none,ok,3,True,T1,True,0.6667,0.4,0.3333
R00917,3,UNTOUCHED,T1,none,ok,3,True,T1,True,0.6667,0.6667,0.5
R00918,0,CLONE_INTERVAL,T1,t1_reindent,ok,3,True,T1,True,1.0,0.6667,0.6667
R00918,1,MUTATION,T1,t1_reindent,ok,3,True,T1,True,0.75,0.6316,0.5217
R00918,2,UNTOUCHED,T1,none,ok,3,True,T1,True,0.7143,0.2632,0.2381
R00918,3,UNTOUCHED,T1,none,ok,3,True,T1,True,0.6667,0.1053,0.1
R00919,0,CLONE_INTERVAL,T3,t3_wrap_statement,ok,1,True,T3,True,1.0,0.3333,0.3333
R00919,1,MUTATION,T3,t3_wrap_statement,ok,3,True,T3,True,1.0,1.0,1.0
R00919,2,UNTOUCHED,T1,none,ok,3,True,T1,True,0.6,0.75,0.5
R00919,3,UNTOUCHED,T1,none,ok,3,True,T1,True,0.6667,0.6667,0.5
R00920,0,CLONE_INTERVAL,T2,t2_rename_local,ok,1,True,T2,True,1.0,0.5769,0.5769
R00920,1,MUTATION,T2,t2_rename_local,ok,5,True,T2,True,0.6364,1.0,0.6364
R00920,2,UNTOUCHED,T1,none,ok,5,True,T1,True,0.2857,0.6667,0.25
R00920,3,UNTOUCHED,T1,none,ok,5,True,T1,True,0.6,1.0,0.6
R00921,0,CLONE_INTERVAL,T2,t2_change_int_literal,ok,1,True,T2,True,1.0,0.375,0.375
R00921,1,MUTATION,T2,t2_change_int_literal,ok,3,True,T2,True,1.0,1.0,1.0
R00921,2,UNTOUCHED,T1,none,ok,3,True,T1,True,0.6667,1.0,0.6667
R00921,3,UNTOUCHED,T1,none,ok,3,True,T1,True,0.5556,0.5556,0.3846
R00922,0,CLONE_INTERVAL,T2,t2_change_string_literal,ok,1,True,T2,True,1.0,0.3333,0.3333
R00922,1,MUTATION,T2,t2_change_string_literal,ok,3,True,T2,True,1.0,1.0,1.0
R00922,2,UNTOUCHED,T1,none,ok,3,True,T1,True,0.8333,0.7692,0.6667
R00922,3,UNTOUCHED,T1,none,ok,3,True,T1,True,0.7,0.7,0.5385
R00923,0,CLONE_INTERVAL,T1,t1_add_blank_line,ok,1,True,T1,True,1.0,0.625,0.625
R00923,1,MUTATION,T1,t1_add_blank_line,ok,1,False,,False,0.0,0.0,0.0
R00923,2,UNTOUCHED,T1,none,ok,1,True,T1,True,0.6,0.2143,0.1875
R00923,3,UNTOUCHED,T1,none,ok,1,True,T1,True,0.75,0.2143,0.2
R00924,0,CLONE_INTERVAL,T1,t1_add_block_comment,ok,1,True,T1,True,0.8571,0.25,0.24
R00924,1,MUTATION,T1,t1_add_block_comment,ok,1,True,T1,True,1.0,0.0476,0.0476
R00924,2,UNTOUCHED,T1,none,ok,1,True,T1,True,0.5833,0.6667,0.4516
R00924,3,UNTOUCHED,T1,none,ok,1,True,T1,True,0.5,0.0952,0.087
R00925,0,CLONE_INTERVAL,T1,t1_reindent,ok,1,True,T1,True,1.0,0.2727,0.2727
R00925,1,MUTATION,T1,t1_reindent,ok,1,True,T1,True,0.6667,0.25,0.2222
R00925,2,UNTOUCHED,T1,none,ok,1,True,T1,True,0.625,0.625,0.4545
R00925,3,UNTOUCHED,T1,none,ok,1,True,T1,True,0.4,0.125,0.1053
R00926,0,CLONE_INTERVAL,T2,t2_change_int_literal,ok,2,True,T2,True,1.0,0.3462,0.3462
R00926,1,MUTATION,T2,t2_change_int_literal,ok,4,True,T2,True,1.0,1.0,1.0
R00926,2,UNTOUCHED,T1,none,ok,4,True,T1,True,0.3333,0.1,0.0833
R00926,3,UNTOUCHED,T1,none,ok,4,True,T1,True,0.5714,0.5,0.3636
R00927,0,CLONE_INTERVAL,T1,t1_add_block_comment,ok,1,True,T1,True,0.8889,0.1778,0.1739
R00927,1,MUTATION,T1,t1_add_block_comment,ok,1,False,,False,0.0,0.0,0.0
R00927,2,UNTOUCHED,T1,none,ok,1,True,T1,True,0.8,0.125,0.1212
R00927,3,UNTOUCHED,T1,none,ok,1,True,T1,True,0.6471,0.6875,0.5
R00928,0,CLONE_INTERVAL,T3,t3_insert_statement,ok,1,True,T3,True,1.0,0.5,0.5
R00928,1,MUTATION,T3,t3_insert_statement,ok,3,True,T3,True,1.0,1.0,1.0
R00928,2,UNTOUCHED,T1,none,ok,3,True,T1,True,0.6667,0.6667,0.5
R00928,3,UNTOUCHED,T1,none,ok,3,True,T1,True,0.625,0.5,0.3846
R00929,0,CLONE_INTERVAL,T1,t1_add_block_comment,ok,1,True,T1,True,0.8333,0.0442,0.0439
R00929,1,MUTATION,T1,t1_add_block_comment,ok,1,False,,False,0.0,0.0,0.0
R00929,2,UNTOUCHED,T1,none,ok,1,False,,False,0.0,0.0,0.0
R00929,3,UNTOUCHED,T1,none,ok,1,True,T1,True,0.5556,0.0575,0.0549
R00930,0,CLONE_INTERVAL,T3,t3_insert_statement,ok,1,True,T3,True,1.0,0.1935,0.1935
R00930,1,MUTATION,T3,t3_insert_statement,ok,3,True,T3,True,1.0,1.0,1.0
R00930,2,UNTOUCHED,T1,none,ok,3,True,T1,True,0.6667,0.6667,0.5
R00930,3,UNTOUCHED,T1,none,ok,3,True,T1,True,0.6667,0.381,0.32
R00931,0,CLONE_INTERVAL,T2,t2_change_int_literal,ok,1,True,T2,True,1.0,0.5556,0.5556
R00931,1,MUTATION,T2,t2_change_int_literal,ok,3,True,T2,True,1.0,1.0,1.0
R00931,2,UNTOUCHED,T1,none,ok,3,True,T1,True,0.6667,0.6667,0.5
R00931,3,UNTOUCHED,T1,none,ok,3,True,T1,True,0.5714,0.4444,0.3333
R00932,0,CLONE_INTERVAL,T1,t1_reindent,ok,1,True,T1,True,1.0,0.5,0.5
R00932,1,MUTATION,T1,t1_reindent,ok,1,True,T1,True,1.0,0.5455,0.5455
R00932,2,UNTOUCHED,T1,none,ok,1,True,T1,True,0.6667,0.1818,0.1667
R00932,3,UNTOUCHED,T1,none,ok,1,True,T1,True,0.5,0.2727,0.2143
R00933,0,CLONE_INTERVAL,T2,t2_change_int_literal,ok,1,False,,False,0.0,0.0,0.0
R00933,1,MUTATION,T2,t2_change_int_literal,ok,3,False,,False,0.0,0.0,0.0
R00934,0,CLONE_INTERVAL,T1,t1_add_block_comment,ok,1,True,T1,True,1.0,0.75,0.75
R00934,1,MUTATION,T1,t1_add_block_comment,ok,1,False,,False,0.0,0.0,0.0
R00934,2,UNTOUCHED,T1,none,ok,1,True,T1,True,0.6667,0.1053,0.1
R00934,3,UNTOUCHED,T1,none,ok,1,True,T1,True,0.6,0.1579,0.1429
R00935,0,CLONE_INTERVAL,T1,t1_add_blank_line,ok,1,True,T1,True,0.8571,0.6,0.5455
R00935,1,MUTATION,T1,t1_add_blank_line,ok,1,False,,False,0.0,0.0,0.0
R00935,2,UNTOUCHED,T1,none,ok,1,True,T1,True,0.6667,0.2222,0.2
R00935,3,UNTOUCHED,T1,none,ok,1,True,T1,True,0.6667,0.2222,0.2
R00936,0,CLONE_INTERVAL,T1,t1_reindent,ok,1,True,T1,True,1.0,0.4545,0.4545
R00936,1,MUTATION,T1,t1_reindent,ok,1,True,T1,True,0.8,0.4211,0.381
R00936,2,UNTOUCHED,T1,none,ok,1,True,T1,True,0.75,0.3158,0.2857
R00936,3,UNTOUCHED,T1,none,ok,1,True,T1,True,0.7143,0.2632,0.2381
R00937,0,CLONE_INTERVAL,T2,t2_change_int_literal,ok,1,True,T2,True,1.0,0.3529,0.3529
R00937,1,MUTATION,T2,t2_change_int_literal,ok,3,True,T2,True,1.0,1.0,1.0
R00937,2,UNTOUCHED,T1,none,ok,3,True,T1,True,0.6667,0.6667,0.5
R00937,3,UNTOUCHED,T1,none,ok,3,True,T1,True,0.6667,0.6,0.4615
R00938,0,CLONE_INTERVAL,T1,t1_add_eol_comment,ok,1,True,T1,True,1.0,0.7333,0.7333
R00938,1,MUTATION,T1,t1_add_eol_comment,ok,1,False,,False,0.0,0.0,0.0
R00938,2,UNTOUCHED,T1,none,ok,1,True,T1,True,0.6667,0.1818,0.1667
R00938,3,UNTOUCHED,T1,none,ok,1,True,T1,True,0.6667,0.1818,0.1667
R00939,0,CLONE_INTERVAL,T3,t3_insert_statement,ok,1,True,T3,True,1.0,0.0857,0.0857
R00939,1,MUTATION,T3,t3_insert_statement,ok,3,True,T3,True,1.0,1.0,1.0
R00939,2,UNTOUCHED,T1,none,ok,3,True,T1,True,0.6667,0.2,0.1818
R00939,3,UNTOUCHED,T1,none,ok,3,True,T1,True,0.625,0.1087,0.102
R00940,0,CLONE_INTERVAL,T2,t2_rename_local,ok,1,True,T2,True,1.0,0.75,0.75
R00940,1,MUTATION,T2,t2_rename_local,ok,3,True,T2,True,1.0,1.0,1.0
R00940,2,UNTOUCHED,T1,none,ok,3,True,T1,True,0.6667,0.6667,0.5
R00940,3,UNTOUCHED,T1,none,ok,3,True,T1,True,0.6667,0.3333,0.2857
R00941,0,CLONE_INTERVAL,T2,t2_rename_local,ok,1,True,T2,True,0.75,0.6667,0.5455
R00941,1,MUTATION,T2,t2_rename_local,ok,5,True,T2,True,0.4286,1.0,0.4286
R00941,2,UNTOUCHED,T1,none,ok,5,True,T1,True,0.3333,1.0,0.3333
R00941,3,UNTOUCHED,T1,none,ok,5,True,T1,True,0.5,1.0,0.5
R00942,0,CLONE_INTERVAL,T1,t1_add_block_comment,ok,1,True,T1,True,1.0,0.4615,0.4615
R00942,1,MUTATION,T1,t1_add_block_comment,ok,1,False,,False,0.0,0.0,0.0
R00942,2,UNTOUCHED,T1,none,ok,1,True,T1,True,0.6667,0.2,0.1818
R00942,3,UNTOUCHED,T1,none,ok,1,True,T1,True,0.125,0.3,0.0968
R00943,0,CLONE_INTERVAL,T2,t2_change_string_literal,ok,1,True,T2,True,1.0,0.25,0.25
R00943,1,MUTATION,T2,t2_change_string_literal,ok,3,True,T2,True,1.0,1.0,1.0
R00943,2,UNTOUCHED,T1,none,ok,3,True,T1,True,0.6667,0.2857,0.25
R00943,3,UNTOUCHED,T1,none,ok,3,True,T1,True,0.3333,0.0588,0.0526
R00944,0,CLONE_INTERVAL,T2,t2_rename_local,ok,1,True,T2,True,1.0,0.5385,0.5385
R00944,1,MUTATION,T2,t2_rename_local,ok,5,True,T2,True,0.5,1.0,0.5
R00944,2,UNTOUCHED,T1,none,ok,5,True,T1,True,0.3333,0.5,0.25
R00944,3,UNTOUCHED,T1,none,ok,5,True,T1,True,0.5,0.75,0.4286
R00945,0,CLONE_INTERVAL,T2,t2_rename_local,ok,1,True,T2,True,1.0,0.375,0.375
R00945,1,MUTATION,T2,t2_rename_local,ok,5,True,T2,True,0.5,1.0,0.5
R00945,2,UNTOUCHED,T1,none,ok,5,True,T1,True,0.6667,1.0,0.6667
R00945,3,UNTOUCHED,T1,none,ok,5,True,T1,True,0.5,0.25,0.2
R00946,0,CLONE_INTERVAL,T2,t2_rename_local,ok,1,True,T2,True,1.0,0.4615,0.4615
R00946,1,MUTATION,T2,t2_rename_local,ok,3,True,T2,True,1.0,1.0,1.0
R00946,2,UNTOUCHED,T1,none,ok,3,True,T1,True,0.6667,0.6667,0.5
R00946,3,UNTOUCHED,T1,none,ok,3,True,T1,True,0.5,1.0,0.5
R00947,0,CLONE_INTERVAL,T2,t2_rename_local,ok,1,True,T2,True,1.0,0.6875,0.6875
R00947,1,MUTATION,T2,t2_rename_local,ok,3,True,T2,True,0.8889,1.0,0.8889
R00947,2,UNTOUCHED,T1,none,ok,3,True,T1,True,0.6667,0.6667,0.5
R00947,3,UNTOUCHED,T1,none,ok,3,True,T1,True,0.5,1.0,0.5
R00948,0,CLONE_INTERVAL,T1,t1_add_block_comment,ok,1,True,T1,True,0.7143,0.2941,0.2632
R00948,1,MUTATION,T1,t1_add_block_comment,ok,1,False,,False,0.0,0.0,0.0
R00948,2,UNTOUCHED,T1,none,ok,1,True,T1,True,0.6667,0.1538,0.1429
R00948,3,UNTOUCHED,T1,none,ok,1,True,T1,True,0.5385,0.5385,0.3684
R00949,0,CLONE_INTERVAL,T2,t2_change_int_literal,ok,1,True,T2,True,0.8462,0.3793,0.3548
R00949,1,MUTATION,T2,t2_change_int_literal,ok,3,True,T2,True,1.0,1.0,1.0
R00949,2,UNTOUCHED,T1,none,ok,3,True,T1,True,0.5714,1.0,0.5714
R00949,3,UNTOUCHED,T1,none,ok,3,True,T1,True,0.6875,0.5789,0.4583
R00950,0,CLONE_INTERVAL,T1,t1_add_eol_comment,ok,1,True,T1,True,1.0,0.3448,0.3448
R00950,1,MUTATION,T1,t1_add_eol_comment,ok,1,False,,False,0.0,0.0,0.0
R00950,2,UNTOUCHED,T1,none,ok,1,True,T1,True,0.7143,0.2273,0.2083
R00950,3,UNTOUCHED,T1,none,ok,1,True,T1,True,0.6667,0.0909,0.087
R00951,0,CLONE_INTERVAL,T3,t3_wrap_statement,ok,1,True,T3,True,1.0,0.4667,0.4667
R00951,1,MUTATION,T3,t3_wrap_statement,ok,3,True,T3,True,1.0,1.0,1.0
R00951,2,UNTOUCHED,T1,none,ok,3,True,T1,True,0.6667,0.4,0.3333
R00951,3,UNTOUCHED,T1,none,ok,3,True,T1,True,0.5714,0.5714,0.4
R00952,0,CLONE_INTERVAL,T2,t2_rename_local,ok,1,False,,False,0.25,0.1333,0.0952
R00952,1,MUTATION,T2,t2_rename_local,ok,3,True,T2,True,0.25,1.0,0.25
R00952,2,UNTOUCHED,T1,none,ok,3,True,T1,True,0.3333,1.0,0.3333
R00952,3,UNTOUCHED,T1,none,ok,3,True,T1,True,0.4,1.0,0.4
R00953,0,CLONE_INTERVAL,T1,t1_add_eol_comment,ok,1,True,T1,True,1.0,0.5,0.5
R00953,1,MUTATION,T1,t1_add_eol_comment,ok,1,True,T1,True,1.0,0.0455,0.0455
R00953,2,UNTOUCHED,T1,none,ok,1,True,T1,True,0.6667,0.0909,0.087
R00953,3,UNTOUCHED,T1,none,ok,1,True,T1,True,0.6,0.4091,0.3214
R00954,0,CLONE_INTERVAL,T3,t3_delete_statement,ok,1,True,T3,True,1.0,0.36,0.36
R00954,1,MUTATION,T3,t3_delete_statement,ok,3,True,T3,True,1.0,1.0,1.0
R00954,2,UNTOUCHED,T1,none,ok,3,True,T1,True,0.6,0.6,0.4286
R00954,3,UNTOUCHED,T1,none,ok,3,True,T1,True,0.625,0.625,0.4545
R00955,0,CLONE_INTERVAL,T1,t1_reindent,ok,1,True,T1,True,1.0,0.3333,0.3333
R00955,1,MUTATION,T1,t1_reindent,ok,1,True,T1,True,0.7143,0.3125,0.2778
R00955,2,UNTOUCHED,T1,none,ok,1,True,T1,True,0.75,0.1875,0.1765
R00955,3,UNTOUCHED,T1,none,ok,1,True,T1,True,0.5714,0.5,0.3636
R00956,0,CLONE_INTERVAL,T2,t2_rename_local,ok,1,True,T2,True,0.9545,0.4565,0.4468
R00956,1,MUTATION,T2,t2_rename_local,ok,13,True,T1,False,0.1111,1.0,0.1111
R00956,2,UNTOUCHED,T1,none,ok,13,True,T1,True,0.4286,0.75,0.375
R00956,3,UNTOUCHED,T1,none,ok,13,True,T1,True,0.625,0.9375,0.6
R00957,0,CLONE_INTERVAL,T2,t2_change_int_literal,ok,1,True,T2,True,1.0,0.5,0.5
R00957,1,MUTATION,T2,t2_change_int_literal,ok,3,True,T2,True,1.0,1.0,1.0
R00957,2,UNTOUCHED,T1,none,ok,3,True,T1,True,0.6667,1.0,0.6667
R00957,3,UNTOUCHED,T1,none,ok,3,True,T1,True,0.6,0.4286,0.3333
R00958,0,CLONE_INTERVAL,T3,t3_insert_statement,ok,1,True,T3,True,0.8571,0.3333,0.3158
R00958,1,MUTATION,T3,t3_insert_statement,ok,4,True,T2,False,1.0,1.0,1.0
R00958,2,UNTOUCHED,T1,none,ok,4,True,T1,True,0.6667,0.2857,0.25
R00958,3,UNTOUCHED,T1,none,ok,4,True,T1,True,0.6364,1.0,0.6364
R00959,0,CLONE_INTERVAL,T1,t1_add_block_comment,ok,1,True,T1,True,0.8889,0.4211,0.4
R00959,1,MUTATION,T1,t1_add_block_comment,ok,1,False,,False,0.0,0.0,0.0
R00959,2,UNTOUCHED,T1,none,ok,1,True,T1,True,0.9,0.5294,0.5
R00959,3,UNTOUCHED,T1,none,ok,1,True,T1,True,0.6667,0.1176,0.1111
R00960,0,CLONE_INTERVAL,T2,t2_rename_local,ok,1,True,T2,True,1.0,0.5,0.5
R00960,1,MUTATION,T2,t2_rename_local,ok,3,True,T2,True,1.0,1.0,1.0
R00960,2,UNTOUCHED,T1,none,ok,3,True,T1,True,0.3333,0.5,0.25
R00960,3,UNTOUCHED,T1,none,ok,3,True,T1,True,0.5,0.6,0.375
R00961,0,CLONE_INTERVAL,T1,t1_reindent,ok,1,True,T1,True,1.0,0.4615,0.4615
R00961,1,MUTATION,T1,t1_reindent,ok,1,True,T1,True,0.8333,0.4167,0.3846
R00961,2,UNTOUCHED,T1,none,ok,1,True,T1,True,0.8571,0.5,0.4615
R00961,3,UNTOUCHED,T1,none,ok,1,True,T1,True,0.3333,0.0833,0.0714
R00962,0,CLONE_INTERVAL,T3,t3_wrap_statement,ok,1,True,T3,True,1.0,0.4286,0.4286
R00962,1,MUTATION,T3,t3_wrap_statement,ok,3,True,T3,True,1.0,1.0,1.0
R00962,2,UNTOUCHED,T1,none,ok,3,True,T1,True,0.8333,0.5,0.4545
R00962,3,UNTOUCHED,T1,none,ok,3,True,T1,True,0.75,0.75,0.6
R00963,0,CLONE_INTERVAL,T1,t1_add_eol_comment,ok,1,True,T1,True,1.0,0.4286,0.4286
R00963,1,MUTATION,T1,t1_add_eol_comment,ok,1,True,T1,True,1.0,0.0833,0.0833
R00963,2,UNTOUCHED,T1,none,ok,1,True,T1,True,0.6667,0.1667,0.1538
R00963,3,UNTOUCHED,T1,none,ok,1,True,T1,True,0.7143,0.4167,0.3571
R00964,0,CLONE_INTERVAL,T1,t1_reindent,ok,1,True,T1,True,1.0,0.6842,0.6842
R00964,1,MUTATION,T1,t1_reindent,ok,1,True,T1,True,0.7692,0.6667,0.5556
R00964,2,UNTOUCHED,T1,none,ok,1,True,T1,True,0.75,0.2,0.1875
R00964,3,UNTOUCHED,T1,none,ok,1,True,T1,True,0.5,0.1333,0.1176
R00965,0,CLONE_INTERVAL,T2,t2_rename_local,ok,1,True,T2,True,1.0,0.2069,0.2069
R00965,1,MUTATION,T2,t2_rename_local,ok,5,True,T2,True,0.5,1.0,0.5
R00965,2,UNTOUCHED,T1,none,ok,5,True,T1,True,0.75,1.0,0.75
R00965,3,UNTOUCHED,T1,none,ok,5,True,T1,True,0.7143,0.9375,0.6818
R00966,0,CLONE_INTERVAL,T3,t3_delete_statement,ok,1,True,T3,True,1.0,0.5,0.5
R00966,1,MUTATION,T3,t3_delete_statement,ok,3,True,T3,True,1.0,1.0,1.0
R00966,2,UNTOUCHED,T1,none,ok,3,True,T1,True,0.3333,0.5,0.25
R00966,3,UNTOUCHED,T1,none,ok,3,True,T1,True,0.6667,0.5,0.4
R00967,0,CLONE_INTERVAL,T1,t1_add_block_comment,ok,1,True,T1,True,1.0,0.2609,0.2609
R00967,1,MUTATION,T1,t1_add_block_comment,ok,1,True,T1,True,1.0,0.0476,0.0476
R00967,2,UNTOUCHED,T1,none,ok,1,True,T1,True,0.6667,0.0952,0.0909
R00967,3,UNTOUCHED,T1,none,ok,1,True,T1,True,0.8125,0.619,0.5417
R00968,0,CLONE_INTERVAL,T1,t1_add_eol_comment,ok,1,True,T1,True,1.0,0.1143,0.1143
R00968,1,MUTATION,T1,t1_add_eol_comment,ok,1,False,,False,0.0,0.0,0.0
R00968,2,UNTOUCHED,T1,none,ok,1,True,T1,True,0.6667,0.0702,0.0678
R00968,3,UNTOUCHED,T1,none,ok,1,True,T1,True,0.6667,0.1404,0.1311
R00969,0,CLONE_INTERVAL,T1,t1_add_blank_line,ok,1,True,T1,True,1.0,0.4286,0.4286
R00969,1,MUTATION,T1,t1_add_blank_line,ok,1,True,T1,True,1.0,0.0556,0.0556
R00969,2,UNTOUCHED,T1,none,ok,1,True,T1,True,0.75,0.1667,0.1579
R00969,3,UNTOUCHED,T1,none,ok,1,True,T1,True,0.7,0.3889,0.3333
R00970,0,CLONE_INTERVAL,T1,t1_reindent,ok,1,True,T1,True,1.0,0.3191,0.3191
R00970,1,MUTATION,T1,t1_reindent,ok,1,True,T1,True,0.7333,0.3056,0.275
R00970,2,UNTOUCHED,T1,none,ok,1,True,T1,True,0.8333,0.1389,0.1351
R00970,3,UNTOUCHED,T1,none,ok,1,True,T1,True,0.5385,0.1944,0.1667
R00971,0,CLONE_INTERVAL,T3,t3_wrap_statement,ok,1,True,T3,True,1.0,0.0693,0.0693
R00971,1,MUTATION,T3,t3_wrap_statement,ok,5,True,T3,True,1.0,1.0,1.0
R00971,2,UNTOUCHED,T1,none,ok,5,True,T1,True,0.625,1.0,0.625
R00971,3,UNTOUCHED,T1,none,ok,5,True,T1,True,0.5714,0.0597,0.0571
R00972,0,CLONE_INTERVAL,T1,t1_add_block_comment,ok,1,True,T1,True,1.0,0.3684,0.3684
R00972,1,MUTATION,T1,t1_add_block_comment,ok,1,False,,False,0.0,0.0,0.0
R00972,2,UNTOUCHED,T1,none,ok,1,True,T1,True,0.6667,0.1333,0.125
R00972,3,UNTOUCHED,T1,none,ok,1,True,T1,True,0.7273,0.5333,0.4444
R00973,0,CLONE_INTERVAL,T1,t1_add_blank_line,ok,1,True,T1,True,1.0,0.5,0.5
R00973,1,MUTATION,T1,t1_add_blank_line,ok,1,True,T1,True,1.0,0.0385,0.0385
R00973,2,UNTOUCHED,T1,none,ok,1,True,T1,True,0.8,0.1538,0.1481
R00973,3,UNTOUCHED,T1,none,ok,1,True,T1,True,0.6429,0.3462,0.2903
R00974,0,CLONE_INTERVAL,T3,t3_wrap_statement,ok,1,True,T3,True,1.0,0.25,0.25
R00974,1,MUTATION,T3,t3_wrap_statement,ok,3,True,T3,True,1.0,1.0,1.0
R00974,2,UNTOUCHED,T1,none,ok,3,True,T1,True,0.7,0.875,0.6364
R00974,3,UNTOUCHED,T1,none,ok,3,True,T1,True,0.7,0.6364,0.5
R00975,0,CLONE_INTERVAL,T2,t2_change_string_literal,ok,1,True,T2,True,0.75,0.2857,0.2609
R00975,1,MUTATION,T2,t2_change_string_literal,ok,3,True,T2,True,1.0,1.0,1.0
R00975,2,UNTOUCHED,T1,none,ok,3,True,T1,True,0.7143,1.0,0.7143
R00975,3,UNTOUCHED,T1,none,ok,3,True,T1,True,0.625,0.6667,0.4762
R00976,0,CLONE_INTERVAL,T2,t2_change_int_literal,ok,1,True,T2,True,0.8333,0.3846,0.3571
R00976,1,MUTATION,T2,t2_change_int_literal,ok,3,True,T2,True,1.0,1.0,1.0
R00976,2,UNTOUCHED,T1,none,ok,3,True,T1,True,0.4,0.5,0.2857
R00976,3,UNTOUCHED,T1,none,ok,3,True,T1,True,0.7143,0.8333,0.625
R00977,0,CLONE_INTERVAL,T3,t3_wrap_statement,ok,1,True,T3,True,1.0,0.6,0.6
R00977,1,MUTATION,T3,t3_wrap_statement,ok,3,True,T3,True,1.0,1.0,1.0
R00977,2,UNTOUCHED,T1,none,ok,3,True,T1,True,0.75,0.75,0.6
R00977,3,UNTOUCHED,T1,none,ok,3,True,T1,True,0.5,0.2727,0.2143
R00978,0,CLONE_INTERVAL,T3,t3_wrap_statement,ok,1,True,T3,True,1.0,0.375,0.375
R00978,1,MUTATION,T3,t3_wrap_statement,ok,3,True,T3,True,1.0,1.0,1.0
R00978,2,UNTOUCHED,T1,none,ok,3,True,T1,True,0.6667,0.5,0.4
R00978,3,UNTOUCHED,T1,none,ok,3,True,T1,True,0.5556,0.625,0.4167
R00979,0,CLONE_INTERVAL,T1,t1_add_eol_comment,ok,1,True,T1,True,1.0,0.4615,0.4615
R00979,1,MUTATION,T1,t1_add_eol_comment,ok,1,True,T1,True,1.0,0.1,0.1
R00979,2,UNTOUCHED,T1,none,ok,1,True,T1,True,0.3333,0.1,0.0833
R00979,3,UNTOUCHED,T1,none,ok,1,True,T1,True,0.5714,0.4,0.3077
R00980,0,CLONE_INTERVAL,T2,t2_rename_local,ok,1,True,T2,True,1.0,0.7586,0.7586
R00980,1,MUTATION,T2,t2_rename_local,ok,9,True,T2,True,0.1765,1.0,0.1765
R00980,2,UNTOUCHED,T1,none,ok,9,True,T1,True,0.6667,0.5,0.4
R00980,3,UNTOUCHED,T1,none,ok,9,True,T1,True,0.5,0.75,0.4286
R00981,0,CLONE_INTERVAL,T3,t3_insert_statement,ok,1,True,T3,True,1.0,0.6471,0.6471
R00981,1,MUTATION,T3,t3_insert_statement,ok,4,True,T2,False,1.0,1.0,1.0
R00981,2,UNTOUCHED,T1,none,ok,4,True,T1,True,0.75,0.6,0.5
R00981,3,UNTOUCHED,T1,none,ok,4,True,T1,True,0.75,0.4286,0.375
R00982,0,CLONE_INTERVAL,T1,t1_add_block_comment,ok,1,True,T1,True,1.0,0.75,0.75
R00982,1,MUTATION,T1,t1_add_block_comment,ok,1,True,T1,True,1.0,0.0625,0.0625
R00982,2,UNTOUCHED,T1,none,ok,1,True,T1,True,0.8,0.25,0.2353
R00982,3,UNTOUCHED,T1,none,ok,1,True,T1,True,0.25,0.0625,0.0526
R00983,0,CLONE_INTERVAL,T1,t1_reindent,ok,1,True,T1,True,1.0,0.7059,0.7059
R00983,1,MUTATION,T1,t1_reindent,ok,1,True,T1,True,0.6667,0.6667,0.5
R00983,2,UNTOUCHED,T1,none,ok,1,True,T1,True,0.6667,0.1667,0.1538
R00983,3,UNTOUCHED,T1,none,ok,1,True,T1,True,0.5,0.1667,0.1429
R00984,0,CLONE_INTERVAL,T2,t2_change_int_literal,ok,1,True,T2,True,1.0,0.15,0.15
R00984,1,MUTATION,T2,t2_change_int_literal,ok,3,True,T2,True,1.0,1.0,1.0
R00984,2,UNTOUCHED,T1,none,ok,3,True,T1,True,0.6667,0.2857,0.25
R00984,3,UNTOUCHED,T1,none,ok,3,True,T1,True,0.7273,1.0,0.7273
R00985,0,CLONE_INTERVAL,T1,t1_reindent,ok,1,True,T1,True,1.0,0.3333,0.3333
R00985,1,MUTATION,T1,t1_reindent,ok,1,True,T1,True,0.8333,0.3333,0.3125
R00985,2,UNTOUCHED,T1,none,ok,1,True,T1,True,0.6667,0.1333,0.125
R00985,3,UNTOUCHED,T1,none,ok,1,True,T1,True,0.7273,0.5333,0.4444
R00986,0,CLONE_INTERVAL,T2,t2_rename_local,ok,1,True,T2,True,1.0,0.3214,0.3214
R00986,1,MUTATION,T2,t2_rename_local,ok,3,True,T2,True,1.0,1.0,1.0
R00986,2,UNTOUCHED,T1,none,ok,3,True,T1,True,0.3333,0.1429,0.1111
R00986,3,UNTOUCHED,T1,none,ok,3,True,T1,True,0.5,0.5,0.3333
R00987,0,CLONE_INTERVAL,T1,t1_reindent,ok,2,True,T1,True,1.0,0.0659,0.0659
R00987,1,MUTATION,T1,t1_reindent,ok,2,True,T1,True,0.8333,0.0633,0.0625
R00987,2,UNTOUCHED,T1,none,ok,2,True,T1,True,0.625,0.0633,0.061
R00987,3,UNTOUCHED,T1,none,ok,2,True,T1,True,0.6667,0.0759,0.0732
R00988,0,CLONE_INTERVAL,T1,t1_add_eol_comment,ok,1,True,T1,True,1.0,0.24,0.24
R00988,1,MUTATION,T1,t1_add_eol_comment,ok,1,True,T1,True,1.0,0.0476,0.0476
R00988,2,UNTOUCHED,T1,none,ok,1,True,T1,True,0.6667,0.0952,0.0909
R00988,3,UNTOUCHED,T1,none,ok,1,True,T1,True,0.7222,0.619,0.5
R00989,0,CLONE_INTERVAL,T1,t1_add_eol_comment,ok,1,True,T1,True,1.0,0.3158,0.3158
R00989,1,MUTATION,T1,t1_add_eol_comment,ok,1,True,T1,True,1.0,0.0588,0.0588
R00989,2,UNTOUCHED,T1,none,ok,1,True,T1,True,0.6667,0.1176,0.1111
R00989,3,UNTOUCHED,T1,none,ok,1,True,T1,True,0.6,0.1765,0.1579
R00990,0,CLONE_INTERVAL,T2,t2_rename_local,ok,1,True,T2,True,1.0,0.4737,0.4737
R00990,1,MUTATION,T2,t2_rename_local,ok,5,True,T1,False,0.4286,1.0,0.4286
R00990,2,UNTOUCHED,T1,none,ok,5,True,T1,True,0.5,1.0,0.5
R00990,3,UNTOUCHED,T1,none,ok,5,True,T1,True,0.5,0.8,0.4444
R00991,0,CLONE_INTERVAL,T3,t3_delete_statement,ok,1,True,T3,True,1.0,0.5,0.5
R00991,1,MUTATION,T3,t3_delete_statement,ok,3,True,T3,True,1.0,1.0,1.0
R00991,2,UNTOUCHED,T1,none,ok,3,True,T1,True,0.6667,0.3333,0.2857
R00991,3,UNTOUCHED,T1,none,ok,3,True,T1,True,0.5,1.0,0.5
R00992,0,CLONE_INTERVAL,T1,t1_add_blank_line,ok,1,True,T1,True,0.8571,0.5455,0.5
R00992,1,MUTATION,T1,t1_add_blank_line,ok,1,False,,False,0.0,0.0,0.0
R00992,2,UNTOUCHED,T1,none,ok,1,True,T1,True,0.6667,0.1818,0.1667
R00992,3,UNTOUCHED,T1,none,ok,1,True,T1,True,0.75,0.2727,0.25
R00993,0,CLONE_INTERVAL,T1,t1_add_blank_line,ok,1,True,T1,True,1.0,0.2368,0.2368
R00993,1,MUTATION,T1,t1_add_blank_line,ok,1,False,,False,0.0,0.0,0.0
R00993,2,UNTOUCHED,T1,none,ok,1,True,T1,True,0.6667,0.0667,0.0645
R00993,3,UNTOUCHED,T1,none,ok,1,True,T1,True,0.6667,0.0667,0.0645
R00994,0,CLONE_INTERVAL,T3,t3_delete_statement,ok,1,True,T3,True,1.0,0.2381,0.2381
R00994,1,MUTATION,T3,t3_delete_statement,ok,4,True,T2,False,1.0,1.0,1.0
R00994,2,UNTOUCHED,T1,none,ok,4,True,T1,True,0.6667,0.4,0.3333
R00994,3,UNTOUCHED,T1,none,ok,4,True,T1,True,0.7333,0.9167,0.6875
R00995,0,CLONE_INTERVAL,T2,t2_change_string_literal,ok,1,True,T2,True,1.0,0.4828,0.4828
R00995,1,MUTATION,T2,t2_change_string_literal,ok,3,True,T2,True,1.0,1.0,1.0
R00995,2,UNTOUCHED,T1,none,ok,3,True,T1,True,0.6667,0.3333,0.2857
R00995,3,UNTOUCHED,T1,none,ok,3,True,T1,True,0.7143,0.5882,0.4762
R00996,0,CLONE_INTERVAL,T1,t1_add_block_comment,ok,1,True,T1,True,0.8889,0.6667,0.6154
R00996,1,MUTATION,T1,t1_add_block_comment,ok,1,False,,False,0.0,0.0,0.0
R00996,2,UNTOUCHED,T1,none,ok,1,True,T1,True,0.6667,0.1818,0.1667
R00996,3,UNTOUCHED,T1,none,ok,1,True,T1,True,0.3333,0.0909,0.0769
R00997,0,CLONE_INTERVAL,T3,t3_delete_statement,ok,1,True,T3,True,1.0,0.2778,0.2778
R00997,1,MUTATION,T3,t3_delete_statement,ok,3,True,T3,True,1.0,1.0,1.0
R00997,2,UNTOUCHED,T1,none,ok,3,True,T1,True,0.8,0.5,0.4444
R00997,3,UNTOUCHED,T1,none,ok,3,True,T1,True,0.7,1.0,0.7
R00998,0,CLONE_INTERVAL,T3,t3_delete_statement,ok,1,True,T3,True,1.0,0.4167,0.4167
R00998,1,MUTATION,T3,t3_delete_statement,ok,3,True,T3,True,1.0,1.0,1.0
R00998,2,UNTOUCHED,T1,none,ok,3,True,T1,True,0.3333,0.5,0.25
R00998,3,UNTOUCHED,T1,none,ok,3,True,T1,True,0.7143,0.625,0.5
R00999,0,CLONE_INTERVAL,T2,t2_rename_local,ok,1,True,T2,True,1.0,0.24,0.24
R00999,1,MUTATION,T2,t2_rename_local,ok,3,True,T2,True,1.0,1.0,1.0
R00999,2,UNTOUCHED,T1,none,ok,3,True,T1,True,0.75,1.0,0.75
R00999,3,UNTOUCHED,T1,none,ok,3,True,T1,True,0.8235,0.8235,0.7
